Names Translation Tables (<short name> - <original name>):
Wells:
   W1 - WR
   W2 - WP
Bimolecular products:
   P1 - C5H5CH3-1+OH
   P2 - C5H5CH2-1+H2O
Inner Barriers:
   B1 - B2
Outer Barriers:
   C1 - B1
   C2 - B3
pressure[atm]        = 0.01
temperature[K]           = 500
energy step[1/cm]        = 69.5
maximum energy[kcal/mol] = 33.5

bimolecular PEDs:
   E, kcal    P1->P2
      33.5  8.35e+19
      33.3  9.18e+19
      33.1  1.01e+20
      32.9  1.11e+20
      32.7  1.22e+20
      32.5  1.34e+20
      32.3  1.47e+20
      32.1  1.61e+20
      31.9  1.76e+20
      31.7  1.93e+20
      31.5  2.12e+20
      31.3  2.32e+20
      31.1  2.54e+20
      30.9  2.78e+20
      30.7  3.04e+20
      30.5  3.32e+20
      30.3  3.63e+20
      30.1  3.96e+20
      29.9  4.32e+20
      29.7  4.72e+20
      29.5  5.14e+20
      29.3  5.61e+20
      29.1  6.11e+20
      28.9  6.65e+20
      28.7  7.24e+20
      28.5  7.88e+20
      28.4  8.57e+20
      28.2  9.31e+20
        28  1.01e+21
      27.8   1.1e+21
      27.6  1.19e+21
      27.4  1.29e+21
      27.2   1.4e+21
        27  1.52e+21
      26.8  1.65e+21
      26.6  1.78e+21
      26.4  1.93e+21
      26.2  2.09e+21
        26  2.25e+21
      25.8  2.44e+21
      25.6  2.63e+21
      25.4  2.84e+21
      25.2  3.06e+21
        25   3.3e+21
      24.8  3.55e+21
      24.6  3.82e+21
      24.4  4.11e+21
      24.2  4.42e+21
        24  4.75e+21
      23.8   5.1e+21
      23.6  5.48e+21
      23.4  5.87e+21
      23.2   6.3e+21
        23  6.74e+21
      22.8  7.22e+21
      22.6  7.72e+21
      22.4  8.25e+21
      22.2  8.82e+21
        22  9.41e+21
      21.8     1e+22
      21.6  1.07e+22
      21.4  1.14e+22
      21.2  1.21e+22
        21  1.29e+22
      20.8  1.37e+22
      20.6  1.46e+22
      20.4  1.55e+22
      20.2  1.64e+22
        20  1.74e+22
      19.8  1.84e+22
      19.6  1.94e+22
      19.4  2.05e+22
      19.2  2.17e+22
        19  2.29e+22
      18.8  2.41e+22
      18.6  2.54e+22
      18.4  2.67e+22
      18.2  2.81e+22
        18  2.95e+22
      17.8   3.1e+22
      17.6  3.25e+22
      17.4   3.4e+22
      17.2  3.56e+22
        17  3.72e+22
      16.8  3.88e+22
      16.6  4.05e+22
      16.4  4.22e+22
      16.2  4.39e+22
        16  4.56e+22
      15.8  4.73e+22
      15.6  4.91e+22
      15.4  5.09e+22
      15.2  5.26e+22
        15  5.44e+22
      14.8  5.61e+22
      14.6  5.78e+22
      14.4  5.95e+22
      14.2  6.12e+22
        14  6.28e+22
      13.8  6.44e+22
      13.6   6.6e+22
      13.4  6.74e+22
      13.2  6.88e+22
        13  7.02e+22
      12.9  7.14e+22
      12.7  7.25e+22
      12.5  7.36e+22
      12.3  7.45e+22
      12.1  7.53e+22
      11.9   7.6e+22
      11.7  7.66e+22
      11.5   7.7e+22
      11.3  7.73e+22
      11.1  7.74e+22
      10.9  7.74e+22
      10.7  7.72e+22
      10.5  7.69e+22
      10.3  7.63e+22
      10.1  7.57e+22
      9.87  7.48e+22
      9.67  7.38e+22
      9.47  7.26e+22
      9.27  7.13e+22
      9.08  6.98e+22
      8.88  6.81e+22
      8.68  6.63e+22
      8.48  6.43e+22
      8.28  6.23e+22
      8.08     6e+22
      7.88  5.77e+22
      7.68  5.53e+22
      7.49  5.28e+22
      7.29  5.02e+22
      7.09  4.75e+22
      6.89  4.47e+22
      6.69   4.2e+22
      6.49  3.92e+22
      6.29  3.64e+22
      6.09  3.37e+22
       5.9  3.09e+22
       5.7  2.83e+22
       5.5  2.57e+22
       5.3  2.32e+22
       5.1  2.08e+22
       4.9  1.85e+22
       4.7  1.63e+22
       4.5  1.42e+22
      4.31  1.23e+22
      4.11  1.05e+22
      3.91  8.92e+21
      3.71  7.44e+21
      3.51  6.11e+21
      3.31  4.94e+21
      3.11  3.91e+21
      2.91  3.03e+21
      2.72  2.29e+21
      2.52  1.68e+21
      2.32  1.19e+21
      2.12  8.07e+20
      1.92  5.21e+20
      1.72  3.17e+20
      1.52  1.79e+20
      1.33  9.11e+19
      1.13  4.03e+19
     0.928  1.52e+19
     0.729  3.85e+18
      0.53  8.52e+17
     0.332   1.2e+17
     0.133  -1.4e+15
   -0.0659  4.96e+17
    -0.265 -3.35e+17
    -0.463  2.73e+17
    -0.662  -2.2e+17
    -0.861  4.38e+17
     -1.06 -2.25e+17
     -1.26 -2.08e+17
     -1.46 -6.15e+16
     -1.66  -1.8e+17
     -1.85  1.27e+17
     -2.05  1.09e+17
     -2.25 -5.52e+16
     -2.45  2.11e+17
     -2.65  5.21e+17
     -2.85  3.99e+17
     -3.05 -3.58e+17
     -3.25 -2.09e+17
     -3.44 -4.84e+17
     -3.64  1.62e+17
     -3.84  5.36e+17
     -4.04  2.18e+17
     -4.24  7.29e+16
     -4.44 -4.55e+17
     -4.64 -1.15e+17
     -4.84  -3.5e+17
     -5.03  1.01e+18
     -5.23 -5.74e+16
     -5.43 -6.99e+17
     -5.63  3.76e+17
     -5.83  2.14e+17
     -6.03 -4.08e+17
     -6.23 -4.97e+17
     -6.42  1.17e+18
     -6.62 -4.15e+17
     -6.82  1.15e+18
     -7.02 -1.42e+18
     -7.22 -1.32e+18
     -7.42  9.29e+17
     -7.62  8.59e+17
     -7.82 -6.21e+17
     -8.01  2.03e+17
     -8.21 -1.08e+17
     -8.41 -1.36e+18
     -8.61 -4.96e+16
     -8.81 -7.52e+17
     -9.01  1.45e+18
     -9.21 -7.28e+17
     -9.41  1.24e+18
      -9.6  9.79e+17
      -9.8  1.02e+18
       -10 -1.51e+18
     -10.2   4.6e+18
     -10.4  1.31e+18
     -10.6 -1.25e+18
     -10.8  3.22e+18
       -11  3.68e+18
     -11.2 -3.85e+18
     -11.4  2.11e+18
     -11.6 -3.36e+18
     -11.8  1.17e+18
       -12  2.27e+18
     -12.2 -1.56e+18
     -12.4  8.27e+16
     -12.6 -8.06e+15
     -12.8  1.86e+18
       -13 -6.38e+17
     -13.2  1.13e+18
     -13.4  -2.8e+18
     -13.6  1.17e+18
     -13.8  2.96e+18
       -14 -2.28e+18
     -14.2   2.2e+18
     -14.4  5.83e+18
     -14.6 -2.63e+18
     -14.8  3.87e+18
       -15 -1.57e+18
     -15.2 -6.73e+17
     -15.4  4.03e+18
     -15.6 -3.49e+18
     -15.8  5.24e+18
       -16 -1.63e+18
     -16.2 -1.14e+19
     -16.4  1.03e+19
     -16.6 -1.56e+19
     -16.8 -1.46e+19
       -17  1.57e+19
     -17.2 -1.01e+19
     -17.4   7.8e+18
     -17.6  1.93e+19
     -17.8 -8.89e+18
       -18 -1.71e+18
     -18.1  3.21e+18
     -18.3  1.24e+19
     -18.5 -8.29e+17
     -18.7  3.04e+19
     -18.9  1.01e+19
     -19.1 -1.63e+19
     -19.3 -6.53e+18
     -19.5 -1.54e+19
     -19.7  8.75e+17
     -19.9 -6.82e+18
     -20.1   1.9e+19
     -20.3  1.29e+19
     -20.5  2.08e+19
     -20.7  2.12e+19
     -20.9  4.72e+18
     -21.1 -7.24e+18
     -21.3  4.04e+18
     -21.5  -3.6e+18
     -21.7  3.83e+18
     -21.9  1.86e+19
     -22.1  3.97e+18
     -22.3 -6.23e+17
     -22.5  6.84e+18
     -22.7   2.2e+19
     -22.9  2.93e+19
     -23.1  8.83e+19
     -23.3  4.07e+19
     -23.5 -4.28e+16
     -23.7  -5.4e+18
     -23.9  3.91e+19
     -24.1 -2.31e+19
     -24.3 -9.75e+18
     -24.5  6.11e+19
     -24.7  1.61e+19
     -24.9  1.01e+19
     -25.1  5.74e+19
     -25.3  5.94e+18
     -25.5 -8.98e+18
     -25.7  2.23e+19
     -25.9  8.65e+18
     -26.1  3.11e+19
     -26.3  3.86e+19
     -26.5 -2.09e+19
     -26.7  1.73e+19
     -26.9 -1.37e+19
     -27.1  2.48e+18
     -27.3 -3.87e+18
     -27.5 -4.01e+18
     -27.7 -9.57e+19
     -27.9  4.63e+18
     -28.1  2.86e+19
     -28.3  1.03e+20
     -28.5  4.22e+19
     -28.7 -3.79e+19
     -28.9 -2.24e+19
     -29.1  -7.7e+19
     -29.3  4.27e+19
     -29.5 -3.54e+19
     -29.7  2.71e+19
     -29.9 -7.27e+19
     -30.1 -1.24e+19
     -30.3 -1.68e+19
     -30.5  3.68e+19
     -30.7  2.03e+19
     -30.9  4.99e+19
     -31.1  8.99e+18
     -31.3    -7e+19
     -31.5 -1.92e+19
     -31.7  1.22e+19
     -31.9  5.32e+19
     -32.1  2.91e+18
     -32.3  2.91e+19
     -32.5  1.88e+19
     -32.7  1.04e+19
     -32.9 -2.48e+19
     -33.1   1.6e+19
     -33.3 -5.65e+18
     -33.5 -2.62e+18
     -33.6 -2.82e+19
     -33.8 -4.04e+19
       -34  -5.9e+18
     -34.2  2.25e+18
     -34.4  3.62e+19
     -34.6  3.02e+19
     -34.8  1.12e+19
       -35  2.31e+19
     -35.2  2.06e+19
     -35.4  1.82e+19
     -35.6 -2.71e+19
     -35.8 -3.47e+18
       -36  8.07e+18
     -36.2 -4.17e+19
     -36.4  1.85e+18

pressure[atm]        = 0.1
temperature[K]           = 500
energy step[1/cm]        = 69.5
maximum energy[kcal/mol] = 33.5

bimolecular PEDs:
   E, kcal    P1->P2
      33.5  8.35e+19
      33.3  9.18e+19
      33.1  1.01e+20
      32.9  1.11e+20
      32.7  1.22e+20
      32.5  1.34e+20
      32.3  1.47e+20
      32.1  1.61e+20
      31.9  1.76e+20
      31.7  1.93e+20
      31.5  2.12e+20
      31.3  2.32e+20
      31.1  2.54e+20
      30.9  2.78e+20
      30.7  3.04e+20
      30.5  3.32e+20
      30.3  3.63e+20
      30.1  3.96e+20
      29.9  4.32e+20
      29.7  4.72e+20
      29.5  5.14e+20
      29.3  5.61e+20
      29.1  6.11e+20
      28.9  6.65e+20
      28.7  7.24e+20
      28.5  7.88e+20
      28.4  8.57e+20
      28.2  9.31e+20
        28  1.01e+21
      27.8   1.1e+21
      27.6  1.19e+21
      27.4  1.29e+21
      27.2   1.4e+21
        27  1.52e+21
      26.8  1.65e+21
      26.6  1.78e+21
      26.4  1.93e+21
      26.2  2.09e+21
        26  2.25e+21
      25.8  2.44e+21
      25.6  2.63e+21
      25.4  2.84e+21
      25.2  3.06e+21
        25   3.3e+21
      24.8  3.55e+21
      24.6  3.82e+21
      24.4  4.11e+21
      24.2  4.42e+21
        24  4.75e+21
      23.8   5.1e+21
      23.6  5.48e+21
      23.4  5.87e+21
      23.2   6.3e+21
        23  6.74e+21
      22.8  7.22e+21
      22.6  7.72e+21
      22.4  8.25e+21
      22.2  8.82e+21
        22  9.41e+21
      21.8     1e+22
      21.6  1.07e+22
      21.4  1.14e+22
      21.2  1.21e+22
        21  1.29e+22
      20.8  1.37e+22
      20.6  1.46e+22
      20.4  1.55e+22
      20.2  1.64e+22
        20  1.74e+22
      19.8  1.84e+22
      19.6  1.94e+22
      19.4  2.05e+22
      19.2  2.17e+22
        19  2.29e+22
      18.8  2.41e+22
      18.6  2.54e+22
      18.4  2.67e+22
      18.2  2.81e+22
        18  2.95e+22
      17.8   3.1e+22
      17.6  3.25e+22
      17.4   3.4e+22
      17.2  3.56e+22
        17  3.72e+22
      16.8  3.88e+22
      16.6  4.05e+22
      16.4  4.22e+22
      16.2  4.39e+22
        16  4.56e+22
      15.8  4.73e+22
      15.6  4.91e+22
      15.4  5.09e+22
      15.2  5.26e+22
        15  5.44e+22
      14.8  5.61e+22
      14.6  5.78e+22
      14.4  5.95e+22
      14.2  6.12e+22
        14  6.28e+22
      13.8  6.44e+22
      13.6   6.6e+22
      13.4  6.74e+22
      13.2  6.88e+22
        13  7.02e+22
      12.9  7.14e+22
      12.7  7.25e+22
      12.5  7.36e+22
      12.3  7.45e+22
      12.1  7.53e+22
      11.9   7.6e+22
      11.7  7.66e+22
      11.5   7.7e+22
      11.3  7.73e+22
      11.1  7.74e+22
      10.9  7.74e+22
      10.7  7.72e+22
      10.5  7.69e+22
      10.3  7.63e+22
      10.1  7.57e+22
      9.87  7.48e+22
      9.67  7.38e+22
      9.47  7.26e+22
      9.27  7.13e+22
      9.08  6.98e+22
      8.88  6.81e+22
      8.68  6.63e+22
      8.48  6.43e+22
      8.28  6.23e+22
      8.08     6e+22
      7.88  5.77e+22
      7.68  5.53e+22
      7.49  5.28e+22
      7.29  5.02e+22
      7.09  4.75e+22
      6.89  4.47e+22
      6.69   4.2e+22
      6.49  3.92e+22
      6.29  3.64e+22
      6.09  3.37e+22
       5.9  3.09e+22
       5.7  2.83e+22
       5.5  2.57e+22
       5.3  2.32e+22
       5.1  2.08e+22
       4.9  1.85e+22
       4.7  1.63e+22
       4.5  1.42e+22
      4.31  1.23e+22
      4.11  1.05e+22
      3.91  8.92e+21
      3.71  7.44e+21
      3.51  6.11e+21
      3.31  4.94e+21
      3.11  3.91e+21
      2.91  3.03e+21
      2.72  2.29e+21
      2.52  1.68e+21
      2.32  1.19e+21
      2.12  8.07e+20
      1.92  5.21e+20
      1.72  3.17e+20
      1.52  1.79e+20
      1.33  9.11e+19
      1.13  4.04e+19
     0.928  1.54e+19
     0.729  3.51e+18
      0.53  1.06e+17
     0.332  6.11e+16
     0.133   1.7e+16
   -0.0659  4.78e+16
    -0.265 -2.77e+16
    -0.463  3.34e+17
    -0.662 -7.82e+17
    -0.861 -2.07e+17
     -1.06 -1.47e+17
     -1.26 -1.41e+17
     -1.46 -3.28e+16
     -1.66  9.54e+16
     -1.85  1.39e+16
     -2.05 -4.64e+17
     -2.25 -1.77e+17
     -2.45  4.23e+16
     -2.65  4.48e+17
     -2.85  2.41e+17
     -3.05  4.49e+17
     -3.25  1.15e+17
     -3.44  9.93e+16
     -3.64  -1.2e+18
     -3.84 -4.83e+17
     -4.04 -1.39e+17
     -4.24  3.12e+17
     -4.44   8.6e+17
     -4.64 -1.86e+18
     -4.84 -9.12e+17
     -5.03  1.38e+18
     -5.23   2.6e+17
     -5.43 -5.63e+16
     -5.63 -3.93e+17
     -5.83 -6.14e+17
     -6.03 -5.75e+17
     -6.23 -1.06e+18
     -6.42 -1.02e+18
     -6.62 -2.04e+17
     -6.82 -2.81e+18
     -7.02 -4.44e+17
     -7.22 -2.16e+17
     -7.42  6.66e+17
     -7.62  4.79e+16
     -7.82 -1.05e+17
     -8.01  -1.3e+17
     -8.21  2.73e+17
     -8.41  1.97e+17
     -8.61 -2.52e+17
     -8.81 -1.05e+18
     -9.01  1.81e+17
     -9.21 -2.74e+17
     -9.41 -9.38e+17
      -9.6  2.75e+18
      -9.8 -2.78e+17
       -10  2.38e+18
     -10.2  3.17e+17
     -10.4  1.42e+18
     -10.6 -1.71e+18
     -10.8   6.6e+17
       -11 -1.79e+18
     -11.2 -3.09e+18
     -11.4 -1.39e+18
     -11.6  1.89e+18
     -11.8 -1.16e+18
       -12 -4.19e+17
     -12.2  1.47e+18
     -12.4 -2.99e+18
     -12.6 -2.12e+17
     -12.8  5.22e+18
       -13 -1.98e+18
     -13.2  9.51e+17
     -13.4 -4.59e+18
     -13.6  -1.6e+17
     -13.8   1.4e+18
       -14 -1.73e+18
     -14.2  3.09e+18
     -14.4  2.29e+18
     -14.6 -3.62e+18
     -14.8  1.35e+18
       -15 -3.88e+18
     -15.2  2.37e+18
     -15.4 -8.74e+18
     -15.6  1.79e+18
     -15.8 -4.47e+17
       -16  4.98e+18
     -16.2 -2.65e+18
     -16.4 -7.58e+17
     -16.6  7.44e+18
     -16.8  8.63e+18
       -17  1.88e+17
     -17.2  3.46e+16
     -17.4 -2.34e+18
     -17.6 -1.01e+19
     -17.8  1.57e+19
       -18  1.37e+18
     -18.1  6.04e+18
     -18.3  1.32e+19
     -18.5 -1.34e+18
     -18.7   3.5e+18
     -18.9   2.5e+18
     -19.1 -1.36e+19
     -19.3 -5.35e+18
     -19.5  2.12e+19
     -19.7  2.24e+19
     -19.9  1.48e+19
     -20.1 -8.12e+18
     -20.3 -1.55e+18
     -20.5 -4.65e+18
     -20.7 -1.76e+19
     -20.9  -2.1e+19
     -21.1 -9.33e+18
     -21.3 -1.18e+19
     -21.5  5.28e+18
     -21.7  4.04e+19
     -21.9  6.02e+18
     -22.1  7.26e+18
     -22.3 -6.16e+18
     -22.5 -1.51e+19
     -22.7 -5.79e+18
     -22.9  3.15e+18
     -23.1  5.92e+18
     -23.3 -1.42e+18
     -23.5  -2.4e+19
     -23.7 -1.09e+19
     -23.9  2.76e+19
     -24.1  2.36e+19
     -24.3  1.89e+19
     -24.5  2.68e+19
     -24.7 -4.93e+19
     -24.9  -4.3e+19
     -25.1 -2.63e+19
     -25.3  2.24e+19
     -25.5  1.71e+19
     -25.7  2.24e+18
     -25.9 -1.73e+19
     -26.1  9.22e+18
     -26.3  3.43e+19
     -26.5 -2.01e+19
     -26.7 -2.36e+19
     -26.9  1.16e+19
     -27.1   1.6e+19
     -27.3   1.5e+19
     -27.5 -3.09e+19
     -27.7 -2.62e+19
     -27.9  7.41e+19
     -28.1  3.63e+19
     -28.3 -2.64e+18
     -28.5 -9.33e+19
     -28.7 -7.07e+19
     -28.9  5.22e+19
     -29.1  1.25e+20
     -29.3 -2.65e+19
     -29.5 -4.39e+19
     -29.7  -7.1e+19
     -29.9 -7.14e+18
     -30.1 -9.93e+18
     -30.3  2.99e+19
     -30.5  6.66e+19
     -30.7 -1.08e+19
     -30.9  5.28e+18
     -31.1 -3.36e+19
     -31.3 -1.24e+19
     -31.5  3.39e+19
     -31.7  2.43e+19
     -31.9 -3.91e+19
     -32.1 -3.19e+19
     -32.3  1.41e+19
     -32.5 -6.08e+18
     -32.7  1.21e+19
     -32.9  -1.6e+19
     -33.1  2.77e+18
     -33.3  2.81e+19
     -33.5     2e+19
     -33.6 -3.04e+19
     -33.8  3.87e+17
       -34  3.48e+19
     -34.2 -1.68e+19
     -34.4  1.67e+18
     -34.6 -5.94e+18
     -34.8  1.11e+19
       -35  4.33e+19
     -35.2 -3.44e+19
     -35.4 -2.69e+19
     -35.6  2.21e+19
     -35.8 -1.26e+19
       -36  2.21e+19
     -36.2 -1.45e+19
     -36.4 -1.08e+19

pressure[atm]        = 1
temperature[K]           = 500
energy step[1/cm]        = 69.5
maximum energy[kcal/mol] = 33.5

bimolecular PEDs:
   E, kcal    P1->P2
      33.5  8.35e+19
      33.3  9.18e+19
      33.1  1.01e+20
      32.9  1.11e+20
      32.7  1.22e+20
      32.5  1.34e+20
      32.3  1.47e+20
      32.1  1.61e+20
      31.9  1.76e+20
      31.7  1.93e+20
      31.5  2.12e+20
      31.3  2.32e+20
      31.1  2.54e+20
      30.9  2.78e+20
      30.7  3.04e+20
      30.5  3.32e+20
      30.3  3.63e+20
      30.1  3.96e+20
      29.9  4.32e+20
      29.7  4.72e+20
      29.5  5.14e+20
      29.3  5.61e+20
      29.1  6.11e+20
      28.9  6.65e+20
      28.7  7.24e+20
      28.5  7.88e+20
      28.4  8.57e+20
      28.2  9.31e+20
        28  1.01e+21
      27.8   1.1e+21
      27.6  1.19e+21
      27.4  1.29e+21
      27.2   1.4e+21
        27  1.52e+21
      26.8  1.65e+21
      26.6  1.78e+21
      26.4  1.93e+21
      26.2  2.09e+21
        26  2.25e+21
      25.8  2.44e+21
      25.6  2.63e+21
      25.4  2.84e+21
      25.2  3.06e+21
        25   3.3e+21
      24.8  3.55e+21
      24.6  3.82e+21
      24.4  4.11e+21
      24.2  4.42e+21
        24  4.75e+21
      23.8   5.1e+21
      23.6  5.48e+21
      23.4  5.87e+21
      23.2   6.3e+21
        23  6.74e+21
      22.8  7.22e+21
      22.6  7.72e+21
      22.4  8.25e+21
      22.2  8.82e+21
        22  9.41e+21
      21.8     1e+22
      21.6  1.07e+22
      21.4  1.14e+22
      21.2  1.21e+22
        21  1.29e+22
      20.8  1.37e+22
      20.6  1.46e+22
      20.4  1.55e+22
      20.2  1.64e+22
        20  1.74e+22
      19.8  1.84e+22
      19.6  1.94e+22
      19.4  2.05e+22
      19.2  2.17e+22
        19  2.29e+22
      18.8  2.41e+22
      18.6  2.54e+22
      18.4  2.67e+22
      18.2  2.81e+22
        18  2.95e+22
      17.8   3.1e+22
      17.6  3.25e+22
      17.4   3.4e+22
      17.2  3.56e+22
        17  3.72e+22
      16.8  3.88e+22
      16.6  4.05e+22
      16.4  4.22e+22
      16.2  4.39e+22
        16  4.56e+22
      15.8  4.73e+22
      15.6  4.91e+22
      15.4  5.09e+22
      15.2  5.26e+22
        15  5.44e+22
      14.8  5.61e+22
      14.6  5.78e+22
      14.4  5.95e+22
      14.2  6.12e+22
        14  6.28e+22
      13.8  6.44e+22
      13.6   6.6e+22
      13.4  6.74e+22
      13.2  6.88e+22
        13  7.02e+22
      12.9  7.14e+22
      12.7  7.25e+22
      12.5  7.36e+22
      12.3  7.45e+22
      12.1  7.53e+22
      11.9   7.6e+22
      11.7  7.66e+22
      11.5   7.7e+22
      11.3  7.73e+22
      11.1  7.74e+22
      10.9  7.74e+22
      10.7  7.72e+22
      10.5  7.69e+22
      10.3  7.63e+22
      10.1  7.57e+22
      9.87  7.48e+22
      9.67  7.38e+22
      9.47  7.26e+22
      9.27  7.13e+22
      9.08  6.98e+22
      8.88  6.81e+22
      8.68  6.63e+22
      8.48  6.43e+22
      8.28  6.23e+22
      8.08     6e+22
      7.88  5.77e+22
      7.68  5.53e+22
      7.49  5.28e+22
      7.29  5.02e+22
      7.09  4.75e+22
      6.89  4.47e+22
      6.69   4.2e+22
      6.49  3.92e+22
      6.29  3.64e+22
      6.09  3.37e+22
       5.9  3.09e+22
       5.7  2.83e+22
       5.5  2.57e+22
       5.3  2.32e+22
       5.1  2.08e+22
       4.9  1.85e+22
       4.7  1.63e+22
       4.5  1.42e+22
      4.31  1.23e+22
      4.11  1.05e+22
      3.91  8.92e+21
      3.71  7.44e+21
      3.51  6.11e+21
      3.31  4.94e+21
      3.11  3.91e+21
      2.91  3.03e+21
      2.72  2.29e+21
      2.52  1.68e+21
      2.32  1.19e+21
      2.12  8.07e+20
      1.92  5.22e+20
      1.72  3.17e+20
      1.52  1.79e+20
      1.33  9.11e+19
      1.13  4.09e+19
     0.928  1.52e+19
     0.729  3.47e+18
      0.53  1.12e+16
     0.332 -2.75e+17
     0.133 -8.84e+16
   -0.0659 -5.02e+17
    -0.265 -6.68e+16
    -0.463  2.61e+17
    -0.662  -2.2e+17
    -0.861  1.43e+17
     -1.06  1.21e+17
     -1.26  1.02e+15
     -1.46  1.04e+17
     -1.66  3.57e+16
     -1.85 -5.19e+16
     -2.05  1.81e+17
     -2.25 -1.06e+16
     -2.45 -6.06e+17
     -2.65 -1.85e+17
     -2.85 -4.65e+17
     -3.05  2.16e+17
     -3.25  -2.1e+18
     -3.44  1.25e+17
     -3.64 -1.78e+17
     -3.84 -5.49e+16
     -4.04 -4.61e+17
     -4.24 -3.52e+17
     -4.44  3.32e+17
     -4.64 -2.63e+16
     -4.84 -6.14e+17
     -5.03  6.69e+17
     -5.23  5.67e+16
     -5.43 -8.37e+17
     -5.63   9.5e+17
     -5.83 -4.65e+17
     -6.03  5.51e+17
     -6.23  -6.8e+17
     -6.42 -1.07e+18
     -6.62 -2.07e+17
     -6.82  1.39e+18
     -7.02  1.43e+18
     -7.22  -2.5e+18
     -7.42  4.14e+17
     -7.62 -4.42e+17
     -7.82  5.29e+17
     -8.01  5.72e+17
     -8.21 -1.21e+17
     -8.41  6.48e+17
     -8.61 -5.98e+17
     -8.81 -5.53e+17
     -9.01  7.92e+17
     -9.21  5.06e+17
     -9.41  2.19e+18
      -9.6  1.71e+18
      -9.8 -4.36e+17
       -10  1.03e+18
     -10.2 -7.63e+17
     -10.4  8.89e+16
     -10.6  5.09e+17
     -10.8 -8.27e+17
       -11 -8.13e+17
     -11.2 -1.38e+18
     -11.4  1.41e+18
     -11.6  -1.4e+18
     -11.8 -7.96e+17
       -12  1.47e+18
     -12.2  1.53e+18
     -12.4  6.53e+17
     -12.6  1.45e+18
     -12.8  2.09e+18
       -13  7.81e+17
     -13.2  1.21e+18
     -13.4 -2.15e+18
     -13.6  2.98e+17
     -13.8 -2.04e+18
       -14    -5e+17
     -14.2  3.08e+18
     -14.4   2.1e+17
     -14.6 -3.53e+18
     -14.8 -1.57e+18
       -15  6.62e+18
     -15.2 -9.13e+18
     -15.4  5.08e+18
     -15.6 -4.32e+18
     -15.8  4.56e+17
       -16  1.36e+19
     -16.2  7.11e+18
     -16.4 -5.05e+18
     -16.6  8.07e+18
     -16.8 -2.55e+18
       -17 -4.88e+18
     -17.2 -7.94e+18
     -17.4  7.56e+18
     -17.6 -1.05e+19
     -17.8  5.72e+18
       -18  9.72e+18
     -18.1 -1.31e+19
     -18.3  1.36e+19
     -18.5  3.27e+18
     -18.7  4.21e+18
     -18.9  1.05e+19
     -19.1 -4.76e+17
     -19.3   5.3e+18
     -19.5  1.98e+18
     -19.7  6.56e+18
     -19.9  2.83e+18
     -20.1  8.77e+18
     -20.3 -1.45e+19
     -20.5 -1.27e+19
     -20.7  4.81e+18
     -20.9  1.58e+19
     -21.1     1e+19
     -21.3  2.02e+19
     -21.5  3.09e+19
     -21.7     1e+19
     -21.9  1.85e+19
     -22.1  1.02e+19
     -22.3  1.54e+19
     -22.5  3.45e+19
     -22.7  3.25e+19
     -22.9  2.04e+19
     -23.1  2.36e+19
     -23.3  4.03e+19
     -23.5  2.08e+19
     -23.7   1.8e+19
     -23.9   1.9e+19
     -24.1 -1.43e+18
     -24.3  4.77e+19
     -24.5  2.01e+19
     -24.7 -2.41e+18
     -24.9  4.63e+19
     -25.1  4.26e+19
     -25.3  1.35e+19
     -25.5 -9.89e+18
     -25.7 -5.79e+18
     -25.9 -1.87e+19
     -26.1 -2.72e+19
     -26.3  4.86e+19
     -26.5  1.74e+19
     -26.7   1.1e+19
     -26.9 -5.49e+17
     -27.1  8.02e+18
     -27.3  1.18e+18
     -27.5  2.14e+19
     -27.7 -1.12e+19
     -27.9  -9.2e+19
     -28.1  4.59e+19
     -28.3 -2.16e+19
     -28.5 -5.07e+19
     -28.7 -8.77e+18
     -28.9  8.63e+18
     -29.1 -1.87e+19
     -29.3 -2.99e+19
     -29.5 -7.94e+19
     -29.7  3.22e+19
     -29.9  3.33e+19
     -30.1 -5.31e+18
     -30.3 -9.67e+19
     -30.5 -3.91e+19
     -30.7 -3.41e+19
     -30.9    -4e+19
     -31.1  1.49e+18
     -31.3 -9.53e+18
     -31.5  2.42e+19
     -31.7 -8.62e+18
     -31.9  1.63e+19
     -32.1 -3.51e+19
     -32.3  8.72e+18
     -32.5  4.13e+19
     -32.7  1.74e+19
     -32.9  4.05e+19
     -33.1 -3.66e+19
     -33.3  8.06e+18
     -33.5 -8.78e+18
     -33.6  8.49e+18
     -33.8  1.45e+19
       -34  2.42e+19
     -34.2  8.94e+18
     -34.4  -1.6e+18
     -34.6 -1.94e+18
     -34.8 -4.21e+19
       -35  3.44e+19
     -35.2 -1.76e+19
     -35.4 -1.33e+19
     -35.6  1.79e+19
     -35.8 -7.68e+18
       -36 -1.47e+19
     -36.2  2.56e+19
     -36.4 -8.98e+17

pressure[atm]        = 10
temperature[K]           = 500
energy step[1/cm]        = 69.5
maximum energy[kcal/mol] = 33.5

bimolecular PEDs:
   E, kcal    P1->P2
      33.5  8.35e+19
      33.3  9.18e+19
      33.1  1.01e+20
      32.9  1.11e+20
      32.7  1.22e+20
      32.5  1.34e+20
      32.3  1.47e+20
      32.1  1.61e+20
      31.9  1.76e+20
      31.7  1.93e+20
      31.5  2.12e+20
      31.3  2.32e+20
      31.1  2.54e+20
      30.9  2.78e+20
      30.7  3.04e+20
      30.5  3.32e+20
      30.3  3.63e+20
      30.1  3.96e+20
      29.9  4.32e+20
      29.7  4.72e+20
      29.5  5.14e+20
      29.3  5.61e+20
      29.1  6.11e+20
      28.9  6.65e+20
      28.7  7.24e+20
      28.5  7.88e+20
      28.4  8.57e+20
      28.2  9.31e+20
        28  1.01e+21
      27.8   1.1e+21
      27.6  1.19e+21
      27.4  1.29e+21
      27.2   1.4e+21
        27  1.52e+21
      26.8  1.65e+21
      26.6  1.78e+21
      26.4  1.93e+21
      26.2  2.09e+21
        26  2.25e+21
      25.8  2.44e+21
      25.6  2.63e+21
      25.4  2.84e+21
      25.2  3.06e+21
        25   3.3e+21
      24.8  3.55e+21
      24.6  3.82e+21
      24.4  4.11e+21
      24.2  4.42e+21
        24  4.75e+21
      23.8   5.1e+21
      23.6  5.48e+21
      23.4  5.87e+21
      23.2   6.3e+21
        23  6.74e+21
      22.8  7.22e+21
      22.6  7.72e+21
      22.4  8.25e+21
      22.2  8.82e+21
        22  9.41e+21
      21.8     1e+22
      21.6  1.07e+22
      21.4  1.14e+22
      21.2  1.21e+22
        21  1.29e+22
      20.8  1.37e+22
      20.6  1.46e+22
      20.4  1.55e+22
      20.2  1.64e+22
        20  1.74e+22
      19.8  1.84e+22
      19.6  1.94e+22
      19.4  2.05e+22
      19.2  2.17e+22
        19  2.29e+22
      18.8  2.41e+22
      18.6  2.54e+22
      18.4  2.67e+22
      18.2  2.81e+22
        18  2.95e+22
      17.8   3.1e+22
      17.6  3.25e+22
      17.4   3.4e+22
      17.2  3.56e+22
        17  3.72e+22
      16.8  3.88e+22
      16.6  4.05e+22
      16.4  4.22e+22
      16.2  4.39e+22
        16  4.56e+22
      15.8  4.73e+22
      15.6  4.91e+22
      15.4  5.09e+22
      15.2  5.26e+22
        15  5.44e+22
      14.8  5.61e+22
      14.6  5.78e+22
      14.4  5.95e+22
      14.2  6.12e+22
        14  6.28e+22
      13.8  6.44e+22
      13.6   6.6e+22
      13.4  6.74e+22
      13.2  6.88e+22
        13  7.02e+22
      12.9  7.14e+22
      12.7  7.25e+22
      12.5  7.36e+22
      12.3  7.45e+22
      12.1  7.53e+22
      11.9   7.6e+22
      11.7  7.66e+22
      11.5   7.7e+22
      11.3  7.73e+22
      11.1  7.74e+22
      10.9  7.74e+22
      10.7  7.72e+22
      10.5  7.69e+22
      10.3  7.63e+22
      10.1  7.57e+22
      9.87  7.48e+22
      9.67  7.38e+22
      9.47  7.26e+22
      9.27  7.13e+22
      9.08  6.98e+22
      8.88  6.81e+22
      8.68  6.63e+22
      8.48  6.43e+22
      8.28  6.23e+22
      8.08  6.01e+22
      7.88  5.77e+22
      7.68  5.53e+22
      7.49  5.28e+22
      7.29  5.02e+22
      7.09  4.75e+22
      6.89  4.47e+22
      6.69   4.2e+22
      6.49  3.92e+22
      6.29  3.64e+22
      6.09  3.37e+22
       5.9   3.1e+22
       5.7  2.83e+22
       5.5  2.57e+22
       5.3  2.32e+22
       5.1  2.08e+22
       4.9  1.85e+22
       4.7  1.63e+22
       4.5  1.42e+22
      4.31  1.23e+22
      4.11  1.05e+22
      3.91  8.92e+21
      3.71  7.44e+21
      3.51  6.12e+21
      3.31  4.94e+21
      3.11  3.91e+21
      2.91  3.03e+21
      2.72  2.29e+21
      2.52  1.68e+21
      2.32  1.19e+21
      2.12  8.09e+20
      1.92  5.24e+20
      1.72  3.19e+20
      1.52  1.81e+20
      1.33  9.29e+19
      1.13  4.19e+19
     0.928  1.64e+19
     0.729  5.08e+18
      0.53  7.57e+17
     0.332  7.08e+17
     0.133   8.5e+17
   -0.0659   2.6e+17
    -0.265  5.35e+17
    -0.463  3.05e+17
    -0.662  4.02e+17
    -0.861  2.95e+17
     -1.06  2.66e+17
     -1.26  2.82e+17
     -1.46   1.8e+17
     -1.66 -2.49e+17
     -1.85  2.24e+17
     -2.05 -1.21e+17
     -2.25  4.73e+17
     -2.45 -4.09e+17
     -2.65 -2.45e+17
     -2.85  5.14e+17
     -3.05 -6.78e+17
     -3.25 -8.26e+17
     -3.44 -2.32e+17
     -3.64   7.2e+16
     -3.84  4.95e+17
     -4.04 -4.44e+17
     -4.24  7.73e+17
     -4.44 -5.64e+17
     -4.64 -8.26e+16
     -4.84 -1.81e+17
     -5.03 -1.51e+17
     -5.23  1.13e+17
     -5.43 -2.89e+17
     -5.63  2.81e+16
     -5.83  6.21e+17
     -6.03   4.2e+17
     -6.23 -8.56e+17
     -6.42 -1.59e+18
     -6.62 -4.74e+17
     -6.82  4.46e+17
     -7.02  7.54e+17
     -7.22 -8.68e+16
     -7.42  8.86e+15
     -7.62 -1.41e+17
     -7.82  1.01e+18
     -8.01  1.17e+18
     -8.21 -1.08e+18
     -8.41  8.91e+17
     -8.61 -1.51e+18
     -8.81  6.09e+17
     -9.01  1.43e+16
     -9.21  3.74e+16
     -9.41  4.73e+17
      -9.6 -1.85e+18
      -9.8   1.6e+18
       -10  5.86e+17
     -10.2  1.81e+18
     -10.4 -2.28e+18
     -10.6  -1.1e+18
     -10.8   2.1e+18
       -11 -3.21e+18
     -11.2  -4.6e+17
     -11.4  4.28e+17
     -11.6  7.95e+17
     -11.8  2.55e+18
       -12 -3.14e+17
     -12.2 -5.39e+16
     -12.4 -1.65e+18
     -12.6 -1.01e+18
     -12.8 -4.94e+18
       -13 -4.89e+18
     -13.2  1.19e+18
     -13.4  -1.2e+18
     -13.6  6.05e+18
     -13.8 -2.28e+18
       -14 -2.29e+18
     -14.2   4.3e+18
     -14.4 -1.78e+18
     -14.6 -1.55e+18
     -14.8  -4.2e+18
       -15  5.64e+18
     -15.2 -1.05e+19
     -15.4 -8.52e+18
     -15.6  3.32e+18
     -15.8 -6.56e+18
       -16  -3.9e+18
     -16.2 -3.35e+18
     -16.4  1.81e+18
     -16.6 -8.44e+17
     -16.8 -1.36e+19
       -17 -1.57e+19
     -17.2 -4.51e+18
     -17.4  7.85e+18
     -17.6  1.11e+19
     -17.8  4.94e+18
       -18 -3.26e+18
     -18.1  2.55e+19
     -18.3 -2.03e+19
     -18.5 -2.45e+18
     -18.7  7.35e+18
     -18.9 -4.51e+18
     -19.1 -3.82e+17
     -19.3 -6.29e+18
     -19.5   7.5e+17
     -19.7 -1.72e+19
     -19.9 -7.84e+18
     -20.1 -3.42e+18
     -20.3 -4.85e+17
     -20.5  9.38e+18
     -20.7 -1.22e+19
     -20.9 -1.87e+19
     -21.1 -9.56e+18
     -21.3 -7.59e+18
     -21.5 -7.29e+18
     -21.7 -7.05e+18
     -21.9 -7.17e+18
     -22.1 -1.44e+19
     -22.3 -2.55e+18
     -22.5 -2.88e+19
     -22.7 -1.12e+19
     -22.9  2.94e+18
     -23.1 -1.21e+19
     -23.3 -1.41e+19
     -23.5  2.21e+18
     -23.7  1.32e+19
     -23.9 -1.47e+19
     -24.1 -1.08e+19
     -24.3   3.6e+18
     -24.5   1.6e+19
     -24.7  1.06e+19
     -24.9  2.38e+19
     -25.1  3.83e+19
     -25.3 -1.92e+19
     -25.5 -7.34e+18
     -25.7 -3.44e+18
     -25.9 -5.09e+18
     -26.1  4.78e+18
     -26.3  1.08e+19
     -26.5 -1.99e+19
     -26.7  2.63e+19
     -26.9  2.79e+19
     -27.1     2e+19
     -27.3 -2.02e+19
     -27.5 -1.39e+19
     -27.7  7.35e+18
     -27.9   1.9e+19
     -28.1 -1.76e+18
     -28.3  2.92e+19
     -28.5  4.16e+19
     -28.7 -4.16e+18
     -28.9 -8.46e+19
     -29.1  1.36e+19
     -29.3 -3.55e+19
     -29.5 -3.58e+19
     -29.7  8.92e+19
     -29.9 -4.43e+18
     -30.1  -1.6e+19
     -30.3  8.33e+19
     -30.5  -1.7e+18
     -30.7  7.62e+19
     -30.9 -6.06e+19
     -31.1 -6.73e+18
     -31.3 -8.88e+19
     -31.5   1.8e+19
     -31.7  4.23e+19
     -31.9  1.11e+19
     -32.1  1.11e+19
     -32.3  3.33e+19
     -32.5 -1.55e+19
     -32.7 -2.56e+19
     -32.9  1.16e+19
     -33.1  2.03e+19
     -33.3 -2.53e+18
     -33.5  7.49e+18
     -33.6  7.93e+17
     -33.8 -2.08e+19
       -34  1.16e+19
     -34.2 -1.06e+19
     -34.4 -4.51e+19
     -34.6  6.86e+18
     -34.8  2.69e+19
       -35  1.09e+19
     -35.2 -1.75e+19
     -35.4  1.44e+19
     -35.6  1.72e+19
     -35.8  7.53e+18
       -36 -2.17e+18
     -36.2  5.43e+19
     -36.4  1.66e+18

pressure[atm]        = 100
temperature[K]           = 500
energy step[1/cm]        = 69.5
maximum energy[kcal/mol] = 33.5

bimolecular PEDs:
   E, kcal    P1->P2
      33.5  8.34e+19
      33.3  9.17e+19
      33.1  1.01e+20
      32.9  1.11e+20
      32.7  1.22e+20
      32.5  1.33e+20
      32.3  1.46e+20
      32.1  1.61e+20
      31.9  1.76e+20
      31.7  1.93e+20
      31.5  2.11e+20
      31.3  2.32e+20
      31.1  2.53e+20
      30.9  2.77e+20
      30.7  3.03e+20
      30.5  3.32e+20
      30.3  3.62e+20
      30.1  3.96e+20
      29.9  4.32e+20
      29.7  4.71e+20
      29.5  5.14e+20
      29.3   5.6e+20
      29.1   6.1e+20
      28.9  6.65e+20
      28.7  7.24e+20
      28.5  7.87e+20
      28.4  8.56e+20
      28.2  9.31e+20
        28  1.01e+21
      27.8   1.1e+21
      27.6  1.19e+21
      27.4  1.29e+21
      27.2   1.4e+21
        27  1.52e+21
      26.8  1.65e+21
      26.6  1.78e+21
      26.4  1.93e+21
      26.2  2.08e+21
        26  2.25e+21
      25.8  2.43e+21
      25.6  2.63e+21
      25.4  2.83e+21
      25.2  3.06e+21
        25  3.29e+21
      24.8  3.55e+21
      24.6  3.82e+21
      24.4  4.11e+21
      24.2  4.42e+21
        24  4.75e+21
      23.8   5.1e+21
      23.6  5.47e+21
      23.4  5.87e+21
      23.2  6.29e+21
        23  6.74e+21
      22.8  7.21e+21
      22.6  7.72e+21
      22.4  8.25e+21
      22.2  8.81e+21
        22   9.4e+21
      21.8     1e+22
      21.6  1.07e+22
      21.4  1.14e+22
      21.2  1.21e+22
        21  1.29e+22
      20.8  1.37e+22
      20.6  1.46e+22
      20.4  1.54e+22
      20.2  1.64e+22
        20  1.73e+22
      19.8  1.84e+22
      19.6  1.94e+22
      19.4  2.05e+22
      19.2  2.17e+22
        19  2.29e+22
      18.8  2.41e+22
      18.6  2.54e+22
      18.4  2.67e+22
      18.2  2.81e+22
        18  2.95e+22
      17.8  3.09e+22
      17.6  3.24e+22
      17.4   3.4e+22
      17.2  3.55e+22
        17  3.71e+22
      16.8  3.88e+22
      16.6  4.04e+22
      16.4  4.21e+22
      16.2  4.38e+22
        16  4.56e+22
      15.8  4.73e+22
      15.6  4.91e+22
      15.4  5.08e+22
      15.2  5.26e+22
        15  5.43e+22
      14.8  5.61e+22
      14.6  5.78e+22
      14.4  5.95e+22
      14.2  6.12e+22
        14  6.28e+22
      13.8  6.44e+22
      13.6  6.59e+22
      13.4  6.74e+22
      13.2  6.88e+22
        13  7.01e+22
      12.9  7.14e+22
      12.7  7.25e+22
      12.5  7.36e+22
      12.3  7.45e+22
      12.1  7.53e+22
      11.9   7.6e+22
      11.7  7.66e+22
      11.5   7.7e+22
      11.3  7.73e+22
      11.1  7.74e+22
      10.9  7.74e+22
      10.7  7.72e+22
      10.5  7.68e+22
      10.3  7.63e+22
      10.1  7.57e+22
      9.87  7.48e+22
      9.67  7.38e+22
      9.47  7.26e+22
      9.27  7.13e+22
      9.08  6.98e+22
      8.88  6.81e+22
      8.68  6.63e+22
      8.48  6.44e+22
      8.28  6.23e+22
      8.08  6.01e+22
      7.88  5.77e+22
      7.68  5.53e+22
      7.49  5.28e+22
      7.29  5.02e+22
      7.09  4.75e+22
      6.89  4.48e+22
      6.69   4.2e+22
      6.49  3.92e+22
      6.29  3.65e+22
      6.09  3.37e+22
       5.9   3.1e+22
       5.7  2.83e+22
       5.5  2.57e+22
       5.3  2.32e+22
       5.1  2.08e+22
       4.9  1.85e+22
       4.7  1.63e+22
       4.5  1.43e+22
      4.31  1.24e+22
      4.11  1.06e+22
      3.91  8.97e+21
      3.71  7.49e+21
      3.51  6.16e+21
      3.31  4.98e+21
      3.11  3.95e+21
      2.91  3.07e+21
      2.72  2.32e+21
      2.52  1.71e+21
      2.32  1.22e+21
      2.12  8.34e+20
      1.92  5.46e+20
      1.72  3.39e+20
      1.52  1.97e+20
      1.33  1.08e+20
      1.13   5.5e+19
     0.928  2.72e+19
     0.729   1.4e+19
      0.53  8.76e+18
     0.332  7.73e+18
     0.133  6.36e+18
   -0.0659  5.29e+18
    -0.265  4.24e+18
    -0.463  3.94e+18
    -0.662  3.22e+18
    -0.861  2.66e+18
     -1.06  2.36e+18
     -1.26  2.02e+18
     -1.46   1.7e+18
     -1.66  1.51e+18
     -1.85  1.54e+18
     -2.05  7.96e+17
     -2.25  6.65e+17
     -2.45   8.7e+17
     -2.65  8.03e+17
     -2.85   1.1e+18
     -3.05  6.86e+17
     -3.25 -4.62e+16
     -3.44  7.04e+17
     -3.64  5.82e+17
     -3.84  4.07e+17
     -4.04   4.8e+17
     -4.24  4.08e+17
     -4.44 -2.89e+17
     -4.64  1.23e+18
     -4.84 -6.27e+17
     -5.03 -1.81e+18
     -5.23  -8.2e+17
     -5.43  4.11e+17
     -5.63  3.27e+17
     -5.83 -1.24e+18
     -6.03   2.1e+17
     -6.23 -3.04e+17
     -6.42  6.77e+17
     -6.62 -1.41e+18
     -6.82 -5.44e+16
     -7.02 -1.13e+17
     -7.22  2.72e+17
     -7.42 -3.49e+17
     -7.62 -4.96e+17
     -7.82  1.08e+18
     -8.01  -6.9e+17
     -8.21 -9.62e+17
     -8.41  1.57e+17
     -8.61 -1.41e+18
     -8.81 -1.66e+18
     -9.01  1.92e+17
     -9.21 -6.07e+17
     -9.41  3.51e+17
      -9.6 -1.29e+18
      -9.8  1.56e+18
       -10  1.14e+18
     -10.2  3.72e+17
     -10.4 -6.62e+17
     -10.6  1.35e+18
     -10.8  3.83e+18
       -11 -4.51e+18
     -11.2 -5.26e+17
     -11.4 -4.17e+18
     -11.6 -8.09e+17
     -11.8 -1.14e+18
       -12  1.59e+18
     -12.2   8.1e+17
     -12.4 -1.58e+18
     -12.6  5.13e+18
     -12.8 -5.22e+18
       -13  -2.3e+18
     -13.2 -6.22e+17
     -13.4 -4.37e+18
     -13.6  2.06e+18
     -13.8  5.59e+18
       -14 -3.79e+18
     -14.2  2.09e+18
     -14.4 -1.37e+18
     -14.6 -4.05e+18
     -14.8 -4.17e+17
       -15 -3.66e+18
     -15.2 -2.51e+18
     -15.4  3.37e+18
     -15.6  3.87e+18
     -15.8  1.85e+18
       -16  4.98e+18
     -16.2  3.56e+18
     -16.4   1.2e+18
     -16.6 -1.89e+18
     -16.8 -2.29e+18
       -17  -1.4e+18
     -17.2   7.4e+18
     -17.4  -9.5e+18
     -17.6  6.63e+17
     -17.8 -5.26e+17
       -18  2.74e+18
     -18.1  -8.2e+18
     -18.3  1.04e+19
     -18.5 -9.64e+18
     -18.7   6.5e+17
     -18.9  3.61e+18
     -19.1  6.27e+18
     -19.3 -1.26e+18
     -19.5   1.1e+19
     -19.7  5.17e+18
     -19.9 -4.62e+18
     -20.1  7.67e+18
     -20.3  3.02e+18
     -20.5  1.69e+18
     -20.7 -2.54e+18
     -20.9 -9.11e+18
     -21.1 -1.02e+19
     -21.3  2.31e+18
     -21.5  3.19e+18
     -21.7 -6.09e+18
     -21.9  6.16e+17
     -22.1 -1.93e+19
     -22.3 -1.78e+19
     -22.5 -5.02e+18
     -22.7 -1.43e+18
     -22.9 -4.99e+18
     -23.1 -3.16e+18
     -23.3  5.92e+18
     -23.5 -1.38e+19
     -23.7  1.01e+19
     -23.9 -1.39e+19
     -24.1 -4.54e+19
     -24.3 -2.43e+19
     -24.5 -1.46e+19
     -24.7  9.85e+18
     -24.9  2.16e+19
     -25.1  5.39e+18
     -25.3  1.28e+19
     -25.5 -1.59e+19
     -25.7 -1.11e+19
     -25.9 -1.56e+19
     -26.1 -2.43e+19
     -26.3  1.65e+19
     -26.5  9.35e+18
     -26.7  1.85e+19
     -26.9 -7.05e+18
     -27.1 -5.31e+18
     -27.3 -2.26e+18
     -27.5 -2.89e+19
     -27.7  2.68e+19
     -27.9 -2.66e+19
     -28.1 -2.38e+18
     -28.3  1.41e+19
     -28.5 -3.94e+18
     -28.7 -2.22e+19
     -28.9 -1.42e+19
     -29.1 -4.58e+19
     -29.3 -1.32e+17
     -29.5 -5.75e+19
     -29.7  -2.1e+19
     -29.9  1.27e+19
     -30.1  2.04e+19
     -30.3 -1.06e+19
     -30.5 -1.39e+19
     -30.7  2.69e+19
     -30.9 -1.48e+19
     -31.1 -4.86e+19
     -31.3  5.35e+19
     -31.5 -3.65e+19
     -31.7  1.14e+19
     -31.9 -2.86e+19
     -32.1  5.96e+19
     -32.3 -5.44e+19
     -32.5  -2.8e+19
     -32.7  3.54e+19
     -32.9 -7.86e+19
     -33.1  3.15e+19
     -33.3  1.84e+19
     -33.5 -9.26e+18
     -33.6 -2.43e+19
     -33.8 -8.74e+18
       -34  1.13e+19
     -34.2 -2.54e+19
     -34.4  3.32e+18
     -34.6 -2.83e+19
     -34.8 -1.91e+19
       -35  3.81e+19
     -35.2  8.92e+18
     -35.4  2.45e+19
     -35.6 -1.05e+19
     -35.8  1.63e+19
       -36  2.42e+19
     -36.2   4.3e+18
     -36.4     5e+17

pressure[atm]        = 0.01
temperature[K]           = 600
energy step[1/cm]        = 83.4
maximum energy[kcal/mol] = 44

bimolecular PEDs:
   E, kcal    P1->P2
        44  1.35e+22
      43.8  1.48e+22
      43.5  1.63e+22
      43.3  1.78e+22
      43.1  1.96e+22
      42.8  2.14e+22
      42.6  2.35e+22
      42.3  2.57e+22
      42.1  2.82e+22
      41.9  3.08e+22
      41.6  3.37e+22
      41.4  3.69e+22
      41.1  4.03e+22
      40.9  4.41e+22
      40.7  4.81e+22
      40.4  5.25e+22
      40.2  5.73e+22
        40  6.26e+22
      39.7  6.82e+22
      39.5  7.44e+22
      39.2   8.1e+22
        39  8.82e+22
      38.8  9.61e+22
      38.5  1.05e+23
      38.3  1.14e+23
        38  1.24e+23
      37.8  1.34e+23
      37.6  1.46e+23
      37.3  1.58e+23
      37.1  1.72e+23
      36.9  1.86e+23
      36.6  2.02e+23
      36.4  2.19e+23
      36.1  2.37e+23
      35.9  2.57e+23
      35.7  2.78e+23
      35.4  3.01e+23
      35.2  3.25e+23
      34.9  3.51e+23
      34.7  3.79e+23
      34.5  4.09e+23
      34.2  4.41e+23
        34  4.76e+23
      33.8  5.13e+23
      33.5  5.52e+23
      33.3  5.95e+23
        33   6.4e+23
      32.8  6.88e+23
      32.6  7.39e+23
      32.3  7.94e+23
      32.1  8.52e+23
      31.8  9.14e+23
      31.6   9.8e+23
      31.4  1.05e+24
      31.1  1.12e+24
      30.9   1.2e+24
      30.7  1.29e+24
      30.4  1.38e+24
      30.2  1.47e+24
      29.9  1.57e+24
      29.7  1.67e+24
      29.5  1.78e+24
      29.2   1.9e+24
        29  2.02e+24
      28.7  2.15e+24
      28.5  2.29e+24
      28.3  2.43e+24
        28  2.58e+24
      27.8  2.74e+24
      27.6   2.9e+24
      27.3  3.07e+24
      27.1  3.25e+24
      26.8  3.44e+24
      26.6  3.64e+24
      26.4  3.84e+24
      26.1  4.05e+24
      25.9  4.28e+24
      25.6   4.5e+24
      25.4  4.74e+24
      25.2  4.99e+24
      24.9  5.24e+24
      24.7  5.51e+24
      24.5  5.78e+24
      24.2  6.06e+24
        24  6.34e+24
      23.7  6.64e+24
      23.5  6.94e+24
      23.3  7.25e+24
        23  7.57e+24
      22.8  7.89e+24
      22.5  8.22e+24
      22.3  8.55e+24
      22.1  8.89e+24
      21.8  9.23e+24
      21.6  9.57e+24
      21.4  9.92e+24
      21.1  1.03e+25
      20.9  1.06e+25
      20.6   1.1e+25
      20.4  1.13e+25
      20.2  1.17e+25
      19.9   1.2e+25
      19.7  1.23e+25
      19.4  1.27e+25
      19.2   1.3e+25
        19  1.33e+25
      18.7  1.36e+25
      18.5  1.39e+25
      18.3  1.42e+25
        18  1.45e+25
      17.8  1.47e+25
      17.5   1.5e+25
      17.3  1.52e+25
      17.1  1.54e+25
      16.8  1.56e+25
      16.6  1.57e+25
      16.3  1.59e+25
      16.1   1.6e+25
      15.9  1.61e+25
      15.6  1.61e+25
      15.4  1.62e+25
      15.2  1.62e+25
      14.9  1.62e+25
      14.7  1.61e+25
      14.4   1.6e+25
      14.2  1.59e+25
        14  1.58e+25
      13.7  1.56e+25
      13.5  1.54e+25
      13.2  1.52e+25
        13  1.49e+25
      12.8  1.46e+25
      12.5  1.43e+25
      12.3   1.4e+25
      12.1  1.36e+25
      11.8  1.32e+25
      11.6  1.28e+25
      11.3  1.23e+25
      11.1  1.19e+25
      10.9  1.14e+25
      10.6  1.09e+25
      10.4  1.04e+25
      10.1  9.94e+24
       9.9  9.43e+24
      9.67  8.92e+24
      9.43   8.4e+24
      9.19  7.88e+24
      8.95  7.37e+24
      8.71  6.86e+24
      8.47  6.36e+24
      8.24  5.87e+24
         8   5.4e+24
      7.76  4.93e+24
      7.52  4.49e+24
      7.28  4.06e+24
      7.04  3.65e+24
       6.8  3.26e+24
      6.57  2.89e+24
      6.33  2.55e+24
      6.09  2.23e+24
      5.85  1.93e+24
      5.61  1.66e+24
      5.37  1.42e+24
      5.14   1.2e+24
       4.9     1e+24
      4.66  8.25e+23
      4.42  6.72e+23
      4.18  5.39e+23
      3.94  4.25e+23
       3.7  3.29e+23
      3.47  2.49e+23
      3.23  1.84e+23
      2.99  1.32e+23
      2.75  9.12e+22
      2.51  6.05e+22
      2.27  3.82e+22
      2.04  2.27e+22
       1.8  1.24e+22
      1.56  6.15e+21
      1.32  2.66e+21
      1.08  9.45e+20
     0.843  2.56e+20
     0.605  4.53e+19
     0.366  2.79e+18
     0.128 -1.85e+19
    -0.111 -9.12e+18
    -0.349 -4.49e+18
    -0.588  -1.9e+19
    -0.826 -1.21e+19
     -1.06  1.61e+19
      -1.3 -4.96e+18
     -1.54 -5.78e+18
     -1.78 -1.23e+19
     -2.02  -3.6e+18
     -2.26  9.92e+18
      -2.5 -1.85e+19
     -2.73   2.3e+19
     -2.97  6.25e+18
     -3.21 -3.01e+19
     -3.45  4.11e+19
     -3.69  5.03e+19
     -3.93  2.08e+18
     -4.16 -3.68e+19
      -4.4  8.57e+19
     -4.64 -4.34e+19
     -4.88 -1.35e+19
     -5.12  5.54e+19
     -5.36 -1.26e+19
      -5.6  -7.9e+18
     -5.83    -8e+18
     -6.07 -1.41e+19
     -6.31   4.5e+19
     -6.55 -8.79e+18
     -6.79 -3.98e+18
     -7.03  7.62e+18
     -7.26  -2.4e+19
      -7.5 -2.02e+18
     -7.74 -3.87e+19
     -7.98 -5.91e+18
     -8.22   3.4e+19
     -8.46 -2.66e+19
      -8.7 -1.55e+18
     -8.93 -1.03e+19
     -9.17 -9.11e+18
     -9.41 -2.21e+19
     -9.65 -8.39e+19
     -9.89 -9.54e+18
     -10.1  -1.7e+19
     -10.4  2.72e+20
     -10.6 -1.26e+20
     -10.8   1.6e+19
     -11.1   9.8e+19
     -11.3 -1.02e+20
     -11.6  4.55e+19
     -11.8  1.95e+20
       -12 -1.18e+20
     -12.3  4.81e+19
     -12.5  4.87e+19
     -12.7 -1.33e+19
       -13   7.7e+19
     -13.2  6.61e+19
     -13.5 -5.41e+19
     -13.7  7.04e+19
     -13.9  -4.3e+19
     -14.2 -1.11e+20
     -14.4 -1.04e+20
     -14.7 -3.51e+20
     -14.9  3.92e+20
     -15.1  6.49e+19
     -15.4  5.91e+18
     -15.6  -1.1e+20
     -15.8  3.96e+19
     -16.1 -5.46e+19
     -16.3  6.96e+19
     -16.6  -6.5e+19
     -16.8 -1.27e+20
       -17 -1.98e+20
     -17.3  3.29e+19
     -17.5 -1.26e+20
     -17.8   3.8e+19
       -18 -2.73e+20
     -18.2  2.91e+19
     -18.5  -1.4e+20
     -18.7  2.22e+20
     -18.9 -1.87e+20
     -19.2  8.48e+19
     -19.4  3.62e+20
     -19.7 -2.07e+19
     -19.9 -3.88e+19
     -20.1 -2.27e+20
     -20.4 -7.94e+19
     -20.6  7.99e+19
     -20.9  1.52e+20
     -21.1  1.13e+20
     -21.3  1.41e+20
     -21.6   1.7e+20
     -21.8 -2.32e+19
       -22  -2.6e+20
     -22.3   4.7e+19
     -22.5  1.93e+20
     -22.8  1.26e+19
       -23 -4.08e+19
     -23.2  1.52e+19
     -23.5 -1.07e+20
     -23.7 -2.43e+19
       -24  2.55e+20
     -24.2 -2.33e+20
     -24.4 -2.49e+20
     -24.7  1.43e+20
     -24.9  1.28e+20
     -25.1  1.01e+20
     -25.4  3.45e+19
     -25.6 -6.94e+19
     -25.9  1.02e+19
     -26.1 -9.14e+19
     -26.3 -4.41e+19
     -26.6  1.58e+20
     -26.8  1.52e+20
     -27.1 -2.51e+20
     -27.3 -1.71e+19
     -27.5 -1.57e+20
     -27.8   1.9e+20
       -28  4.19e+19
     -28.2  3.49e+20
     -28.5   2.3e+19
     -28.7 -2.69e+20
       -29 -7.18e+19
     -29.2  1.02e+20
     -29.4 -3.01e+20
     -29.7 -5.64e+19
     -29.9  5.35e+19
     -30.2  2.32e+20
     -30.4 -9.83e+19
     -30.6   9.2e+19
     -30.9 -1.91e+20
     -31.1  8.79e+19
     -31.3 -8.95e+19
     -31.6  5.08e+19
     -31.8  2.63e+19
     -32.1  4.71e+19
     -32.3   1.1e+20
     -32.5  -1.8e+20
     -32.8 -1.39e+20
       -33  9.52e+19
     -33.3 -6.06e+19
     -33.5  6.95e+19
     -33.7 -2.42e+19
       -34  1.02e+19
     -34.2  8.24e+19
     -34.4  -1.5e+17
     -34.7 -5.45e+19
     -34.9  7.46e+19
     -35.2  6.93e+19
     -35.4  1.05e+20
     -35.6    -6e+19
     -35.9   6.3e+19
     -36.1 -4.32e+19
     -36.4   5.1e+18

pressure[atm]        = 0.1
temperature[K]           = 600
energy step[1/cm]        = 83.4
maximum energy[kcal/mol] = 44

bimolecular PEDs:
   E, kcal    P1->P2
        44  1.35e+22
      43.8  1.48e+22
      43.5  1.63e+22
      43.3  1.78e+22
      43.1  1.96e+22
      42.8  2.14e+22
      42.6  2.35e+22
      42.3  2.57e+22
      42.1  2.82e+22
      41.9  3.08e+22
      41.6  3.37e+22
      41.4  3.69e+22
      41.1  4.03e+22
      40.9  4.41e+22
      40.7  4.81e+22
      40.4  5.25e+22
      40.2  5.73e+22
        40  6.26e+22
      39.7  6.82e+22
      39.5  7.44e+22
      39.2   8.1e+22
        39  8.82e+22
      38.8  9.61e+22
      38.5  1.05e+23
      38.3  1.14e+23
        38  1.24e+23
      37.8  1.34e+23
      37.6  1.46e+23
      37.3  1.58e+23
      37.1  1.72e+23
      36.9  1.86e+23
      36.6  2.02e+23
      36.4  2.19e+23
      36.1  2.37e+23
      35.9  2.57e+23
      35.7  2.78e+23
      35.4  3.01e+23
      35.2  3.25e+23
      34.9  3.51e+23
      34.7  3.79e+23
      34.5  4.09e+23
      34.2  4.41e+23
        34  4.76e+23
      33.8  5.13e+23
      33.5  5.52e+23
      33.3  5.95e+23
        33   6.4e+23
      32.8  6.88e+23
      32.6  7.39e+23
      32.3  7.94e+23
      32.1  8.52e+23
      31.8  9.14e+23
      31.6   9.8e+23
      31.4  1.05e+24
      31.1  1.12e+24
      30.9   1.2e+24
      30.7  1.29e+24
      30.4  1.38e+24
      30.2  1.47e+24
      29.9  1.57e+24
      29.7  1.67e+24
      29.5  1.78e+24
      29.2   1.9e+24
        29  2.02e+24
      28.7  2.15e+24
      28.5  2.29e+24
      28.3  2.43e+24
        28  2.58e+24
      27.8  2.74e+24
      27.6   2.9e+24
      27.3  3.07e+24
      27.1  3.25e+24
      26.8  3.44e+24
      26.6  3.64e+24
      26.4  3.84e+24
      26.1  4.05e+24
      25.9  4.28e+24
      25.6   4.5e+24
      25.4  4.74e+24
      25.2  4.99e+24
      24.9  5.24e+24
      24.7  5.51e+24
      24.5  5.78e+24
      24.2  6.06e+24
        24  6.34e+24
      23.7  6.64e+24
      23.5  6.94e+24
      23.3  7.25e+24
        23  7.57e+24
      22.8  7.89e+24
      22.5  8.22e+24
      22.3  8.55e+24
      22.1  8.89e+24
      21.8  9.23e+24
      21.6  9.57e+24
      21.4  9.92e+24
      21.1  1.03e+25
      20.9  1.06e+25
      20.6   1.1e+25
      20.4  1.13e+25
      20.2  1.17e+25
      19.9   1.2e+25
      19.7  1.23e+25
      19.4  1.27e+25
      19.2   1.3e+25
        19  1.33e+25
      18.7  1.36e+25
      18.5  1.39e+25
      18.3  1.42e+25
        18  1.45e+25
      17.8  1.47e+25
      17.5   1.5e+25
      17.3  1.52e+25
      17.1  1.54e+25
      16.8  1.56e+25
      16.6  1.57e+25
      16.3  1.59e+25
      16.1   1.6e+25
      15.9  1.61e+25
      15.6  1.61e+25
      15.4  1.62e+25
      15.2  1.62e+25
      14.9  1.62e+25
      14.7  1.61e+25
      14.4   1.6e+25
      14.2  1.59e+25
        14  1.58e+25
      13.7  1.56e+25
      13.5  1.54e+25
      13.2  1.52e+25
        13  1.49e+25
      12.8  1.46e+25
      12.5  1.43e+25
      12.3   1.4e+25
      12.1  1.36e+25
      11.8  1.32e+25
      11.6  1.28e+25
      11.3  1.23e+25
      11.1  1.19e+25
      10.9  1.14e+25
      10.6  1.09e+25
      10.4  1.04e+25
      10.1  9.94e+24
       9.9  9.43e+24
      9.67  8.92e+24
      9.43   8.4e+24
      9.19  7.88e+24
      8.95  7.37e+24
      8.71  6.86e+24
      8.47  6.36e+24
      8.24  5.87e+24
         8   5.4e+24
      7.76  4.93e+24
      7.52  4.49e+24
      7.28  4.06e+24
      7.04  3.65e+24
       6.8  3.26e+24
      6.57  2.89e+24
      6.33  2.55e+24
      6.09  2.23e+24
      5.85  1.93e+24
      5.61  1.66e+24
      5.37  1.42e+24
      5.14   1.2e+24
       4.9     1e+24
      4.66  8.25e+23
      4.42  6.72e+23
      4.18  5.39e+23
      3.94  4.25e+23
       3.7  3.29e+23
      3.47  2.49e+23
      3.23  1.84e+23
      2.99  1.32e+23
      2.75  9.12e+22
      2.51  6.05e+22
      2.27  3.82e+22
      2.04  2.27e+22
       1.8  1.24e+22
      1.56  6.16e+21
      1.32  2.65e+21
      1.08  9.36e+20
     0.843  2.61e+20
     0.605  1.98e+19
     0.366  -3.3e+19
     0.128  7.24e+18
    -0.111   1.1e+19
    -0.349 -3.08e+18
    -0.588  6.87e+17
    -0.826 -2.77e+19
     -1.06  1.04e+19
      -1.3 -1.07e+19
     -1.54  1.09e+19
     -1.78 -1.38e+19
     -2.02 -1.32e+19
     -2.26  2.11e+19
      -2.5 -3.38e+19
     -2.73  -7.4e+18
     -2.97  6.69e+19
     -3.21 -2.77e+19
     -3.45   8.6e+18
     -3.69 -3.57e+19
     -3.93 -1.04e+19
     -4.16   1.4e+19
      -4.4  3.51e+19
     -4.64  -6.2e+19
     -4.88  -1.9e+18
     -5.12  2.59e+18
     -5.36 -2.41e+19
      -5.6 -1.47e+19
     -5.83 -1.45e+19
     -6.07 -5.72e+19
     -6.31  2.35e+19
     -6.55   1.6e+19
     -6.79  2.15e+19
     -7.03  1.07e+19
     -7.26  3.87e+18
      -7.5 -8.97e+19
     -7.74  3.39e+19
     -7.98 -1.13e+19
     -8.22  4.95e+19
     -8.46 -7.67e+17
      -8.7 -9.07e+19
     -8.93  4.97e+19
     -9.17 -9.76e+19
     -9.41  3.02e+19
     -9.65 -5.22e+19
     -9.89  1.34e+20
     -10.1 -4.19e+19
     -10.4   2.1e+19
     -10.6  -1.9e+19
     -10.8 -1.01e+20
     -11.1  1.53e+20
     -11.3 -1.25e+18
     -11.6  1.35e+20
     -11.8  9.19e+19
       -12 -9.25e+19
     -12.3  9.88e+19
     -12.5 -1.79e+19
     -12.7  4.43e+19
       -13 -6.34e+19
     -13.2  1.34e+20
     -13.5    -1e+20
     -13.7 -1.02e+20
     -13.9  2.31e+19
     -14.2  1.64e+20
     -14.4 -1.36e+18
     -14.7 -5.21e+19
     -14.9  6.82e+18
     -15.1  7.27e+19
     -15.4 -1.53e+19
     -15.6   1.8e+19
     -15.8 -6.37e+19
     -16.1  2.29e+20
     -16.3 -3.64e+19
     -16.6 -1.34e+18
     -16.8  4.16e+19
       -17  3.64e+20
     -17.3 -4.75e+19
     -17.5  7.93e+19
     -17.8 -1.34e+20
       -18   6.4e+19
     -18.2 -6.89e+19
     -18.5 -2.13e+19
     -18.7 -2.87e+19
     -18.9 -1.94e+20
     -19.2 -1.37e+20
     -19.4 -3.85e+19
     -19.7  2.18e+19
     -19.9  1.41e+20
     -20.1 -1.73e+20
     -20.4 -6.61e+19
     -20.6  -2.2e+19
     -20.9  8.19e+19
     -21.1  1.78e+19
     -21.3 -1.91e+20
     -21.6 -1.71e+19
     -21.8  4.48e+18
       -22  1.04e+20
     -22.3  3.47e+19
     -22.5 -2.85e+18
     -22.8  1.15e+20
       -23  2.53e+20
     -23.2 -1.22e+19
     -23.5  7.09e+19
     -23.7  6.22e+19
       -24    -2e+20
     -24.2 -4.45e+20
     -24.4 -3.11e+20
     -24.7 -3.29e+19
     -24.9 -1.88e+20
     -25.1 -1.57e+20
     -25.4 -9.58e+19
     -25.6  1.38e+19
     -25.9 -1.32e+20
     -26.1 -2.88e+20
     -26.3  8.49e+19
     -26.6  2.42e+20
     -26.8  4.67e+20
     -27.1  7.94e+19
     -27.3 -1.05e+20
     -27.5  -2.1e+20
     -27.8  5.74e+19
       -28  3.51e+20
     -28.2 -2.85e+19
     -28.5 -1.08e+20
     -28.7  4.93e+20
       -29 -3.28e+20
     -29.2  -2.5e+19
     -29.4 -1.59e+20
     -29.7  2.44e+20
     -29.9    -2e+20
     -30.2  3.44e+20
     -30.4 -3.63e+20
     -30.6  2.91e+20
     -30.9  1.91e+20
     -31.1  1.09e+20
     -31.3 -5.35e+19
     -31.6 -2.12e+20
     -31.8  2.67e+19
     -32.1 -2.96e+19
     -32.3 -6.67e+19
     -32.5 -3.61e+19
     -32.8  4.63e+19
       -33 -8.93e+18
     -33.3 -1.26e+20
     -33.5 -3.02e+19
     -33.7  4.33e+19
       -34  -4.5e+19
     -34.2 -1.06e+20
     -34.4  1.93e+19
     -34.7 -4.09e+18
     -34.9 -7.58e+19
     -35.2  7.57e+19
     -35.4  3.49e+19
     -35.6  5.26e+19
     -35.9 -2.66e+19
     -36.1   2.9e+19
     -36.4 -3.89e+19

pressure[atm]        = 1
temperature[K]           = 600
energy step[1/cm]        = 83.4
maximum energy[kcal/mol] = 44

bimolecular PEDs:
   E, kcal    P1->P2
        44  1.35e+22
      43.8  1.48e+22
      43.5  1.63e+22
      43.3  1.78e+22
      43.1  1.96e+22
      42.8  2.14e+22
      42.6  2.35e+22
      42.3  2.57e+22
      42.1  2.82e+22
      41.9  3.08e+22
      41.6  3.37e+22
      41.4  3.69e+22
      41.1  4.03e+22
      40.9  4.41e+22
      40.7  4.81e+22
      40.4  5.25e+22
      40.2  5.73e+22
        40  6.26e+22
      39.7  6.82e+22
      39.5  7.44e+22
      39.2   8.1e+22
        39  8.82e+22
      38.8  9.61e+22
      38.5  1.05e+23
      38.3  1.14e+23
        38  1.24e+23
      37.8  1.34e+23
      37.6  1.46e+23
      37.3  1.58e+23
      37.1  1.72e+23
      36.9  1.86e+23
      36.6  2.02e+23
      36.4  2.19e+23
      36.1  2.37e+23
      35.9  2.57e+23
      35.7  2.78e+23
      35.4  3.01e+23
      35.2  3.25e+23
      34.9  3.51e+23
      34.7  3.79e+23
      34.5  4.09e+23
      34.2  4.41e+23
        34  4.76e+23
      33.8  5.13e+23
      33.5  5.52e+23
      33.3  5.95e+23
        33   6.4e+23
      32.8  6.88e+23
      32.6  7.39e+23
      32.3  7.94e+23
      32.1  8.52e+23
      31.8  9.14e+23
      31.6   9.8e+23
      31.4  1.05e+24
      31.1  1.12e+24
      30.9   1.2e+24
      30.7  1.29e+24
      30.4  1.38e+24
      30.2  1.47e+24
      29.9  1.57e+24
      29.7  1.67e+24
      29.5  1.78e+24
      29.2   1.9e+24
        29  2.02e+24
      28.7  2.15e+24
      28.5  2.29e+24
      28.3  2.43e+24
        28  2.58e+24
      27.8  2.74e+24
      27.6   2.9e+24
      27.3  3.07e+24
      27.1  3.25e+24
      26.8  3.44e+24
      26.6  3.64e+24
      26.4  3.84e+24
      26.1  4.05e+24
      25.9  4.28e+24
      25.6   4.5e+24
      25.4  4.74e+24
      25.2  4.99e+24
      24.9  5.24e+24
      24.7  5.51e+24
      24.5  5.78e+24
      24.2  6.06e+24
        24  6.34e+24
      23.7  6.64e+24
      23.5  6.94e+24
      23.3  7.25e+24
        23  7.57e+24
      22.8  7.89e+24
      22.5  8.22e+24
      22.3  8.55e+24
      22.1  8.89e+24
      21.8  9.23e+24
      21.6  9.57e+24
      21.4  9.92e+24
      21.1  1.03e+25
      20.9  1.06e+25
      20.6   1.1e+25
      20.4  1.13e+25
      20.2  1.17e+25
      19.9   1.2e+25
      19.7  1.23e+25
      19.4  1.27e+25
      19.2   1.3e+25
        19  1.33e+25
      18.7  1.36e+25
      18.5  1.39e+25
      18.3  1.42e+25
        18  1.45e+25
      17.8  1.47e+25
      17.5   1.5e+25
      17.3  1.52e+25
      17.1  1.54e+25
      16.8  1.56e+25
      16.6  1.57e+25
      16.3  1.59e+25
      16.1   1.6e+25
      15.9  1.61e+25
      15.6  1.61e+25
      15.4  1.62e+25
      15.2  1.62e+25
      14.9  1.62e+25
      14.7  1.61e+25
      14.4   1.6e+25
      14.2  1.59e+25
        14  1.58e+25
      13.7  1.56e+25
      13.5  1.54e+25
      13.2  1.52e+25
        13  1.49e+25
      12.8  1.46e+25
      12.5  1.43e+25
      12.3   1.4e+25
      12.1  1.36e+25
      11.8  1.32e+25
      11.6  1.28e+25
      11.3  1.23e+25
      11.1  1.19e+25
      10.9  1.14e+25
      10.6  1.09e+25
      10.4  1.04e+25
      10.1  9.94e+24
       9.9  9.43e+24
      9.67  8.92e+24
      9.43   8.4e+24
      9.19  7.88e+24
      8.95  7.37e+24
      8.71  6.86e+24
      8.47  6.36e+24
      8.24  5.87e+24
         8   5.4e+24
      7.76  4.93e+24
      7.52  4.49e+24
      7.28  4.06e+24
      7.04  3.65e+24
       6.8  3.26e+24
      6.57  2.89e+24
      6.33  2.55e+24
      6.09  2.23e+24
      5.85  1.93e+24
      5.61  1.66e+24
      5.37  1.42e+24
      5.14   1.2e+24
       4.9     1e+24
      4.66  8.25e+23
      4.42  6.72e+23
      4.18  5.39e+23
      3.94  4.25e+23
       3.7  3.29e+23
      3.47  2.49e+23
      3.23  1.84e+23
      2.99  1.32e+23
      2.75  9.12e+22
      2.51  6.05e+22
      2.27  3.82e+22
      2.04  2.27e+22
       1.8  1.24e+22
      1.56  6.17e+21
      1.32  2.67e+21
      1.08   9.4e+20
     0.843  2.53e+20
     0.605  1.68e+19
     0.366  6.22e+18
     0.128  1.08e+19
    -0.111 -1.27e+19
    -0.349 -9.46e+18
    -0.588  6.78e+18
    -0.826  1.11e+19
     -1.06 -1.18e+19
      -1.3  4.14e+19
     -1.54  4.73e+18
     -1.78 -7.84e+18
     -2.02  1.78e+19
     -2.26  1.51e+19
      -2.5  2.72e+19
     -2.73  -4.1e+19
     -2.97  1.62e+19
     -3.21 -8.39e+18
     -3.45  4.15e+18
     -3.69 -3.05e+19
     -3.93 -1.48e+19
     -4.16 -6.15e+17
      -4.4 -8.12e+18
     -4.64  -3.4e+19
     -4.88 -1.01e+18
     -5.12  5.03e+19
     -5.36 -4.82e+19
      -5.6  1.73e+19
     -5.83 -4.44e+19
     -6.07  1.87e+19
     -6.31 -1.25e+19
     -6.55  8.11e+18
     -6.79  2.52e+19
     -7.03  -4.1e+18
     -7.26  1.17e+18
      -7.5  3.13e+19
     -7.74  6.16e+18
     -7.98 -5.05e+18
     -8.22  1.09e+20
     -8.46 -6.18e+19
      -8.7  6.08e+19
     -8.93  3.02e+19
     -9.17 -5.47e+19
     -9.41    -9e+18
     -9.65  1.77e+19
     -9.89  1.33e+20
     -10.1 -2.48e+19
     -10.4  1.34e+20
     -10.6 -8.68e+18
     -10.8  8.06e+19
     -11.1 -1.99e+19
     -11.3 -1.27e+19
     -11.6 -1.02e+20
     -11.8  1.02e+20
       -12  1.16e+20
     -12.3  9.39e+19
     -12.5 -1.57e+20
     -12.7  1.53e+20
       -13  1.29e+20
     -13.2 -1.09e+20
     -13.5  5.44e+19
     -13.7  9.83e+19
     -13.9 -1.76e+19
     -14.2  8.24e+19
     -14.4 -3.86e+19
     -14.7  -9.8e+19
     -14.9 -4.11e+19
     -15.1  3.79e+19
     -15.4   2.3e+19
     -15.6 -8.62e+19
     -15.8 -7.67e+18
     -16.1 -8.34e+19
     -16.3 -1.48e+20
     -16.6  5.32e+19
     -16.8  6.14e+19
       -17  3.75e+20
     -17.3  2.77e+20
     -17.5 -1.84e+20
     -17.8  1.49e+20
       -18 -1.34e+20
     -18.2 -6.25e+19
     -18.5 -2.19e+20
     -18.7  1.38e+20
     -18.9 -3.23e+19
     -19.2 -1.85e+20
     -19.4  6.79e+19
     -19.7  8.18e+18
     -19.9 -1.59e+20
     -20.1  5.32e+19
     -20.4  8.53e+18
     -20.6 -3.72e+19
     -20.9  9.25e+18
     -21.1 -7.46e+19
     -21.3  1.54e+20
     -21.6  3.31e+20
     -21.8  4.49e+19
       -22 -1.01e+20
     -22.3 -1.64e+20
     -22.5 -1.28e+20
     -22.8 -1.61e+20
       -23 -2.92e+19
     -23.2  1.36e+20
     -23.5 -4.79e+19
     -23.7 -1.34e+20
       -24  2.29e+19
     -24.2 -1.64e+20
     -24.4 -1.01e+19
     -24.7  -1.4e+20
     -24.9 -5.55e+19
     -25.1  3.37e+20
     -25.4  2.74e+19
     -25.6  6.87e+19
     -25.9  6.54e+19
     -26.1 -1.04e+20
     -26.3  1.33e+20
     -26.6 -1.63e+20
     -26.8   5.9e+20
     -27.1 -1.24e+20
     -27.3 -1.02e+19
     -27.5  -3.5e+20
     -27.8   9.8e+19
       -28  7.49e+19
     -28.2  6.07e+19
     -28.5 -9.16e+19
     -28.7  1.58e+20
       -29  1.45e+20
     -29.2  2.26e+20
     -29.4 -1.56e+20
     -29.7   1.2e+20
     -29.9 -9.58e+19
     -30.2  2.85e+20
     -30.4 -3.74e+20
     -30.6   1.2e+20
     -30.9 -7.83e+19
     -31.1   6.5e+19
     -31.3  6.89e+19
     -31.6 -8.25e+19
     -31.8 -2.06e+20
     -32.1  -5.9e+19
     -32.3 -4.36e+19
     -32.5  1.59e+20
     -32.8 -2.13e+19
       -33  1.71e+20
     -33.3  1.39e+20
     -33.5  4.36e+18
     -33.7 -5.34e+19
       -34 -1.73e+20
     -34.2  1.45e+20
     -34.4  1.17e+20
     -34.7 -5.74e+19
     -34.9 -8.82e+19
     -35.2 -5.31e+19
     -35.4 -2.01e+19
     -35.6 -5.69e+18
     -35.9  4.01e+17
     -36.1  2.74e+19
     -36.4  -3.6e+19

pressure[atm]        = 10
temperature[K]           = 600
energy step[1/cm]        = 83.4
maximum energy[kcal/mol] = 44

bimolecular PEDs:
   E, kcal    P1->P2
        44  1.35e+22
      43.8  1.48e+22
      43.5  1.63e+22
      43.3  1.78e+22
      43.1  1.96e+22
      42.8  2.14e+22
      42.6  2.35e+22
      42.3  2.57e+22
      42.1  2.82e+22
      41.9  3.08e+22
      41.6  3.37e+22
      41.4  3.69e+22
      41.1  4.03e+22
      40.9  4.41e+22
      40.7  4.81e+22
      40.4  5.25e+22
      40.2  5.73e+22
        40  6.26e+22
      39.7  6.82e+22
      39.5  7.44e+22
      39.2   8.1e+22
        39  8.82e+22
      38.8   9.6e+22
      38.5  1.05e+23
      38.3  1.14e+23
        38  1.24e+23
      37.8  1.34e+23
      37.6  1.46e+23
      37.3  1.58e+23
      37.1  1.72e+23
      36.9  1.86e+23
      36.6  2.02e+23
      36.4  2.19e+23
      36.1  2.37e+23
      35.9  2.57e+23
      35.7  2.78e+23
      35.4  3.01e+23
      35.2  3.25e+23
      34.9  3.51e+23
      34.7  3.79e+23
      34.5  4.09e+23
      34.2  4.41e+23
        34  4.76e+23
      33.8  5.13e+23
      33.5  5.52e+23
      33.3  5.95e+23
        33   6.4e+23
      32.8  6.88e+23
      32.6  7.39e+23
      32.3  7.94e+23
      32.1  8.52e+23
      31.8  9.14e+23
      31.6   9.8e+23
      31.4  1.05e+24
      31.1  1.12e+24
      30.9   1.2e+24
      30.7  1.29e+24
      30.4  1.38e+24
      30.2  1.47e+24
      29.9  1.57e+24
      29.7  1.67e+24
      29.5  1.78e+24
      29.2   1.9e+24
        29  2.02e+24
      28.7  2.15e+24
      28.5  2.29e+24
      28.3  2.43e+24
        28  2.58e+24
      27.8  2.74e+24
      27.6   2.9e+24
      27.3  3.07e+24
      27.1  3.25e+24
      26.8  3.44e+24
      26.6  3.64e+24
      26.4  3.84e+24
      26.1  4.05e+24
      25.9  4.28e+24
      25.6   4.5e+24
      25.4  4.74e+24
      25.2  4.99e+24
      24.9  5.24e+24
      24.7  5.51e+24
      24.5  5.78e+24
      24.2  6.06e+24
        24  6.34e+24
      23.7  6.64e+24
      23.5  6.94e+24
      23.3  7.25e+24
        23  7.57e+24
      22.8  7.89e+24
      22.5  8.22e+24
      22.3  8.55e+24
      22.1  8.89e+24
      21.8  9.23e+24
      21.6  9.57e+24
      21.4  9.92e+24
      21.1  1.03e+25
      20.9  1.06e+25
      20.6   1.1e+25
      20.4  1.13e+25
      20.2  1.17e+25
      19.9   1.2e+25
      19.7  1.23e+25
      19.4  1.27e+25
      19.2   1.3e+25
        19  1.33e+25
      18.7  1.36e+25
      18.5  1.39e+25
      18.3  1.42e+25
        18  1.45e+25
      17.8  1.47e+25
      17.5   1.5e+25
      17.3  1.52e+25
      17.1  1.54e+25
      16.8  1.56e+25
      16.6  1.57e+25
      16.3  1.59e+25
      16.1   1.6e+25
      15.9  1.61e+25
      15.6  1.61e+25
      15.4  1.62e+25
      15.2  1.62e+25
      14.9  1.62e+25
      14.7  1.61e+25
      14.4   1.6e+25
      14.2  1.59e+25
        14  1.58e+25
      13.7  1.56e+25
      13.5  1.54e+25
      13.2  1.52e+25
        13  1.49e+25
      12.8  1.46e+25
      12.5  1.43e+25
      12.3   1.4e+25
      12.1  1.36e+25
      11.8  1.32e+25
      11.6  1.28e+25
      11.3  1.23e+25
      11.1  1.19e+25
      10.9  1.14e+25
      10.6  1.09e+25
      10.4  1.04e+25
      10.1  9.94e+24
       9.9  9.43e+24
      9.67  8.92e+24
      9.43   8.4e+24
      9.19  7.88e+24
      8.95  7.37e+24
      8.71  6.86e+24
      8.47  6.36e+24
      8.24  5.87e+24
         8   5.4e+24
      7.76  4.93e+24
      7.52  4.49e+24
      7.28  4.06e+24
      7.04  3.65e+24
       6.8  3.26e+24
      6.57  2.89e+24
      6.33  2.55e+24
      6.09  2.23e+24
      5.85  1.93e+24
      5.61  1.66e+24
      5.37  1.42e+24
      5.14   1.2e+24
       4.9     1e+24
      4.66  8.26e+23
      4.42  6.72e+23
      4.18  5.39e+23
      3.94  4.26e+23
       3.7  3.29e+23
      3.47  2.49e+23
      3.23  1.84e+23
      2.99  1.32e+23
      2.75  9.14e+22
      2.51  6.07e+22
      2.27  3.84e+22
      2.04  2.28e+22
       1.8  1.26e+22
      1.56  6.28e+21
      1.32  2.77e+21
      1.08  1.03e+21
     0.843  3.15e+20
     0.605  1.65e+19
     0.366  2.53e+19
     0.128   3.8e+19
    -0.111  4.28e+19
    -0.349  1.51e+19
    -0.588  2.42e+19
    -0.826 -1.04e+19
     -1.06 -7.33e+18
      -1.3  3.87e+19
     -1.54 -3.73e+18
     -1.78 -8.28e+18
     -2.02 -2.59e+19
     -2.26  2.48e+19
      -2.5 -3.74e+19
     -2.73 -5.66e+17
     -2.97  1.49e+19
     -3.21    -6e+18
     -3.45 -4.26e+18
     -3.69  7.01e+17
     -3.93  2.77e+19
     -4.16 -3.56e+19
      -4.4  1.93e+19
     -4.64  5.87e+18
     -4.88 -3.42e+19
     -5.12 -5.57e+19
     -5.36  7.65e+19
      -5.6 -4.64e+19
     -5.83  9.19e+19
     -6.07 -1.04e+20
     -6.31 -5.56e+18
     -6.55 -3.17e+18
     -6.79   2.1e+19
     -7.03 -2.77e+19
     -7.26  1.24e+20
      -7.5 -2.56e+19
     -7.74 -3.96e+19
     -7.98 -9.21e+19
     -8.22 -4.03e+19
     -8.46   1.6e+19
      -8.7 -3.38e+18
     -8.93 -9.83e+19
     -9.17  3.27e+19
     -9.41  9.96e+19
     -9.65  1.73e+19
     -9.89  3.18e+19
     -10.1  -4.4e+19
     -10.4  4.87e+19
     -10.6 -5.31e+19
     -10.8 -4.43e+19
     -11.1  3.57e+19
     -11.3  2.82e+19
     -11.6 -8.98e+19
     -11.8 -1.27e+19
       -12  4.62e+17
     -12.3  7.08e+19
     -12.5  4.56e+19
     -12.7  2.85e+19
       -13 -1.45e+19
     -13.2  7.53e+19
     -13.5 -3.66e+19
     -13.7 -1.41e+20
     -13.9  1.52e+19
     -14.2  5.62e+19
     -14.4  7.96e+17
     -14.7 -1.14e+20
     -14.9  1.34e+20
     -15.1 -4.42e+19
     -15.4 -4.73e+19
     -15.6  7.65e+19
     -15.8 -1.47e+20
     -16.1  3.28e+20
     -16.3  -6.4e+19
     -16.6  2.05e+19
     -16.8  1.57e+20
       -17 -1.29e+20
     -17.3 -5.52e+19
     -17.5 -2.74e+19
     -17.8  7.33e+19
       -18 -8.04e+19
     -18.2 -1.28e+20
     -18.5 -2.74e+19
     -18.7 -9.02e+19
     -18.9  4.03e+20
     -19.2  5.48e+20
     -19.4  2.98e+20
     -19.7  8.77e+19
     -19.9 -1.92e+20
     -20.1 -3.56e+20
     -20.4  1.43e+20
     -20.6 -1.68e+20
     -20.9  2.82e+19
     -21.1  -2.3e+19
     -21.3  3.63e+19
     -21.6  6.22e+19
     -21.8  2.02e+20
       -22  1.23e+20
     -22.3  6.86e+19
     -22.5 -1.04e+20
     -22.8 -1.51e+20
       -23 -1.36e+20
     -23.2 -9.67e+19
     -23.5 -1.82e+20
     -23.7 -1.45e+20
       -24  4.36e+19
     -24.2  1.82e+20
     -24.4  2.38e+20
     -24.7  1.15e+20
     -24.9  8.29e+19
     -25.1 -1.31e+20
     -25.4 -1.52e+20
     -25.6 -7.42e+19
     -25.9  -1.9e+19
     -26.1 -3.54e+20
     -26.3  2.37e+20
     -26.6 -5.16e+19
     -26.8  2.21e+20
     -27.1  3.95e+20
     -27.3 -2.44e+20
     -27.5 -1.43e+20
     -27.8 -2.22e+20
       -28 -5.14e+19
     -28.2 -2.69e+20
     -28.5   2.4e+20
     -28.7 -1.09e+20
       -29 -2.78e+20
     -29.2  5.07e+20
     -29.4  -1.3e+20
     -29.7 -5.02e+19
     -29.9  2.13e+20
     -30.2 -1.61e+20
     -30.4  6.63e+19
     -30.6 -1.47e+20
     -30.9  3.69e+20
     -31.1 -1.49e+20
     -31.3 -1.61e+20
     -31.6  1.31e+20
     -31.8 -2.03e+20
     -32.1 -2.26e+19
     -32.3  8.16e+19
     -32.5 -3.27e+18
     -32.8 -1.65e+20
       -33 -6.83e+19
     -33.3 -1.15e+20
     -33.5  1.09e+20
     -33.7  2.34e+19
       -34  -3.1e+19
     -34.2  5.02e+19
     -34.4  1.39e+19
     -34.7  1.61e+20
     -34.9  4.98e+19
     -35.2  2.26e+19
     -35.4  5.23e+18
     -35.6 -6.54e+19
     -35.9  8.29e+19
     -36.1 -2.01e+19
     -36.4  3.45e+18

pressure[atm]        = 100
temperature[K]           = 600
energy step[1/cm]        = 83.4
maximum energy[kcal/mol] = 44

bimolecular PEDs:
   E, kcal    P1->P2
        44  1.35e+22
      43.8  1.48e+22
      43.5  1.62e+22
      43.3  1.78e+22
      43.1  1.95e+22
      42.8  2.14e+22
      42.6  2.35e+22
      42.3  2.57e+22
      42.1  2.81e+22
      41.9  3.08e+22
      41.6  3.37e+22
      41.4  3.69e+22
      41.1  4.03e+22
      40.9   4.4e+22
      40.7  4.81e+22
      40.4  5.25e+22
      40.2  5.73e+22
        40  6.25e+22
      39.7  6.82e+22
      39.5  7.43e+22
      39.2   8.1e+22
        39  8.82e+22
      38.8   9.6e+22
      38.5  1.04e+23
      38.3  1.14e+23
        38  1.24e+23
      37.8  1.34e+23
      37.6  1.46e+23
      37.3  1.58e+23
      37.1  1.72e+23
      36.9  1.86e+23
      36.6  2.02e+23
      36.4  2.19e+23
      36.1  2.37e+23
      35.9  2.57e+23
      35.7  2.78e+23
      35.4     3e+23
      35.2  3.25e+23
      34.9  3.51e+23
      34.7  3.79e+23
      34.5  4.09e+23
      34.2  4.41e+23
        34  4.76e+23
      33.8  5.13e+23
      33.5  5.52e+23
      33.3  5.94e+23
        33  6.39e+23
      32.8  6.87e+23
      32.6  7.39e+23
      32.3  7.93e+23
      32.1  8.52e+23
      31.8  9.14e+23
      31.6   9.8e+23
      31.4  1.05e+24
      31.1  1.12e+24
      30.9   1.2e+24
      30.7  1.29e+24
      30.4  1.38e+24
      30.2  1.47e+24
      29.9  1.57e+24
      29.7  1.67e+24
      29.5  1.78e+24
      29.2   1.9e+24
        29  2.02e+24
      28.7  2.15e+24
      28.5  2.29e+24
      28.3  2.43e+24
        28  2.58e+24
      27.8  2.74e+24
      27.6   2.9e+24
      27.3  3.07e+24
      27.1  3.25e+24
      26.8  3.44e+24
      26.6  3.64e+24
      26.4  3.84e+24
      26.1  4.05e+24
      25.9  4.27e+24
      25.6   4.5e+24
      25.4  4.74e+24
      25.2  4.99e+24
      24.9  5.24e+24
      24.7   5.5e+24
      24.5  5.77e+24
      24.2  6.05e+24
        24  6.34e+24
      23.7  6.64e+24
      23.5  6.94e+24
      23.3  7.25e+24
        23  7.56e+24
      22.8  7.88e+24
      22.5  8.21e+24
      22.3  8.55e+24
      22.1  8.88e+24
      21.8  9.22e+24
      21.6  9.57e+24
      21.4  9.92e+24
      21.1  1.03e+25
      20.9  1.06e+25
      20.6   1.1e+25
      20.4  1.13e+25
      20.2  1.17e+25
      19.9   1.2e+25
      19.7  1.23e+25
      19.4  1.27e+25
      19.2   1.3e+25
        19  1.33e+25
      18.7  1.36e+25
      18.5  1.39e+25
      18.3  1.42e+25
        18  1.45e+25
      17.8  1.47e+25
      17.5   1.5e+25
      17.3  1.52e+25
      17.1  1.54e+25
      16.8  1.56e+25
      16.6  1.57e+25
      16.3  1.59e+25
      16.1   1.6e+25
      15.9  1.61e+25
      15.6  1.61e+25
      15.4  1.62e+25
      15.2  1.62e+25
      14.9  1.62e+25
      14.7  1.61e+25
      14.4   1.6e+25
      14.2  1.59e+25
        14  1.58e+25
      13.7  1.56e+25
      13.5  1.54e+25
      13.2  1.52e+25
        13  1.49e+25
      12.8  1.46e+25
      12.5  1.43e+25
      12.3   1.4e+25
      12.1  1.36e+25
      11.8  1.32e+25
      11.6  1.28e+25
      11.3  1.24e+25
      11.1  1.19e+25
      10.9  1.14e+25
      10.6  1.09e+25
      10.4  1.05e+25
      10.1  9.95e+24
       9.9  9.44e+24
      9.67  8.92e+24
      9.43  8.41e+24
      9.19  7.89e+24
      8.95  7.38e+24
      8.71  6.87e+24
      8.47  6.37e+24
      8.24  5.88e+24
         8   5.4e+24
      7.76  4.94e+24
      7.52   4.5e+24
      7.28  4.07e+24
      7.04  3.65e+24
       6.8  3.26e+24
      6.57   2.9e+24
      6.33  2.55e+24
      6.09  2.23e+24
      5.85  1.94e+24
      5.61  1.67e+24
      5.37  1.42e+24
      5.14   1.2e+24
       4.9  1.01e+24
      4.66  8.31e+23
      4.42  6.77e+23
      4.18  5.44e+23
      3.94  4.29e+23
       3.7  3.33e+23
      3.47  2.53e+23
      3.23  1.87e+23
      2.99  1.35e+23
      2.75  9.37e+22
      2.51  6.27e+22
      2.27  4.01e+22
      2.04  2.43e+22
       1.8  1.38e+22
      1.56   7.4e+21
      1.32  3.68e+21
      1.08  1.83e+21
     0.843  9.54e+20
     0.605  6.44e+20
     0.366   5.5e+20
     0.128  4.34e+20
    -0.111  3.74e+20
    -0.349  3.02e+20
    -0.588  2.34e+20
    -0.826  2.24e+20
     -1.06  1.75e+20
      -1.3  1.41e+20
     -1.54  9.58e+19
     -1.78  6.58e+19
     -2.02  1.25e+20
     -2.26  7.61e+19
      -2.5   9.6e+19
     -2.73  2.17e+19
     -2.97   2.8e+19
     -3.21  4.33e+19
     -3.45  9.64e+18
     -3.69  4.42e+19
     -3.93 -2.75e+19
     -4.16  8.98e+18
      -4.4 -1.26e+19
     -4.64 -1.67e+19
     -4.88  4.19e+19
     -5.12  2.83e+19
     -5.36  7.81e+18
      -5.6  1.38e+19
     -5.83  3.86e+18
     -6.07  7.41e+19
     -6.31  4.22e+19
     -6.55  1.37e+19
     -6.79   2.9e+19
     -7.03 -9.17e+18
     -7.26 -1.15e+20
      -7.5  3.84e+19
     -7.74 -6.63e+19
     -7.98  3.72e+19
     -8.22 -5.15e+18
     -8.46 -1.26e+20
      -8.7  1.78e+19
     -8.93 -4.09e+19
     -9.17 -8.94e+18
     -9.41  1.85e+20
     -9.65 -2.89e+19
     -9.89 -4.74e+19
     -10.1 -1.24e+20
     -10.4  4.97e+19
     -10.6  4.85e+19
     -10.8  3.62e+19
     -11.1  6.21e+19
     -11.3   6.7e+19
     -11.6 -1.53e+20
     -11.8 -1.37e+20
       -12 -7.05e+19
     -12.3 -2.06e+19
     -12.5 -1.52e+20
     -12.7 -6.04e+19
       -13  2.02e+20
     -13.2  4.34e+19
     -13.5 -9.94e+19
     -13.7  2.17e+19
     -13.9  5.87e+19
     -14.2 -1.24e+19
     -14.4 -1.25e+20
     -14.7   6.7e+19
     -14.9  3.29e+20
     -15.1  8.05e+19
     -15.4  7.74e+19
     -15.6  1.47e+20
     -15.8  1.59e+18
     -16.1 -7.97e+19
     -16.3  4.39e+20
     -16.6  -2.1e+20
     -16.8  5.02e+19
       -17 -7.53e+19
     -17.3 -2.22e+20
     -17.5  2.38e+20
     -17.8 -1.42e+20
       -18  1.08e+20
     -18.2 -2.72e+20
     -18.5 -2.42e+20
     -18.7   1.4e+20
     -18.9 -2.86e+20
     -19.2  -1.9e+20
     -19.4 -1.33e+19
     -19.7 -8.84e+19
     -19.9  1.16e+20
     -20.1 -4.42e+19
     -20.4  1.02e+20
     -20.6 -3.41e+19
     -20.9  4.23e+20
     -21.1 -2.26e+19
     -21.3  1.42e+20
     -21.6  1.58e+20
     -21.8  3.08e+19
       -22 -4.72e+16
     -22.3  4.78e+19
     -22.5  1.79e+19
     -22.8   1.2e+20
       -23  2.48e+20
     -23.2  2.92e+20
     -23.5 -2.36e+18
     -23.7 -6.26e+18
       -24  9.97e+19
     -24.2 -6.11e+19
     -24.4  -2.2e+20
     -24.7  1.15e+19
     -24.9 -8.78e+19
     -25.1 -9.78e+18
     -25.4 -3.23e+20
     -25.6 -2.57e+19
     -25.9  1.64e+20
     -26.1 -1.69e+20
     -26.3  1.88e+20
     -26.6  -2.1e+20
     -26.8 -4.95e+20
     -27.1  1.96e+20
     -27.3  6.18e+19
     -27.5 -5.73e+19
     -27.8  -2.8e+20
       -28 -2.47e+20
     -28.2  2.67e+20
     -28.5 -2.04e+19
     -28.7 -2.94e+20
       -29  3.07e+19
     -29.2 -8.38e+19
     -29.4 -8.52e+19
     -29.7 -6.19e+19
     -29.9  2.17e+20
     -30.2 -1.16e+20
     -30.4 -8.75e+19
     -30.6 -5.92e+17
     -30.9  1.74e+19
     -31.1 -1.79e+20
     -31.3   1.6e+20
     -31.6  1.67e+20
     -31.8 -3.93e+20
     -32.1  3.35e+20
     -32.3 -1.26e+20
     -32.5 -5.92e+19
     -32.8  6.21e+19
       -33  5.42e+19
     -33.3 -1.78e+20
     -33.5 -1.43e+19
     -33.7 -1.24e+20
       -34  6.19e+19
     -34.2 -1.38e+20
     -34.4 -5.31e+19
     -34.7  2.37e+19
     -34.9 -7.95e+19
     -35.2  1.48e+20
     -35.4 -9.03e+19
     -35.6  1.59e+20
     -35.9  7.54e+19
     -36.1 -8.78e+19
     -36.4  3.02e+18

pressure[atm]        = 0.01
temperature[K]           = 700
energy step[1/cm]        = 97.3
maximum energy[kcal/mol] = 55.1

bimolecular PEDs:
   E, kcal    P1->P2
      55.1  1.36e+24
      54.8  1.49e+24
      54.6  1.63e+24
      54.3  1.79e+24
        54  1.96e+24
      53.7  2.15e+24
      53.4  2.35e+24
      53.2  2.57e+24
      52.9  2.81e+24
      52.6  3.07e+24
      52.3  3.36e+24
        52  3.67e+24
      51.8  4.01e+24
      51.5  4.37e+24
      51.2  4.77e+24
      50.9   5.2e+24
      50.7  5.67e+24
      50.4  6.18e+24
      50.1  6.74e+24
      49.8  7.34e+24
      49.5  7.99e+24
      49.3  8.69e+24
        49  9.45e+24
      48.7  1.03e+25
      48.4  1.12e+25
      48.2  1.21e+25
      47.9  1.32e+25
      47.6  1.43e+25
      47.3  1.55e+25
        47  1.68e+25
      46.8  1.82e+25
      46.5  1.98e+25
      46.2  2.14e+25
      45.9  2.32e+25
      45.6  2.51e+25
      45.4  2.71e+25
      45.1  2.93e+25
      44.8  3.16e+25
      44.5  3.42e+25
      44.3  3.69e+25
        44  3.98e+25
      43.7  4.29e+25
      43.4  4.62e+25
      43.1  4.98e+25
      42.9  5.36e+25
      42.6  5.77e+25
      42.3  6.21e+25
        42  6.67e+25
      41.8  7.17e+25
      41.5   7.7e+25
      41.2  8.26e+25
      40.9  8.86e+25
      40.6   9.5e+25
      40.4  1.02e+26
      40.1  1.09e+26
      39.8  1.17e+26
      39.5  1.25e+26
      39.2  1.33e+26
        39  1.43e+26
      38.7  1.52e+26
      38.4  1.63e+26
      38.1  1.73e+26
      37.9  1.85e+26
      37.6  1.97e+26
      37.3   2.1e+26
        37  2.23e+26
      36.7  2.37e+26
      36.5  2.52e+26
      36.2  2.67e+26
      35.9  2.84e+26
      35.6  3.01e+26
      35.4  3.19e+26
      35.1  3.38e+26
      34.8  3.57e+26
      34.5  3.78e+26
      34.2  3.99e+26
        34  4.22e+26
      33.7  4.45e+26
      33.4  4.69e+26
      33.1  4.94e+26
      32.9   5.2e+26
      32.6  5.48e+26
      32.3  5.76e+26
        32  6.05e+26
      31.7  6.35e+26
      31.5  6.66e+26
      31.2  6.98e+26
      30.9   7.3e+26
      30.6  7.64e+26
      30.3  7.99e+26
      30.1  8.34e+26
      29.8   8.7e+26
      29.5  9.07e+26
      29.2  9.44e+26
        29  9.82e+26
      28.7  1.02e+27
      28.4  1.06e+27
      28.1   1.1e+27
      27.8  1.14e+27
      27.6  1.18e+27
      27.3  1.22e+27
        27  1.26e+27
      26.7   1.3e+27
      26.5  1.34e+27
      26.2  1.38e+27
      25.9  1.42e+27
      25.6  1.46e+27
      25.3   1.5e+27
      25.1  1.54e+27
      24.8  1.58e+27
      24.5  1.62e+27
      24.2  1.65e+27
      23.9  1.69e+27
      23.7  1.72e+27
      23.4  1.75e+27
      23.1  1.78e+27
      22.8  1.81e+27
      22.6  1.84e+27
      22.3  1.86e+27
        22  1.88e+27
      21.7   1.9e+27
      21.4  1.92e+27
      21.2  1.93e+27
      20.9  1.94e+27
      20.6  1.95e+27
      20.3  1.96e+27
      20.1  1.96e+27
      19.8  1.96e+27
      19.5  1.96e+27
      19.2  1.95e+27
      18.9  1.94e+27
      18.7  1.93e+27
      18.4  1.91e+27
      18.1  1.89e+27
      17.8  1.87e+27
      17.5  1.84e+27
      17.3  1.81e+27
        17  1.78e+27
      16.7  1.74e+27
      16.4   1.7e+27
      16.2  1.66e+27
      15.9  1.62e+27
      15.6  1.57e+27
      15.3  1.52e+27
        15  1.47e+27
      14.8  1.42e+27
      14.5  1.37e+27
      14.2  1.31e+27
      13.9  1.26e+27
      13.7   1.2e+27
      13.4  1.14e+27
      13.1  1.08e+27
      12.8  1.02e+27
      12.5  9.67e+26
      12.3  9.09e+26
        12  8.51e+26
      11.7  7.95e+26
      11.4   7.4e+26
      11.2  6.86e+26
      10.9  6.33e+26
      10.6  5.82e+26
      10.3  5.33e+26
        10  4.86e+26
      9.76  4.41e+26
      9.48  3.98e+26
       9.2  3.58e+26
      8.93   3.2e+26
      8.65  2.85e+26
      8.37  2.52e+26
      8.09  2.21e+26
      7.81  1.93e+26
      7.53  1.67e+26
      7.26  1.44e+26
      6.98  1.23e+26
       6.7  1.04e+26
      6.42  8.69e+25
      6.14  7.21e+25
      5.87  5.92e+25
      5.59   4.8e+25
      5.31  3.85e+25
      5.03  3.04e+25
      4.75  2.37e+25
      4.47  1.81e+25
       4.2  1.36e+25
      3.92  9.95e+24
      3.64   7.1e+24
      3.36  4.92e+24
      3.08  3.28e+24
       2.8  2.09e+24
      2.53  1.26e+24
      2.25  7.14e+23
      1.97  3.69e+23
      1.69  1.71e+23
      1.41  6.75e+22
      1.14  2.07e+22
     0.857   3.4e+21
     0.579  1.09e+21
     0.301 -1.79e+20
    0.0228 -6.48e+20
    -0.255  9.46e+20
    -0.534  2.66e+20
    -0.812  1.49e+21
     -1.09 -2.61e+21
     -1.37 -4.01e+20
     -1.65 -5.79e+20
     -1.92 -8.88e+20
      -2.2  3.36e+20
     -2.48 -7.28e+20
     -2.76  3.51e+20
     -3.04  8.64e+20
     -3.32 -8.32e+18
     -3.59 -8.15e+20
     -3.87  2.93e+20
     -4.15  1.05e+21
     -4.43 -1.22e+20
     -4.71 -1.04e+21
     -4.98  1.54e+21
     -5.26 -5.91e+20
     -5.54  3.92e+21
     -5.82  3.64e+21
      -6.1  4.51e+19
     -6.38   1.9e+21
     -6.65 -4.71e+20
     -6.93   5.8e+20
     -7.21 -6.64e+20
     -7.49  9.63e+20
     -7.77  2.35e+20
     -8.05 -1.61e+21
     -8.32 -1.93e+21
      -8.6  2.53e+19
     -8.88 -5.69e+20
     -9.16 -2.43e+21
     -9.44  2.52e+21
     -9.71   1.1e+20
     -9.99 -2.62e+21
     -10.3  8.72e+19
     -10.5 -9.25e+20
     -10.8 -7.87e+20
     -11.1 -1.24e+21
     -11.4  2.13e+21
     -11.7 -3.56e+21
     -11.9 -2.05e+21
     -12.2 -5.73e+20
     -12.5  9.51e+20
     -12.8  -4.3e+20
     -13.1 -4.45e+20
     -13.3 -5.13e+20
     -13.6  -4.2e+20
     -13.9 -2.69e+20
     -14.2   1.4e+21
     -14.4 -2.36e+21
     -14.7 -3.29e+21
       -15   7.6e+20
     -15.3  2.61e+20
     -15.6  -3.2e+20
     -15.8 -3.09e+20
     -16.1 -1.15e+21
     -16.4  3.75e+20
     -16.7  2.65e+21
     -16.9 -1.51e+21
     -17.2 -3.34e+21
     -17.5    -6e+20
     -17.8 -6.08e+20
     -18.1 -1.22e+21
     -18.3   1.6e+21
     -18.6 -1.67e+21
     -18.9 -3.19e+21
     -19.2 -2.57e+21
     -19.5 -4.57e+21
     -19.7 -5.04e+21
       -20 -3.35e+21
     -20.3  -2.9e+21
     -20.6 -8.46e+20
     -20.8   2.7e+21
     -21.1  4.32e+21
     -21.4 -6.35e+20
     -21.7 -4.34e+21
       -22 -1.61e+21
     -22.2  3.23e+21
     -22.5  2.96e+21
     -22.8  1.09e+21
     -23.1 -1.25e+21
     -23.3 -1.73e+21
     -23.6  2.29e+21
     -23.9  4.56e+21
     -24.2  1.44e+21
     -24.5 -5.83e+20
     -24.7 -2.65e+21
       -25 -7.52e+20
     -25.3  2.64e+21
     -25.6  -4.6e+21
     -25.9 -5.55e+20
     -26.1 -2.82e+19
     -26.4 -4.04e+21
     -26.7  -2.1e+21
       -27   3.4e+21
     -27.2 -4.33e+21
     -27.5  8.56e+20
     -27.8  8.83e+20
     -28.1  1.39e+21
     -28.4 -1.22e+21
     -28.6  2.28e+21
     -28.9  1.74e+19
     -29.2  1.35e+21
     -29.5  2.02e+20
     -29.7  1.84e+21
       -30  1.95e+21
     -30.3  5.76e+20
     -30.6 -6.62e+20
     -30.9 -2.42e+21
     -31.1  2.57e+20
     -31.4 -2.22e+20
     -31.7 -1.04e+20
       -32  4.12e+20
     -32.2 -5.69e+20
     -32.5 -1.66e+20
     -32.8  1.15e+20
     -33.1  8.97e+19
     -33.4  4.34e+20
     -33.6  9.31e+19
     -33.9 -2.63e+20
     -34.2  7.13e+19
     -34.5 -3.44e+19
     -34.8 -1.14e+20
       -35 -1.88e+20
     -35.3 -4.08e+19
     -35.6 -5.92e+19
     -35.9 -2.62e+19
     -36.1 -6.08e+19
     -36.4 -1.15e+20

pressure[atm]        = 0.1
temperature[K]           = 700
energy step[1/cm]        = 97.3
maximum energy[kcal/mol] = 55.1

bimolecular PEDs:
   E, kcal    P1->P2
      55.1  1.36e+24
      54.8  1.49e+24
      54.6  1.63e+24
      54.3  1.79e+24
        54  1.96e+24
      53.7  2.15e+24
      53.4  2.35e+24
      53.2  2.57e+24
      52.9  2.81e+24
      52.6  3.07e+24
      52.3  3.36e+24
        52  3.67e+24
      51.8  4.01e+24
      51.5  4.37e+24
      51.2  4.77e+24
      50.9   5.2e+24
      50.7  5.67e+24
      50.4  6.18e+24
      50.1  6.74e+24
      49.8  7.34e+24
      49.5  7.99e+24
      49.3  8.69e+24
        49  9.45e+24
      48.7  1.03e+25
      48.4  1.12e+25
      48.2  1.21e+25
      47.9  1.32e+25
      47.6  1.43e+25
      47.3  1.55e+25
        47  1.68e+25
      46.8  1.82e+25
      46.5  1.98e+25
      46.2  2.14e+25
      45.9  2.32e+25
      45.6  2.51e+25
      45.4  2.71e+25
      45.1  2.93e+25
      44.8  3.16e+25
      44.5  3.42e+25
      44.3  3.69e+25
        44  3.98e+25
      43.7  4.29e+25
      43.4  4.62e+25
      43.1  4.98e+25
      42.9  5.36e+25
      42.6  5.77e+25
      42.3  6.21e+25
        42  6.67e+25
      41.8  7.17e+25
      41.5   7.7e+25
      41.2  8.26e+25
      40.9  8.86e+25
      40.6   9.5e+25
      40.4  1.02e+26
      40.1  1.09e+26
      39.8  1.17e+26
      39.5  1.25e+26
      39.2  1.33e+26
        39  1.43e+26
      38.7  1.52e+26
      38.4  1.63e+26
      38.1  1.73e+26
      37.9  1.85e+26
      37.6  1.97e+26
      37.3   2.1e+26
        37  2.23e+26
      36.7  2.37e+26
      36.5  2.52e+26
      36.2  2.67e+26
      35.9  2.84e+26
      35.6  3.01e+26
      35.4  3.19e+26
      35.1  3.38e+26
      34.8  3.57e+26
      34.5  3.78e+26
      34.2  3.99e+26
        34  4.22e+26
      33.7  4.45e+26
      33.4  4.69e+26
      33.1  4.94e+26
      32.9   5.2e+26
      32.6  5.48e+26
      32.3  5.76e+26
        32  6.05e+26
      31.7  6.35e+26
      31.5  6.66e+26
      31.2  6.98e+26
      30.9   7.3e+26
      30.6  7.64e+26
      30.3  7.99e+26
      30.1  8.34e+26
      29.8   8.7e+26
      29.5  9.07e+26
      29.2  9.44e+26
        29  9.82e+26
      28.7  1.02e+27
      28.4  1.06e+27
      28.1   1.1e+27
      27.8  1.14e+27
      27.6  1.18e+27
      27.3  1.22e+27
        27  1.26e+27
      26.7   1.3e+27
      26.5  1.34e+27
      26.2  1.38e+27
      25.9  1.42e+27
      25.6  1.46e+27
      25.3   1.5e+27
      25.1  1.54e+27
      24.8  1.58e+27
      24.5  1.62e+27
      24.2  1.65e+27
      23.9  1.69e+27
      23.7  1.72e+27
      23.4  1.75e+27
      23.1  1.78e+27
      22.8  1.81e+27
      22.6  1.84e+27
      22.3  1.86e+27
        22  1.88e+27
      21.7   1.9e+27
      21.4  1.92e+27
      21.2  1.93e+27
      20.9  1.94e+27
      20.6  1.95e+27
      20.3  1.96e+27
      20.1  1.96e+27
      19.8  1.96e+27
      19.5  1.96e+27
      19.2  1.95e+27
      18.9  1.94e+27
      18.7  1.93e+27
      18.4  1.91e+27
      18.1  1.89e+27
      17.8  1.87e+27
      17.5  1.84e+27
      17.3  1.81e+27
        17  1.78e+27
      16.7  1.74e+27
      16.4   1.7e+27
      16.2  1.66e+27
      15.9  1.62e+27
      15.6  1.57e+27
      15.3  1.52e+27
        15  1.47e+27
      14.8  1.42e+27
      14.5  1.37e+27
      14.2  1.31e+27
      13.9  1.26e+27
      13.7   1.2e+27
      13.4  1.14e+27
      13.1  1.08e+27
      12.8  1.02e+27
      12.5  9.67e+26
      12.3  9.09e+26
        12  8.51e+26
      11.7  7.95e+26
      11.4   7.4e+26
      11.2  6.86e+26
      10.9  6.33e+26
      10.6  5.82e+26
      10.3  5.33e+26
        10  4.86e+26
      9.76  4.41e+26
      9.48  3.98e+26
       9.2  3.58e+26
      8.93   3.2e+26
      8.65  2.85e+26
      8.37  2.52e+26
      8.09  2.21e+26
      7.81  1.93e+26
      7.53  1.67e+26
      7.26  1.44e+26
      6.98  1.23e+26
       6.7  1.04e+26
      6.42  8.69e+25
      6.14  7.21e+25
      5.87  5.92e+25
      5.59   4.8e+25
      5.31  3.85e+25
      5.03  3.04e+25
      4.75  2.37e+25
      4.47  1.81e+25
       4.2  1.36e+25
      3.92  9.95e+24
      3.64   7.1e+24
      3.36  4.92e+24
      3.08  3.28e+24
       2.8  2.09e+24
      2.53  1.26e+24
      2.25  7.13e+23
      1.97  3.69e+23
      1.69  1.71e+23
      1.41  6.68e+22
      1.14  2.12e+22
     0.857  4.47e+21
     0.579  6.13e+20
     0.301  9.22e+20
    0.0228  5.04e+20
    -0.255 -1.13e+21
    -0.534    -8e+20
    -0.812 -2.71e+20
     -1.09  3.13e+20
     -1.37 -1.18e+21
     -1.65  8.35e+20
     -1.92 -5.19e+20
      -2.2  8.71e+20
     -2.48 -2.86e+20
     -2.76 -4.19e+20
     -3.04  -2.8e+20
     -3.32  3.25e+20
     -3.59  6.77e+20
     -3.87 -5.55e+20
     -4.15 -1.28e+21
     -4.43  5.23e+20
     -4.71 -7.54e+20
     -4.98 -1.78e+21
     -5.26  2.42e+20
     -5.54 -2.04e+20
     -5.82 -3.24e+21
      -6.1   1.6e+20
     -6.38 -1.07e+21
     -6.65 -7.97e+20
     -6.93  1.08e+21
     -7.21  1.48e+21
     -7.49  6.68e+20
     -7.77   1.1e+20
     -8.05 -2.56e+21
     -8.32 -6.92e+19
      -8.6 -1.22e+21
     -8.88 -1.67e+21
     -9.16 -6.58e+20
     -9.44 -2.98e+21
     -9.71 -2.34e+20
     -9.99  2.47e+20
     -10.3  6.44e+19
     -10.5 -1.54e+20
     -10.8 -7.76e+20
     -11.1  4.72e+20
     -11.4  2.32e+20
     -11.7  1.63e+21
     -11.9  1.95e+21
     -12.2 -3.89e+20
     -12.5  2.19e+21
     -12.8  7.12e+20
     -13.1  4.15e+20
     -13.3  4.69e+20
     -13.6  2.41e+21
     -13.9 -3.01e+21
     -14.2   1.2e+21
     -14.4  -5.5e+20
     -14.7  1.85e+21
       -15 -7.61e+20
     -15.3  1.21e+21
     -15.6 -3.67e+21
     -15.8 -1.51e+21
     -16.1 -2.05e+21
     -16.4 -5.27e+20
     -16.7  1.28e+21
     -16.9 -2.99e+21
     -17.2    -5e+21
     -17.5 -5.13e+21
     -17.8 -3.52e+21
     -18.1 -5.41e+21
     -18.3  -1.8e+21
     -18.6  2.21e+21
     -18.9  6.63e+19
     -19.2  2.45e+21
     -19.5 -4.84e+21
     -19.7 -2.37e+20
       -20 -6.11e+20
     -20.3 -1.14e+21
     -20.6  2.97e+21
     -20.8  3.51e+21
     -21.1  9.66e+20
     -21.4 -1.61e+21
     -21.7  7.07e+20
       -22 -2.19e+21
     -22.2 -4.03e+21
     -22.5 -1.18e+21
     -22.8  4.24e+20
     -23.1 -1.33e+20
     -23.3 -4.79e+20
     -23.6    -7e+20
     -23.9 -1.39e+21
     -24.2  4.86e+20
     -24.5  1.21e+21
     -24.7  2.56e+21
       -25  -1.2e+21
     -25.3  -3.9e+21
     -25.6  1.95e+21
     -25.9 -2.84e+20
     -26.1 -2.74e+21
     -26.4  3.29e+21
     -26.7 -1.35e+21
       -27   4.9e+20
     -27.2  4.85e+21
     -27.5 -1.35e+21
     -27.8 -7.79e+20
     -28.1  7.51e+20
     -28.4 -1.16e+21
     -28.6  3.05e+20
     -28.9  -1.6e+21
     -29.2  3.13e+21
     -29.5  7.23e+20
     -29.7  5.95e+18
       -30 -9.74e+20
     -30.3 -1.27e+20
     -30.6  1.03e+21
     -30.9 -1.29e+20
     -31.1  6.28e+19
     -31.4 -9.41e+20
     -31.7 -1.53e+21
       -32  1.21e+21
     -32.2  8.84e+20
     -32.5 -1.01e+21
     -32.8  1.76e+21
     -33.1 -2.14e+20
     -33.4 -8.52e+20
     -33.6  1.38e+20
     -33.9  3.84e+19
     -34.2 -2.34e+19
     -34.5 -2.51e+20
     -34.8 -1.52e+20
       -35   2.5e+20
     -35.3 -5.08e+19
     -35.6  2.07e+19
     -35.9  1.01e+20
     -36.1 -1.92e+20
     -36.4 -1.15e+20

pressure[atm]        = 1
temperature[K]           = 700
energy step[1/cm]        = 97.3
maximum energy[kcal/mol] = 55.1

bimolecular PEDs:
   E, kcal    P1->P2
      55.1  1.36e+24
      54.8  1.49e+24
      54.6  1.63e+24
      54.3  1.79e+24
        54  1.96e+24
      53.7  2.15e+24
      53.4  2.35e+24
      53.2  2.57e+24
      52.9  2.81e+24
      52.6  3.07e+24
      52.3  3.36e+24
        52  3.67e+24
      51.8  4.01e+24
      51.5  4.37e+24
      51.2  4.77e+24
      50.9   5.2e+24
      50.7  5.67e+24
      50.4  6.18e+24
      50.1  6.74e+24
      49.8  7.34e+24
      49.5  7.99e+24
      49.3  8.69e+24
        49  9.45e+24
      48.7  1.03e+25
      48.4  1.12e+25
      48.2  1.21e+25
      47.9  1.32e+25
      47.6  1.43e+25
      47.3  1.55e+25
        47  1.68e+25
      46.8  1.82e+25
      46.5  1.98e+25
      46.2  2.14e+25
      45.9  2.32e+25
      45.6   2.5e+25
      45.4  2.71e+25
      45.1  2.93e+25
      44.8  3.16e+25
      44.5  3.42e+25
      44.3  3.69e+25
        44  3.98e+25
      43.7  4.29e+25
      43.4  4.62e+25
      43.1  4.98e+25
      42.9  5.36e+25
      42.6  5.77e+25
      42.3  6.21e+25
        42  6.67e+25
      41.8  7.17e+25
      41.5   7.7e+25
      41.2  8.26e+25
      40.9  8.86e+25
      40.6   9.5e+25
      40.4  1.02e+26
      40.1  1.09e+26
      39.8  1.17e+26
      39.5  1.25e+26
      39.2  1.33e+26
        39  1.43e+26
      38.7  1.52e+26
      38.4  1.63e+26
      38.1  1.73e+26
      37.9  1.85e+26
      37.6  1.97e+26
      37.3   2.1e+26
        37  2.23e+26
      36.7  2.37e+26
      36.5  2.52e+26
      36.2  2.67e+26
      35.9  2.84e+26
      35.6  3.01e+26
      35.4  3.19e+26
      35.1  3.38e+26
      34.8  3.57e+26
      34.5  3.78e+26
      34.2  3.99e+26
        34  4.22e+26
      33.7  4.45e+26
      33.4  4.69e+26
      33.1  4.94e+26
      32.9   5.2e+26
      32.6  5.48e+26
      32.3  5.76e+26
        32  6.05e+26
      31.7  6.35e+26
      31.5  6.66e+26
      31.2  6.98e+26
      30.9   7.3e+26
      30.6  7.64e+26
      30.3  7.99e+26
      30.1  8.34e+26
      29.8   8.7e+26
      29.5  9.07e+26
      29.2  9.44e+26
        29  9.82e+26
      28.7  1.02e+27
      28.4  1.06e+27
      28.1   1.1e+27
      27.8  1.14e+27
      27.6  1.18e+27
      27.3  1.22e+27
        27  1.26e+27
      26.7   1.3e+27
      26.5  1.34e+27
      26.2  1.38e+27
      25.9  1.42e+27
      25.6  1.46e+27
      25.3   1.5e+27
      25.1  1.54e+27
      24.8  1.58e+27
      24.5  1.62e+27
      24.2  1.65e+27
      23.9  1.69e+27
      23.7  1.72e+27
      23.4  1.75e+27
      23.1  1.78e+27
      22.8  1.81e+27
      22.6  1.84e+27
      22.3  1.86e+27
        22  1.88e+27
      21.7   1.9e+27
      21.4  1.92e+27
      21.2  1.93e+27
      20.9  1.94e+27
      20.6  1.95e+27
      20.3  1.96e+27
      20.1  1.96e+27
      19.8  1.96e+27
      19.5  1.96e+27
      19.2  1.95e+27
      18.9  1.94e+27
      18.7  1.93e+27
      18.4  1.91e+27
      18.1  1.89e+27
      17.8  1.87e+27
      17.5  1.84e+27
      17.3  1.81e+27
        17  1.78e+27
      16.7  1.74e+27
      16.4   1.7e+27
      16.2  1.66e+27
      15.9  1.62e+27
      15.6  1.57e+27
      15.3  1.52e+27
        15  1.47e+27
      14.8  1.42e+27
      14.5  1.37e+27
      14.2  1.31e+27
      13.9  1.26e+27
      13.7   1.2e+27
      13.4  1.14e+27
      13.1  1.08e+27
      12.8  1.02e+27
      12.5  9.67e+26
      12.3  9.09e+26
        12  8.51e+26
      11.7  7.95e+26
      11.4   7.4e+26
      11.2  6.86e+26
      10.9  6.33e+26
      10.6  5.82e+26
      10.3  5.33e+26
        10  4.86e+26
      9.76  4.41e+26
      9.48  3.98e+26
       9.2  3.58e+26
      8.93   3.2e+26
      8.65  2.85e+26
      8.37  2.52e+26
      8.09  2.21e+26
      7.81  1.93e+26
      7.53  1.67e+26
      7.26  1.44e+26
      6.98  1.23e+26
       6.7  1.04e+26
      6.42  8.69e+25
      6.14  7.21e+25
      5.87  5.92e+25
      5.59   4.8e+25
      5.31  3.85e+25
      5.03  3.04e+25
      4.75  2.37e+25
      4.47  1.81e+25
       4.2  1.36e+25
      3.92  9.95e+24
      3.64   7.1e+24
      3.36  4.92e+24
      3.08  3.28e+24
       2.8  2.09e+24
      2.53  1.26e+24
      2.25  7.13e+23
      1.97  3.69e+23
      1.69  1.71e+23
      1.41  6.74e+22
      1.14  2.04e+22
     0.857  5.36e+21
     0.579   7.4e+20
     0.301  1.12e+21
    0.0228 -3.32e+20
    -0.255 -2.31e+18
    -0.534  7.26e+20
    -0.812 -4.73e+20
     -1.09  4.31e+20
     -1.37 -1.64e+20
     -1.65  7.63e+20
     -1.92 -5.65e+20
      -2.2  1.11e+21
     -2.48  2.78e+20
     -2.76  5.22e+20
     -3.04  5.71e+20
     -3.32  4.69e+20
     -3.59     8e+20
     -3.87  2.27e+21
     -4.15 -3.06e+21
     -4.43  8.98e+20
     -4.71 -3.83e+20
     -4.98 -5.21e+20
     -5.26  4.16e+20
     -5.54 -1.96e+21
     -5.82  -1.4e+21
      -6.1  9.53e+20
     -6.38  8.19e+20
     -6.65 -1.29e+21
     -6.93  1.32e+20
     -7.21 -8.14e+20
     -7.49 -9.15e+20
     -7.77  1.96e+21
     -8.05 -2.59e+21
     -8.32  1.28e+21
      -8.6  1.24e+21
     -8.88  1.81e+21
     -9.16  4.21e+20
     -9.44 -1.76e+21
     -9.71  2.56e+21
     -9.99  2.01e+20
     -10.3 -4.42e+20
     -10.5 -5.67e+19
     -10.8 -4.18e+21
     -11.1   6.5e+20
     -11.4  1.12e+21
     -11.7 -1.31e+21
     -11.9  1.74e+20
     -12.2  2.73e+21
     -12.5 -1.32e+21
     -12.8  -2.4e+21
     -13.1 -1.81e+20
     -13.3  2.11e+21
     -13.6 -2.05e+21
     -13.9 -2.04e+20
     -14.2  2.77e+21
     -14.4  1.21e+21
     -14.7  2.72e+21
       -15 -1.07e+21
     -15.3 -3.72e+20
     -15.6  1.24e+21
     -15.8 -9.14e+20
     -16.1   3.4e+20
     -16.4  1.35e+21
     -16.7  1.94e+21
     -16.9  7.36e+20
     -17.2 -2.88e+21
     -17.5  3.33e+21
     -17.8 -1.53e+21
     -18.1  -2.7e+21
     -18.3  1.23e+21
     -18.6 -3.47e+20
     -18.9  1.32e+21
     -19.2  9.71e+20
     -19.5 -9.18e+20
     -19.7 -1.27e+21
       -20 -3.49e+21
     -20.3 -1.99e+21
     -20.6 -3.38e+21
     -20.8  1.07e+20
     -21.1  1.16e+21
     -21.4  2.52e+21
     -21.7   2.4e+21
       -22 -3.46e+20
     -22.2 -1.08e+21
     -22.5  -8.3e+20
     -22.8  1.76e+21
     -23.1  1.58e+21
     -23.3 -7.05e+20
     -23.6 -1.81e+21
     -23.9 -4.87e+20
     -24.2 -3.21e+20
     -24.5 -4.57e+20
     -24.7   1.4e+21
       -25 -8.41e+20
     -25.3  9.25e+20
     -25.6 -1.44e+21
     -25.9  2.01e+20
     -26.1 -1.36e+21
     -26.4   1.2e+21
     -26.7 -7.11e+19
       -27 -3.02e+21
     -27.2  4.52e+21
     -27.5  -3.2e+21
     -27.8  4.54e+20
     -28.1  3.62e+20
     -28.4 -2.46e+20
     -28.6  -1.5e+21
     -28.9  9.82e+19
     -29.2 -2.76e+21
     -29.5 -3.94e+20
     -29.7   3.7e+20
       -30  2.06e+21
     -30.3 -2.24e+20
     -30.6 -1.86e+21
     -30.9   3.3e+21
     -31.1 -1.06e+21
     -31.4 -1.53e+21
     -31.7  1.07e+21
       -32    -1e+20
     -32.2  3.93e+20
     -32.5  5.15e+20
     -32.8  6.41e+20
     -33.1 -4.66e+20
     -33.4 -7.17e+19
     -33.6  9.55e+19
     -33.9 -7.64e+19
     -34.2  2.39e+20
     -34.5 -1.22e+20
     -34.8 -4.44e+19
       -35  -2.7e+20
     -35.3  1.01e+20
     -35.6   2.6e+19
     -35.9 -4.28e+19
     -36.1  3.94e+19
     -36.4 -1.02e+19

pressure[atm]        = 10
temperature[K]           = 700
energy step[1/cm]        = 97.3
maximum energy[kcal/mol] = 55.1

bimolecular PEDs:
   E, kcal    P1->P2
      55.1  1.36e+24
      54.8  1.49e+24
      54.6  1.63e+24
      54.3  1.79e+24
        54  1.96e+24
      53.7  2.15e+24
      53.4  2.35e+24
      53.2  2.57e+24
      52.9  2.81e+24
      52.6  3.07e+24
      52.3  3.36e+24
        52  3.67e+24
      51.8  4.01e+24
      51.5  4.37e+24
      51.2  4.77e+24
      50.9   5.2e+24
      50.7  5.67e+24
      50.4  6.18e+24
      50.1  6.74e+24
      49.8  7.34e+24
      49.5  7.99e+24
      49.3  8.69e+24
        49  9.45e+24
      48.7  1.03e+25
      48.4  1.12e+25
      48.2  1.21e+25
      47.9  1.32e+25
      47.6  1.43e+25
      47.3  1.55e+25
        47  1.68e+25
      46.8  1.82e+25
      46.5  1.98e+25
      46.2  2.14e+25
      45.9  2.32e+25
      45.6   2.5e+25
      45.4  2.71e+25
      45.1  2.93e+25
      44.8  3.16e+25
      44.5  3.42e+25
      44.3  3.69e+25
        44  3.98e+25
      43.7  4.29e+25
      43.4  4.62e+25
      43.1  4.98e+25
      42.9  5.36e+25
      42.6  5.77e+25
      42.3  6.21e+25
        42  6.67e+25
      41.8  7.17e+25
      41.5   7.7e+25
      41.2  8.26e+25
      40.9  8.86e+25
      40.6   9.5e+25
      40.4  1.02e+26
      40.1  1.09e+26
      39.8  1.17e+26
      39.5  1.25e+26
      39.2  1.33e+26
        39  1.43e+26
      38.7  1.52e+26
      38.4  1.63e+26
      38.1  1.73e+26
      37.9  1.85e+26
      37.6  1.97e+26
      37.3  2.09e+26
        37  2.23e+26
      36.7  2.37e+26
      36.5  2.52e+26
      36.2  2.67e+26
      35.9  2.84e+26
      35.6  3.01e+26
      35.4  3.19e+26
      35.1  3.38e+26
      34.8  3.57e+26
      34.5  3.78e+26
      34.2  3.99e+26
        34  4.22e+26
      33.7  4.45e+26
      33.4  4.69e+26
      33.1  4.94e+26
      32.9   5.2e+26
      32.6  5.48e+26
      32.3  5.76e+26
        32  6.05e+26
      31.7  6.35e+26
      31.5  6.66e+26
      31.2  6.98e+26
      30.9   7.3e+26
      30.6  7.64e+26
      30.3  7.99e+26
      30.1  8.34e+26
      29.8   8.7e+26
      29.5  9.07e+26
      29.2  9.44e+26
        29  9.82e+26
      28.7  1.02e+27
      28.4  1.06e+27
      28.1   1.1e+27
      27.8  1.14e+27
      27.6  1.18e+27
      27.3  1.22e+27
        27  1.26e+27
      26.7   1.3e+27
      26.5  1.34e+27
      26.2  1.38e+27
      25.9  1.42e+27
      25.6  1.46e+27
      25.3   1.5e+27
      25.1  1.54e+27
      24.8  1.58e+27
      24.5  1.62e+27
      24.2  1.65e+27
      23.9  1.69e+27
      23.7  1.72e+27
      23.4  1.75e+27
      23.1  1.78e+27
      22.8  1.81e+27
      22.6  1.84e+27
      22.3  1.86e+27
        22  1.88e+27
      21.7   1.9e+27
      21.4  1.92e+27
      21.2  1.93e+27
      20.9  1.94e+27
      20.6  1.95e+27
      20.3  1.96e+27
      20.1  1.96e+27
      19.8  1.96e+27
      19.5  1.96e+27
      19.2  1.95e+27
      18.9  1.94e+27
      18.7  1.93e+27
      18.4  1.91e+27
      18.1  1.89e+27
      17.8  1.87e+27
      17.5  1.84e+27
      17.3  1.81e+27
        17  1.78e+27
      16.7  1.74e+27
      16.4   1.7e+27
      16.2  1.66e+27
      15.9  1.62e+27
      15.6  1.57e+27
      15.3  1.52e+27
        15  1.47e+27
      14.8  1.42e+27
      14.5  1.37e+27
      14.2  1.31e+27
      13.9  1.26e+27
      13.7   1.2e+27
      13.4  1.14e+27
      13.1  1.08e+27
      12.8  1.02e+27
      12.5  9.67e+26
      12.3  9.09e+26
        12  8.51e+26
      11.7  7.95e+26
      11.4   7.4e+26
      11.2  6.86e+26
      10.9  6.33e+26
      10.6  5.82e+26
      10.3  5.33e+26
        10  4.86e+26
      9.76  4.41e+26
      9.48  3.99e+26
       9.2  3.58e+26
      8.93   3.2e+26
      8.65  2.85e+26
      8.37  2.52e+26
      8.09  2.21e+26
      7.81  1.93e+26
      7.53  1.67e+26
      7.26  1.44e+26
      6.98  1.23e+26
       6.7  1.04e+26
      6.42  8.69e+25
      6.14  7.21e+25
      5.87  5.92e+25
      5.59   4.8e+25
      5.31  3.85e+25
      5.03  3.04e+25
      4.75  2.37e+25
      4.47  1.81e+25
       4.2  1.36e+25
      3.92  9.96e+24
      3.64  7.12e+24
      3.36  4.93e+24
      3.08  3.29e+24
       2.8   2.1e+24
      2.53  1.27e+24
      2.25   7.2e+23
      1.97  3.74e+23
      1.69  1.75e+23
      1.41  7.19e+22
      1.14   2.4e+22
     0.857  7.47e+21
     0.579  1.76e+21
     0.301  2.12e+21
    0.0228  1.83e+21
    -0.255  1.04e+21
    -0.534  1.64e+21
    -0.812  1.87e+21
     -1.09 -1.42e+20
     -1.37  1.35e+19
     -1.65  6.18e+20
     -1.92  4.87e+20
      -2.2   4.6e+20
     -2.48  9.15e+20
     -2.76 -8.48e+20
     -3.04  5.67e+20
     -3.32  8.53e+20
     -3.59  -2.3e+20
     -3.87  3.17e+20
     -4.15 -5.21e+20
     -4.43   1.6e+21
     -4.71 -3.78e+20
     -4.98  1.42e+21
     -5.26 -6.75e+20
     -5.54  1.62e+21
     -5.82 -2.24e+21
      -6.1  1.36e+20
     -6.38 -7.21e+19
     -6.65 -7.69e+20
     -6.93  -5.4e+20
     -7.21 -7.99e+20
     -7.49  6.78e+18
     -7.77 -3.36e+20
     -8.05  1.54e+21
     -8.32 -1.56e+21
      -8.6  1.35e+21
     -8.88  2.18e+21
     -9.16  5.61e+20
     -9.44  2.52e+21
     -9.71   3.8e+21
     -9.99  3.08e+21
     -10.3 -3.42e+19
     -10.5 -1.23e+19
     -10.8  4.92e+20
     -11.1 -2.02e+21
     -11.4 -1.73e+21
     -11.7 -9.42e+20
     -11.9 -4.53e+20
     -12.2  -1.9e+21
     -12.5 -1.49e+21
     -12.8 -2.55e+21
     -13.1  1.46e+21
     -13.3  1.04e+21
     -13.6  2.05e+21
     -13.9 -4.89e+20
     -14.2  9.94e+20
     -14.4 -4.18e+21
     -14.7 -2.75e+21
       -15  2.21e+21
     -15.3   8.9e+20
     -15.6 -4.18e+21
     -15.8  3.77e+21
     -16.1 -3.26e+21
     -16.4  3.62e+21
     -16.7 -1.01e+21
     -16.9  3.15e+21
     -17.2  1.78e+21
     -17.5 -3.89e+21
     -17.8  2.17e+21
     -18.1  1.12e+21
     -18.3  2.48e+21
     -18.6  3.36e+20
     -18.9 -4.36e+20
     -19.2 -1.04e+21
     -19.5  -3.2e+21
     -19.7  1.74e+21
       -20  2.37e+21
     -20.3 -1.03e+20
     -20.6  2.17e+21
     -20.8  1.15e+21
     -21.1 -1.59e+21
     -21.4  -6.8e+20
     -21.7  1.91e+21
       -22  2.98e+21
     -22.2  2.98e+21
     -22.5  7.98e+20
     -22.8 -1.59e+21
     -23.1 -1.16e+21
     -23.3 -6.62e+20
     -23.6  2.78e+21
     -23.9  1.51e+21
     -24.2  5.22e+20
     -24.5  2.88e+20
     -24.7  1.56e+21
       -25  1.73e+21
     -25.3  -5.3e+21
     -25.6 -5.76e+20
     -25.9 -2.52e+20
     -26.1 -2.64e+21
     -26.4 -1.89e+19
     -26.7  1.08e+21
       -27  1.87e+20
     -27.2  3.69e+21
     -27.5   1.3e+21
     -27.8 -2.28e+21
     -28.1  6.58e+19
     -28.4  -5.8e+20
     -28.6  1.16e+20
     -28.9  1.23e+21
     -29.2  -1.6e+21
     -29.5  1.44e+21
     -29.7  1.07e+21
       -30  4.22e+20
     -30.3  3.41e+20
     -30.6  1.45e+21
     -30.9  -1.8e+21
     -31.1 -8.12e+20
     -31.4 -7.07e+20
     -31.7  2.03e+20
       -32  2.08e+20
     -32.2  5.71e+20
     -32.5 -3.15e+20
     -32.8 -4.04e+20
     -33.1 -3.64e+20
     -33.4  5.55e+19
     -33.6  -2.6e+20
     -33.9 -7.36e+20
     -34.2  2.83e+20
     -34.5 -1.98e+18
     -34.8  1.81e+20
       -35 -6.45e+19
     -35.3 -2.24e+20
     -35.6  2.11e+20
     -35.9  2.08e+20
     -36.1 -7.69e+19
     -36.4  7.01e+18

pressure[atm]        = 100
temperature[K]           = 700
energy step[1/cm]        = 97.3
maximum energy[kcal/mol] = 55.1

bimolecular PEDs:
   E, kcal    P1->P2
      55.1  1.36e+24
      54.8  1.49e+24
      54.6  1.63e+24
      54.3  1.79e+24
        54  1.96e+24
      53.7  2.14e+24
      53.4  2.35e+24
      53.2  2.57e+24
      52.9  2.81e+24
      52.6  3.07e+24
      52.3  3.36e+24
        52  3.67e+24
      51.8     4e+24
      51.5  4.37e+24
      51.2  4.77e+24
      50.9   5.2e+24
      50.7  5.67e+24
      50.4  6.18e+24
      50.1  6.73e+24
      49.8  7.33e+24
      49.5  7.98e+24
      49.3  8.69e+24
        49  9.45e+24
      48.7  1.03e+25
      48.4  1.12e+25
      48.2  1.21e+25
      47.9  1.32e+25
      47.6  1.43e+25
      47.3  1.55e+25
        47  1.68e+25
      46.8  1.82e+25
      46.5  1.97e+25
      46.2  2.14e+25
      45.9  2.31e+25
      45.6   2.5e+25
      45.4  2.71e+25
      45.1  2.93e+25
      44.8  3.16e+25
      44.5  3.41e+25
      44.3  3.69e+25
        44  3.98e+25
      43.7  4.29e+25
      43.4  4.62e+25
      43.1  4.98e+25
      42.9  5.36e+25
      42.6  5.77e+25
      42.3   6.2e+25
        42  6.67e+25
      41.8  7.16e+25
      41.5  7.69e+25
      41.2  8.26e+25
      40.9  8.86e+25
      40.6   9.5e+25
      40.4  1.02e+26
      40.1  1.09e+26
      39.8  1.17e+26
      39.5  1.25e+26
      39.2  1.33e+26
        39  1.43e+26
      38.7  1.52e+26
      38.4  1.62e+26
      38.1  1.73e+26
      37.9  1.85e+26
      37.6  1.97e+26
      37.3  2.09e+26
        37  2.23e+26
      36.7  2.37e+26
      36.5  2.52e+26
      36.2  2.67e+26
      35.9  2.84e+26
      35.6  3.01e+26
      35.4  3.19e+26
      35.1  3.37e+26
      34.8  3.57e+26
      34.5  3.78e+26
      34.2  3.99e+26
        34  4.21e+26
      33.7  4.45e+26
      33.4  4.69e+26
      33.1  4.94e+26
      32.9   5.2e+26
      32.6  5.47e+26
      32.3  5.75e+26
        32  6.04e+26
      31.7  6.34e+26
      31.5  6.65e+26
      31.2  6.97e+26
      30.9   7.3e+26
      30.6  7.64e+26
      30.3  7.98e+26
      30.1  8.33e+26
      29.8   8.7e+26
      29.5  9.06e+26
      29.2  9.44e+26
        29  9.82e+26
      28.7  1.02e+27
      28.4  1.06e+27
      28.1   1.1e+27
      27.8  1.14e+27
      27.6  1.18e+27
      27.3  1.22e+27
        27  1.26e+27
      26.7   1.3e+27
      26.5  1.34e+27
      26.2  1.38e+27
      25.9  1.42e+27
      25.6  1.46e+27
      25.3   1.5e+27
      25.1  1.54e+27
      24.8  1.58e+27
      24.5  1.62e+27
      24.2  1.65e+27
      23.9  1.69e+27
      23.7  1.72e+27
      23.4  1.75e+27
      23.1  1.78e+27
      22.8  1.81e+27
      22.6  1.84e+27
      22.3  1.86e+27
        22  1.88e+27
      21.7   1.9e+27
      21.4  1.92e+27
      21.2  1.93e+27
      20.9  1.94e+27
      20.6  1.95e+27
      20.3  1.96e+27
      20.1  1.96e+27
      19.8  1.96e+27
      19.5  1.96e+27
      19.2  1.95e+27
      18.9  1.94e+27
      18.7  1.93e+27
      18.4  1.91e+27
      18.1  1.89e+27
      17.8  1.87e+27
      17.5  1.84e+27
      17.3  1.81e+27
        17  1.78e+27
      16.7  1.74e+27
      16.4   1.7e+27
      16.2  1.66e+27
      15.9  1.62e+27
      15.6  1.57e+27
      15.3  1.53e+27
        15  1.47e+27
      14.8  1.42e+27
      14.5  1.37e+27
      14.2  1.31e+27
      13.9  1.26e+27
      13.7   1.2e+27
      13.4  1.14e+27
      13.1  1.08e+27
      12.8  1.03e+27
      12.5  9.67e+26
      12.3  9.09e+26
        12  8.52e+26
      11.7  7.96e+26
      11.4   7.4e+26
      11.2  6.86e+26
      10.9  6.34e+26
      10.6  5.83e+26
      10.3  5.34e+26
        10  4.87e+26
      9.76  4.42e+26
      9.48  3.99e+26
       9.2  3.59e+26
      8.93  3.21e+26
      8.65  2.85e+26
      8.37  2.52e+26
      8.09  2.22e+26
      7.81  1.93e+26
      7.53  1.68e+26
      7.26  1.44e+26
      6.98  1.23e+26
       6.7  1.04e+26
      6.42  8.73e+25
      6.14  7.24e+25
      5.87  5.95e+25
      5.59  4.83e+25
      5.31  3.88e+25
      5.03  3.07e+25
      4.75  2.39e+25
      4.47  1.83e+25
       4.2  1.38e+25
      3.92  1.01e+25
      3.64  7.25e+24
      3.36  5.04e+24
      3.08  3.39e+24
       2.8  2.19e+24
      2.53  1.34e+24
      2.25  7.81e+23
      1.97  4.28e+23
      1.69  2.19e+23
      1.41  1.08e+23
      1.14  5.41e+22
     0.857   3.3e+22
     0.579  2.31e+22
     0.301  1.84e+22
    0.0228  1.57e+22
    -0.255  1.18e+22
    -0.534  1.04e+22
    -0.812  8.12e+21
     -1.09  6.82e+21
     -1.37  6.58e+21
     -1.65   5.1e+21
     -1.92  3.32e+21
      -2.2  2.39e+21
     -2.48  1.98e+21
     -2.76  2.01e+21
     -3.04  1.77e+21
     -3.32  2.16e+21
     -3.59  1.14e+21
     -3.87  1.48e+21
     -4.15  2.22e+20
     -4.43  5.04e+20
     -4.71 -4.06e+20
     -4.98  2.47e+18
     -5.26 -3.56e+21
     -5.54 -1.65e+21
     -5.82  9.11e+20
      -6.1 -1.21e+21
     -6.38  -1.5e+21
     -6.65  2.95e+20
     -6.93 -1.49e+21
     -7.21  4.54e+20
     -7.49 -4.76e+20
     -7.77  1.66e+21
     -8.05 -4.85e+20
     -8.32  1.62e+21
      -8.6  5.77e+20
     -8.88 -2.76e+20
     -9.16 -1.43e+21
     -9.44 -4.12e+20
     -9.71  1.07e+21
     -9.99 -8.09e+19
     -10.3  1.74e+21
     -10.5 -1.11e+21
     -10.8  2.66e+21
     -11.1 -2.63e+21
     -11.4 -2.57e+21
     -11.7  2.46e+21
     -11.9 -6.65e+20
     -12.2  3.39e+21
     -12.5 -3.47e+21
     -12.8     2e+21
     -13.1  3.87e+21
     -13.3 -2.19e+21
     -13.6  3.59e+21
     -13.9  2.92e+21
     -14.2  5.32e+21
     -14.4  -4.8e+21
     -14.7  1.83e+21
       -15 -2.88e+21
     -15.3  5.08e+20
     -15.6  1.31e+21
     -15.8 -1.62e+21
     -16.1 -3.55e+21
     -16.4  2.09e+21
     -16.7  -8.4e+21
     -16.9  6.33e+21
     -17.2 -1.45e+21
     -17.5 -3.84e+21
     -17.8  1.09e+21
     -18.1  1.03e+19
     -18.3 -3.05e+20
     -18.6  4.23e+20
     -18.9  6.87e+20
     -19.2  1.85e+21
     -19.5   3.1e+21
     -19.7 -8.19e+20
       -20 -1.73e+21
     -20.3 -3.87e+21
     -20.6 -8.49e+20
     -20.8  8.35e+20
     -21.1  1.76e+21
     -21.4  6.86e+20
     -21.7 -4.46e+20
       -22 -1.97e+21
     -22.2 -1.49e+21
     -22.5 -1.09e+21
     -22.8  1.16e+21
     -23.1  6.64e+20
     -23.3  -3.4e+20
     -23.6  1.63e+21
     -23.9  2.34e+21
     -24.2  2.22e+21
     -24.5  7.61e+20
     -24.7 -1.01e+21
       -25 -4.24e+20
     -25.3  -1.8e+21
     -25.6 -1.08e+21
     -25.9 -1.77e+21
     -26.1  1.24e+21
     -26.4 -1.87e+21
     -26.7 -1.09e+21
       -27 -2.77e+20
     -27.2   5.5e+20
     -27.5 -7.56e+20
     -27.8   1.3e+21
     -28.1  1.56e+21
     -28.4  2.68e+20
     -28.6  -2.5e+20
     -28.9  2.09e+21
     -29.2 -1.65e+21
     -29.5  1.67e+21
     -29.7  8.36e+19
       -30 -9.18e+20
     -30.3 -3.18e+20
     -30.6   3.7e+20
     -30.9  7.22e+18
     -31.1 -2.06e+21
     -31.4   2.4e+21
     -31.7  1.42e+20
       -32 -1.38e+21
     -32.2  9.42e+20
     -32.5 -9.04e+20
     -32.8  -3.8e+20
     -33.1  -2.6e+20
     -33.4   2.6e+20
     -33.6   5.1e+19
     -33.9 -5.02e+19
     -34.2   1.2e+20
     -34.5   7.3e+19
     -34.8 -2.33e+20
       -35 -1.23e+20
     -35.3 -3.67e+19
     -35.6 -8.91e+19
     -35.9  3.37e+20
     -36.1 -5.06e+19
     -36.4  1.36e+18

pressure[atm]        = 0.01
temperature[K]           = 800
energy step[1/cm]        = 111
maximum energy[kcal/mol] = 66.7

bimolecular PEDs:
   E, kcal    P1->P2
      66.7  9.18e+25
      66.4  1.01e+26
      66.1   1.1e+26
      65.7  1.21e+26
      65.4  1.32e+26
      65.1  1.44e+26
      64.8  1.58e+26
      64.5  1.72e+26
      64.2  1.88e+26
      63.8  2.06e+26
      63.5  2.25e+26
      63.2  2.45e+26
      62.9  2.68e+26
      62.6  2.92e+26
      62.2  3.18e+26
      61.9  3.47e+26
      61.6  3.78e+26
      61.3  4.12e+26
        61  4.48e+26
      60.7  4.88e+26
      60.3   5.3e+26
        60  5.77e+26
      59.7  6.27e+26
      59.4  6.81e+26
      59.1   7.4e+26
      58.8  8.03e+26
      58.4  8.71e+26
      58.1  9.45e+26
      57.8  1.02e+27
      57.5  1.11e+27
      57.2   1.2e+27
      56.8   1.3e+27
      56.5  1.41e+27
      56.2  1.52e+27
      55.9  1.65e+27
      55.6  1.78e+27
      55.3  1.93e+27
      54.9  2.08e+27
      54.6  2.24e+27
      54.3  2.42e+27
        54  2.61e+27
      53.7  2.81e+27
      53.3  3.03e+27
        53  3.26e+27
      52.7  3.51e+27
      52.4  3.78e+27
      52.1  4.06e+27
      51.8  4.37e+27
      51.4  4.69e+27
      51.1  5.04e+27
      50.8  5.41e+27
      50.5   5.8e+27
      50.2  6.21e+27
      49.8  6.66e+27
      49.5  7.13e+27
      49.2  7.63e+27
      48.9  8.16e+27
      48.6  8.73e+27
      48.3  9.32e+27
      47.9  9.96e+27
      47.6  1.06e+28
      47.3  1.13e+28
        47  1.21e+28
      46.7  1.29e+28
      46.4  1.37e+28
        46  1.46e+28
      45.7  1.55e+28
      45.4  1.65e+28
      45.1  1.75e+28
      44.8  1.86e+28
      44.4  1.97e+28
      44.1  2.09e+28
      43.8  2.22e+28
      43.5  2.35e+28
      43.2  2.48e+28
      42.9  2.63e+28
      42.5  2.77e+28
      42.2  2.93e+28
      41.9  3.09e+28
      41.6  3.26e+28
      41.3  3.44e+28
      40.9  3.62e+28
      40.6  3.81e+28
      40.3  4.01e+28
        40  4.21e+28
      39.7  4.42e+28
      39.4  4.64e+28
        39  4.86e+28
      38.7  5.09e+28
      38.4  5.33e+28
      38.1  5.58e+28
      37.8  5.83e+28
      37.4  6.09e+28
      37.1  6.35e+28
      36.8  6.62e+28
      36.5   6.9e+28
      36.2  7.18e+28
      35.9  7.47e+28
      35.5  7.76e+28
      35.2  8.05e+28
      34.9  8.35e+28
      34.6  8.66e+28
      34.3  8.96e+28
        34  9.27e+28
      33.6  9.58e+28
      33.3  9.89e+28
        33  1.02e+29
      32.7  1.05e+29
      32.4  1.08e+29
        32  1.11e+29
      31.7  1.14e+29
      31.4  1.17e+29
      31.1   1.2e+29
      30.8  1.23e+29
      30.5  1.26e+29
      30.1  1.28e+29
      29.8  1.31e+29
      29.5  1.33e+29
      29.2  1.36e+29
      28.9  1.38e+29
      28.5   1.4e+29
      28.2  1.42e+29
      27.9  1.44e+29
      27.6  1.46e+29
      27.3  1.47e+29
        27  1.48e+29
      26.6   1.5e+29
      26.3  1.51e+29
        26  1.51e+29
      25.7  1.52e+29
      25.4  1.52e+29
        25  1.52e+29
      24.7  1.52e+29
      24.4  1.52e+29
      24.1  1.51e+29
      23.8   1.5e+29
      23.5  1.49e+29
      23.1  1.48e+29
      22.8  1.46e+29
      22.5  1.44e+29
      22.2  1.42e+29
      21.9   1.4e+29
      21.6  1.38e+29
      21.2  1.35e+29
      20.9  1.32e+29
      20.6  1.29e+29
      20.3  1.26e+29
        20  1.22e+29
      19.6  1.19e+29
      19.3  1.15e+29
        19  1.11e+29
      18.7  1.07e+29
      18.4  1.03e+29
      18.1  9.91e+28
      17.7  9.49e+28
      17.4  9.07e+28
      17.1  8.64e+28
      16.8  8.21e+28
      16.5  7.78e+28
      16.1  7.35e+28
      15.8  6.93e+28
      15.5  6.51e+28
      15.2   6.1e+28
      14.9  5.69e+28
      14.6   5.3e+28
      14.2  4.91e+28
      13.9  4.54e+28
      13.6  4.18e+28
      13.3  3.84e+28
        13  3.51e+28
      12.6   3.2e+28
      12.3   2.9e+28
        12  2.62e+28
      11.7  2.35e+28
      11.4   2.1e+28
      11.1  1.87e+28
      10.7  1.66e+28
      10.4  1.46e+28
      10.1  1.28e+28
      9.79  1.11e+28
      9.47  9.63e+27
      9.15  8.28e+27
      8.83  7.06e+27
      8.51  5.99e+27
       8.2  5.03e+27
      7.88   4.2e+27
      7.56  3.47e+27
      7.24  2.84e+27
      6.92   2.3e+27
      6.61  1.84e+27
      6.29  1.45e+27
      5.97  1.13e+27
      5.65   8.7e+26
      5.33  6.58e+26
      5.02  4.89e+26
       4.7  3.56e+26
      4.38  2.53e+26
      4.06  1.75e+26
      3.74  1.18e+26
      3.43  7.59e+25
      3.11  4.68e+25
      2.79  2.72e+25
      2.47  1.47e+25
      2.16  7.27e+24
      1.84  3.17e+24
      1.52  1.17e+24
       1.2  3.15e+23
     0.883  7.71e+22
     0.565 -5.99e+22
     0.247  -3.2e+21
   -0.0706  5.41e+20
    -0.389 -7.98e+21
    -0.706   3.5e+22
     -1.02 -4.94e+21
     -1.34  9.41e+21
     -1.66  1.51e+22
     -1.98 -3.28e+21
      -2.3  2.09e+22
     -2.61 -1.96e+22
     -2.93 -1.85e+21
     -3.25   5.5e+22
     -3.57 -3.73e+21
     -3.89  2.32e+22
      -4.2 -1.64e+22
     -4.52  7.12e+21
     -4.84  5.67e+21
     -5.16  2.98e+22
     -5.48  1.08e+22
     -5.79  1.56e+22
     -6.11  3.99e+21
     -6.43  1.04e+22
     -6.75  1.16e+22
     -7.07  4.52e+22
     -7.38 -1.79e+22
      -7.7 -1.01e+22
     -8.02  8.64e+21
     -8.34 -2.02e+22
     -8.66  6.31e+22
     -8.97 -3.32e+22
     -9.29 -1.43e+22
     -9.61  2.58e+22
     -9.93 -2.77e+22
     -10.2 -8.81e+20
     -10.6 -1.13e+22
     -10.9 -9.33e+21
     -11.2  6.05e+21
     -11.5 -3.56e+22
     -11.8  4.93e+21
     -12.2  2.97e+22
     -12.5 -6.57e+22
     -12.8  2.59e+21
     -13.1 -2.35e+22
     -13.4  2.74e+22
     -13.7  1.95e+22
     -14.1 -3.97e+22
     -14.4 -5.33e+21
     -14.7  5.15e+22
       -15 -2.18e+22
     -15.3 -3.74e+22
     -15.7  5.17e+22
       -16  3.85e+21
     -16.3 -6.88e+21
     -16.6  2.58e+22
     -16.9 -1.32e+22
     -17.2 -1.44e+21
     -17.6 -1.19e+22
     -17.9   1.3e+22
     -18.2 -3.17e+22
     -18.5  -4.5e+22
     -18.8  2.18e+22
     -19.1 -8.92e+21
     -19.5 -2.88e+22
     -19.8  -1.4e+22
     -20.1 -2.95e+21
     -20.4 -2.14e+22
     -20.7 -1.84e+22
     -21.1   5.2e+22
     -21.4  1.48e+22
     -21.7 -1.46e+21
       -22 -2.29e+22
     -22.3  1.62e+22
     -22.6  1.26e+22
       -23 -5.41e+19
     -23.3  2.04e+22
     -23.6  3.44e+21
     -23.9 -7.79e+21
     -24.2  2.33e+22
     -24.6 -5.39e+21
     -24.9  3.55e+22
     -25.2 -8.52e+21
     -25.5  7.63e+20
     -25.8  7.72e+21
     -26.1 -1.35e+22
     -26.5 -1.78e+20
     -26.8  -8.3e+21
     -27.1   9.5e+21
     -27.4  1.76e+21
     -27.7 -2.46e+21
     -28.1 -3.75e+21
     -28.4 -1.24e+22
     -28.7   2.5e+22
       -29 -3.26e+21
     -29.3 -2.98e+20
     -29.6  8.67e+21
       -30 -9.72e+21
     -30.3 -3.66e+20
     -30.6 -9.68e+21
     -30.9  1.21e+22
     -31.2 -6.73e+21
     -31.5  1.28e+20
     -31.9  1.57e+21
     -32.2 -2.56e+20
     -32.5  1.42e+21
     -32.8 -7.92e+21
     -33.1  7.38e+20
     -33.5  1.38e+21
     -33.8 -2.15e+21
     -34.1  6.81e+20
     -34.4 -6.26e+19
     -34.7  1.17e+19
       -35  1.86e+20
     -35.4 -2.03e+20
     -35.7  9.76e+19
       -36 -2.41e+20
     -36.3  3.34e+20

pressure[atm]        = 0.1
temperature[K]           = 800
energy step[1/cm]        = 111
maximum energy[kcal/mol] = 66.7

bimolecular PEDs:
   E, kcal    P1->P2
      66.7  9.18e+25
      66.4  1.01e+26
      66.1   1.1e+26
      65.7  1.21e+26
      65.4  1.32e+26
      65.1  1.44e+26
      64.8  1.58e+26
      64.5  1.72e+26
      64.2  1.88e+26
      63.8  2.06e+26
      63.5  2.25e+26
      63.2  2.45e+26
      62.9  2.68e+26
      62.6  2.92e+26
      62.2  3.18e+26
      61.9  3.47e+26
      61.6  3.78e+26
      61.3  4.12e+26
        61  4.48e+26
      60.7  4.88e+26
      60.3   5.3e+26
        60  5.77e+26
      59.7  6.27e+26
      59.4  6.81e+26
      59.1   7.4e+26
      58.8  8.03e+26
      58.4  8.71e+26
      58.1  9.45e+26
      57.8  1.02e+27
      57.5  1.11e+27
      57.2   1.2e+27
      56.8   1.3e+27
      56.5  1.41e+27
      56.2  1.52e+27
      55.9  1.65e+27
      55.6  1.78e+27
      55.3  1.93e+27
      54.9  2.08e+27
      54.6  2.24e+27
      54.3  2.42e+27
        54  2.61e+27
      53.7  2.81e+27
      53.3  3.03e+27
        53  3.26e+27
      52.7  3.51e+27
      52.4  3.78e+27
      52.1  4.06e+27
      51.8  4.37e+27
      51.4  4.69e+27
      51.1  5.04e+27
      50.8  5.41e+27
      50.5   5.8e+27
      50.2  6.21e+27
      49.8  6.66e+27
      49.5  7.13e+27
      49.2  7.63e+27
      48.9  8.16e+27
      48.6  8.73e+27
      48.3  9.32e+27
      47.9  9.96e+27
      47.6  1.06e+28
      47.3  1.13e+28
        47  1.21e+28
      46.7  1.29e+28
      46.4  1.37e+28
        46  1.46e+28
      45.7  1.55e+28
      45.4  1.65e+28
      45.1  1.75e+28
      44.8  1.86e+28
      44.4  1.97e+28
      44.1  2.09e+28
      43.8  2.22e+28
      43.5  2.35e+28
      43.2  2.48e+28
      42.9  2.63e+28
      42.5  2.77e+28
      42.2  2.93e+28
      41.9  3.09e+28
      41.6  3.26e+28
      41.3  3.44e+28
      40.9  3.62e+28
      40.6  3.81e+28
      40.3  4.01e+28
        40  4.21e+28
      39.7  4.42e+28
      39.4  4.64e+28
        39  4.86e+28
      38.7  5.09e+28
      38.4  5.33e+28
      38.1  5.58e+28
      37.8  5.83e+28
      37.4  6.09e+28
      37.1  6.35e+28
      36.8  6.62e+28
      36.5   6.9e+28
      36.2  7.18e+28
      35.9  7.47e+28
      35.5  7.76e+28
      35.2  8.05e+28
      34.9  8.35e+28
      34.6  8.66e+28
      34.3  8.96e+28
        34  9.27e+28
      33.6  9.58e+28
      33.3  9.89e+28
        33  1.02e+29
      32.7  1.05e+29
      32.4  1.08e+29
        32  1.11e+29
      31.7  1.14e+29
      31.4  1.17e+29
      31.1   1.2e+29
      30.8  1.23e+29
      30.5  1.26e+29
      30.1  1.28e+29
      29.8  1.31e+29
      29.5  1.33e+29
      29.2  1.36e+29
      28.9  1.38e+29
      28.5   1.4e+29
      28.2  1.42e+29
      27.9  1.44e+29
      27.6  1.46e+29
      27.3  1.47e+29
        27  1.48e+29
      26.6   1.5e+29
      26.3  1.51e+29
        26  1.51e+29
      25.7  1.52e+29
      25.4  1.52e+29
        25  1.52e+29
      24.7  1.52e+29
      24.4  1.52e+29
      24.1  1.51e+29
      23.8   1.5e+29
      23.5  1.49e+29
      23.1  1.48e+29
      22.8  1.46e+29
      22.5  1.44e+29
      22.2  1.42e+29
      21.9   1.4e+29
      21.6  1.38e+29
      21.2  1.35e+29
      20.9  1.32e+29
      20.6  1.29e+29
      20.3  1.26e+29
        20  1.22e+29
      19.6  1.19e+29
      19.3  1.15e+29
        19  1.11e+29
      18.7  1.07e+29
      18.4  1.03e+29
      18.1  9.91e+28
      17.7  9.49e+28
      17.4  9.07e+28
      17.1  8.64e+28
      16.8  8.21e+28
      16.5  7.78e+28
      16.1  7.35e+28
      15.8  6.93e+28
      15.5  6.51e+28
      15.2   6.1e+28
      14.9  5.69e+28
      14.6   5.3e+28
      14.2  4.91e+28
      13.9  4.54e+28
      13.6  4.18e+28
      13.3  3.84e+28
        13  3.51e+28
      12.6   3.2e+28
      12.3   2.9e+28
        12  2.62e+28
      11.7  2.35e+28
      11.4   2.1e+28
      11.1  1.87e+28
      10.7  1.66e+28
      10.4  1.46e+28
      10.1  1.28e+28
      9.79  1.11e+28
      9.47  9.63e+27
      9.15  8.28e+27
      8.83  7.06e+27
      8.51  5.99e+27
       8.2  5.03e+27
      7.88   4.2e+27
      7.56  3.47e+27
      7.24  2.84e+27
      6.92   2.3e+27
      6.61  1.84e+27
      6.29  1.45e+27
      5.97  1.13e+27
      5.65   8.7e+26
      5.33  6.58e+26
      5.02  4.89e+26
       4.7  3.56e+26
      4.38  2.53e+26
      4.06  1.75e+26
      3.74  1.18e+26
      3.43  7.59e+25
      3.11  4.68e+25
      2.79  2.72e+25
      2.47  1.47e+25
      2.16  7.29e+24
      1.84  3.14e+24
      1.52  1.16e+24
       1.2  3.53e+23
     0.883  8.01e+22
     0.565 -2.12e+21
     0.247  -3.7e+22
   -0.0706 -2.17e+22
    -0.389 -4.82e+22
    -0.706   7.7e+21
     -1.02 -7.89e+18
     -1.34 -2.03e+21
     -1.66 -3.14e+20
     -1.98 -9.97e+21
      -2.3 -1.06e+22
     -2.61    -3e+22
     -2.93  6.01e+21
     -3.25  7.44e+21
     -3.57 -1.83e+22
     -3.89  1.97e+22
      -4.2  -5.8e+22
     -4.52  1.63e+22
     -4.84 -2.76e+22
     -5.16  1.16e+22
     -5.48 -7.89e+21
     -5.79  6.59e+21
     -6.11  1.64e+22
     -6.43 -2.89e+21
     -6.75  1.84e+22
     -7.07 -1.59e+22
     -7.38  3.15e+22
      -7.7  1.78e+22
     -8.02  6.97e+21
     -8.34  2.75e+21
     -8.66 -2.43e+22
     -8.97 -1.44e+22
     -9.29  2.26e+22
     -9.61 -1.86e+21
     -9.93 -3.62e+21
     -10.2  2.13e+22
     -10.6 -7.39e+22
     -10.9  2.75e+21
     -11.2  8.52e+21
     -11.5 -7.89e+22
     -11.8  1.28e+22
     -12.2 -1.11e+21
     -12.5  5.33e+22
     -12.8 -3.75e+22
     -13.1 -1.87e+22
     -13.4 -8.38e+21
     -13.7  1.72e+22
     -14.1  1.87e+22
     -14.4  3.76e+21
     -14.7 -6.39e+22
       -15  1.29e+23
     -15.3 -2.01e+22
     -15.7  9.79e+22
       -16 -3.78e+22
     -16.3 -1.28e+22
     -16.6  1.42e+22
     -16.9  2.46e+22
     -17.2  6.47e+21
     -17.6  2.35e+22
     -17.9  3.66e+22
     -18.2  5.68e+21
     -18.5  3.76e+22
     -18.8  4.14e+22
     -19.1  3.02e+22
     -19.5  5.61e+22
     -19.8    -1e+22
     -20.1 -2.48e+21
     -20.4 -4.64e+21
     -20.7 -1.32e+22
     -21.1 -9.28e+21
     -21.4  -4.9e+21
     -21.7 -5.33e+22
       -22 -1.03e+22
     -22.3    -2e+21
     -22.6  1.21e+22
       -23  6.86e+21
     -23.3  2.73e+22
     -23.6  -7.8e+21
     -23.9  6.52e+21
     -24.2 -1.41e+22
     -24.6 -3.67e+21
     -24.9  2.67e+22
     -25.2 -1.05e+21
     -25.5 -2.46e+22
     -25.8 -3.97e+21
     -26.1  3.36e+22
     -26.5  -1.3e+22
     -26.8  2.05e+21
     -27.1  1.83e+22
     -27.4 -6.47e+21
     -27.7 -6.86e+20
     -28.1 -1.11e+22
     -28.4   1.8e+22
     -28.7  3.44e+21
       -29   1.3e+22
     -29.3  -1.6e+22
     -29.6  1.09e+22
       -30 -7.35e+21
     -30.3  1.08e+22
     -30.6 -8.66e+21
     -30.9  1.24e+22
     -31.2 -4.09e+21
     -31.5  2.55e+21
     -31.9  3.02e+21
     -32.2 -4.39e+21
     -32.5 -2.37e+21
     -32.8  3.18e+21
     -33.1 -1.22e+20
     -33.5  2.31e+21
     -33.8 -7.07e+20
     -34.1 -6.32e+19
     -34.4  9.01e+19
     -34.7 -3.84e+20
       -35  1.74e+20
     -35.4 -3.62e+20
     -35.7  6.88e+19
       -36 -1.61e+20
     -36.3  4.21e+20

pressure[atm]        = 1
temperature[K]           = 800
energy step[1/cm]        = 111
maximum energy[kcal/mol] = 66.7

bimolecular PEDs:
   E, kcal    P1->P2
      66.7  9.18e+25
      66.4  1.01e+26
      66.1   1.1e+26
      65.7  1.21e+26
      65.4  1.32e+26
      65.1  1.44e+26
      64.8  1.58e+26
      64.5  1.72e+26
      64.2  1.88e+26
      63.8  2.06e+26
      63.5  2.25e+26
      63.2  2.45e+26
      62.9  2.68e+26
      62.6  2.92e+26
      62.2  3.18e+26
      61.9  3.47e+26
      61.6  3.78e+26
      61.3  4.12e+26
        61  4.48e+26
      60.7  4.88e+26
      60.3   5.3e+26
        60  5.77e+26
      59.7  6.27e+26
      59.4  6.81e+26
      59.1   7.4e+26
      58.8  8.03e+26
      58.4  8.71e+26
      58.1  9.45e+26
      57.8  1.02e+27
      57.5  1.11e+27
      57.2   1.2e+27
      56.8   1.3e+27
      56.5  1.41e+27
      56.2  1.52e+27
      55.9  1.65e+27
      55.6  1.78e+27
      55.3  1.93e+27
      54.9  2.08e+27
      54.6  2.24e+27
      54.3  2.42e+27
        54  2.61e+27
      53.7  2.81e+27
      53.3  3.03e+27
        53  3.26e+27
      52.7  3.51e+27
      52.4  3.78e+27
      52.1  4.06e+27
      51.8  4.37e+27
      51.4  4.69e+27
      51.1  5.04e+27
      50.8  5.41e+27
      50.5   5.8e+27
      50.2  6.21e+27
      49.8  6.66e+27
      49.5  7.13e+27
      49.2  7.63e+27
      48.9  8.16e+27
      48.6  8.73e+27
      48.3  9.32e+27
      47.9  9.96e+27
      47.6  1.06e+28
      47.3  1.13e+28
        47  1.21e+28
      46.7  1.29e+28
      46.4  1.37e+28
        46  1.46e+28
      45.7  1.55e+28
      45.4  1.65e+28
      45.1  1.75e+28
      44.8  1.86e+28
      44.4  1.97e+28
      44.1  2.09e+28
      43.8  2.22e+28
      43.5  2.35e+28
      43.2  2.48e+28
      42.9  2.63e+28
      42.5  2.77e+28
      42.2  2.93e+28
      41.9  3.09e+28
      41.6  3.26e+28
      41.3  3.44e+28
      40.9  3.62e+28
      40.6  3.81e+28
      40.3  4.01e+28
        40  4.21e+28
      39.7  4.42e+28
      39.4  4.64e+28
        39  4.86e+28
      38.7  5.09e+28
      38.4  5.33e+28
      38.1  5.58e+28
      37.8  5.83e+28
      37.4  6.09e+28
      37.1  6.35e+28
      36.8  6.62e+28
      36.5   6.9e+28
      36.2  7.18e+28
      35.9  7.47e+28
      35.5  7.76e+28
      35.2  8.05e+28
      34.9  8.35e+28
      34.6  8.66e+28
      34.3  8.96e+28
        34  9.27e+28
      33.6  9.58e+28
      33.3  9.89e+28
        33  1.02e+29
      32.7  1.05e+29
      32.4  1.08e+29
        32  1.11e+29
      31.7  1.14e+29
      31.4  1.17e+29
      31.1   1.2e+29
      30.8  1.23e+29
      30.5  1.26e+29
      30.1  1.28e+29
      29.8  1.31e+29
      29.5  1.33e+29
      29.2  1.36e+29
      28.9  1.38e+29
      28.5   1.4e+29
      28.2  1.42e+29
      27.9  1.44e+29
      27.6  1.46e+29
      27.3  1.47e+29
        27  1.48e+29
      26.6   1.5e+29
      26.3  1.51e+29
        26  1.51e+29
      25.7  1.52e+29
      25.4  1.52e+29
        25  1.52e+29
      24.7  1.52e+29
      24.4  1.52e+29
      24.1  1.51e+29
      23.8   1.5e+29
      23.5  1.49e+29
      23.1  1.48e+29
      22.8  1.46e+29
      22.5  1.44e+29
      22.2  1.42e+29
      21.9   1.4e+29
      21.6  1.38e+29
      21.2  1.35e+29
      20.9  1.32e+29
      20.6  1.29e+29
      20.3  1.26e+29
        20  1.22e+29
      19.6  1.19e+29
      19.3  1.15e+29
        19  1.11e+29
      18.7  1.07e+29
      18.4  1.03e+29
      18.1  9.91e+28
      17.7  9.49e+28
      17.4  9.07e+28
      17.1  8.64e+28
      16.8  8.21e+28
      16.5  7.78e+28
      16.1  7.35e+28
      15.8  6.93e+28
      15.5  6.51e+28
      15.2   6.1e+28
      14.9  5.69e+28
      14.6   5.3e+28
      14.2  4.91e+28
      13.9  4.54e+28
      13.6  4.18e+28
      13.3  3.84e+28
        13  3.51e+28
      12.6   3.2e+28
      12.3   2.9e+28
        12  2.62e+28
      11.7  2.35e+28
      11.4   2.1e+28
      11.1  1.87e+28
      10.7  1.66e+28
      10.4  1.46e+28
      10.1  1.28e+28
      9.79  1.11e+28
      9.47  9.63e+27
      9.15  8.28e+27
      8.83  7.06e+27
      8.51  5.99e+27
       8.2  5.03e+27
      7.88   4.2e+27
      7.56  3.47e+27
      7.24  2.84e+27
      6.92   2.3e+27
      6.61  1.84e+27
      6.29  1.45e+27
      5.97  1.13e+27
      5.65  8.71e+26
      5.33  6.58e+26
      5.02  4.89e+26
       4.7  3.56e+26
      4.38  2.53e+26
      4.06  1.75e+26
      3.74  1.18e+26
      3.43  7.59e+25
      3.11  4.68e+25
      2.79  2.73e+25
      2.47  1.48e+25
      2.16   7.3e+24
      1.84  3.18e+24
      1.52  1.15e+24
       1.2  3.52e+23
     0.883  8.68e+22
     0.565   5.4e+21
     0.247   2.2e+22
   -0.0706  4.56e+22
    -0.389  3.22e+22
    -0.706  -1.3e+21
     -1.02 -6.86e+21
     -1.34   5.7e+21
     -1.66  2.94e+22
     -1.98  1.13e+22
      -2.3  2.45e+22
     -2.61 -9.48e+21
     -2.93  1.84e+22
     -3.25  8.87e+20
     -3.57 -2.26e+22
     -3.89  5.68e+22
      -4.2 -3.08e+21
     -4.52 -2.64e+21
     -4.84  1.18e+21
     -5.16  1.35e+21
     -5.48  7.18e+21
     -5.79   2.6e+22
     -6.11 -1.26e+22
     -6.43  3.24e+21
     -6.75  2.53e+22
     -7.07 -4.43e+22
     -7.38 -1.58e+22
      -7.7 -2.72e+22
     -8.02   1.2e+22
     -8.34 -4.82e+21
     -8.66 -3.42e+21
     -8.97 -4.92e+21
     -9.29 -8.69e+20
     -9.61   3.4e+22
     -9.93  9.33e+20
     -10.2  7.34e+21
     -10.6  4.54e+21
     -10.9 -3.56e+22
     -11.2  1.58e+22
     -11.5 -1.51e+22
     -11.8  2.86e+22
     -12.2 -7.98e+22
     -12.5  1.96e+22
     -12.8 -4.77e+21
     -13.1  -2.6e+22
     -13.4  -1.1e+22
     -13.7  2.41e+22
     -14.1 -2.76e+22
     -14.4  2.07e+22
     -14.7 -1.37e+22
       -15 -1.57e+22
     -15.3 -5.11e+22
     -15.7 -2.46e+21
       -16 -4.31e+22
     -16.3   5.6e+22
     -16.6  5.13e+22
     -16.9  1.92e+22
     -17.2  1.45e+22
     -17.6 -4.13e+21
     -17.9 -1.38e+21
     -18.2  6.77e+21
     -18.5 -3.97e+21
     -18.8 -2.98e+22
     -19.1 -1.24e+22
     -19.5  2.39e+22
     -19.8  5.43e+21
     -20.1 -2.99e+22
     -20.4 -6.84e+20
     -20.7 -1.27e+22
     -21.1  3.59e+22
     -21.4  1.48e+22
     -21.7  8.15e+21
       -22  1.34e+22
     -22.3  1.17e+22
     -22.6 -2.99e+22
       -23 -2.72e+22
     -23.3 -1.29e+22
     -23.6  3.38e+20
     -23.9  5.55e+21
     -24.2  5.36e+21
     -24.6  1.94e+22
     -24.9    -1e+22
     -25.2  5.02e+21
     -25.5 -4.93e+21
     -25.8  2.69e+21
     -26.1  -8.7e+21
     -26.5  1.58e+22
     -26.8   8.6e+21
     -27.1 -1.44e+22
     -27.4 -1.25e+22
     -27.7  3.43e+21
     -28.1  2.96e+21
     -28.4 -2.88e+22
     -28.7   9.6e+21
       -29   7.4e+20
     -29.3 -3.16e+21
     -29.6 -4.03e+21
       -30 -1.45e+21
     -30.3  2.11e+22
     -30.6 -1.07e+22
     -30.9  6.81e+21
     -31.2 -5.07e+21
     -31.5 -2.13e+21
     -31.9 -7.67e+20
     -32.2  3.11e+20
     -32.5  1.57e+21
     -32.8 -3.37e+21
     -33.1 -4.26e+20
     -33.5  -1.6e+21
     -33.8   1.4e+21
     -34.1 -9.22e+20
     -34.4 -2.17e+21
     -34.7  7.41e+20
       -35  -1.1e+19
     -35.4  5.81e+20
     -35.7 -7.12e+20
       -36  2.16e+19
     -36.3  6.21e+20

pressure[atm]        = 10
temperature[K]           = 800
energy step[1/cm]        = 111
maximum energy[kcal/mol] = 66.7

bimolecular PEDs:
   E, kcal    P1->P2
      66.7  9.18e+25
      66.4  1.01e+26
      66.1   1.1e+26
      65.7  1.21e+26
      65.4  1.32e+26
      65.1  1.44e+26
      64.8  1.58e+26
      64.5  1.72e+26
      64.2  1.88e+26
      63.8  2.06e+26
      63.5  2.25e+26
      63.2  2.45e+26
      62.9  2.68e+26
      62.6  2.92e+26
      62.2  3.18e+26
      61.9  3.47e+26
      61.6  3.78e+26
      61.3  4.12e+26
        61  4.48e+26
      60.7  4.88e+26
      60.3   5.3e+26
        60  5.77e+26
      59.7  6.27e+26
      59.4  6.81e+26
      59.1   7.4e+26
      58.8  8.03e+26
      58.4  8.71e+26
      58.1  9.45e+26
      57.8  1.02e+27
      57.5  1.11e+27
      57.2   1.2e+27
      56.8   1.3e+27
      56.5  1.41e+27
      56.2  1.52e+27
      55.9  1.65e+27
      55.6  1.78e+27
      55.3  1.93e+27
      54.9  2.08e+27
      54.6  2.24e+27
      54.3  2.42e+27
        54  2.61e+27
      53.7  2.81e+27
      53.3  3.03e+27
        53  3.26e+27
      52.7  3.51e+27
      52.4  3.78e+27
      52.1  4.06e+27
      51.8  4.37e+27
      51.4  4.69e+27
      51.1  5.04e+27
      50.8  5.41e+27
      50.5   5.8e+27
      50.2  6.21e+27
      49.8  6.66e+27
      49.5  7.13e+27
      49.2  7.63e+27
      48.9  8.16e+27
      48.6  8.73e+27
      48.3  9.32e+27
      47.9  9.96e+27
      47.6  1.06e+28
      47.3  1.13e+28
        47  1.21e+28
      46.7  1.29e+28
      46.4  1.37e+28
        46  1.46e+28
      45.7  1.55e+28
      45.4  1.65e+28
      45.1  1.75e+28
      44.8  1.86e+28
      44.4  1.97e+28
      44.1  2.09e+28
      43.8  2.22e+28
      43.5  2.35e+28
      43.2  2.48e+28
      42.9  2.63e+28
      42.5  2.77e+28
      42.2  2.93e+28
      41.9  3.09e+28
      41.6  3.26e+28
      41.3  3.44e+28
      40.9  3.62e+28
      40.6  3.81e+28
      40.3     4e+28
        40  4.21e+28
      39.7  4.42e+28
      39.4  4.64e+28
        39  4.86e+28
      38.7  5.09e+28
      38.4  5.33e+28
      38.1  5.58e+28
      37.8  5.83e+28
      37.4  6.09e+28
      37.1  6.35e+28
      36.8  6.62e+28
      36.5   6.9e+28
      36.2  7.18e+28
      35.9  7.47e+28
      35.5  7.76e+28
      35.2  8.05e+28
      34.9  8.35e+28
      34.6  8.65e+28
      34.3  8.96e+28
        34  9.27e+28
      33.6  9.58e+28
      33.3  9.89e+28
        33  1.02e+29
      32.7  1.05e+29
      32.4  1.08e+29
        32  1.11e+29
      31.7  1.14e+29
      31.4  1.17e+29
      31.1   1.2e+29
      30.8  1.23e+29
      30.5  1.26e+29
      30.1  1.28e+29
      29.8  1.31e+29
      29.5  1.33e+29
      29.2  1.36e+29
      28.9  1.38e+29
      28.5   1.4e+29
      28.2  1.42e+29
      27.9  1.44e+29
      27.6  1.46e+29
      27.3  1.47e+29
        27  1.48e+29
      26.6   1.5e+29
      26.3  1.51e+29
        26  1.51e+29
      25.7  1.52e+29
      25.4  1.52e+29
        25  1.52e+29
      24.7  1.52e+29
      24.4  1.52e+29
      24.1  1.51e+29
      23.8   1.5e+29
      23.5  1.49e+29
      23.1  1.48e+29
      22.8  1.46e+29
      22.5  1.44e+29
      22.2  1.42e+29
      21.9   1.4e+29
      21.6  1.38e+29
      21.2  1.35e+29
      20.9  1.32e+29
      20.6  1.29e+29
      20.3  1.26e+29
        20  1.22e+29
      19.6  1.19e+29
      19.3  1.15e+29
        19  1.11e+29
      18.7  1.07e+29
      18.4  1.03e+29
      18.1  9.91e+28
      17.7  9.49e+28
      17.4  9.07e+28
      17.1  8.64e+28
      16.8  8.21e+28
      16.5  7.78e+28
      16.1  7.35e+28
      15.8  6.93e+28
      15.5  6.51e+28
      15.2   6.1e+28
      14.9  5.69e+28
      14.6   5.3e+28
      14.2  4.92e+28
      13.9  4.54e+28
      13.6  4.18e+28
      13.3  3.84e+28
        13  3.51e+28
      12.6   3.2e+28
      12.3   2.9e+28
        12  2.62e+28
      11.7  2.35e+28
      11.4   2.1e+28
      11.1  1.87e+28
      10.7  1.66e+28
      10.4  1.46e+28
      10.1  1.28e+28
      9.79  1.11e+28
      9.47  9.63e+27
      9.15  8.28e+27
      8.83  7.07e+27
      8.51  5.99e+27
       8.2  5.04e+27
      7.88   4.2e+27
      7.56  3.47e+27
      7.24  2.84e+27
      6.92   2.3e+27
      6.61  1.84e+27
      6.29  1.45e+27
      5.97  1.13e+27
      5.65  8.71e+26
      5.33  6.59e+26
      5.02   4.9e+26
       4.7  3.57e+26
      4.38  2.54e+26
      4.06  1.76e+26
      3.74  1.18e+26
      3.43  7.62e+25
      3.11   4.7e+25
      2.79  2.74e+25
      2.47  1.49e+25
      2.16  7.43e+24
      1.84  3.27e+24
      1.52  1.25e+24
       1.2  4.13e+23
     0.883  1.17e+23
     0.565  5.41e+22
     0.247  6.79e+22
   -0.0706   2.4e+22
    -0.389  3.31e+22
    -0.706  4.71e+22
     -1.02 -2.14e+22
     -1.34  3.11e+22
     -1.66  4.98e+22
     -1.98  1.33e+22
      -2.3  4.26e+22
     -2.61  1.42e+21
     -2.93  3.96e+21
     -3.25  3.53e+22
     -3.57 -2.05e+22
     -3.89  6.04e+21
      -4.2 -5.91e+21
     -4.52  1.89e+22
     -4.84  6.91e+21
     -5.16 -2.81e+22
     -5.48 -1.94e+22
     -5.79  2.09e+22
     -6.11 -2.04e+22
     -6.43  -1.7e+22
     -6.75  3.27e+22
     -7.07  2.29e+22
     -7.38  3.74e+22
      -7.7  4.52e+21
     -8.02 -1.13e+22
     -8.34  1.31e+22
     -8.66 -1.91e+22
     -8.97  1.69e+22
     -9.29 -7.82e+22
     -9.61  3.05e+21
     -9.93  2.01e+22
     -10.2  1.32e+22
     -10.6 -3.48e+22
     -10.9  1.95e+22
     -11.2 -1.37e+22
     -11.5  1.36e+22
     -11.8 -4.68e+22
     -12.2 -2.22e+22
     -12.5 -2.58e+22
     -12.8 -2.36e+21
     -13.1 -6.12e+21
     -13.4   9.1e+21
     -13.7  1.27e+22
     -14.1 -4.63e+22
     -14.4 -4.79e+22
     -14.7  2.96e+22
       -15 -2.52e+22
     -15.3  5.66e+22
     -15.7  1.99e+22
       -16  1.73e+22
     -16.3 -2.34e+22
     -16.6  -4.1e+22
     -16.9 -1.32e+21
     -17.2 -1.97e+22
     -17.6  1.89e+22
     -17.9 -1.98e+22
     -18.2 -7.42e+21
     -18.5  -2.1e+22
     -18.8  2.23e+22
     -19.1  1.72e+22
     -19.5 -7.83e+21
     -19.8 -1.49e+22
     -20.1 -5.41e+21
     -20.4 -3.33e+22
     -20.7  5.03e+22
     -21.1 -3.42e+21
     -21.4 -1.75e+22
     -21.7 -4.15e+21
       -22   3.5e+21
     -22.3 -4.14e+21
     -22.6  1.14e+22
       -23  2.72e+22
     -23.3 -1.41e+22
     -23.6 -5.43e+21
     -23.9  1.21e+22
     -24.2 -3.43e+22
     -24.6  1.06e+21
     -24.9 -1.45e+22
     -25.2  2.44e+22
     -25.5 -2.38e+22
     -25.8 -8.54e+21
     -26.1  1.63e+22
     -26.5  8.25e+21
     -26.8 -2.73e+21
     -27.1 -2.77e+20
     -27.4  1.53e+22
     -27.7   6.1e+21
     -28.1  2.36e+20
     -28.4  1.59e+21
     -28.7   1.7e+22
       -29  2.33e+21
     -29.3 -9.76e+21
     -29.6  9.91e+21
       -30 -3.79e+21
     -30.3  1.43e+22
     -30.6  8.33e+19
     -30.9 -2.75e+21
     -31.2 -4.14e+21
     -31.5  3.95e+20
     -31.9  6.64e+21
     -32.2 -4.66e+21
     -32.5  1.22e+21
     -32.8  8.65e+20
     -33.1 -2.23e+21
     -33.5  4.08e+21
     -33.8 -2.68e+21
     -34.1  1.68e+21
     -34.4 -2.95e+21
     -34.7  4.48e+20
       -35 -5.52e+19
     -35.4 -1.17e+20
     -35.7 -5.06e+20
       -36  6.67e+20
     -36.3   7.7e+20

pressure[atm]        = 100
temperature[K]           = 800
energy step[1/cm]        = 111
maximum energy[kcal/mol] = 66.7

bimolecular PEDs:
   E, kcal    P1->P2
      66.7  9.17e+25
      66.4     1e+26
      66.1   1.1e+26
      65.7   1.2e+26
      65.4  1.32e+26
      65.1  1.44e+26
      64.8  1.58e+26
      64.5  1.72e+26
      64.2  1.88e+26
      63.8  2.06e+26
      63.5  2.25e+26
      63.2  2.45e+26
      62.9  2.68e+26
      62.6  2.92e+26
      62.2  3.18e+26
      61.9  3.47e+26
      61.6  3.78e+26
      61.3  4.11e+26
        61  4.48e+26
      60.7  4.87e+26
      60.3   5.3e+26
        60  5.76e+26
      59.7  6.27e+26
      59.4  6.81e+26
      59.1  7.39e+26
      58.8  8.02e+26
      58.4  8.71e+26
      58.1  9.44e+26
      57.8  1.02e+27
      57.5  1.11e+27
      57.2   1.2e+27
      56.8   1.3e+27
      56.5  1.41e+27
      56.2  1.52e+27
      55.9  1.65e+27
      55.6  1.78e+27
      55.3  1.92e+27
      54.9  2.08e+27
      54.6  2.24e+27
      54.3  2.42e+27
        54  2.61e+27
      53.7  2.81e+27
      53.3  3.03e+27
        53  3.26e+27
      52.7  3.51e+27
      52.4  3.78e+27
      52.1  4.06e+27
      51.8  4.37e+27
      51.4  4.69e+27
      51.1  5.04e+27
      50.8   5.4e+27
      50.5   5.8e+27
      50.2  6.21e+27
      49.8  6.66e+27
      49.5  7.13e+27
      49.2  7.63e+27
      48.9  8.16e+27
      48.6  8.72e+27
      48.3  9.32e+27
      47.9  9.95e+27
      47.6  1.06e+28
      47.3  1.13e+28
        47  1.21e+28
      46.7  1.29e+28
      46.4  1.37e+28
        46  1.46e+28
      45.7  1.55e+28
      45.4  1.65e+28
      45.1  1.75e+28
      44.8  1.86e+28
      44.4  1.97e+28
      44.1  2.09e+28
      43.8  2.22e+28
      43.5  2.35e+28
      43.2  2.48e+28
      42.9  2.62e+28
      42.5  2.77e+28
      42.2  2.93e+28
      41.9  3.09e+28
      41.6  3.26e+28
      41.3  3.44e+28
      40.9  3.62e+28
      40.6  3.81e+28
      40.3     4e+28
        40  4.21e+28
      39.7  4.42e+28
      39.4  4.64e+28
        39  4.86e+28
      38.7  5.09e+28
      38.4  5.33e+28
      38.1  5.57e+28
      37.8  5.83e+28
      37.4  6.08e+28
      37.1  6.35e+28
      36.8  6.62e+28
      36.5   6.9e+28
      36.2  7.18e+28
      35.9  7.46e+28
      35.5  7.76e+28
      35.2  8.05e+28
      34.9  8.35e+28
      34.6  8.65e+28
      34.3  8.96e+28
        34  9.26e+28
      33.6  9.57e+28
      33.3  9.88e+28
        33  1.02e+29
      32.7  1.05e+29
      32.4  1.08e+29
        32  1.11e+29
      31.7  1.14e+29
      31.4  1.17e+29
      31.1   1.2e+29
      30.8  1.23e+29
      30.5  1.26e+29
      30.1  1.28e+29
      29.8  1.31e+29
      29.5  1.33e+29
      29.2  1.36e+29
      28.9  1.38e+29
      28.5   1.4e+29
      28.2  1.42e+29
      27.9  1.44e+29
      27.6  1.46e+29
      27.3  1.47e+29
        27  1.48e+29
      26.6   1.5e+29
      26.3  1.51e+29
        26  1.51e+29
      25.7  1.52e+29
      25.4  1.52e+29
        25  1.52e+29
      24.7  1.52e+29
      24.4  1.52e+29
      24.1  1.51e+29
      23.8   1.5e+29
      23.5  1.49e+29
      23.1  1.48e+29
      22.8  1.46e+29
      22.5  1.44e+29
      22.2  1.42e+29
      21.9   1.4e+29
      21.6  1.38e+29
      21.2  1.35e+29
      20.9  1.32e+29
      20.6  1.29e+29
      20.3  1.26e+29
        20  1.22e+29
      19.6  1.19e+29
      19.3  1.15e+29
        19  1.11e+29
      18.7  1.07e+29
      18.4  1.03e+29
      18.1  9.91e+28
      17.7  9.49e+28
      17.4  9.07e+28
      17.1  8.64e+28
      16.8  8.21e+28
      16.5  7.78e+28
      16.1  7.36e+28
      15.8  6.93e+28
      15.5  6.51e+28
      15.2   6.1e+28
      14.9   5.7e+28
      14.6   5.3e+28
      14.2  4.92e+28
      13.9  4.55e+28
      13.6  4.19e+28
      13.3  3.84e+28
        13  3.51e+28
      12.6   3.2e+28
      12.3   2.9e+28
        12  2.62e+28
      11.7  2.35e+28
      11.4  2.11e+28
      11.1  1.87e+28
      10.7  1.66e+28
      10.4  1.46e+28
      10.1  1.28e+28
      9.79  1.12e+28
      9.47  9.65e+27
      9.15   8.3e+27
      8.83  7.09e+27
      8.51  6.01e+27
       8.2  5.05e+27
      7.88  4.22e+27
      7.56  3.49e+27
      7.24  2.85e+27
      6.92  2.31e+27
      6.61  1.85e+27
      6.29  1.46e+27
      5.97  1.14e+27
      5.65  8.79e+26
      5.33  6.66e+26
      5.02  4.96e+26
       4.7  3.62e+26
      4.38  2.58e+26
      4.06   1.8e+26
      3.74  1.21e+26
      3.43   7.9e+25
      3.11  4.94e+25
      2.79  2.94e+25
      2.47  1.65e+25
      2.16  8.77e+24
      1.84  4.39e+24
      1.52  2.19e+24
       1.2  1.18e+24
     0.883  7.33e+23
     0.565  5.43e+23
     0.247  4.32e+23
   -0.0706  3.42e+23
    -0.389  2.86e+23
    -0.706  2.39e+23
     -1.02  1.79e+23
     -1.34  1.48e+23
     -1.66   1.2e+23
     -1.98  1.03e+23
      -2.3  8.49e+22
     -2.61  7.51e+22
     -2.93  5.05e+22
     -3.25  4.21e+22
     -3.57  3.18e+22
     -3.89  1.73e+22
      -4.2  1.77e+22
     -4.52  2.73e+22
     -4.84  2.84e+22
     -5.16  3.05e+22
     -5.48  3.64e+22
     -5.79  1.08e+22
     -6.11  -1.8e+22
     -6.43  1.66e+22
     -6.75  1.56e+22
     -7.07 -2.66e+22
     -7.38  3.34e+22
      -7.7 -4.03e+22
     -8.02  2.13e+22
     -8.34 -1.43e+22
     -8.66 -3.37e+22
     -8.97 -5.18e+22
     -9.29  4.12e+21
     -9.61  -2.5e+22
     -9.93  1.93e+21
     -10.2 -4.58e+22
     -10.6 -4.51e+22
     -10.9 -2.57e+22
     -11.2  2.82e+21
     -11.5  -1.3e+21
     -11.8 -3.09e+22
     -12.2  2.55e+22
     -12.5 -6.08e+22
     -12.8 -7.56e+22
     -13.1 -2.38e+22
     -13.4 -1.84e+22
     -13.7    -1e+21
     -14.1  1.01e+22
     -14.4 -1.46e+20
     -14.7  6.06e+21
       -15 -4.15e+22
     -15.3  6.58e+22
     -15.7  3.03e+22
       -16 -2.21e+21
     -16.3  4.74e+22
     -16.6  4.33e+22
     -16.9  2.39e+22
     -17.2 -2.98e+22
     -17.6  7.79e+21
     -17.9 -1.35e+21
     -18.2 -5.79e+22
     -18.5 -1.03e+22
     -18.8  -6.1e+22
     -19.1 -2.92e+22
     -19.5  2.51e+22
     -19.8 -4.33e+21
     -20.1 -2.12e+22
     -20.4  1.45e+22
     -20.7  2.87e+22
     -21.1 -3.24e+21
     -21.4  2.04e+21
     -21.7  1.48e+22
       -22  1.24e+22
     -22.3  6.33e+21
     -22.6  2.32e+20
       -23 -8.51e+21
     -23.3   8.2e+21
     -23.6     7e+21
     -23.9   2.1e+22
     -24.2  7.13e+21
     -24.6  4.76e+21
     -24.9   7.5e+21
     -25.2 -9.49e+21
     -25.5  -3.1e+22
     -25.8 -6.12e+20
     -26.1 -7.71e+21
     -26.5  5.83e+21
     -26.8  -4.8e+21
     -27.1  -2.4e+21
     -27.4 -1.58e+22
     -27.7 -5.65e+21
     -28.1 -1.22e+21
     -28.4 -9.76e+21
     -28.7  -1.7e+22
       -29 -6.57e+21
     -29.3 -9.85e+19
     -29.6  1.14e+21
       -30 -6.68e+21
     -30.3  6.73e+21
     -30.6  3.48e+21
     -30.9 -9.21e+21
     -31.2  1.71e+21
     -31.5 -3.66e+21
     -31.9 -6.39e+21
     -32.2 -2.51e+21
     -32.5 -6.45e+21
     -32.8  1.67e+21
     -33.1  2.16e+21
     -33.5 -2.85e+21
     -33.8  2.47e+21
     -34.1  2.81e+21
     -34.4  -2.3e+21
     -34.7  2.25e+21
       -35 -1.95e+21
     -35.4  7.55e+20
     -35.7  -1.2e+21
       -36 -2.15e+20
     -36.3 -2.31e+20

pressure[atm]        = 0.01
temperature[K]           = 900
energy step[1/cm]        = 125
maximum energy[kcal/mol] = 78.7

bimolecular PEDs:
   E, kcal    P1->P2
      78.7  4.46e+27
      78.4  4.88e+27
        78  5.34e+27
      77.6  5.85e+27
      77.3  6.39e+27
      76.9  6.99e+27
      76.6  7.64e+27
      76.2  8.34e+27
      75.9  9.11e+27
      75.5  9.95e+27
      75.1  1.09e+28
      74.8  1.18e+28
      74.4  1.29e+28
      74.1  1.41e+28
      73.7  1.53e+28
      73.4  1.67e+28
        73  1.82e+28
      72.6  1.98e+28
      72.3  2.15e+28
      71.9  2.34e+28
      71.6  2.55e+28
      71.2  2.77e+28
      70.9     3e+28
      70.5  3.26e+28
      70.1  3.54e+28
      69.8  3.84e+28
      69.4  4.17e+28
      69.1  4.52e+28
      68.7   4.9e+28
      68.3   5.3e+28
        68  5.74e+28
      67.6  6.21e+28
      67.3  6.72e+28
      66.9  7.27e+28
      66.6  7.86e+28
      66.2  8.49e+28
      65.8  9.17e+28
      65.5   9.9e+28
      65.1  1.07e+29
      64.8  1.15e+29
      64.4  1.24e+29
      64.1  1.34e+29
      63.7  1.44e+29
      63.3  1.55e+29
        63  1.67e+29
      62.6  1.79e+29
      62.3  1.93e+29
      61.9  2.07e+29
      61.6  2.23e+29
      61.2  2.39e+29
      60.8  2.56e+29
      60.5  2.75e+29
      60.1  2.95e+29
      59.8  3.16e+29
      59.4  3.38e+29
        59  3.62e+29
      58.7  3.87e+29
      58.3  4.14e+29
        58  4.42e+29
      57.6  4.72e+29
      57.3  5.04e+29
      56.9  5.37e+29
      56.5  5.73e+29
      56.2   6.1e+29
      55.8   6.5e+29
      55.5  6.92e+29
      55.1  7.36e+29
      54.8  7.82e+29
      54.4  8.31e+29
        54  8.83e+29
      53.7  9.37e+29
      53.3  9.93e+29
        53  1.05e+30
      52.6  1.12e+30
      52.3  1.18e+30
      51.9  1.25e+30
      51.5  1.32e+30
      51.2   1.4e+30
      50.8  1.47e+30
      50.5  1.55e+30
      50.1  1.64e+30
      49.7  1.73e+30
      49.4  1.82e+30
        49  1.92e+30
      48.7  2.01e+30
      48.3  2.12e+30
        48  2.22e+30
      47.6  2.33e+30
      47.2  2.45e+30
      46.9  2.56e+30
      46.5  2.68e+30
      46.2  2.81e+30
      45.8  2.94e+30
      45.5  3.07e+30
      45.1   3.2e+30
      44.7  3.34e+30
      44.4  3.48e+30
        44  3.63e+30
      43.7  3.77e+30
      43.3  3.92e+30
        43  4.08e+30
      42.6  4.23e+30
      42.2  4.39e+30
      41.9  4.55e+30
      41.5  4.71e+30
      41.2  4.87e+30
      40.8  5.03e+30
      40.4   5.2e+30
      40.1  5.36e+30
      39.7  5.52e+30
      39.4  5.69e+30
        39  5.85e+30
      38.7  6.01e+30
      38.3  6.17e+30
      37.9  6.33e+30
      37.6  6.48e+30
      37.2  6.64e+30
      36.9  6.79e+30
      36.5  6.93e+30
      36.2  7.07e+30
      35.8  7.21e+30
      35.4  7.34e+30
      35.1  7.46e+30
      34.7  7.58e+30
      34.4  7.68e+30
        34  7.79e+30
      33.7  7.88e+30
      33.3  7.97e+30
      32.9  8.04e+30
      32.6  8.11e+30
      32.2  8.17e+30
      31.9  8.21e+30
      31.5  8.25e+30
      31.1  8.28e+30
      30.8  8.29e+30
      30.4  8.29e+30
      30.1  8.28e+30
      29.7  8.26e+30
      29.4  8.22e+30
        29  8.17e+30
      28.6  8.11e+30
      28.3  8.04e+30
      27.9  7.96e+30
      27.6  7.86e+30
      27.2  7.75e+30
      26.9  7.63e+30
      26.5   7.5e+30
      26.1  7.36e+30
      25.8  7.21e+30
      25.4  7.05e+30
      25.1  6.88e+30
      24.7  6.71e+30
      24.4  6.52e+30
        24  6.33e+30
      23.6  6.13e+30
      23.3  5.92e+30
      22.9  5.71e+30
      22.6   5.5e+30
      22.2  5.28e+30
      21.8  5.06e+30
      21.5  4.83e+30
      21.1  4.61e+30
      20.8  4.38e+30
      20.4  4.16e+30
      20.1  3.94e+30
      19.7  3.72e+30
      19.3   3.5e+30
        19  3.28e+30
      18.6  3.07e+30
      18.3  2.87e+30
      17.9  2.67e+30
      17.6  2.48e+30
      17.2  2.29e+30
      16.8  2.11e+30
      16.5  1.94e+30
      16.1  1.77e+30
      15.8  1.62e+30
      15.4  1.47e+30
      15.1  1.33e+30
      14.7   1.2e+30
      14.3  1.08e+30
        14  9.61e+29
      13.6  8.55e+29
      13.3  7.57e+29
      12.9  6.67e+29
      12.5  5.85e+29
      12.2   5.1e+29
      11.8  4.42e+29
      11.5  3.81e+29
      11.1  3.26e+29
      10.8  2.78e+29
      10.4  2.35e+29
        10  1.97e+29
      9.69  1.64e+29
      9.33  1.36e+29
      8.97  1.11e+29
      8.61  9.04e+28
      8.26  7.27e+28
       7.9  5.79e+28
      7.54  4.56e+28
      7.18  3.54e+28
      6.82  2.71e+28
      6.47  2.05e+28
      6.11  1.52e+28
      5.75  1.11e+28
      5.39  7.95e+27
      5.04  5.56e+27
      4.68   3.8e+27
      4.32  2.51e+27
      3.96  1.61e+27
      3.61  9.85e+26
      3.25  5.73e+26
      2.89  3.12e+26
      2.53  1.56e+26
      2.17  6.97e+25
      1.82  2.64e+25
      1.46  8.18e+24
       1.1   1.7e+24
     0.744  4.66e+23
     0.386   6.6e+22
    0.0285  2.94e+23
    -0.329 -3.87e+23
    -0.687 -2.72e+22
     -1.04  -5.3e+22
      -1.4 -2.81e+23
     -1.76  2.96e+23
     -2.12  1.27e+23
     -2.48 -5.21e+23
     -2.83  1.23e+22
     -3.19 -3.32e+23
     -3.55 -3.51e+23
     -3.91 -4.11e+23
     -4.26 -4.59e+23
     -4.62   4.6e+23
     -4.98 -2.77e+23
     -5.34 -3.35e+21
     -5.69 -3.05e+23
     -6.05 -3.99e+23
     -6.41  2.05e+23
     -6.77  3.61e+23
     -7.13 -2.28e+23
     -7.48 -5.21e+23
     -7.84  -9.9e+22
      -8.2  1.68e+23
     -8.56 -1.32e+23
     -8.91 -3.65e+23
     -9.27  6.12e+23
     -9.63 -2.85e+23
     -9.99   1.2e+23
     -10.3  6.65e+22
     -10.7 -5.92e+23
     -11.1 -1.98e+23
     -11.4 -5.69e+22
     -11.8 -1.01e+23
     -12.1  1.08e+24
     -12.5 -5.97e+23
     -12.8  -1.9e+23
     -13.2 -2.54e+23
     -13.6  6.11e+23
     -13.9  6.32e+23
     -14.3  3.13e+23
     -14.6  -1.7e+23
       -15  2.98e+23
     -15.4 -2.28e+23
     -15.7  1.47e+23
     -16.1 -1.04e+23
     -16.4  2.52e+23
     -16.8  7.02e+23
     -17.1  9.88e+22
     -17.5 -8.02e+21
     -17.9 -6.55e+22
     -18.2  2.47e+23
     -18.6  7.43e+22
     -18.9 -2.66e+23
     -19.3 -9.72e+22
     -19.6  5.77e+23
       -20   4.2e+23
     -20.4  2.34e+23
     -20.7  -4.9e+22
     -21.1 -6.22e+22
     -21.4  4.71e+23
     -21.8  1.46e+23
     -22.1  2.73e+23
     -22.5  1.95e+23
     -22.9 -4.31e+22
     -23.2  1.19e+23
     -23.6 -2.61e+22
     -23.9  1.27e+23
     -24.3 -1.36e+23
     -24.7 -9.14e+22
       -25  1.36e+23
     -25.4     3e+23
     -25.7 -4.65e+22
     -26.1 -2.51e+23
     -26.4  3.62e+22
     -26.8   1.4e+23
     -27.2  1.53e+23
     -27.5  1.29e+23
     -27.9 -9.76e+22
     -28.2 -3.09e+22
     -28.6  5.67e+22
     -28.9 -2.74e+20
     -29.3 -7.69e+22
     -29.7  4.97e+22
       -30  9.15e+21
     -30.4 -7.42e+21
     -30.7 -2.43e+22
     -31.1  1.31e+22
     -31.4  2.18e+22
     -31.8  1.85e+22
     -32.2 -4.01e+21
     -32.5  1.97e+22
     -32.9 -1.51e+22
     -33.2  1.24e+22
     -33.6 -7.05e+21
       -34  -7.8e+20
     -34.3 -5.36e+21
     -34.7  2.02e+21
       -35 -6.54e+20
     -35.4   9.9e+20
     -35.7  5.69e+20
     -36.1 -4.58e+20
     -36.5  7.98e+20

pressure[atm]        = 0.1
temperature[K]           = 900
energy step[1/cm]        = 125
maximum energy[kcal/mol] = 78.7

bimolecular PEDs:
   E, kcal    P1->P2
      78.7  4.46e+27
      78.4  4.88e+27
        78  5.34e+27
      77.6  5.85e+27
      77.3  6.39e+27
      76.9  6.99e+27
      76.6  7.64e+27
      76.2  8.34e+27
      75.9  9.11e+27
      75.5  9.95e+27
      75.1  1.09e+28
      74.8  1.18e+28
      74.4  1.29e+28
      74.1  1.41e+28
      73.7  1.53e+28
      73.4  1.67e+28
        73  1.82e+28
      72.6  1.98e+28
      72.3  2.15e+28
      71.9  2.34e+28
      71.6  2.55e+28
      71.2  2.77e+28
      70.9     3e+28
      70.5  3.26e+28
      70.1  3.54e+28
      69.8  3.84e+28
      69.4  4.17e+28
      69.1  4.52e+28
      68.7   4.9e+28
      68.3   5.3e+28
        68  5.74e+28
      67.6  6.21e+28
      67.3  6.72e+28
      66.9  7.27e+28
      66.6  7.86e+28
      66.2  8.49e+28
      65.8  9.17e+28
      65.5   9.9e+28
      65.1  1.07e+29
      64.8  1.15e+29
      64.4  1.24e+29
      64.1  1.34e+29
      63.7  1.44e+29
      63.3  1.55e+29
        63  1.67e+29
      62.6  1.79e+29
      62.3  1.93e+29
      61.9  2.07e+29
      61.6  2.23e+29
      61.2  2.39e+29
      60.8  2.56e+29
      60.5  2.75e+29
      60.1  2.95e+29
      59.8  3.16e+29
      59.4  3.38e+29
        59  3.62e+29
      58.7  3.87e+29
      58.3  4.14e+29
        58  4.42e+29
      57.6  4.72e+29
      57.3  5.04e+29
      56.9  5.37e+29
      56.5  5.73e+29
      56.2   6.1e+29
      55.8   6.5e+29
      55.5  6.92e+29
      55.1  7.36e+29
      54.8  7.82e+29
      54.4  8.31e+29
        54  8.83e+29
      53.7  9.37e+29
      53.3  9.93e+29
        53  1.05e+30
      52.6  1.12e+30
      52.3  1.18e+30
      51.9  1.25e+30
      51.5  1.32e+30
      51.2   1.4e+30
      50.8  1.47e+30
      50.5  1.55e+30
      50.1  1.64e+30
      49.7  1.73e+30
      49.4  1.82e+30
        49  1.92e+30
      48.7  2.01e+30
      48.3  2.12e+30
        48  2.22e+30
      47.6  2.33e+30
      47.2  2.45e+30
      46.9  2.56e+30
      46.5  2.68e+30
      46.2  2.81e+30
      45.8  2.94e+30
      45.5  3.07e+30
      45.1   3.2e+30
      44.7  3.34e+30
      44.4  3.48e+30
        44  3.63e+30
      43.7  3.77e+30
      43.3  3.92e+30
        43  4.08e+30
      42.6  4.23e+30
      42.2  4.39e+30
      41.9  4.55e+30
      41.5  4.71e+30
      41.2  4.87e+30
      40.8  5.03e+30
      40.4   5.2e+30
      40.1  5.36e+30
      39.7  5.52e+30
      39.4  5.69e+30
        39  5.85e+30
      38.7  6.01e+30
      38.3  6.17e+30
      37.9  6.33e+30
      37.6  6.48e+30
      37.2  6.64e+30
      36.9  6.79e+30
      36.5  6.93e+30
      36.2  7.07e+30
      35.8  7.21e+30
      35.4  7.34e+30
      35.1  7.46e+30
      34.7  7.58e+30
      34.4  7.68e+30
        34  7.79e+30
      33.7  7.88e+30
      33.3  7.97e+30
      32.9  8.04e+30
      32.6  8.11e+30
      32.2  8.17e+30
      31.9  8.21e+30
      31.5  8.25e+30
      31.1  8.28e+30
      30.8  8.29e+30
      30.4  8.29e+30
      30.1  8.28e+30
      29.7  8.26e+30
      29.4  8.22e+30
        29  8.17e+30
      28.6  8.11e+30
      28.3  8.04e+30
      27.9  7.96e+30
      27.6  7.86e+30
      27.2  7.75e+30
      26.9  7.63e+30
      26.5   7.5e+30
      26.1  7.36e+30
      25.8  7.21e+30
      25.4  7.05e+30
      25.1  6.88e+30
      24.7  6.71e+30
      24.4  6.52e+30
        24  6.33e+30
      23.6  6.13e+30
      23.3  5.92e+30
      22.9  5.71e+30
      22.6   5.5e+30
      22.2  5.28e+30
      21.8  5.06e+30
      21.5  4.83e+30
      21.1  4.61e+30
      20.8  4.38e+30
      20.4  4.16e+30
      20.1  3.94e+30
      19.7  3.72e+30
      19.3   3.5e+30
        19  3.28e+30
      18.6  3.07e+30
      18.3  2.87e+30
      17.9  2.67e+30
      17.6  2.48e+30
      17.2  2.29e+30
      16.8  2.11e+30
      16.5  1.94e+30
      16.1  1.77e+30
      15.8  1.62e+30
      15.4  1.47e+30
      15.1  1.33e+30
      14.7   1.2e+30
      14.3  1.08e+30
        14  9.61e+29
      13.6  8.55e+29
      13.3  7.57e+29
      12.9  6.67e+29
      12.5  5.85e+29
      12.2   5.1e+29
      11.8  4.42e+29
      11.5  3.81e+29
      11.1  3.26e+29
      10.8  2.78e+29
      10.4  2.35e+29
        10  1.97e+29
      9.69  1.64e+29
      9.33  1.36e+29
      8.97  1.11e+29
      8.61  9.04e+28
      8.26  7.27e+28
       7.9  5.79e+28
      7.54  4.56e+28
      7.18  3.54e+28
      6.82  2.71e+28
      6.47  2.05e+28
      6.11  1.52e+28
      5.75  1.11e+28
      5.39  7.95e+27
      5.04  5.56e+27
      4.68   3.8e+27
      4.32  2.51e+27
      3.96  1.61e+27
      3.61  9.85e+26
      3.25  5.73e+26
      2.89  3.12e+26
      2.53  1.56e+26
      2.17  6.97e+25
      1.82  2.68e+25
      1.46  7.89e+24
       1.1  1.67e+24
     0.744  3.04e+21
     0.386  1.41e+23
    0.0285 -9.23e+22
    -0.329  1.17e+22
    -0.687 -3.37e+21
     -1.04  6.75e+22
      -1.4 -2.15e+23
     -1.76  1.89e+23
     -2.12  1.99e+23
     -2.48  2.98e+22
     -2.83  6.08e+22
     -3.19 -5.91e+23
     -3.55  3.46e+23
     -3.91  6.49e+23
     -4.26  -6.4e+23
     -4.62 -2.75e+23
     -4.98 -4.56e+23
     -5.34  2.01e+23
     -5.69 -8.45e+23
     -6.05  1.42e+23
     -6.41  2.37e+23
     -6.77 -4.73e+23
     -7.13  1.92e+23
     -7.48  2.44e+23
     -7.84  3.39e+23
      -8.2  1.63e+22
     -8.56 -2.57e+23
     -8.91 -2.97e+23
     -9.27 -2.04e+23
     -9.63 -4.34e+23
     -9.99 -6.74e+23
     -10.3 -3.15e+23
     -10.7  -4.6e+23
     -11.1 -2.19e+23
     -11.4  3.82e+23
     -11.8  2.17e+23
     -12.1 -2.69e+23
     -12.5 -1.69e+23
     -12.8  6.94e+22
     -13.2 -6.13e+23
     -13.6  1.44e+23
     -13.9   1.9e+23
     -14.3  6.54e+23
     -14.6 -9.26e+22
       -15  -2.5e+23
     -15.4  2.56e+23
     -15.7   1.5e+23
     -16.1 -1.31e+23
     -16.4 -1.75e+23
     -16.8  4.12e+23
     -17.1   7.1e+23
     -17.5  1.89e+23
     -17.9  1.65e+23
     -18.2  9.56e+23
     -18.6 -4.78e+23
     -18.9  2.44e+23
     -19.3  1.29e+23
     -19.6 -1.33e+23
       -20  1.02e+23
     -20.4  2.05e+23
     -20.7  1.07e+23
     -21.1 -1.85e+23
     -21.4 -3.85e+22
     -21.8  7.56e+22
     -22.1   1.5e+23
     -22.5  1.61e+23
     -22.9  2.88e+22
     -23.2 -2.86e+23
     -23.6 -3.97e+22
     -23.9  1.63e+23
     -24.3  2.91e+23
     -24.7 -6.29e+22
       -25 -2.31e+23
     -25.4  5.64e+22
     -25.7  1.21e+23
     -26.1  8.88e+22
     -26.4  6.16e+22
     -26.8 -1.04e+23
     -27.2 -4.97e+22
     -27.5 -8.81e+22
     -27.9  1.65e+23
     -28.2  8.06e+22
     -28.6 -7.97e+22
     -28.9  -3.9e+22
     -29.3  1.46e+23
     -29.7 -6.16e+21
       -30    -8e+22
     -30.4  8.47e+20
     -30.7  1.75e+22
     -31.1 -7.04e+22
     -31.4 -1.06e+22
     -31.8  1.53e+21
     -32.2  1.48e+22
     -32.5 -2.31e+22
     -32.9     7e+21
     -33.2 -2.04e+22
     -33.6 -1.72e+21
       -34 -2.65e+21
     -34.3  1.11e+21
     -34.7  2.02e+21
       -35 -3.24e+21
     -35.4   1.1e+21
     -35.7 -2.22e+21
     -36.1  1.43e+21
     -36.5 -2.77e+20

pressure[atm]        = 1
temperature[K]           = 900
energy step[1/cm]        = 125
maximum energy[kcal/mol] = 78.7

bimolecular PEDs:
   E, kcal    P1->P2
      78.7  4.46e+27
      78.4  4.88e+27
        78  5.34e+27
      77.6  5.85e+27
      77.3  6.39e+27
      76.9  6.99e+27
      76.6  7.64e+27
      76.2  8.34e+27
      75.9  9.11e+27
      75.5  9.95e+27
      75.1  1.09e+28
      74.8  1.18e+28
      74.4  1.29e+28
      74.1  1.41e+28
      73.7  1.53e+28
      73.4  1.67e+28
        73  1.82e+28
      72.6  1.98e+28
      72.3  2.15e+28
      71.9  2.34e+28
      71.6  2.55e+28
      71.2  2.77e+28
      70.9     3e+28
      70.5  3.26e+28
      70.1  3.54e+28
      69.8  3.84e+28
      69.4  4.17e+28
      69.1  4.52e+28
      68.7   4.9e+28
      68.3   5.3e+28
        68  5.74e+28
      67.6  6.21e+28
      67.3  6.72e+28
      66.9  7.27e+28
      66.6  7.86e+28
      66.2  8.49e+28
      65.8  9.17e+28
      65.5   9.9e+28
      65.1  1.07e+29
      64.8  1.15e+29
      64.4  1.24e+29
      64.1  1.34e+29
      63.7  1.44e+29
      63.3  1.55e+29
        63  1.67e+29
      62.6  1.79e+29
      62.3  1.93e+29
      61.9  2.07e+29
      61.6  2.23e+29
      61.2  2.39e+29
      60.8  2.56e+29
      60.5  2.75e+29
      60.1  2.95e+29
      59.8  3.16e+29
      59.4  3.38e+29
        59  3.62e+29
      58.7  3.87e+29
      58.3  4.14e+29
        58  4.42e+29
      57.6  4.72e+29
      57.3  5.04e+29
      56.9  5.37e+29
      56.5  5.73e+29
      56.2   6.1e+29
      55.8   6.5e+29
      55.5  6.92e+29
      55.1  7.36e+29
      54.8  7.82e+29
      54.4  8.31e+29
        54  8.83e+29
      53.7  9.37e+29
      53.3  9.93e+29
        53  1.05e+30
      52.6  1.12e+30
      52.3  1.18e+30
      51.9  1.25e+30
      51.5  1.32e+30
      51.2   1.4e+30
      50.8  1.47e+30
      50.5  1.55e+30
      50.1  1.64e+30
      49.7  1.73e+30
      49.4  1.82e+30
        49  1.92e+30
      48.7  2.01e+30
      48.3  2.12e+30
        48  2.22e+30
      47.6  2.33e+30
      47.2  2.45e+30
      46.9  2.56e+30
      46.5  2.68e+30
      46.2  2.81e+30
      45.8  2.94e+30
      45.5  3.07e+30
      45.1   3.2e+30
      44.7  3.34e+30
      44.4  3.48e+30
        44  3.63e+30
      43.7  3.77e+30
      43.3  3.92e+30
        43  4.08e+30
      42.6  4.23e+30
      42.2  4.39e+30
      41.9  4.55e+30
      41.5  4.71e+30
      41.2  4.87e+30
      40.8  5.03e+30
      40.4   5.2e+30
      40.1  5.36e+30
      39.7  5.52e+30
      39.4  5.69e+30
        39  5.85e+30
      38.7  6.01e+30
      38.3  6.17e+30
      37.9  6.33e+30
      37.6  6.48e+30
      37.2  6.64e+30
      36.9  6.79e+30
      36.5  6.93e+30
      36.2  7.07e+30
      35.8  7.21e+30
      35.4  7.34e+30
      35.1  7.46e+30
      34.7  7.58e+30
      34.4  7.68e+30
        34  7.79e+30
      33.7  7.88e+30
      33.3  7.97e+30
      32.9  8.04e+30
      32.6  8.11e+30
      32.2  8.17e+30
      31.9  8.21e+30
      31.5  8.25e+30
      31.1  8.28e+30
      30.8  8.29e+30
      30.4  8.29e+30
      30.1  8.28e+30
      29.7  8.26e+30
      29.4  8.22e+30
        29  8.17e+30
      28.6  8.11e+30
      28.3  8.04e+30
      27.9  7.96e+30
      27.6  7.86e+30
      27.2  7.75e+30
      26.9  7.63e+30
      26.5   7.5e+30
      26.1  7.36e+30
      25.8  7.21e+30
      25.4  7.05e+30
      25.1  6.88e+30
      24.7  6.71e+30
      24.4  6.52e+30
        24  6.33e+30
      23.6  6.13e+30
      23.3  5.92e+30
      22.9  5.71e+30
      22.6   5.5e+30
      22.2  5.28e+30
      21.8  5.06e+30
      21.5  4.83e+30
      21.1  4.61e+30
      20.8  4.38e+30
      20.4  4.16e+30
      20.1  3.94e+30
      19.7  3.72e+30
      19.3   3.5e+30
        19  3.28e+30
      18.6  3.07e+30
      18.3  2.87e+30
      17.9  2.67e+30
      17.6  2.48e+30
      17.2  2.29e+30
      16.8  2.11e+30
      16.5  1.94e+30
      16.1  1.77e+30
      15.8  1.62e+30
      15.4  1.47e+30
      15.1  1.33e+30
      14.7   1.2e+30
      14.3  1.08e+30
        14  9.61e+29
      13.6  8.55e+29
      13.3  7.57e+29
      12.9  6.67e+29
      12.5  5.85e+29
      12.2   5.1e+29
      11.8  4.42e+29
      11.5  3.81e+29
      11.1  3.27e+29
      10.8  2.78e+29
      10.4  2.35e+29
        10  1.97e+29
      9.69  1.64e+29
      9.33  1.36e+29
      8.97  1.11e+29
      8.61  9.04e+28
      8.26  7.27e+28
       7.9  5.79e+28
      7.54  4.56e+28
      7.18  3.54e+28
      6.82  2.71e+28
      6.47  2.05e+28
      6.11  1.52e+28
      5.75  1.11e+28
      5.39  7.95e+27
      5.04  5.56e+27
      4.68   3.8e+27
      4.32  2.51e+27
      3.96  1.61e+27
      3.61  9.86e+26
      3.25  5.73e+26
      2.89  3.12e+26
      2.53  1.56e+26
      2.17  6.98e+25
      1.82  2.68e+25
      1.46  8.54e+24
       1.1  1.96e+24
     0.744  3.05e+23
     0.386  4.09e+21
    0.0285  4.39e+23
    -0.329  5.11e+22
    -0.687  9.99e+22
     -1.04  8.86e+22
      -1.4  3.69e+22
     -1.76  2.52e+23
     -2.12 -1.04e+23
     -2.48  4.47e+22
     -2.83 -1.75e+23
     -3.19  2.69e+23
     -3.55  1.14e+23
     -3.91 -6.83e+22
     -4.26 -1.95e+23
     -4.62 -8.09e+22
     -4.98 -2.39e+23
     -5.34 -1.28e+23
     -5.69 -1.02e+24
     -6.05  1.74e+23
     -6.41  1.01e+23
     -6.77 -2.66e+23
     -7.13  1.52e+23
     -7.48  3.17e+23
     -7.84 -7.23e+23
      -8.2  3.39e+22
     -8.56  3.73e+23
     -8.91  1.98e+23
     -9.27 -1.74e+22
     -9.63  -5.3e+23
     -9.99 -1.69e+23
     -10.3 -5.08e+23
     -10.7  1.56e+23
     -11.1  3.53e+23
     -11.4 -2.16e+23
     -11.8 -1.96e+23
     -12.1  4.05e+22
     -12.5 -3.23e+23
     -12.8 -5.55e+22
     -13.2  3.23e+23
     -13.6 -1.24e+23
     -13.9  2.61e+23
     -14.3  4.34e+23
     -14.6 -5.36e+22
       -15 -2.23e+23
     -15.4   1.8e+23
     -15.7  3.19e+23
     -16.1  3.17e+21
     -16.4  2.19e+23
     -16.8  2.27e+23
     -17.1  1.39e+23
     -17.5   4.7e+23
     -17.9 -3.61e+23
     -18.2  -1.2e+23
     -18.6 -7.18e+22
     -18.9  9.81e+22
     -19.3  1.97e+22
     -19.6 -2.49e+23
       -20 -2.06e+23
     -20.4 -3.28e+22
     -20.7  1.89e+23
     -21.1  1.61e+22
     -21.4  -1.5e+22
     -21.8  -1.9e+23
     -22.1 -2.36e+23
     -22.5 -6.72e+22
     -22.9  1.22e+23
     -23.2 -1.89e+23
     -23.6 -2.86e+23
     -23.9 -2.57e+22
     -24.3  5.33e+22
     -24.7  2.33e+23
       -25  2.67e+23
     -25.4 -9.23e+22
     -25.7 -3.85e+23
     -26.1 -3.96e+22
     -26.4  1.28e+23
     -26.8  5.91e+19
     -27.2  9.25e+22
     -27.5 -1.72e+23
     -27.9 -3.45e+22
     -28.2  8.25e+22
     -28.6 -5.82e+22
     -28.9  3.26e+22
     -29.3  1.11e+21
     -29.7  1.97e+22
       -30 -2.53e+22
     -30.4 -1.09e+22
     -30.7  6.08e+22
     -31.1 -2.74e+22
     -31.4 -3.21e+22
     -31.8  1.47e+21
     -32.2  4.36e+22
     -32.5 -2.86e+22
     -32.9 -2.04e+22
     -33.2  1.18e+22
     -33.6 -9.95e+21
       -34  1.52e+22
     -34.3  1.64e+21
     -34.7    -2e+21
       -35   3.8e+21
     -35.4 -8.97e+20
     -35.7  -1.6e+21
     -36.1  6.11e+20
     -36.5  4.11e+20

pressure[atm]        = 10
temperature[K]           = 900
energy step[1/cm]        = 125
maximum energy[kcal/mol] = 78.7

bimolecular PEDs:
   E, kcal    P1->P2
      78.7  4.46e+27
      78.4  4.88e+27
        78  5.34e+27
      77.6  5.85e+27
      77.3  6.39e+27
      76.9  6.99e+27
      76.6  7.64e+27
      76.2  8.34e+27
      75.9  9.11e+27
      75.5  9.94e+27
      75.1  1.09e+28
      74.8  1.18e+28
      74.4  1.29e+28
      74.1  1.41e+28
      73.7  1.53e+28
      73.4  1.67e+28
        73  1.82e+28
      72.6  1.98e+28
      72.3  2.15e+28
      71.9  2.34e+28
      71.6  2.55e+28
      71.2  2.77e+28
      70.9     3e+28
      70.5  3.26e+28
      70.1  3.54e+28
      69.8  3.84e+28
      69.4  4.17e+28
      69.1  4.52e+28
      68.7   4.9e+28
      68.3   5.3e+28
        68  5.74e+28
      67.6  6.21e+28
      67.3  6.72e+28
      66.9  7.27e+28
      66.6  7.86e+28
      66.2  8.49e+28
      65.8  9.17e+28
      65.5   9.9e+28
      65.1  1.07e+29
      64.8  1.15e+29
      64.4  1.24e+29
      64.1  1.34e+29
      63.7  1.44e+29
      63.3  1.55e+29
        63  1.67e+29
      62.6  1.79e+29
      62.3  1.93e+29
      61.9  2.07e+29
      61.6  2.23e+29
      61.2  2.39e+29
      60.8  2.56e+29
      60.5  2.75e+29
      60.1  2.95e+29
      59.8  3.16e+29
      59.4  3.38e+29
        59  3.62e+29
      58.7  3.87e+29
      58.3  4.14e+29
        58  4.42e+29
      57.6  4.72e+29
      57.3  5.04e+29
      56.9  5.37e+29
      56.5  5.73e+29
      56.2   6.1e+29
      55.8   6.5e+29
      55.5  6.92e+29
      55.1  7.36e+29
      54.8  7.82e+29
      54.4  8.31e+29
        54  8.83e+29
      53.7  9.37e+29
      53.3  9.93e+29
        53  1.05e+30
      52.6  1.12e+30
      52.3  1.18e+30
      51.9  1.25e+30
      51.5  1.32e+30
      51.2   1.4e+30
      50.8  1.47e+30
      50.5  1.55e+30
      50.1  1.64e+30
      49.7  1.73e+30
      49.4  1.82e+30
        49  1.91e+30
      48.7  2.01e+30
      48.3  2.12e+30
        48  2.22e+30
      47.6  2.33e+30
      47.2  2.45e+30
      46.9  2.56e+30
      46.5  2.68e+30
      46.2  2.81e+30
      45.8  2.94e+30
      45.5  3.07e+30
      45.1   3.2e+30
      44.7  3.34e+30
      44.4  3.48e+30
        44  3.63e+30
      43.7  3.77e+30
      43.3  3.92e+30
        43  4.08e+30
      42.6  4.23e+30
      42.2  4.39e+30
      41.9  4.55e+30
      41.5  4.71e+30
      41.2  4.87e+30
      40.8  5.03e+30
      40.4   5.2e+30
      40.1  5.36e+30
      39.7  5.52e+30
      39.4  5.69e+30
        39  5.85e+30
      38.7  6.01e+30
      38.3  6.17e+30
      37.9  6.33e+30
      37.6  6.48e+30
      37.2  6.64e+30
      36.9  6.79e+30
      36.5  6.93e+30
      36.2  7.07e+30
      35.8  7.21e+30
      35.4  7.33e+30
      35.1  7.46e+30
      34.7  7.58e+30
      34.4  7.68e+30
        34  7.79e+30
      33.7  7.88e+30
      33.3  7.97e+30
      32.9  8.04e+30
      32.6  8.11e+30
      32.2  8.17e+30
      31.9  8.21e+30
      31.5  8.25e+30
      31.1  8.27e+30
      30.8  8.29e+30
      30.4  8.29e+30
      30.1  8.28e+30
      29.7  8.26e+30
      29.4  8.22e+30
        29  8.17e+30
      28.6  8.11e+30
      28.3  8.04e+30
      27.9  7.96e+30
      27.6  7.86e+30
      27.2  7.75e+30
      26.9  7.63e+30
      26.5   7.5e+30
      26.1  7.36e+30
      25.8  7.21e+30
      25.4  7.05e+30
      25.1  6.88e+30
      24.7  6.71e+30
      24.4  6.52e+30
        24  6.33e+30
      23.6  6.13e+30
      23.3  5.92e+30
      22.9  5.71e+30
      22.6   5.5e+30
      22.2  5.28e+30
      21.8  5.06e+30
      21.5  4.83e+30
      21.1  4.61e+30
      20.8  4.38e+30
      20.4  4.16e+30
      20.1  3.94e+30
      19.7  3.72e+30
      19.3   3.5e+30
        19  3.28e+30
      18.6  3.07e+30
      18.3  2.87e+30
      17.9  2.67e+30
      17.6  2.48e+30
      17.2  2.29e+30
      16.8  2.11e+30
      16.5  1.94e+30
      16.1  1.77e+30
      15.8  1.62e+30
      15.4  1.47e+30
      15.1  1.33e+30
      14.7   1.2e+30
      14.3  1.08e+30
        14  9.62e+29
      13.6  8.55e+29
      13.3  7.57e+29
      12.9  6.67e+29
      12.5  5.85e+29
      12.2   5.1e+29
      11.8  4.42e+29
      11.5  3.81e+29
      11.1  3.27e+29
      10.8  2.78e+29
      10.4  2.35e+29
        10  1.97e+29
      9.69  1.64e+29
      9.33  1.36e+29
      8.97  1.11e+29
      8.61  9.04e+28
      8.26  7.27e+28
       7.9  5.79e+28
      7.54  4.56e+28
      7.18  3.54e+28
      6.82  2.71e+28
      6.47  2.05e+28
      6.11  1.52e+28
      5.75  1.11e+28
      5.39  7.96e+27
      5.04  5.57e+27
      4.68  3.81e+27
      4.32  2.52e+27
      3.96  1.61e+27
      3.61  9.91e+26
      3.25  5.77e+26
      2.89  3.15e+26
      2.53  1.59e+26
      2.17   7.2e+25
      1.82  2.89e+25
      1.46  9.84e+24
       1.1  3.08e+24
     0.744  1.31e+24
     0.386  8.71e+23
    0.0285  9.39e+23
    -0.329  6.29e+23
    -0.687  1.41e+23
     -1.04  2.58e+22
      -1.4  5.88e+23
     -1.76  1.04e+23
     -2.12  6.25e+23
     -2.48  4.46e+23
     -2.83  4.94e+22
     -3.19  2.12e+23
     -3.55  3.77e+23
     -3.91  -2.2e+23
     -4.26  2.91e+22
     -4.62 -4.88e+22
     -4.98 -3.18e+23
     -5.34  3.56e+23
     -5.69 -2.77e+22
     -6.05  6.23e+22
     -6.41  3.77e+22
     -6.77  2.91e+23
     -7.13   1.7e+22
     -7.48  2.25e+23
     -7.84 -9.38e+22
      -8.2 -8.17e+23
     -8.56 -3.58e+23
     -8.91  -3.7e+23
     -9.27 -1.55e+23
     -9.63 -8.03e+23
     -9.99 -6.95e+22
     -10.3 -4.82e+23
     -10.7 -1.09e+23
     -11.1  3.23e+23
     -11.4 -2.07e+22
     -11.8 -4.91e+23
     -12.1 -1.91e+22
     -12.5 -1.04e+23
     -12.8 -2.93e+23
     -13.2 -1.17e+23
     -13.6 -1.62e+23
     -13.9  1.99e+23
     -14.3  1.78e+23
     -14.6  -3.7e+23
       -15  5.44e+23
     -15.4  3.26e+23
     -15.7 -6.63e+23
     -16.1  6.99e+23
     -16.4  -6.2e+23
     -16.8   9.4e+22
     -17.1 -3.43e+23
     -17.5  5.07e+23
     -17.9  4.35e+22
     -18.2  8.27e+22
     -18.6 -1.64e+23
     -18.9  6.56e+21
     -19.3  1.63e+23
     -19.6 -1.59e+23
       -20  -2.3e+23
     -20.4 -7.06e+22
     -20.7 -1.04e+23
     -21.1  2.17e+23
     -21.4  1.97e+23
     -21.8  1.05e+23
     -22.1  1.44e+22
     -22.5  6.56e+21
     -22.9    -1e+23
     -23.2  1.49e+23
     -23.6 -4.84e+22
     -23.9 -9.93e+22
     -24.3 -1.65e+23
     -24.7  2.46e+22
       -25 -1.83e+22
     -25.4 -4.02e+22
     -25.7  1.39e+22
     -26.1 -2.45e+21
     -26.4 -6.27e+22
     -26.8 -7.66e+22
     -27.2  1.48e+23
     -27.5  9.05e+22
     -27.9  7.09e+22
     -28.2 -7.87e+22
     -28.6 -3.61e+22
     -28.9  2.62e+22
     -29.3 -1.51e+22
     -29.7  1.96e+22
       -30  1.31e+22
     -30.4 -4.52e+22
     -30.7  5.96e+22
     -31.1 -1.71e+20
     -31.4 -1.74e+22
     -31.8 -4.05e+22
     -32.2 -6.81e+21
     -32.5 -3.33e+22
     -32.9  1.91e+22
     -33.2  1.74e+22
     -33.6 -9.46e+21
       -34  6.23e+21
     -34.3 -7.28e+21
     -34.7     3e+21
       -35  1.02e+21
     -35.4  1.17e+21
     -35.7  -5.1e+20
     -36.1  1.15e+22
     -36.5 -8.02e+19

pressure[atm]        = 100
temperature[K]           = 900
energy step[1/cm]        = 125
maximum energy[kcal/mol] = 78.7

bimolecular PEDs:
   E, kcal    P1->P2
      78.7  4.46e+27
      78.4  4.88e+27
        78  5.34e+27
      77.6  5.84e+27
      77.3  6.39e+27
      76.9  6.98e+27
      76.6  7.63e+27
      76.2  8.34e+27
      75.9  9.11e+27
      75.5  9.94e+27
      75.1  1.08e+28
      74.8  1.18e+28
      74.4  1.29e+28
      74.1  1.41e+28
      73.7  1.53e+28
      73.4  1.67e+28
        73  1.82e+28
      72.6  1.98e+28
      72.3  2.15e+28
      71.9  2.34e+28
      71.6  2.54e+28
      71.2  2.76e+28
      70.9     3e+28
      70.5  3.26e+28
      70.1  3.54e+28
      69.8  3.84e+28
      69.4  4.17e+28
      69.1  4.52e+28
      68.7  4.89e+28
      68.3   5.3e+28
        68  5.74e+28
      67.6  6.21e+28
      67.3  6.72e+28
      66.9  7.27e+28
      66.6  7.85e+28
      66.2  8.49e+28
      65.8  9.16e+28
      65.5  9.89e+28
      65.1  1.07e+29
      64.8  1.15e+29
      64.4  1.24e+29
      64.1  1.34e+29
      63.7  1.44e+29
      63.3  1.55e+29
        63  1.67e+29
      62.6  1.79e+29
      62.3  1.93e+29
      61.9  2.07e+29
      61.6  2.23e+29
      61.2  2.39e+29
      60.8  2.56e+29
      60.5  2.75e+29
      60.1  2.95e+29
      59.8  3.16e+29
      59.4  3.38e+29
        59  3.62e+29
      58.7  3.87e+29
      58.3  4.13e+29
        58  4.42e+29
      57.6  4.72e+29
      57.3  5.03e+29
      56.9  5.37e+29
      56.5  5.73e+29
      56.2   6.1e+29
      55.8   6.5e+29
      55.5  6.92e+29
      55.1  7.36e+29
      54.8  7.82e+29
      54.4  8.31e+29
        54  8.82e+29
      53.7  9.36e+29
      53.3  9.93e+29
        53  1.05e+30
      52.6  1.11e+30
      52.3  1.18e+30
      51.9  1.25e+30
      51.5  1.32e+30
      51.2   1.4e+30
      50.8  1.47e+30
      50.5  1.55e+30
      50.1  1.64e+30
      49.7  1.73e+30
      49.4  1.82e+30
        49  1.91e+30
      48.7  2.01e+30
      48.3  2.12e+30
        48  2.22e+30
      47.6  2.33e+30
      47.2  2.45e+30
      46.9  2.56e+30
      46.5  2.68e+30
      46.2  2.81e+30
      45.8  2.94e+30
      45.5  3.07e+30
      45.1   3.2e+30
      44.7  3.34e+30
      44.4  3.48e+30
        44  3.63e+30
      43.7  3.77e+30
      43.3  3.92e+30
        43  4.07e+30
      42.6  4.23e+30
      42.2  4.39e+30
      41.9  4.55e+30
      41.5  4.71e+30
      41.2  4.87e+30
      40.8  5.03e+30
      40.4  5.19e+30
      40.1  5.36e+30
      39.7  5.52e+30
      39.4  5.69e+30
        39  5.85e+30
      38.7  6.01e+30
      38.3  6.17e+30
      37.9  6.33e+30
      37.6  6.48e+30
      37.2  6.64e+30
      36.9  6.78e+30
      36.5  6.93e+30
      36.2  7.07e+30
      35.8   7.2e+30
      35.4  7.33e+30
      35.1  7.46e+30
      34.7  7.57e+30
      34.4  7.68e+30
        34  7.79e+30
      33.7  7.88e+30
      33.3  7.97e+30
      32.9  8.04e+30
      32.6  8.11e+30
      32.2  8.17e+30
      31.9  8.21e+30
      31.5  8.25e+30
      31.1  8.27e+30
      30.8  8.29e+30
      30.4  8.29e+30
      30.1  8.28e+30
      29.7  8.25e+30
      29.4  8.22e+30
        29  8.17e+30
      28.6  8.11e+30
      28.3  8.04e+30
      27.9  7.96e+30
      27.6  7.86e+30
      27.2  7.75e+30
      26.9  7.63e+30
      26.5  7.51e+30
      26.1  7.37e+30
      25.8  7.21e+30
      25.4  7.05e+30
      25.1  6.89e+30
      24.7  6.71e+30
      24.4  6.52e+30
        24  6.33e+30
      23.6  6.13e+30
      23.3  5.92e+30
      22.9  5.71e+30
      22.6   5.5e+30
      22.2  5.28e+30
      21.8  5.06e+30
      21.5  4.83e+30
      21.1  4.61e+30
      20.8  4.39e+30
      20.4  4.16e+30
      20.1  3.94e+30
      19.7  3.72e+30
      19.3   3.5e+30
        19  3.29e+30
      18.6  3.08e+30
      18.3  2.87e+30
      17.9  2.67e+30
      17.6  2.48e+30
      17.2  2.29e+30
      16.8  2.11e+30
      16.5  1.94e+30
      16.1  1.78e+30
      15.8  1.62e+30
      15.4  1.47e+30
      15.1  1.33e+30
      14.7   1.2e+30
      14.3  1.08e+30
        14  9.63e+29
      13.6  8.57e+29
      13.3  7.59e+29
      12.9  6.68e+29
      12.5  5.86e+29
      12.2  5.11e+29
      11.8  4.43e+29
      11.5  3.82e+29
      11.1  3.27e+29
      10.8  2.79e+29
      10.4  2.36e+29
        10  1.98e+29
      9.69  1.65e+29
      9.33  1.36e+29
      8.97  1.12e+29
      8.61  9.09e+28
      8.26  7.31e+28
       7.9  5.82e+28
      7.54  4.59e+28
      7.18  3.57e+28
      6.82  2.74e+28
      6.47  2.07e+28
      6.11  1.54e+28
      5.75  1.13e+28
      5.39  8.08e+27
      5.04  5.68e+27
      4.68  3.89e+27
      4.32   2.6e+27
      3.96  1.68e+27
      3.61  1.04e+27
      3.25   6.2e+26
      2.89   3.5e+26
      2.53  1.87e+26
      2.17   9.5e+25
      1.82   4.7e+25
      1.46  2.43e+25
       1.1  1.53e+25
     0.744  1.09e+25
     0.386  8.33e+24
    0.0285  6.51e+24
    -0.329  5.46e+24
    -0.687  4.04e+24
     -1.04  3.33e+24
      -1.4  2.67e+24
     -1.76  1.85e+24
     -2.12  1.84e+24
     -2.48  1.55e+24
     -2.83  6.24e+23
     -3.19  8.54e+23
     -3.55  2.68e+23
     -3.91  3.33e+23
     -4.26  8.55e+23
     -4.62  1.75e+23
     -4.98  3.98e+23
     -5.34 -1.87e+23
     -5.69  4.42e+23
     -6.05   2.3e+23
     -6.41  8.22e+23
     -6.77     5e+23
     -7.13 -2.88e+23
     -7.48 -1.56e+23
     -7.84  2.36e+23
      -8.2  -4.5e+23
     -8.56  4.43e+23
     -8.91  3.29e+22
     -9.27 -3.65e+22
     -9.63  1.71e+23
     -9.99 -1.57e+23
     -10.3  5.53e+21
     -10.7  5.56e+23
     -11.1  6.98e+22
     -11.4  1.84e+23
     -11.8  2.86e+23
     -12.1   1.9e+23
     -12.5  6.23e+23
     -12.8  1.27e+23
     -13.2  5.08e+23
     -13.6 -3.16e+23
     -13.9  3.35e+23
     -14.3 -4.99e+23
     -14.6 -3.32e+23
       -15  -6.9e+22
     -15.4  2.27e+23
     -15.7  1.56e+23
     -16.1 -1.49e+23
     -16.4  5.41e+23
     -16.8  7.74e+23
     -17.1  5.02e+23
     -17.5  1.47e+23
     -17.9   6.5e+23
     -18.2  4.78e+23
     -18.6  2.35e+23
     -18.9 -1.61e+23
     -19.3  1.63e+23
     -19.6 -2.77e+23
       -20  -1.6e+23
     -20.4 -1.33e+23
     -20.7  3.31e+23
     -21.1 -2.26e+23
     -21.4 -1.41e+23
     -21.8 -1.17e+23
     -22.1 -1.03e+23
     -22.5 -7.37e+22
     -22.9  5.08e+21
     -23.2 -1.29e+23
     -23.6  1.64e+23
     -23.9 -2.54e+23
     -24.3 -2.18e+23
     -24.7  1.19e+23
       -25  4.22e+21
     -25.4  1.76e+23
     -25.7 -1.04e+23
     -26.1 -1.92e+23
     -26.4 -4.47e+22
     -26.8  3.79e+21
     -27.2  1.65e+23
     -27.5  1.31e+23
     -27.9 -1.55e+23
     -28.2 -4.57e+22
     -28.6  2.69e+22
     -28.9  3.98e+22
     -29.3     3e+22
     -29.7 -7.08e+22
       -30 -4.21e+22
     -30.4 -8.92e+20
     -30.7  3.33e+22
     -31.1  5.38e+21
     -31.4  2.81e+22
     -31.8 -7.23e+22
     -32.2  3.15e+22
     -32.5  2.24e+22
     -32.9   1.3e+22
     -33.2 -1.43e+20
     -33.6 -1.42e+22
       -34  2.11e+22
     -34.3 -1.74e+22
     -34.7  9.25e+21
       -35 -9.13e+21
     -35.4  4.65e+21
     -35.7  1.31e+22
     -36.1 -1.36e+21
     -36.5  2.93e+18

pressure[atm]        = 0.01
temperature[K]           = 1000
energy step[1/cm]        = 139
maximum energy[kcal/mol] = 91.1

bimolecular PEDs:
   E, kcal    P1->P2
      91.1  1.64e+29
      90.7   1.8e+29
      90.3  1.96e+29
      89.9  2.15e+29
      89.5  2.35e+29
      89.1  2.56e+29
      88.7   2.8e+29
      88.3  3.06e+29
      87.9  3.34e+29
      87.5  3.64e+29
      87.1  3.97e+29
      86.8  4.33e+29
      86.4  4.72e+29
        86  5.14e+29
      85.6   5.6e+29
      85.2   6.1e+29
      84.8  6.64e+29
      84.4  7.22e+29
        84  7.85e+29
      83.6  8.53e+29
      83.2  9.27e+29
      82.8  1.01e+30
      82.4  1.09e+30
        82  1.19e+30
      81.6  1.29e+30
      81.2   1.4e+30
      80.8  1.51e+30
      80.4  1.64e+30
        80  1.78e+30
      79.6  1.93e+30
      79.2  2.08e+30
      78.8  2.25e+30
      78.4  2.44e+30
        78  2.64e+30
      77.6  2.85e+30
      77.2  3.08e+30
      76.8  3.32e+30
      76.4  3.58e+30
        76  3.87e+30
      75.6  4.17e+30
      75.2  4.49e+30
      74.8  4.84e+30
      74.4  5.21e+30
        74  5.61e+30
      73.6  6.04e+30
      73.2  6.49e+30
      72.8  6.98e+30
      72.4  7.49e+30
        72  8.05e+30
      71.6  8.64e+30
      71.3  9.26e+30
      70.9  9.93e+30
      70.5  1.06e+31
      70.1  1.14e+31
      69.7  1.22e+31
      69.3  1.31e+31
      68.9   1.4e+31
      68.5  1.49e+31
      68.1   1.6e+31
      67.7   1.7e+31
      67.3  1.82e+31
      66.9  1.94e+31
      66.5  2.07e+31
      66.1  2.21e+31
      65.7  2.35e+31
      65.3   2.5e+31
      64.9  2.66e+31
      64.5  2.83e+31
      64.1  3.01e+31
      63.7  3.19e+31
      63.3  3.39e+31
      62.9   3.6e+31
      62.5  3.81e+31
      62.1  4.04e+31
      61.7  4.28e+31
      61.3  4.53e+31
      60.9  4.79e+31
      60.5  5.06e+31
      60.1  5.35e+31
      59.7  5.65e+31
      59.3  5.96e+31
      58.9  6.28e+31
      58.5  6.62e+31
      58.1  6.97e+31
      57.7  7.33e+31
      57.3  7.71e+31
      56.9   8.1e+31
      56.5  8.51e+31
      56.1  8.93e+31
      55.8  9.37e+31
      55.4  9.82e+31
        55  1.03e+32
      54.6  1.08e+32
      54.2  1.13e+32
      53.8  1.18e+32
      53.4  1.23e+32
        53  1.28e+32
      52.6  1.34e+32
      52.2  1.39e+32
      51.8  1.45e+32
      51.4  1.51e+32
        51  1.57e+32
      50.6  1.63e+32
      50.2  1.69e+32
      49.8  1.75e+32
      49.4  1.81e+32
        49  1.88e+32
      48.6  1.94e+32
      48.2     2e+32
      47.8  2.07e+32
      47.4  2.13e+32
        47   2.2e+32
      46.6  2.27e+32
      46.2  2.33e+32
      45.8  2.39e+32
      45.4  2.46e+32
        45  2.52e+32
      44.6  2.58e+32
      44.2  2.65e+32
      43.8  2.71e+32
      43.4  2.76e+32
        43  2.82e+32
      42.6  2.88e+32
      42.2  2.93e+32
      41.8  2.98e+32
      41.4  3.03e+32
        41  3.08e+32
      40.6  3.12e+32
      40.3  3.16e+32
      39.9   3.2e+32
      39.5  3.23e+32
      39.1  3.26e+32
      38.7  3.29e+32
      38.3  3.31e+32
      37.9  3.33e+32
      37.5  3.34e+32
      37.1  3.35e+32
      36.7  3.36e+32
      36.3  3.36e+32
      35.9  3.36e+32
      35.5  3.35e+32
      35.1  3.34e+32
      34.7  3.32e+32
      34.3   3.3e+32
      33.9  3.27e+32
      33.5  3.24e+32
      33.1  3.21e+32
      32.7  3.17e+32
      32.3  3.13e+32
      31.9  3.08e+32
      31.5  3.02e+32
      31.1  2.97e+32
      30.7  2.91e+32
      30.3  2.84e+32
      29.9  2.77e+32
      29.5   2.7e+32
      29.1  2.63e+32
      28.7  2.55e+32
      28.3  2.47e+32
      27.9  2.39e+32
      27.5   2.3e+32
      27.1  2.22e+32
      26.7  2.13e+32
      26.3  2.04e+32
      25.9  1.96e+32
      25.5  1.87e+32
      25.1  1.78e+32
      24.8  1.69e+32
      24.4   1.6e+32
        24  1.52e+32
      23.6  1.43e+32
      23.2  1.35e+32
      22.8  1.26e+32
      22.4  1.18e+32
        22   1.1e+32
      21.6  1.03e+32
      21.2  9.53e+31
      20.8  8.82e+31
      20.4  8.14e+31
        20  7.48e+31
      19.6  6.86e+31
      19.2  6.27e+31
      18.8   5.7e+31
      18.4  5.17e+31
        18  4.68e+31
      17.6  4.21e+31
      17.2  3.77e+31
      16.8  3.37e+31
      16.4     3e+31
        16  2.65e+31
      15.6  2.34e+31
      15.2  2.05e+31
      14.8  1.79e+31
      14.4  1.56e+31
        14  1.34e+31
      13.6  1.15e+31
      13.2  9.86e+30
      12.8  8.37e+30
      12.4  7.06e+30
        12  5.92e+30
      11.6  4.92e+30
      11.2  4.07e+30
      10.8  3.33e+30
      10.4  2.71e+30
        10  2.18e+30
      9.65  1.74e+30
      9.25  1.38e+30
      8.85  1.08e+30
      8.46  8.31e+29
      8.06  6.35e+29
      7.66  4.78e+29
      7.26  3.55e+29
      6.87  2.59e+29
      6.47  1.85e+29
      6.07   1.3e+29
      5.67  8.95e+28
      5.28     6e+28
      4.88  3.91e+28
      4.48  2.46e+28
      4.09  1.49e+28
      3.69  8.57e+27
      3.29  4.64e+27
      2.89  2.31e+27
       2.5  1.05e+27
       2.1  4.12e+26
       1.7   1.3e+26
       1.3  2.81e+25
     0.906  3.51e+24
     0.508  1.22e+24
     0.111  1.21e+24
    -0.287  1.67e+24
    -0.684  3.98e+24
     -1.08 -1.75e+24
     -1.48 -1.93e+24
     -1.88 -4.04e+24
     -2.27  2.51e+23
     -2.67 -1.12e+24
     -3.07  4.74e+23
     -3.47  1.84e+24
     -3.86   1.9e+23
     -4.26 -7.55e+23
     -4.66  5.85e+24
     -5.06  3.09e+24
     -5.45 -2.55e+24
     -5.85 -2.31e+24
     -6.25  -1.2e+24
     -6.65  6.63e+23
     -7.04 -1.92e+24
     -7.44  1.09e+24
     -7.84 -1.02e+24
     -8.24  2.02e+24
     -8.63 -4.46e+24
     -9.03 -1.38e+25
     -9.43 -2.93e+24
     -9.83 -2.79e+24
     -10.2 -3.86e+24
     -10.6 -1.41e+24
       -11 -9.06e+23
     -11.4 -3.95e+24
     -11.8 -1.69e+24
     -12.2  7.61e+23
     -12.6  2.05e+24
       -13 -6.41e+23
     -13.4 -3.48e+24
     -13.8 -9.26e+23
     -14.2  -2.1e+24
     -14.6 -2.22e+24
       -15  7.68e+24
     -15.4  1.02e+24
     -15.8 -9.61e+22
     -16.2  3.31e+24
     -16.6 -3.68e+23
       -17  1.41e+24
     -17.4  2.55e+24
     -17.8  4.18e+24
     -18.2  6.14e+23
     -18.6   2.4e+24
       -19 -5.24e+22
     -19.4 -1.24e+24
     -19.8  2.45e+24
     -20.2  9.25e+23
     -20.6  -1.2e+24
       -21 -1.23e+24
     -21.4  6.57e+23
     -21.7  -1.2e+24
     -22.1   2.9e+24
     -22.5 -2.59e+24
     -22.9 -2.04e+24
     -23.3 -1.25e+24
     -23.7 -2.17e+23
     -24.1  8.51e+23
     -24.5 -1.65e+24
     -24.9 -5.99e+23
     -25.3 -1.23e+23
     -25.7 -1.01e+24
     -26.1  1.15e+24
     -26.5  1.35e+24
     -26.9 -5.29e+23
     -27.3  -8.6e+23
     -27.7 -3.35e+23
     -28.1  -5.3e+23
     -28.5  7.45e+23
     -28.9 -4.85e+23
     -29.3 -1.12e+23
     -29.7  3.46e+23
     -30.1 -2.74e+23
     -30.5    -2e+23
     -30.9  4.11e+23
     -31.3 -2.34e+23
     -31.7  1.03e+23
     -32.1 -1.59e+23
     -32.5  8.14e+22
     -32.9  9.04e+21
     -33.3  1.22e+22
     -33.7 -2.43e+22
     -34.1  1.47e+22
     -34.5 -4.37e+21
     -34.9 -8.44e+20
     -35.3  1.45e+21
     -35.7 -3.98e+20
     -36.1  1.12e+21
     -36.5  2.73e+21

pressure[atm]        = 0.1
temperature[K]           = 1000
energy step[1/cm]        = 139
maximum energy[kcal/mol] = 91.1

bimolecular PEDs:
   E, kcal    P1->P2
      91.1  1.64e+29
      90.7   1.8e+29
      90.3  1.96e+29
      89.9  2.15e+29
      89.5  2.35e+29
      89.1  2.56e+29
      88.7   2.8e+29
      88.3  3.06e+29
      87.9  3.34e+29
      87.5  3.64e+29
      87.1  3.97e+29
      86.8  4.33e+29
      86.4  4.72e+29
        86  5.14e+29
      85.6   5.6e+29
      85.2   6.1e+29
      84.8  6.64e+29
      84.4  7.22e+29
        84  7.85e+29
      83.6  8.53e+29
      83.2  9.27e+29
      82.8  1.01e+30
      82.4  1.09e+30
        82  1.19e+30
      81.6  1.29e+30
      81.2   1.4e+30
      80.8  1.51e+30
      80.4  1.64e+30
        80  1.78e+30
      79.6  1.93e+30
      79.2  2.08e+30
      78.8  2.25e+30
      78.4  2.44e+30
        78  2.64e+30
      77.6  2.85e+30
      77.2  3.08e+30
      76.8  3.32e+30
      76.4  3.58e+30
        76  3.87e+30
      75.6  4.17e+30
      75.2  4.49e+30
      74.8  4.84e+30
      74.4  5.21e+30
        74  5.61e+30
      73.6  6.04e+30
      73.2  6.49e+30
      72.8  6.98e+30
      72.4  7.49e+30
        72  8.05e+30
      71.6  8.64e+30
      71.3  9.26e+30
      70.9  9.93e+30
      70.5  1.06e+31
      70.1  1.14e+31
      69.7  1.22e+31
      69.3  1.31e+31
      68.9   1.4e+31
      68.5  1.49e+31
      68.1   1.6e+31
      67.7   1.7e+31
      67.3  1.82e+31
      66.9  1.94e+31
      66.5  2.07e+31
      66.1  2.21e+31
      65.7  2.35e+31
      65.3   2.5e+31
      64.9  2.66e+31
      64.5  2.83e+31
      64.1  3.01e+31
      63.7  3.19e+31
      63.3  3.39e+31
      62.9   3.6e+31
      62.5  3.81e+31
      62.1  4.04e+31
      61.7  4.28e+31
      61.3  4.53e+31
      60.9  4.79e+31
      60.5  5.06e+31
      60.1  5.35e+31
      59.7  5.65e+31
      59.3  5.96e+31
      58.9  6.28e+31
      58.5  6.62e+31
      58.1  6.97e+31
      57.7  7.33e+31
      57.3  7.71e+31
      56.9   8.1e+31
      56.5  8.51e+31
      56.1  8.93e+31
      55.8  9.37e+31
      55.4  9.82e+31
        55  1.03e+32
      54.6  1.08e+32
      54.2  1.13e+32
      53.8  1.18e+32
      53.4  1.23e+32
        53  1.28e+32
      52.6  1.34e+32
      52.2  1.39e+32
      51.8  1.45e+32
      51.4  1.51e+32
        51  1.57e+32
      50.6  1.63e+32
      50.2  1.69e+32
      49.8  1.75e+32
      49.4  1.81e+32
        49  1.88e+32
      48.6  1.94e+32
      48.2     2e+32
      47.8  2.07e+32
      47.4  2.13e+32
        47   2.2e+32
      46.6  2.27e+32
      46.2  2.33e+32
      45.8  2.39e+32
      45.4  2.46e+32
        45  2.52e+32
      44.6  2.58e+32
      44.2  2.65e+32
      43.8  2.71e+32
      43.4  2.76e+32
        43  2.82e+32
      42.6  2.88e+32
      42.2  2.93e+32
      41.8  2.98e+32
      41.4  3.03e+32
        41  3.08e+32
      40.6  3.12e+32
      40.3  3.16e+32
      39.9   3.2e+32
      39.5  3.23e+32
      39.1  3.26e+32
      38.7  3.29e+32
      38.3  3.31e+32
      37.9  3.33e+32
      37.5  3.34e+32
      37.1  3.35e+32
      36.7  3.36e+32
      36.3  3.36e+32
      35.9  3.36e+32
      35.5  3.35e+32
      35.1  3.34e+32
      34.7  3.32e+32
      34.3   3.3e+32
      33.9  3.27e+32
      33.5  3.24e+32
      33.1  3.21e+32
      32.7  3.17e+32
      32.3  3.13e+32
      31.9  3.08e+32
      31.5  3.02e+32
      31.1  2.97e+32
      30.7  2.91e+32
      30.3  2.84e+32
      29.9  2.77e+32
      29.5   2.7e+32
      29.1  2.63e+32
      28.7  2.55e+32
      28.3  2.47e+32
      27.9  2.39e+32
      27.5   2.3e+32
      27.1  2.22e+32
      26.7  2.13e+32
      26.3  2.04e+32
      25.9  1.96e+32
      25.5  1.87e+32
      25.1  1.78e+32
      24.8  1.69e+32
      24.4   1.6e+32
        24  1.52e+32
      23.6  1.43e+32
      23.2  1.35e+32
      22.8  1.26e+32
      22.4  1.18e+32
        22   1.1e+32
      21.6  1.03e+32
      21.2  9.53e+31
      20.8  8.82e+31
      20.4  8.14e+31
        20  7.48e+31
      19.6  6.86e+31
      19.2  6.27e+31
      18.8   5.7e+31
      18.4  5.17e+31
        18  4.68e+31
      17.6  4.21e+31
      17.2  3.77e+31
      16.8  3.37e+31
      16.4     3e+31
        16  2.65e+31
      15.6  2.34e+31
      15.2  2.05e+31
      14.8  1.79e+31
      14.4  1.56e+31
        14  1.34e+31
      13.6  1.15e+31
      13.2  9.86e+30
      12.8  8.37e+30
      12.4  7.06e+30
        12  5.92e+30
      11.6  4.92e+30
      11.2  4.07e+30
      10.8  3.33e+30
      10.4  2.71e+30
        10  2.18e+30
      9.65  1.74e+30
      9.25  1.38e+30
      8.85  1.08e+30
      8.46  8.31e+29
      8.06  6.35e+29
      7.66  4.78e+29
      7.26  3.55e+29
      6.87  2.59e+29
      6.47  1.85e+29
      6.07   1.3e+29
      5.67  8.95e+28
      5.28     6e+28
      4.88  3.91e+28
      4.48  2.46e+28
      4.09  1.49e+28
      3.69  8.57e+27
      3.29  4.64e+27
      2.89  2.32e+27
       2.5  1.05e+27
       2.1   4.1e+26
       1.7  1.27e+26
       1.3  2.36e+25
     0.906  5.75e+24
     0.508  2.86e+24
     0.111 -4.59e+24
    -0.287  2.32e+24
    -0.684  1.89e+24
     -1.08 -1.19e+24
     -1.48  1.04e+24
     -1.88  3.58e+24
     -2.27 -1.48e+24
     -2.67  1.92e+24
     -3.07  3.95e+23
     -3.47 -1.98e+24
     -3.86 -3.08e+24
     -4.26  4.44e+24
     -4.66  7.42e+24
     -5.06  5.21e+24
     -5.45  5.19e+24
     -5.85 -3.93e+23
     -6.25 -2.39e+24
     -6.65 -8.33e+23
     -7.04  4.63e+24
     -7.44 -1.45e+24
     -7.84  4.57e+23
     -8.24  4.01e+24
     -8.63 -2.61e+24
     -9.03 -4.83e+24
     -9.43 -5.29e+24
     -9.83 -5.45e+23
     -10.2  6.42e+24
     -10.6  1.29e+25
       -11 -3.19e+24
     -11.4  4.79e+24
     -11.8 -1.98e+24
     -12.2 -1.79e+24
     -12.6 -2.03e+24
       -13  1.17e+24
     -13.4 -8.58e+23
     -13.8  1.97e+24
     -14.2 -4.22e+24
     -14.6 -3.18e+24
       -15 -4.95e+23
     -15.4  3.51e+23
     -15.8 -1.78e+24
     -16.2  1.57e+24
     -16.6 -5.57e+24
       -17  -2.8e+24
     -17.4  2.62e+23
     -17.8  1.88e+23
     -18.2  2.09e+24
     -18.6 -3.33e+23
       -19 -8.34e+23
     -19.4 -2.31e+24
     -19.8 -1.62e+24
     -20.2 -1.29e+23
     -20.6 -7.31e+23
       -21  1.37e+24
     -21.4  -9.5e+23
     -21.7 -1.17e+23
     -22.1  1.28e+23
     -22.5  2.18e+24
     -22.9 -1.37e+24
     -23.3  4.67e+23
     -23.7  4.35e+23
     -24.1  -8.8e+23
     -24.5  8.07e+23
     -24.9  1.33e+24
     -25.3   1.2e+22
     -25.7 -1.24e+24
     -26.1  1.91e+23
     -26.5  5.55e+23
     -26.9 -6.01e+23
     -27.3 -2.97e+23
     -27.7 -6.23e+23
     -28.1  4.22e+23
     -28.5  9.41e+23
     -28.9 -2.34e+23
     -29.3 -5.79e+23
     -29.7 -1.59e+23
     -30.1     2e+23
     -30.5 -2.22e+22
     -30.9 -5.29e+23
     -31.3  4.84e+23
     -31.7 -1.26e+23
     -32.1   1.4e+23
     -32.5   5.9e+22
     -32.9 -5.11e+22
     -33.3  6.77e+22
     -33.7 -3.31e+21
     -34.1 -1.49e+22
     -34.5  1.11e+22
     -34.9 -3.47e+20
     -35.3  3.84e+20
     -35.7   1.3e+21
     -36.1 -3.76e+21
     -36.5  8.83e+21

pressure[atm]        = 1
temperature[K]           = 1000
energy step[1/cm]        = 139
maximum energy[kcal/mol] = 91.1

bimolecular PEDs:
   E, kcal    P1->P2
      91.1  1.64e+29
      90.7   1.8e+29
      90.3  1.96e+29
      89.9  2.15e+29
      89.5  2.35e+29
      89.1  2.56e+29
      88.7   2.8e+29
      88.3  3.06e+29
      87.9  3.34e+29
      87.5  3.64e+29
      87.1  3.97e+29
      86.8  4.33e+29
      86.4  4.72e+29
        86  5.14e+29
      85.6   5.6e+29
      85.2   6.1e+29
      84.8  6.64e+29
      84.4  7.22e+29
        84  7.85e+29
      83.6  8.53e+29
      83.2  9.27e+29
      82.8  1.01e+30
      82.4  1.09e+30
        82  1.19e+30
      81.6  1.29e+30
      81.2   1.4e+30
      80.8  1.51e+30
      80.4  1.64e+30
        80  1.78e+30
      79.6  1.93e+30
      79.2  2.08e+30
      78.8  2.25e+30
      78.4  2.44e+30
        78  2.64e+30
      77.6  2.85e+30
      77.2  3.08e+30
      76.8  3.32e+30
      76.4  3.58e+30
        76  3.87e+30
      75.6  4.17e+30
      75.2  4.49e+30
      74.8  4.84e+30
      74.4  5.21e+30
        74  5.61e+30
      73.6  6.04e+30
      73.2  6.49e+30
      72.8  6.98e+30
      72.4  7.49e+30
        72  8.05e+30
      71.6  8.64e+30
      71.3  9.26e+30
      70.9  9.93e+30
      70.5  1.06e+31
      70.1  1.14e+31
      69.7  1.22e+31
      69.3  1.31e+31
      68.9   1.4e+31
      68.5  1.49e+31
      68.1   1.6e+31
      67.7   1.7e+31
      67.3  1.82e+31
      66.9  1.94e+31
      66.5  2.07e+31
      66.1  2.21e+31
      65.7  2.35e+31
      65.3   2.5e+31
      64.9  2.66e+31
      64.5  2.83e+31
      64.1  3.01e+31
      63.7  3.19e+31
      63.3  3.39e+31
      62.9   3.6e+31
      62.5  3.81e+31
      62.1  4.04e+31
      61.7  4.28e+31
      61.3  4.53e+31
      60.9  4.79e+31
      60.5  5.06e+31
      60.1  5.35e+31
      59.7  5.65e+31
      59.3  5.96e+31
      58.9  6.28e+31
      58.5  6.62e+31
      58.1  6.97e+31
      57.7  7.33e+31
      57.3  7.71e+31
      56.9   8.1e+31
      56.5  8.51e+31
      56.1  8.93e+31
      55.8  9.37e+31
      55.4  9.82e+31
        55  1.03e+32
      54.6  1.08e+32
      54.2  1.13e+32
      53.8  1.18e+32
      53.4  1.23e+32
        53  1.28e+32
      52.6  1.34e+32
      52.2  1.39e+32
      51.8  1.45e+32
      51.4  1.51e+32
        51  1.57e+32
      50.6  1.63e+32
      50.2  1.69e+32
      49.8  1.75e+32
      49.4  1.81e+32
        49  1.88e+32
      48.6  1.94e+32
      48.2     2e+32
      47.8  2.07e+32
      47.4  2.13e+32
        47   2.2e+32
      46.6  2.27e+32
      46.2  2.33e+32
      45.8  2.39e+32
      45.4  2.46e+32
        45  2.52e+32
      44.6  2.58e+32
      44.2  2.65e+32
      43.8  2.71e+32
      43.4  2.76e+32
        43  2.82e+32
      42.6  2.88e+32
      42.2  2.93e+32
      41.8  2.98e+32
      41.4  3.03e+32
        41  3.08e+32
      40.6  3.12e+32
      40.3  3.16e+32
      39.9   3.2e+32
      39.5  3.23e+32
      39.1  3.26e+32
      38.7  3.29e+32
      38.3  3.31e+32
      37.9  3.33e+32
      37.5  3.34e+32
      37.1  3.35e+32
      36.7  3.36e+32
      36.3  3.36e+32
      35.9  3.36e+32
      35.5  3.35e+32
      35.1  3.34e+32
      34.7  3.32e+32
      34.3   3.3e+32
      33.9  3.27e+32
      33.5  3.24e+32
      33.1  3.21e+32
      32.7  3.17e+32
      32.3  3.13e+32
      31.9  3.08e+32
      31.5  3.02e+32
      31.1  2.97e+32
      30.7  2.91e+32
      30.3  2.84e+32
      29.9  2.77e+32
      29.5   2.7e+32
      29.1  2.63e+32
      28.7  2.55e+32
      28.3  2.47e+32
      27.9  2.39e+32
      27.5   2.3e+32
      27.1  2.22e+32
      26.7  2.13e+32
      26.3  2.04e+32
      25.9  1.96e+32
      25.5  1.87e+32
      25.1  1.78e+32
      24.8  1.69e+32
      24.4   1.6e+32
        24  1.52e+32
      23.6  1.43e+32
      23.2  1.35e+32
      22.8  1.26e+32
      22.4  1.18e+32
        22   1.1e+32
      21.6  1.03e+32
      21.2  9.53e+31
      20.8  8.82e+31
      20.4  8.14e+31
        20  7.48e+31
      19.6  6.86e+31
      19.2  6.27e+31
      18.8   5.7e+31
      18.4  5.17e+31
        18  4.68e+31
      17.6  4.21e+31
      17.2  3.77e+31
      16.8  3.37e+31
      16.4     3e+31
        16  2.65e+31
      15.6  2.34e+31
      15.2  2.05e+31
      14.8  1.79e+31
      14.4  1.56e+31
        14  1.34e+31
      13.6  1.15e+31
      13.2  9.86e+30
      12.8  8.37e+30
      12.4  7.06e+30
        12  5.92e+30
      11.6  4.92e+30
      11.2  4.07e+30
      10.8  3.33e+30
      10.4  2.71e+30
        10  2.18e+30
      9.65  1.74e+30
      9.25  1.38e+30
      8.85  1.08e+30
      8.46  8.31e+29
      8.06  6.35e+29
      7.66  4.78e+29
      7.26  3.55e+29
      6.87  2.59e+29
      6.47  1.85e+29
      6.07   1.3e+29
      5.67  8.95e+28
      5.28     6e+28
      4.88  3.91e+28
      4.48  2.46e+28
      4.09  1.49e+28
      3.69  8.58e+27
      3.29  4.64e+27
      2.89  2.32e+27
       2.5  1.05e+27
       2.1  4.11e+26
       1.7  1.25e+26
       1.3  3.07e+25
     0.906 -6.62e+23
     0.508  1.52e+24
     0.111  4.73e+24
    -0.287 -3.28e+23
    -0.684  1.49e+24
     -1.08 -3.41e+24
     -1.48 -3.15e+24
     -1.88 -1.89e+24
     -2.27  2.88e+24
     -2.67  7.35e+24
     -3.07 -5.11e+24
     -3.47  3.84e+23
     -3.86  1.04e+24
     -4.26  2.46e+24
     -4.66  6.55e+24
     -5.06 -1.99e+24
     -5.45  6.18e+24
     -5.85 -4.09e+24
     -6.25  -1.1e+24
     -6.65 -5.61e+24
     -7.04 -4.35e+23
     -7.44   2.3e+24
     -7.84 -7.87e+23
     -8.24  1.82e+23
     -8.63  3.26e+24
     -9.03  3.48e+24
     -9.43  2.59e+24
     -9.83 -2.98e+23
     -10.2  1.84e+24
     -10.6   3.9e+24
       -11 -3.21e+24
     -11.4 -5.16e+24
     -11.8  5.31e+24
     -12.2  4.13e+24
     -12.6  2.33e+24
       -13  3.08e+24
     -13.4  -3.1e+24
     -13.8   3.8e+24
     -14.2  2.28e+24
     -14.6 -3.78e+24
       -15 -4.13e+24
     -15.4 -5.01e+23
     -15.8  7.48e+24
     -16.2 -3.69e+24
     -16.6  -1.5e+24
       -17 -6.96e+23
     -17.4 -7.02e+23
     -17.8 -1.93e+24
     -18.2 -1.25e+23
     -18.6 -2.16e+24
       -19  4.16e+23
     -19.4  1.15e+24
     -19.8 -2.57e+23
     -20.2 -1.04e+24
     -20.6  4.37e+23
       -21 -3.31e+22
     -21.4 -8.96e+22
     -21.7  2.77e+24
     -22.1 -3.46e+24
     -22.5 -7.38e+23
     -22.9  1.11e+24
     -23.3  1.74e+24
     -23.7  2.26e+23
     -24.1 -9.81e+23
     -24.5 -1.37e+24
     -24.9 -1.53e+24
     -25.3  2.84e+22
     -25.7  4.61e+22
     -26.1  1.52e+24
     -26.5 -3.89e+23
     -26.9 -1.22e+24
     -27.3 -2.83e+23
     -27.7  6.93e+22
     -28.1  6.56e+23
     -28.5  9.65e+22
     -28.9 -4.78e+23
     -29.3  3.56e+23
     -29.7  2.02e+22
     -30.1 -1.25e+23
     -30.5  2.45e+23
     -30.9 -1.88e+23
     -31.3 -8.68e+22
     -31.7  2.19e+21
     -32.1  1.87e+23
     -32.5 -1.54e+23
     -32.9  1.78e+23
     -33.3 -4.88e+22
     -33.7  6.03e+22
     -34.1    -8e+22
     -34.5 -3.33e+22
     -34.9   7.2e+21
     -35.3 -2.33e+21
     -35.7    -4e+21
     -36.1     5e+21
     -36.5  2.85e+21

pressure[atm]        = 10
temperature[K]           = 1000
energy step[1/cm]        = 139
maximum energy[kcal/mol] = 91.1

bimolecular PEDs:
   E, kcal    P1->P2
      91.1  1.64e+29
      90.7   1.8e+29
      90.3  1.96e+29
      89.9  2.15e+29
      89.5  2.35e+29
      89.1  2.56e+29
      88.7   2.8e+29
      88.3  3.06e+29
      87.9  3.34e+29
      87.5  3.64e+29
      87.1  3.97e+29
      86.8  4.33e+29
      86.4  4.72e+29
        86  5.14e+29
      85.6   5.6e+29
      85.2   6.1e+29
      84.8  6.64e+29
      84.4  7.22e+29
        84  7.85e+29
      83.6  8.53e+29
      83.2  9.27e+29
      82.8  1.01e+30
      82.4  1.09e+30
        82  1.19e+30
      81.6  1.29e+30
      81.2   1.4e+30
      80.8  1.51e+30
      80.4  1.64e+30
        80  1.78e+30
      79.6  1.93e+30
      79.2  2.08e+30
      78.8  2.25e+30
      78.4  2.44e+30
        78  2.64e+30
      77.6  2.85e+30
      77.2  3.08e+30
      76.8  3.32e+30
      76.4  3.58e+30
        76  3.87e+30
      75.6  4.17e+30
      75.2  4.49e+30
      74.8  4.84e+30
      74.4  5.21e+30
        74  5.61e+30
      73.6  6.04e+30
      73.2  6.49e+30
      72.8  6.98e+30
      72.4  7.49e+30
        72  8.05e+30
      71.6  8.64e+30
      71.3  9.26e+30
      70.9  9.93e+30
      70.5  1.06e+31
      70.1  1.14e+31
      69.7  1.22e+31
      69.3  1.31e+31
      68.9   1.4e+31
      68.5  1.49e+31
      68.1   1.6e+31
      67.7   1.7e+31
      67.3  1.82e+31
      66.9  1.94e+31
      66.5  2.07e+31
      66.1  2.21e+31
      65.7  2.35e+31
      65.3   2.5e+31
      64.9  2.66e+31
      64.5  2.83e+31
      64.1  3.01e+31
      63.7  3.19e+31
      63.3  3.39e+31
      62.9   3.6e+31
      62.5  3.81e+31
      62.1  4.04e+31
      61.7  4.28e+31
      61.3  4.53e+31
      60.9  4.79e+31
      60.5  5.06e+31
      60.1  5.35e+31
      59.7  5.65e+31
      59.3  5.96e+31
      58.9  6.28e+31
      58.5  6.62e+31
      58.1  6.97e+31
      57.7  7.33e+31
      57.3  7.71e+31
      56.9   8.1e+31
      56.5  8.51e+31
      56.1  8.93e+31
      55.8  9.37e+31
      55.4  9.82e+31
        55  1.03e+32
      54.6  1.08e+32
      54.2  1.13e+32
      53.8  1.18e+32
      53.4  1.23e+32
        53  1.28e+32
      52.6  1.34e+32
      52.2  1.39e+32
      51.8  1.45e+32
      51.4  1.51e+32
        51  1.57e+32
      50.6  1.63e+32
      50.2  1.69e+32
      49.8  1.75e+32
      49.4  1.81e+32
        49  1.88e+32
      48.6  1.94e+32
      48.2     2e+32
      47.8  2.07e+32
      47.4  2.13e+32
        47   2.2e+32
      46.6  2.27e+32
      46.2  2.33e+32
      45.8  2.39e+32
      45.4  2.46e+32
        45  2.52e+32
      44.6  2.58e+32
      44.2  2.65e+32
      43.8  2.71e+32
      43.4  2.76e+32
        43  2.82e+32
      42.6  2.88e+32
      42.2  2.93e+32
      41.8  2.98e+32
      41.4  3.03e+32
        41  3.08e+32
      40.6  3.12e+32
      40.3  3.16e+32
      39.9   3.2e+32
      39.5  3.23e+32
      39.1  3.26e+32
      38.7  3.29e+32
      38.3  3.31e+32
      37.9  3.33e+32
      37.5  3.34e+32
      37.1  3.35e+32
      36.7  3.36e+32
      36.3  3.36e+32
      35.9  3.36e+32
      35.5  3.35e+32
      35.1  3.34e+32
      34.7  3.32e+32
      34.3   3.3e+32
      33.9  3.27e+32
      33.5  3.24e+32
      33.1  3.21e+32
      32.7  3.17e+32
      32.3  3.13e+32
      31.9  3.08e+32
      31.5  3.02e+32
      31.1  2.97e+32
      30.7  2.91e+32
      30.3  2.84e+32
      29.9  2.77e+32
      29.5   2.7e+32
      29.1  2.63e+32
      28.7  2.55e+32
      28.3  2.47e+32
      27.9  2.39e+32
      27.5   2.3e+32
      27.1  2.22e+32
      26.7  2.13e+32
      26.3  2.04e+32
      25.9  1.96e+32
      25.5  1.87e+32
      25.1  1.78e+32
      24.8  1.69e+32
      24.4   1.6e+32
        24  1.52e+32
      23.6  1.43e+32
      23.2  1.35e+32
      22.8  1.26e+32
      22.4  1.18e+32
        22   1.1e+32
      21.6  1.03e+32
      21.2  9.53e+31
      20.8  8.82e+31
      20.4  8.14e+31
        20  7.48e+31
      19.6  6.86e+31
      19.2  6.27e+31
      18.8   5.7e+31
      18.4  5.17e+31
        18  4.68e+31
      17.6  4.21e+31
      17.2  3.77e+31
      16.8  3.37e+31
      16.4     3e+31
        16  2.65e+31
      15.6  2.34e+31
      15.2  2.05e+31
      14.8  1.79e+31
      14.4  1.56e+31
        14  1.34e+31
      13.6  1.15e+31
      13.2  9.86e+30
      12.8  8.37e+30
      12.4  7.06e+30
        12  5.92e+30
      11.6  4.92e+30
      11.2  4.07e+30
      10.8  3.33e+30
      10.4  2.71e+30
        10  2.18e+30
      9.65  1.74e+30
      9.25  1.38e+30
      8.85  1.08e+30
      8.46  8.32e+29
      8.06  6.35e+29
      7.66  4.79e+29
      7.26  3.55e+29
      6.87  2.59e+29
      6.47  1.86e+29
      6.07  1.31e+29
      5.67  8.97e+28
      5.28  6.02e+28
      4.88  3.92e+28
      4.48  2.47e+28
      4.09   1.5e+28
      3.69  8.64e+27
      3.29  4.69e+27
      2.89  2.37e+27
       2.5  1.08e+27
       2.1  4.39e+26
       1.7   1.5e+26
       1.3   5.1e+25
     0.906  1.82e+25
     0.508  1.52e+25
     0.111  8.24e+24
    -0.287  7.92e+24
    -0.684  4.59e+24
     -1.08 -1.15e+24
     -1.48  8.24e+23
     -1.88  1.74e+24
     -2.27   4.3e+24
     -2.67  2.11e+24
     -3.07  4.27e+24
     -3.47  4.61e+24
     -3.86  5.44e+24
     -4.26  2.45e+24
     -4.66 -6.35e+23
     -5.06 -3.37e+24
     -5.45  2.76e+24
     -5.85  1.12e+24
     -6.25  2.58e+24
     -6.65  1.75e+22
     -7.04  6.63e+22
     -7.44  2.46e+24
     -7.84  -5.1e+24
     -8.24  2.14e+24
     -8.63 -3.44e+24
     -9.03  3.06e+24
     -9.43  5.93e+24
     -9.83  2.39e+24
     -10.2 -2.01e+24
     -10.6   2.5e+24
       -11    -4e+24
     -11.4 -4.06e+24
     -11.8 -5.06e+24
     -12.2 -5.39e+22
     -12.6  3.67e+24
       -13 -4.49e+24
     -13.4 -3.87e+24
     -13.8 -2.31e+24
     -14.2  2.75e+24
     -14.6 -3.22e+24
       -15  3.75e+24
     -15.4  3.15e+24
     -15.8  1.12e+24
     -16.2 -7.78e+23
     -16.6  1.83e+24
       -17 -1.85e+24
     -17.4  1.73e+23
     -17.8  9.01e+23
     -18.2 -1.01e+24
     -18.6 -3.09e+24
       -19  3.87e+23
     -19.4 -2.84e+24
     -19.8 -1.81e+24
     -20.2 -1.72e+22
     -20.6 -2.25e+23
       -21 -4.91e+23
     -21.4  1.03e+22
     -21.7   9.4e+23
     -22.1  -3.7e+24
     -22.5 -3.56e+23
     -22.9  1.76e+24
     -23.3  1.91e+24
     -23.7  1.83e+24
     -24.1  2.29e+23
     -24.5 -2.29e+23
     -24.9  9.96e+23
     -25.3  5.92e+23
     -25.7 -3.41e+23
     -26.1  1.12e+24
     -26.5 -5.15e+23
     -26.9 -1.63e+23
     -27.3  1.21e+22
     -27.7 -8.77e+23
     -28.1  4.99e+23
     -28.5 -2.39e+23
     -28.9 -7.85e+22
     -29.3  6.63e+23
     -29.7 -6.92e+22
     -30.1  2.65e+22
     -30.5  7.27e+22
     -30.9 -2.26e+23
     -31.3   1.8e+23
     -31.7  3.23e+22
     -32.1  1.93e+23
     -32.5  2.94e+23
     -32.9  1.34e+21
     -33.3  1.56e+23
     -33.7 -4.79e+22
     -34.1   4.1e+22
     -34.5  6.94e+20
     -34.9  2.33e+22
     -35.3 -6.22e+21
     -35.7  2.69e+21
     -36.1  -6.9e+21
     -36.5 -4.44e+20

pressure[atm]        = 100
temperature[K]           = 1000
energy step[1/cm]        = 139
maximum energy[kcal/mol] = 91.1

bimolecular PEDs:
   E, kcal    P1->P2
      91.1  1.64e+29
      90.7  1.79e+29
      90.3  1.96e+29
      89.9  2.15e+29
      89.5  2.35e+29
      89.1  2.56e+29
      88.7   2.8e+29
      88.3  3.06e+29
      87.9  3.34e+29
      87.5  3.64e+29
      87.1  3.97e+29
      86.8  4.33e+29
      86.4  4.72e+29
        86  5.14e+29
      85.6   5.6e+29
      85.2  6.09e+29
      84.8  6.63e+29
      84.4  7.22e+29
        84  7.85e+29
      83.6  8.53e+29
      83.2  9.27e+29
      82.8  1.01e+30
      82.4  1.09e+30
        82  1.19e+30
      81.6  1.29e+30
      81.2   1.4e+30
      80.8  1.51e+30
      80.4  1.64e+30
        80  1.78e+30
      79.6  1.92e+30
      79.2  2.08e+30
      78.8  2.25e+30
      78.4  2.44e+30
        78  2.64e+30
      77.6  2.85e+30
      77.2  3.08e+30
      76.8  3.32e+30
      76.4  3.58e+30
        76  3.87e+30
      75.6  4.17e+30
      75.2  4.49e+30
      74.8  4.84e+30
      74.4  5.21e+30
        74  5.61e+30
      73.6  6.03e+30
      73.2  6.49e+30
      72.8  6.97e+30
      72.4  7.49e+30
        72  8.04e+30
      71.6  8.63e+30
      71.3  9.26e+30
      70.9  9.93e+30
      70.5  1.06e+31
      70.1  1.14e+31
      69.7  1.22e+31
      69.3  1.31e+31
      68.9   1.4e+31
      68.5  1.49e+31
      68.1   1.6e+31
      67.7   1.7e+31
      67.3  1.82e+31
      66.9  1.94e+31
      66.5  2.07e+31
      66.1   2.2e+31
      65.7  2.35e+31
      65.3   2.5e+31
      64.9  2.66e+31
      64.5  2.83e+31
      64.1  3.01e+31
      63.7  3.19e+31
      63.3  3.39e+31
      62.9  3.59e+31
      62.5  3.81e+31
      62.1  4.04e+31
      61.7  4.28e+31
      61.3  4.53e+31
      60.9  4.79e+31
      60.5  5.06e+31
      60.1  5.35e+31
      59.7  5.64e+31
      59.3  5.95e+31
      58.9  6.28e+31
      58.5  6.62e+31
      58.1  6.97e+31
      57.7  7.33e+31
      57.3  7.71e+31
      56.9   8.1e+31
      56.5  8.51e+31
      56.1  8.93e+31
      55.8  9.36e+31
      55.4  9.81e+31
        55  1.03e+32
      54.6  1.08e+32
      54.2  1.12e+32
      53.8  1.18e+32
      53.4  1.23e+32
        53  1.28e+32
      52.6  1.34e+32
      52.2  1.39e+32
      51.8  1.45e+32
      51.4  1.51e+32
        51  1.57e+32
      50.6  1.63e+32
      50.2  1.69e+32
      49.8  1.75e+32
      49.4  1.81e+32
        49  1.88e+32
      48.6  1.94e+32
      48.2     2e+32
      47.8  2.07e+32
      47.4  2.13e+32
        47   2.2e+32
      46.6  2.26e+32
      46.2  2.33e+32
      45.8  2.39e+32
      45.4  2.46e+32
        45  2.52e+32
      44.6  2.58e+32
      44.2  2.65e+32
      43.8  2.71e+32
      43.4  2.76e+32
        43  2.82e+32
      42.6  2.88e+32
      42.2  2.93e+32
      41.8  2.98e+32
      41.4  3.03e+32
        41  3.08e+32
      40.6  3.12e+32
      40.3  3.16e+32
      39.9   3.2e+32
      39.5  3.23e+32
      39.1  3.26e+32
      38.7  3.29e+32
      38.3  3.31e+32
      37.9  3.33e+32
      37.5  3.34e+32
      37.1  3.35e+32
      36.7  3.36e+32
      36.3  3.36e+32
      35.9  3.36e+32
      35.5  3.35e+32
      35.1  3.34e+32
      34.7  3.32e+32
      34.3   3.3e+32
      33.9  3.27e+32
      33.5  3.24e+32
      33.1  3.21e+32
      32.7  3.17e+32
      32.3  3.13e+32
      31.9  3.08e+32
      31.5  3.02e+32
      31.1  2.97e+32
      30.7  2.91e+32
      30.3  2.84e+32
      29.9  2.77e+32
      29.5   2.7e+32
      29.1  2.63e+32
      28.7  2.55e+32
      28.3  2.47e+32
      27.9  2.39e+32
      27.5   2.3e+32
      27.1  2.22e+32
      26.7  2.13e+32
      26.3  2.04e+32
      25.9  1.96e+32
      25.5  1.87e+32
      25.1  1.78e+32
      24.8  1.69e+32
      24.4   1.6e+32
        24  1.52e+32
      23.6  1.43e+32
      23.2  1.35e+32
      22.8  1.26e+32
      22.4  1.18e+32
        22   1.1e+32
      21.6  1.03e+32
      21.2  9.54e+31
      20.8  8.83e+31
      20.4  8.14e+31
        20  7.49e+31
      19.6  6.86e+31
      19.2  6.27e+31
      18.8  5.71e+31
      18.4  5.18e+31
        18  4.68e+31
      17.6  4.21e+31
      17.2  3.78e+31
      16.8  3.38e+31
      16.4     3e+31
        16  2.66e+31
      15.6  2.34e+31
      15.2  2.06e+31
      14.8  1.79e+31
      14.4  1.56e+31
        14  1.35e+31
      13.6  1.16e+31
      13.2  9.88e+30
      12.8  8.39e+30
      12.4  7.08e+30
        12  5.93e+30
      11.6  4.94e+30
      11.2  4.08e+30
      10.8  3.34e+30
      10.4  2.72e+30
        10  2.19e+30
      9.65  1.75e+30
      9.25  1.38e+30
      8.85  1.08e+30
      8.46  8.38e+29
      8.06   6.4e+29
      7.66  4.83e+29
      7.26  3.59e+29
      6.87  2.62e+29
      6.47  1.88e+29
      6.07  1.33e+29
      5.67  9.15e+28
      5.28  6.17e+28
      4.88  4.04e+28
      4.48  2.57e+28
      4.09  1.58e+28
      3.69  9.31e+27
      3.29  5.24e+27
      2.89   2.8e+27
       2.5  1.43e+27
       2.1  7.13e+26
       1.7  3.74e+26
       1.3  2.23e+26
     0.906  1.53e+26
     0.508  1.17e+26
     0.111  9.83e+25
    -0.287  7.12e+25
    -0.684  5.27e+25
     -1.08  4.68e+25
     -1.48  4.03e+25
     -1.88  2.83e+25
     -2.27  2.51e+25
     -2.67  1.92e+25
     -3.07  1.61e+25
     -3.47  1.56e+24
     -3.86 -5.12e+24
     -4.26  5.39e+24
     -4.66  1.26e+25
     -5.06 -2.64e+24
     -5.45  2.79e+24
     -5.85  1.41e+25
     -6.25 -7.04e+24
     -6.65 -4.14e+24
     -7.04  8.57e+23
     -7.44 -3.95e+24
     -7.84  6.12e+24
     -8.24  9.95e+23
     -8.63 -1.84e+24
     -9.03  7.65e+23
     -9.43  3.81e+22
     -9.83   2.2e+24
     -10.2  3.76e+23
     -10.6  1.93e+24
       -11   3.8e+24
     -11.4 -2.87e+24
     -11.8 -5.06e+24
     -12.2 -3.55e+24
     -12.6  1.33e+24
       -13  3.21e+24
     -13.4  -1.2e+25
     -13.8  1.89e+24
     -14.2  3.73e+24
     -14.6 -7.21e+24
       -15 -3.74e+24
     -15.4  4.78e+23
     -15.8  6.99e+24
     -16.2  1.78e+24
     -16.6   4.1e+22
       -17 -1.48e+23
     -17.4 -1.62e+24
     -17.8 -3.67e+24
     -18.2  8.21e+23
     -18.6 -7.61e+23
       -19  2.82e+24
     -19.4 -2.42e+23
     -19.8  2.41e+23
     -20.2  6.02e+23
     -20.6   2.3e+24
       -21  2.09e+24
     -21.4  2.23e+23
     -21.7  1.19e+24
     -22.1 -7.92e+23
     -22.5 -1.11e+24
     -22.9 -1.66e+23
     -23.3  5.14e+23
     -23.7  8.96e+23
     -24.1 -5.63e+23
     -24.5  8.09e+23
     -24.9 -9.25e+23
     -25.3 -6.35e+23
     -25.7   1.1e+24
     -26.1 -1.86e+23
     -26.5 -1.26e+24
     -26.9  4.87e+23
     -27.3   5.4e+22
     -27.7   2.1e+23
     -28.1 -2.32e+22
     -28.5 -1.52e+23
     -28.9  1.88e+23
     -29.3 -4.66e+23
     -29.7  1.29e+23
     -30.1  1.73e+23
     -30.5  7.02e+22
     -30.9  8.68e+22
     -31.3  1.12e+23
     -31.7 -1.14e+22
     -32.1  1.24e+23
     -32.5 -1.27e+23
     -32.9 -2.69e+22
     -33.3  1.26e+22
     -33.7 -1.39e+23
     -34.1  6.93e+22
     -34.5 -4.05e+22
     -34.9  1.28e+21
     -35.3  4.97e+21
     -35.7  9.21e+21
     -36.1 -2.35e+22
     -36.5 -3.94e+19

pressure[atm]        = 0.01
temperature[K]           = 1100
energy step[1/cm]        = 153
maximum energy[kcal/mol] = 104

bimolecular PEDs:
   E, kcal    P1->P2
       104  4.72e+30
       103  5.16e+30
       103  5.64e+30
       103  6.17e+30
       102  6.74e+30
       102  7.36e+30
       101  8.04e+30
       101  8.77e+30
       100  9.57e+30
      99.9  1.04e+31
      99.5  1.14e+31
        99  1.24e+31
      98.6  1.35e+31
      98.2  1.47e+31
      97.7   1.6e+31
      97.3  1.74e+31
      96.9   1.9e+31
      96.4  2.06e+31
        96  2.24e+31
      95.5  2.44e+31
      95.1  2.65e+31
      94.7  2.88e+31
      94.2  3.12e+31
      93.8  3.39e+31
      93.4  3.68e+31
      92.9  3.98e+31
      92.5  4.32e+31
        92  4.68e+31
      91.6  5.07e+31
      91.2  5.49e+31
      90.7  5.94e+31
      90.3  6.42e+31
      89.9  6.94e+31
      89.4   7.5e+31
        89  8.11e+31
      88.5  8.76e+31
      88.1  9.45e+31
      87.7  1.02e+32
      87.2   1.1e+32
      86.8  1.19e+32
      86.4  1.28e+32
      85.9  1.38e+32
      85.5  1.48e+32
        85  1.59e+32
      84.6  1.72e+32
      84.2  1.84e+32
      83.7  1.98e+32
      83.3  2.13e+32
      82.9  2.29e+32
      82.4  2.45e+32
        82  2.63e+32
      81.5  2.82e+32
      81.1  3.02e+32
      80.7  3.24e+32
      80.2  3.47e+32
      79.8  3.71e+32
      79.4  3.97e+32
      78.9  4.24e+32
      78.5  4.53e+32
      78.1  4.84e+32
      77.6  5.17e+32
      77.2  5.52e+32
      76.7  5.88e+32
      76.3  6.27e+32
      75.9  6.68e+32
      75.4  7.11e+32
        75  7.56e+32
      74.6  8.04e+32
      74.1  8.55e+32
      73.7  9.08e+32
      73.2  9.64e+32
      72.8  1.02e+33
      72.4  1.09e+33
      71.9  1.15e+33
      71.5  1.22e+33
      71.1  1.29e+33
      70.6  1.36e+33
      70.2  1.44e+33
      69.7  1.53e+33
      69.3  1.61e+33
      68.9   1.7e+33
      68.4  1.79e+33
        68  1.89e+33
      67.6  1.99e+33
      67.1   2.1e+33
      66.7  2.21e+33
      66.2  2.32e+33
      65.8  2.44e+33
      65.4  2.56e+33
      64.9  2.69e+33
      64.5  2.82e+33
      64.1  2.95e+33
      63.6  3.09e+33
      63.2  3.24e+33
      62.8  3.39e+33
      62.3  3.54e+33
      61.9  3.69e+33
      61.4  3.86e+33
        61  4.02e+33
      60.6  4.19e+33
      60.1  4.36e+33
      59.7  4.54e+33
      59.3  4.72e+33
      58.8   4.9e+33
      58.4  5.09e+33
      57.9  5.28e+33
      57.5  5.47e+33
      57.1  5.66e+33
      56.6  5.86e+33
      56.2  6.06e+33
      55.8  6.26e+33
      55.3  6.46e+33
      54.9  6.66e+33
      54.4  6.86e+33
        54  7.06e+33
      53.6  7.26e+33
      53.1  7.46e+33
      52.7  7.66e+33
      52.3  7.85e+33
      51.8  8.05e+33
      51.4  8.24e+33
      50.9  8.43e+33
      50.5  8.61e+33
      50.1  8.79e+33
      49.6  8.96e+33
      49.2  9.13e+33
      48.8  9.29e+33
      48.3  9.44e+33
      47.9  9.58e+33
      47.4  9.72e+33
        47  9.85e+33
      46.6  9.97e+33
      46.1  1.01e+34
      45.7  1.02e+34
      45.3  1.03e+34
      44.8  1.03e+34
      44.4  1.04e+34
        44  1.05e+34
      43.5  1.05e+34
      43.1  1.05e+34
      42.6  1.05e+34
      42.2  1.05e+34
      41.8  1.05e+34
      41.3  1.05e+34
      40.9  1.05e+34
      40.5  1.04e+34
        40  1.03e+34
      39.6  1.03e+34
      39.1  1.02e+34
      38.7  1.01e+34
      38.3  9.93e+33
      37.8   9.8e+33
      37.4  9.65e+33
        37  9.49e+33
      36.5  9.31e+33
      36.1  9.13e+33
      35.6  8.93e+33
      35.2  8.73e+33
      34.8  8.51e+33
      34.3  8.28e+33
      33.9  8.05e+33
      33.5  7.81e+33
        33  7.56e+33
      32.6  7.31e+33
      32.1  7.05e+33
      31.7  6.79e+33
      31.3  6.52e+33
      30.8  6.25e+33
      30.4  5.98e+33
        30  5.71e+33
      29.5  5.44e+33
      29.1  5.17e+33
      28.7   4.9e+33
      28.2  4.64e+33
      27.8  4.38e+33
      27.3  4.12e+33
      26.9  3.87e+33
      26.5  3.62e+33
        26  3.39e+33
      25.6  3.16e+33
      25.2  2.93e+33
      24.7  2.72e+33
      24.3  2.51e+33
      23.8  2.31e+33
      23.4  2.12e+33
        23  1.95e+33
      22.5  1.78e+33
      22.1  1.62e+33
      21.7  1.46e+33
      21.2  1.32e+33
      20.8  1.19e+33
      20.3  1.07e+33
      19.9  9.54e+32
      19.5  8.49e+32
        19  7.52e+32
      18.6  6.64e+32
      18.2  5.83e+32
      17.7   5.1e+32
      17.3  4.44e+32
      16.8  3.85e+32
      16.4  3.31e+32
        16  2.84e+32
      15.5  2.42e+32
      15.1  2.05e+32
      14.7  1.73e+32
      14.2  1.45e+32
      13.8   1.2e+32
      13.3  9.95e+31
      12.9  8.16e+31
      12.5  6.64e+31
        12  5.36e+31
      11.6  4.29e+31
      11.2   3.4e+31
      10.7  2.67e+31
      10.3  2.08e+31
      9.85   1.6e+31
      9.41  1.22e+31
      8.98  9.13e+30
      8.54  6.77e+30
       8.1  4.94e+30
      7.67  3.55e+30
      7.23   2.5e+30
      6.79  1.73e+30
      6.35  1.17e+30
      5.92  7.71e+29
      5.48  4.94e+29
      5.04  3.07e+29
      4.61  1.83e+29
      4.17  1.05e+29
      3.73  5.64e+28
      3.29  2.83e+28
      2.86  1.29e+28
      2.42  5.28e+27
      1.98  1.74e+27
      1.55  4.41e+26
      1.11  7.11e+25
     0.671  -2.6e+25
     0.234   3.5e+25
    -0.203  -1.7e+25
    -0.641 -3.43e+25
     -1.08  9.04e+24
     -1.51 -9.34e+25
     -1.95 -2.51e+25
     -2.39  2.63e+25
     -2.83 -7.46e+25
     -3.26  2.74e+25
      -3.7  5.95e+24
     -4.14  1.21e+26
     -4.58  2.14e+25
     -5.01  1.11e+25
     -5.45 -2.83e+25
     -5.89 -3.39e+25
     -6.32  6.48e+25
     -6.76  -2.4e+25
      -7.2     6e+25
     -7.64  1.29e+25
     -8.07  2.23e+25
     -8.51  -7.4e+25
     -8.95  4.95e+25
     -9.38  3.57e+25
     -9.82 -2.54e+23
     -10.3 -1.99e+25
     -10.7 -1.34e+25
     -11.1  2.42e+25
     -11.6  2.69e+25
       -12 -1.75e+24
     -12.4 -3.42e+24
     -12.9 -2.35e+25
     -13.3  2.68e+24
     -13.8 -5.99e+25
     -14.2 -2.81e+24
     -14.6 -1.32e+25
     -15.1 -1.52e+25
     -15.5  4.93e+25
     -15.9 -3.83e+24
     -16.4 -1.13e+25
     -16.8  3.21e+25
     -17.3  2.01e+25
     -17.7 -2.86e+24
     -18.1 -1.48e+25
     -18.6   3.7e+24
       -19  1.47e+25
     -19.4 -1.14e+25
     -19.9 -5.84e+24
     -20.3 -1.59e+24
     -20.8 -2.71e+24
     -21.2  1.11e+25
     -21.6 -1.19e+25
     -22.1 -9.67e+24
     -22.5  1.06e+25
     -22.9 -2.66e+24
     -23.4 -7.32e+24
     -23.8 -3.87e+24
     -24.2  7.48e+23
     -24.7   7.3e+24
     -25.1 -3.94e+24
     -25.6 -5.68e+24
       -26  6.49e+23
     -26.4  7.09e+23
     -26.9  -2.1e+24
     -27.3 -1.66e+24
     -27.7   6.7e+23
     -28.2 -4.62e+23
     -28.6 -1.98e+24
     -29.1 -2.26e+24
     -29.5  8.32e+23
     -29.9  2.16e+24
     -30.4 -1.28e+24
     -30.8  9.16e+23
     -31.2 -3.95e+23
     -31.7 -3.75e+21
     -32.1   2.9e+23
     -32.6  1.54e+23
       -33  2.02e+23
     -33.4 -9.11e+22
     -33.9  9.05e+23
     -34.3 -4.77e+22
     -34.7  1.25e+22
     -35.2 -1.44e+22
     -35.6  9.24e+21
     -36.1 -1.41e+21
     -36.5   1.2e+22

pressure[atm]        = 0.1
temperature[K]           = 1100
energy step[1/cm]        = 153
maximum energy[kcal/mol] = 104

bimolecular PEDs:
   E, kcal    P1->P2
       104  4.72e+30
       103  5.16e+30
       103  5.64e+30
       103  6.17e+30
       102  6.74e+30
       102  7.36e+30
       101  8.04e+30
       101  8.77e+30
       100  9.57e+30
      99.9  1.04e+31
      99.5  1.14e+31
        99  1.24e+31
      98.6  1.35e+31
      98.2  1.47e+31
      97.7   1.6e+31
      97.3  1.74e+31
      96.9   1.9e+31
      96.4  2.06e+31
        96  2.24e+31
      95.5  2.44e+31
      95.1  2.65e+31
      94.7  2.88e+31
      94.2  3.12e+31
      93.8  3.39e+31
      93.4  3.68e+31
      92.9  3.98e+31
      92.5  4.32e+31
        92  4.68e+31
      91.6  5.07e+31
      91.2  5.49e+31
      90.7  5.94e+31
      90.3  6.42e+31
      89.9  6.94e+31
      89.4   7.5e+31
        89  8.11e+31
      88.5  8.76e+31
      88.1  9.45e+31
      87.7  1.02e+32
      87.2   1.1e+32
      86.8  1.19e+32
      86.4  1.28e+32
      85.9  1.38e+32
      85.5  1.48e+32
        85  1.59e+32
      84.6  1.72e+32
      84.2  1.84e+32
      83.7  1.98e+32
      83.3  2.13e+32
      82.9  2.29e+32
      82.4  2.45e+32
        82  2.63e+32
      81.5  2.82e+32
      81.1  3.02e+32
      80.7  3.24e+32
      80.2  3.47e+32
      79.8  3.71e+32
      79.4  3.97e+32
      78.9  4.24e+32
      78.5  4.53e+32
      78.1  4.84e+32
      77.6  5.17e+32
      77.2  5.52e+32
      76.7  5.88e+32
      76.3  6.27e+32
      75.9  6.68e+32
      75.4  7.11e+32
        75  7.56e+32
      74.6  8.04e+32
      74.1  8.55e+32
      73.7  9.08e+32
      73.2  9.64e+32
      72.8  1.02e+33
      72.4  1.09e+33
      71.9  1.15e+33
      71.5  1.22e+33
      71.1  1.29e+33
      70.6  1.36e+33
      70.2  1.44e+33
      69.7  1.53e+33
      69.3  1.61e+33
      68.9   1.7e+33
      68.4  1.79e+33
        68  1.89e+33
      67.6  1.99e+33
      67.1   2.1e+33
      66.7  2.21e+33
      66.2  2.32e+33
      65.8  2.44e+33
      65.4  2.56e+33
      64.9  2.69e+33
      64.5  2.82e+33
      64.1  2.95e+33
      63.6  3.09e+33
      63.2  3.24e+33
      62.8  3.39e+33
      62.3  3.54e+33
      61.9  3.69e+33
      61.4  3.86e+33
        61  4.02e+33
      60.6  4.19e+33
      60.1  4.36e+33
      59.7  4.54e+33
      59.3  4.72e+33
      58.8   4.9e+33
      58.4  5.09e+33
      57.9  5.28e+33
      57.5  5.47e+33
      57.1  5.66e+33
      56.6  5.86e+33
      56.2  6.06e+33
      55.8  6.26e+33
      55.3  6.46e+33
      54.9  6.66e+33
      54.4  6.86e+33
        54  7.06e+33
      53.6  7.26e+33
      53.1  7.46e+33
      52.7  7.66e+33
      52.3  7.85e+33
      51.8  8.05e+33
      51.4  8.24e+33
      50.9  8.43e+33
      50.5  8.61e+33
      50.1  8.79e+33
      49.6  8.96e+33
      49.2  9.13e+33
      48.8  9.29e+33
      48.3  9.44e+33
      47.9  9.58e+33
      47.4  9.72e+33
        47  9.85e+33
      46.6  9.97e+33
      46.1  1.01e+34
      45.7  1.02e+34
      45.3  1.03e+34
      44.8  1.03e+34
      44.4  1.04e+34
        44  1.05e+34
      43.5  1.05e+34
      43.1  1.05e+34
      42.6  1.05e+34
      42.2  1.05e+34
      41.8  1.05e+34
      41.3  1.05e+34
      40.9  1.05e+34
      40.5  1.04e+34
        40  1.03e+34
      39.6  1.03e+34
      39.1  1.02e+34
      38.7  1.01e+34
      38.3  9.93e+33
      37.8   9.8e+33
      37.4  9.65e+33
        37  9.49e+33
      36.5  9.31e+33
      36.1  9.13e+33
      35.6  8.93e+33
      35.2  8.73e+33
      34.8  8.51e+33
      34.3  8.28e+33
      33.9  8.05e+33
      33.5  7.81e+33
        33  7.56e+33
      32.6  7.31e+33
      32.1  7.05e+33
      31.7  6.79e+33
      31.3  6.52e+33
      30.8  6.25e+33
      30.4  5.98e+33
        30  5.71e+33
      29.5  5.44e+33
      29.1  5.17e+33
      28.7   4.9e+33
      28.2  4.64e+33
      27.8  4.38e+33
      27.3  4.12e+33
      26.9  3.87e+33
      26.5  3.62e+33
        26  3.39e+33
      25.6  3.16e+33
      25.2  2.93e+33
      24.7  2.72e+33
      24.3  2.51e+33
      23.8  2.31e+33
      23.4  2.12e+33
        23  1.95e+33
      22.5  1.78e+33
      22.1  1.62e+33
      21.7  1.46e+33
      21.2  1.32e+33
      20.8  1.19e+33
      20.3  1.07e+33
      19.9  9.54e+32
      19.5  8.49e+32
        19  7.52e+32
      18.6  6.64e+32
      18.2  5.83e+32
      17.7   5.1e+32
      17.3  4.44e+32
      16.8  3.85e+32
      16.4  3.31e+32
        16  2.84e+32
      15.5  2.42e+32
      15.1  2.05e+32
      14.7  1.73e+32
      14.2  1.45e+32
      13.8   1.2e+32
      13.3  9.95e+31
      12.9  8.16e+31
      12.5  6.64e+31
        12  5.36e+31
      11.6  4.29e+31
      11.2   3.4e+31
      10.7  2.67e+31
      10.3  2.08e+31
      9.85   1.6e+31
      9.41  1.22e+31
      8.98  9.13e+30
      8.54  6.77e+30
       8.1  4.94e+30
      7.67  3.55e+30
      7.23   2.5e+30
      6.79  1.73e+30
      6.35  1.17e+30
      5.92  7.71e+29
      5.48  4.94e+29
      5.04  3.07e+29
      4.61  1.83e+29
      4.17  1.05e+29
      3.73  5.64e+28
      3.29  2.83e+28
      2.86  1.29e+28
      2.42  5.13e+27
      1.98  1.75e+27
      1.55  4.03e+26
      1.11  9.62e+25
     0.671  1.68e+25
     0.234 -3.48e+24
    -0.203 -1.92e+25
    -0.641  2.84e+25
     -1.08  3.17e+24
     -1.51 -1.35e+25
     -1.95 -8.22e+24
     -2.39  1.13e+25
     -2.83   8.3e+25
     -3.26  3.09e+25
      -3.7  5.27e+24
     -4.14  2.78e+24
     -4.58  2.62e+25
     -5.01  6.36e+24
     -5.45  8.69e+24
     -5.89  1.67e+25
     -6.32  -7.9e+25
     -6.76  9.38e+25
      -7.2 -1.03e+25
     -7.64  2.35e+25
     -8.07  4.25e+25
     -8.51 -2.91e+25
     -8.95  4.98e+24
     -9.38 -2.95e+25
     -9.82  3.26e+25
     -10.3  -2.1e+24
     -10.7   6.8e+24
     -11.1 -9.88e+24
     -11.6  1.77e+24
       -12  1.09e+25
     -12.4  1.46e+25
     -12.9 -1.05e+25
     -13.3 -1.25e+24
     -13.8 -2.05e+25
     -14.2  1.22e+25
     -14.6 -2.68e+25
     -15.1 -1.95e+25
     -15.5  1.59e+25
     -15.9 -1.09e+25
     -16.4  2.13e+25
     -16.8  7.38e+24
     -17.3  9.87e+24
     -17.7  3.77e+25
     -18.1  9.82e+24
     -18.6  8.55e+24
       -19   9.6e+24
     -19.4  -4.6e+24
     -19.9 -2.26e+24
     -20.3 -1.92e+24
     -20.8 -5.72e+23
     -21.2 -1.52e+25
     -21.6  1.25e+25
     -22.1  9.45e+24
     -22.5 -1.66e+24
     -22.9  1.68e+24
     -23.4 -7.42e+23
     -23.8  1.43e+25
     -24.2  4.38e+24
     -24.7 -2.59e+24
     -25.1   6.7e+23
     -25.6  2.92e+24
       -26  1.06e+24
     -26.4  4.11e+22
     -26.9  1.04e+24
     -27.3 -2.53e+24
     -27.7  6.16e+23
     -28.2  2.96e+24
     -28.6 -9.77e+22
     -29.1 -2.75e+24
     -29.5  1.69e+23
     -29.9  3.31e+24
     -30.4  3.88e+23
     -30.8 -1.24e+24
     -31.2  2.38e+24
     -31.7  1.29e+23
     -32.1  6.95e+21
     -32.6  6.64e+22
       -33  1.95e+23
     -33.4 -3.52e+22
     -33.9 -2.47e+22
     -34.3  1.91e+22
     -34.7 -3.51e+20
     -35.2  1.32e+22
     -35.6  4.75e+21
     -36.1  -5.1e+21
     -36.5  -3.3e+21

pressure[atm]        = 1
temperature[K]           = 1100
energy step[1/cm]        = 153
maximum energy[kcal/mol] = 104

bimolecular PEDs:
   E, kcal    P1->P2
       104  4.72e+30
       103  5.16e+30
       103  5.64e+30
       103  6.17e+30
       102  6.74e+30
       102  7.36e+30
       101  8.04e+30
       101  8.77e+30
       100  9.57e+30
      99.9  1.04e+31
      99.5  1.14e+31
        99  1.24e+31
      98.6  1.35e+31
      98.2  1.47e+31
      97.7   1.6e+31
      97.3  1.74e+31
      96.9   1.9e+31
      96.4  2.06e+31
        96  2.24e+31
      95.5  2.44e+31
      95.1  2.65e+31
      94.7  2.88e+31
      94.2  3.12e+31
      93.8  3.39e+31
      93.4  3.68e+31
      92.9  3.98e+31
      92.5  4.32e+31
        92  4.68e+31
      91.6  5.07e+31
      91.2  5.49e+31
      90.7  5.94e+31
      90.3  6.42e+31
      89.9  6.94e+31
      89.4   7.5e+31
        89  8.11e+31
      88.5  8.76e+31
      88.1  9.45e+31
      87.7  1.02e+32
      87.2   1.1e+32
      86.8  1.19e+32
      86.4  1.28e+32
      85.9  1.38e+32
      85.5  1.48e+32
        85  1.59e+32
      84.6  1.72e+32
      84.2  1.84e+32
      83.7  1.98e+32
      83.3  2.13e+32
      82.9  2.29e+32
      82.4  2.45e+32
        82  2.63e+32
      81.5  2.82e+32
      81.1  3.02e+32
      80.7  3.24e+32
      80.2  3.47e+32
      79.8  3.71e+32
      79.4  3.97e+32
      78.9  4.24e+32
      78.5  4.53e+32
      78.1  4.84e+32
      77.6  5.17e+32
      77.2  5.52e+32
      76.7  5.88e+32
      76.3  6.27e+32
      75.9  6.68e+32
      75.4  7.11e+32
        75  7.56e+32
      74.6  8.04e+32
      74.1  8.55e+32
      73.7  9.08e+32
      73.2  9.64e+32
      72.8  1.02e+33
      72.4  1.09e+33
      71.9  1.15e+33
      71.5  1.22e+33
      71.1  1.29e+33
      70.6  1.36e+33
      70.2  1.44e+33
      69.7  1.53e+33
      69.3  1.61e+33
      68.9   1.7e+33
      68.4  1.79e+33
        68  1.89e+33
      67.6  1.99e+33
      67.1   2.1e+33
      66.7  2.21e+33
      66.2  2.32e+33
      65.8  2.44e+33
      65.4  2.56e+33
      64.9  2.69e+33
      64.5  2.82e+33
      64.1  2.95e+33
      63.6  3.09e+33
      63.2  3.24e+33
      62.8  3.39e+33
      62.3  3.54e+33
      61.9  3.69e+33
      61.4  3.86e+33
        61  4.02e+33
      60.6  4.19e+33
      60.1  4.36e+33
      59.7  4.54e+33
      59.3  4.72e+33
      58.8   4.9e+33
      58.4  5.09e+33
      57.9  5.28e+33
      57.5  5.47e+33
      57.1  5.66e+33
      56.6  5.86e+33
      56.2  6.06e+33
      55.8  6.26e+33
      55.3  6.46e+33
      54.9  6.66e+33
      54.4  6.86e+33
        54  7.06e+33
      53.6  7.26e+33
      53.1  7.46e+33
      52.7  7.66e+33
      52.3  7.85e+33
      51.8  8.05e+33
      51.4  8.24e+33
      50.9  8.43e+33
      50.5  8.61e+33
      50.1  8.79e+33
      49.6  8.96e+33
      49.2  9.13e+33
      48.8  9.29e+33
      48.3  9.44e+33
      47.9  9.58e+33
      47.4  9.72e+33
        47  9.85e+33
      46.6  9.97e+33
      46.1  1.01e+34
      45.7  1.02e+34
      45.3  1.03e+34
      44.8  1.03e+34
      44.4  1.04e+34
        44  1.05e+34
      43.5  1.05e+34
      43.1  1.05e+34
      42.6  1.05e+34
      42.2  1.05e+34
      41.8  1.05e+34
      41.3  1.05e+34
      40.9  1.05e+34
      40.5  1.04e+34
        40  1.03e+34
      39.6  1.03e+34
      39.1  1.02e+34
      38.7  1.01e+34
      38.3  9.93e+33
      37.8   9.8e+33
      37.4  9.65e+33
        37  9.49e+33
      36.5  9.31e+33
      36.1  9.13e+33
      35.6  8.93e+33
      35.2  8.73e+33
      34.8  8.51e+33
      34.3  8.28e+33
      33.9  8.05e+33
      33.5  7.81e+33
        33  7.56e+33
      32.6  7.31e+33
      32.1  7.05e+33
      31.7  6.79e+33
      31.3  6.52e+33
      30.8  6.25e+33
      30.4  5.98e+33
        30  5.71e+33
      29.5  5.44e+33
      29.1  5.17e+33
      28.7   4.9e+33
      28.2  4.64e+33
      27.8  4.38e+33
      27.3  4.12e+33
      26.9  3.87e+33
      26.5  3.62e+33
        26  3.39e+33
      25.6  3.16e+33
      25.2  2.93e+33
      24.7  2.72e+33
      24.3  2.51e+33
      23.8  2.31e+33
      23.4  2.12e+33
        23  1.95e+33
      22.5  1.78e+33
      22.1  1.62e+33
      21.7  1.46e+33
      21.2  1.32e+33
      20.8  1.19e+33
      20.3  1.07e+33
      19.9  9.54e+32
      19.5  8.49e+32
        19  7.52e+32
      18.6  6.64e+32
      18.2  5.83e+32
      17.7   5.1e+32
      17.3  4.44e+32
      16.8  3.85e+32
      16.4  3.31e+32
        16  2.84e+32
      15.5  2.42e+32
      15.1  2.05e+32
      14.7  1.73e+32
      14.2  1.45e+32
      13.8   1.2e+32
      13.3  9.95e+31
      12.9  8.16e+31
      12.5  6.64e+31
        12  5.36e+31
      11.6  4.29e+31
      11.2   3.4e+31
      10.7  2.67e+31
      10.3  2.08e+31
      9.85   1.6e+31
      9.41  1.22e+31
      8.98  9.13e+30
      8.54  6.77e+30
       8.1  4.94e+30
      7.67  3.55e+30
      7.23   2.5e+30
      6.79  1.73e+30
      6.35  1.17e+30
      5.92  7.71e+29
      5.48  4.95e+29
      5.04  3.07e+29
      4.61  1.84e+29
      4.17  1.05e+29
      3.73  5.65e+28
      3.29  2.83e+28
      2.86   1.3e+28
      2.42  5.18e+27
      1.98  1.66e+27
      1.55  4.79e+26
      1.11  7.41e+25
     0.671 -9.49e+24
     0.234 -5.86e+25
    -0.203   2.9e+25
    -0.641   4.4e+25
     -1.08 -1.87e+25
     -1.51 -5.38e+25
     -1.95  3.29e+25
     -2.39  1.55e+25
     -2.83 -4.08e+25
     -3.26 -5.58e+24
      -3.7  5.95e+24
     -4.14  1.08e+25
     -4.58  3.51e+24
     -5.01 -6.63e+25
     -5.45 -2.59e+25
     -5.89   1.9e+25
     -6.32  1.65e+25
     -6.76  8.63e+24
      -7.2 -6.18e+25
     -7.64 -1.94e+25
     -8.07 -5.82e+25
     -8.51 -1.39e+25
     -8.95  3.09e+25
     -9.38  1.26e+24
     -9.82 -3.77e+25
     -10.3  3.43e+25
     -10.7 -8.54e+25
     -11.1  8.67e+24
     -11.6  4.27e+25
       -12 -6.22e+25
     -12.4  2.71e+25
     -12.9 -1.76e+25
     -13.3 -3.38e+24
     -13.8  2.99e+25
     -14.2  2.23e+25
     -14.6 -9.36e+25
     -15.1  2.11e+25
     -15.5 -2.82e+25
     -15.9  5.87e+24
     -16.4 -9.88e+23
     -16.8  2.69e+25
     -17.3 -1.16e+25
     -17.7 -1.61e+25
     -18.1 -1.11e+25
     -18.6  1.27e+25
       -19 -7.64e+24
     -19.4 -5.68e+24
     -19.9  2.64e+24
     -20.3  2.47e+24
     -20.8 -1.31e+24
     -21.2  4.91e+24
     -21.6  -1.4e+24
     -22.1 -1.45e+25
     -22.5  5.31e+24
     -22.9  9.07e+24
     -23.4 -9.45e+24
     -23.8 -9.72e+23
     -24.2  9.55e+24
     -24.7  1.28e+24
     -25.1 -1.11e+25
     -25.6 -1.18e+25
       -26  9.09e+24
     -26.4  -2.4e+24
     -26.9  6.74e+24
     -27.3 -8.42e+24
     -27.7 -3.85e+24
     -28.2 -2.03e+24
     -28.6  1.78e+24
     -29.1  1.72e+24
     -29.5 -2.49e+24
     -29.9  1.57e+24
     -30.4  1.33e+24
     -30.8 -2.07e+24
     -31.2 -5.23e+23
     -31.7  1.52e+24
     -32.1 -7.73e+23
     -32.6 -3.39e+23
       -33 -2.36e+23
     -33.4  2.54e+23
     -33.9 -2.71e+23
     -34.3  7.35e+22
     -34.7 -6.23e+22
     -35.2  1.01e+22
     -35.6  5.61e+21
     -36.1 -1.98e+22
     -36.5     1e+21

pressure[atm]        = 10
temperature[K]           = 1100
energy step[1/cm]        = 153
maximum energy[kcal/mol] = 104

bimolecular PEDs:
   E, kcal    P1->P2
       104  4.72e+30
       103  5.16e+30
       103  5.64e+30
       103  6.17e+30
       102  6.74e+30
       102  7.36e+30
       101  8.04e+30
       101  8.77e+30
       100  9.57e+30
      99.9  1.04e+31
      99.5  1.14e+31
        99  1.24e+31
      98.6  1.35e+31
      98.2  1.47e+31
      97.7   1.6e+31
      97.3  1.74e+31
      96.9   1.9e+31
      96.4  2.06e+31
        96  2.24e+31
      95.5  2.44e+31
      95.1  2.65e+31
      94.7  2.88e+31
      94.2  3.12e+31
      93.8  3.39e+31
      93.4  3.68e+31
      92.9  3.98e+31
      92.5  4.32e+31
        92  4.68e+31
      91.6  5.07e+31
      91.2  5.49e+31
      90.7  5.94e+31
      90.3  6.42e+31
      89.9  6.94e+31
      89.4   7.5e+31
        89  8.11e+31
      88.5  8.75e+31
      88.1  9.45e+31
      87.7  1.02e+32
      87.2   1.1e+32
      86.8  1.19e+32
      86.4  1.28e+32
      85.9  1.38e+32
      85.5  1.48e+32
        85  1.59e+32
      84.6  1.72e+32
      84.2  1.84e+32
      83.7  1.98e+32
      83.3  2.13e+32
      82.9  2.29e+32
      82.4  2.45e+32
        82  2.63e+32
      81.5  2.82e+32
      81.1  3.02e+32
      80.7  3.24e+32
      80.2  3.47e+32
      79.8  3.71e+32
      79.4  3.97e+32
      78.9  4.24e+32
      78.5  4.53e+32
      78.1  4.84e+32
      77.6  5.17e+32
      77.2  5.51e+32
      76.7  5.88e+32
      76.3  6.27e+32
      75.9  6.68e+32
      75.4  7.11e+32
        75  7.56e+32
      74.6  8.04e+32
      74.1  8.55e+32
      73.7  9.08e+32
      73.2  9.64e+32
      72.8  1.02e+33
      72.4  1.09e+33
      71.9  1.15e+33
      71.5  1.22e+33
      71.1  1.29e+33
      70.6  1.36e+33
      70.2  1.44e+33
      69.7  1.53e+33
      69.3  1.61e+33
      68.9   1.7e+33
      68.4  1.79e+33
        68  1.89e+33
      67.6  1.99e+33
      67.1   2.1e+33
      66.7  2.21e+33
      66.2  2.32e+33
      65.8  2.44e+33
      65.4  2.56e+33
      64.9  2.69e+33
      64.5  2.82e+33
      64.1  2.95e+33
      63.6  3.09e+33
      63.2  3.24e+33
      62.8  3.38e+33
      62.3  3.54e+33
      61.9  3.69e+33
      61.4  3.86e+33
        61  4.02e+33
      60.6  4.19e+33
      60.1  4.36e+33
      59.7  4.54e+33
      59.3  4.72e+33
      58.8   4.9e+33
      58.4  5.09e+33
      57.9  5.28e+33
      57.5  5.47e+33
      57.1  5.66e+33
      56.6  5.86e+33
      56.2  6.06e+33
      55.8  6.26e+33
      55.3  6.46e+33
      54.9  6.66e+33
      54.4  6.86e+33
        54  7.06e+33
      53.6  7.26e+33
      53.1  7.46e+33
      52.7  7.66e+33
      52.3  7.85e+33
      51.8  8.05e+33
      51.4  8.24e+33
      50.9  8.42e+33
      50.5  8.61e+33
      50.1  8.79e+33
      49.6  8.96e+33
      49.2  9.12e+33
      48.8  9.29e+33
      48.3  9.44e+33
      47.9  9.58e+33
      47.4  9.72e+33
        47  9.85e+33
      46.6  9.97e+33
      46.1  1.01e+34
      45.7  1.02e+34
      45.3  1.03e+34
      44.8  1.03e+34
      44.4  1.04e+34
        44  1.05e+34
      43.5  1.05e+34
      43.1  1.05e+34
      42.6  1.05e+34
      42.2  1.05e+34
      41.8  1.05e+34
      41.3  1.05e+34
      40.9  1.05e+34
      40.5  1.04e+34
        40  1.03e+34
      39.6  1.03e+34
      39.1  1.02e+34
      38.7  1.01e+34
      38.3  9.93e+33
      37.8   9.8e+33
      37.4  9.65e+33
        37  9.49e+33
      36.5  9.31e+33
      36.1  9.13e+33
      35.6  8.93e+33
      35.2  8.73e+33
      34.8  8.51e+33
      34.3  8.28e+33
      33.9  8.05e+33
      33.5  7.81e+33
        33  7.56e+33
      32.6  7.31e+33
      32.1  7.05e+33
      31.7  6.79e+33
      31.3  6.52e+33
      30.8  6.25e+33
      30.4  5.98e+33
        30  5.71e+33
      29.5  5.44e+33
      29.1  5.17e+33
      28.7   4.9e+33
      28.2  4.64e+33
      27.8  4.38e+33
      27.3  4.12e+33
      26.9  3.87e+33
      26.5  3.62e+33
        26  3.39e+33
      25.6  3.16e+33
      25.2  2.93e+33
      24.7  2.72e+33
      24.3  2.51e+33
      23.8  2.31e+33
      23.4  2.12e+33
        23  1.95e+33
      22.5  1.78e+33
      22.1  1.62e+33
      21.7  1.46e+33
      21.2  1.32e+33
      20.8  1.19e+33
      20.3  1.07e+33
      19.9  9.54e+32
      19.5  8.49e+32
        19  7.52e+32
      18.6  6.64e+32
      18.2  5.83e+32
      17.7   5.1e+32
      17.3  4.44e+32
      16.8  3.85e+32
      16.4  3.31e+32
        16  2.84e+32
      15.5  2.42e+32
      15.1  2.05e+32
      14.7  1.73e+32
      14.2  1.45e+32
      13.8   1.2e+32
      13.3  9.95e+31
      12.9  8.16e+31
      12.5  6.64e+31
        12  5.36e+31
      11.6  4.29e+31
      11.2   3.4e+31
      10.7  2.67e+31
      10.3  2.08e+31
      9.85   1.6e+31
      9.41  1.22e+31
      8.98  9.14e+30
      8.54  6.77e+30
       8.1  4.95e+30
      7.67  3.56e+30
      7.23  2.51e+30
      6.79  1.73e+30
      6.35  1.17e+30
      5.92  7.73e+29
      5.48  4.96e+29
      5.04  3.08e+29
      4.61  1.85e+29
      4.17  1.06e+29
      3.73  5.72e+28
      3.29  2.88e+28
      2.86  1.33e+28
      2.42  5.54e+27
      1.98  1.99e+27
      1.55  6.71e+26
      1.11  2.79e+26
     0.671  1.31e+26
     0.234  1.51e+26
    -0.203  1.09e+26
    -0.641  5.89e+25
     -1.08 -1.25e+25
     -1.51  1.64e+24
     -1.95  2.14e+24
     -2.39  3.21e+25
     -2.83 -2.36e+25
     -3.26  4.95e+25
      -3.7 -3.26e+25
     -4.14  1.98e+25
     -4.58  6.52e+25
     -5.01 -5.69e+25
     -5.45 -6.51e+25
     -5.89  2.18e+25
     -6.32  2.41e+24
     -6.76 -5.04e+25
      -7.2 -6.12e+24
     -7.64  1.64e+25
     -8.07  2.27e+25
     -8.51 -4.25e+25
     -8.95  1.51e+25
     -9.38 -1.18e+25
     -9.82  -1.4e+25
     -10.3  3.43e+25
     -10.7  6.28e+24
     -11.1  1.71e+25
     -11.6  9.68e+24
       -12  2.62e+24
     -12.4 -8.05e+25
     -12.9 -7.76e+23
     -13.3  2.43e+25
     -13.8 -3.45e+25
     -14.2  1.67e+25
     -14.6  7.26e+24
     -15.1   4.3e+24
     -15.5 -9.55e+24
     -15.9  1.97e+25
     -16.4 -1.14e+25
     -16.8  1.82e+23
     -17.3  4.03e+24
     -17.7 -2.57e+25
     -18.1 -6.49e+22
     -18.6  1.12e+25
       -19 -5.13e+24
     -19.4 -1.34e+25
     -19.9  -1.1e+24
     -20.3 -2.72e+24
     -20.8 -2.86e+23
     -21.2  7.48e+24
     -21.6 -1.24e+25
     -22.1  1.65e+24
     -22.5 -5.98e+24
     -22.9  -3.2e+23
     -23.4 -4.09e+24
     -23.8  1.54e+25
     -24.2  1.37e+25
     -24.7  1.48e+24
     -25.1 -4.26e+24
     -25.6  -6.7e+23
       -26  3.04e+24
     -26.4  2.64e+24
     -26.9 -1.96e+23
     -27.3 -5.28e+24
     -27.7 -1.97e+24
     -28.2 -1.99e+23
     -28.6 -9.99e+23
     -29.1 -1.73e+24
     -29.5 -2.58e+24
     -29.9 -2.16e+22
     -30.4  2.29e+24
     -30.8  -1.6e+24
     -31.2 -1.63e+24
     -31.7   5.5e+23
     -32.1  3.13e+23
     -32.6 -2.29e+24
       -33  1.65e+23
     -33.4  -2.5e+23
     -33.9  1.59e+23
     -34.3  9.93e+22
     -34.7   2.3e+22
     -35.2 -7.31e+21
     -35.6 -1.83e+22
     -36.1  4.89e+22
     -36.5  1.43e+19

pressure[atm]        = 100
temperature[K]           = 1100
energy step[1/cm]        = 153
maximum energy[kcal/mol] = 104

bimolecular PEDs:
   E, kcal    P1->P2
       104  4.72e+30
       103  5.16e+30
       103  5.64e+30
       103  6.16e+30
       102  6.73e+30
       102  7.36e+30
       101  8.03e+30
       101  8.77e+30
       100  9.56e+30
      99.9  1.04e+31
      99.5  1.14e+31
        99  1.24e+31
      98.6  1.35e+31
      98.2  1.47e+31
      97.7   1.6e+31
      97.3  1.74e+31
      96.9   1.9e+31
      96.4  2.06e+31
        96  2.24e+31
      95.5  2.44e+31
      95.1  2.65e+31
      94.7  2.88e+31
      94.2  3.12e+31
      93.8  3.39e+31
      93.4  3.67e+31
      92.9  3.98e+31
      92.5  4.32e+31
        92  4.68e+31
      91.6  5.07e+31
      91.2  5.48e+31
      90.7  5.93e+31
      90.3  6.42e+31
      89.9  6.94e+31
      89.4   7.5e+31
        89   8.1e+31
      88.5  8.75e+31
      88.1  9.45e+31
      87.7  1.02e+32
      87.2   1.1e+32
      86.8  1.19e+32
      86.4  1.28e+32
      85.9  1.38e+32
      85.5  1.48e+32
        85  1.59e+32
      84.6  1.71e+32
      84.2  1.84e+32
      83.7  1.98e+32
      83.3  2.13e+32
      82.9  2.29e+32
      82.4  2.45e+32
        82  2.63e+32
      81.5  2.82e+32
      81.1  3.02e+32
      80.7  3.24e+32
      80.2  3.47e+32
      79.8  3.71e+32
      79.4  3.97e+32
      78.9  4.24e+32
      78.5  4.53e+32
      78.1  4.84e+32
      77.6  5.17e+32
      77.2  5.51e+32
      76.7  5.88e+32
      76.3  6.27e+32
      75.9  6.67e+32
      75.4  7.11e+32
        75  7.56e+32
      74.6  8.04e+32
      74.1  8.55e+32
      73.7  9.08e+32
      73.2  9.64e+32
      72.8  1.02e+33
      72.4  1.08e+33
      71.9  1.15e+33
      71.5  1.22e+33
      71.1  1.29e+33
      70.6  1.36e+33
      70.2  1.44e+33
      69.7  1.52e+33
      69.3  1.61e+33
      68.9   1.7e+33
      68.4  1.79e+33
        68  1.89e+33
      67.6  1.99e+33
      67.1   2.1e+33
      66.7  2.21e+33
      66.2  2.32e+33
      65.8  2.44e+33
      65.4  2.56e+33
      64.9  2.69e+33
      64.5  2.82e+33
      64.1  2.95e+33
      63.6  3.09e+33
      63.2  3.24e+33
      62.8  3.38e+33
      62.3  3.54e+33
      61.9  3.69e+33
      61.4  3.85e+33
        61  4.02e+33
      60.6  4.19e+33
      60.1  4.36e+33
      59.7  4.54e+33
      59.3  4.72e+33
      58.8   4.9e+33
      58.4  5.09e+33
      57.9  5.28e+33
      57.5  5.47e+33
      57.1  5.66e+33
      56.6  5.86e+33
      56.2  6.05e+33
      55.8  6.25e+33
      55.3  6.45e+33
      54.9  6.66e+33
      54.4  6.86e+33
        54  7.06e+33
      53.6  7.26e+33
      53.1  7.46e+33
      52.7  7.66e+33
      52.3  7.85e+33
      51.8  8.05e+33
      51.4  8.24e+33
      50.9  8.42e+33
      50.5  8.61e+33
      50.1  8.78e+33
      49.6  8.96e+33
      49.2  9.12e+33
      48.8  9.28e+33
      48.3  9.44e+33
      47.9  9.58e+33
      47.4  9.72e+33
        47  9.85e+33
      46.6  9.97e+33
      46.1  1.01e+34
      45.7  1.02e+34
      45.3  1.03e+34
      44.8  1.03e+34
      44.4  1.04e+34
        44  1.05e+34
      43.5  1.05e+34
      43.1  1.05e+34
      42.6  1.05e+34
      42.2  1.05e+34
      41.8  1.05e+34
      41.3  1.05e+34
      40.9  1.05e+34
      40.5  1.04e+34
        40  1.03e+34
      39.6  1.03e+34
      39.1  1.02e+34
      38.7  1.01e+34
      38.3  9.94e+33
      37.8   9.8e+33
      37.4  9.65e+33
        37  9.49e+33
      36.5  9.31e+33
      36.1  9.13e+33
      35.6  8.93e+33
      35.2  8.73e+33
      34.8  8.51e+33
      34.3  8.28e+33
      33.9  8.05e+33
      33.5  7.81e+33
        33  7.56e+33
      32.6  7.31e+33
      32.1  7.05e+33
      31.7  6.79e+33
      31.3  6.52e+33
      30.8  6.25e+33
      30.4  5.98e+33
        30  5.71e+33
      29.5  5.44e+33
      29.1  5.17e+33
      28.7   4.9e+33
      28.2  4.64e+33
      27.8  4.38e+33
      27.3  4.12e+33
      26.9  3.87e+33
      26.5  3.63e+33
        26  3.39e+33
      25.6  3.16e+33
      25.2  2.93e+33
      24.7  2.72e+33
      24.3  2.51e+33
      23.8  2.31e+33
      23.4  2.13e+33
        23  1.95e+33
      22.5  1.78e+33
      22.1  1.62e+33
      21.7  1.47e+33
      21.2  1.32e+33
      20.8  1.19e+33
      20.3  1.07e+33
      19.9  9.55e+32
      19.5   8.5e+32
        19  7.53e+32
      18.6  6.65e+32
      18.2  5.84e+32
      17.7  5.11e+32
      17.3  4.45e+32
      16.8  3.85e+32
      16.4  3.32e+32
        16  2.85e+32
      15.5  2.43e+32
      15.1  2.06e+32
      14.7  1.73e+32
      14.2  1.45e+32
      13.8  1.21e+32
      13.3  9.98e+31
      12.9  8.19e+31
      12.5  6.66e+31
        12  5.38e+31
      11.6  4.31e+31
      11.2  3.42e+31
      10.7  2.69e+31
      10.3  2.09e+31
      9.85  1.61e+31
      9.41  1.23e+31
      8.98  9.22e+30
      8.54  6.84e+30
       8.1     5e+30
      7.67   3.6e+30
      7.23  2.55e+30
      6.79  1.76e+30
      6.35   1.2e+30
      5.92  7.94e+29
      5.48  5.13e+29
      5.04  3.22e+29
      4.61  1.95e+29
      4.17  1.14e+29
      3.73   6.4e+28
      3.29  3.43e+28
      2.86  1.76e+28
      2.42  8.86e+27
      1.98  4.64e+27
      1.55  2.62e+27
      1.11  1.81e+27
     0.671  1.35e+27
     0.234  1.06e+27
    -0.203  8.42e+26
    -0.641  6.29e+26
     -1.08  4.96e+26
     -1.51  2.92e+26
     -1.95  1.67e+26
     -2.39  1.56e+26
     -2.83  1.39e+26
     -3.26  1.61e+26
      -3.7  7.82e+25
     -4.14 -8.19e+25
     -4.58  8.03e+25
     -5.01  7.31e+24
     -5.45  2.03e+25
     -5.89  3.95e+24
     -6.32  2.49e+24
     -6.76  3.27e+25
      -7.2 -9.54e+24
     -7.64 -1.16e+25
     -8.07  3.52e+25
     -8.51  8.99e+25
     -8.95 -2.13e+24
     -9.38  1.46e+25
     -9.82 -9.84e+24
     -10.3  -1.4e+25
     -10.7 -3.41e+24
     -11.1  1.75e+24
     -11.6 -2.56e+24
       -12  1.04e+26
     -12.4 -1.64e+25
     -12.9  3.66e+25
     -13.3  1.16e+25
     -13.8 -6.99e+25
     -14.2 -2.13e+25
     -14.6 -1.77e+25
     -15.1 -2.06e+25
     -15.5  3.64e+23
     -15.9 -2.32e+25
     -16.4 -2.92e+25
     -16.8     3e+25
     -17.3  4.32e+25
     -17.7  3.03e+25
     -18.1  2.24e+25
     -18.6  4.72e+24
       -19 -1.85e+25
     -19.4 -5.32e+24
     -19.9  4.16e+24
     -20.3  -3.4e+24
     -20.8 -3.05e+23
     -21.2 -1.69e+24
     -21.6 -7.86e+24
     -22.1 -7.52e+24
     -22.5 -5.54e+24
     -22.9   1.2e+25
     -23.4  1.33e+25
     -23.8  1.14e+25
     -24.2  9.15e+24
     -24.7 -1.08e+25
     -25.1 -8.14e+24
     -25.6  4.59e+24
       -26  2.05e+24
     -26.4  6.09e+24
     -26.9  7.08e+24
     -27.3 -2.04e+24
     -27.7 -3.75e+24
     -28.2   8.5e+24
     -28.6  -1.1e+24
     -29.1  3.12e+24
     -29.5 -1.64e+24
     -29.9 -2.32e+24
     -30.4  -2.1e+24
     -30.8   8.3e+23
     -31.2 -4.79e+23
     -31.7  2.87e+23
     -32.1 -1.93e+24
     -32.6  9.55e+23
       -33 -3.51e+23
     -33.4  8.96e+23
     -33.9 -4.51e+23
     -34.3  2.13e+23
     -34.7  1.86e+23
     -35.2 -6.85e+22
     -35.6  4.49e+22
     -36.1  7.34e+22
     -36.5 -2.81e+19

pressure[atm]        = 0.01
temperature[K]           = 1200
energy step[1/cm]        = 167
maximum energy[kcal/mol] = 117

bimolecular PEDs:
   E, kcal    P1->P2
       117  1.09e+32
       116  1.19e+32
       116   1.3e+32
       115  1.42e+32
       115  1.55e+32
       114   1.7e+32
       114  1.85e+32
       113  2.02e+32
       113   2.2e+32
       113   2.4e+32
       112  2.62e+32
       112  2.85e+32
       111  3.11e+32
       111  3.38e+32
       110  3.68e+32
       110  4.01e+32
       109  4.36e+32
       109  4.74e+32
       108  5.15e+32
       108   5.6e+32
       107  6.08e+32
       107   6.6e+32
       106  7.17e+32
       106  7.77e+32
       105  8.43e+32
       105  9.14e+32
       104   9.9e+32
       104  1.07e+33
       103  1.16e+33
       103  1.26e+33
       103  1.36e+33
       102  1.47e+33
       102  1.59e+33
       101  1.72e+33
       101  1.86e+33
       100     2e+33
      99.7  2.16e+33
      99.2  2.33e+33
      98.7  2.52e+33
      98.2  2.71e+33
      97.8  2.92e+33
      97.3  3.15e+33
      96.8  3.39e+33
      96.3  3.65e+33
      95.8  3.92e+33
      95.4  4.22e+33
      94.9  4.53e+33
      94.4  4.87e+33
      93.9  5.23e+33
      93.5  5.61e+33
        93  6.02e+33
      92.5  6.45e+33
        92  6.92e+33
      91.5  7.41e+33
      91.1  7.93e+33
      90.6  8.49e+33
      90.1  9.08e+33
      89.6  9.71e+33
      89.2  1.04e+34
      88.7  1.11e+34
      88.2  1.18e+34
      87.7  1.26e+34
      87.3  1.35e+34
      86.8  1.43e+34
      86.3  1.53e+34
      85.8  1.63e+34
      85.3  1.73e+34
      84.9  1.84e+34
      84.4  1.96e+34
      83.9  2.08e+34
      83.4  2.21e+34
        83  2.35e+34
      82.5  2.49e+34
        82  2.64e+34
      81.5  2.79e+34
      81.1  2.96e+34
      80.6  3.13e+34
      80.1  3.31e+34
      79.6   3.5e+34
      79.1   3.7e+34
      78.7  3.91e+34
      78.2  4.12e+34
      77.7  4.35e+34
      77.2  4.58e+34
      76.8  4.83e+34
      76.3  5.08e+34
      75.8  5.35e+34
      75.3  5.62e+34
      74.9   5.9e+34
      74.4   6.2e+34
      73.9   6.5e+34
      73.4  6.82e+34
      72.9  7.15e+34
      72.5  7.48e+34
        72  7.83e+34
      71.5  8.19e+34
        71  8.56e+34
      70.6  8.94e+34
      70.1  9.33e+34
      69.6  9.73e+34
      69.1  1.01e+35
      68.7  1.06e+35
      68.2   1.1e+35
      67.7  1.14e+35
      67.2  1.19e+35
      66.7  1.23e+35
      66.3  1.28e+35
      65.8  1.32e+35
      65.3  1.37e+35
      64.8  1.42e+35
      64.4  1.47e+35
      63.9  1.52e+35
      63.4  1.57e+35
      62.9  1.62e+35
      62.5  1.66e+35
        62  1.71e+35
      61.5  1.76e+35
        61  1.81e+35
      60.5  1.86e+35
      60.1  1.91e+35
      59.6  1.96e+35
      59.1  2.01e+35
      58.6  2.05e+35
      58.2   2.1e+35
      57.7  2.14e+35
      57.2  2.19e+35
      56.7  2.23e+35
      56.3  2.27e+35
      55.8  2.31e+35
      55.3  2.35e+35
      54.8  2.39e+35
      54.3  2.42e+35
      53.9  2.45e+35
      53.4  2.48e+35
      52.9  2.51e+35
      52.4  2.53e+35
        52  2.56e+35
      51.5  2.57e+35
        51  2.59e+35
      50.5  2.61e+35
      50.1  2.62e+35
      49.6  2.62e+35
      49.1  2.63e+35
      48.6  2.63e+35
      48.1  2.63e+35
      47.7  2.62e+35
      47.2  2.61e+35
      46.7   2.6e+35
      46.2  2.59e+35
      45.8  2.57e+35
      45.3  2.55e+35
      44.8  2.52e+35
      44.3  2.49e+35
      43.9  2.46e+35
      43.4  2.43e+35
      42.9  2.39e+35
      42.4  2.35e+35
      41.9   2.3e+35
      41.5  2.26e+35
        41  2.21e+35
      40.5  2.16e+35
        40   2.1e+35
      39.6  2.05e+35
      39.1  1.99e+35
      38.6  1.93e+35
      38.1  1.87e+35
      37.7  1.81e+35
      37.2  1.74e+35
      36.7  1.68e+35
      36.2  1.61e+35
      35.7  1.55e+35
      35.3  1.48e+35
      34.8  1.42e+35
      34.3  1.35e+35
      33.8  1.29e+35
      33.4  1.22e+35
      32.9  1.16e+35
      32.4  1.09e+35
      31.9  1.03e+35
      31.5  9.71e+34
        31  9.12e+34
      30.5  8.54e+34
        30  7.97e+34
      29.5  7.43e+34
      29.1   6.9e+34
      28.6  6.39e+34
      28.1   5.9e+34
      27.6  5.44e+34
      27.2     5e+34
      26.7  4.58e+34
      26.2  4.18e+34
      25.7   3.8e+34
      25.3  3.45e+34
      24.8  3.12e+34
      24.3  2.81e+34
      23.8  2.52e+34
      23.3  2.26e+34
      22.9  2.01e+34
      22.4  1.79e+34
      21.9  1.58e+34
      21.4  1.39e+34
        21  1.22e+34
      20.5  1.07e+34
        20  9.28e+33
      19.5  8.03e+33
      19.1  6.91e+33
      18.6  5.92e+33
      18.1  5.05e+33
      17.6  4.28e+33
      17.1  3.61e+33
      16.7  3.02e+33
      16.2  2.52e+33
      15.7  2.08e+33
      15.2  1.71e+33
      14.8   1.4e+33
      14.3  1.13e+33
      13.8  9.09e+32
      13.3  7.25e+32
      12.9  5.73e+32
      12.4  4.49e+32
      11.9  3.48e+32
      11.4  2.67e+32
      10.9  2.03e+32
      10.5  1.52e+32
        10  1.13e+32
      9.52  8.25e+31
      9.04  5.94e+31
      8.56  4.21e+31
      8.09  2.94e+31
      7.61  2.01e+31
      7.13  1.34e+31
      6.66  8.75e+30
      6.18  5.55e+30
       5.7  3.42e+30
      5.23  2.03e+30
      4.75  1.15e+30
      4.27  6.24e+29
       3.8  3.16e+29
      3.32  1.47e+29
      2.84  6.18e+28
      2.36  2.16e+28
      1.89  6.29e+27
      1.41  9.06e+26
     0.934 -1.27e+26
     0.457 -7.02e+26
   -0.0198 -7.39e+26
    -0.497 -1.01e+26
    -0.974  2.04e+26
     -1.45 -3.99e+26
     -1.93   8.3e+26
      -2.4  6.71e+25
     -2.88 -1.66e+26
     -3.36  4.43e+25
     -3.84 -9.56e+25
     -4.31 -1.48e+26
     -4.79  9.09e+25
     -5.27  4.88e+24
     -5.74 -1.44e+26
     -6.22 -1.32e+26
      -6.7 -2.16e+25
     -7.17  1.96e+26
     -7.65 -1.59e+26
     -8.13   9.5e+25
      -8.6  2.42e+26
     -9.08 -2.16e+26
     -9.56 -1.71e+26
       -10  2.05e+26
     -10.5 -4.02e+25
       -11  1.11e+26
     -11.5 -1.85e+26
     -11.9 -4.51e+26
     -12.4 -3.53e+25
     -12.9  7.52e+25
     -13.4 -7.42e+25
     -13.9 -1.37e+26
     -14.3  8.39e+25
     -14.8 -5.89e+25
     -15.3  2.16e+26
     -15.8  2.69e+26
     -16.2 -7.28e+25
     -16.7  3.64e+25
     -17.2  1.16e+26
     -17.7  -1.1e+25
     -18.1 -1.06e+26
     -18.6  2.54e+25
     -19.1 -9.73e+24
     -19.6  4.35e+24
     -20.1  4.23e+24
     -20.5  2.61e+25
       -21 -7.71e+25
     -21.5 -2.29e+24
       -22  1.21e+25
     -22.4  5.88e+25
     -22.9  1.57e+25
     -23.4 -3.95e+25
     -23.9 -8.54e+24
     -24.3  7.71e+24
     -24.8 -6.59e+24
     -25.3  5.29e+25
     -25.8  3.74e+25
     -26.3 -4.95e+25
     -26.7  5.72e+24
     -27.2  1.23e+25
     -27.7 -9.46e+24
     -28.2 -6.58e+24
     -28.6  4.63e+24
     -29.1  3.77e+23
     -29.6  -4.1e+24
     -30.1  8.25e+24
     -30.5 -3.35e+24
       -31 -4.45e+22
     -31.5 -2.22e+23
       -32  5.51e+23
     -32.5 -2.18e+23
     -32.9  2.06e+23
     -33.4  5.27e+23
     -33.9  8.11e+22
     -34.4  9.07e+20
     -34.8  -3.5e+22
     -35.3  2.15e+22
     -35.8  -3.1e+22
     -36.3    -4e+22

pressure[atm]        = 0.1
temperature[K]           = 1200
energy step[1/cm]        = 167
maximum energy[kcal/mol] = 117

bimolecular PEDs:
   E, kcal    P1->P2
       117  1.09e+32
       116  1.19e+32
       116   1.3e+32
       115  1.42e+32
       115  1.55e+32
       114   1.7e+32
       114  1.85e+32
       113  2.02e+32
       113   2.2e+32
       113   2.4e+32
       112  2.62e+32
       112  2.85e+32
       111  3.11e+32
       111  3.38e+32
       110  3.68e+32
       110  4.01e+32
       109  4.36e+32
       109  4.74e+32
       108  5.15e+32
       108   5.6e+32
       107  6.08e+32
       107   6.6e+32
       106  7.17e+32
       106  7.77e+32
       105  8.43e+32
       105  9.14e+32
       104   9.9e+32
       104  1.07e+33
       103  1.16e+33
       103  1.26e+33
       103  1.36e+33
       102  1.47e+33
       102  1.59e+33
       101  1.72e+33
       101  1.86e+33
       100     2e+33
      99.7  2.16e+33
      99.2  2.33e+33
      98.7  2.52e+33
      98.2  2.71e+33
      97.8  2.92e+33
      97.3  3.15e+33
      96.8  3.39e+33
      96.3  3.65e+33
      95.8  3.92e+33
      95.4  4.22e+33
      94.9  4.53e+33
      94.4  4.87e+33
      93.9  5.23e+33
      93.5  5.61e+33
        93  6.02e+33
      92.5  6.45e+33
        92  6.92e+33
      91.5  7.41e+33
      91.1  7.93e+33
      90.6  8.49e+33
      90.1  9.08e+33
      89.6  9.71e+33
      89.2  1.04e+34
      88.7  1.11e+34
      88.2  1.18e+34
      87.7  1.26e+34
      87.3  1.35e+34
      86.8  1.43e+34
      86.3  1.53e+34
      85.8  1.63e+34
      85.3  1.73e+34
      84.9  1.84e+34
      84.4  1.96e+34
      83.9  2.08e+34
      83.4  2.21e+34
        83  2.35e+34
      82.5  2.49e+34
        82  2.64e+34
      81.5  2.79e+34
      81.1  2.96e+34
      80.6  3.13e+34
      80.1  3.31e+34
      79.6   3.5e+34
      79.1   3.7e+34
      78.7  3.91e+34
      78.2  4.12e+34
      77.7  4.35e+34
      77.2  4.58e+34
      76.8  4.83e+34
      76.3  5.08e+34
      75.8  5.35e+34
      75.3  5.62e+34
      74.9   5.9e+34
      74.4   6.2e+34
      73.9   6.5e+34
      73.4  6.82e+34
      72.9  7.15e+34
      72.5  7.48e+34
        72  7.83e+34
      71.5  8.19e+34
        71  8.56e+34
      70.6  8.94e+34
      70.1  9.33e+34
      69.6  9.73e+34
      69.1  1.01e+35
      68.7  1.06e+35
      68.2   1.1e+35
      67.7  1.14e+35
      67.2  1.19e+35
      66.7  1.23e+35
      66.3  1.28e+35
      65.8  1.32e+35
      65.3  1.37e+35
      64.8  1.42e+35
      64.4  1.47e+35
      63.9  1.52e+35
      63.4  1.57e+35
      62.9  1.62e+35
      62.5  1.66e+35
        62  1.71e+35
      61.5  1.76e+35
        61  1.81e+35
      60.5  1.86e+35
      60.1  1.91e+35
      59.6  1.96e+35
      59.1  2.01e+35
      58.6  2.05e+35
      58.2   2.1e+35
      57.7  2.14e+35
      57.2  2.19e+35
      56.7  2.23e+35
      56.3  2.27e+35
      55.8  2.31e+35
      55.3  2.35e+35
      54.8  2.39e+35
      54.3  2.42e+35
      53.9  2.45e+35
      53.4  2.48e+35
      52.9  2.51e+35
      52.4  2.53e+35
        52  2.56e+35
      51.5  2.57e+35
        51  2.59e+35
      50.5  2.61e+35
      50.1  2.62e+35
      49.6  2.62e+35
      49.1  2.63e+35
      48.6  2.63e+35
      48.1  2.63e+35
      47.7  2.62e+35
      47.2  2.61e+35
      46.7   2.6e+35
      46.2  2.59e+35
      45.8  2.57e+35
      45.3  2.55e+35
      44.8  2.52e+35
      44.3  2.49e+35
      43.9  2.46e+35
      43.4  2.43e+35
      42.9  2.39e+35
      42.4  2.35e+35
      41.9   2.3e+35
      41.5  2.26e+35
        41  2.21e+35
      40.5  2.16e+35
        40   2.1e+35
      39.6  2.05e+35
      39.1  1.99e+35
      38.6  1.93e+35
      38.1  1.87e+35
      37.7  1.81e+35
      37.2  1.74e+35
      36.7  1.68e+35
      36.2  1.61e+35
      35.7  1.55e+35
      35.3  1.48e+35
      34.8  1.42e+35
      34.3  1.35e+35
      33.8  1.29e+35
      33.4  1.22e+35
      32.9  1.16e+35
      32.4  1.09e+35
      31.9  1.03e+35
      31.5  9.71e+34
        31  9.12e+34
      30.5  8.54e+34
        30  7.97e+34
      29.5  7.43e+34
      29.1   6.9e+34
      28.6  6.39e+34
      28.1   5.9e+34
      27.6  5.44e+34
      27.2     5e+34
      26.7  4.58e+34
      26.2  4.18e+34
      25.7   3.8e+34
      25.3  3.45e+34
      24.8  3.12e+34
      24.3  2.81e+34
      23.8  2.52e+34
      23.3  2.26e+34
      22.9  2.01e+34
      22.4  1.79e+34
      21.9  1.58e+34
      21.4  1.39e+34
        21  1.22e+34
      20.5  1.07e+34
        20  9.28e+33
      19.5  8.03e+33
      19.1  6.91e+33
      18.6  5.92e+33
      18.1  5.05e+33
      17.6  4.28e+33
      17.1  3.61e+33
      16.7  3.02e+33
      16.2  2.52e+33
      15.7  2.08e+33
      15.2  1.71e+33
      14.8   1.4e+33
      14.3  1.13e+33
      13.8  9.09e+32
      13.3  7.25e+32
      12.9  5.73e+32
      12.4  4.49e+32
      11.9  3.48e+32
      11.4  2.67e+32
      10.9  2.03e+32
      10.5  1.52e+32
        10  1.13e+32
      9.52  8.25e+31
      9.04  5.94e+31
      8.56  4.21e+31
      8.09  2.94e+31
      7.61  2.01e+31
      7.13  1.34e+31
      6.66  8.75e+30
      6.18  5.55e+30
       5.7  3.42e+30
      5.23  2.03e+30
      4.75  1.15e+30
      4.27  6.25e+29
       3.8  3.17e+29
      3.32  1.48e+29
      2.84  6.14e+28
      2.36  2.23e+28
      1.89  6.98e+27
      1.41  1.27e+27
     0.934  4.93e+26
     0.457  3.95e+26
   -0.0198  3.18e+26
    -0.497 -3.45e+26
    -0.974 -3.26e+26
     -1.45  6.98e+26
     -1.93  1.29e+26
      -2.4  3.85e+26
     -2.88  3.18e+25
     -3.36 -8.28e+26
     -3.84  6.26e+26
     -4.31 -3.28e+26
     -4.79 -4.34e+26
     -5.27  -2.1e+26
     -5.74  -5.1e+26
     -6.22 -5.54e+26
      -6.7 -1.86e+26
     -7.17 -1.25e+26
     -7.65   6.3e+26
     -8.13 -2.13e+26
      -8.6 -1.05e+26
     -9.08 -8.02e+25
     -9.56  8.88e+25
       -10 -3.68e+25
     -10.5 -4.43e+25
       -11  1.48e+26
     -11.5   3.2e+26
     -11.9 -3.49e+25
     -12.4  8.89e+25
     -12.9  2.52e+26
     -13.4  1.25e+26
     -13.9  6.55e+25
     -14.3 -2.14e+25
     -14.8 -1.87e+26
     -15.3 -4.72e+25
     -15.8 -1.06e+26
     -16.2  1.64e+25
     -16.7  2.42e+26
     -17.2 -4.47e+25
     -17.7  5.41e+25
     -18.1 -2.04e+25
     -18.6  4.16e+25
     -19.1 -1.93e+25
     -19.6 -4.93e+25
     -20.1 -4.76e+24
     -20.5 -1.52e+24
       -21 -7.64e+25
     -21.5  4.82e+25
       -22 -8.14e+25
     -22.4  7.76e+25
     -22.9  4.44e+25
     -23.4  2.25e+24
     -23.9 -1.01e+25
     -24.3 -2.59e+25
     -24.8  -3.7e+25
     -25.3  7.34e+24
     -25.8  1.48e+25
     -26.3 -1.81e+24
     -26.7 -7.64e+24
     -27.2  4.06e+25
     -27.7 -2.24e+25
     -28.2 -2.48e+25
     -28.6  2.31e+25
     -29.1  -6.8e+24
     -29.6 -1.71e+25
     -30.1  4.31e+24
     -30.5   7.2e+24
       -31 -9.73e+24
     -31.5   3.1e+24
       -32 -1.51e+24
     -32.5  4.69e+23
     -32.9  5.61e+23
     -33.4  2.69e+23
     -33.9  1.28e+22
     -34.4 -1.54e+24
     -34.8  1.31e+23
     -35.3 -2.17e+22
     -35.8  1.16e+23
     -36.3 -1.71e+22

pressure[atm]        = 1
temperature[K]           = 1200
energy step[1/cm]        = 167
maximum energy[kcal/mol] = 117

bimolecular PEDs:
   E, kcal    P1->P2
       117  1.09e+32
       116  1.19e+32
       116   1.3e+32
       115  1.42e+32
       115  1.55e+32
       114   1.7e+32
       114  1.85e+32
       113  2.02e+32
       113   2.2e+32
       113   2.4e+32
       112  2.62e+32
       112  2.85e+32
       111  3.11e+32
       111  3.38e+32
       110  3.68e+32
       110  4.01e+32
       109  4.36e+32
       109  4.74e+32
       108  5.15e+32
       108   5.6e+32
       107  6.08e+32
       107   6.6e+32
       106  7.17e+32
       106  7.77e+32
       105  8.43e+32
       105  9.14e+32
       104   9.9e+32
       104  1.07e+33
       103  1.16e+33
       103  1.26e+33
       103  1.36e+33
       102  1.47e+33
       102  1.59e+33
       101  1.72e+33
       101  1.86e+33
       100     2e+33
      99.7  2.16e+33
      99.2  2.33e+33
      98.7  2.52e+33
      98.2  2.71e+33
      97.8  2.92e+33
      97.3  3.15e+33
      96.8  3.39e+33
      96.3  3.65e+33
      95.8  3.92e+33
      95.4  4.22e+33
      94.9  4.53e+33
      94.4  4.87e+33
      93.9  5.23e+33
      93.5  5.61e+33
        93  6.02e+33
      92.5  6.45e+33
        92  6.92e+33
      91.5  7.41e+33
      91.1  7.93e+33
      90.6  8.49e+33
      90.1  9.08e+33
      89.6  9.71e+33
      89.2  1.04e+34
      88.7  1.11e+34
      88.2  1.18e+34
      87.7  1.26e+34
      87.3  1.35e+34
      86.8  1.43e+34
      86.3  1.53e+34
      85.8  1.63e+34
      85.3  1.73e+34
      84.9  1.84e+34
      84.4  1.96e+34
      83.9  2.08e+34
      83.4  2.21e+34
        83  2.35e+34
      82.5  2.49e+34
        82  2.64e+34
      81.5  2.79e+34
      81.1  2.96e+34
      80.6  3.13e+34
      80.1  3.31e+34
      79.6   3.5e+34
      79.1   3.7e+34
      78.7  3.91e+34
      78.2  4.12e+34
      77.7  4.35e+34
      77.2  4.58e+34
      76.8  4.83e+34
      76.3  5.08e+34
      75.8  5.35e+34
      75.3  5.62e+34
      74.9   5.9e+34
      74.4   6.2e+34
      73.9   6.5e+34
      73.4  6.82e+34
      72.9  7.15e+34
      72.5  7.48e+34
        72  7.83e+34
      71.5  8.19e+34
        71  8.56e+34
      70.6  8.94e+34
      70.1  9.33e+34
      69.6  9.73e+34
      69.1  1.01e+35
      68.7  1.06e+35
      68.2   1.1e+35
      67.7  1.14e+35
      67.2  1.19e+35
      66.7  1.23e+35
      66.3  1.28e+35
      65.8  1.32e+35
      65.3  1.37e+35
      64.8  1.42e+35
      64.4  1.47e+35
      63.9  1.52e+35
      63.4  1.57e+35
      62.9  1.62e+35
      62.5  1.66e+35
        62  1.71e+35
      61.5  1.76e+35
        61  1.81e+35
      60.5  1.86e+35
      60.1  1.91e+35
      59.6  1.96e+35
      59.1  2.01e+35
      58.6  2.05e+35
      58.2   2.1e+35
      57.7  2.14e+35
      57.2  2.19e+35
      56.7  2.23e+35
      56.3  2.27e+35
      55.8  2.31e+35
      55.3  2.35e+35
      54.8  2.39e+35
      54.3  2.42e+35
      53.9  2.45e+35
      53.4  2.48e+35
      52.9  2.51e+35
      52.4  2.53e+35
        52  2.56e+35
      51.5  2.57e+35
        51  2.59e+35
      50.5  2.61e+35
      50.1  2.62e+35
      49.6  2.62e+35
      49.1  2.63e+35
      48.6  2.63e+35
      48.1  2.63e+35
      47.7  2.62e+35
      47.2  2.61e+35
      46.7   2.6e+35
      46.2  2.59e+35
      45.8  2.57e+35
      45.3  2.55e+35
      44.8  2.52e+35
      44.3  2.49e+35
      43.9  2.46e+35
      43.4  2.43e+35
      42.9  2.39e+35
      42.4  2.35e+35
      41.9   2.3e+35
      41.5  2.26e+35
        41  2.21e+35
      40.5  2.16e+35
        40   2.1e+35
      39.6  2.05e+35
      39.1  1.99e+35
      38.6  1.93e+35
      38.1  1.87e+35
      37.7  1.81e+35
      37.2  1.74e+35
      36.7  1.68e+35
      36.2  1.61e+35
      35.7  1.55e+35
      35.3  1.48e+35
      34.8  1.42e+35
      34.3  1.35e+35
      33.8  1.29e+35
      33.4  1.22e+35
      32.9  1.16e+35
      32.4  1.09e+35
      31.9  1.03e+35
      31.5  9.71e+34
        31  9.12e+34
      30.5  8.54e+34
        30  7.97e+34
      29.5  7.43e+34
      29.1   6.9e+34
      28.6  6.39e+34
      28.1   5.9e+34
      27.6  5.44e+34
      27.2     5e+34
      26.7  4.58e+34
      26.2  4.18e+34
      25.7   3.8e+34
      25.3  3.45e+34
      24.8  3.12e+34
      24.3  2.81e+34
      23.8  2.52e+34
      23.3  2.26e+34
      22.9  2.01e+34
      22.4  1.79e+34
      21.9  1.58e+34
      21.4  1.39e+34
        21  1.22e+34
      20.5  1.07e+34
        20  9.28e+33
      19.5  8.03e+33
      19.1  6.91e+33
      18.6  5.92e+33
      18.1  5.05e+33
      17.6  4.28e+33
      17.1  3.61e+33
      16.7  3.02e+33
      16.2  2.52e+33
      15.7  2.08e+33
      15.2  1.71e+33
      14.8   1.4e+33
      14.3  1.13e+33
      13.8  9.09e+32
      13.3  7.25e+32
      12.9  5.73e+32
      12.4  4.49e+32
      11.9  3.48e+32
      11.4  2.67e+32
      10.9  2.03e+32
      10.5  1.52e+32
        10  1.13e+32
      9.52  8.25e+31
      9.04  5.94e+31
      8.56  4.21e+31
      8.09  2.94e+31
      7.61  2.01e+31
      7.13  1.34e+31
      6.66  8.75e+30
      6.18  5.55e+30
       5.7  3.42e+30
      5.23  2.03e+30
      4.75  1.16e+30
      4.27  6.25e+29
       3.8  3.17e+29
      3.32  1.48e+29
      2.84  6.14e+28
      2.36  2.31e+28
      1.89  7.26e+27
      1.41  8.44e+26
     0.934  5.37e+26
     0.457 -3.49e+26
   -0.0198 -2.86e+25
    -0.497 -8.96e+26
    -0.974  9.75e+26
     -1.45 -1.35e+26
     -1.93  3.51e+26
      -2.4  2.08e+26
     -2.88 -1.35e+26
     -3.36  8.75e+26
     -3.84 -1.47e+26
     -4.31 -6.66e+25
     -4.79  9.48e+25
     -5.27  3.44e+26
     -5.74  3.12e+26
     -6.22 -1.05e+27
      -6.7 -2.75e+25
     -7.17  4.38e+25
     -7.65  1.34e+26
     -8.13 -2.95e+26
      -8.6 -2.13e+26
     -9.08  1.36e+26
     -9.56  5.74e+24
       -10 -3.59e+26
     -10.5 -2.82e+26
       -11   3.5e+26
     -11.5 -1.57e+25
     -11.9  3.93e+25
     -12.4 -5.95e+25
     -12.9  1.83e+26
     -13.4  1.12e+26
     -13.9 -4.76e+25
     -14.3  1.01e+23
     -14.8  9.48e+25
     -15.3  4.51e+25
     -15.8  8.13e+25
     -16.2 -2.44e+25
     -16.7  7.17e+24
     -17.2  2.48e+26
     -17.7 -1.94e+26
     -18.1  4.25e+25
     -18.6  2.48e+25
     -19.1  5.19e+25
     -19.6 -4.85e+25
     -20.1  2.44e+25
     -20.5  9.74e+25
       -21 -3.43e+25
     -21.5  -2.8e+25
       -22 -6.44e+25
     -22.4  1.56e+25
     -22.9  1.16e+26
     -23.4  7.08e+25
     -23.9 -2.03e+25
     -24.3 -4.36e+25
     -24.8 -2.08e+25
     -25.3  -7.5e+24
     -25.8  7.23e+25
     -26.3  2.69e+25
     -26.7 -4.16e+25
     -27.2 -1.57e+25
     -27.7   7.5e+24
     -28.2  1.03e+25
     -28.6  1.21e+25
     -29.1  -2.1e+25
     -29.6  4.33e+24
     -30.1  1.04e+25
     -30.5 -3.44e+24
       -31  2.86e+24
     -31.5  1.36e+24
       -32 -4.64e+24
     -32.5  6.05e+22
     -32.9  6.63e+23
     -33.4  1.31e+22
     -33.9   4.9e+23
     -34.4 -5.85e+22
     -34.8 -3.95e+22
     -35.3  1.35e+22
     -35.8 -1.23e+22
     -36.3 -2.17e+23

pressure[atm]        = 10
temperature[K]           = 1200
energy step[1/cm]        = 167
maximum energy[kcal/mol] = 117

bimolecular PEDs:
   E, kcal    P1->P2
       117  1.09e+32
       116  1.19e+32
       116   1.3e+32
       115  1.42e+32
       115  1.55e+32
       114   1.7e+32
       114  1.85e+32
       113  2.02e+32
       113   2.2e+32
       113   2.4e+32
       112  2.62e+32
       112  2.85e+32
       111  3.11e+32
       111  3.38e+32
       110  3.68e+32
       110  4.01e+32
       109  4.36e+32
       109  4.74e+32
       108  5.15e+32
       108   5.6e+32
       107  6.08e+32
       107   6.6e+32
       106  7.17e+32
       106  7.77e+32
       105  8.43e+32
       105  9.14e+32
       104   9.9e+32
       104  1.07e+33
       103  1.16e+33
       103  1.26e+33
       103  1.36e+33
       102  1.47e+33
       102  1.59e+33
       101  1.72e+33
       101  1.86e+33
       100     2e+33
      99.7  2.16e+33
      99.2  2.33e+33
      98.7  2.52e+33
      98.2  2.71e+33
      97.8  2.92e+33
      97.3  3.15e+33
      96.8  3.39e+33
      96.3  3.65e+33
      95.8  3.92e+33
      95.4  4.22e+33
      94.9  4.53e+33
      94.4  4.87e+33
      93.9  5.23e+33
      93.5  5.61e+33
        93  6.02e+33
      92.5  6.45e+33
        92  6.92e+33
      91.5  7.41e+33
      91.1  7.93e+33
      90.6  8.49e+33
      90.1  9.08e+33
      89.6  9.71e+33
      89.2  1.04e+34
      88.7  1.11e+34
      88.2  1.18e+34
      87.7  1.26e+34
      87.3  1.35e+34
      86.8  1.43e+34
      86.3  1.53e+34
      85.8  1.63e+34
      85.3  1.73e+34
      84.9  1.84e+34
      84.4  1.96e+34
      83.9  2.08e+34
      83.4  2.21e+34
        83  2.34e+34
      82.5  2.49e+34
        82  2.64e+34
      81.5  2.79e+34
      81.1  2.96e+34
      80.6  3.13e+34
      80.1  3.31e+34
      79.6   3.5e+34
      79.1   3.7e+34
      78.7  3.91e+34
      78.2  4.12e+34
      77.7  4.35e+34
      77.2  4.58e+34
      76.8  4.83e+34
      76.3  5.08e+34
      75.8  5.35e+34
      75.3  5.62e+34
      74.9   5.9e+34
      74.4   6.2e+34
      73.9   6.5e+34
      73.4  6.82e+34
      72.9  7.15e+34
      72.5  7.48e+34
        72  7.83e+34
      71.5  8.19e+34
        71  8.56e+34
      70.6  8.94e+34
      70.1  9.33e+34
      69.6  9.73e+34
      69.1  1.01e+35
      68.7  1.06e+35
      68.2   1.1e+35
      67.7  1.14e+35
      67.2  1.19e+35
      66.7  1.23e+35
      66.3  1.28e+35
      65.8  1.32e+35
      65.3  1.37e+35
      64.8  1.42e+35
      64.4  1.47e+35
      63.9  1.52e+35
      63.4  1.57e+35
      62.9  1.62e+35
      62.5  1.66e+35
        62  1.71e+35
      61.5  1.76e+35
        61  1.81e+35
      60.5  1.86e+35
      60.1  1.91e+35
      59.6  1.96e+35
      59.1  2.01e+35
      58.6  2.05e+35
      58.2   2.1e+35
      57.7  2.14e+35
      57.2  2.19e+35
      56.7  2.23e+35
      56.3  2.27e+35
      55.8  2.31e+35
      55.3  2.35e+35
      54.8  2.38e+35
      54.3  2.42e+35
      53.9  2.45e+35
      53.4  2.48e+35
      52.9  2.51e+35
      52.4  2.53e+35
        52  2.56e+35
      51.5  2.57e+35
        51  2.59e+35
      50.5  2.61e+35
      50.1  2.62e+35
      49.6  2.62e+35
      49.1  2.63e+35
      48.6  2.63e+35
      48.1  2.63e+35
      47.7  2.62e+35
      47.2  2.61e+35
      46.7   2.6e+35
      46.2  2.59e+35
      45.8  2.57e+35
      45.3  2.55e+35
      44.8  2.52e+35
      44.3  2.49e+35
      43.9  2.46e+35
      43.4  2.43e+35
      42.9  2.39e+35
      42.4  2.35e+35
      41.9   2.3e+35
      41.5  2.26e+35
        41  2.21e+35
      40.5  2.16e+35
        40   2.1e+35
      39.6  2.05e+35
      39.1  1.99e+35
      38.6  1.93e+35
      38.1  1.87e+35
      37.7  1.81e+35
      37.2  1.74e+35
      36.7  1.68e+35
      36.2  1.61e+35
      35.7  1.55e+35
      35.3  1.48e+35
      34.8  1.42e+35
      34.3  1.35e+35
      33.8  1.29e+35
      33.4  1.22e+35
      32.9  1.16e+35
      32.4  1.09e+35
      31.9  1.03e+35
      31.5  9.71e+34
        31  9.12e+34
      30.5  8.54e+34
        30  7.97e+34
      29.5  7.43e+34
      29.1   6.9e+34
      28.6  6.39e+34
      28.1   5.9e+34
      27.6  5.44e+34
      27.2     5e+34
      26.7  4.58e+34
      26.2  4.18e+34
      25.7   3.8e+34
      25.3  3.45e+34
      24.8  3.12e+34
      24.3  2.81e+34
      23.8  2.53e+34
      23.3  2.26e+34
      22.9  2.01e+34
      22.4  1.79e+34
      21.9  1.58e+34
      21.4  1.39e+34
        21  1.22e+34
      20.5  1.07e+34
        20  9.28e+33
      19.5  8.03e+33
      19.1  6.92e+33
      18.6  5.93e+33
      18.1  5.05e+33
      17.6  4.28e+33
      17.1  3.61e+33
      16.7  3.02e+33
      16.2  2.52e+33
      15.7  2.08e+33
      15.2  1.71e+33
      14.8   1.4e+33
      14.3  1.13e+33
      13.8   9.1e+32
      13.3  7.25e+32
      12.9  5.73e+32
      12.4  4.49e+32
      11.9  3.48e+32
      11.4  2.67e+32
      10.9  2.03e+32
      10.5  1.52e+32
        10  1.13e+32
      9.52  8.25e+31
      9.04  5.95e+31
      8.56  4.22e+31
      8.09  2.94e+31
      7.61  2.01e+31
      7.13  1.34e+31
      6.66  8.77e+30
      6.18  5.57e+30
       5.7  3.43e+30
      5.23  2.04e+30
      4.75  1.16e+30
      4.27  6.33e+29
       3.8  3.22e+29
      3.32  1.54e+29
      2.84   6.5e+28
      2.36  2.44e+28
      1.89  9.92e+27
      1.41  3.28e+27
     0.934  2.17e+27
     0.457  1.03e+27
   -0.0198  5.31e+26
    -0.497  6.89e+26
    -0.974  3.49e+24
     -1.45  6.03e+26
     -1.93    -2e+25
      -2.4  1.93e+25
     -2.88  6.38e+26
     -3.36 -4.03e+26
     -3.84 -1.97e+26
     -4.31 -4.23e+26
     -4.79 -2.87e+26
     -5.27  6.76e+25
     -5.74  2.98e+25
     -6.22  3.08e+26
      -6.7  -1.1e+27
     -7.17 -3.16e+26
     -7.65   2.3e+26
     -8.13 -3.24e+26
      -8.6  -6.5e+25
     -9.08 -1.54e+26
     -9.56  3.23e+26
       -10 -5.86e+25
     -10.5   1.8e+26
       -11  -2.2e+26
     -11.5  1.58e+26
     -11.9  1.58e+26
     -12.4   2.5e+25
     -12.9 -6.94e+25
     -13.4 -4.33e+26
     -13.9 -1.92e+26
     -14.3     2e+26
     -14.8 -2.84e+26
     -15.3 -1.42e+26
     -15.8    -7e+25
     -16.2 -1.72e+25
     -16.7 -4.49e+25
     -17.2   5.2e+25
     -17.7  4.54e+25
     -18.1  3.07e+25
     -18.6 -1.09e+25
     -19.1  3.26e+25
     -19.6  6.22e+24
     -20.1 -1.86e+25
     -20.5 -6.23e+25
       -21 -2.68e+25
     -21.5 -2.11e+25
       -22 -8.59e+25
     -22.4 -4.22e+25
     -22.9 -3.47e+25
     -23.4  7.96e+25
     -23.9  4.28e+25
     -24.3  1.69e+25
     -24.8 -8.02e+25
     -25.3 -7.73e+24
     -25.8  1.03e+26
     -26.3  3.69e+25
     -26.7 -2.96e+25
     -27.2 -1.76e+25
     -27.7  1.24e+24
     -28.2  2.17e+25
     -28.6 -8.63e+24
     -29.1 -4.69e+24
     -29.6 -7.41e+24
     -30.1  1.13e+25
     -30.5  3.93e+24
       -31 -3.21e+23
     -31.5  -6.9e+24
       -32  2.01e+24
     -32.5 -3.02e+24
     -32.9  8.51e+23
     -33.4 -1.84e+24
     -33.9  2.08e+23
     -34.4  1.09e+23
     -34.8 -9.76e+22
     -35.3   4.6e+22
     -35.8 -6.72e+22
     -36.3  2.79e+23

pressure[atm]        = 100
temperature[K]           = 1200
energy step[1/cm]        = 167
maximum energy[kcal/mol] = 117

bimolecular PEDs:
   E, kcal    P1->P2
       117  1.09e+32
       116  1.19e+32
       116   1.3e+32
       115  1.42e+32
       115  1.55e+32
       114  1.69e+32
       114  1.85e+32
       113  2.02e+32
       113   2.2e+32
       113   2.4e+32
       112  2.62e+32
       112  2.85e+32
       111  3.11e+32
       111  3.38e+32
       110  3.68e+32
       110  4.01e+32
       109  4.36e+32
       109  4.74e+32
       108  5.15e+32
       108   5.6e+32
       107  6.08e+32
       107   6.6e+32
       106  7.16e+32
       106  7.77e+32
       105  8.43e+32
       105  9.14e+32
       104   9.9e+32
       104  1.07e+33
       103  1.16e+33
       103  1.26e+33
       103  1.36e+33
       102  1.47e+33
       102  1.59e+33
       101  1.72e+33
       101  1.86e+33
       100     2e+33
      99.7  2.16e+33
      99.2  2.33e+33
      98.7  2.52e+33
      98.2  2.71e+33
      97.8  2.92e+33
      97.3  3.15e+33
      96.8  3.39e+33
      96.3  3.65e+33
      95.8  3.92e+33
      95.4  4.22e+33
      94.9  4.53e+33
      94.4  4.87e+33
      93.9  5.23e+33
      93.5  5.61e+33
        93  6.02e+33
      92.5  6.45e+33
        92  6.91e+33
      91.5  7.41e+33
      91.1  7.93e+33
      90.6  8.49e+33
      90.1  9.08e+33
      89.6   9.7e+33
      89.2  1.04e+34
      88.7  1.11e+34
      88.2  1.18e+34
      87.7  1.26e+34
      87.3  1.35e+34
      86.8  1.43e+34
      86.3  1.53e+34
      85.8  1.63e+34
      85.3  1.73e+34
      84.9  1.84e+34
      84.4  1.96e+34
      83.9  2.08e+34
      83.4  2.21e+34
        83  2.34e+34
      82.5  2.49e+34
        82  2.64e+34
      81.5  2.79e+34
      81.1  2.96e+34
      80.6  3.13e+34
      80.1  3.31e+34
      79.6   3.5e+34
      79.1   3.7e+34
      78.7  3.91e+34
      78.2  4.12e+34
      77.7  4.35e+34
      77.2  4.58e+34
      76.8  4.83e+34
      76.3  5.08e+34
      75.8  5.34e+34
      75.3  5.62e+34
      74.9   5.9e+34
      74.4   6.2e+34
      73.9   6.5e+34
      73.4  6.82e+34
      72.9  7.15e+34
      72.5  7.48e+34
        72  7.83e+34
      71.5  8.19e+34
        71  8.56e+34
      70.6  8.94e+34
      70.1  9.33e+34
      69.6  9.73e+34
      69.1  1.01e+35
      68.7  1.06e+35
      68.2   1.1e+35
      67.7  1.14e+35
      67.2  1.19e+35
      66.7  1.23e+35
      66.3  1.28e+35
      65.8  1.32e+35
      65.3  1.37e+35
      64.8  1.42e+35
      64.4  1.47e+35
      63.9  1.52e+35
      63.4  1.57e+35
      62.9  1.61e+35
      62.5  1.66e+35
        62  1.71e+35
      61.5  1.76e+35
        61  1.81e+35
      60.5  1.86e+35
      60.1  1.91e+35
      59.6  1.96e+35
      59.1  2.01e+35
      58.6  2.05e+35
      58.2   2.1e+35
      57.7  2.14e+35
      57.2  2.19e+35
      56.7  2.23e+35
      56.3  2.27e+35
      55.8  2.31e+35
      55.3  2.35e+35
      54.8  2.38e+35
      54.3  2.42e+35
      53.9  2.45e+35
      53.4  2.48e+35
      52.9  2.51e+35
      52.4  2.53e+35
        52  2.55e+35
      51.5  2.57e+35
        51  2.59e+35
      50.5  2.61e+35
      50.1  2.62e+35
      49.6  2.62e+35
      49.1  2.63e+35
      48.6  2.63e+35
      48.1  2.63e+35
      47.7  2.62e+35
      47.2  2.61e+35
      46.7   2.6e+35
      46.2  2.59e+35
      45.8  2.57e+35
      45.3  2.55e+35
      44.8  2.52e+35
      44.3  2.49e+35
      43.9  2.46e+35
      43.4  2.43e+35
      42.9  2.39e+35
      42.4  2.35e+35
      41.9   2.3e+35
      41.5  2.26e+35
        41  2.21e+35
      40.5  2.16e+35
        40   2.1e+35
      39.6  2.05e+35
      39.1  1.99e+35
      38.6  1.93e+35
      38.1  1.87e+35
      37.7  1.81e+35
      37.2  1.74e+35
      36.7  1.68e+35
      36.2  1.61e+35
      35.7  1.55e+35
      35.3  1.48e+35
      34.8  1.42e+35
      34.3  1.35e+35
      33.8  1.29e+35
      33.4  1.22e+35
      32.9  1.16e+35
      32.4  1.09e+35
      31.9  1.03e+35
      31.5  9.72e+34
        31  9.12e+34
      30.5  8.54e+34
        30  7.98e+34
      29.5  7.43e+34
      29.1   6.9e+34
      28.6  6.39e+34
      28.1  5.91e+34
      27.6  5.44e+34
      27.2     5e+34
      26.7  4.58e+34
      26.2  4.18e+34
      25.7  3.81e+34
      25.3  3.45e+34
      24.8  3.12e+34
      24.3  2.81e+34
      23.8  2.53e+34
      23.3  2.26e+34
      22.9  2.02e+34
      22.4  1.79e+34
      21.9  1.58e+34
      21.4   1.4e+34
        21  1.22e+34
      20.5  1.07e+34
        20  9.29e+33
      19.5  8.04e+33
      19.1  6.93e+33
      18.6  5.94e+33
      18.1  5.06e+33
      17.6  4.29e+33
      17.1  3.62e+33
      16.7  3.03e+33
      16.2  2.52e+33
      15.7  2.09e+33
      15.2  1.72e+33
      14.8   1.4e+33
      14.3  1.14e+33
      13.8  9.13e+32
      13.3  7.28e+32
      12.9  5.76e+32
      12.4  4.51e+32
      11.9   3.5e+32
      11.4  2.69e+32
      10.9  2.04e+32
      10.5  1.53e+32
        10  1.14e+32
      9.52  8.33e+31
      9.04  6.01e+31
      8.56  4.27e+31
      8.09  2.98e+31
      7.61  2.05e+31
      7.13  1.37e+31
      6.66  9.01e+30
      6.18  5.76e+30
       5.7  3.58e+30
      5.23  2.16e+30
      4.75  1.26e+30
      4.27  7.06e+29
       3.8   3.8e+29
      3.32  1.98e+29
      2.84  9.92e+28
      2.36  5.16e+28
      1.89  2.84e+28
      1.41  1.84e+28
     0.934  1.33e+28
     0.457     1e+28
   -0.0198  8.09e+27
    -0.497  5.51e+27
    -0.974  4.53e+27
     -1.45  2.81e+27
     -1.93  2.93e+27
      -2.4  1.81e+27
     -2.88  1.28e+27
     -3.36  1.63e+27
     -3.84  7.41e+26
     -4.31  1.18e+27
     -4.79   8.6e+26
     -5.27  4.86e+24
     -5.74 -1.46e+26
     -6.22  2.87e+26
      -6.7 -1.88e+26
     -7.17 -2.59e+26
     -7.65 -4.02e+26
     -8.13  5.34e+25
      -8.6  3.19e+26
     -9.08   1.4e+26
     -9.56 -2.38e+26
       -10  1.58e+26
     -10.5  9.69e+25
       -11  2.41e+25
     -11.5 -2.71e+25
     -11.9 -2.02e+26
     -12.4  3.36e+26
     -12.9 -2.43e+26
     -13.4   9.9e+25
     -13.9 -1.27e+25
     -14.3  2.07e+26
     -14.8  1.31e+26
     -15.3  1.13e+26
     -15.8  1.27e+26
     -16.2 -4.42e+25
     -16.7 -7.59e+25
     -17.2  6.24e+25
     -17.7 -8.44e+25
     -18.1 -3.88e+25
     -18.6  6.07e+25
     -19.1 -1.06e+26
     -19.6  3.59e+25
     -20.1 -1.57e+25
     -20.5 -2.67e+25
       -21  5.85e+25
     -21.5 -4.88e+25
       -22  3.48e+25
     -22.4  1.36e+25
     -22.9  2.58e+25
     -23.4  2.27e+25
     -23.9  -2.6e+25
     -24.3 -5.21e+25
     -24.8 -3.38e+25
     -25.3  5.02e+25
     -25.8 -1.83e+24
     -26.3     1e+25
     -26.7  2.97e+25
     -27.2 -2.22e+25
     -27.7  2.91e+25
     -28.2 -1.98e+24
     -28.6  9.29e+24
     -29.1  6.43e+24
     -29.6  2.08e+24
     -30.1  8.47e+23
     -30.5  2.88e+24
       -31 -1.03e+24
     -31.5    -1e+24
       -32 -4.08e+24
     -32.5 -3.04e+24
     -32.9 -1.32e+24
     -33.4 -3.09e+24
     -33.9  -1.3e+24
     -34.4 -8.67e+23
     -34.8 -2.63e+22
     -35.3 -2.33e+23
     -35.8  6.43e+23
     -36.3 -7.57e+22

pressure[atm]        = 0.01
temperature[K]           = 1300
energy step[1/cm]        = 181
maximum energy[kcal/mol] = 130

bimolecular PEDs:
   E, kcal    P1->P2
       130  2.06e+33
       130  2.25e+33
       129  2.46e+33
       128  2.69e+33
       128  2.94e+33
       127  3.21e+33
       127   3.5e+33
       126  3.82e+33
       126  4.17e+33
       125  4.54e+33
       125  4.95e+33
       124  5.39e+33
       124  5.87e+33
       123  6.39e+33
       123  6.96e+33
       122  7.57e+33
       122  8.23e+33
       121  8.95e+33
       121  9.73e+33
       120  1.06e+34
       120  1.15e+34
       119  1.25e+34
       119  1.35e+34
       118  1.47e+34
       118  1.59e+34
       117  1.72e+34
       117  1.87e+34
       116  2.02e+34
       116  2.19e+34
       115  2.37e+34
       115  2.56e+34
       114  2.77e+34
       113     3e+34
       113  3.24e+34
       112   3.5e+34
       112  3.78e+34
       111  4.07e+34
       111   4.4e+34
       110  4.74e+34
       110  5.11e+34
       109   5.5e+34
       109  5.93e+34
       108  6.38e+34
       108  6.87e+34
       107  7.39e+34
       107  7.94e+34
       106  8.53e+34
       106  9.16e+34
       105  9.84e+34
       105  1.06e+35
       104  1.13e+35
       104  1.21e+35
       103   1.3e+35
       103  1.39e+35
       102  1.49e+35
       102   1.6e+35
       101  1.71e+35
       101  1.83e+35
       100  1.95e+35
      99.5  2.09e+35
        99  2.23e+35
      98.5  2.38e+35
        98  2.53e+35
      97.5   2.7e+35
        97  2.88e+35
      96.4  3.07e+35
      95.9  3.26e+35
      95.4  3.47e+35
      94.9  3.69e+35
      94.4  3.92e+35
      93.9  4.17e+35
      93.3  4.42e+35
      92.8  4.69e+35
      92.3  4.98e+35
      91.8  5.27e+35
      91.3  5.59e+35
      90.8  5.91e+35
      90.2  6.26e+35
      89.7  6.62e+35
      89.2  6.99e+35
      88.7  7.38e+35
      88.2  7.79e+35
      87.7  8.22e+35
      87.1  8.67e+35
      86.6  9.13e+35
      86.1  9.62e+35
      85.6  1.01e+36
      85.1  1.06e+36
      84.6  1.12e+36
        84  1.18e+36
      83.5  1.23e+36
        83  1.29e+36
      82.5  1.36e+36
        82  1.42e+36
      81.5  1.49e+36
      80.9  1.56e+36
      80.4  1.63e+36
      79.9   1.7e+36
      79.4  1.78e+36
      78.9  1.85e+36
      78.4  1.93e+36
      77.8  2.02e+36
      77.3   2.1e+36
      76.8  2.18e+36
      76.3  2.27e+36
      75.8  2.36e+36
      75.3  2.45e+36
      74.7  2.54e+36
      74.2  2.63e+36
      73.7  2.73e+36
      73.2  2.82e+36
      72.7  2.92e+36
      72.2  3.02e+36
      71.6  3.11e+36
      71.1  3.21e+36
      70.6  3.31e+36
      70.1  3.41e+36
      69.6  3.51e+36
      69.1  3.61e+36
      68.5  3.71e+36
        68  3.81e+36
      67.5   3.9e+36
        67     4e+36
      66.5   4.1e+36
        66  4.19e+36
      65.4  4.28e+36
      64.9  4.37e+36
      64.4  4.46e+36
      63.9  4.54e+36
      63.4  4.62e+36
      62.9   4.7e+36
      62.3  4.78e+36
      61.8  4.85e+36
      61.3  4.92e+36
      60.8  4.98e+36
      60.3  5.04e+36
      59.8  5.09e+36
      59.2  5.14e+36
      58.7  5.18e+36
      58.2  5.22e+36
      57.7  5.26e+36
      57.2  5.28e+36
      56.7  5.31e+36
      56.1  5.32e+36
      55.6  5.33e+36
      55.1  5.33e+36
      54.6  5.33e+36
      54.1  5.32e+36
      53.6   5.3e+36
        53  5.28e+36
      52.5  5.25e+36
        52  5.21e+36
      51.5  5.17e+36
        51  5.12e+36
      50.5  5.06e+36
      49.9     5e+36
      49.4  4.93e+36
      48.9  4.86e+36
      48.4  4.77e+36
      47.9  4.69e+36
      47.4   4.6e+36
      46.8   4.5e+36
      46.3   4.4e+36
      45.8  4.29e+36
      45.3  4.18e+36
      44.8  4.07e+36
      44.3  3.95e+36
      43.7  3.83e+36
      43.2  3.71e+36
      42.7  3.58e+36
      42.2  3.46e+36
      41.7  3.33e+36
      41.2   3.2e+36
      40.6  3.07e+36
      40.1  2.94e+36
      39.6  2.81e+36
      39.1  2.68e+36
      38.6  2.55e+36
      38.1  2.42e+36
      37.5  2.29e+36
        37  2.17e+36
      36.5  2.04e+36
        36  1.92e+36
      35.5  1.81e+36
        35  1.69e+36
      34.4  1.58e+36
      33.9  1.48e+36
      33.4  1.37e+36
      32.9  1.27e+36
      32.4  1.18e+36
      31.9  1.09e+36
      31.3     1e+36
      30.8  9.19e+35
      30.3  8.41e+35
      29.8  7.67e+35
      29.3  6.97e+35
      28.8  6.32e+35
      28.2  5.71e+35
      27.7  5.14e+35
      27.2  4.61e+35
      26.7  4.12e+35
      26.2  3.68e+35
      25.7  3.26e+35
      25.1  2.89e+35
      24.6  2.54e+35
      24.1  2.23e+35
      23.6  1.95e+35
      23.1   1.7e+35
      22.6  1.47e+35
        22  1.27e+35
      21.5  1.09e+35
        21  9.27e+34
      20.5  7.88e+34
        20  6.65e+34
      19.5  5.59e+34
      18.9  4.67e+34
      18.4  3.88e+34
      17.9   3.2e+34
      17.4  2.62e+34
      16.9  2.14e+34
      16.4  1.73e+34
      15.8  1.39e+34
      15.3   1.1e+34
      14.8  8.73e+33
      14.3  6.83e+33
      13.8   5.3e+33
      13.3  4.07e+33
      12.7   3.1e+33
      12.2  2.33e+33
      11.7  1.73e+33
      11.2  1.27e+33
      10.7  9.23e+32
      10.2  6.59e+32
      9.64  4.64e+32
      9.12  3.21e+32
       8.6  2.18e+32
      8.09  1.45e+32
      7.57  9.44e+31
      7.05  5.98e+31
      6.54  3.68e+31
      6.02  2.19e+31
       5.5  1.25e+31
      4.99  6.89e+30
      4.47  3.57e+30
      3.95  1.73e+30
      3.44  7.65e+29
      2.92  2.99e+29
       2.4  9.69e+28
      1.89  2.29e+28
      1.37  5.63e+27
     0.853  5.86e+27
     0.336 -1.42e+27
    -0.181 -1.18e+27
    -0.697  2.28e+27
     -1.21  4.13e+27
     -1.73  1.26e+27
     -2.25  3.42e+25
     -2.76  3.59e+27
     -3.28  6.86e+26
      -3.8 -4.24e+27
     -4.31 -2.28e+27
     -4.83  3.32e+26
     -5.35  6.46e+25
     -5.86 -3.43e+25
     -6.38 -4.56e+26
      -6.9 -7.79e+26
     -7.41  6.94e+26
     -7.93 -3.62e+27
     -8.45  2.62e+27
     -8.96 -1.09e+27
     -9.48 -1.18e+26
       -10 -3.04e+27
     -10.5  1.95e+27
       -11  3.15e+27
     -11.5 -1.03e+26
     -12.1 -2.64e+27
     -12.6  1.26e+27
     -13.1 -7.68e+26
     -13.6 -3.64e+26
     -14.1  4.31e+25
     -14.6  6.78e+25
     -15.2  4.77e+26
     -15.7  2.57e+26
     -16.2 -1.32e+26
     -16.7 -7.05e+25
     -17.2  6.33e+26
     -17.7  2.48e+26
     -18.3  1.15e+26
     -18.8 -1.45e+26
     -19.3 -1.46e+26
     -19.8  -3.4e+26
     -20.3 -1.33e+26
     -20.8 -4.41e+26
     -21.4 -2.72e+26
     -21.9   3.8e+26
     -22.4  -2.2e+26
     -22.9     5e+25
     -23.4  2.38e+26
     -23.9 -4.55e+26
     -24.5  9.27e+25
       -25  1.69e+25
     -25.5  1.51e+26
       -26 -1.65e+26
     -26.5  1.18e+24
       -27 -1.43e+25
     -27.6  1.13e+26
     -28.1 -1.66e+26
     -28.6  3.51e+25
     -29.1  9.96e+22
     -29.6  1.81e+25
     -30.1  5.67e+24
     -30.7  9.26e+24
     -31.2 -9.41e+24
     -31.7  4.45e+24
     -32.2  1.52e+24
     -32.7 -9.04e+23
     -33.2 -2.22e+25
     -33.8  2.39e+24
     -34.3 -7.71e+23
     -34.8  1.08e+23
     -35.3 -9.97e+22
     -35.8  4.88e+22
     -36.3  2.36e+22

pressure[atm]        = 0.1
temperature[K]           = 1300
energy step[1/cm]        = 181
maximum energy[kcal/mol] = 130

bimolecular PEDs:
   E, kcal    P1->P2
       130  2.06e+33
       130  2.25e+33
       129  2.46e+33
       128  2.69e+33
       128  2.94e+33
       127  3.21e+33
       127   3.5e+33
       126  3.82e+33
       126  4.17e+33
       125  4.54e+33
       125  4.95e+33
       124  5.39e+33
       124  5.87e+33
       123  6.39e+33
       123  6.96e+33
       122  7.57e+33
       122  8.23e+33
       121  8.95e+33
       121  9.73e+33
       120  1.06e+34
       120  1.15e+34
       119  1.25e+34
       119  1.35e+34
       118  1.47e+34
       118  1.59e+34
       117  1.72e+34
       117  1.87e+34
       116  2.02e+34
       116  2.19e+34
       115  2.37e+34
       115  2.56e+34
       114  2.77e+34
       113     3e+34
       113  3.24e+34
       112   3.5e+34
       112  3.78e+34
       111  4.07e+34
       111   4.4e+34
       110  4.74e+34
       110  5.11e+34
       109   5.5e+34
       109  5.93e+34
       108  6.38e+34
       108  6.87e+34
       107  7.39e+34
       107  7.94e+34
       106  8.53e+34
       106  9.16e+34
       105  9.84e+34
       105  1.06e+35
       104  1.13e+35
       104  1.21e+35
       103   1.3e+35
       103  1.39e+35
       102  1.49e+35
       102   1.6e+35
       101  1.71e+35
       101  1.83e+35
       100  1.95e+35
      99.5  2.09e+35
        99  2.23e+35
      98.5  2.38e+35
        98  2.53e+35
      97.5   2.7e+35
        97  2.88e+35
      96.4  3.07e+35
      95.9  3.26e+35
      95.4  3.47e+35
      94.9  3.69e+35
      94.4  3.92e+35
      93.9  4.17e+35
      93.3  4.42e+35
      92.8  4.69e+35
      92.3  4.98e+35
      91.8  5.27e+35
      91.3  5.59e+35
      90.8  5.91e+35
      90.2  6.26e+35
      89.7  6.62e+35
      89.2  6.99e+35
      88.7  7.38e+35
      88.2  7.79e+35
      87.7  8.22e+35
      87.1  8.67e+35
      86.6  9.13e+35
      86.1  9.62e+35
      85.6  1.01e+36
      85.1  1.06e+36
      84.6  1.12e+36
        84  1.18e+36
      83.5  1.23e+36
        83  1.29e+36
      82.5  1.36e+36
        82  1.42e+36
      81.5  1.49e+36
      80.9  1.56e+36
      80.4  1.63e+36
      79.9   1.7e+36
      79.4  1.78e+36
      78.9  1.85e+36
      78.4  1.93e+36
      77.8  2.02e+36
      77.3   2.1e+36
      76.8  2.18e+36
      76.3  2.27e+36
      75.8  2.36e+36
      75.3  2.45e+36
      74.7  2.54e+36
      74.2  2.63e+36
      73.7  2.73e+36
      73.2  2.82e+36
      72.7  2.92e+36
      72.2  3.02e+36
      71.6  3.11e+36
      71.1  3.21e+36
      70.6  3.31e+36
      70.1  3.41e+36
      69.6  3.51e+36
      69.1  3.61e+36
      68.5  3.71e+36
        68  3.81e+36
      67.5   3.9e+36
        67     4e+36
      66.5   4.1e+36
        66  4.19e+36
      65.4  4.28e+36
      64.9  4.37e+36
      64.4  4.46e+36
      63.9  4.54e+36
      63.4  4.62e+36
      62.9   4.7e+36
      62.3  4.78e+36
      61.8  4.85e+36
      61.3  4.92e+36
      60.8  4.98e+36
      60.3  5.04e+36
      59.8  5.09e+36
      59.2  5.14e+36
      58.7  5.18e+36
      58.2  5.22e+36
      57.7  5.26e+36
      57.2  5.28e+36
      56.7  5.31e+36
      56.1  5.32e+36
      55.6  5.33e+36
      55.1  5.33e+36
      54.6  5.33e+36
      54.1  5.32e+36
      53.6   5.3e+36
        53  5.28e+36
      52.5  5.25e+36
        52  5.21e+36
      51.5  5.17e+36
        51  5.12e+36
      50.5  5.06e+36
      49.9     5e+36
      49.4  4.93e+36
      48.9  4.86e+36
      48.4  4.77e+36
      47.9  4.69e+36
      47.4   4.6e+36
      46.8   4.5e+36
      46.3   4.4e+36
      45.8  4.29e+36
      45.3  4.18e+36
      44.8  4.07e+36
      44.3  3.95e+36
      43.7  3.83e+36
      43.2  3.71e+36
      42.7  3.58e+36
      42.2  3.46e+36
      41.7  3.33e+36
      41.2   3.2e+36
      40.6  3.07e+36
      40.1  2.94e+36
      39.6  2.81e+36
      39.1  2.68e+36
      38.6  2.55e+36
      38.1  2.42e+36
      37.5  2.29e+36
        37  2.17e+36
      36.5  2.04e+36
        36  1.92e+36
      35.5  1.81e+36
        35  1.69e+36
      34.4  1.58e+36
      33.9  1.48e+36
      33.4  1.37e+36
      32.9  1.27e+36
      32.4  1.18e+36
      31.9  1.09e+36
      31.3     1e+36
      30.8  9.19e+35
      30.3  8.41e+35
      29.8  7.67e+35
      29.3  6.97e+35
      28.8  6.32e+35
      28.2  5.71e+35
      27.7  5.14e+35
      27.2  4.61e+35
      26.7  4.12e+35
      26.2  3.68e+35
      25.7  3.26e+35
      25.1  2.89e+35
      24.6  2.54e+35
      24.1  2.23e+35
      23.6  1.95e+35
      23.1   1.7e+35
      22.6  1.47e+35
        22  1.27e+35
      21.5  1.09e+35
        21  9.27e+34
      20.5  7.88e+34
        20  6.65e+34
      19.5  5.59e+34
      18.9  4.67e+34
      18.4  3.88e+34
      17.9   3.2e+34
      17.4  2.62e+34
      16.9  2.14e+34
      16.4  1.73e+34
      15.8  1.39e+34
      15.3   1.1e+34
      14.8  8.73e+33
      14.3  6.83e+33
      13.8   5.3e+33
      13.3  4.07e+33
      12.7   3.1e+33
      12.2  2.33e+33
      11.7  1.73e+33
      11.2  1.27e+33
      10.7  9.23e+32
      10.2   6.6e+32
      9.64  4.64e+32
      9.12  3.21e+32
       8.6  2.18e+32
      8.09  1.45e+32
      7.57  9.44e+31
      7.05  5.98e+31
      6.54  3.68e+31
      6.02  2.19e+31
       5.5  1.25e+31
      4.99  6.88e+30
      4.47  3.57e+30
      3.95  1.73e+30
      3.44  7.73e+29
      2.92  2.95e+29
       2.4     1e+29
      1.89  2.57e+28
      1.37 -2.32e+27
     0.853 -1.19e+27
     0.336  -3.4e+27
    -0.181  1.89e+27
    -0.697  1.72e+27
     -1.21 -2.81e+26
     -1.73 -1.91e+27
     -2.25  8.57e+27
     -2.76  1.67e+27
     -3.28  3.99e+26
      -3.8 -2.63e+27
     -4.31 -8.56e+26
     -4.83  2.62e+27
     -5.35 -2.84e+27
     -5.86 -5.61e+27
     -6.38 -9.35e+26
      -6.9 -1.95e+27
     -7.41  6.54e+26
     -7.93  2.25e+27
     -8.45 -1.65e+27
     -8.96 -8.06e+26
     -9.48  2.55e+27
       -10 -1.12e+27
     -10.5 -2.51e+26
       -11 -3.39e+26
     -11.5   4.1e+27
     -12.1 -2.32e+27
     -12.6 -3.86e+25
     -13.1   1.4e+27
     -13.6     2e+27
     -14.1 -1.15e+26
     -14.6 -7.45e+26
     -15.2  2.81e+26
     -15.7 -5.15e+26
     -16.2 -5.15e+26
     -16.7  1.72e+26
     -17.2 -3.26e+26
     -17.7  1.19e+25
     -18.3 -3.75e+26
     -18.8   1.2e+26
     -19.3 -6.18e+25
     -19.8  -5.2e+26
     -20.3     4e+24
     -20.8 -6.68e+26
     -21.4  2.34e+26
     -21.9     9e+24
     -22.4 -1.42e+26
     -22.9 -4.62e+25
     -23.4  2.43e+26
     -23.9 -3.46e+26
     -24.5 -2.43e+26
       -25 -4.12e+25
     -25.5   4.7e+25
       -26 -1.11e+25
     -26.5 -1.68e+26
       -27  5.28e+25
     -27.6  6.71e+25
     -28.1  1.82e+25
     -28.6 -8.03e+25
     -29.1  2.93e+25
     -29.6  4.45e+25
     -30.1  -2.4e+25
     -30.7  4.14e+25
     -31.2  4.37e+24
     -31.7  3.18e+24
     -32.2 -8.79e+24
     -32.7 -7.58e+23
     -33.2  1.81e+24
     -33.8 -2.22e+22
     -34.3 -3.93e+23
     -34.8 -1.64e+23
     -35.3 -5.23e+22
     -35.8 -3.25e+23
     -36.3  -2.1e+23

pressure[atm]        = 1
temperature[K]           = 1300
energy step[1/cm]        = 181
maximum energy[kcal/mol] = 130

bimolecular PEDs:
   E, kcal    P1->P2
       130  2.06e+33
       130  2.25e+33
       129  2.46e+33
       128  2.69e+33
       128  2.94e+33
       127  3.21e+33
       127   3.5e+33
       126  3.82e+33
       126  4.17e+33
       125  4.54e+33
       125  4.95e+33
       124  5.39e+33
       124  5.87e+33
       123  6.39e+33
       123  6.96e+33
       122  7.57e+33
       122  8.23e+33
       121  8.95e+33
       121  9.73e+33
       120  1.06e+34
       120  1.15e+34
       119  1.25e+34
       119  1.35e+34
       118  1.47e+34
       118  1.59e+34
       117  1.72e+34
       117  1.87e+34
       116  2.02e+34
       116  2.19e+34
       115  2.37e+34
       115  2.56e+34
       114  2.77e+34
       113     3e+34
       113  3.24e+34
       112   3.5e+34
       112  3.78e+34
       111  4.07e+34
       111   4.4e+34
       110  4.74e+34
       110  5.11e+34
       109   5.5e+34
       109  5.93e+34
       108  6.38e+34
       108  6.87e+34
       107  7.39e+34
       107  7.94e+34
       106  8.53e+34
       106  9.16e+34
       105  9.84e+34
       105  1.06e+35
       104  1.13e+35
       104  1.21e+35
       103   1.3e+35
       103  1.39e+35
       102  1.49e+35
       102   1.6e+35
       101  1.71e+35
       101  1.83e+35
       100  1.95e+35
      99.5  2.09e+35
        99  2.23e+35
      98.5  2.38e+35
        98  2.53e+35
      97.5   2.7e+35
        97  2.88e+35
      96.4  3.07e+35
      95.9  3.26e+35
      95.4  3.47e+35
      94.9  3.69e+35
      94.4  3.92e+35
      93.9  4.17e+35
      93.3  4.42e+35
      92.8  4.69e+35
      92.3  4.98e+35
      91.8  5.27e+35
      91.3  5.59e+35
      90.8  5.91e+35
      90.2  6.26e+35
      89.7  6.62e+35
      89.2  6.99e+35
      88.7  7.38e+35
      88.2  7.79e+35
      87.7  8.22e+35
      87.1  8.67e+35
      86.6  9.13e+35
      86.1  9.62e+35
      85.6  1.01e+36
      85.1  1.06e+36
      84.6  1.12e+36
        84  1.18e+36
      83.5  1.23e+36
        83  1.29e+36
      82.5  1.36e+36
        82  1.42e+36
      81.5  1.49e+36
      80.9  1.56e+36
      80.4  1.63e+36
      79.9   1.7e+36
      79.4  1.78e+36
      78.9  1.85e+36
      78.4  1.93e+36
      77.8  2.02e+36
      77.3   2.1e+36
      76.8  2.18e+36
      76.3  2.27e+36
      75.8  2.36e+36
      75.3  2.45e+36
      74.7  2.54e+36
      74.2  2.63e+36
      73.7  2.73e+36
      73.2  2.82e+36
      72.7  2.92e+36
      72.2  3.02e+36
      71.6  3.11e+36
      71.1  3.21e+36
      70.6  3.31e+36
      70.1  3.41e+36
      69.6  3.51e+36
      69.1  3.61e+36
      68.5  3.71e+36
        68  3.81e+36
      67.5   3.9e+36
        67     4e+36
      66.5   4.1e+36
        66  4.19e+36
      65.4  4.28e+36
      64.9  4.37e+36
      64.4  4.46e+36
      63.9  4.54e+36
      63.4  4.62e+36
      62.9   4.7e+36
      62.3  4.78e+36
      61.8  4.85e+36
      61.3  4.92e+36
      60.8  4.98e+36
      60.3  5.04e+36
      59.8  5.09e+36
      59.2  5.14e+36
      58.7  5.18e+36
      58.2  5.22e+36
      57.7  5.26e+36
      57.2  5.28e+36
      56.7  5.31e+36
      56.1  5.32e+36
      55.6  5.33e+36
      55.1  5.33e+36
      54.6  5.33e+36
      54.1  5.32e+36
      53.6   5.3e+36
        53  5.28e+36
      52.5  5.25e+36
        52  5.21e+36
      51.5  5.17e+36
        51  5.12e+36
      50.5  5.06e+36
      49.9     5e+36
      49.4  4.93e+36
      48.9  4.86e+36
      48.4  4.77e+36
      47.9  4.69e+36
      47.4   4.6e+36
      46.8   4.5e+36
      46.3   4.4e+36
      45.8  4.29e+36
      45.3  4.18e+36
      44.8  4.07e+36
      44.3  3.95e+36
      43.7  3.83e+36
      43.2  3.71e+36
      42.7  3.58e+36
      42.2  3.46e+36
      41.7  3.33e+36
      41.2   3.2e+36
      40.6  3.07e+36
      40.1  2.94e+36
      39.6  2.81e+36
      39.1  2.68e+36
      38.6  2.55e+36
      38.1  2.42e+36
      37.5  2.29e+36
        37  2.17e+36
      36.5  2.04e+36
        36  1.92e+36
      35.5  1.81e+36
        35  1.69e+36
      34.4  1.58e+36
      33.9  1.48e+36
      33.4  1.37e+36
      32.9  1.27e+36
      32.4  1.18e+36
      31.9  1.09e+36
      31.3     1e+36
      30.8  9.19e+35
      30.3  8.41e+35
      29.8  7.67e+35
      29.3  6.97e+35
      28.8  6.32e+35
      28.2  5.71e+35
      27.7  5.14e+35
      27.2  4.61e+35
      26.7  4.12e+35
      26.2  3.68e+35
      25.7  3.26e+35
      25.1  2.89e+35
      24.6  2.54e+35
      24.1  2.23e+35
      23.6  1.95e+35
      23.1   1.7e+35
      22.6  1.47e+35
        22  1.27e+35
      21.5  1.09e+35
        21  9.27e+34
      20.5  7.88e+34
        20  6.65e+34
      19.5  5.59e+34
      18.9  4.67e+34
      18.4  3.88e+34
      17.9   3.2e+34
      17.4  2.62e+34
      16.9  2.14e+34
      16.4  1.73e+34
      15.8  1.39e+34
      15.3   1.1e+34
      14.8  8.73e+33
      14.3  6.83e+33
      13.8   5.3e+33
      13.3  4.07e+33
      12.7   3.1e+33
      12.2  2.33e+33
      11.7  1.73e+33
      11.2  1.27e+33
      10.7  9.23e+32
      10.2   6.6e+32
      9.64  4.64e+32
      9.12  3.21e+32
       8.6  2.18e+32
      8.09  1.45e+32
      7.57  9.44e+31
      7.05  5.98e+31
      6.54  3.68e+31
      6.02  2.19e+31
       5.5  1.26e+31
      4.99  6.89e+30
      4.47  3.58e+30
      3.95  1.73e+30
      3.44  7.67e+29
      2.92  3.02e+29
       2.4     1e+29
      1.89  2.53e+28
      1.37  8.76e+27
     0.853 -5.63e+26
     0.336 -2.67e+27
    -0.181  4.97e+26
    -0.697  1.04e+27
     -1.21 -5.94e+26
     -1.73  3.18e+26
     -2.25 -2.18e+24
     -2.76  5.69e+26
     -3.28 -3.17e+27
      -3.8  1.33e+27
     -4.31 -2.64e+27
     -4.83 -7.95e+27
     -5.35  6.92e+27
     -5.86  1.53e+27
     -6.38 -2.18e+27
      -6.9 -5.37e+27
     -7.41 -8.32e+26
     -7.93 -5.85e+26
     -8.45  9.79e+26
     -8.96  1.57e+27
     -9.48  1.33e+27
       -10   3.6e+26
     -10.5  1.27e+27
       -11 -3.06e+26
     -11.5  8.78e+26
     -12.1 -1.36e+27
     -12.6  2.68e+27
     -13.1   1.8e+27
     -13.6  2.44e+26
     -14.1 -2.26e+26
     -14.6 -1.47e+26
     -15.2 -1.32e+27
     -15.7  6.92e+26
     -16.2  -2.9e+26
     -16.7  1.23e+26
     -17.2  9.22e+26
     -17.7  6.69e+26
     -18.3  8.14e+26
     -18.8 -4.66e+24
     -19.3  -5.6e+26
     -19.8  7.98e+26
     -20.3  1.67e+26
     -20.8  -9.6e+26
     -21.4  9.42e+25
     -21.9 -4.68e+26
     -22.4 -1.52e+26
     -22.9  2.79e+26
     -23.4 -2.16e+26
     -23.9  2.38e+25
     -24.5  5.05e+25
       -25  3.09e+26
     -25.5 -1.93e+26
       -26 -5.65e+25
     -26.5  3.17e+25
       -27 -9.95e+25
     -27.6  1.24e+26
     -28.1 -6.45e+25
     -28.6  4.77e+25
     -29.1 -8.56e+25
     -29.6  6.51e+24
     -30.1  2.12e+25
     -30.7 -2.69e+25
     -31.2  3.04e+25
     -31.7 -8.48e+24
     -32.2  3.67e+24
     -32.7  9.86e+23
     -33.2 -1.84e+24
     -33.8  8.84e+23
     -34.3  2.54e+23
     -34.8 -2.69e+23
     -35.3  2.95e+23
     -35.8 -1.33e+23
     -36.3  3.86e+24

pressure[atm]        = 10
temperature[K]           = 1300
energy step[1/cm]        = 181
maximum energy[kcal/mol] = 130

bimolecular PEDs:
   E, kcal    P1->P2
       130  2.06e+33
       130  2.25e+33
       129  2.46e+33
       128  2.69e+33
       128  2.94e+33
       127  3.21e+33
       127   3.5e+33
       126  3.82e+33
       126  4.17e+33
       125  4.54e+33
       125  4.95e+33
       124  5.39e+33
       124  5.87e+33
       123  6.39e+33
       123  6.96e+33
       122  7.57e+33
       122  8.23e+33
       121  8.95e+33
       121  9.72e+33
       120  1.06e+34
       120  1.15e+34
       119  1.25e+34
       119  1.35e+34
       118  1.47e+34
       118  1.59e+34
       117  1.72e+34
       117  1.87e+34
       116  2.02e+34
       116  2.19e+34
       115  2.37e+34
       115  2.56e+34
       114  2.77e+34
       113     3e+34
       113  3.24e+34
       112   3.5e+34
       112  3.78e+34
       111  4.07e+34
       111   4.4e+34
       110  4.74e+34
       110  5.11e+34
       109   5.5e+34
       109  5.93e+34
       108  6.38e+34
       108  6.87e+34
       107  7.39e+34
       107  7.94e+34
       106  8.53e+34
       106  9.16e+34
       105  9.84e+34
       105  1.06e+35
       104  1.13e+35
       104  1.21e+35
       103   1.3e+35
       103  1.39e+35
       102  1.49e+35
       102   1.6e+35
       101  1.71e+35
       101  1.83e+35
       100  1.95e+35
      99.5  2.09e+35
        99  2.23e+35
      98.5  2.38e+35
        98  2.53e+35
      97.5   2.7e+35
        97  2.88e+35
      96.4  3.07e+35
      95.9  3.26e+35
      95.4  3.47e+35
      94.9  3.69e+35
      94.4  3.92e+35
      93.9  4.17e+35
      93.3  4.42e+35
      92.8  4.69e+35
      92.3  4.98e+35
      91.8  5.27e+35
      91.3  5.58e+35
      90.8  5.91e+35
      90.2  6.26e+35
      89.7  6.61e+35
      89.2  6.99e+35
      88.7  7.38e+35
      88.2  7.79e+35
      87.7  8.22e+35
      87.1  8.67e+35
      86.6  9.13e+35
      86.1  9.62e+35
      85.6  1.01e+36
      85.1  1.06e+36
      84.6  1.12e+36
        84  1.18e+36
      83.5  1.23e+36
        83  1.29e+36
      82.5  1.36e+36
        82  1.42e+36
      81.5  1.49e+36
      80.9  1.56e+36
      80.4  1.63e+36
      79.9   1.7e+36
      79.4  1.78e+36
      78.9  1.85e+36
      78.4  1.93e+36
      77.8  2.02e+36
      77.3   2.1e+36
      76.8  2.18e+36
      76.3  2.27e+36
      75.8  2.36e+36
      75.3  2.45e+36
      74.7  2.54e+36
      74.2  2.63e+36
      73.7  2.73e+36
      73.2  2.82e+36
      72.7  2.92e+36
      72.2  3.02e+36
      71.6  3.11e+36
      71.1  3.21e+36
      70.6  3.31e+36
      70.1  3.41e+36
      69.6  3.51e+36
      69.1  3.61e+36
      68.5  3.71e+36
        68  3.81e+36
      67.5   3.9e+36
        67     4e+36
      66.5   4.1e+36
        66  4.19e+36
      65.4  4.28e+36
      64.9  4.37e+36
      64.4  4.46e+36
      63.9  4.54e+36
      63.4  4.62e+36
      62.9   4.7e+36
      62.3  4.78e+36
      61.8  4.85e+36
      61.3  4.92e+36
      60.8  4.98e+36
      60.3  5.04e+36
      59.8  5.09e+36
      59.2  5.14e+36
      58.7  5.18e+36
      58.2  5.22e+36
      57.7  5.26e+36
      57.2  5.28e+36
      56.7  5.31e+36
      56.1  5.32e+36
      55.6  5.33e+36
      55.1  5.33e+36
      54.6  5.33e+36
      54.1  5.32e+36
      53.6   5.3e+36
        53  5.28e+36
      52.5  5.25e+36
        52  5.21e+36
      51.5  5.17e+36
        51  5.12e+36
      50.5  5.06e+36
      49.9     5e+36
      49.4  4.93e+36
      48.9  4.86e+36
      48.4  4.77e+36
      47.9  4.69e+36
      47.4   4.6e+36
      46.8   4.5e+36
      46.3   4.4e+36
      45.8  4.29e+36
      45.3  4.18e+36
      44.8  4.07e+36
      44.3  3.95e+36
      43.7  3.83e+36
      43.2  3.71e+36
      42.7  3.58e+36
      42.2  3.46e+36
      41.7  3.33e+36
      41.2   3.2e+36
      40.6  3.07e+36
      40.1  2.94e+36
      39.6  2.81e+36
      39.1  2.68e+36
      38.6  2.55e+36
      38.1  2.42e+36
      37.5  2.29e+36
        37  2.17e+36
      36.5  2.04e+36
        36  1.92e+36
      35.5  1.81e+36
        35  1.69e+36
      34.4  1.58e+36
      33.9  1.48e+36
      33.4  1.37e+36
      32.9  1.27e+36
      32.4  1.18e+36
      31.9  1.09e+36
      31.3     1e+36
      30.8  9.19e+35
      30.3  8.41e+35
      29.8  7.67e+35
      29.3  6.97e+35
      28.8  6.32e+35
      28.2  5.71e+35
      27.7  5.14e+35
      27.2  4.61e+35
      26.7  4.13e+35
      26.2  3.68e+35
      25.7  3.26e+35
      25.1  2.89e+35
      24.6  2.54e+35
      24.1  2.23e+35
      23.6  1.95e+35
      23.1   1.7e+35
      22.6  1.47e+35
        22  1.27e+35
      21.5  1.09e+35
        21  9.27e+34
      20.5  7.88e+34
        20  6.66e+34
      19.5  5.59e+34
      18.9  4.67e+34
      18.4  3.88e+34
      17.9   3.2e+34
      17.4  2.63e+34
      16.9  2.14e+34
      16.4  1.73e+34
      15.8  1.39e+34
      15.3  1.11e+34
      14.8  8.73e+33
      14.3  6.84e+33
      13.8   5.3e+33
      13.3  4.08e+33
      12.7   3.1e+33
      12.2  2.33e+33
      11.7  1.74e+33
      11.2  1.27e+33
      10.7  9.24e+32
      10.2   6.6e+32
      9.64  4.65e+32
      9.12  3.21e+32
       8.6  2.18e+32
      8.09  1.45e+32
      7.57  9.47e+31
      7.05     6e+31
      6.54   3.7e+31
      6.02   2.2e+31
       5.5  1.27e+31
      4.99  6.96e+30
      4.47  3.63e+30
      3.95  1.78e+30
      3.44     8e+29
      2.92   3.3e+29
       2.4  1.23e+29
      1.89  3.87e+28
      1.37  1.63e+28
     0.853  1.12e+28
     0.336  6.31e+27
    -0.181  5.76e+27
    -0.697     5e+27
     -1.21  8.61e+26
     -1.73 -1.21e+27
     -2.25  5.68e+27
     -2.76  8.74e+26
     -3.28  2.41e+27
      -3.8   5.8e+26
     -4.31 -1.43e+27
     -4.83 -2.09e+27
     -5.35 -4.82e+26
     -5.86  5.09e+26
     -6.38  2.53e+27
      -6.9  4.19e+26
     -7.41 -2.18e+27
     -7.93 -9.62e+26
     -8.45  2.49e+27
     -8.96  1.52e+27
     -9.48 -1.75e+27
       -10  2.73e+26
     -10.5  1.34e+26
       -11 -1.16e+26
     -11.5 -6.38e+26
     -12.1   2.2e+26
     -12.6 -3.13e+26
     -13.1 -6.78e+26
     -13.6  4.93e+26
     -14.1 -1.75e+27
     -14.6  4.31e+26
     -15.2 -5.08e+26
     -15.7  6.97e+26
     -16.2  1.01e+27
     -16.7   1.7e+26
     -17.2 -2.92e+26
     -17.7 -4.01e+26
     -18.3 -3.38e+26
     -18.8  3.16e+25
     -19.3  9.69e+26
     -19.8  2.59e+26
     -20.3   1.9e+26
     -20.8  -3.5e+26
     -21.4  3.21e+25
     -21.9     1e+26
     -22.4 -9.54e+25
     -22.9  3.65e+26
     -23.4  1.71e+26
     -23.9 -3.18e+26
     -24.5 -1.07e+26
       -25  2.08e+26
     -25.5   4.2e+25
       -26  -2.5e+25
     -26.5  2.14e+26
       -27 -2.65e+25
     -27.6  1.53e+26
     -28.1 -5.95e+25
     -28.6 -7.14e+25
     -29.1  1.09e+26
     -29.6  2.55e+25
     -30.1  1.23e+26
     -30.7 -9.31e+24
     -31.2  6.32e+25
     -31.7  -1.2e+25
     -32.2 -6.68e+24
     -32.7 -1.25e+25
     -33.2  2.74e+24
     -33.8  1.45e+24
     -34.3 -4.44e+23
     -34.8  1.66e+23
     -35.3 -1.96e+23
     -35.8  2.14e+22
     -36.3 -1.44e+24

pressure[atm]        = 100
temperature[K]           = 1300
energy step[1/cm]        = 181
maximum energy[kcal/mol] = 130

bimolecular PEDs:
   E, kcal    P1->P2
       130  2.06e+33
       130  2.25e+33
       129  2.46e+33
       128  2.69e+33
       128  2.94e+33
       127  3.21e+33
       127   3.5e+33
       126  3.82e+33
       126  4.16e+33
       125  4.54e+33
       125  4.95e+33
       124  5.39e+33
       124  5.87e+33
       123  6.39e+33
       123  6.95e+33
       122  7.57e+33
       122  8.23e+33
       121  8.95e+33
       121  9.72e+33
       120  1.06e+34
       120  1.15e+34
       119  1.25e+34
       119  1.35e+34
       118  1.47e+34
       118  1.59e+34
       117  1.72e+34
       117  1.87e+34
       116  2.02e+34
       116  2.19e+34
       115  2.37e+34
       115  2.56e+34
       114  2.77e+34
       113     3e+34
       113  3.24e+34
       112   3.5e+34
       112  3.77e+34
       111  4.07e+34
       111  4.39e+34
       110  4.74e+34
       110  5.11e+34
       109   5.5e+34
       109  5.93e+34
       108  6.38e+34
       108  6.86e+34
       107  7.38e+34
       107  7.94e+34
       106  8.53e+34
       106  9.16e+34
       105  9.84e+34
       105  1.06e+35
       104  1.13e+35
       104  1.21e+35
       103   1.3e+35
       103  1.39e+35
       102  1.49e+35
       102   1.6e+35
       101  1.71e+35
       101  1.83e+35
       100  1.95e+35
      99.5  2.09e+35
        99  2.23e+35
      98.5  2.38e+35
        98  2.53e+35
      97.5   2.7e+35
        97  2.88e+35
      96.4  3.06e+35
      95.9  3.26e+35
      95.4  3.47e+35
      94.9  3.69e+35
      94.4  3.92e+35
      93.9  4.16e+35
      93.3  4.42e+35
      92.8  4.69e+35
      92.3  4.97e+35
      91.8  5.27e+35
      91.3  5.58e+35
      90.8  5.91e+35
      90.2  6.25e+35
      89.7  6.61e+35
      89.2  6.99e+35
      88.7  7.38e+35
      88.2  7.79e+35
      87.7  8.22e+35
      87.1  8.67e+35
      86.6  9.13e+35
      86.1  9.62e+35
      85.6  1.01e+36
      85.1  1.06e+36
      84.6  1.12e+36
        84  1.18e+36
      83.5  1.23e+36
        83  1.29e+36
      82.5  1.36e+36
        82  1.42e+36
      81.5  1.49e+36
      80.9  1.56e+36
      80.4  1.63e+36
      79.9   1.7e+36
      79.4  1.78e+36
      78.9  1.85e+36
      78.4  1.93e+36
      77.8  2.01e+36
      77.3   2.1e+36
      76.8  2.18e+36
      76.3  2.27e+36
      75.8  2.36e+36
      75.3  2.45e+36
      74.7  2.54e+36
      74.2  2.63e+36
      73.7  2.73e+36
      73.2  2.82e+36
      72.7  2.92e+36
      72.2  3.02e+36
      71.6  3.11e+36
      71.1  3.21e+36
      70.6  3.31e+36
      70.1  3.41e+36
      69.6  3.51e+36
      69.1  3.61e+36
      68.5  3.71e+36
        68  3.81e+36
      67.5   3.9e+36
        67     4e+36
      66.5   4.1e+36
        66  4.19e+36
      65.4  4.28e+36
      64.9  4.37e+36
      64.4  4.46e+36
      63.9  4.54e+36
      63.4  4.62e+36
      62.9   4.7e+36
      62.3  4.78e+36
      61.8  4.85e+36
      61.3  4.92e+36
      60.8  4.98e+36
      60.3  5.04e+36
      59.8  5.09e+36
      59.2  5.14e+36
      58.7  5.18e+36
      58.2  5.22e+36
      57.7  5.26e+36
      57.2  5.28e+36
      56.7  5.31e+36
      56.1  5.32e+36
      55.6  5.33e+36
      55.1  5.33e+36
      54.6  5.33e+36
      54.1  5.32e+36
      53.6   5.3e+36
        53  5.28e+36
      52.5  5.25e+36
        52  5.21e+36
      51.5  5.17e+36
        51  5.12e+36
      50.5  5.06e+36
      49.9     5e+36
      49.4  4.93e+36
      48.9  4.86e+36
      48.4  4.77e+36
      47.9  4.69e+36
      47.4   4.6e+36
      46.8   4.5e+36
      46.3   4.4e+36
      45.8  4.29e+36
      45.3  4.18e+36
      44.8  4.07e+36
      44.3  3.95e+36
      43.7  3.83e+36
      43.2  3.71e+36
      42.7  3.58e+36
      42.2  3.46e+36
      41.7  3.33e+36
      41.2   3.2e+36
      40.6  3.07e+36
      40.1  2.94e+36
      39.6  2.81e+36
      39.1  2.68e+36
      38.6  2.55e+36
      38.1  2.42e+36
      37.5  2.29e+36
        37  2.17e+36
      36.5  2.05e+36
        36  1.93e+36
      35.5  1.81e+36
        35  1.69e+36
      34.4  1.58e+36
      33.9  1.48e+36
      33.4  1.37e+36
      32.9  1.27e+36
      32.4  1.18e+36
      31.9  1.09e+36
      31.3     1e+36
      30.8   9.2e+35
      30.3  8.42e+35
      29.8  7.67e+35
      29.3  6.98e+35
      28.8  6.32e+35
      28.2  5.71e+35
      27.7  5.14e+35
      27.2  4.62e+35
      26.7  4.13e+35
      26.2  3.68e+35
      25.7  3.27e+35
      25.1  2.89e+35
      24.6  2.55e+35
      24.1  2.23e+35
      23.6  1.95e+35
      23.1   1.7e+35
      22.6  1.47e+35
        22  1.27e+35
      21.5  1.09e+35
        21  9.29e+34
      20.5  7.89e+34
        20  6.67e+34
      19.5   5.6e+34
      18.9  4.68e+34
      18.4  3.89e+34
      17.9  3.21e+34
      17.4  2.63e+34
      16.9  2.14e+34
      16.4  1.73e+34
      15.8  1.39e+34
      15.3  1.11e+34
      14.8  8.76e+33
      14.3  6.87e+33
      13.8  5.33e+33
      13.3   4.1e+33
      12.7  3.12e+33
      12.2  2.35e+33
      11.7  1.75e+33
      11.2  1.29e+33
      10.7  9.33e+32
      10.2  6.67e+32
      9.64   4.7e+32
      9.12  3.26e+32
       8.6  2.22e+32
      8.09  1.48e+32
      7.57  9.71e+31
      7.05  6.19e+31
      6.54  3.85e+31
      6.02  2.32e+31
       5.5  1.36e+31
      4.99  7.67e+30
      4.47  4.18e+30
      3.95   2.2e+30
      3.44  1.13e+30
      2.92  5.76e+29
       2.4  3.01e+29
      1.89  1.79e+29
      1.37  1.32e+29
     0.853  9.19e+28
     0.336  6.72e+28
    -0.181  5.17e+28
    -0.697  3.59e+28
     -1.21  3.07e+28
     -1.73  2.31e+28
     -2.25   1.6e+28
     -2.76  9.79e+27
     -3.28  1.62e+28
      -3.8  6.36e+27
     -4.31   3.1e+27
     -4.83  1.88e+27
     -5.35   7.4e+26
     -5.86  5.36e+27
     -6.38  1.88e+26
      -6.9 -4.96e+27
     -7.41  4.92e+27
     -7.93  2.24e+27
     -8.45  2.01e+27
     -8.96  1.55e+27
     -9.48  5.68e+26
       -10 -9.65e+26
     -10.5  2.69e+27
       -11  5.95e+26
     -11.5 -5.04e+26
     -12.1   1.2e+27
     -12.6  7.62e+26
     -13.1 -1.39e+27
     -13.6  5.08e+26
     -14.1 -1.01e+27
     -14.6  1.74e+26
     -15.2 -1.75e+27
     -15.7 -1.13e+26
     -16.2  1.67e+27
     -16.7  1.09e+27
     -17.2  1.64e+27
     -17.7  1.25e+26
     -18.3  2.69e+26
     -18.8  6.19e+25
     -19.3 -3.61e+26
     -19.8  3.68e+26
     -20.3  6.29e+26
     -20.8  1.75e+26
     -21.4  1.43e+25
     -21.9 -5.34e+26
     -22.4  3.09e+26
     -22.9  1.16e+26
     -23.4 -2.85e+26
     -23.9  5.43e+25
     -24.5  2.06e+26
       -25  6.34e+25
     -25.5  2.51e+26
       -26  2.63e+26
     -26.5  1.34e+25
       -27  1.47e+26
     -27.6 -2.35e+26
     -28.1 -9.27e+25
     -28.6  1.29e+26
     -29.1 -3.35e+24
     -29.6 -7.27e+25
     -30.1 -9.52e+24
     -30.7 -1.16e+24
     -31.2  -1.2e+25
     -31.7  1.62e+25
     -32.2 -2.97e+25
     -32.7  1.35e+25
     -33.2 -1.64e+25
     -33.8  8.05e+24
     -34.3 -2.11e+24
     -34.8  5.16e+23
     -35.3  6.79e+22
     -35.8  5.14e+24
     -36.3  3.09e+23

pressure[atm]        = 0.01
temperature[K]           = 1400
energy step[1/cm]        = 195
maximum energy[kcal/mol] = 143

bimolecular PEDs:
   E, kcal    P1->P2
       143  3.27e+34
       143  3.58e+34
       142  3.91e+34
       142  4.27e+34
       141  4.66e+34
       141  5.09e+34
       140  5.55e+34
       139  6.05e+34
       139   6.6e+34
       138  7.19e+34
       138  7.84e+34
       137  8.54e+34
       137   9.3e+34
       136  1.01e+35
       136   1.1e+35
       135   1.2e+35
       134   1.3e+35
       134  1.42e+35
       133  1.54e+35
       133  1.67e+35
       132  1.82e+35
       132  1.97e+35
       131  2.14e+35
       131  2.32e+35
       130  2.51e+35
       129  2.72e+35
       129  2.95e+35
       128   3.2e+35
       128  3.46e+35
       127  3.75e+35
       127  4.05e+35
       126  4.38e+35
       126  4.74e+35
       125  5.12e+35
       124  5.53e+35
       124  5.97e+35
       123  6.44e+35
       123  6.94e+35
       122  7.49e+35
       122  8.07e+35
       121   8.7e+35
       121  9.36e+35
       120  1.01e+36
       119  1.08e+36
       119  1.17e+36
       118  1.25e+36
       118  1.35e+36
       117  1.45e+36
       117  1.55e+36
       116  1.67e+36
       116  1.79e+36
       115  1.92e+36
       114  2.06e+36
       114   2.2e+36
       113  2.36e+36
       113  2.52e+36
       112   2.7e+36
       112  2.89e+36
       111  3.09e+36
       111   3.3e+36
       110  3.52e+36
       109  3.76e+36
       109  4.01e+36
       108  4.27e+36
       108  4.55e+36
       107  4.85e+36
       107  5.16e+36
       106  5.49e+36
       106  5.84e+36
       105  6.21e+36
       104  6.59e+36
       104     7e+36
       103  7.43e+36
       103  7.88e+36
       102  8.35e+36
       102  8.85e+36
       101  9.37e+36
       101  9.91e+36
       100  1.05e+37
      99.4  1.11e+37
      98.9  1.17e+37
      98.3  1.24e+37
      97.8   1.3e+37
      97.2  1.38e+37
      96.7  1.45e+37
      96.1  1.53e+37
      95.5  1.61e+37
        95  1.69e+37
      94.4  1.78e+37
      93.9  1.87e+37
      93.3  1.96e+37
      92.8  2.06e+37
      92.2  2.16e+37
      91.6  2.27e+37
      91.1  2.37e+37
      90.5  2.48e+37
        90   2.6e+37
      89.4  2.72e+37
      88.9  2.84e+37
      88.3  2.96e+37
      87.7  3.09e+37
      87.2  3.22e+37
      86.6  3.36e+37
      86.1   3.5e+37
      85.5  3.64e+37
        85  3.78e+37
      84.4  3.93e+37
      83.9  4.08e+37
      83.3  4.23e+37
      82.7  4.38e+37
      82.2  4.54e+37
      81.6   4.7e+37
      81.1  4.86e+37
      80.5  5.02e+37
        80  5.19e+37
      79.4  5.35e+37
      78.8  5.52e+37
      78.3  5.68e+37
      77.7  5.85e+37
      77.2  6.01e+37
      76.6  6.18e+37
      76.1  6.34e+37
      75.5  6.51e+37
        75  6.67e+37
      74.4  6.83e+37
      73.8  6.98e+37
      73.3  7.14e+37
      72.7  7.29e+37
      72.2  7.44e+37
      71.6  7.58e+37
      71.1  7.72e+37
      70.5  7.85e+37
      69.9  7.98e+37
      69.4   8.1e+37
      68.8  8.22e+37
      68.3  8.33e+37
      67.7  8.43e+37
      67.2  8.53e+37
      66.6  8.61e+37
        66  8.69e+37
      65.5  8.76e+37
      64.9  8.82e+37
      64.4  8.88e+37
      63.8  8.92e+37
      63.3  8.95e+37
      62.7  8.97e+37
      62.2  8.98e+37
      61.6  8.99e+37
        61  8.98e+37
      60.5  8.96e+37
      59.9  8.93e+37
      59.4  8.88e+37
      58.8  8.83e+37
      58.3  8.77e+37
      57.7  8.69e+37
      57.1  8.61e+37
      56.6  8.51e+37
        56  8.41e+37
      55.5  8.29e+37
      54.9  8.17e+37
      54.4  8.03e+37
      53.8  7.89e+37
      53.2  7.73e+37
      52.7  7.57e+37
      52.1   7.4e+37
      51.6  7.23e+37
        51  7.05e+37
      50.5  6.86e+37
      49.9  6.66e+37
      49.4  6.46e+37
      48.8  6.26e+37
      48.2  6.05e+37
      47.7  5.84e+37
      47.1  5.63e+37
      46.6  5.41e+37
        46  5.19e+37
      45.5  4.98e+37
      44.9  4.76e+37
      44.3  4.54e+37
      43.8  4.33e+37
      43.2  4.12e+37
      42.7  3.91e+37
      42.1   3.7e+37
      41.6   3.5e+37
        41   3.3e+37
      40.5   3.1e+37
      39.9  2.91e+37
      39.3  2.73e+37
      38.8  2.55e+37
      38.2  2.38e+37
      37.7  2.21e+37
      37.1  2.05e+37
      36.6   1.9e+37
        36  1.75e+37
      35.4  1.61e+37
      34.9  1.48e+37
      34.3  1.35e+37
      33.8  1.24e+37
      33.2  1.12e+37
      32.7  1.02e+37
      32.1  9.23e+36
      31.5  8.32e+36
        31  7.48e+36
      30.4   6.7e+36
      29.9  5.98e+36
      29.3  5.32e+36
      28.8  4.71e+36
      28.2  4.16e+36
      27.7  3.66e+36
      27.1   3.2e+36
      26.5  2.79e+36
        26  2.43e+36
      25.4   2.1e+36
      24.9  1.81e+36
      24.3  1.55e+36
      23.8  1.32e+36
      23.2  1.12e+36
      22.6  9.46e+35
      22.1  7.95e+35
      21.5  6.64e+35
        21  5.51e+35
      20.4  4.55e+35
      19.9  3.73e+35
      19.3  3.04e+35
      18.8  2.47e+35
      18.2  1.98e+35
      17.6  1.58e+35
      17.1  1.25e+35
      16.5  9.84e+34
        16  7.67e+34
      15.4  5.92e+34
      14.9  4.53e+34
      14.3  3.43e+34
      13.7  2.57e+34
      13.2   1.9e+34
      12.6  1.39e+34
      12.1  1.01e+34
      11.5  7.18e+33
        11  5.04e+33
      10.4  3.49e+33
      9.85  2.37e+33
      9.29  1.58e+33
      8.74  1.03e+33
      8.18  6.58e+32
      7.62   4.1e+32
      7.07  2.47e+32
      6.51  1.44e+32
      5.95   8.1e+31
       5.4  4.35e+31
      4.84  2.21e+31
      4.29  1.05e+31
      3.73  4.61e+30
      3.17  1.73e+30
      2.62  5.78e+29
      2.06  1.58e+29
       1.5 -6.78e+26
     0.947  1.51e+28
     0.391  3.79e+28
    -0.166  -2.5e+28
    -0.722  9.59e+27
     -1.28 -2.62e+27
     -1.84  1.93e+28
     -2.39   2.5e+28
     -2.95 -1.58e+28
      -3.5  1.84e+28
     -4.06  1.77e+28
     -4.62 -1.79e+28
     -5.17 -1.76e+28
     -5.73 -4.89e+27
     -6.29 -5.39e+27
     -6.84  1.19e+28
      -7.4 -4.99e+27
     -7.96   1.3e+28
     -8.51  1.01e+28
     -9.07  1.89e+27
     -9.62  -1.2e+28
     -10.2  5.09e+25
     -10.7 -4.16e+27
     -11.3 -7.61e+26
     -11.9  1.03e+28
     -12.4  9.91e+27
       -13  2.18e+27
     -13.5  1.01e+27
     -14.1  2.15e+25
     -14.6 -2.14e+27
     -15.2 -9.06e+25
     -15.7 -4.63e+26
     -16.3 -1.61e+27
     -16.9 -5.14e+26
     -17.4 -5.77e+26
       -18  1.57e+27
     -18.5  9.13e+27
     -19.1 -7.35e+26
     -19.6 -5.65e+26
     -20.2  1.56e+27
     -20.8 -5.93e+26
     -21.3 -8.55e+26
     -21.9   3.5e+26
     -22.4  1.82e+27
       -23  2.31e+27
     -23.5  -3.7e+25
     -24.1  3.96e+26
     -24.6 -2.66e+26
     -25.2 -1.19e+26
     -25.8  1.46e+27
     -26.3 -1.01e+26
     -26.9 -7.29e+26
     -27.4 -8.79e+25
       -28 -6.03e+26
     -28.5  1.26e+26
     -29.1  3.21e+26
     -29.7 -2.04e+26
     -30.2  -1.4e+26
     -30.8  2.86e+26
     -31.3 -1.81e+26
     -31.9  4.24e+26
     -32.4 -4.78e+25
       -33  1.08e+25
     -33.6 -1.43e+24
     -34.1 -6.16e+23
     -34.7  7.97e+22
     -35.2  7.42e+22
     -35.8 -1.13e+23
     -36.3  2.65e+24

pressure[atm]        = 0.1
temperature[K]           = 1400
energy step[1/cm]        = 195
maximum energy[kcal/mol] = 143

bimolecular PEDs:
   E, kcal    P1->P2
       143  3.27e+34
       143  3.58e+34
       142  3.91e+34
       142  4.27e+34
       141  4.66e+34
       141  5.09e+34
       140  5.55e+34
       139  6.05e+34
       139   6.6e+34
       138  7.19e+34
       138  7.84e+34
       137  8.54e+34
       137   9.3e+34
       136  1.01e+35
       136   1.1e+35
       135   1.2e+35
       134   1.3e+35
       134  1.42e+35
       133  1.54e+35
       133  1.67e+35
       132  1.82e+35
       132  1.97e+35
       131  2.14e+35
       131  2.32e+35
       130  2.51e+35
       129  2.72e+35
       129  2.95e+35
       128   3.2e+35
       128  3.46e+35
       127  3.75e+35
       127  4.05e+35
       126  4.38e+35
       126  4.74e+35
       125  5.12e+35
       124  5.53e+35
       124  5.97e+35
       123  6.44e+35
       123  6.94e+35
       122  7.49e+35
       122  8.07e+35
       121   8.7e+35
       121  9.36e+35
       120  1.01e+36
       119  1.08e+36
       119  1.17e+36
       118  1.25e+36
       118  1.35e+36
       117  1.45e+36
       117  1.55e+36
       116  1.67e+36
       116  1.79e+36
       115  1.92e+36
       114  2.06e+36
       114   2.2e+36
       113  2.36e+36
       113  2.52e+36
       112   2.7e+36
       112  2.89e+36
       111  3.09e+36
       111   3.3e+36
       110  3.52e+36
       109  3.76e+36
       109  4.01e+36
       108  4.27e+36
       108  4.55e+36
       107  4.85e+36
       107  5.16e+36
       106  5.49e+36
       106  5.84e+36
       105  6.21e+36
       104  6.59e+36
       104     7e+36
       103  7.43e+36
       103  7.88e+36
       102  8.35e+36
       102  8.85e+36
       101  9.37e+36
       101  9.91e+36
       100  1.05e+37
      99.4  1.11e+37
      98.9  1.17e+37
      98.3  1.24e+37
      97.8   1.3e+37
      97.2  1.38e+37
      96.7  1.45e+37
      96.1  1.53e+37
      95.5  1.61e+37
        95  1.69e+37
      94.4  1.78e+37
      93.9  1.87e+37
      93.3  1.96e+37
      92.8  2.06e+37
      92.2  2.16e+37
      91.6  2.27e+37
      91.1  2.37e+37
      90.5  2.48e+37
        90   2.6e+37
      89.4  2.72e+37
      88.9  2.84e+37
      88.3  2.96e+37
      87.7  3.09e+37
      87.2  3.22e+37
      86.6  3.36e+37
      86.1   3.5e+37
      85.5  3.64e+37
        85  3.78e+37
      84.4  3.93e+37
      83.9  4.08e+37
      83.3  4.23e+37
      82.7  4.38e+37
      82.2  4.54e+37
      81.6   4.7e+37
      81.1  4.86e+37
      80.5  5.02e+37
        80  5.19e+37
      79.4  5.35e+37
      78.8  5.52e+37
      78.3  5.68e+37
      77.7  5.85e+37
      77.2  6.01e+37
      76.6  6.18e+37
      76.1  6.34e+37
      75.5  6.51e+37
        75  6.67e+37
      74.4  6.83e+37
      73.8  6.98e+37
      73.3  7.14e+37
      72.7  7.29e+37
      72.2  7.44e+37
      71.6  7.58e+37
      71.1  7.72e+37
      70.5  7.85e+37
      69.9  7.98e+37
      69.4   8.1e+37
      68.8  8.22e+37
      68.3  8.33e+37
      67.7  8.43e+37
      67.2  8.53e+37
      66.6  8.61e+37
        66  8.69e+37
      65.5  8.76e+37
      64.9  8.82e+37
      64.4  8.88e+37
      63.8  8.92e+37
      63.3  8.95e+37
      62.7  8.97e+37
      62.2  8.98e+37
      61.6  8.99e+37
        61  8.98e+37
      60.5  8.96e+37
      59.9  8.93e+37
      59.4  8.88e+37
      58.8  8.83e+37
      58.3  8.77e+37
      57.7  8.69e+37
      57.1  8.61e+37
      56.6  8.51e+37
        56  8.41e+37
      55.5  8.29e+37
      54.9  8.17e+37
      54.4  8.03e+37
      53.8  7.89e+37
      53.2  7.73e+37
      52.7  7.57e+37
      52.1   7.4e+37
      51.6  7.23e+37
        51  7.05e+37
      50.5  6.86e+37
      49.9  6.66e+37
      49.4  6.46e+37
      48.8  6.26e+37
      48.2  6.05e+37
      47.7  5.84e+37
      47.1  5.63e+37
      46.6  5.41e+37
        46  5.19e+37
      45.5  4.98e+37
      44.9  4.76e+37
      44.3  4.54e+37
      43.8  4.33e+37
      43.2  4.12e+37
      42.7  3.91e+37
      42.1   3.7e+37
      41.6   3.5e+37
        41   3.3e+37
      40.5   3.1e+37
      39.9  2.91e+37
      39.3  2.73e+37
      38.8  2.55e+37
      38.2  2.38e+37
      37.7  2.21e+37
      37.1  2.05e+37
      36.6   1.9e+37
        36  1.75e+37
      35.4  1.61e+37
      34.9  1.48e+37
      34.3  1.35e+37
      33.8  1.24e+37
      33.2  1.12e+37
      32.7  1.02e+37
      32.1  9.23e+36
      31.5  8.32e+36
        31  7.48e+36
      30.4   6.7e+36
      29.9  5.98e+36
      29.3  5.32e+36
      28.8  4.71e+36
      28.2  4.16e+36
      27.7  3.66e+36
      27.1   3.2e+36
      26.5  2.79e+36
        26  2.43e+36
      25.4   2.1e+36
      24.9  1.81e+36
      24.3  1.55e+36
      23.8  1.32e+36
      23.2  1.12e+36
      22.6  9.46e+35
      22.1  7.95e+35
      21.5  6.64e+35
        21  5.51e+35
      20.4  4.55e+35
      19.9  3.73e+35
      19.3  3.04e+35
      18.8  2.47e+35
      18.2  1.98e+35
      17.6  1.58e+35
      17.1  1.25e+35
      16.5  9.84e+34
        16  7.67e+34
      15.4  5.92e+34
      14.9  4.53e+34
      14.3  3.43e+34
      13.7  2.57e+34
      13.2   1.9e+34
      12.6  1.39e+34
      12.1  1.01e+34
      11.5  7.18e+33
        11  5.04e+33
      10.4  3.49e+33
      9.85  2.37e+33
      9.29  1.58e+33
      8.74  1.03e+33
      8.18  6.58e+32
      7.62   4.1e+32
      7.07  2.47e+32
      6.51  1.44e+32
      5.95   8.1e+31
       5.4  4.34e+31
      4.84  2.21e+31
      4.29  1.05e+31
      3.73  4.57e+30
      3.17  1.79e+30
      2.62   5.5e+29
      2.06     1e+29
       1.5   7.5e+28
     0.947   2.9e+28
     0.391 -8.93e+27
    -0.166   1.3e+28
    -0.722 -1.36e+28
     -1.28   2.4e+28
     -1.84  1.55e+28
     -2.39  1.38e+28
     -2.95 -3.55e+28
      -3.5 -2.75e+28
     -4.06 -3.01e+28
     -4.62  2.72e+27
     -5.17 -1.14e+27
     -5.73 -4.76e+27
     -6.29 -2.84e+27
     -6.84  -2.1e+28
      -7.4  5.76e+27
     -7.96  1.78e+27
     -8.51  5.25e+27
     -9.07 -7.97e+26
     -9.62  5.59e+27
     -10.2 -1.63e+28
     -10.7  2.35e+28
     -11.3 -6.09e+27
     -11.9 -6.81e+26
     -12.4  2.73e+27
       -13 -4.63e+27
     -13.5  1.58e+27
     -14.1 -2.41e+27
     -14.6  1.32e+27
     -15.2  5.58e+26
     -15.7 -2.59e+27
     -16.3  4.13e+27
     -16.9 -3.89e+27
     -17.4 -2.02e+27
       -18 -1.46e+27
     -18.5  2.15e+27
     -19.1 -7.01e+26
     -19.6  1.11e+27
     -20.2  2.12e+26
     -20.8 -3.68e+27
     -21.3  -1.5e+26
     -21.9  1.28e+27
     -22.4  6.79e+26
       -23 -1.67e+27
     -23.5  9.23e+26
     -24.1     1e+27
     -24.6   8.6e+26
     -25.2 -1.53e+26
     -25.8 -6.24e+26
     -26.3  2.83e+26
     -26.9  3.08e+26
     -27.4 -6.69e+26
       -28 -3.43e+26
     -28.5  7.16e+26
     -29.1 -3.52e+26
     -29.7  4.03e+26
     -30.2 -1.14e+26
     -30.8  8.44e+25
     -31.3  7.29e+25
     -31.9  6.46e+25
     -32.4 -6.22e+25
       -33  1.77e+25
     -33.6 -9.27e+24
     -34.1  2.38e+24
     -34.7 -4.32e+23
     -35.2  -4.6e+22
     -35.8  1.64e+23
     -36.3  1.05e+24

pressure[atm]        = 1
temperature[K]           = 1400
energy step[1/cm]        = 195
maximum energy[kcal/mol] = 143

bimolecular PEDs:
   E, kcal    P1->P2
       143  3.27e+34
       143  3.58e+34
       142  3.91e+34
       142  4.27e+34
       141  4.66e+34
       141  5.09e+34
       140  5.55e+34
       139  6.05e+34
       139   6.6e+34
       138  7.19e+34
       138  7.84e+34
       137  8.54e+34
       137   9.3e+34
       136  1.01e+35
       136   1.1e+35
       135   1.2e+35
       134   1.3e+35
       134  1.42e+35
       133  1.54e+35
       133  1.67e+35
       132  1.82e+35
       132  1.97e+35
       131  2.14e+35
       131  2.32e+35
       130  2.51e+35
       129  2.72e+35
       129  2.95e+35
       128   3.2e+35
       128  3.46e+35
       127  3.75e+35
       127  4.05e+35
       126  4.38e+35
       126  4.74e+35
       125  5.12e+35
       124  5.53e+35
       124  5.97e+35
       123  6.44e+35
       123  6.94e+35
       122  7.49e+35
       122  8.07e+35
       121   8.7e+35
       121  9.36e+35
       120  1.01e+36
       119  1.08e+36
       119  1.17e+36
       118  1.25e+36
       118  1.35e+36
       117  1.45e+36
       117  1.55e+36
       116  1.67e+36
       116  1.79e+36
       115  1.92e+36
       114  2.06e+36
       114   2.2e+36
       113  2.36e+36
       113  2.52e+36
       112   2.7e+36
       112  2.89e+36
       111  3.09e+36
       111   3.3e+36
       110  3.52e+36
       109  3.76e+36
       109  4.01e+36
       108  4.27e+36
       108  4.55e+36
       107  4.85e+36
       107  5.16e+36
       106  5.49e+36
       106  5.84e+36
       105  6.21e+36
       104  6.59e+36
       104     7e+36
       103  7.43e+36
       103  7.88e+36
       102  8.35e+36
       102  8.85e+36
       101  9.37e+36
       101  9.91e+36
       100  1.05e+37
      99.4  1.11e+37
      98.9  1.17e+37
      98.3  1.24e+37
      97.8   1.3e+37
      97.2  1.38e+37
      96.7  1.45e+37
      96.1  1.53e+37
      95.5  1.61e+37
        95  1.69e+37
      94.4  1.78e+37
      93.9  1.87e+37
      93.3  1.96e+37
      92.8  2.06e+37
      92.2  2.16e+37
      91.6  2.27e+37
      91.1  2.37e+37
      90.5  2.48e+37
        90   2.6e+37
      89.4  2.72e+37
      88.9  2.84e+37
      88.3  2.96e+37
      87.7  3.09e+37
      87.2  3.22e+37
      86.6  3.36e+37
      86.1   3.5e+37
      85.5  3.64e+37
        85  3.78e+37
      84.4  3.93e+37
      83.9  4.08e+37
      83.3  4.23e+37
      82.7  4.38e+37
      82.2  4.54e+37
      81.6   4.7e+37
      81.1  4.86e+37
      80.5  5.02e+37
        80  5.19e+37
      79.4  5.35e+37
      78.8  5.52e+37
      78.3  5.68e+37
      77.7  5.85e+37
      77.2  6.01e+37
      76.6  6.18e+37
      76.1  6.34e+37
      75.5  6.51e+37
        75  6.67e+37
      74.4  6.83e+37
      73.8  6.98e+37
      73.3  7.14e+37
      72.7  7.29e+37
      72.2  7.44e+37
      71.6  7.58e+37
      71.1  7.72e+37
      70.5  7.85e+37
      69.9  7.98e+37
      69.4   8.1e+37
      68.8  8.22e+37
      68.3  8.33e+37
      67.7  8.43e+37
      67.2  8.53e+37
      66.6  8.61e+37
        66  8.69e+37
      65.5  8.76e+37
      64.9  8.82e+37
      64.4  8.88e+37
      63.8  8.92e+37
      63.3  8.95e+37
      62.7  8.97e+37
      62.2  8.98e+37
      61.6  8.99e+37
        61  8.98e+37
      60.5  8.96e+37
      59.9  8.93e+37
      59.4  8.88e+37
      58.8  8.83e+37
      58.3  8.77e+37
      57.7  8.69e+37
      57.1  8.61e+37
      56.6  8.51e+37
        56  8.41e+37
      55.5  8.29e+37
      54.9  8.17e+37
      54.4  8.03e+37
      53.8  7.89e+37
      53.2  7.73e+37
      52.7  7.57e+37
      52.1   7.4e+37
      51.6  7.23e+37
        51  7.05e+37
      50.5  6.86e+37
      49.9  6.66e+37
      49.4  6.46e+37
      48.8  6.26e+37
      48.2  6.05e+37
      47.7  5.84e+37
      47.1  5.63e+37
      46.6  5.41e+37
        46  5.19e+37
      45.5  4.98e+37
      44.9  4.76e+37
      44.3  4.54e+37
      43.8  4.33e+37
      43.2  4.12e+37
      42.7  3.91e+37
      42.1   3.7e+37
      41.6   3.5e+37
        41   3.3e+37
      40.5   3.1e+37
      39.9  2.91e+37
      39.3  2.73e+37
      38.8  2.55e+37
      38.2  2.38e+37
      37.7  2.21e+37
      37.1  2.05e+37
      36.6   1.9e+37
        36  1.75e+37
      35.4  1.61e+37
      34.9  1.48e+37
      34.3  1.35e+37
      33.8  1.24e+37
      33.2  1.12e+37
      32.7  1.02e+37
      32.1  9.23e+36
      31.5  8.32e+36
        31  7.48e+36
      30.4   6.7e+36
      29.9  5.98e+36
      29.3  5.32e+36
      28.8  4.71e+36
      28.2  4.16e+36
      27.7  3.66e+36
      27.1   3.2e+36
      26.5  2.79e+36
        26  2.43e+36
      25.4   2.1e+36
      24.9  1.81e+36
      24.3  1.55e+36
      23.8  1.32e+36
      23.2  1.12e+36
      22.6  9.46e+35
      22.1  7.95e+35
      21.5  6.64e+35
        21  5.51e+35
      20.4  4.55e+35
      19.9  3.73e+35
      19.3  3.04e+35
      18.8  2.47e+35
      18.2  1.98e+35
      17.6  1.58e+35
      17.1  1.25e+35
      16.5  9.85e+34
        16  7.67e+34
      15.4  5.92e+34
      14.9  4.53e+34
      14.3  3.43e+34
      13.7  2.57e+34
      13.2   1.9e+34
      12.6  1.39e+34
      12.1  1.01e+34
      11.5  7.18e+33
        11  5.04e+33
      10.4  3.49e+33
      9.85  2.37e+33
      9.29  1.58e+33
      8.74  1.03e+33
      8.18  6.58e+32
      7.62   4.1e+32
      7.07  2.47e+32
      6.51  1.44e+32
      5.95   8.1e+31
       5.4  4.35e+31
      4.84  2.21e+31
      4.29  1.05e+31
      3.73   4.6e+30
      3.17  1.79e+30
      2.62  6.03e+29
      2.06  1.17e+29
       1.5  6.45e+28
     0.947 -3.46e+28
     0.391  4.21e+28
    -0.166 -8.98e+27
    -0.722  4.11e+28
     -1.28 -4.52e+28
     -1.84  4.91e+28
     -2.39 -1.03e+28
     -2.95  -3.8e+28
      -3.5  1.46e+28
     -4.06   1.7e+27
     -4.62  2.28e+28
     -5.17 -2.21e+28
     -5.73 -4.19e+27
     -6.29  -1.3e+28
     -6.84  1.62e+28
      -7.4  1.24e+28
     -7.96   1.4e+28
     -8.51  -3.9e+27
     -9.07 -7.09e+27
     -9.62 -3.12e+27
     -10.2 -1.76e+27
     -10.7 -1.55e+28
     -11.3 -1.31e+27
     -11.9 -5.76e+27
     -12.4  2.12e+28
       -13  1.18e+28
     -13.5  2.41e+26
     -14.1 -6.12e+26
     -14.6  2.95e+27
     -15.2  6.62e+27
     -15.7 -1.94e+27
     -16.3  3.17e+27
     -16.9 -1.85e+27
     -17.4  1.13e+27
       -18 -1.68e+27
     -18.5  5.49e+26
     -19.1   2.6e+27
     -19.6 -4.47e+27
     -20.2 -1.12e+27
     -20.8  7.36e+26
     -21.3  3.98e+26
     -21.9 -2.57e+27
     -22.4 -8.12e+26
       -23 -8.41e+25
     -23.5 -1.24e+26
     -24.1 -2.84e+26
     -24.6  1.12e+26
     -25.2  1.36e+27
     -25.8 -4.32e+25
     -26.3  3.39e+25
     -26.9 -8.93e+25
     -27.4  1.25e+26
       -28 -5.16e+26
     -28.5 -4.95e+25
     -29.1  2.27e+26
     -29.7 -1.15e+26
     -30.2  4.49e+25
     -30.8 -1.07e+26
     -31.3  4.19e+25
     -31.9  1.74e+25
     -32.4   1.9e+25
       -33  1.43e+25
     -33.6 -1.92e+23
     -34.1  6.88e+23
     -34.7 -4.82e+23
     -35.2  2.95e+23
     -35.8 -1.74e+23
     -36.3  2.48e+23

pressure[atm]        = 10
temperature[K]           = 1400
energy step[1/cm]        = 195
maximum energy[kcal/mol] = 143

bimolecular PEDs:
   E, kcal    P1->P2
       143  3.27e+34
       143  3.58e+34
       142  3.91e+34
       142  4.27e+34
       141  4.66e+34
       141  5.09e+34
       140  5.55e+34
       139  6.05e+34
       139   6.6e+34
       138  7.19e+34
       138  7.84e+34
       137  8.54e+34
       137   9.3e+34
       136  1.01e+35
       136   1.1e+35
       135   1.2e+35
       134   1.3e+35
       134  1.42e+35
       133  1.54e+35
       133  1.67e+35
       132  1.82e+35
       132  1.97e+35
       131  2.14e+35
       131  2.32e+35
       130  2.51e+35
       129  2.72e+35
       129  2.95e+35
       128   3.2e+35
       128  3.46e+35
       127  3.75e+35
       127  4.05e+35
       126  4.38e+35
       126  4.74e+35
       125  5.12e+35
       124  5.53e+35
       124  5.97e+35
       123  6.44e+35
       123  6.94e+35
       122  7.49e+35
       122  8.07e+35
       121   8.7e+35
       121  9.36e+35
       120  1.01e+36
       119  1.08e+36
       119  1.17e+36
       118  1.25e+36
       118  1.35e+36
       117  1.45e+36
       117  1.55e+36
       116  1.67e+36
       116  1.79e+36
       115  1.92e+36
       114  2.06e+36
       114   2.2e+36
       113  2.36e+36
       113  2.52e+36
       112   2.7e+36
       112  2.89e+36
       111  3.09e+36
       111   3.3e+36
       110  3.52e+36
       109  3.76e+36
       109  4.01e+36
       108  4.27e+36
       108  4.55e+36
       107  4.85e+36
       107  5.16e+36
       106  5.49e+36
       106  5.84e+36
       105   6.2e+36
       104  6.59e+36
       104     7e+36
       103  7.43e+36
       103  7.88e+36
       102  8.35e+36
       102  8.85e+36
       101  9.37e+36
       101  9.91e+36
       100  1.05e+37
      99.4  1.11e+37
      98.9  1.17e+37
      98.3  1.24e+37
      97.8   1.3e+37
      97.2  1.38e+37
      96.7  1.45e+37
      96.1  1.53e+37
      95.5  1.61e+37
        95  1.69e+37
      94.4  1.78e+37
      93.9  1.87e+37
      93.3  1.96e+37
      92.8  2.06e+37
      92.2  2.16e+37
      91.6  2.27e+37
      91.1  2.37e+37
      90.5  2.48e+37
        90   2.6e+37
      89.4  2.72e+37
      88.9  2.84e+37
      88.3  2.96e+37
      87.7  3.09e+37
      87.2  3.22e+37
      86.6  3.36e+37
      86.1   3.5e+37
      85.5  3.64e+37
        85  3.78e+37
      84.4  3.93e+37
      83.9  4.08e+37
      83.3  4.23e+37
      82.7  4.38e+37
      82.2  4.54e+37
      81.6   4.7e+37
      81.1  4.86e+37
      80.5  5.02e+37
        80  5.19e+37
      79.4  5.35e+37
      78.8  5.52e+37
      78.3  5.68e+37
      77.7  5.85e+37
      77.2  6.01e+37
      76.6  6.18e+37
      76.1  6.34e+37
      75.5  6.51e+37
        75  6.67e+37
      74.4  6.83e+37
      73.8  6.98e+37
      73.3  7.14e+37
      72.7  7.29e+37
      72.2  7.44e+37
      71.6  7.58e+37
      71.1  7.72e+37
      70.5  7.85e+37
      69.9  7.98e+37
      69.4   8.1e+37
      68.8  8.22e+37
      68.3  8.33e+37
      67.7  8.43e+37
      67.2  8.53e+37
      66.6  8.61e+37
        66  8.69e+37
      65.5  8.76e+37
      64.9  8.82e+37
      64.4  8.88e+37
      63.8  8.92e+37
      63.3  8.95e+37
      62.7  8.97e+37
      62.2  8.98e+37
      61.6  8.99e+37
        61  8.98e+37
      60.5  8.96e+37
      59.9  8.93e+37
      59.4  8.88e+37
      58.8  8.83e+37
      58.3  8.77e+37
      57.7  8.69e+37
      57.1  8.61e+37
      56.6  8.51e+37
        56  8.41e+37
      55.5  8.29e+37
      54.9  8.17e+37
      54.4  8.03e+37
      53.8  7.89e+37
      53.2  7.73e+37
      52.7  7.57e+37
      52.1   7.4e+37
      51.6  7.23e+37
        51  7.05e+37
      50.5  6.86e+37
      49.9  6.66e+37
      49.4  6.46e+37
      48.8  6.26e+37
      48.2  6.05e+37
      47.7  5.84e+37
      47.1  5.63e+37
      46.6  5.41e+37
        46  5.19e+37
      45.5  4.98e+37
      44.9  4.76e+37
      44.3  4.54e+37
      43.8  4.33e+37
      43.2  4.12e+37
      42.7  3.91e+37
      42.1   3.7e+37
      41.6   3.5e+37
        41   3.3e+37
      40.5   3.1e+37
      39.9  2.91e+37
      39.3  2.73e+37
      38.8  2.55e+37
      38.2  2.38e+37
      37.7  2.21e+37
      37.1  2.05e+37
      36.6   1.9e+37
        36  1.75e+37
      35.4  1.61e+37
      34.9  1.48e+37
      34.3  1.35e+37
      33.8  1.24e+37
      33.2  1.12e+37
      32.7  1.02e+37
      32.1  9.23e+36
      31.5  8.32e+36
        31  7.48e+36
      30.4   6.7e+36
      29.9  5.98e+36
      29.3  5.32e+36
      28.8  4.71e+36
      28.2  4.16e+36
      27.7  3.66e+36
      27.1   3.2e+36
      26.5  2.79e+36
        26  2.43e+36
      25.4   2.1e+36
      24.9  1.81e+36
      24.3  1.55e+36
      23.8  1.32e+36
      23.2  1.12e+36
      22.6  9.46e+35
      22.1  7.95e+35
      21.5  6.64e+35
        21  5.51e+35
      20.4  4.55e+35
      19.9  3.74e+35
      19.3  3.05e+35
      18.8  2.47e+35
      18.2  1.98e+35
      17.6  1.58e+35
      17.1  1.25e+35
      16.5  9.85e+34
        16  7.67e+34
      15.4  5.92e+34
      14.9  4.53e+34
      14.3  3.43e+34
      13.7  2.57e+34
      13.2   1.9e+34
      12.6  1.39e+34
      12.1  1.01e+34
      11.5  7.19e+33
        11  5.05e+33
      10.4  3.49e+33
      9.85  2.37e+33
      9.29  1.58e+33
      8.74  1.03e+33
      8.18   6.6e+32
      7.62  4.11e+32
      7.07  2.48e+32
      6.51  1.45e+32
      5.95  8.17e+31
       5.4   4.4e+31
      4.84  2.25e+31
      4.29  1.08e+31
      3.73  4.79e+30
      3.17  1.97e+30
      2.62  7.22e+29
      2.06  2.32e+29
       1.5  1.17e+29
     0.947  4.26e+28
     0.391  1.88e+28
    -0.166  3.39e+28
    -0.722  1.16e+28
     -1.28  3.62e+28
     -1.84  3.24e+28
     -2.39  5.89e+28
     -2.95  5.92e+27
      -3.5  8.74e+27
     -4.06  9.14e+27
     -4.62  1.61e+28
     -5.17 -2.34e+28
     -5.73  3.33e+28
     -6.29 -3.58e+28
     -6.84  2.74e+26
      -7.4 -3.93e+27
     -7.96  2.41e+27
     -8.51 -8.55e+27
     -9.07 -4.17e+27
     -9.62  6.84e+27
     -10.2  1.95e+27
     -10.7 -1.01e+28
     -11.3 -3.86e+27
     -11.9  1.01e+27
     -12.4  5.43e+27
       -13  1.33e+28
     -13.5  1.28e+28
     -14.1 -2.76e+27
     -14.6   5.6e+27
     -15.2 -1.02e+27
     -15.7  5.01e+25
     -16.3 -1.36e+27
     -16.9  2.45e+27
     -17.4 -3.97e+27
       -18 -6.76e+27
     -18.5  4.36e+27
     -19.1  3.88e+27
     -19.6   1.5e+27
     -20.2  1.14e+27
     -20.8  1.77e+26
     -21.3  2.22e+27
     -21.9  8.05e+26
     -22.4  8.95e+26
       -23  -5.1e+26
     -23.5 -1.74e+27
     -24.1  2.69e+27
     -24.6  6.63e+26
     -25.2 -1.38e+27
     -25.8  2.21e+27
     -26.3 -7.02e+25
     -26.9  3.28e+26
     -27.4 -6.39e+26
       -28 -4.73e+25
     -28.5  4.56e+26
     -29.1 -1.54e+26
     -29.7  5.51e+25
     -30.2  2.78e+26
     -30.8  -1.1e+26
     -31.3  6.05e+25
     -31.9 -1.21e+26
     -32.4 -4.45e+25
       -33  4.04e+24
     -33.6 -1.33e+25
     -34.1  6.73e+24
     -34.7 -1.43e+24
     -35.2 -4.05e+23
     -35.8 -2.86e+23
     -36.3  3.29e+24

pressure[atm]        = 100
temperature[K]           = 1400
energy step[1/cm]        = 195
maximum energy[kcal/mol] = 143

bimolecular PEDs:
   E, kcal    P1->P2
       143  3.27e+34
       143  3.57e+34
       142   3.9e+34
       142  4.26e+34
       141  4.66e+34
       141  5.08e+34
       140  5.55e+34
       139  6.05e+34
       139   6.6e+34
       138  7.19e+34
       138  7.84e+34
       137  8.54e+34
       137   9.3e+34
       136  1.01e+35
       136   1.1e+35
       135   1.2e+35
       134   1.3e+35
       134  1.42e+35
       133  1.54e+35
       133  1.67e+35
       132  1.81e+35
       132  1.97e+35
       131  2.14e+35
       131  2.32e+35
       130  2.51e+35
       129  2.72e+35
       129  2.95e+35
       128   3.2e+35
       128  3.46e+35
       127  3.74e+35
       127  4.05e+35
       126  4.38e+35
       126  4.73e+35
       125  5.11e+35
       124  5.52e+35
       124  5.96e+35
       123  6.44e+35
       123  6.94e+35
       122  7.49e+35
       122  8.07e+35
       121  8.69e+35
       121  9.36e+35
       120  1.01e+36
       119  1.08e+36
       119  1.17e+36
       118  1.25e+36
       118  1.35e+36
       117  1.45e+36
       117  1.55e+36
       116  1.67e+36
       116  1.79e+36
       115  1.92e+36
       114  2.06e+36
       114   2.2e+36
       113  2.36e+36
       113  2.52e+36
       112   2.7e+36
       112  2.89e+36
       111  3.08e+36
       111   3.3e+36
       110  3.52e+36
       109  3.75e+36
       109  4.01e+36
       108  4.27e+36
       108  4.55e+36
       107  4.85e+36
       107  5.16e+36
       106  5.49e+36
       106  5.84e+36
       105   6.2e+36
       104  6.59e+36
       104     7e+36
       103  7.43e+36
       103  7.88e+36
       102  8.35e+36
       102  8.84e+36
       101  9.36e+36
       101  9.91e+36
       100  1.05e+37
      99.4  1.11e+37
      98.9  1.17e+37
      98.3  1.24e+37
      97.8   1.3e+37
      97.2  1.38e+37
      96.7  1.45e+37
      96.1  1.53e+37
      95.5  1.61e+37
        95  1.69e+37
      94.4  1.78e+37
      93.9  1.87e+37
      93.3  1.96e+37
      92.8  2.06e+37
      92.2  2.16e+37
      91.6  2.26e+37
      91.1  2.37e+37
      90.5  2.48e+37
        90   2.6e+37
      89.4  2.72e+37
      88.9  2.84e+37
      88.3  2.96e+37
      87.7  3.09e+37
      87.2  3.22e+37
      86.6  3.36e+37
      86.1  3.49e+37
      85.5  3.64e+37
        85  3.78e+37
      84.4  3.93e+37
      83.9  4.08e+37
      83.3  4.23e+37
      82.7  4.38e+37
      82.2  4.54e+37
      81.6   4.7e+37
      81.1  4.86e+37
      80.5  5.02e+37
        80  5.18e+37
      79.4  5.35e+37
      78.8  5.51e+37
      78.3  5.68e+37
      77.7  5.85e+37
      77.2  6.01e+37
      76.6  6.18e+37
      76.1  6.34e+37
      75.5   6.5e+37
        75  6.67e+37
      74.4  6.83e+37
      73.8  6.98e+37
      73.3  7.14e+37
      72.7  7.29e+37
      72.2  7.44e+37
      71.6  7.58e+37
      71.1  7.72e+37
      70.5  7.85e+37
      69.9  7.98e+37
      69.4   8.1e+37
      68.8  8.22e+37
      68.3  8.33e+37
      67.7  8.43e+37
      67.2  8.53e+37
      66.6  8.61e+37
        66  8.69e+37
      65.5  8.76e+37
      64.9  8.82e+37
      64.4  8.87e+37
      63.8  8.92e+37
      63.3  8.95e+37
      62.7  8.97e+37
      62.2  8.98e+37
      61.6  8.99e+37
        61  8.98e+37
      60.5  8.96e+37
      59.9  8.93e+37
      59.4  8.88e+37
      58.8  8.83e+37
      58.3  8.77e+37
      57.7  8.69e+37
      57.1  8.61e+37
      56.6  8.51e+37
        56  8.41e+37
      55.5  8.29e+37
      54.9  8.17e+37
      54.4  8.03e+37
      53.8  7.89e+37
      53.2  7.73e+37
      52.7  7.57e+37
      52.1   7.4e+37
      51.6  7.23e+37
        51  7.05e+37
      50.5  6.86e+37
      49.9  6.66e+37
      49.4  6.46e+37
      48.8  6.26e+37
      48.2  6.05e+37
      47.7  5.84e+37
      47.1  5.63e+37
      46.6  5.41e+37
        46  5.19e+37
      45.5  4.98e+37
      44.9  4.76e+37
      44.3  4.55e+37
      43.8  4.33e+37
      43.2  4.12e+37
      42.7  3.91e+37
      42.1   3.7e+37
      41.6   3.5e+37
        41   3.3e+37
      40.5   3.1e+37
      39.9  2.91e+37
      39.3  2.73e+37
      38.8  2.55e+37
      38.2  2.38e+37
      37.7  2.21e+37
      37.1  2.05e+37
      36.6   1.9e+37
        36  1.75e+37
      35.4  1.61e+37
      34.9  1.48e+37
      34.3  1.35e+37
      33.8  1.24e+37
      33.2  1.13e+37
      32.7  1.02e+37
      32.1  9.24e+36
      31.5  8.33e+36
        31  7.49e+36
      30.4  6.71e+36
      29.9  5.98e+36
      29.3  5.32e+36
      28.8  4.71e+36
      28.2  4.16e+36
      27.7  3.66e+36
      27.1  3.21e+36
      26.5   2.8e+36
        26  2.43e+36
      25.4   2.1e+36
      24.9  1.81e+36
      24.3  1.55e+36
      23.8  1.32e+36
      23.2  1.12e+36
      22.6  9.48e+35
      22.1  7.96e+35
      21.5  6.65e+35
        21  5.53e+35
      20.4  4.56e+35
      19.9  3.74e+35
      19.3  3.05e+35
      18.8  2.47e+35
      18.2  1.99e+35
      17.6  1.59e+35
      17.1  1.26e+35
      16.5  9.89e+34
        16   7.7e+34
      15.4  5.95e+34
      14.9  4.55e+34
      14.3  3.45e+34
      13.7  2.59e+34
      13.2  1.92e+34
      12.6   1.4e+34
      12.1  1.02e+34
      11.5  7.26e+33
        11  5.11e+33
      10.4  3.54e+33
      9.85  2.41e+33
      9.29  1.61e+33
      8.74  1.06e+33
      8.18  6.79e+32
      7.62  4.26e+32
      7.07   2.6e+32
      6.51  1.54e+32
      5.95  8.83e+31
       5.4  4.91e+31
      4.84  2.64e+31
      4.29  1.38e+31
      3.73  7.05e+30
      3.17   3.6e+30
      2.62  1.95e+30
      2.06   1.2e+30
       1.5  8.46e+29
     0.947  5.76e+29
     0.391  4.39e+29
    -0.166  3.32e+29
    -0.722  1.95e+29
     -1.28  1.62e+29
     -1.84  1.37e+29
     -2.39  9.84e+28
     -2.95  9.41e+27
      -3.5 -6.22e+27
     -4.06  3.88e+28
     -4.62  -2.5e+27
     -5.17  5.35e+28
     -5.73 -1.69e+26
     -6.29   9.5e+27
     -6.84   9.7e+27
      -7.4  3.43e+28
     -7.96 -1.37e+28
     -8.51   6.7e+27
     -9.07 -1.57e+28
     -9.62 -8.35e+27
     -10.2  2.31e+27
     -10.7  -5.6e+27
     -11.3  2.72e+27
     -11.9 -5.07e+27
     -12.4 -4.19e+27
       -13 -9.41e+27
     -13.5  7.85e+27
     -14.1  4.79e+27
     -14.6  6.32e+27
     -15.2   1.1e+25
     -15.7 -1.23e+27
     -16.3  3.24e+27
     -16.9  1.67e+27
     -17.4  6.42e+26
       -18 -1.18e+27
     -18.5 -4.29e+27
     -19.1  1.68e+27
     -19.6 -2.03e+27
     -20.2   1.3e+27
     -20.8  5.36e+25
     -21.3  4.41e+27
     -21.9  8.99e+26
     -22.4 -2.28e+27
       -23 -1.22e+27
     -23.5  2.51e+26
     -24.1 -1.21e+27
     -24.6  -1.1e+27
     -25.2 -7.12e+26
     -25.8  1.05e+27
     -26.3  4.28e+26
     -26.9 -3.76e+26
     -27.4 -3.85e+25
       -28  4.04e+26
     -28.5 -2.01e+26
     -29.1  3.57e+26
     -29.7 -5.87e+25
     -30.2 -5.42e+25
     -30.8 -6.13e+25
     -31.3 -3.07e+25
     -31.9  1.08e+26
     -32.4 -1.08e+26
       -33  6.46e+25
     -33.6 -4.89e+25
     -34.1  1.43e+25
     -34.7 -1.94e+24
     -35.2  9.92e+23
     -35.8  -2.4e+24
     -36.3 -6.45e+22

pressure[atm]        = 0.01
temperature[K]           = 1500
energy step[1/cm]        = 209
maximum energy[kcal/mol] = 157

bimolecular PEDs:
   E, kcal    P1->P2
       157  4.43e+35
       156  4.84e+35
       156  5.29e+35
       155  5.77e+35
       155   6.3e+35
       154  6.88e+35
       153  7.51e+35
       153  8.19e+35
       152  8.92e+35
       152  9.73e+35
       151  1.06e+36
       150  1.15e+36
       150  1.26e+36
       149  1.37e+36
       149  1.49e+36
       148  1.62e+36
       147  1.76e+36
       147  1.91e+36
       146  2.08e+36
       146  2.26e+36
       145  2.45e+36
       144  2.66e+36
       144  2.89e+36
       143  3.13e+36
       143  3.39e+36
       142  3.68e+36
       141  3.99e+36
       141  4.32e+36
       140  4.67e+36
       140  5.06e+36
       139  5.47e+36
       138  5.91e+36
       138  6.39e+36
       137  6.91e+36
       137  7.46e+36
       136  8.05e+36
       135  8.69e+36
       135  9.37e+36
       134  1.01e+37
       134  1.09e+37
       133  1.17e+37
       132  1.26e+37
       132  1.36e+37
       131  1.46e+37
       131  1.57e+37
       130  1.69e+37
       129  1.82e+37
       129  1.95e+37
       128   2.1e+37
       128  2.25e+37
       127  2.41e+37
       127  2.59e+37
       126  2.78e+37
       125  2.97e+37
       125  3.18e+37
       124  3.41e+37
       124  3.64e+37
       123   3.9e+37
       122  4.17e+37
       122  4.45e+37
       121  4.75e+37
       121  5.07e+37
       120  5.41e+37
       119  5.77e+37
       119  6.15e+37
       118  6.55e+37
       118  6.97e+37
       117  7.42e+37
       116  7.89e+37
       116  8.39e+37
       115  8.91e+37
       115  9.46e+37
       114     1e+38
       113  1.07e+38
       113  1.13e+38
       112   1.2e+38
       112  1.27e+38
       111  1.34e+38
       110  1.42e+38
       110   1.5e+38
       109  1.59e+38
       109  1.67e+38
       108  1.77e+38
       107  1.86e+38
       107  1.97e+38
       106  2.07e+38
       106  2.18e+38
       105   2.3e+38
       104  2.41e+38
       104  2.54e+38
       103  2.67e+38
       103   2.8e+38
       102  2.94e+38
       101  3.08e+38
       101  3.23e+38
       100  3.38e+38
      99.7  3.54e+38
      99.1   3.7e+38
      98.5  3.87e+38
      97.9  4.04e+38
      97.3  4.21e+38
      96.7   4.4e+38
      96.1  4.58e+38
      95.5  4.77e+38
      94.9  4.97e+38
      94.3  5.17e+38
      93.7  5.37e+38
      93.1  5.58e+38
      92.5  5.79e+38
      91.9  6.01e+38
      91.3  6.22e+38
      90.7  6.45e+38
      90.1  6.67e+38
      89.5   6.9e+38
      88.9  7.13e+38
      88.3  7.36e+38
      87.8  7.59e+38
      87.2  7.83e+38
      86.6  8.06e+38
        86   8.3e+38
      85.4  8.53e+38
      84.8  8.77e+38
      84.2     9e+38
      83.6  9.23e+38
        83  9.46e+38
      82.4  9.69e+38
      81.8  9.91e+38
      81.2  1.01e+39
      80.6  1.03e+39
        80  1.06e+39
      79.4  1.08e+39
      78.8   1.1e+39
      78.2  1.11e+39
      77.6  1.13e+39
        77  1.15e+39
      76.4  1.17e+39
      75.8  1.18e+39
      75.2   1.2e+39
      74.6  1.21e+39
        74  1.23e+39
      73.4  1.24e+39
      72.8  1.25e+39
      72.3  1.26e+39
      71.7  1.26e+39
      71.1  1.27e+39
      70.5  1.28e+39
      69.9  1.28e+39
      69.3  1.28e+39
      68.7  1.28e+39
      68.1  1.28e+39
      67.5  1.28e+39
      66.9  1.28e+39
      66.3  1.27e+39
      65.7  1.27e+39
      65.1  1.26e+39
      64.5  1.25e+39
      63.9  1.24e+39
      63.3  1.22e+39
      62.7  1.21e+39
      62.1  1.19e+39
      61.5  1.18e+39
      60.9  1.16e+39
      60.3  1.14e+39
      59.7  1.12e+39
      59.1   1.1e+39
      58.5  1.07e+39
      57.9  1.05e+39
      57.3  1.02e+39
      56.8  9.98e+38
      56.2  9.71e+38
      55.6  9.44e+38
        55  9.16e+38
      54.4  8.87e+38
      53.8  8.57e+38
      53.2  8.27e+38
      52.6  7.97e+38
        52  7.67e+38
      51.4  7.36e+38
      50.8  7.06e+38
      50.2  6.75e+38
      49.6  6.45e+38
        49  6.15e+38
      48.4  5.85e+38
      47.8  5.55e+38
      47.2  5.26e+38
      46.6  4.98e+38
        46   4.7e+38
      45.4  4.42e+38
      44.8  4.16e+38
      44.2   3.9e+38
      43.6  3.64e+38
        43   3.4e+38
      42.4  3.17e+38
      41.8  2.94e+38
      41.3  2.73e+38
      40.7  2.52e+38
      40.1  2.32e+38
      39.5  2.14e+38
      38.9  1.96e+38
      38.3  1.79e+38
      37.7  1.64e+38
      37.1  1.49e+38
      36.5  1.35e+38
      35.9  1.22e+38
      35.3   1.1e+38
      34.7  9.88e+37
      34.1  8.85e+37
      33.5   7.9e+37
      32.9  7.03e+37
      32.3  6.23e+37
      31.7   5.5e+37
      31.1  4.84e+37
      30.5  4.25e+37
      29.9  3.71e+37
      29.3  3.22e+37
      28.7  2.79e+37
      28.1  2.41e+37
      27.5  2.06e+37
      26.9  1.76e+37
      26.3   1.5e+37
      25.8  1.27e+37
      25.2  1.07e+37
      24.6  8.95e+36
        24  7.46e+36
      23.4  6.18e+36
      22.8  5.09e+36
      22.2  4.17e+36
      21.6  3.39e+36
        21  2.74e+36
      20.4   2.2e+36
      19.8  1.75e+36
      19.2  1.39e+36
      18.6  1.09e+36
        18  8.47e+35
      17.4  6.54e+35
      16.8     5e+35
      16.2  3.79e+35
      15.6  2.84e+35
        15  2.11e+35
      14.4  1.55e+35
      13.8  1.12e+35
      13.2  8.03e+34
      12.6  5.67e+34
        12  3.95e+34
      11.4   2.7e+34
      10.8  1.82e+34
      10.3   1.2e+34
      9.65  7.79e+33
      9.06  4.93e+33
      8.46  3.05e+33
      7.87  1.83e+33
      7.27  1.07e+33
      6.67  5.97e+32
      6.08   3.2e+32
      5.48  1.64e+32
      4.89  7.92e+31
      4.29  3.54e+31
      3.69  1.42e+31
       3.1     5e+30
       2.5  1.28e+30
       1.9     2e+29
      1.31  4.93e+27
     0.713 -5.29e+28
     0.116  7.43e+28
     -0.48  -3.6e+28
     -1.08  1.01e+29
     -1.67 -5.54e+28
     -2.27 -1.56e+29
     -2.86  -1.5e+28
     -3.46 -4.04e+27
     -4.06 -4.19e+28
     -4.65  3.74e+28
     -5.25  1.49e+28
     -5.85 -1.29e+29
     -6.44 -1.71e+29
     -7.04  1.95e+28
     -7.63  4.07e+28
     -8.23  1.48e+29
     -8.83  9.64e+27
     -9.42  -3.7e+27
       -10 -1.99e+28
     -10.6 -9.39e+26
     -11.2  1.06e+28
     -11.8  6.05e+27
     -12.4 -3.49e+27
       -13  1.79e+26
     -13.6   2.8e+28
     -14.2 -2.07e+28
     -14.8  3.65e+27
     -15.4 -8.37e+27
       -16  5.33e+26
     -16.6 -9.36e+27
     -17.2 -6.53e+27
     -17.8  7.19e+27
     -18.4 -2.17e+28
       -19  1.76e+28
     -19.6 -6.42e+27
     -20.2  1.08e+28
     -20.7  6.41e+27
     -21.3  8.61e+27
     -21.9 -1.98e+28
     -22.5 -1.95e+27
     -23.1   1.2e+28
     -23.7  8.19e+26
     -24.3  1.16e+27
     -24.9  -3.2e+26
     -25.5  2.48e+27
     -26.1 -5.04e+27
     -26.7  5.26e+26
     -27.3     1e+27
     -27.9 -2.06e+27
     -28.5  7.77e+26
     -29.1  9.41e+26
     -29.7  4.25e+26
     -30.3 -1.77e+26
     -30.9  2.09e+26
     -31.5 -7.29e+24
     -32.1  9.14e+24
     -32.7 -2.39e+24
     -33.3 -2.29e+24
     -33.9  9.45e+23
     -34.5 -1.71e+23
     -35.1  1.08e+23
     -35.7  4.31e+22
     -36.2 -1.36e+23

pressure[atm]        = 0.1
temperature[K]           = 1500
energy step[1/cm]        = 209
maximum energy[kcal/mol] = 157

bimolecular PEDs:
   E, kcal    P1->P2
       157  4.43e+35
       156  4.84e+35
       156  5.29e+35
       155  5.77e+35
       155   6.3e+35
       154  6.88e+35
       153  7.51e+35
       153  8.19e+35
       152  8.92e+35
       152  9.73e+35
       151  1.06e+36
       150  1.15e+36
       150  1.26e+36
       149  1.37e+36
       149  1.49e+36
       148  1.62e+36
       147  1.76e+36
       147  1.91e+36
       146  2.08e+36
       146  2.26e+36
       145  2.45e+36
       144  2.66e+36
       144  2.89e+36
       143  3.13e+36
       143  3.39e+36
       142  3.68e+36
       141  3.99e+36
       141  4.32e+36
       140  4.67e+36
       140  5.06e+36
       139  5.47e+36
       138  5.91e+36
       138  6.39e+36
       137  6.91e+36
       137  7.46e+36
       136  8.05e+36
       135  8.69e+36
       135  9.37e+36
       134  1.01e+37
       134  1.09e+37
       133  1.17e+37
       132  1.26e+37
       132  1.36e+37
       131  1.46e+37
       131  1.57e+37
       130  1.69e+37
       129  1.82e+37
       129  1.95e+37
       128   2.1e+37
       128  2.25e+37
       127  2.41e+37
       127  2.59e+37
       126  2.78e+37
       125  2.97e+37
       125  3.18e+37
       124  3.41e+37
       124  3.64e+37
       123   3.9e+37
       122  4.17e+37
       122  4.45e+37
       121  4.75e+37
       121  5.07e+37
       120  5.41e+37
       119  5.77e+37
       119  6.15e+37
       118  6.55e+37
       118  6.97e+37
       117  7.42e+37
       116  7.89e+37
       116  8.39e+37
       115  8.91e+37
       115  9.46e+37
       114     1e+38
       113  1.07e+38
       113  1.13e+38
       112   1.2e+38
       112  1.27e+38
       111  1.34e+38
       110  1.42e+38
       110   1.5e+38
       109  1.59e+38
       109  1.67e+38
       108  1.77e+38
       107  1.86e+38
       107  1.97e+38
       106  2.07e+38
       106  2.18e+38
       105   2.3e+38
       104  2.41e+38
       104  2.54e+38
       103  2.67e+38
       103   2.8e+38
       102  2.94e+38
       101  3.08e+38
       101  3.23e+38
       100  3.38e+38
      99.7  3.54e+38
      99.1   3.7e+38
      98.5  3.87e+38
      97.9  4.04e+38
      97.3  4.21e+38
      96.7   4.4e+38
      96.1  4.58e+38
      95.5  4.77e+38
      94.9  4.97e+38
      94.3  5.17e+38
      93.7  5.37e+38
      93.1  5.58e+38
      92.5  5.79e+38
      91.9  6.01e+38
      91.3  6.22e+38
      90.7  6.45e+38
      90.1  6.67e+38
      89.5   6.9e+38
      88.9  7.13e+38
      88.3  7.36e+38
      87.8  7.59e+38
      87.2  7.83e+38
      86.6  8.06e+38
        86   8.3e+38
      85.4  8.53e+38
      84.8  8.77e+38
      84.2     9e+38
      83.6  9.23e+38
        83  9.46e+38
      82.4  9.69e+38
      81.8  9.91e+38
      81.2  1.01e+39
      80.6  1.03e+39
        80  1.06e+39
      79.4  1.08e+39
      78.8   1.1e+39
      78.2  1.11e+39
      77.6  1.13e+39
        77  1.15e+39
      76.4  1.17e+39
      75.8  1.18e+39
      75.2   1.2e+39
      74.6  1.21e+39
        74  1.23e+39
      73.4  1.24e+39
      72.8  1.25e+39
      72.3  1.26e+39
      71.7  1.26e+39
      71.1  1.27e+39
      70.5  1.28e+39
      69.9  1.28e+39
      69.3  1.28e+39
      68.7  1.28e+39
      68.1  1.28e+39
      67.5  1.28e+39
      66.9  1.28e+39
      66.3  1.27e+39
      65.7  1.27e+39
      65.1  1.26e+39
      64.5  1.25e+39
      63.9  1.24e+39
      63.3  1.22e+39
      62.7  1.21e+39
      62.1  1.19e+39
      61.5  1.18e+39
      60.9  1.16e+39
      60.3  1.14e+39
      59.7  1.12e+39
      59.1   1.1e+39
      58.5  1.07e+39
      57.9  1.05e+39
      57.3  1.02e+39
      56.8  9.98e+38
      56.2  9.71e+38
      55.6  9.44e+38
        55  9.16e+38
      54.4  8.87e+38
      53.8  8.57e+38
      53.2  8.27e+38
      52.6  7.97e+38
        52  7.67e+38
      51.4  7.36e+38
      50.8  7.06e+38
      50.2  6.75e+38
      49.6  6.45e+38
        49  6.15e+38
      48.4  5.85e+38
      47.8  5.55e+38
      47.2  5.26e+38
      46.6  4.98e+38
        46   4.7e+38
      45.4  4.42e+38
      44.8  4.16e+38
      44.2   3.9e+38
      43.6  3.64e+38
        43   3.4e+38
      42.4  3.17e+38
      41.8  2.94e+38
      41.3  2.73e+38
      40.7  2.52e+38
      40.1  2.32e+38
      39.5  2.14e+38
      38.9  1.96e+38
      38.3  1.79e+38
      37.7  1.64e+38
      37.1  1.49e+38
      36.5  1.35e+38
      35.9  1.22e+38
      35.3   1.1e+38
      34.7  9.88e+37
      34.1  8.85e+37
      33.5   7.9e+37
      32.9  7.03e+37
      32.3  6.23e+37
      31.7   5.5e+37
      31.1  4.84e+37
      30.5  4.25e+37
      29.9  3.71e+37
      29.3  3.22e+37
      28.7  2.79e+37
      28.1  2.41e+37
      27.5  2.06e+37
      26.9  1.76e+37
      26.3   1.5e+37
      25.8  1.27e+37
      25.2  1.07e+37
      24.6  8.95e+36
        24  7.46e+36
      23.4  6.18e+36
      22.8  5.09e+36
      22.2  4.17e+36
      21.6  3.39e+36
        21  2.74e+36
      20.4   2.2e+36
      19.8  1.75e+36
      19.2  1.39e+36
      18.6  1.09e+36
        18  8.47e+35
      17.4  6.54e+35
      16.8     5e+35
      16.2  3.79e+35
      15.6  2.84e+35
        15  2.11e+35
      14.4  1.55e+35
      13.8  1.12e+35
      13.2  8.03e+34
      12.6  5.67e+34
        12  3.95e+34
      11.4   2.7e+34
      10.8  1.82e+34
      10.3   1.2e+34
      9.65  7.79e+33
      9.06  4.93e+33
      8.46  3.05e+33
      7.87  1.83e+33
      7.27  1.07e+33
      6.67  5.97e+32
      6.08  3.21e+32
      5.48  1.64e+32
      4.89  7.93e+31
      4.29   3.5e+31
      3.69  1.44e+31
       3.1  5.32e+30
       2.5  1.68e+30
       1.9  1.09e+29
      1.31  7.94e+28
     0.713 -8.23e+28
     0.116  -4.5e+28
     -0.48  1.25e+28
     -1.08  2.69e+28
     -1.67 -5.43e+28
     -2.27  -1.1e+29
     -2.86 -3.19e+28
     -3.46  2.76e+28
     -4.06  1.71e+28
     -4.65 -7.51e+28
     -5.25   1.5e+28
     -5.85 -1.26e+29
     -6.44 -1.66e+28
     -7.04   1.9e+27
     -7.63 -1.33e+29
     -8.23 -2.65e+28
     -8.83 -5.15e+28
     -9.42  -4.5e+28
       -10  4.42e+28
     -10.6  2.09e+28
     -11.2 -6.86e+27
     -11.8  3.42e+27
     -12.4  -1.3e+28
       -13 -1.69e+28
     -13.6  7.54e+27
     -14.2  7.82e+27
     -14.8  8.43e+27
     -15.4  1.43e+28
       -16 -5.14e+27
     -16.6 -1.75e+27
     -17.2  1.69e+27
     -17.8  2.18e+28
     -18.4  -8.4e+27
       -19 -1.71e+28
     -19.6  7.22e+27
     -20.2  8.33e+27
     -20.7 -4.12e+27
     -21.3  2.27e+28
     -21.9  1.53e+27
     -22.5  4.02e+27
     -23.1 -7.22e+27
     -23.7  7.97e+27
     -24.3 -3.23e+27
     -24.9 -3.04e+27
     -25.5 -3.29e+26
     -26.1  9.07e+26
     -26.7  1.17e+27
     -27.3  3.54e+27
     -27.9 -2.89e+27
     -28.5 -3.89e+26
     -29.1 -3.95e+26
     -29.7  2.06e+27
     -30.3   2.3e+25
     -30.9 -4.68e+26
     -31.5  1.32e+26
     -32.1  3.81e+26
     -32.7 -2.85e+26
     -33.3   1.5e+26
     -33.9 -4.93e+25
     -34.5  1.06e+25
     -35.1 -2.37e+24
     -35.7   1.1e+24
     -36.2 -3.36e+24

pressure[atm]        = 1
temperature[K]           = 1500
energy step[1/cm]        = 209
maximum energy[kcal/mol] = 157

bimolecular PEDs:
   E, kcal    P1->P2
       157  4.43e+35
       156  4.84e+35
       156  5.29e+35
       155  5.77e+35
       155   6.3e+35
       154  6.88e+35
       153  7.51e+35
       153  8.19e+35
       152  8.92e+35
       152  9.73e+35
       151  1.06e+36
       150  1.15e+36
       150  1.26e+36
       149  1.37e+36
       149  1.49e+36
       148  1.62e+36
       147  1.76e+36
       147  1.91e+36
       146  2.08e+36
       146  2.26e+36
       145  2.45e+36
       144  2.66e+36
       144  2.89e+36
       143  3.13e+36
       143  3.39e+36
       142  3.68e+36
       141  3.99e+36
       141  4.32e+36
       140  4.67e+36
       140  5.06e+36
       139  5.47e+36
       138  5.91e+36
       138  6.39e+36
       137  6.91e+36
       137  7.46e+36
       136  8.05e+36
       135  8.69e+36
       135  9.37e+36
       134  1.01e+37
       134  1.09e+37
       133  1.17e+37
       132  1.26e+37
       132  1.36e+37
       131  1.46e+37
       131  1.57e+37
       130  1.69e+37
       129  1.82e+37
       129  1.95e+37
       128   2.1e+37
       128  2.25e+37
       127  2.41e+37
       127  2.59e+37
       126  2.78e+37
       125  2.97e+37
       125  3.18e+37
       124  3.41e+37
       124  3.64e+37
       123   3.9e+37
       122  4.17e+37
       122  4.45e+37
       121  4.75e+37
       121  5.07e+37
       120  5.41e+37
       119  5.77e+37
       119  6.15e+37
       118  6.55e+37
       118  6.97e+37
       117  7.42e+37
       116  7.89e+37
       116  8.39e+37
       115  8.91e+37
       115  9.46e+37
       114     1e+38
       113  1.07e+38
       113  1.13e+38
       112   1.2e+38
       112  1.27e+38
       111  1.34e+38
       110  1.42e+38
       110   1.5e+38
       109  1.59e+38
       109  1.67e+38
       108  1.77e+38
       107  1.86e+38
       107  1.97e+38
       106  2.07e+38
       106  2.18e+38
       105   2.3e+38
       104  2.41e+38
       104  2.54e+38
       103  2.67e+38
       103   2.8e+38
       102  2.94e+38
       101  3.08e+38
       101  3.23e+38
       100  3.38e+38
      99.7  3.54e+38
      99.1   3.7e+38
      98.5  3.87e+38
      97.9  4.04e+38
      97.3  4.21e+38
      96.7   4.4e+38
      96.1  4.58e+38
      95.5  4.77e+38
      94.9  4.97e+38
      94.3  5.17e+38
      93.7  5.37e+38
      93.1  5.58e+38
      92.5  5.79e+38
      91.9  6.01e+38
      91.3  6.22e+38
      90.7  6.45e+38
      90.1  6.67e+38
      89.5   6.9e+38
      88.9  7.13e+38
      88.3  7.36e+38
      87.8  7.59e+38
      87.2  7.83e+38
      86.6  8.06e+38
        86   8.3e+38
      85.4  8.53e+38
      84.8  8.77e+38
      84.2     9e+38
      83.6  9.23e+38
        83  9.46e+38
      82.4  9.69e+38
      81.8  9.91e+38
      81.2  1.01e+39
      80.6  1.03e+39
        80  1.06e+39
      79.4  1.08e+39
      78.8   1.1e+39
      78.2  1.11e+39
      77.6  1.13e+39
        77  1.15e+39
      76.4  1.17e+39
      75.8  1.18e+39
      75.2   1.2e+39
      74.6  1.21e+39
        74  1.23e+39
      73.4  1.24e+39
      72.8  1.25e+39
      72.3  1.26e+39
      71.7  1.26e+39
      71.1  1.27e+39
      70.5  1.28e+39
      69.9  1.28e+39
      69.3  1.28e+39
      68.7  1.28e+39
      68.1  1.28e+39
      67.5  1.28e+39
      66.9  1.28e+39
      66.3  1.27e+39
      65.7  1.27e+39
      65.1  1.26e+39
      64.5  1.25e+39
      63.9  1.24e+39
      63.3  1.22e+39
      62.7  1.21e+39
      62.1  1.19e+39
      61.5  1.18e+39
      60.9  1.16e+39
      60.3  1.14e+39
      59.7  1.12e+39
      59.1   1.1e+39
      58.5  1.07e+39
      57.9  1.05e+39
      57.3  1.02e+39
      56.8  9.98e+38
      56.2  9.72e+38
      55.6  9.44e+38
        55  9.16e+38
      54.4  8.87e+38
      53.8  8.57e+38
      53.2  8.27e+38
      52.6  7.97e+38
        52  7.67e+38
      51.4  7.36e+38
      50.8  7.06e+38
      50.2  6.75e+38
      49.6  6.45e+38
        49  6.15e+38
      48.4  5.85e+38
      47.8  5.55e+38
      47.2  5.26e+38
      46.6  4.98e+38
        46   4.7e+38
      45.4  4.42e+38
      44.8  4.16e+38
      44.2   3.9e+38
      43.6  3.64e+38
        43   3.4e+38
      42.4  3.17e+38
      41.8  2.94e+38
      41.3  2.73e+38
      40.7  2.52e+38
      40.1  2.32e+38
      39.5  2.14e+38
      38.9  1.96e+38
      38.3  1.79e+38
      37.7  1.64e+38
      37.1  1.49e+38
      36.5  1.35e+38
      35.9  1.22e+38
      35.3   1.1e+38
      34.7  9.88e+37
      34.1  8.85e+37
      33.5   7.9e+37
      32.9  7.03e+37
      32.3  6.23e+37
      31.7   5.5e+37
      31.1  4.84e+37
      30.5  4.25e+37
      29.9  3.71e+37
      29.3  3.22e+37
      28.7  2.79e+37
      28.1  2.41e+37
      27.5  2.06e+37
      26.9  1.76e+37
      26.3   1.5e+37
      25.8  1.27e+37
      25.2  1.07e+37
      24.6  8.95e+36
        24  7.46e+36
      23.4  6.18e+36
      22.8  5.09e+36
      22.2  4.17e+36
      21.6  3.39e+36
        21  2.74e+36
      20.4   2.2e+36
      19.8  1.75e+36
      19.2  1.39e+36
      18.6  1.09e+36
        18  8.47e+35
      17.4  6.54e+35
      16.8     5e+35
      16.2  3.79e+35
      15.6  2.84e+35
        15  2.11e+35
      14.4  1.55e+35
      13.8  1.12e+35
      13.2  8.03e+34
      12.6  5.67e+34
        12  3.95e+34
      11.4   2.7e+34
      10.8  1.82e+34
      10.3   1.2e+34
      9.65  7.79e+33
      9.06  4.93e+33
      8.46  3.05e+33
      7.87  1.83e+33
      7.27  1.07e+33
      6.67  5.97e+32
      6.08  3.21e+32
      5.48  1.64e+32
      4.89  7.91e+31
      4.29   3.5e+31
      3.69  1.42e+31
       3.1   4.9e+30
       2.5  1.26e+30
       1.9  3.37e+29
      1.31  9.51e+28
     0.713 -1.43e+29
     0.116  2.14e+29
     -0.48     2e+29
     -1.08  -1.3e+29
     -1.67  8.41e+28
     -2.27  4.09e+28
     -2.86  9.26e+28
     -3.46 -2.18e+28
     -4.06  7.11e+28
     -4.65 -8.41e+28
     -5.25  6.86e+28
     -5.85 -2.88e+28
     -6.44  4.47e+28
     -7.04 -5.06e+28
     -7.63  7.81e+28
     -8.23  1.94e+28
     -8.83 -1.52e+29
     -9.42  5.91e+28
       -10 -2.53e+28
     -10.6  4.05e+28
     -11.2 -2.14e+28
     -11.8 -1.38e+28
     -12.4 -2.16e+28
       -13  8.52e+27
     -13.6 -1.58e+28
     -14.2  1.32e+28
     -14.8  1.27e+28
     -15.4  4.68e+27
       -16  6.63e+27
     -16.6  4.24e+27
     -17.2 -3.63e+27
     -17.8 -2.62e+28
     -18.4 -3.81e+28
       -19  2.22e+27
     -19.6  1.51e+28
     -20.2  2.47e+28
     -20.7  6.94e+27
     -21.3 -2.14e+28
     -21.9 -3.11e+27
     -22.5 -5.67e+26
     -23.1  1.22e+28
     -23.7 -2.48e+27
     -24.3  1.34e+27
     -24.9  2.81e+27
     -25.5 -3.68e+27
     -26.1 -2.18e+27
     -26.7  3.11e+27
     -27.3  8.46e+26
     -27.9 -7.71e+26
     -28.5  -1.4e+27
     -29.1  1.27e+26
     -29.7  1.22e+26
     -30.3 -9.31e+26
     -30.9 -4.65e+26
     -31.5  1.85e+26
     -32.1  2.93e+25
     -32.7  4.13e+25
     -33.3 -8.43e+24
     -33.9 -2.27e+24
     -34.5  2.38e+24
     -35.1 -4.93e+23
     -35.7  -7.3e+22
     -36.2 -5.74e+24

pressure[atm]        = 10
temperature[K]           = 1500
energy step[1/cm]        = 209
maximum energy[kcal/mol] = 157

bimolecular PEDs:
   E, kcal    P1->P2
       157  4.43e+35
       156  4.84e+35
       156  5.29e+35
       155  5.77e+35
       155   6.3e+35
       154  6.88e+35
       153   7.5e+35
       153  8.19e+35
       152  8.92e+35
       152  9.73e+35
       151  1.06e+36
       150  1.15e+36
       150  1.26e+36
       149  1.37e+36
       149  1.49e+36
       148  1.62e+36
       147  1.76e+36
       147  1.91e+36
       146  2.08e+36
       146  2.26e+36
       145  2.45e+36
       144  2.66e+36
       144  2.89e+36
       143  3.13e+36
       143  3.39e+36
       142  3.68e+36
       141  3.99e+36
       141  4.32e+36
       140  4.67e+36
       140  5.06e+36
       139  5.47e+36
       138  5.91e+36
       138  6.39e+36
       137   6.9e+36
       137  7.46e+36
       136  8.05e+36
       135  8.69e+36
       135  9.37e+36
       134  1.01e+37
       134  1.09e+37
       133  1.17e+37
       132  1.26e+37
       132  1.36e+37
       131  1.46e+37
       131  1.57e+37
       130  1.69e+37
       129  1.82e+37
       129  1.95e+37
       128   2.1e+37
       128  2.25e+37
       127  2.41e+37
       127  2.59e+37
       126  2.77e+37
       125  2.97e+37
       125  3.18e+37
       124  3.41e+37
       124  3.64e+37
       123   3.9e+37
       122  4.17e+37
       122  4.45e+37
       121  4.75e+37
       121  5.07e+37
       120  5.41e+37
       119  5.77e+37
       119  6.15e+37
       118  6.55e+37
       118  6.97e+37
       117  7.42e+37
       116  7.89e+37
       116  8.39e+37
       115  8.91e+37
       115  9.46e+37
       114     1e+38
       113  1.07e+38
       113  1.13e+38
       112   1.2e+38
       112  1.27e+38
       111  1.34e+38
       110  1.42e+38
       110   1.5e+38
       109  1.59e+38
       109  1.67e+38
       108  1.77e+38
       107  1.86e+38
       107  1.97e+38
       106  2.07e+38
       106  2.18e+38
       105   2.3e+38
       104  2.41e+38
       104  2.54e+38
       103  2.67e+38
       103   2.8e+38
       102  2.94e+38
       101  3.08e+38
       101  3.23e+38
       100  3.38e+38
      99.7  3.54e+38
      99.1   3.7e+38
      98.5  3.87e+38
      97.9  4.04e+38
      97.3  4.21e+38
      96.7   4.4e+38
      96.1  4.58e+38
      95.5  4.77e+38
      94.9  4.97e+38
      94.3  5.17e+38
      93.7  5.37e+38
      93.1  5.58e+38
      92.5  5.79e+38
      91.9  6.01e+38
      91.3  6.22e+38
      90.7  6.45e+38
      90.1  6.67e+38
      89.5   6.9e+38
      88.9  7.13e+38
      88.3  7.36e+38
      87.8  7.59e+38
      87.2  7.83e+38
      86.6  8.06e+38
        86   8.3e+38
      85.4  8.53e+38
      84.8  8.76e+38
      84.2     9e+38
      83.6  9.23e+38
        83  9.46e+38
      82.4  9.69e+38
      81.8  9.91e+38
      81.2  1.01e+39
      80.6  1.03e+39
        80  1.06e+39
      79.4  1.08e+39
      78.8   1.1e+39
      78.2  1.11e+39
      77.6  1.13e+39
        77  1.15e+39
      76.4  1.17e+39
      75.8  1.18e+39
      75.2   1.2e+39
      74.6  1.21e+39
        74  1.23e+39
      73.4  1.24e+39
      72.8  1.25e+39
      72.3  1.26e+39
      71.7  1.26e+39
      71.1  1.27e+39
      70.5  1.28e+39
      69.9  1.28e+39
      69.3  1.28e+39
      68.7  1.28e+39
      68.1  1.28e+39
      67.5  1.28e+39
      66.9  1.28e+39
      66.3  1.27e+39
      65.7  1.27e+39
      65.1  1.26e+39
      64.5  1.25e+39
      63.9  1.24e+39
      63.3  1.22e+39
      62.7  1.21e+39
      62.1  1.19e+39
      61.5  1.18e+39
      60.9  1.16e+39
      60.3  1.14e+39
      59.7  1.12e+39
      59.1   1.1e+39
      58.5  1.07e+39
      57.9  1.05e+39
      57.3  1.02e+39
      56.8  9.98e+38
      56.2  9.72e+38
      55.6  9.44e+38
        55  9.16e+38
      54.4  8.87e+38
      53.8  8.57e+38
      53.2  8.27e+38
      52.6  7.97e+38
        52  7.67e+38
      51.4  7.36e+38
      50.8  7.06e+38
      50.2  6.75e+38
      49.6  6.45e+38
        49  6.15e+38
      48.4  5.85e+38
      47.8  5.55e+38
      47.2  5.26e+38
      46.6  4.98e+38
        46   4.7e+38
      45.4  4.42e+38
      44.8  4.16e+38
      44.2   3.9e+38
      43.6  3.64e+38
        43   3.4e+38
      42.4  3.17e+38
      41.8  2.94e+38
      41.3  2.73e+38
      40.7  2.52e+38
      40.1  2.32e+38
      39.5  2.14e+38
      38.9  1.96e+38
      38.3  1.79e+38
      37.7  1.64e+38
      37.1  1.49e+38
      36.5  1.35e+38
      35.9  1.22e+38
      35.3   1.1e+38
      34.7  9.88e+37
      34.1  8.85e+37
      33.5   7.9e+37
      32.9  7.03e+37
      32.3  6.23e+37
      31.7  5.51e+37
      31.1  4.85e+37
      30.5  4.25e+37
      29.9  3.71e+37
      29.3  3.22e+37
      28.7  2.79e+37
      28.1  2.41e+37
      27.5  2.07e+37
      26.9  1.76e+37
      26.3   1.5e+37
      25.8  1.27e+37
      25.2  1.07e+37
      24.6  8.95e+36
        24  7.46e+36
      23.4  6.18e+36
      22.8  5.09e+36
      22.2  4.17e+36
      21.6  3.39e+36
        21  2.74e+36
      20.4   2.2e+36
      19.8  1.75e+36
      19.2  1.39e+36
      18.6  1.09e+36
        18  8.47e+35
      17.4  6.54e+35
      16.8     5e+35
      16.2  3.79e+35
      15.6  2.84e+35
        15  2.11e+35
      14.4  1.55e+35
      13.8  1.12e+35
      13.2  8.04e+34
      12.6  5.68e+34
        12  3.95e+34
      11.4  2.71e+34
      10.8  1.82e+34
      10.3  1.21e+34
      9.65  7.81e+33
      9.06  4.95e+33
      8.46  3.06e+33
      7.87  1.84e+33
      7.27  1.07e+33
      6.67  6.02e+32
      6.08  3.24e+32
      5.48  1.67e+32
      4.89  8.09e+31
      4.29  3.67e+31
      3.69  1.55e+31
       3.1  5.87e+30
       2.5  2.19e+30
       1.9  9.16e+29
      1.31  2.54e+29
     0.713  3.02e+29
     0.116 -3.84e+28
     -0.48  1.68e+29
     -1.08 -3.58e+29
     -1.67 -1.91e+29
     -2.27 -2.03e+28
     -2.86 -1.15e+28
     -3.46  7.78e+28
     -4.06  1.42e+29
     -4.65  3.05e+28
     -5.25  8.25e+28
     -5.85 -9.71e+26
     -6.44  3.78e+28
     -7.04  3.83e+26
     -7.63  3.67e+28
     -8.23  2.65e+28
     -8.83  4.47e+28
     -9.42   1.8e+28
       -10  -4.7e+28
     -10.6  1.03e+29
     -11.2  6.95e+27
     -11.8 -7.43e+28
     -12.4  -5.5e+28
       -13  4.91e+28
     -13.6  2.45e+28
     -14.2 -1.82e+28
     -14.8  1.24e+28
     -15.4  2.11e+28
       -16 -1.62e+27
     -16.6  1.41e+28
     -17.2 -3.68e+26
     -17.8 -3.01e+28
     -18.4 -4.45e+27
       -19  1.07e+28
     -19.6 -1.51e+28
     -20.2  1.34e+28
     -20.7 -7.95e+27
     -21.3  6.93e+27
     -21.9  9.62e+27
     -22.5  7.96e+27
     -23.1 -2.06e+27
     -23.7 -4.01e+27
     -24.3  6.51e+27
     -24.9  6.21e+27
     -25.5 -6.04e+26
     -26.1  4.65e+27
     -26.7  5.86e+26
     -27.3 -7.63e+26
     -27.9 -7.79e+26
     -28.5  3.22e+27
     -29.1 -3.14e+26
     -29.7 -4.77e+26
     -30.3  2.55e+25
     -30.9  6.09e+25
     -31.5  4.38e+25
     -32.1 -1.46e+27
     -32.7  2.68e+26
     -33.3 -8.78e+25
     -33.9  2.12e+25
     -34.5 -6.21e+24
     -35.1  2.51e+24
     -35.7  4.07e+22
     -36.2    -8e+24

pressure[atm]        = 100
temperature[K]           = 1500
energy step[1/cm]        = 209
maximum energy[kcal/mol] = 157

bimolecular PEDs:
   E, kcal    P1->P2
       157  4.42e+35
       156  4.84e+35
       156  5.28e+35
       155  5.77e+35
       155   6.3e+35
       154  6.88e+35
       153   7.5e+35
       153  8.18e+35
       152  8.92e+35
       152  9.72e+35
       151  1.06e+36
       150  1.15e+36
       150  1.26e+36
       149  1.37e+36
       149  1.49e+36
       148  1.62e+36
       147  1.76e+36
       147  1.91e+36
       146  2.08e+36
       146  2.26e+36
       145  2.45e+36
       144  2.66e+36
       144  2.89e+36
       143  3.13e+36
       143  3.39e+36
       142  3.68e+36
       141  3.98e+36
       141  4.31e+36
       140  4.67e+36
       140  5.05e+36
       139  5.47e+36
       138  5.91e+36
       138  6.39e+36
       137   6.9e+36
       137  7.46e+36
       136  8.05e+36
       135  8.69e+36
       135  9.37e+36
       134  1.01e+37
       134  1.09e+37
       133  1.17e+37
       132  1.26e+37
       132  1.36e+37
       131  1.46e+37
       131  1.57e+37
       130  1.69e+37
       129  1.82e+37
       129  1.95e+37
       128   2.1e+37
       128  2.25e+37
       127  2.41e+37
       127  2.59e+37
       126  2.77e+37
       125  2.97e+37
       125  3.18e+37
       124  3.41e+37
       124  3.64e+37
       123   3.9e+37
       122  4.16e+37
       122  4.45e+37
       121  4.75e+37
       121  5.07e+37
       120  5.41e+37
       119  5.77e+37
       119  6.15e+37
       118  6.55e+37
       118  6.97e+37
       117  7.42e+37
       116  7.89e+37
       116  8.38e+37
       115  8.91e+37
       115  9.46e+37
       114     1e+38
       113  1.07e+38
       113  1.13e+38
       112   1.2e+38
       112  1.27e+38
       111  1.34e+38
       110  1.42e+38
       110   1.5e+38
       109  1.59e+38
       109  1.67e+38
       108  1.77e+38
       107  1.86e+38
       107  1.97e+38
       106  2.07e+38
       106  2.18e+38
       105   2.3e+38
       104  2.41e+38
       104  2.54e+38
       103  2.67e+38
       103   2.8e+38
       102  2.94e+38
       101  3.08e+38
       101  3.23e+38
       100  3.38e+38
      99.7  3.54e+38
      99.1   3.7e+38
      98.5  3.87e+38
      97.9  4.04e+38
      97.3  4.21e+38
      96.7   4.4e+38
      96.1  4.58e+38
      95.5  4.77e+38
      94.9  4.97e+38
      94.3  5.17e+38
      93.7  5.37e+38
      93.1  5.58e+38
      92.5  5.79e+38
      91.9  6.01e+38
      91.3  6.22e+38
      90.7  6.45e+38
      90.1  6.67e+38
      89.5   6.9e+38
      88.9  7.13e+38
      88.3  7.36e+38
      87.8  7.59e+38
      87.2  7.82e+38
      86.6  8.06e+38
        86  8.29e+38
      85.4  8.53e+38
      84.8  8.76e+38
      84.2     9e+38
      83.6  9.23e+38
        83  9.46e+38
      82.4  9.68e+38
      81.8  9.91e+38
      81.2  1.01e+39
      80.6  1.03e+39
        80  1.06e+39
      79.4  1.08e+39
      78.8   1.1e+39
      78.2  1.11e+39
      77.6  1.13e+39
        77  1.15e+39
      76.4  1.17e+39
      75.8  1.18e+39
      75.2   1.2e+39
      74.6  1.21e+39
        74  1.23e+39
      73.4  1.24e+39
      72.8  1.25e+39
      72.3  1.26e+39
      71.7  1.26e+39
      71.1  1.27e+39
      70.5  1.28e+39
      69.9  1.28e+39
      69.3  1.28e+39
      68.7  1.28e+39
      68.1  1.28e+39
      67.5  1.28e+39
      66.9  1.28e+39
      66.3  1.27e+39
      65.7  1.27e+39
      65.1  1.26e+39
      64.5  1.25e+39
      63.9  1.24e+39
      63.3  1.22e+39
      62.7  1.21e+39
      62.1  1.19e+39
      61.5  1.18e+39
      60.9  1.16e+39
      60.3  1.14e+39
      59.7  1.12e+39
      59.1   1.1e+39
      58.5  1.07e+39
      57.9  1.05e+39
      57.3  1.02e+39
      56.8  9.98e+38
      56.2  9.72e+38
      55.6  9.44e+38
        55  9.16e+38
      54.4  8.87e+38
      53.8  8.57e+38
      53.2  8.28e+38
      52.6  7.97e+38
        52  7.67e+38
      51.4  7.37e+38
      50.8  7.06e+38
      50.2  6.75e+38
      49.6  6.45e+38
        49  6.15e+38
      48.4  5.85e+38
      47.8  5.55e+38
      47.2  5.26e+38
      46.6  4.98e+38
        46   4.7e+38
      45.4  4.42e+38
      44.8  4.16e+38
      44.2   3.9e+38
      43.6  3.65e+38
        43   3.4e+38
      42.4  3.17e+38
      41.8  2.94e+38
      41.3  2.73e+38
      40.7  2.52e+38
      40.1  2.33e+38
      39.5  2.14e+38
      38.9  1.96e+38
      38.3  1.79e+38
      37.7  1.64e+38
      37.1  1.49e+38
      36.5  1.35e+38
      35.9  1.22e+38
      35.3   1.1e+38
      34.7  9.89e+37
      34.1  8.86e+37
      33.5  7.91e+37
      32.9  7.03e+37
      32.3  6.24e+37
      31.7  5.51e+37
      31.1  4.85e+37
      30.5  4.25e+37
      29.9  3.71e+37
      29.3  3.23e+37
      28.7  2.79e+37
      28.1  2.41e+37
      27.5  2.07e+37
      26.9  1.77e+37
      26.3   1.5e+37
      25.8  1.27e+37
      25.2  1.07e+37
      24.6  8.97e+36
        24  7.47e+36
      23.4  6.19e+36
      22.8   5.1e+36
      22.2  4.18e+36
      21.6   3.4e+36
        21  2.75e+36
      20.4   2.2e+36
      19.8  1.76e+36
      19.2  1.39e+36
      18.6  1.09e+36
        18   8.5e+35
      17.4  6.57e+35
      16.8  5.02e+35
      16.2  3.81e+35
      15.6  2.86e+35
        15  2.12e+35
      14.4  1.56e+35
      13.8  1.13e+35
      13.2  8.11e+34
      12.6  5.73e+34
        12     4e+34
      11.4  2.74e+34
      10.8  1.85e+34
      10.3  1.23e+34
      9.65  7.98e+33
      9.06  5.08e+33
      8.46  3.16e+33
      7.87  1.92e+33
      7.27  1.13e+33
      6.67  6.48e+32
      6.08  3.59e+32
      5.48  1.93e+32
      4.89  1.01e+32
      4.29  5.12e+31
      3.69  2.63e+31
       3.1   1.4e+31
       2.5  7.96e+30
       1.9  5.22e+30
      1.31  3.66e+30
     0.713  2.65e+30
     0.116  1.85e+30
     -0.48  1.34e+30
     -1.08  9.01e+29
     -1.67   6.7e+29
     -2.27  5.77e+29
     -2.86  3.18e+29
     -3.46  3.47e+28
     -4.06  2.26e+29
     -4.65  3.09e+29
     -5.25   1.8e+29
     -5.85  2.61e+29
     -6.44  9.82e+28
     -7.04  1.21e+29
     -7.63 -1.41e+28
     -8.23  3.82e+28
     -8.83  8.71e+28
     -9.42  1.42e+28
       -10  4.33e+27
     -10.6  5.17e+27
     -11.2  4.51e+27
     -11.8  1.48e+29
     -12.4  8.03e+27
       -13  3.36e+28
     -13.6  3.28e+27
     -14.2  9.68e+27
     -14.8 -1.58e+28
     -15.4  7.88e+27
       -16  3.91e+28
     -16.6  2.26e+28
     -17.2  1.32e+27
     -17.8  2.87e+26
     -18.4  2.44e+28
       -19  1.98e+28
     -19.6  2.31e+28
     -20.2  9.53e+27
     -20.7 -1.49e+28
     -21.3  4.36e+27
     -21.9  -2.4e+28
     -22.5  1.34e+27
     -23.1  9.17e+27
     -23.7  -4.9e+27
     -24.3 -6.85e+27
     -24.9  7.26e+27
     -25.5  3.68e+27
     -26.1   1.5e+27
     -26.7  3.26e+26
     -27.3   1.6e+26
     -27.9 -1.38e+27
     -28.5   1.9e+27
     -29.1  1.06e+25
     -29.7  4.24e+26
     -30.3 -2.96e+26
     -30.9  8.77e+26
     -31.5 -1.39e+27
     -32.1   5.6e+26
     -32.7 -1.38e+26
     -33.3 -1.26e+26
     -33.9 -4.62e+25
     -34.5  5.56e+24
     -35.1 -7.06e+24
     -35.7   1.4e+25
     -36.2 -5.24e+24

pressure[atm]        = 0.01
temperature[K]           = 1600
energy step[1/cm]        = 222
maximum energy[kcal/mol] = 171

bimolecular PEDs:
   E, kcal    P1->P2
       171  5.19e+36
       170  5.67e+36
       169   6.2e+36
       169  6.77e+36
       168  7.39e+36
       167  8.06e+36
       167   8.8e+36
       166  9.59e+36
       165  1.05e+37
       165  1.14e+37
       164  1.24e+37
       164  1.35e+37
       163  1.47e+37
       162   1.6e+37
       162  1.74e+37
       161   1.9e+37
       160  2.06e+37
       160  2.24e+37
       159  2.43e+37
       158  2.64e+37
       158  2.87e+37
       157  3.12e+37
       157  3.38e+37
       156  3.67e+37
       155  3.97e+37
       155  4.31e+37
       154  4.67e+37
       153  5.05e+37
       153  5.47e+37
       152  5.92e+37
       151   6.4e+37
       151  6.92e+37
       150  7.48e+37
       150  8.08e+37
       149  8.73e+37
       148  9.42e+37
       148  1.02e+38
       147   1.1e+38
       146  1.18e+38
       146  1.27e+38
       145  1.37e+38
       144  1.48e+38
       144  1.59e+38
       143  1.71e+38
       143  1.84e+38
       142  1.98e+38
       141  2.13e+38
       141  2.29e+38
       140  2.46e+38
       139  2.64e+38
       139  2.83e+38
       138  3.03e+38
       137  3.25e+38
       137  3.48e+38
       136  3.73e+38
       136  3.99e+38
       135  4.27e+38
       134  4.56e+38
       134  4.88e+38
       133  5.21e+38
       132  5.57e+38
       132  5.94e+38
       131  6.34e+38
       130  6.76e+38
       130   7.2e+38
       129  7.67e+38
       129  8.17e+38
       128   8.7e+38
       127  9.25e+38
       127  9.83e+38
       126  1.04e+39
       125  1.11e+39
       125  1.18e+39
       124  1.25e+39
       123  1.33e+39
       123   1.4e+39
       122  1.49e+39
       122  1.58e+39
       121  1.67e+39
       120  1.76e+39
       120  1.86e+39
       119  1.97e+39
       118  2.08e+39
       118  2.19e+39
       117  2.31e+39
       116  2.44e+39
       116  2.57e+39
       115   2.7e+39
       115  2.84e+39
       114  2.99e+39
       113  3.14e+39
       113   3.3e+39
       112  3.46e+39
       111  3.63e+39
       111  3.81e+39
       110  3.99e+39
       110  4.17e+39
       109  4.37e+39
       108  4.57e+39
       108  4.77e+39
       107  4.98e+39
       106   5.2e+39
       106  5.42e+39
       105  5.65e+39
       104  5.88e+39
       104  6.12e+39
       103  6.36e+39
       103  6.61e+39
       102  6.87e+39
       101  7.13e+39
       101  7.39e+39
       100  7.66e+39
      99.3  7.93e+39
      98.7   8.2e+39
      98.1  8.48e+39
      97.4  8.76e+39
      96.8  9.04e+39
      96.1  9.33e+39
      95.5  9.61e+39
      94.9   9.9e+39
      94.2  1.02e+40
      93.6  1.05e+40
        93  1.08e+40
      92.3   1.1e+40
      91.7  1.13e+40
      91.1  1.16e+40
      90.4  1.19e+40
      89.8  1.22e+40
      89.2  1.24e+40
      88.5  1.27e+40
      87.9   1.3e+40
      87.2  1.32e+40
      86.6  1.34e+40
        86  1.37e+40
      85.3  1.39e+40
      84.7  1.41e+40
      84.1  1.43e+40
      83.4  1.45e+40
      82.8  1.47e+40
      82.2  1.49e+40
      81.5   1.5e+40
      80.9  1.52e+40
      80.3  1.53e+40
      79.6  1.54e+40
        79  1.55e+40
      78.3  1.56e+40
      77.7  1.57e+40
      77.1  1.57e+40
      76.4  1.58e+40
      75.8  1.58e+40
      75.2  1.58e+40
      74.5  1.58e+40
      73.9  1.57e+40
      73.3  1.57e+40
      72.6  1.56e+40
        72  1.55e+40
      71.3  1.54e+40
      70.7  1.53e+40
      70.1  1.51e+40
      69.4   1.5e+40
      68.8  1.48e+40
      68.2  1.46e+40
      67.5  1.44e+40
      66.9  1.41e+40
      66.3  1.39e+40
      65.6  1.36e+40
        65  1.33e+40
      64.4  1.31e+40
      63.7  1.28e+40
      63.1  1.24e+40
      62.4  1.21e+40
      61.8  1.18e+40
      61.2  1.14e+40
      60.5  1.11e+40
      59.9  1.07e+40
      59.3  1.04e+40
      58.6     1e+40
        58  9.65e+39
      57.4  9.28e+39
      56.7  8.91e+39
      56.1  8.54e+39
      55.5  8.17e+39
      54.8   7.8e+39
      54.2  7.43e+39
      53.5  7.07e+39
      52.9  6.71e+39
      52.3  6.36e+39
      51.6  6.02e+39
        51  5.68e+39
      50.4  5.35e+39
      49.7  5.03e+39
      49.1  4.72e+39
      48.5  4.41e+39
      47.8  4.12e+39
      47.2  3.84e+39
      46.5  3.57e+39
      45.9  3.31e+39
      45.3  3.06e+39
      44.6  2.82e+39
        44   2.6e+39
      43.4  2.39e+39
      42.7  2.19e+39
      42.1     2e+39
      41.5  1.82e+39
      40.8  1.65e+39
      40.2   1.5e+39
      39.6  1.35e+39
      38.9  1.22e+39
      38.3  1.09e+39
      37.6  9.75e+38
        37   8.7e+38
      36.4  7.73e+38
      35.7  6.84e+38
      35.1  6.04e+38
      34.5  5.31e+38
      33.8  4.65e+38
      33.2  4.06e+38
      32.6  3.53e+38
      31.9  3.06e+38
      31.3  2.63e+38
      30.7  2.26e+38
        30  1.93e+38
      29.4  1.64e+38
      28.7  1.39e+38
      28.1  1.17e+38
      27.5  9.81e+37
      26.8  8.18e+37
      26.2  6.78e+37
      25.6  5.59e+37
      24.9  4.59e+37
      24.3  3.74e+37
      23.7  3.03e+37
        23  2.43e+37
      22.4  1.94e+37
      21.7  1.54e+37
      21.1  1.22e+37
      20.5   9.5e+36
      19.8  7.37e+36
      19.2  5.66e+36
      18.6  4.31e+36
      17.9  3.26e+36
      17.3  2.43e+36
      16.7   1.8e+36
        16  1.32e+36
      15.4  9.53e+35
      14.8  6.81e+35
      14.1   4.8e+35
      13.5  3.34e+35
      12.8  2.29e+35
      12.2  1.54e+35
      11.6  1.02e+35
      10.9  6.62e+34
      10.3  4.21e+34
      9.67  2.61e+34
      9.03  1.58e+34
      8.39  9.33e+33
      7.76  5.32e+33
      7.12  2.92e+33
      6.49  1.54e+33
      5.85  7.68e+32
      5.21   3.6e+32
      4.58  1.57e+32
      3.94   6.1e+31
      3.31  2.12e+31
      2.67  7.24e+30
      2.03  4.48e+29
       1.4  -4.3e+29
     0.763 -2.64e+29
     0.127  1.01e+30
    -0.509  -1.4e+30
     -1.15  1.89e+29
     -1.78 -4.06e+28
     -2.42 -4.93e+29
     -3.05  1.19e+29
     -3.69  4.76e+29
     -4.32 -2.07e+29
     -4.96 -2.29e+29
      -5.6  -1.7e+29
     -6.23  2.12e+29
     -6.87 -3.99e+29
      -7.5 -1.18e+29
     -8.14 -2.02e+29
     -8.78 -3.78e+29
     -9.41 -1.17e+29
       -10  1.73e+29
     -10.7 -6.84e+28
     -11.3  5.38e+28
       -12 -1.34e+29
     -12.6  3.84e+28
     -13.2  4.29e+27
     -13.9 -6.35e+28
     -14.5 -7.38e+28
     -15.1  8.74e+28
     -15.8  4.71e+28
     -16.4 -7.03e+27
       -17  6.05e+28
     -17.7  2.25e+28
     -18.3 -7.02e+28
       -19     6e+28
     -19.6  4.49e+28
     -20.2  4.29e+28
     -20.9 -7.68e+28
     -21.5 -6.27e+26
     -22.1  4.01e+28
     -22.8 -1.54e+28
     -23.4 -2.68e+28
       -24 -2.14e+28
     -24.7 -4.29e+27
     -25.3 -5.36e+27
     -25.9  3.25e+27
     -26.6  4.73e+27
     -27.2  7.64e+26
     -27.9 -1.14e+27
     -28.5 -1.51e+27
     -29.1  1.84e+27
     -29.8 -1.75e+27
     -30.4  2.85e+26
       -31 -7.31e+26
     -31.7  2.97e+25
     -32.3 -5.08e+25
     -32.9  4.02e+25
     -33.6 -1.47e+24
     -34.2 -1.27e+24
     -34.8  5.51e+24
     -35.5 -2.78e+24
     -36.1  1.41e+24

pressure[atm]        = 0.1
temperature[K]           = 1600
energy step[1/cm]        = 222
maximum energy[kcal/mol] = 171

bimolecular PEDs:
   E, kcal    P1->P2
       171  5.19e+36
       170  5.67e+36
       169   6.2e+36
       169  6.77e+36
       168  7.39e+36
       167  8.06e+36
       167   8.8e+36
       166  9.59e+36
       165  1.05e+37
       165  1.14e+37
       164  1.24e+37
       164  1.35e+37
       163  1.47e+37
       162   1.6e+37
       162  1.74e+37
       161   1.9e+37
       160  2.06e+37
       160  2.24e+37
       159  2.43e+37
       158  2.64e+37
       158  2.87e+37
       157  3.12e+37
       157  3.38e+37
       156  3.67e+37
       155  3.97e+37
       155  4.31e+37
       154  4.67e+37
       153  5.05e+37
       153  5.47e+37
       152  5.92e+37
       151   6.4e+37
       151  6.92e+37
       150  7.48e+37
       150  8.08e+37
       149  8.73e+37
       148  9.42e+37
       148  1.02e+38
       147   1.1e+38
       146  1.18e+38
       146  1.27e+38
       145  1.37e+38
       144  1.48e+38
       144  1.59e+38
       143  1.71e+38
       143  1.84e+38
       142  1.98e+38
       141  2.13e+38
       141  2.29e+38
       140  2.46e+38
       139  2.64e+38
       139  2.83e+38
       138  3.03e+38
       137  3.25e+38
       137  3.48e+38
       136  3.73e+38
       136  3.99e+38
       135  4.27e+38
       134  4.56e+38
       134  4.88e+38
       133  5.21e+38
       132  5.57e+38
       132  5.94e+38
       131  6.34e+38
       130  6.76e+38
       130   7.2e+38
       129  7.67e+38
       129  8.17e+38
       128   8.7e+38
       127  9.25e+38
       127  9.83e+38
       126  1.04e+39
       125  1.11e+39
       125  1.18e+39
       124  1.25e+39
       123  1.33e+39
       123   1.4e+39
       122  1.49e+39
       122  1.58e+39
       121  1.67e+39
       120  1.76e+39
       120  1.86e+39
       119  1.97e+39
       118  2.08e+39
       118  2.19e+39
       117  2.31e+39
       116  2.44e+39
       116  2.57e+39
       115   2.7e+39
       115  2.84e+39
       114  2.99e+39
       113  3.14e+39
       113   3.3e+39
       112  3.46e+39
       111  3.63e+39
       111  3.81e+39
       110  3.99e+39
       110  4.17e+39
       109  4.37e+39
       108  4.57e+39
       108  4.77e+39
       107  4.98e+39
       106   5.2e+39
       106  5.42e+39
       105  5.65e+39
       104  5.88e+39
       104  6.12e+39
       103  6.36e+39
       103  6.61e+39
       102  6.87e+39
       101  7.13e+39
       101  7.39e+39
       100  7.66e+39
      99.3  7.93e+39
      98.7   8.2e+39
      98.1  8.48e+39
      97.4  8.76e+39
      96.8  9.04e+39
      96.1  9.33e+39
      95.5  9.61e+39
      94.9   9.9e+39
      94.2  1.02e+40
      93.6  1.05e+40
        93  1.08e+40
      92.3   1.1e+40
      91.7  1.13e+40
      91.1  1.16e+40
      90.4  1.19e+40
      89.8  1.22e+40
      89.2  1.24e+40
      88.5  1.27e+40
      87.9   1.3e+40
      87.2  1.32e+40
      86.6  1.34e+40
        86  1.37e+40
      85.3  1.39e+40
      84.7  1.41e+40
      84.1  1.43e+40
      83.4  1.45e+40
      82.8  1.47e+40
      82.2  1.49e+40
      81.5   1.5e+40
      80.9  1.52e+40
      80.3  1.53e+40
      79.6  1.54e+40
        79  1.55e+40
      78.3  1.56e+40
      77.7  1.57e+40
      77.1  1.57e+40
      76.4  1.58e+40
      75.8  1.58e+40
      75.2  1.58e+40
      74.5  1.58e+40
      73.9  1.57e+40
      73.3  1.57e+40
      72.6  1.56e+40
        72  1.55e+40
      71.3  1.54e+40
      70.7  1.53e+40
      70.1  1.51e+40
      69.4   1.5e+40
      68.8  1.48e+40
      68.2  1.46e+40
      67.5  1.44e+40
      66.9  1.41e+40
      66.3  1.39e+40
      65.6  1.36e+40
        65  1.33e+40
      64.4  1.31e+40
      63.7  1.28e+40
      63.1  1.24e+40
      62.4  1.21e+40
      61.8  1.18e+40
      61.2  1.14e+40
      60.5  1.11e+40
      59.9  1.07e+40
      59.3  1.04e+40
      58.6     1e+40
        58  9.65e+39
      57.4  9.28e+39
      56.7  8.91e+39
      56.1  8.54e+39
      55.5  8.17e+39
      54.8   7.8e+39
      54.2  7.43e+39
      53.5  7.07e+39
      52.9  6.71e+39
      52.3  6.36e+39
      51.6  6.02e+39
        51  5.68e+39
      50.4  5.35e+39
      49.7  5.03e+39
      49.1  4.72e+39
      48.5  4.41e+39
      47.8  4.12e+39
      47.2  3.84e+39
      46.5  3.57e+39
      45.9  3.31e+39
      45.3  3.06e+39
      44.6  2.82e+39
        44   2.6e+39
      43.4  2.39e+39
      42.7  2.19e+39
      42.1     2e+39
      41.5  1.82e+39
      40.8  1.65e+39
      40.2   1.5e+39
      39.6  1.35e+39
      38.9  1.22e+39
      38.3  1.09e+39
      37.6  9.75e+38
        37   8.7e+38
      36.4  7.73e+38
      35.7  6.84e+38
      35.1  6.04e+38
      34.5  5.31e+38
      33.8  4.65e+38
      33.2  4.06e+38
      32.6  3.53e+38
      31.9  3.06e+38
      31.3  2.63e+38
      30.7  2.26e+38
        30  1.93e+38
      29.4  1.64e+38
      28.7  1.39e+38
      28.1  1.17e+38
      27.5  9.81e+37
      26.8  8.18e+37
      26.2  6.78e+37
      25.6  5.59e+37
      24.9  4.59e+37
      24.3  3.74e+37
      23.7  3.03e+37
        23  2.43e+37
      22.4  1.94e+37
      21.7  1.54e+37
      21.1  1.22e+37
      20.5   9.5e+36
      19.8  7.37e+36
      19.2  5.66e+36
      18.6  4.31e+36
      17.9  3.26e+36
      17.3  2.43e+36
      16.7   1.8e+36
        16  1.32e+36
      15.4  9.53e+35
      14.8  6.81e+35
      14.1   4.8e+35
      13.5  3.34e+35
      12.8  2.29e+35
      12.2  1.54e+35
      11.6  1.02e+35
      10.9  6.62e+34
      10.3  4.21e+34
      9.67  2.62e+34
      9.03  1.58e+34
      8.39  9.33e+33
      7.76  5.32e+33
      7.12  2.93e+33
      6.49  1.54e+33
      5.85  7.69e+32
      5.21   3.6e+32
      4.58  1.57e+32
      3.94  6.23e+31
      3.31  2.09e+31
      2.67  6.65e+30
      2.03  9.69e+29
       1.4  6.32e+29
     0.763  4.07e+29
     0.127  2.83e+28
    -0.509 -1.34e+30
     -1.15  3.25e+29
     -1.78 -5.35e+29
     -2.42 -7.33e+29
     -3.05  -3.7e+29
     -3.69 -1.01e+29
     -4.32 -1.25e+28
     -4.96  2.67e+29
      -5.6  4.36e+29
     -6.23  -1.4e+29
     -6.87 -1.89e+29
      -7.5   2.8e+29
     -8.14  6.89e+28
     -8.78  1.88e+29
     -9.41  1.24e+29
       -10  1.59e+28
     -10.7 -4.09e+27
     -11.3 -1.53e+28
       -12  1.62e+29
     -12.6  2.01e+28
     -13.2  7.74e+27
     -13.9  9.62e+28
     -14.5 -8.09e+28
     -15.1  4.94e+28
     -15.8   2.8e+28
     -16.4 -4.84e+28
       -17  1.74e+28
     -17.7  8.99e+28
     -18.3  5.39e+27
       -19 -2.35e+28
     -19.6  4.57e+28
     -20.2 -3.47e+28
     -20.9  1.08e+29
     -21.5 -1.44e+28
     -22.1 -2.65e+27
     -22.8 -3.16e+28
     -23.4   2.4e+28
       -24 -3.52e+28
     -24.7  2.04e+28
     -25.3  5.27e+27
     -25.9 -1.57e+27
     -26.6 -2.02e+25
     -27.2 -3.83e+27
     -27.9  2.04e+27
     -28.5   3.4e+27
     -29.1 -3.08e+27
     -29.8 -5.99e+26
     -30.4 -7.13e+26
       -31 -8.58e+26
     -31.7  1.77e+26
     -32.3 -6.61e+25
     -32.9  5.81e+24
     -33.6  3.87e+24
     -34.2 -4.37e+24
     -34.8  1.72e+24
     -35.5  7.61e+21
     -36.1  5.38e+23

pressure[atm]        = 1
temperature[K]           = 1600
energy step[1/cm]        = 222
maximum energy[kcal/mol] = 171

bimolecular PEDs:
   E, kcal    P1->P2
       171  5.19e+36
       170  5.67e+36
       169   6.2e+36
       169  6.77e+36
       168  7.39e+36
       167  8.06e+36
       167   8.8e+36
       166  9.59e+36
       165  1.05e+37
       165  1.14e+37
       164  1.24e+37
       164  1.35e+37
       163  1.47e+37
       162   1.6e+37
       162  1.74e+37
       161   1.9e+37
       160  2.06e+37
       160  2.24e+37
       159  2.43e+37
       158  2.64e+37
       158  2.87e+37
       157  3.12e+37
       157  3.38e+37
       156  3.67e+37
       155  3.97e+37
       155  4.31e+37
       154  4.67e+37
       153  5.05e+37
       153  5.47e+37
       152  5.92e+37
       151   6.4e+37
       151  6.92e+37
       150  7.48e+37
       150  8.08e+37
       149  8.73e+37
       148  9.42e+37
       148  1.02e+38
       147   1.1e+38
       146  1.18e+38
       146  1.27e+38
       145  1.37e+38
       144  1.48e+38
       144  1.59e+38
       143  1.71e+38
       143  1.84e+38
       142  1.98e+38
       141  2.13e+38
       141  2.29e+38
       140  2.46e+38
       139  2.64e+38
       139  2.83e+38
       138  3.03e+38
       137  3.25e+38
       137  3.48e+38
       136  3.73e+38
       136  3.99e+38
       135  4.27e+38
       134  4.56e+38
       134  4.88e+38
       133  5.21e+38
       132  5.57e+38
       132  5.94e+38
       131  6.34e+38
       130  6.76e+38
       130   7.2e+38
       129  7.67e+38
       129  8.17e+38
       128   8.7e+38
       127  9.25e+38
       127  9.83e+38
       126  1.04e+39
       125  1.11e+39
       125  1.18e+39
       124  1.25e+39
       123  1.33e+39
       123   1.4e+39
       122  1.49e+39
       122  1.58e+39
       121  1.67e+39
       120  1.76e+39
       120  1.86e+39
       119  1.97e+39
       118  2.08e+39
       118  2.19e+39
       117  2.31e+39
       116  2.44e+39
       116  2.57e+39
       115   2.7e+39
       115  2.84e+39
       114  2.99e+39
       113  3.14e+39
       113   3.3e+39
       112  3.46e+39
       111  3.63e+39
       111  3.81e+39
       110  3.99e+39
       110  4.17e+39
       109  4.37e+39
       108  4.57e+39
       108  4.77e+39
       107  4.98e+39
       106   5.2e+39
       106  5.42e+39
       105  5.65e+39
       104  5.88e+39
       104  6.12e+39
       103  6.36e+39
       103  6.61e+39
       102  6.87e+39
       101  7.13e+39
       101  7.39e+39
       100  7.66e+39
      99.3  7.93e+39
      98.7   8.2e+39
      98.1  8.48e+39
      97.4  8.76e+39
      96.8  9.04e+39
      96.1  9.33e+39
      95.5  9.61e+39
      94.9   9.9e+39
      94.2  1.02e+40
      93.6  1.05e+40
        93  1.08e+40
      92.3   1.1e+40
      91.7  1.13e+40
      91.1  1.16e+40
      90.4  1.19e+40
      89.8  1.22e+40
      89.2  1.24e+40
      88.5  1.27e+40
      87.9   1.3e+40
      87.2  1.32e+40
      86.6  1.34e+40
        86  1.37e+40
      85.3  1.39e+40
      84.7  1.41e+40
      84.1  1.43e+40
      83.4  1.45e+40
      82.8  1.47e+40
      82.2  1.49e+40
      81.5   1.5e+40
      80.9  1.52e+40
      80.3  1.53e+40
      79.6  1.54e+40
        79  1.55e+40
      78.3  1.56e+40
      77.7  1.57e+40
      77.1  1.57e+40
      76.4  1.58e+40
      75.8  1.58e+40
      75.2  1.58e+40
      74.5  1.58e+40
      73.9  1.57e+40
      73.3  1.57e+40
      72.6  1.56e+40
        72  1.55e+40
      71.3  1.54e+40
      70.7  1.53e+40
      70.1  1.51e+40
      69.4   1.5e+40
      68.8  1.48e+40
      68.2  1.46e+40
      67.5  1.44e+40
      66.9  1.41e+40
      66.3  1.39e+40
      65.6  1.36e+40
        65  1.33e+40
      64.4  1.31e+40
      63.7  1.28e+40
      63.1  1.24e+40
      62.4  1.21e+40
      61.8  1.18e+40
      61.2  1.14e+40
      60.5  1.11e+40
      59.9  1.07e+40
      59.3  1.04e+40
      58.6     1e+40
        58  9.65e+39
      57.4  9.28e+39
      56.7  8.91e+39
      56.1  8.54e+39
      55.5  8.17e+39
      54.8   7.8e+39
      54.2  7.43e+39
      53.5  7.07e+39
      52.9  6.71e+39
      52.3  6.36e+39
      51.6  6.02e+39
        51  5.68e+39
      50.4  5.35e+39
      49.7  5.03e+39
      49.1  4.72e+39
      48.5  4.41e+39
      47.8  4.12e+39
      47.2  3.84e+39
      46.5  3.57e+39
      45.9  3.31e+39
      45.3  3.06e+39
      44.6  2.82e+39
        44   2.6e+39
      43.4  2.39e+39
      42.7  2.19e+39
      42.1     2e+39
      41.5  1.82e+39
      40.8  1.65e+39
      40.2   1.5e+39
      39.6  1.35e+39
      38.9  1.22e+39
      38.3  1.09e+39
      37.6  9.75e+38
        37   8.7e+38
      36.4  7.73e+38
      35.7  6.84e+38
      35.1  6.04e+38
      34.5  5.31e+38
      33.8  4.65e+38
      33.2  4.06e+38
      32.6  3.53e+38
      31.9  3.06e+38
      31.3  2.63e+38
      30.7  2.26e+38
        30  1.93e+38
      29.4  1.64e+38
      28.7  1.39e+38
      28.1  1.17e+38
      27.5  9.81e+37
      26.8  8.18e+37
      26.2  6.78e+37
      25.6  5.59e+37
      24.9  4.59e+37
      24.3  3.74e+37
      23.7  3.03e+37
        23  2.43e+37
      22.4  1.95e+37
      21.7  1.54e+37
      21.1  1.22e+37
      20.5   9.5e+36
      19.8  7.37e+36
      19.2  5.66e+36
      18.6  4.31e+36
      17.9  3.26e+36
      17.3  2.43e+36
      16.7   1.8e+36
        16  1.32e+36
      15.4  9.53e+35
      14.8  6.81e+35
      14.1   4.8e+35
      13.5  3.34e+35
      12.8  2.29e+35
      12.2  1.54e+35
      11.6  1.02e+35
      10.9  6.62e+34
      10.3  4.21e+34
      9.67  2.62e+34
      9.03  1.58e+34
      8.39  9.34e+33
      7.76  5.33e+33
      7.12  2.93e+33
      6.49  1.54e+33
      5.85  7.67e+32
      5.21  3.62e+32
      4.58  1.58e+32
      3.94  6.22e+31
      3.31  2.06e+31
      2.67  5.43e+30
      2.03  2.06e+30
       1.4  3.87e+29
     0.763  1.53e+29
     0.127  1.37e+30
    -0.509  1.06e+30
     -1.15 -2.74e+29
     -1.78  5.35e+29
     -2.42 -1.18e+30
     -3.05 -1.51e+30
     -3.69  4.69e+29
     -4.32  4.89e+29
     -4.96  2.32e+29
      -5.6  1.04e+30
     -6.23 -9.12e+28
     -6.87 -1.23e+29
      -7.5  5.93e+26
     -8.14  8.21e+28
     -8.78  -2.4e+29
     -9.41 -9.23e+28
       -10   2.6e+29
     -10.7 -1.23e+29
     -11.3  1.07e+29
       -12  8.58e+28
     -12.6  7.05e+28
     -13.2 -9.69e+28
     -13.9  5.25e+28
     -14.5  1.16e+29
     -15.1 -3.86e+28
     -15.8 -3.12e+28
     -16.4   5.6e+28
       -17  3.99e+28
     -17.7 -2.67e+28
     -18.3  1.68e+28
       -19 -4.62e+28
     -19.6  5.82e+28
     -20.2  5.36e+28
     -20.9 -3.56e+28
     -21.5 -5.74e+28
     -22.1 -9.96e+27
     -22.8 -3.38e+28
     -23.4  4.34e+27
       -24 -4.03e+27
     -24.7  3.09e+27
     -25.3 -1.24e+28
     -25.9 -1.52e+28
     -26.6  1.27e+28
     -27.2 -9.92e+27
     -27.9 -4.82e+27
     -28.5  1.42e+27
     -29.1 -4.42e+27
     -29.8 -2.95e+26
     -30.4  7.97e+27
       -31 -3.72e+26
     -31.7  3.08e+26
     -32.3  4.53e+25
     -32.9     1e+26
     -33.6 -4.82e+25
     -34.2  7.31e+24
     -34.8  5.91e+24
     -35.5 -3.92e+24
     -36.1  4.13e+24

pressure[atm]        = 10
temperature[K]           = 1600
energy step[1/cm]        = 222
maximum energy[kcal/mol] = 171

bimolecular PEDs:
   E, kcal    P1->P2
       171  5.19e+36
       170  5.67e+36
       169   6.2e+36
       169  6.77e+36
       168  7.39e+36
       167  8.06e+36
       167   8.8e+36
       166  9.59e+36
       165  1.05e+37
       165  1.14e+37
       164  1.24e+37
       164  1.35e+37
       163  1.47e+37
       162   1.6e+37
       162  1.74e+37
       161   1.9e+37
       160  2.06e+37
       160  2.24e+37
       159  2.43e+37
       158  2.64e+37
       158  2.87e+37
       157  3.12e+37
       157  3.38e+37
       156  3.67e+37
       155  3.97e+37
       155  4.31e+37
       154  4.67e+37
       153  5.05e+37
       153  5.47e+37
       152  5.92e+37
       151   6.4e+37
       151  6.92e+37
       150  7.48e+37
       150  8.08e+37
       149  8.73e+37
       148  9.42e+37
       148  1.02e+38
       147   1.1e+38
       146  1.18e+38
       146  1.27e+38
       145  1.37e+38
       144  1.48e+38
       144  1.59e+38
       143  1.71e+38
       143  1.84e+38
       142  1.98e+38
       141  2.13e+38
       141  2.29e+38
       140  2.46e+38
       139  2.64e+38
       139  2.83e+38
       138  3.03e+38
       137  3.25e+38
       137  3.48e+38
       136  3.73e+38
       136  3.99e+38
       135  4.27e+38
       134  4.56e+38
       134  4.88e+38
       133  5.21e+38
       132  5.57e+38
       132  5.94e+38
       131  6.34e+38
       130  6.76e+38
       130   7.2e+38
       129  7.67e+38
       129  8.17e+38
       128   8.7e+38
       127  9.25e+38
       127  9.83e+38
       126  1.04e+39
       125  1.11e+39
       125  1.18e+39
       124  1.25e+39
       123  1.33e+39
       123   1.4e+39
       122  1.49e+39
       122  1.58e+39
       121  1.67e+39
       120  1.76e+39
       120  1.86e+39
       119  1.97e+39
       118  2.08e+39
       118  2.19e+39
       117  2.31e+39
       116  2.44e+39
       116  2.57e+39
       115   2.7e+39
       115  2.84e+39
       114  2.99e+39
       113  3.14e+39
       113   3.3e+39
       112  3.46e+39
       111  3.63e+39
       111  3.81e+39
       110  3.99e+39
       110  4.17e+39
       109  4.37e+39
       108  4.56e+39
       108  4.77e+39
       107  4.98e+39
       106   5.2e+39
       106  5.42e+39
       105  5.65e+39
       104  5.88e+39
       104  6.12e+39
       103  6.36e+39
       103  6.61e+39
       102  6.87e+39
       101  7.13e+39
       101  7.39e+39
       100  7.66e+39
      99.3  7.93e+39
      98.7   8.2e+39
      98.1  8.48e+39
      97.4  8.76e+39
      96.8  9.04e+39
      96.1  9.33e+39
      95.5  9.61e+39
      94.9   9.9e+39
      94.2  1.02e+40
      93.6  1.05e+40
        93  1.08e+40
      92.3   1.1e+40
      91.7  1.13e+40
      91.1  1.16e+40
      90.4  1.19e+40
      89.8  1.22e+40
      89.2  1.24e+40
      88.5  1.27e+40
      87.9   1.3e+40
      87.2  1.32e+40
      86.6  1.34e+40
        86  1.37e+40
      85.3  1.39e+40
      84.7  1.41e+40
      84.1  1.43e+40
      83.4  1.45e+40
      82.8  1.47e+40
      82.2  1.49e+40
      81.5   1.5e+40
      80.9  1.52e+40
      80.3  1.53e+40
      79.6  1.54e+40
        79  1.55e+40
      78.3  1.56e+40
      77.7  1.57e+40
      77.1  1.57e+40
      76.4  1.58e+40
      75.8  1.58e+40
      75.2  1.58e+40
      74.5  1.58e+40
      73.9  1.57e+40
      73.3  1.57e+40
      72.6  1.56e+40
        72  1.55e+40
      71.3  1.54e+40
      70.7  1.53e+40
      70.1  1.51e+40
      69.4   1.5e+40
      68.8  1.48e+40
      68.2  1.46e+40
      67.5  1.44e+40
      66.9  1.41e+40
      66.3  1.39e+40
      65.6  1.36e+40
        65  1.33e+40
      64.4  1.31e+40
      63.7  1.28e+40
      63.1  1.24e+40
      62.4  1.21e+40
      61.8  1.18e+40
      61.2  1.14e+40
      60.5  1.11e+40
      59.9  1.07e+40
      59.3  1.04e+40
      58.6     1e+40
        58  9.65e+39
      57.4  9.28e+39
      56.7  8.91e+39
      56.1  8.54e+39
      55.5  8.17e+39
      54.8   7.8e+39
      54.2  7.43e+39
      53.5  7.07e+39
      52.9  6.71e+39
      52.3  6.36e+39
      51.6  6.02e+39
        51  5.68e+39
      50.4  5.35e+39
      49.7  5.03e+39
      49.1  4.72e+39
      48.5  4.41e+39
      47.8  4.12e+39
      47.2  3.84e+39
      46.5  3.57e+39
      45.9  3.31e+39
      45.3  3.06e+39
      44.6  2.83e+39
        44   2.6e+39
      43.4  2.39e+39
      42.7  2.19e+39
      42.1     2e+39
      41.5  1.82e+39
      40.8  1.65e+39
      40.2   1.5e+39
      39.6  1.35e+39
      38.9  1.22e+39
      38.3  1.09e+39
      37.6  9.75e+38
        37   8.7e+38
      36.4  7.73e+38
      35.7  6.84e+38
      35.1  6.04e+38
      34.5  5.31e+38
      33.8  4.65e+38
      33.2  4.06e+38
      32.6  3.53e+38
      31.9  3.06e+38
      31.3  2.63e+38
      30.7  2.26e+38
        30  1.93e+38
      29.4  1.64e+38
      28.7  1.39e+38
      28.1  1.17e+38
      27.5  9.82e+37
      26.8  8.18e+37
      26.2  6.79e+37
      25.6  5.59e+37
      24.9  4.59e+37
      24.3  3.74e+37
      23.7  3.03e+37
        23  2.43e+37
      22.4  1.95e+37
      21.7  1.54e+37
      21.1  1.22e+37
      20.5   9.5e+36
      19.8  7.37e+36
      19.2  5.66e+36
      18.6  4.32e+36
      17.9  3.26e+36
      17.3  2.44e+36
      16.7   1.8e+36
        16  1.32e+36
      15.4  9.54e+35
      14.8  6.82e+35
      14.1  4.81e+35
      13.5  3.34e+35
      12.8  2.29e+35
      12.2  1.54e+35
      11.6  1.02e+35
      10.9  6.63e+34
      10.3  4.22e+34
      9.67  2.62e+34
      9.03  1.59e+34
      8.39  9.38e+33
      7.76  5.36e+33
      7.12  2.95e+33
      6.49  1.56e+33
      5.85  7.83e+32
      5.21   3.7e+32
      4.58  1.65e+32
      3.94   6.8e+31
      3.31  2.51e+31
      2.67  8.97e+30
      2.03  1.54e+30
       1.4  1.29e+30
     0.763  1.07e+30
     0.127  1.32e+30
    -0.509  2.38e+29
     -1.15  9.88e+29
     -1.78  1.23e+30
     -2.42 -1.87e+29
     -3.05  1.03e+29
     -3.69 -2.74e+29
     -4.32  7.42e+29
     -4.96  2.95e+29
      -5.6  3.47e+28
     -6.23  8.42e+28
     -6.87  3.32e+29
      -7.5 -2.03e+29
     -8.14 -1.37e+29
     -8.78     8e+28
     -9.41 -1.93e+28
       -10 -2.54e+29
     -10.7 -6.71e+28
     -11.3  1.52e+29
       -12  3.17e+29
     -12.6 -2.16e+29
     -13.2 -1.41e+29
     -13.9 -3.53e+28
     -14.5 -1.45e+28
     -15.1   2.5e+28
     -15.8 -5.09e+28
     -16.4 -5.79e+28
       -17  8.37e+27
     -17.7 -3.34e+28
     -18.3 -5.21e+28
       -19  1.28e+29
     -19.6  2.75e+28
     -20.2 -4.31e+28
     -20.9 -2.47e+28
     -21.5  1.02e+29
     -22.1 -4.31e+28
     -22.8  4.88e+28
     -23.4  3.41e+28
       -24 -2.97e+28
     -24.7  5.16e+27
     -25.3  1.56e+28
     -25.9  1.55e+26
     -26.6  1.16e+28
     -27.2 -1.29e+28
     -27.9  8.84e+27
     -28.5 -9.48e+26
     -29.1 -2.21e+27
     -29.8  3.66e+27
     -30.4 -7.41e+25
       -31  2.35e+27
     -31.7  5.79e+26
     -32.3 -3.42e+26
     -32.9  -4.4e+25
     -33.6  1.09e+26
     -34.2 -7.58e+24
     -34.8  1.39e+25
     -35.5 -3.39e+24
     -36.1  2.72e+25

pressure[atm]        = 100
temperature[K]           = 1600
energy step[1/cm]        = 222
maximum energy[kcal/mol] = 171

bimolecular PEDs:
   E, kcal    P1->P2
       171  5.19e+36
       170  5.67e+36
       169  6.19e+36
       169  6.76e+36
       168  7.38e+36
       167  8.06e+36
       167  8.79e+36
       166  9.59e+36
       165  1.05e+37
       165  1.14e+37
       164  1.24e+37
       164  1.35e+37
       163  1.47e+37
       162   1.6e+37
       162  1.74e+37
       161   1.9e+37
       160  2.06e+37
       160  2.24e+37
       159  2.43e+37
       158  2.64e+37
       158  2.87e+37
       157  3.11e+37
       157  3.38e+37
       156  3.66e+37
       155  3.97e+37
       155  4.31e+37
       154  4.66e+37
       153  5.05e+37
       153  5.47e+37
       152  5.92e+37
       151   6.4e+37
       151  6.92e+37
       150  7.48e+37
       150  8.08e+37
       149  8.73e+37
       148  9.42e+37
       148  1.02e+38
       147   1.1e+38
       146  1.18e+38
       146  1.27e+38
       145  1.37e+38
       144  1.48e+38
       144  1.59e+38
       143  1.71e+38
       143  1.84e+38
       142  1.98e+38
       141  2.13e+38
       141  2.29e+38
       140  2.45e+38
       139  2.63e+38
       139  2.83e+38
       138  3.03e+38
       137  3.25e+38
       137  3.48e+38
       136  3.73e+38
       136  3.99e+38
       135  4.27e+38
       134  4.56e+38
       134  4.88e+38
       133  5.21e+38
       132  5.56e+38
       132  5.94e+38
       131  6.34e+38
       130  6.76e+38
       130   7.2e+38
       129  7.67e+38
       129  8.17e+38
       128  8.69e+38
       127  9.25e+38
       127  9.83e+38
       126  1.04e+39
       125  1.11e+39
       125  1.18e+39
       124  1.25e+39
       123  1.33e+39
       123   1.4e+39
       122  1.49e+39
       122  1.57e+39
       121  1.67e+39
       120  1.76e+39
       120  1.86e+39
       119  1.97e+39
       118  2.08e+39
       118  2.19e+39
       117  2.31e+39
       116  2.44e+39
       116  2.57e+39
       115   2.7e+39
       115  2.84e+39
       114  2.99e+39
       113  3.14e+39
       113   3.3e+39
       112  3.46e+39
       111  3.63e+39
       111   3.8e+39
       110  3.99e+39
       110  4.17e+39
       109  4.37e+39
       108  4.56e+39
       108  4.77e+39
       107  4.98e+39
       106   5.2e+39
       106  5.42e+39
       105  5.65e+39
       104  5.88e+39
       104  6.12e+39
       103  6.36e+39
       103  6.61e+39
       102  6.87e+39
       101  7.13e+39
       101  7.39e+39
       100  7.66e+39
      99.3  7.93e+39
      98.7   8.2e+39
      98.1  8.48e+39
      97.4  8.76e+39
      96.8  9.04e+39
      96.1  9.33e+39
      95.5  9.61e+39
      94.9   9.9e+39
      94.2  1.02e+40
      93.6  1.05e+40
        93  1.08e+40
      92.3   1.1e+40
      91.7  1.13e+40
      91.1  1.16e+40
      90.4  1.19e+40
      89.8  1.22e+40
      89.2  1.24e+40
      88.5  1.27e+40
      87.9   1.3e+40
      87.2  1.32e+40
      86.6  1.34e+40
        86  1.37e+40
      85.3  1.39e+40
      84.7  1.41e+40
      84.1  1.43e+40
      83.4  1.45e+40
      82.8  1.47e+40
      82.2  1.49e+40
      81.5   1.5e+40
      80.9  1.52e+40
      80.3  1.53e+40
      79.6  1.54e+40
        79  1.55e+40
      78.3  1.56e+40
      77.7  1.57e+40
      77.1  1.57e+40
      76.4  1.58e+40
      75.8  1.58e+40
      75.2  1.58e+40
      74.5  1.58e+40
      73.9  1.57e+40
      73.3  1.57e+40
      72.6  1.56e+40
        72  1.55e+40
      71.3  1.54e+40
      70.7  1.53e+40
      70.1  1.51e+40
      69.4   1.5e+40
      68.8  1.48e+40
      68.2  1.46e+40
      67.5  1.44e+40
      66.9  1.41e+40
      66.3  1.39e+40
      65.6  1.36e+40
        65  1.33e+40
      64.4  1.31e+40
      63.7  1.28e+40
      63.1  1.24e+40
      62.4  1.21e+40
      61.8  1.18e+40
      61.2  1.14e+40
      60.5  1.11e+40
      59.9  1.07e+40
      59.3  1.04e+40
      58.6     1e+40
        58  9.65e+39
      57.4  9.28e+39
      56.7  8.91e+39
      56.1  8.54e+39
      55.5  8.17e+39
      54.8   7.8e+39
      54.2  7.44e+39
      53.5  7.07e+39
      52.9  6.72e+39
      52.3  6.36e+39
      51.6  6.02e+39
        51  5.68e+39
      50.4  5.35e+39
      49.7  5.03e+39
      49.1  4.72e+39
      48.5  4.41e+39
      47.8  4.12e+39
      47.2  3.84e+39
      46.5  3.57e+39
      45.9  3.31e+39
      45.3  3.06e+39
      44.6  2.83e+39
        44   2.6e+39
      43.4  2.39e+39
      42.7  2.19e+39
      42.1     2e+39
      41.5  1.82e+39
      40.8  1.65e+39
      40.2   1.5e+39
      39.6  1.35e+39
      38.9  1.22e+39
      38.3  1.09e+39
      37.6  9.76e+38
        37   8.7e+38
      36.4  7.73e+38
      35.7  6.85e+38
      35.1  6.05e+38
      34.5  5.32e+38
      33.8  4.66e+38
      33.2  4.06e+38
      32.6  3.53e+38
      31.9  3.06e+38
      31.3  2.64e+38
      30.7  2.26e+38
        30  1.94e+38
      29.4  1.65e+38
      28.7  1.39e+38
      28.1  1.17e+38
      27.5  9.83e+37
      26.8   8.2e+37
      26.2   6.8e+37
      25.6  5.61e+37
      24.9   4.6e+37
      24.3  3.75e+37
      23.7  3.03e+37
        23  2.44e+37
      22.4  1.95e+37
      21.7  1.55e+37
      21.1  1.22e+37
      20.5  9.53e+36
      19.8  7.39e+36
      19.2  5.69e+36
      18.6  4.34e+36
      17.9  3.27e+36
      17.3  2.45e+36
      16.7  1.81e+36
        16  1.33e+36
      15.4  9.61e+35
      14.8  6.87e+35
      14.1  4.85e+35
      13.5  3.38e+35
      12.8  2.32e+35
      12.2  1.56e+35
      11.6  1.04e+35
      10.9  6.76e+34
      10.3  4.32e+34
      9.67   2.7e+34
      9.03  1.65e+34
      8.39  9.82e+33
      7.76   5.7e+33
      7.12   3.2e+33
      6.49  1.75e+33
      5.85  9.22e+32
      5.21  4.76e+32
      4.58  2.42e+32
      3.94  1.23e+32
      3.31  6.55e+31
      2.67   3.9e+31
      2.03  2.29e+31
       1.4  1.67e+31
     0.763  1.29e+31
     0.127  7.34e+30
    -0.509   5.9e+30
     -1.15   5.3e+30
     -1.78  3.33e+30
     -2.42  2.27e+30
     -3.05  1.62e+28
     -3.69  1.47e+30
     -4.32  7.13e+29
     -4.96  1.86e+29
      -5.6 -7.32e+29
     -6.23 -1.01e+29
     -6.87  -1.1e+29
      -7.5  1.38e+29
     -8.14 -2.87e+28
     -8.78 -1.78e+29
     -9.41  3.73e+29
       -10  3.19e+28
     -10.7  1.65e+28
     -11.3  2.63e+29
       -12  6.43e+28
     -12.6  5.02e+28
     -13.2  -1.3e+29
     -13.9  5.64e+28
     -14.5 -8.07e+28
     -15.1  9.07e+28
     -15.8 -8.24e+28
     -16.4  8.51e+28
       -17 -1.25e+29
     -17.7 -2.09e+28
     -18.3 -5.02e+28
       -19  6.23e+28
     -19.6 -1.77e+28
     -20.2 -6.74e+28
     -20.9  8.78e+28
     -21.5  3.58e+28
     -22.1 -3.16e+28
     -22.8 -2.39e+28
     -23.4 -4.04e+27
       -24  1.46e+28
     -24.7 -3.23e+28
     -25.3 -1.33e+28
     -25.9 -9.77e+27
     -26.6 -2.67e+27
     -27.2   8.1e+27
     -27.9 -5.27e+27
     -28.5 -2.12e+27
     -29.1  3.42e+27
     -29.8  4.19e+26
     -30.4  -2.3e+27
       -31  3.61e+27
     -31.7 -5.74e+26
     -32.3 -5.89e+26
     -32.9 -3.62e+26
     -33.6  2.21e+25
     -34.2 -2.73e+25
     -34.8  3.23e+25
     -35.5 -1.74e+25
     -36.1  6.07e+25

pressure[atm]        = 0.01
temperature[K]           = 1700
energy step[1/cm]        = 236
maximum energy[kcal/mol] = 184

bimolecular PEDs:
   E, kcal    P1->P2
       184  5.35e+37
       184  5.84e+37
       183  6.38e+37
       182  6.97e+37
       182  7.61e+37
       181   8.3e+37
       180  9.06e+37
       180  9.88e+37
       179  1.08e+38
       178  1.17e+38
       178  1.28e+38
       177  1.39e+38
       176  1.52e+38
       176  1.65e+38
       175  1.79e+38
       174  1.95e+38
       173  2.12e+38
       173  2.31e+38
       172  2.51e+38
       171  2.72e+38
       171  2.95e+38
       170  3.21e+38
       169  3.48e+38
       169  3.77e+38
       168  4.09e+38
       167  4.43e+38
       167   4.8e+38
       166   5.2e+38
       165  5.63e+38
       165  6.09e+38
       164  6.59e+38
       163  7.12e+38
       163   7.7e+38
       162  8.32e+38
       161  8.98e+38
       161   9.7e+38
       160  1.05e+39
       159  1.13e+39
       159  1.22e+39
       158  1.31e+39
       157  1.41e+39
       157  1.52e+39
       156  1.64e+39
       155  1.76e+39
       155   1.9e+39
       154  2.04e+39
       153  2.19e+39
       153  2.35e+39
       152  2.53e+39
       151  2.71e+39
       151  2.91e+39
       150  3.12e+39
       149  3.34e+39
       148  3.58e+39
       148  3.84e+39
       147  4.11e+39
       146  4.39e+39
       146   4.7e+39
       145  5.02e+39
       144  5.37e+39
       144  5.73e+39
       143  6.12e+39
       142  6.53e+39
       142  6.96e+39
       141  7.42e+39
       140  7.91e+39
       140  8.42e+39
       139  8.96e+39
       138  9.53e+39
       138  1.01e+40
       137  1.08e+40
       136  1.14e+40
       136  1.21e+40
       135  1.29e+40
       134  1.37e+40
       134  1.45e+40
       133  1.54e+40
       132  1.63e+40
       132  1.72e+40
       131  1.82e+40
       130  1.92e+40
       130  2.03e+40
       129  2.15e+40
       128  2.27e+40
       128  2.39e+40
       127  2.52e+40
       126  2.65e+40
       126  2.79e+40
       125  2.94e+40
       124  3.09e+40
       123  3.25e+40
       123  3.41e+40
       122  3.58e+40
       121  3.76e+40
       121  3.94e+40
       120  4.13e+40
       119  4.33e+40
       119  4.53e+40
       118  4.74e+40
       117  4.95e+40
       117  5.17e+40
       116   5.4e+40
       115  5.63e+40
       115  5.87e+40
       114  6.11e+40
       113  6.36e+40
       113  6.62e+40
       112  6.88e+40
       111  7.15e+40
       111  7.42e+40
       110   7.7e+40
       109  7.98e+40
       109  8.27e+40
       108  8.56e+40
       107  8.86e+40
       107  9.15e+40
       106  9.45e+40
       105  9.76e+40
       105  1.01e+41
       104  1.04e+41
       103  1.07e+41
       103   1.1e+41
       102  1.13e+41
       101  1.16e+41
       101  1.19e+41
      99.8  1.22e+41
      99.2  1.25e+41
      98.5  1.28e+41
      97.8  1.31e+41
      97.1  1.34e+41
      96.5  1.37e+41
      95.8  1.39e+41
      95.1  1.42e+41
      94.4  1.45e+41
      93.8  1.47e+41
      93.1   1.5e+41
      92.4  1.52e+41
      91.7  1.54e+41
      91.1  1.56e+41
      90.4  1.58e+41
      89.7   1.6e+41
        89  1.62e+41
      88.4  1.63e+41
      87.7  1.65e+41
        87  1.66e+41
      86.3  1.67e+41
      85.7  1.68e+41
        85  1.69e+41
      84.3  1.69e+41
      83.6   1.7e+41
        83   1.7e+41
      82.3   1.7e+41
      81.6   1.7e+41
      80.9  1.69e+41
      80.2  1.69e+41
      79.6  1.68e+41
      78.9  1.67e+41
      78.2  1.66e+41
      77.5  1.65e+41
      76.9  1.63e+41
      76.2  1.61e+41
      75.5  1.59e+41
      74.8  1.57e+41
      74.2  1.55e+41
      73.5  1.53e+41
      72.8   1.5e+41
      72.1  1.47e+41
      71.5  1.44e+41
      70.8  1.41e+41
      70.1  1.38e+41
      69.4  1.35e+41
      68.8  1.31e+41
      68.1  1.28e+41
      67.4  1.24e+41
      66.7  1.21e+41
      66.1  1.17e+41
      65.4  1.13e+41
      64.7  1.09e+41
        64  1.05e+41
      63.4  1.01e+41
      62.7  9.74e+40
        62  9.35e+40
      61.3  8.95e+40
      60.7  8.56e+40
        60  8.17e+40
      59.3  7.78e+40
      58.6   7.4e+40
        58  7.02e+40
      57.3  6.65e+40
      56.6  6.29e+40
      55.9  5.93e+40
      55.2  5.59e+40
      54.6  5.25e+40
      53.9  4.92e+40
      53.2   4.6e+40
      52.5   4.3e+40
      51.9     4e+40
      51.2  3.72e+40
      50.5  3.45e+40
      49.8  3.19e+40
      49.2  2.95e+40
      48.5  2.71e+40
      47.8  2.49e+40
      47.1  2.28e+40
      46.5  2.08e+40
      45.8   1.9e+40
      45.1  1.73e+40
      44.4  1.56e+40
      43.8  1.41e+40
      43.1  1.27e+40
      42.4  1.14e+40
      41.7  1.02e+40
      41.1  9.13e+39
      40.4  8.13e+39
      39.7  7.21e+39
        39  6.37e+39
      38.4  5.61e+39
      37.7  4.92e+39
        37   4.3e+39
      36.3  3.75e+39
      35.7  3.25e+39
        35  2.81e+39
      34.3  2.42e+39
      33.6  2.07e+39
        33  1.77e+39
      32.3   1.5e+39
      31.6  1.27e+39
      30.9  1.07e+39
      30.3  8.96e+38
      29.6  7.46e+38
      28.9  6.18e+38
      28.2  5.09e+38
      27.5  4.17e+38
      26.9  3.39e+38
      26.2  2.75e+38
      25.5  2.21e+38
      24.8  1.77e+38
      24.2   1.4e+38
      23.5   1.1e+38
      22.8  8.64e+37
      22.1  6.71e+37
      21.5  5.16e+37
      20.8  3.94e+37
      20.1  2.98e+37
      19.4  2.24e+37
      18.8  1.66e+37
      18.1  1.22e+37
      17.4  8.86e+36
      16.7  6.36e+36
      16.1  4.51e+36
      15.4  3.16e+36
      14.7  2.18e+36
        14  1.48e+36
      13.4  9.94e+35
      12.7  6.54e+35
        12  4.22e+35
      11.3  2.67e+35
      10.7  1.65e+35
      9.98  9.98e+34
      9.31  5.86e+34
      8.63  3.34e+34
      7.95  1.84e+34
      7.28  9.72e+33
       6.6   4.9e+33
      5.93  2.34e+33
      5.25  1.05e+33
      4.58   4.3e+32
       3.9  1.58e+32
      3.23  4.89e+31
      2.55  1.35e+31
      1.87   9.6e+30
       1.2 -1.47e+30
     0.522  3.38e+30
    -0.153 -3.35e+30
    -0.829 -6.42e+30
      -1.5    -2e+30
     -2.18  1.12e+30
     -2.86 -4.49e+29
     -3.53  2.44e+29
     -4.21  1.32e+30
     -4.88 -5.83e+29
     -5.56   3.8e+30
     -6.23 -2.01e+30
     -6.91  5.43e+29
     -7.59  2.21e+29
     -8.26  4.67e+29
     -8.94 -5.26e+29
     -9.61 -5.17e+29
     -10.3  3.55e+29
       -11 -2.61e+29
     -11.6   4.5e+29
     -12.3  2.34e+29
       -13  6.57e+29
     -13.7 -5.08e+29
     -14.3  3.71e+29
       -15 -1.14e+29
     -15.7  5.71e+28
     -16.4 -6.14e+29
       -17 -6.67e+29
     -17.7  5.66e+29
     -18.4   3.5e+28
     -19.1 -2.14e+29
     -19.7  5.76e+28
     -20.4 -9.05e+28
     -21.1   1.3e+29
     -21.8  2.86e+28
     -22.4 -9.62e+28
     -23.1  2.24e+28
     -23.8  4.95e+28
     -24.5 -8.14e+28
     -25.2  8.27e+28
     -25.8 -7.21e+28
     -26.5   6.9e+27
     -27.2 -3.23e+27
     -27.9  8.78e+27
     -28.5 -1.28e+28
     -29.2 -5.09e+27
     -29.9  3.41e+26
     -30.6 -1.78e+27
     -31.2 -2.09e+26
     -31.9  1.35e+26
     -32.6  -6.2e+25
     -33.3   2.8e+25
     -33.9 -1.75e+24
     -34.6  2.37e+23
     -35.3 -1.82e+23
       -36  6.24e+23

pressure[atm]        = 0.1
temperature[K]           = 1700
energy step[1/cm]        = 236
maximum energy[kcal/mol] = 184

bimolecular PEDs:
   E, kcal    P1->P2
       184  5.35e+37
       184  5.84e+37
       183  6.38e+37
       182  6.97e+37
       182  7.61e+37
       181   8.3e+37
       180  9.06e+37
       180  9.88e+37
       179  1.08e+38
       178  1.17e+38
       178  1.28e+38
       177  1.39e+38
       176  1.52e+38
       176  1.65e+38
       175  1.79e+38
       174  1.95e+38
       173  2.12e+38
       173  2.31e+38
       172  2.51e+38
       171  2.72e+38
       171  2.95e+38
       170  3.21e+38
       169  3.48e+38
       169  3.77e+38
       168  4.09e+38
       167  4.43e+38
       167   4.8e+38
       166   5.2e+38
       165  5.63e+38
       165  6.09e+38
       164  6.59e+38
       163  7.12e+38
       163   7.7e+38
       162  8.32e+38
       161  8.98e+38
       161   9.7e+38
       160  1.05e+39
       159  1.13e+39
       159  1.22e+39
       158  1.31e+39
       157  1.41e+39
       157  1.52e+39
       156  1.64e+39
       155  1.76e+39
       155   1.9e+39
       154  2.04e+39
       153  2.19e+39
       153  2.35e+39
       152  2.53e+39
       151  2.71e+39
       151  2.91e+39
       150  3.12e+39
       149  3.34e+39
       148  3.58e+39
       148  3.84e+39
       147  4.11e+39
       146  4.39e+39
       146   4.7e+39
       145  5.02e+39
       144  5.37e+39
       144  5.73e+39
       143  6.12e+39
       142  6.53e+39
       142  6.96e+39
       141  7.42e+39
       140  7.91e+39
       140  8.42e+39
       139  8.96e+39
       138  9.53e+39
       138  1.01e+40
       137  1.08e+40
       136  1.14e+40
       136  1.21e+40
       135  1.29e+40
       134  1.37e+40
       134  1.45e+40
       133  1.54e+40
       132  1.63e+40
       132  1.72e+40
       131  1.82e+40
       130  1.92e+40
       130  2.03e+40
       129  2.15e+40
       128  2.27e+40
       128  2.39e+40
       127  2.52e+40
       126  2.65e+40
       126  2.79e+40
       125  2.94e+40
       124  3.09e+40
       123  3.25e+40
       123  3.41e+40
       122  3.58e+40
       121  3.76e+40
       121  3.94e+40
       120  4.13e+40
       119  4.33e+40
       119  4.53e+40
       118  4.74e+40
       117  4.95e+40
       117  5.17e+40
       116   5.4e+40
       115  5.63e+40
       115  5.87e+40
       114  6.11e+40
       113  6.36e+40
       113  6.62e+40
       112  6.88e+40
       111  7.15e+40
       111  7.42e+40
       110   7.7e+40
       109  7.98e+40
       109  8.27e+40
       108  8.56e+40
       107  8.86e+40
       107  9.15e+40
       106  9.45e+40
       105  9.76e+40
       105  1.01e+41
       104  1.04e+41
       103  1.07e+41
       103   1.1e+41
       102  1.13e+41
       101  1.16e+41
       101  1.19e+41
      99.8  1.22e+41
      99.2  1.25e+41
      98.5  1.28e+41
      97.8  1.31e+41
      97.1  1.34e+41
      96.5  1.37e+41
      95.8  1.39e+41
      95.1  1.42e+41
      94.4  1.45e+41
      93.8  1.47e+41
      93.1   1.5e+41
      92.4  1.52e+41
      91.7  1.54e+41
      91.1  1.56e+41
      90.4  1.58e+41
      89.7   1.6e+41
        89  1.62e+41
      88.4  1.63e+41
      87.7  1.65e+41
        87  1.66e+41
      86.3  1.67e+41
      85.7  1.68e+41
        85  1.69e+41
      84.3  1.69e+41
      83.6   1.7e+41
        83   1.7e+41
      82.3   1.7e+41
      81.6   1.7e+41
      80.9  1.69e+41
      80.2  1.69e+41
      79.6  1.68e+41
      78.9  1.67e+41
      78.2  1.66e+41
      77.5  1.65e+41
      76.9  1.63e+41
      76.2  1.61e+41
      75.5  1.59e+41
      74.8  1.57e+41
      74.2  1.55e+41
      73.5  1.53e+41
      72.8   1.5e+41
      72.1  1.47e+41
      71.5  1.44e+41
      70.8  1.41e+41
      70.1  1.38e+41
      69.4  1.35e+41
      68.8  1.31e+41
      68.1  1.28e+41
      67.4  1.24e+41
      66.7  1.21e+41
      66.1  1.17e+41
      65.4  1.13e+41
      64.7  1.09e+41
        64  1.05e+41
      63.4  1.01e+41
      62.7  9.74e+40
        62  9.35e+40
      61.3  8.95e+40
      60.7  8.56e+40
        60  8.17e+40
      59.3  7.78e+40
      58.6   7.4e+40
        58  7.02e+40
      57.3  6.65e+40
      56.6  6.29e+40
      55.9  5.93e+40
      55.2  5.59e+40
      54.6  5.25e+40
      53.9  4.92e+40
      53.2   4.6e+40
      52.5   4.3e+40
      51.9     4e+40
      51.2  3.72e+40
      50.5  3.45e+40
      49.8  3.19e+40
      49.2  2.95e+40
      48.5  2.71e+40
      47.8  2.49e+40
      47.1  2.28e+40
      46.5  2.08e+40
      45.8   1.9e+40
      45.1  1.73e+40
      44.4  1.56e+40
      43.8  1.41e+40
      43.1  1.27e+40
      42.4  1.14e+40
      41.7  1.02e+40
      41.1  9.13e+39
      40.4  8.13e+39
      39.7  7.21e+39
        39  6.37e+39
      38.4  5.61e+39
      37.7  4.92e+39
        37   4.3e+39
      36.3  3.75e+39
      35.7  3.25e+39
        35  2.81e+39
      34.3  2.42e+39
      33.6  2.07e+39
        33  1.77e+39
      32.3   1.5e+39
      31.6  1.27e+39
      30.9  1.07e+39
      30.3  8.96e+38
      29.6  7.46e+38
      28.9  6.18e+38
      28.2  5.09e+38
      27.5  4.17e+38
      26.9  3.39e+38
      26.2  2.75e+38
      25.5  2.21e+38
      24.8  1.77e+38
      24.2   1.4e+38
      23.5   1.1e+38
      22.8  8.64e+37
      22.1  6.71e+37
      21.5  5.16e+37
      20.8  3.94e+37
      20.1  2.98e+37
      19.4  2.24e+37
      18.8  1.66e+37
      18.1  1.22e+37
      17.4  8.86e+36
      16.7  6.36e+36
      16.1  4.51e+36
      15.4  3.16e+36
      14.7  2.18e+36
        14  1.48e+36
      13.4  9.94e+35
      12.7  6.54e+35
        12  4.22e+35
      11.3  2.67e+35
      10.7  1.65e+35
      9.98  9.98e+34
      9.31  5.86e+34
      8.63  3.34e+34
      7.95  1.84e+34
      7.28  9.73e+33
       6.6   4.9e+33
      5.93  2.32e+33
      5.25  1.03e+33
      4.58   4.3e+32
       3.9  1.63e+32
      3.23  5.09e+31
      2.55  7.41e+30
      1.87  6.78e+30
       1.2  -1.2e+29
     0.522  1.93e+30
    -0.153 -1.13e+30
    -0.829  1.72e+30
      -1.5 -8.58e+29
     -2.18  -1.2e+30
     -2.86 -4.22e+30
     -3.53 -4.86e+30
     -4.21 -8.56e+29
     -4.88 -3.17e+29
     -5.56 -8.06e+29
     -6.23 -1.19e+30
     -6.91 -1.31e+29
     -7.59  2.65e+29
     -8.26 -8.03e+29
     -8.94 -4.72e+28
     -9.61  9.28e+28
     -10.3 -8.66e+28
       -11 -3.77e+29
     -11.6  3.51e+29
     -12.3  2.98e+29
       -13 -3.04e+28
     -13.7  2.32e+28
     -14.3  5.43e+28
       -15  1.57e+29
     -15.7 -1.17e+29
     -16.4  4.94e+29
       -17 -2.74e+29
     -17.7 -6.57e+29
     -18.4  1.83e+29
     -19.1 -2.42e+29
     -19.7  -4.9e+28
     -20.4  7.68e+28
     -21.1  9.13e+28
     -21.8 -1.02e+29
     -22.4 -4.56e+28
     -23.1 -3.71e+28
     -23.8  1.22e+29
     -24.5  3.04e+28
     -25.2 -3.93e+28
     -25.8 -1.12e+28
     -26.5 -1.63e+28
     -27.2  4.69e+28
     -27.9 -5.29e+27
     -28.5 -6.21e+27
     -29.2  6.25e+27
     -29.9 -1.27e+27
     -30.6   5.1e+27
     -31.2  1.55e+27
     -31.9 -5.64e+26
     -32.6  2.46e+26
     -33.3  2.06e+25
     -33.9 -1.24e+25
     -34.6 -4.06e+24
     -35.3 -1.48e+24
       -36 -3.45e+24

pressure[atm]        = 1
temperature[K]           = 1700
energy step[1/cm]        = 236
maximum energy[kcal/mol] = 184

bimolecular PEDs:
   E, kcal    P1->P2
       184  5.35e+37
       184  5.84e+37
       183  6.38e+37
       182  6.97e+37
       182  7.61e+37
       181   8.3e+37
       180  9.06e+37
       180  9.88e+37
       179  1.08e+38
       178  1.17e+38
       178  1.28e+38
       177  1.39e+38
       176  1.52e+38
       176  1.65e+38
       175  1.79e+38
       174  1.95e+38
       173  2.12e+38
       173  2.31e+38
       172  2.51e+38
       171  2.72e+38
       171  2.95e+38
       170  3.21e+38
       169  3.48e+38
       169  3.77e+38
       168  4.09e+38
       167  4.43e+38
       167   4.8e+38
       166   5.2e+38
       165  5.63e+38
       165  6.09e+38
       164  6.59e+38
       163  7.12e+38
       163   7.7e+38
       162  8.32e+38
       161  8.98e+38
       161   9.7e+38
       160  1.05e+39
       159  1.13e+39
       159  1.22e+39
       158  1.31e+39
       157  1.41e+39
       157  1.52e+39
       156  1.64e+39
       155  1.76e+39
       155   1.9e+39
       154  2.04e+39
       153  2.19e+39
       153  2.35e+39
       152  2.53e+39
       151  2.71e+39
       151  2.91e+39
       150  3.12e+39
       149  3.34e+39
       148  3.58e+39
       148  3.84e+39
       147  4.11e+39
       146  4.39e+39
       146   4.7e+39
       145  5.02e+39
       144  5.37e+39
       144  5.73e+39
       143  6.12e+39
       142  6.53e+39
       142  6.96e+39
       141  7.42e+39
       140  7.91e+39
       140  8.42e+39
       139  8.96e+39
       138  9.53e+39
       138  1.01e+40
       137  1.08e+40
       136  1.14e+40
       136  1.21e+40
       135  1.29e+40
       134  1.37e+40
       134  1.45e+40
       133  1.54e+40
       132  1.63e+40
       132  1.72e+40
       131  1.82e+40
       130  1.92e+40
       130  2.03e+40
       129  2.15e+40
       128  2.27e+40
       128  2.39e+40
       127  2.52e+40
       126  2.65e+40
       126  2.79e+40
       125  2.94e+40
       124  3.09e+40
       123  3.25e+40
       123  3.41e+40
       122  3.58e+40
       121  3.76e+40
       121  3.94e+40
       120  4.13e+40
       119  4.33e+40
       119  4.53e+40
       118  4.74e+40
       117  4.95e+40
       117  5.17e+40
       116   5.4e+40
       115  5.63e+40
       115  5.87e+40
       114  6.11e+40
       113  6.36e+40
       113  6.62e+40
       112  6.88e+40
       111  7.15e+40
       111  7.42e+40
       110   7.7e+40
       109  7.98e+40
       109  8.27e+40
       108  8.56e+40
       107  8.86e+40
       107  9.15e+40
       106  9.45e+40
       105  9.76e+40
       105  1.01e+41
       104  1.04e+41
       103  1.07e+41
       103   1.1e+41
       102  1.13e+41
       101  1.16e+41
       101  1.19e+41
      99.8  1.22e+41
      99.2  1.25e+41
      98.5  1.28e+41
      97.8  1.31e+41
      97.1  1.34e+41
      96.5  1.37e+41
      95.8  1.39e+41
      95.1  1.42e+41
      94.4  1.45e+41
      93.8  1.47e+41
      93.1   1.5e+41
      92.4  1.52e+41
      91.7  1.54e+41
      91.1  1.56e+41
      90.4  1.58e+41
      89.7   1.6e+41
        89  1.62e+41
      88.4  1.63e+41
      87.7  1.65e+41
        87  1.66e+41
      86.3  1.67e+41
      85.7  1.68e+41
        85  1.69e+41
      84.3  1.69e+41
      83.6   1.7e+41
        83   1.7e+41
      82.3   1.7e+41
      81.6   1.7e+41
      80.9  1.69e+41
      80.2  1.69e+41
      79.6  1.68e+41
      78.9  1.67e+41
      78.2  1.66e+41
      77.5  1.65e+41
      76.9  1.63e+41
      76.2  1.61e+41
      75.5  1.59e+41
      74.8  1.57e+41
      74.2  1.55e+41
      73.5  1.53e+41
      72.8   1.5e+41
      72.1  1.47e+41
      71.5  1.44e+41
      70.8  1.41e+41
      70.1  1.38e+41
      69.4  1.35e+41
      68.8  1.31e+41
      68.1  1.28e+41
      67.4  1.24e+41
      66.7  1.21e+41
      66.1  1.17e+41
      65.4  1.13e+41
      64.7  1.09e+41
        64  1.05e+41
      63.4  1.01e+41
      62.7  9.74e+40
        62  9.35e+40
      61.3  8.95e+40
      60.7  8.56e+40
        60  8.17e+40
      59.3  7.78e+40
      58.6   7.4e+40
        58  7.02e+40
      57.3  6.65e+40
      56.6  6.29e+40
      55.9  5.93e+40
      55.2  5.59e+40
      54.6  5.25e+40
      53.9  4.92e+40
      53.2   4.6e+40
      52.5   4.3e+40
      51.9     4e+40
      51.2  3.72e+40
      50.5  3.45e+40
      49.8  3.19e+40
      49.2  2.95e+40
      48.5  2.71e+40
      47.8  2.49e+40
      47.1  2.28e+40
      46.5  2.08e+40
      45.8   1.9e+40
      45.1  1.73e+40
      44.4  1.56e+40
      43.8  1.41e+40
      43.1  1.27e+40
      42.4  1.14e+40
      41.7  1.02e+40
      41.1  9.13e+39
      40.4  8.13e+39
      39.7  7.21e+39
        39  6.37e+39
      38.4  5.61e+39
      37.7  4.92e+39
        37   4.3e+39
      36.3  3.75e+39
      35.7  3.25e+39
        35  2.81e+39
      34.3  2.42e+39
      33.6  2.07e+39
        33  1.77e+39
      32.3   1.5e+39
      31.6  1.27e+39
      30.9  1.07e+39
      30.3  8.96e+38
      29.6  7.46e+38
      28.9  6.18e+38
      28.2  5.09e+38
      27.5  4.17e+38
      26.9  3.39e+38
      26.2  2.75e+38
      25.5  2.21e+38
      24.8  1.77e+38
      24.2   1.4e+38
      23.5   1.1e+38
      22.8  8.64e+37
      22.1  6.71e+37
      21.5  5.16e+37
      20.8  3.94e+37
      20.1  2.98e+37
      19.4  2.24e+37
      18.8  1.66e+37
      18.1  1.22e+37
      17.4  8.86e+36
      16.7  6.36e+36
      16.1  4.51e+36
      15.4  3.16e+36
      14.7  2.18e+36
        14  1.48e+36
      13.4  9.94e+35
      12.7  6.54e+35
        12  4.22e+35
      11.3  2.67e+35
      10.7  1.65e+35
      9.98  9.98e+34
      9.31  5.87e+34
      8.63  3.34e+34
      7.95  1.84e+34
      7.28  9.73e+33
       6.6   4.9e+33
      5.93  2.34e+33
      5.25  1.04e+33
      4.58  4.18e+32
       3.9  1.54e+32
      3.23  4.69e+31
      2.55  1.39e+31
      1.87  3.32e+30
       1.2 -9.08e+29
     0.522  1.49e+30
    -0.153  3.61e+30
    -0.829 -4.05e+30
      -1.5  -3.4e+30
     -2.18  2.36e+30
     -2.86  3.41e+30
     -3.53  2.99e+30
     -4.21  8.04e+29
     -4.88 -3.94e+29
     -5.56 -9.26e+29
     -6.23  -9.9e+29
     -6.91  1.21e+30
     -7.59  1.46e+30
     -8.26  5.98e+29
     -8.94  3.81e+29
     -9.61  7.05e+29
     -10.3 -4.38e+29
       -11   3.8e+29
     -11.6 -7.12e+29
     -12.3  1.85e+29
       -13 -1.83e+29
     -13.7 -9.86e+28
     -14.3  2.62e+29
       -15 -1.02e+29
     -15.7  2.07e+28
     -16.4  3.53e+29
       -17 -5.64e+29
     -17.7 -3.84e+28
     -18.4 -1.13e+28
     -19.1  2.71e+28
     -19.7  2.13e+29
     -20.4  3.35e+28
     -21.1 -6.81e+28
     -21.8 -2.76e+29
     -22.4  1.65e+29
     -23.1  5.01e+28
     -23.8 -1.14e+29
     -24.5 -2.18e+28
     -25.2  -2.6e+28
     -25.8  1.07e+28
     -26.5  2.34e+27
     -27.2  1.18e+28
     -27.9 -3.03e+28
     -28.5  1.14e+28
     -29.2  1.33e+28
     -29.9 -6.13e+27
     -30.6  2.45e+27
     -31.2  1.87e+27
     -31.9 -2.49e+27
     -32.6  7.44e+26
     -33.3 -1.83e+26
     -33.9  1.43e+26
     -34.6  -4.6e+25
     -35.3  1.39e+25
       -36 -5.78e+24

pressure[atm]        = 10
temperature[K]           = 1700
energy step[1/cm]        = 236
maximum energy[kcal/mol] = 184

bimolecular PEDs:
   E, kcal    P1->P2
       184  5.35e+37
       184  5.84e+37
       183  6.38e+37
       182  6.97e+37
       182  7.61e+37
       181   8.3e+37
       180  9.06e+37
       180  9.88e+37
       179  1.08e+38
       178  1.17e+38
       178  1.28e+38
       177  1.39e+38
       176  1.52e+38
       176  1.65e+38
       175  1.79e+38
       174  1.95e+38
       173  2.12e+38
       173  2.31e+38
       172  2.51e+38
       171  2.72e+38
       171  2.95e+38
       170  3.21e+38
       169  3.48e+38
       169  3.77e+38
       168  4.09e+38
       167  4.43e+38
       167   4.8e+38
       166   5.2e+38
       165  5.63e+38
       165  6.09e+38
       164  6.59e+38
       163  7.12e+38
       163   7.7e+38
       162  8.32e+38
       161  8.98e+38
       161   9.7e+38
       160  1.05e+39
       159  1.13e+39
       159  1.22e+39
       158  1.31e+39
       157  1.41e+39
       157  1.52e+39
       156  1.64e+39
       155  1.76e+39
       155   1.9e+39
       154  2.04e+39
       153  2.19e+39
       153  2.35e+39
       152  2.53e+39
       151  2.71e+39
       151  2.91e+39
       150  3.12e+39
       149  3.34e+39
       148  3.58e+39
       148  3.84e+39
       147  4.11e+39
       146  4.39e+39
       146   4.7e+39
       145  5.02e+39
       144  5.37e+39
       144  5.73e+39
       143  6.12e+39
       142  6.53e+39
       142  6.96e+39
       141  7.42e+39
       140  7.91e+39
       140  8.42e+39
       139  8.96e+39
       138  9.53e+39
       138  1.01e+40
       137  1.08e+40
       136  1.14e+40
       136  1.21e+40
       135  1.29e+40
       134  1.37e+40
       134  1.45e+40
       133  1.54e+40
       132  1.63e+40
       132  1.72e+40
       131  1.82e+40
       130  1.92e+40
       130  2.03e+40
       129  2.15e+40
       128  2.27e+40
       128  2.39e+40
       127  2.52e+40
       126  2.65e+40
       126  2.79e+40
       125  2.94e+40
       124  3.09e+40
       123  3.25e+40
       123  3.41e+40
       122  3.58e+40
       121  3.76e+40
       121  3.94e+40
       120  4.13e+40
       119  4.33e+40
       119  4.53e+40
       118  4.74e+40
       117  4.95e+40
       117  5.17e+40
       116   5.4e+40
       115  5.63e+40
       115  5.87e+40
       114  6.11e+40
       113  6.36e+40
       113  6.62e+40
       112  6.88e+40
       111  7.15e+40
       111  7.42e+40
       110   7.7e+40
       109  7.98e+40
       109  8.27e+40
       108  8.56e+40
       107  8.85e+40
       107  9.15e+40
       106  9.45e+40
       105  9.76e+40
       105  1.01e+41
       104  1.04e+41
       103  1.07e+41
       103   1.1e+41
       102  1.13e+41
       101  1.16e+41
       101  1.19e+41
      99.8  1.22e+41
      99.2  1.25e+41
      98.5  1.28e+41
      97.8  1.31e+41
      97.1  1.34e+41
      96.5  1.37e+41
      95.8  1.39e+41
      95.1  1.42e+41
      94.4  1.45e+41
      93.8  1.47e+41
      93.1   1.5e+41
      92.4  1.52e+41
      91.7  1.54e+41
      91.1  1.56e+41
      90.4  1.58e+41
      89.7   1.6e+41
        89  1.62e+41
      88.4  1.63e+41
      87.7  1.65e+41
        87  1.66e+41
      86.3  1.67e+41
      85.7  1.68e+41
        85  1.69e+41
      84.3  1.69e+41
      83.6   1.7e+41
        83   1.7e+41
      82.3   1.7e+41
      81.6   1.7e+41
      80.9  1.69e+41
      80.2  1.69e+41
      79.6  1.68e+41
      78.9  1.67e+41
      78.2  1.66e+41
      77.5  1.65e+41
      76.9  1.63e+41
      76.2  1.61e+41
      75.5  1.59e+41
      74.8  1.57e+41
      74.2  1.55e+41
      73.5  1.53e+41
      72.8   1.5e+41
      72.1  1.47e+41
      71.5  1.44e+41
      70.8  1.41e+41
      70.1  1.38e+41
      69.4  1.35e+41
      68.8  1.31e+41
      68.1  1.28e+41
      67.4  1.24e+41
      66.7  1.21e+41
      66.1  1.17e+41
      65.4  1.13e+41
      64.7  1.09e+41
        64  1.05e+41
      63.4  1.01e+41
      62.7  9.74e+40
        62  9.35e+40
      61.3  8.95e+40
      60.7  8.56e+40
        60  8.17e+40
      59.3  7.78e+40
      58.6   7.4e+40
        58  7.02e+40
      57.3  6.65e+40
      56.6  6.29e+40
      55.9  5.93e+40
      55.2  5.59e+40
      54.6  5.25e+40
      53.9  4.92e+40
      53.2  4.61e+40
      52.5   4.3e+40
      51.9  4.01e+40
      51.2  3.72e+40
      50.5  3.45e+40
      49.8  3.19e+40
      49.2  2.95e+40
      48.5  2.71e+40
      47.8  2.49e+40
      47.1  2.28e+40
      46.5  2.08e+40
      45.8   1.9e+40
      45.1  1.73e+40
      44.4  1.56e+40
      43.8  1.41e+40
      43.1  1.27e+40
      42.4  1.14e+40
      41.7  1.02e+40
      41.1  9.13e+39
      40.4  8.13e+39
      39.7  7.21e+39
        39  6.37e+39
      38.4  5.61e+39
      37.7  4.92e+39
        37   4.3e+39
      36.3  3.75e+39
      35.7  3.25e+39
        35  2.81e+39
      34.3  2.42e+39
      33.6  2.07e+39
        33  1.77e+39
      32.3   1.5e+39
      31.6  1.27e+39
      30.9  1.07e+39
      30.3  8.96e+38
      29.6  7.46e+38
      28.9  6.18e+38
      28.2  5.09e+38
      27.5  4.17e+38
      26.9   3.4e+38
      26.2  2.75e+38
      25.5  2.21e+38
      24.8  1.77e+38
      24.2   1.4e+38
      23.5  1.11e+38
      22.8  8.64e+37
      22.1  6.71e+37
      21.5  5.17e+37
      20.8  3.94e+37
      20.1  2.98e+37
      19.4  2.24e+37
      18.8  1.66e+37
      18.1  1.22e+37
      17.4  8.86e+36
      16.7  6.37e+36
      16.1  4.52e+36
      15.4  3.16e+36
      14.7  2.18e+36
        14  1.49e+36
      13.4  9.95e+35
      12.7  6.55e+35
        12  4.23e+35
      11.3  2.68e+35
      10.7  1.66e+35
      9.98     1e+35
      9.31  5.89e+34
      8.63  3.36e+34
      7.95  1.86e+34
      7.28  9.84e+33
       6.6  4.98e+33
      5.93  2.41e+33
      5.25   1.1e+33
      4.58  4.68e+32
       3.9  1.82e+32
      3.23  6.33e+31
      2.55  2.62e+31
      1.87  1.31e+31
       1.2  4.15e+29
     0.522  6.69e+30
    -0.153  9.43e+30
    -0.829 -4.72e+30
      -1.5  2.02e+30
     -2.18  2.56e+30
     -2.86 -3.67e+30
     -3.53 -1.89e+30
     -4.21  1.71e+30
     -4.88 -2.23e+30
     -5.56 -2.02e+30
     -6.23  4.79e+29
     -6.91   1.2e+30
     -7.59  1.51e+29
     -8.26  1.78e+29
     -8.94  1.17e+30
     -9.61   3.3e+29
     -10.3  1.86e+29
       -11  3.03e+28
     -11.6 -1.04e+30
     -12.3 -3.39e+29
       -13  1.11e+28
     -13.7  2.72e+29
     -14.3  3.97e+27
       -15 -2.54e+29
     -15.7  2.08e+28
     -16.4  1.49e+29
       -17  -2.8e+29
     -17.7  3.55e+29
     -18.4  6.81e+28
     -19.1 -1.81e+29
     -19.7  2.24e+29
     -20.4  7.46e+28
     -21.1  1.04e+28
     -21.8 -2.44e+29
     -22.4 -1.32e+29
     -23.1 -1.36e+28
     -23.8  1.76e+29
     -24.5 -6.73e+28
     -25.2   3.9e+28
     -25.8  -6.2e+28
     -26.5  5.53e+27
     -27.2  4.09e+28
     -27.9  1.42e+28
     -28.5  2.21e+28
     -29.2 -4.34e+27
     -29.9 -2.24e+27
     -30.6 -3.03e+27
     -31.2 -2.65e+27
     -31.9 -1.54e+26
     -32.6  3.03e+26
     -33.3  7.93e+25
     -33.9 -1.03e+26
     -34.6  8.53e+25
     -35.3 -2.76e+25
       -36  8.28e+24

pressure[atm]        = 100
temperature[K]           = 1700
energy step[1/cm]        = 236
maximum energy[kcal/mol] = 184

bimolecular PEDs:
   E, kcal    P1->P2
       184  5.34e+37
       184  5.84e+37
       183  6.38e+37
       182  6.97e+37
       182   7.6e+37
       181   8.3e+37
       180  9.05e+37
       180  9.87e+37
       179  1.08e+38
       178  1.17e+38
       178  1.28e+38
       177  1.39e+38
       176  1.52e+38
       176  1.65e+38
       175  1.79e+38
       174  1.95e+38
       173  2.12e+38
       173  2.31e+38
       172  2.51e+38
       171  2.72e+38
       171  2.95e+38
       170  3.21e+38
       169  3.48e+38
       169  3.77e+38
       168  4.09e+38
       167  4.43e+38
       167   4.8e+38
       166   5.2e+38
       165  5.63e+38
       165  6.09e+38
       164  6.58e+38
       163  7.12e+38
       163   7.7e+38
       162  8.31e+38
       161  8.98e+38
       161  9.69e+38
       160  1.05e+39
       159  1.13e+39
       159  1.22e+39
       158  1.31e+39
       157  1.41e+39
       157  1.52e+39
       156  1.64e+39
       155  1.76e+39
       155   1.9e+39
       154  2.04e+39
       153  2.19e+39
       153  2.35e+39
       152  2.53e+39
       151  2.71e+39
       151  2.91e+39
       150  3.12e+39
       149  3.34e+39
       148  3.58e+39
       148  3.84e+39
       147  4.11e+39
       146  4.39e+39
       146   4.7e+39
       145  5.02e+39
       144  5.37e+39
       144  5.73e+39
       143  6.12e+39
       142  6.53e+39
       142  6.96e+39
       141  7.42e+39
       140  7.91e+39
       140  8.42e+39
       139  8.96e+39
       138  9.53e+39
       138  1.01e+40
       137  1.08e+40
       136  1.14e+40
       136  1.21e+40
       135  1.29e+40
       134  1.37e+40
       134  1.45e+40
       133  1.54e+40
       132  1.63e+40
       132  1.72e+40
       131  1.82e+40
       130  1.92e+40
       130  2.03e+40
       129  2.15e+40
       128  2.26e+40
       128  2.39e+40
       127  2.52e+40
       126  2.65e+40
       126  2.79e+40
       125  2.94e+40
       124  3.09e+40
       123  3.25e+40
       123  3.41e+40
       122  3.58e+40
       121  3.76e+40
       121  3.94e+40
       120  4.13e+40
       119  4.33e+40
       119  4.53e+40
       118  4.73e+40
       117  4.95e+40
       117  5.17e+40
       116   5.4e+40
       115  5.63e+40
       115  5.87e+40
       114  6.11e+40
       113  6.36e+40
       113  6.62e+40
       112  6.88e+40
       111  7.15e+40
       111  7.42e+40
       110   7.7e+40
       109  7.98e+40
       109  8.27e+40
       108  8.56e+40
       107  8.85e+40
       107  9.15e+40
       106  9.45e+40
       105  9.75e+40
       105  1.01e+41
       104  1.04e+41
       103  1.07e+41
       103   1.1e+41
       102  1.13e+41
       101  1.16e+41
       101  1.19e+41
      99.8  1.22e+41
      99.2  1.25e+41
      98.5  1.28e+41
      97.8  1.31e+41
      97.1  1.34e+41
      96.5  1.37e+41
      95.8  1.39e+41
      95.1  1.42e+41
      94.4  1.45e+41
      93.8  1.47e+41
      93.1   1.5e+41
      92.4  1.52e+41
      91.7  1.54e+41
      91.1  1.56e+41
      90.4  1.58e+41
      89.7   1.6e+41
        89  1.62e+41
      88.4  1.63e+41
      87.7  1.65e+41
        87  1.66e+41
      86.3  1.67e+41
      85.7  1.68e+41
        85  1.69e+41
      84.3  1.69e+41
      83.6   1.7e+41
        83   1.7e+41
      82.3   1.7e+41
      81.6   1.7e+41
      80.9  1.69e+41
      80.2  1.69e+41
      79.6  1.68e+41
      78.9  1.67e+41
      78.2  1.66e+41
      77.5  1.65e+41
      76.9  1.63e+41
      76.2  1.61e+41
      75.5  1.59e+41
      74.8  1.57e+41
      74.2  1.55e+41
      73.5  1.53e+41
      72.8   1.5e+41
      72.1  1.47e+41
      71.5  1.44e+41
      70.8  1.41e+41
      70.1  1.38e+41
      69.4  1.35e+41
      68.8  1.32e+41
      68.1  1.28e+41
      67.4  1.24e+41
      66.7  1.21e+41
      66.1  1.17e+41
      65.4  1.13e+41
      64.7  1.09e+41
        64  1.05e+41
      63.4  1.01e+41
      62.7  9.75e+40
        62  9.35e+40
      61.3  8.96e+40
      60.7  8.56e+40
        60  8.17e+40
      59.3  7.78e+40
      58.6   7.4e+40
        58  7.02e+40
      57.3  6.65e+40
      56.6  6.29e+40
      55.9  5.93e+40
      55.2  5.59e+40
      54.6  5.25e+40
      53.9  4.92e+40
      53.2  4.61e+40
      52.5   4.3e+40
      51.9  4.01e+40
      51.2  3.72e+40
      50.5  3.45e+40
      49.8  3.19e+40
      49.2  2.95e+40
      48.5  2.71e+40
      47.8  2.49e+40
      47.1  2.28e+40
      46.5  2.09e+40
      45.8   1.9e+40
      45.1  1.73e+40
      44.4  1.56e+40
      43.8  1.41e+40
      43.1  1.27e+40
      42.4  1.14e+40
      41.7  1.02e+40
      41.1  9.14e+39
      40.4  8.13e+39
      39.7  7.21e+39
        39  6.37e+39
      38.4  5.61e+39
      37.7  4.93e+39
        37  4.31e+39
      36.3  3.75e+39
      35.7  3.26e+39
        35  2.81e+39
      34.3  2.42e+39
      33.6  2.08e+39
        33  1.77e+39
      32.3  1.51e+39
      31.6  1.27e+39
      30.9  1.07e+39
      30.3  8.97e+38
      29.6  7.47e+38
      28.9  6.19e+38
      28.2   5.1e+38
      27.5  4.18e+38
      26.9   3.4e+38
      26.2  2.75e+38
      25.5  2.22e+38
      24.8  1.77e+38
      24.2  1.41e+38
      23.5  1.11e+38
      22.8  8.67e+37
      22.1  6.73e+37
      21.5  5.18e+37
      20.8  3.96e+37
      20.1     3e+37
      19.4  2.25e+37
      18.8  1.67e+37
      18.1  1.23e+37
      17.4  8.92e+36
      16.7  6.41e+36
      16.1  4.55e+36
      15.4  3.19e+36
      14.7  2.21e+36
        14   1.5e+36
      13.4  1.01e+36
      12.7  6.65e+35
        12  4.31e+35
      11.3  2.74e+35
      10.7   1.7e+35
      9.98  1.04e+35
      9.31  6.15e+34
      8.63  3.56e+34
      7.95     2e+34
      7.28  1.09e+34
       6.6  5.77e+33
      5.93  2.96e+33
      5.25   1.5e+33
      4.58  7.74e+32
       3.9     4e+32
      3.23  2.25e+32
      2.55  1.45e+32
      1.87   9.3e+31
       1.2  6.66e+31
     0.522  4.19e+31
    -0.153  3.32e+31
    -0.829   2.3e+31
      -1.5  1.15e+31
     -2.18  9.44e+30
     -2.86  5.21e+30
     -3.53  8.38e+30
     -4.21  4.52e+30
     -4.88   2.1e+30
     -5.56  2.53e+30
     -6.23  9.94e+29
     -6.91 -3.18e+29
     -7.59 -1.79e+30
     -8.26 -1.06e+30
     -8.94  1.39e+30
     -9.61 -6.43e+29
     -10.3 -7.06e+29
       -11 -1.22e+29
     -11.6 -3.53e+29
     -12.3 -5.57e+29
       -13  9.27e+29
     -13.7  4.19e+29
     -14.3  2.63e+29
       -15 -5.54e+29
     -15.7  3.56e+29
     -16.4 -5.14e+28
       -17  1.88e+29
     -17.7 -3.45e+29
     -18.4 -1.41e+28
     -19.1 -2.27e+29
     -19.7  3.86e+28
     -20.4 -1.49e+29
     -21.1  1.16e+29
     -21.8  9.39e+28
     -22.4  6.96e+28
     -23.1 -4.23e+28
     -23.8 -3.12e+28
     -24.5 -5.89e+28
     -25.2  3.63e+28
     -25.8   7.5e+28
     -26.5 -8.77e+27
     -27.2 -2.58e+28
     -27.9  4.47e+27
     -28.5  4.94e+28
     -29.2 -2.25e+27
     -29.9 -1.48e+28
     -30.6  1.58e+28
     -31.2 -2.73e+27
     -31.9  1.04e+27
     -32.6  6.41e+26
     -33.3  -1.3e+27
     -33.9  3.67e+26
     -34.6 -2.53e+25
     -35.3  4.46e+25
       -36 -3.29e+25

pressure[atm]        = 0.01
temperature[K]           = 1800
energy step[1/cm]        = 250
maximum energy[kcal/mol] = 198

bimolecular PEDs:
   E, kcal    P1->P2
       198   4.9e+38
       197  5.35e+38
       197  5.84e+38
       196  6.38e+38
       195  6.97e+38
       195   7.6e+38
       194  8.29e+38
       193  9.04e+38
       192  9.86e+38
       192  1.07e+39
       191  1.17e+39
       190  1.27e+39
       190  1.39e+39
       189  1.51e+39
       188  1.64e+39
       187  1.79e+39
       187  1.94e+39
       186  2.11e+39
       185  2.29e+39
       185  2.49e+39
       184   2.7e+39
       183  2.93e+39
       182  3.18e+39
       182  3.45e+39
       181  3.74e+39
       180  4.06e+39
       180  4.39e+39
       179  4.76e+39
       178  5.15e+39
       177  5.57e+39
       177  6.03e+39
       176  6.52e+39
       175  7.04e+39
       175  7.61e+39
       174  8.22e+39
       173  8.87e+39
       172  9.58e+39
       172  1.03e+40
       171  1.11e+40
       170   1.2e+40
       170  1.29e+40
       169  1.39e+40
       168   1.5e+40
       167  1.61e+40
       167  1.74e+40
       166  1.87e+40
       165  2.01e+40
       165  2.15e+40
       164  2.31e+40
       163  2.48e+40
       162  2.66e+40
       162  2.86e+40
       161  3.06e+40
       160  3.28e+40
       160  3.51e+40
       159  3.76e+40
       158  4.03e+40
       157  4.31e+40
       157   4.6e+40
       156  4.92e+40
       155  5.25e+40
       155  5.61e+40
       154  5.98e+40
       153  6.38e+40
       152   6.8e+40
       152  7.25e+40
       151  7.72e+40
       150  8.22e+40
       149  8.74e+40
       149   9.3e+40
       148  9.88e+40
       147  1.05e+41
       147  1.11e+41
       146  1.18e+41
       145  1.25e+41
       144  1.33e+41
       144  1.41e+41
       143  1.49e+41
       142  1.58e+41
       142  1.67e+41
       141  1.77e+41
       140  1.87e+41
       139  1.97e+41
       139  2.08e+41
       138   2.2e+41
       137  2.32e+41
       137  2.44e+41
       136  2.57e+41
       135   2.7e+41
       134  2.85e+41
       134  2.99e+41
       133  3.14e+41
       132   3.3e+41
       132  3.46e+41
       131  3.63e+41
       130  3.81e+41
       129  3.99e+41
       129  4.17e+41
       128  4.37e+41
       127  4.57e+41
       127  4.77e+41
       126  4.98e+41
       125   5.2e+41
       124  5.42e+41
       124  5.65e+41
       123  5.88e+41
       122  6.12e+41
       122  6.37e+41
       121  6.62e+41
       120  6.87e+41
       119  7.13e+41
       119   7.4e+41
       118  7.66e+41
       117  7.94e+41
       117  8.21e+41
       116  8.49e+41
       115  8.78e+41
       114  9.06e+41
       114  9.35e+41
       113  9.64e+41
       112  9.93e+41
       112  1.02e+42
       111  1.05e+42
       110  1.08e+42
       109  1.11e+42
       109  1.14e+42
       108  1.17e+42
       107   1.2e+42
       107  1.22e+42
       106  1.25e+42
       105  1.28e+42
       104   1.3e+42
       104  1.33e+42
       103  1.36e+42
       102  1.38e+42
       102   1.4e+42
       101  1.43e+42
       100  1.45e+42
      99.4  1.47e+42
      98.7  1.49e+42
        98  1.51e+42
      97.3  1.53e+42
      96.6  1.54e+42
      95.8  1.56e+42
      95.1  1.57e+42
      94.4  1.58e+42
      93.7  1.59e+42
        93   1.6e+42
      92.3  1.61e+42
      91.5  1.61e+42
      90.8  1.62e+42
      90.1  1.62e+42
      89.4  1.62e+42
      88.7  1.62e+42
        88  1.61e+42
      87.3  1.61e+42
      86.5   1.6e+42
      85.8  1.59e+42
      85.1  1.58e+42
      84.4  1.57e+42
      83.7  1.55e+42
        83  1.54e+42
      82.2  1.52e+42
      81.5   1.5e+42
      80.8  1.48e+42
      80.1  1.46e+42
      79.4  1.43e+42
      78.7  1.41e+42
        78  1.38e+42
      77.2  1.35e+42
      76.5  1.32e+42
      75.8  1.29e+42
      75.1  1.26e+42
      74.4  1.22e+42
      73.7  1.19e+42
      72.9  1.16e+42
      72.2  1.12e+42
      71.5  1.08e+42
      70.8  1.05e+42
      70.1  1.01e+42
      69.4  9.74e+41
      68.7  9.37e+41
      67.9  8.99e+41
      67.2  8.62e+41
      66.5  8.25e+41
      65.8  7.88e+41
      65.1  7.51e+41
      64.4  7.15e+41
      63.6  6.79e+41
      62.9  6.44e+41
      62.2   6.1e+41
      61.5  5.76e+41
      60.8  5.43e+41
      60.1  5.11e+41
      59.4   4.8e+41
      58.6  4.49e+41
      57.9   4.2e+41
      57.2  3.92e+41
      56.5  3.65e+41
      55.8  3.39e+41
      55.1  3.14e+41
      54.3  2.91e+41
      53.6  2.68e+41
      52.9  2.47e+41
      52.2  2.26e+41
      51.5  2.07e+41
      50.8  1.89e+41
      50.1  1.72e+41
      49.3  1.57e+41
      48.6  1.42e+41
      47.9  1.28e+41
      47.2  1.15e+41
      46.5  1.04e+41
      45.8  9.29e+40
        45  8.29e+40
      44.3  7.38e+40
      43.6  6.55e+40
      42.9  5.79e+40
      42.2   5.1e+40
      41.5  4.48e+40
      40.8  3.92e+40
        40  3.42e+40
      39.3  2.97e+40
      38.6  2.57e+40
      37.9  2.21e+40
      37.2   1.9e+40
      36.5  1.62e+40
      35.7  1.38e+40
        35  1.17e+40
      34.3  9.86e+39
      33.6  8.28e+39
      32.9  6.92e+39
      32.2  5.75e+39
      31.5  4.75e+39
      30.7  3.91e+39
        30  3.19e+39
      29.3  2.59e+39
      28.6   2.1e+39
      27.9  1.68e+39
      27.2  1.34e+39
      26.4  1.06e+39
      25.7  8.36e+38
        25  6.53e+38
      24.3  5.06e+38
      23.6  3.89e+38
      22.9  2.97e+38
      22.2  2.24e+38
      21.4  1.68e+38
      20.7  1.25e+38
        20  9.16e+37
      19.3  6.66e+37
      18.6  4.79e+37
      17.9   3.4e+37
      17.1  2.39e+37
      16.4  1.65e+37
      15.7  1.13e+37
        15  7.58e+36
      14.3  5.02e+36
      13.6  3.26e+36
      12.9  2.08e+36
      12.1   1.3e+36
      11.4  7.94e+35
      10.7  4.73e+35
      9.99  2.74e+35
      9.28  1.54e+35
      8.56  8.38e+34
      7.85  4.38e+34
      7.13  2.18e+34
      6.42  1.03e+34
       5.7  4.53e+33
      4.98  1.89e+33
      4.27  7.07e+32
      3.55  2.26e+32
      2.84  5.09e+31
      2.12  1.97e+31
      1.41  1.24e+31
     0.692  2.73e+30
   -0.0235  6.15e+30
    -0.739  2.81e+31
     -1.45 -1.86e+31
     -2.17  8.19e+30
     -2.89 -1.11e+30
      -3.6 -7.77e+30
     -4.32  1.32e+31
     -5.03 -3.24e+29
     -5.75 -2.78e+30
     -6.46  9.73e+29
     -7.18   2.8e+29
     -7.89  4.35e+30
     -8.61 -9.42e+29
     -9.32 -6.99e+29
       -10  1.26e+30
     -10.8  7.43e+29
     -11.5  1.07e+29
     -12.2  6.67e+29
     -12.9  1.87e+29
     -13.6 -3.39e+29
     -14.3   1.5e+29
       -15 -4.39e+29
     -15.8 -2.84e+29
     -16.5 -1.05e+30
     -17.2  3.75e+29
     -17.9  8.75e+29
     -18.6  6.48e+29
     -19.3 -7.01e+29
     -20.1  4.76e+29
     -20.8  -1.2e+29
     -21.5  2.59e+29
     -22.2  1.02e+29
     -22.9 -1.13e+29
     -23.6   4.5e+28
     -24.3  -1.1e+29
     -25.1  4.13e+28
     -25.8  2.84e+28
     -26.5  5.13e+28
     -27.2 -4.38e+28
     -27.9 -4.78e+27
     -28.6  1.42e+28
     -29.4 -1.21e+28
     -30.1  1.33e+28
     -30.8 -3.66e+27
     -31.5  1.33e+27
     -32.2 -8.41e+26
     -32.9   4.5e+25
     -33.6 -1.56e+25
     -34.4  3.68e+24
     -35.1 -2.64e+23
     -35.8 -1.78e+23
     -36.5 -7.89e+22

pressure[atm]        = 0.1
temperature[K]           = 1800
energy step[1/cm]        = 250
maximum energy[kcal/mol] = 198

bimolecular PEDs:
   E, kcal    P1->P2
       198   4.9e+38
       197  5.35e+38
       197  5.84e+38
       196  6.38e+38
       195  6.97e+38
       195   7.6e+38
       194  8.29e+38
       193  9.04e+38
       192  9.86e+38
       192  1.07e+39
       191  1.17e+39
       190  1.27e+39
       190  1.39e+39
       189  1.51e+39
       188  1.64e+39
       187  1.79e+39
       187  1.94e+39
       186  2.11e+39
       185  2.29e+39
       185  2.49e+39
       184   2.7e+39
       183  2.93e+39
       182  3.18e+39
       182  3.45e+39
       181  3.74e+39
       180  4.06e+39
       180  4.39e+39
       179  4.76e+39
       178  5.15e+39
       177  5.57e+39
       177  6.03e+39
       176  6.52e+39
       175  7.04e+39
       175  7.61e+39
       174  8.22e+39
       173  8.87e+39
       172  9.58e+39
       172  1.03e+40
       171  1.11e+40
       170   1.2e+40
       170  1.29e+40
       169  1.39e+40
       168   1.5e+40
       167  1.61e+40
       167  1.74e+40
       166  1.87e+40
       165  2.01e+40
       165  2.15e+40
       164  2.31e+40
       163  2.48e+40
       162  2.66e+40
       162  2.86e+40
       161  3.06e+40
       160  3.28e+40
       160  3.51e+40
       159  3.76e+40
       158  4.03e+40
       157  4.31e+40
       157   4.6e+40
       156  4.92e+40
       155  5.25e+40
       155  5.61e+40
       154  5.98e+40
       153  6.38e+40
       152   6.8e+40
       152  7.25e+40
       151  7.72e+40
       150  8.22e+40
       149  8.74e+40
       149   9.3e+40
       148  9.88e+40
       147  1.05e+41
       147  1.11e+41
       146  1.18e+41
       145  1.25e+41
       144  1.33e+41
       144  1.41e+41
       143  1.49e+41
       142  1.58e+41
       142  1.67e+41
       141  1.77e+41
       140  1.87e+41
       139  1.97e+41
       139  2.08e+41
       138   2.2e+41
       137  2.32e+41
       137  2.44e+41
       136  2.57e+41
       135   2.7e+41
       134  2.85e+41
       134  2.99e+41
       133  3.14e+41
       132   3.3e+41
       132  3.46e+41
       131  3.63e+41
       130  3.81e+41
       129  3.99e+41
       129  4.17e+41
       128  4.37e+41
       127  4.57e+41
       127  4.77e+41
       126  4.98e+41
       125   5.2e+41
       124  5.42e+41
       124  5.65e+41
       123  5.88e+41
       122  6.12e+41
       122  6.37e+41
       121  6.62e+41
       120  6.87e+41
       119  7.13e+41
       119   7.4e+41
       118  7.66e+41
       117  7.94e+41
       117  8.21e+41
       116  8.49e+41
       115  8.78e+41
       114  9.06e+41
       114  9.35e+41
       113  9.64e+41
       112  9.93e+41
       112  1.02e+42
       111  1.05e+42
       110  1.08e+42
       109  1.11e+42
       109  1.14e+42
       108  1.17e+42
       107   1.2e+42
       107  1.22e+42
       106  1.25e+42
       105  1.28e+42
       104   1.3e+42
       104  1.33e+42
       103  1.36e+42
       102  1.38e+42
       102   1.4e+42
       101  1.43e+42
       100  1.45e+42
      99.4  1.47e+42
      98.7  1.49e+42
        98  1.51e+42
      97.3  1.53e+42
      96.6  1.54e+42
      95.8  1.56e+42
      95.1  1.57e+42
      94.4  1.58e+42
      93.7  1.59e+42
        93   1.6e+42
      92.3  1.61e+42
      91.5  1.61e+42
      90.8  1.62e+42
      90.1  1.62e+42
      89.4  1.62e+42
      88.7  1.62e+42
        88  1.61e+42
      87.3  1.61e+42
      86.5   1.6e+42
      85.8  1.59e+42
      85.1  1.58e+42
      84.4  1.57e+42
      83.7  1.55e+42
        83  1.54e+42
      82.2  1.52e+42
      81.5   1.5e+42
      80.8  1.48e+42
      80.1  1.46e+42
      79.4  1.43e+42
      78.7  1.41e+42
        78  1.38e+42
      77.2  1.35e+42
      76.5  1.32e+42
      75.8  1.29e+42
      75.1  1.26e+42
      74.4  1.22e+42
      73.7  1.19e+42
      72.9  1.16e+42
      72.2  1.12e+42
      71.5  1.08e+42
      70.8  1.05e+42
      70.1  1.01e+42
      69.4  9.74e+41
      68.7  9.37e+41
      67.9  8.99e+41
      67.2  8.62e+41
      66.5  8.25e+41
      65.8  7.88e+41
      65.1  7.51e+41
      64.4  7.15e+41
      63.6  6.79e+41
      62.9  6.44e+41
      62.2   6.1e+41
      61.5  5.76e+41
      60.8  5.43e+41
      60.1  5.11e+41
      59.4   4.8e+41
      58.6  4.49e+41
      57.9   4.2e+41
      57.2  3.92e+41
      56.5  3.65e+41
      55.8  3.39e+41
      55.1  3.14e+41
      54.3  2.91e+41
      53.6  2.68e+41
      52.9  2.47e+41
      52.2  2.26e+41
      51.5  2.07e+41
      50.8  1.89e+41
      50.1  1.72e+41
      49.3  1.57e+41
      48.6  1.42e+41
      47.9  1.28e+41
      47.2  1.15e+41
      46.5  1.04e+41
      45.8  9.29e+40
        45  8.29e+40
      44.3  7.38e+40
      43.6  6.55e+40
      42.9  5.79e+40
      42.2   5.1e+40
      41.5  4.48e+40
      40.8  3.92e+40
        40  3.42e+40
      39.3  2.97e+40
      38.6  2.57e+40
      37.9  2.21e+40
      37.2   1.9e+40
      36.5  1.62e+40
      35.7  1.38e+40
        35  1.17e+40
      34.3  9.86e+39
      33.6  8.28e+39
      32.9  6.92e+39
      32.2  5.75e+39
      31.5  4.75e+39
      30.7  3.91e+39
        30  3.19e+39
      29.3  2.59e+39
      28.6   2.1e+39
      27.9  1.68e+39
      27.2  1.34e+39
      26.4  1.06e+39
      25.7  8.36e+38
        25  6.53e+38
      24.3  5.06e+38
      23.6  3.89e+38
      22.9  2.97e+38
      22.2  2.24e+38
      21.4  1.68e+38
      20.7  1.25e+38
        20  9.16e+37
      19.3  6.66e+37
      18.6  4.79e+37
      17.9   3.4e+37
      17.1  2.39e+37
      16.4  1.65e+37
      15.7  1.13e+37
        15  7.58e+36
      14.3  5.02e+36
      13.6  3.26e+36
      12.9  2.08e+36
      12.1   1.3e+36
      11.4  7.94e+35
      10.7  4.73e+35
      9.99  2.74e+35
      9.28  1.54e+35
      8.56  8.38e+34
      7.85  4.38e+34
      7.13  2.19e+34
      6.42  1.03e+34
       5.7  4.57e+33
      4.98  1.82e+33
      4.27  6.69e+32
      3.55  2.02e+32
      2.84  6.38e+31
      2.12   3.5e+31
      1.41  3.28e+31
     0.692  1.29e+31
   -0.0235 -3.57e+30
    -0.739 -5.55e+30
     -1.45  7.25e+30
     -2.17  4.63e+30
     -2.89  5.09e+30
      -3.6  8.52e+30
     -4.32  3.07e+30
     -5.03 -6.93e+30
     -5.75  3.19e+30
     -6.46 -5.38e+30
     -7.18  2.28e+30
     -7.89  1.26e+30
     -8.61  2.17e+30
     -9.32 -7.07e+29
       -10  7.79e+29
     -10.8  1.04e+30
     -11.5 -1.67e+28
     -12.2 -8.69e+29
     -12.9  7.25e+29
     -13.6  8.92e+28
     -14.3 -4.45e+29
       -15     7e+29
     -15.8  -1.9e+29
     -16.5   7.4e+29
     -17.2 -2.32e+30
     -17.9  2.91e+29
     -18.6  4.48e+29
     -19.3  8.83e+29
     -20.1 -6.42e+29
     -20.8  9.19e+29
     -21.5 -1.57e+30
     -22.2  5.37e+29
     -22.9  5.63e+29
     -23.6  3.44e+29
     -24.3 -3.18e+29
     -25.1 -1.73e+29
     -25.8  2.12e+29
     -26.5 -1.69e+28
     -27.2 -4.94e+28
     -27.9 -8.36e+28
     -28.6  3.77e+28
     -29.4 -1.34e+28
     -30.1 -3.63e+27
     -30.8  3.19e+27
     -31.5  -1.1e+27
     -32.2 -6.96e+26
     -32.9  6.65e+25
     -33.6  2.39e+25
     -34.4 -2.35e+25
     -35.1 -3.12e+24
     -35.8 -6.08e+24
     -36.5  1.44e+20

pressure[atm]        = 1
temperature[K]           = 1800
energy step[1/cm]        = 250
maximum energy[kcal/mol] = 198

bimolecular PEDs:
   E, kcal    P1->P2
       198   4.9e+38
       197  5.35e+38
       197  5.84e+38
       196  6.38e+38
       195  6.97e+38
       195   7.6e+38
       194  8.29e+38
       193  9.04e+38
       192  9.86e+38
       192  1.07e+39
       191  1.17e+39
       190  1.27e+39
       190  1.39e+39
       189  1.51e+39
       188  1.64e+39
       187  1.79e+39
       187  1.94e+39
       186  2.11e+39
       185  2.29e+39
       185  2.49e+39
       184   2.7e+39
       183  2.93e+39
       182  3.18e+39
       182  3.45e+39
       181  3.74e+39
       180  4.06e+39
       180  4.39e+39
       179  4.76e+39
       178  5.15e+39
       177  5.57e+39
       177  6.03e+39
       176  6.52e+39
       175  7.04e+39
       175  7.61e+39
       174  8.22e+39
       173  8.87e+39
       172  9.58e+39
       172  1.03e+40
       171  1.11e+40
       170   1.2e+40
       170  1.29e+40
       169  1.39e+40
       168   1.5e+40
       167  1.61e+40
       167  1.74e+40
       166  1.87e+40
       165  2.01e+40
       165  2.15e+40
       164  2.31e+40
       163  2.48e+40
       162  2.66e+40
       162  2.86e+40
       161  3.06e+40
       160  3.28e+40
       160  3.51e+40
       159  3.76e+40
       158  4.03e+40
       157  4.31e+40
       157   4.6e+40
       156  4.92e+40
       155  5.25e+40
       155  5.61e+40
       154  5.98e+40
       153  6.38e+40
       152   6.8e+40
       152  7.25e+40
       151  7.72e+40
       150  8.22e+40
       149  8.74e+40
       149   9.3e+40
       148  9.88e+40
       147  1.05e+41
       147  1.11e+41
       146  1.18e+41
       145  1.25e+41
       144  1.33e+41
       144  1.41e+41
       143  1.49e+41
       142  1.58e+41
       142  1.67e+41
       141  1.77e+41
       140  1.87e+41
       139  1.97e+41
       139  2.08e+41
       138   2.2e+41
       137  2.32e+41
       137  2.44e+41
       136  2.57e+41
       135   2.7e+41
       134  2.85e+41
       134  2.99e+41
       133  3.14e+41
       132   3.3e+41
       132  3.46e+41
       131  3.63e+41
       130  3.81e+41
       129  3.99e+41
       129  4.17e+41
       128  4.37e+41
       127  4.57e+41
       127  4.77e+41
       126  4.98e+41
       125   5.2e+41
       124  5.42e+41
       124  5.65e+41
       123  5.88e+41
       122  6.12e+41
       122  6.37e+41
       121  6.62e+41
       120  6.87e+41
       119  7.13e+41
       119   7.4e+41
       118  7.66e+41
       117  7.94e+41
       117  8.21e+41
       116  8.49e+41
       115  8.78e+41
       114  9.06e+41
       114  9.35e+41
       113  9.64e+41
       112  9.93e+41
       112  1.02e+42
       111  1.05e+42
       110  1.08e+42
       109  1.11e+42
       109  1.14e+42
       108  1.17e+42
       107   1.2e+42
       107  1.22e+42
       106  1.25e+42
       105  1.28e+42
       104   1.3e+42
       104  1.33e+42
       103  1.36e+42
       102  1.38e+42
       102   1.4e+42
       101  1.43e+42
       100  1.45e+42
      99.4  1.47e+42
      98.7  1.49e+42
        98  1.51e+42
      97.3  1.53e+42
      96.6  1.54e+42
      95.8  1.56e+42
      95.1  1.57e+42
      94.4  1.58e+42
      93.7  1.59e+42
        93   1.6e+42
      92.3  1.61e+42
      91.5  1.61e+42
      90.8  1.62e+42
      90.1  1.62e+42
      89.4  1.62e+42
      88.7  1.62e+42
        88  1.61e+42
      87.3  1.61e+42
      86.5   1.6e+42
      85.8  1.59e+42
      85.1  1.58e+42
      84.4  1.57e+42
      83.7  1.55e+42
        83  1.54e+42
      82.2  1.52e+42
      81.5   1.5e+42
      80.8  1.48e+42
      80.1  1.46e+42
      79.4  1.43e+42
      78.7  1.41e+42
        78  1.38e+42
      77.2  1.35e+42
      76.5  1.32e+42
      75.8  1.29e+42
      75.1  1.26e+42
      74.4  1.22e+42
      73.7  1.19e+42
      72.9  1.16e+42
      72.2  1.12e+42
      71.5  1.08e+42
      70.8  1.05e+42
      70.1  1.01e+42
      69.4  9.74e+41
      68.7  9.37e+41
      67.9  8.99e+41
      67.2  8.62e+41
      66.5  8.25e+41
      65.8  7.88e+41
      65.1  7.51e+41
      64.4  7.15e+41
      63.6  6.79e+41
      62.9  6.44e+41
      62.2   6.1e+41
      61.5  5.76e+41
      60.8  5.43e+41
      60.1  5.11e+41
      59.4   4.8e+41
      58.6  4.49e+41
      57.9   4.2e+41
      57.2  3.92e+41
      56.5  3.65e+41
      55.8  3.39e+41
      55.1  3.14e+41
      54.3  2.91e+41
      53.6  2.68e+41
      52.9  2.47e+41
      52.2  2.26e+41
      51.5  2.07e+41
      50.8  1.89e+41
      50.1  1.72e+41
      49.3  1.57e+41
      48.6  1.42e+41
      47.9  1.28e+41
      47.2  1.15e+41
      46.5  1.04e+41
      45.8  9.29e+40
        45  8.29e+40
      44.3  7.38e+40
      43.6  6.55e+40
      42.9  5.79e+40
      42.2   5.1e+40
      41.5  4.48e+40
      40.8  3.92e+40
        40  3.42e+40
      39.3  2.97e+40
      38.6  2.57e+40
      37.9  2.21e+40
      37.2   1.9e+40
      36.5  1.62e+40
      35.7  1.38e+40
        35  1.17e+40
      34.3  9.86e+39
      33.6  8.28e+39
      32.9  6.92e+39
      32.2  5.75e+39
      31.5  4.75e+39
      30.7  3.91e+39
        30  3.19e+39
      29.3  2.59e+39
      28.6   2.1e+39
      27.9  1.68e+39
      27.2  1.34e+39
      26.4  1.06e+39
      25.7  8.36e+38
        25  6.53e+38
      24.3  5.06e+38
      23.6  3.89e+38
      22.9  2.97e+38
      22.2  2.24e+38
      21.4  1.68e+38
      20.7  1.25e+38
        20  9.16e+37
      19.3  6.66e+37
      18.6  4.79e+37
      17.9   3.4e+37
      17.1  2.39e+37
      16.4  1.65e+37
      15.7  1.13e+37
        15  7.58e+36
      14.3  5.02e+36
      13.6  3.26e+36
      12.9  2.08e+36
      12.1   1.3e+36
      11.4  7.94e+35
      10.7  4.73e+35
      9.99  2.74e+35
      9.28  1.54e+35
      8.56  8.39e+34
      7.85  4.39e+34
      7.13  2.19e+34
      6.42  1.03e+34
       5.7  4.54e+33
      4.98  1.89e+33
      4.27  6.93e+32
      3.55  2.29e+32
      2.84  5.03e+31
      2.12 -1.67e+31
      1.41  3.02e+31
     0.692  1.63e+31
   -0.0235 -1.18e+31
    -0.739 -1.14e+30
     -1.45  6.67e+30
     -2.17 -6.45e+30
     -2.89 -1.47e+31
      -3.6 -9.53e+30
     -4.32  -2.5e+31
     -5.03 -4.55e+29
     -5.75  1.47e+31
     -6.46  8.73e+30
     -7.18 -1.51e+30
     -7.89 -2.23e+30
     -8.61 -1.76e+30
     -9.32  5.01e+30
       -10  1.67e+30
     -10.8 -2.02e+30
     -11.5  2.09e+30
     -12.2  1.55e+30
     -12.9  8.61e+29
     -13.6 -4.93e+29
     -14.3 -1.15e+30
       -15  1.86e+30
     -15.8  1.32e+30
     -16.5  2.27e+30
     -17.2 -1.72e+30
     -17.9 -4.57e+29
     -18.6 -2.59e+29
     -19.3  3.62e+29
     -20.1  8.21e+28
     -20.8 -4.73e+29
     -21.5  6.77e+29
     -22.2  1.58e+29
     -22.9 -6.04e+28
     -23.6 -3.19e+29
     -24.3  1.98e+29
     -25.1  6.02e+28
     -25.8  1.21e+28
     -26.5 -7.28e+28
     -27.2  4.96e+28
     -27.9 -1.32e+28
     -28.6 -6.46e+27
     -29.4  2.98e+28
     -30.1 -6.42e+28
     -30.8  1.41e+28
     -31.5  -8.2e+27
     -32.2  1.42e+27
     -32.9 -4.62e+26
     -33.6  1.32e+26
     -34.4 -2.47e+25
     -35.1 -1.19e+23
     -35.8  5.19e+24
     -36.5  8.25e+18

pressure[atm]        = 10
temperature[K]           = 1800
energy step[1/cm]        = 250
maximum energy[kcal/mol] = 198

bimolecular PEDs:
   E, kcal    P1->P2
       198   4.9e+38
       197  5.35e+38
       197  5.84e+38
       196  6.38e+38
       195  6.97e+38
       195   7.6e+38
       194  8.29e+38
       193  9.04e+38
       192  9.86e+38
       192  1.07e+39
       191  1.17e+39
       190  1.27e+39
       190  1.39e+39
       189  1.51e+39
       188  1.64e+39
       187  1.79e+39
       187  1.94e+39
       186  2.11e+39
       185  2.29e+39
       185  2.49e+39
       184   2.7e+39
       183  2.93e+39
       182  3.18e+39
       182  3.45e+39
       181  3.74e+39
       180  4.06e+39
       180  4.39e+39
       179  4.76e+39
       178  5.15e+39
       177  5.57e+39
       177  6.03e+39
       176  6.52e+39
       175  7.04e+39
       175  7.61e+39
       174  8.22e+39
       173  8.87e+39
       172  9.58e+39
       172  1.03e+40
       171  1.11e+40
       170   1.2e+40
       170  1.29e+40
       169  1.39e+40
       168   1.5e+40
       167  1.61e+40
       167  1.74e+40
       166  1.87e+40
       165  2.01e+40
       165  2.15e+40
       164  2.31e+40
       163  2.48e+40
       162  2.66e+40
       162  2.86e+40
       161  3.06e+40
       160  3.28e+40
       160  3.51e+40
       159  3.76e+40
       158  4.03e+40
       157  4.31e+40
       157   4.6e+40
       156  4.92e+40
       155  5.25e+40
       155  5.61e+40
       154  5.98e+40
       153  6.38e+40
       152   6.8e+40
       152  7.25e+40
       151  7.72e+40
       150  8.22e+40
       149  8.74e+40
       149   9.3e+40
       148  9.88e+40
       147  1.05e+41
       147  1.11e+41
       146  1.18e+41
       145  1.25e+41
       144  1.33e+41
       144  1.41e+41
       143  1.49e+41
       142  1.58e+41
       142  1.67e+41
       141  1.77e+41
       140  1.87e+41
       139  1.97e+41
       139  2.08e+41
       138   2.2e+41
       137  2.32e+41
       137  2.44e+41
       136  2.57e+41
       135   2.7e+41
       134  2.85e+41
       134  2.99e+41
       133  3.14e+41
       132   3.3e+41
       132  3.46e+41
       131  3.63e+41
       130  3.81e+41
       129  3.99e+41
       129  4.17e+41
       128  4.37e+41
       127  4.57e+41
       127  4.77e+41
       126  4.98e+41
       125   5.2e+41
       124  5.42e+41
       124  5.65e+41
       123  5.88e+41
       122  6.12e+41
       122  6.37e+41
       121  6.62e+41
       120  6.87e+41
       119  7.13e+41
       119   7.4e+41
       118  7.66e+41
       117  7.94e+41
       117  8.21e+41
       116  8.49e+41
       115  8.78e+41
       114  9.06e+41
       114  9.35e+41
       113  9.64e+41
       112  9.93e+41
       112  1.02e+42
       111  1.05e+42
       110  1.08e+42
       109  1.11e+42
       109  1.14e+42
       108  1.17e+42
       107   1.2e+42
       107  1.22e+42
       106  1.25e+42
       105  1.28e+42
       104   1.3e+42
       104  1.33e+42
       103  1.36e+42
       102  1.38e+42
       102   1.4e+42
       101  1.43e+42
       100  1.45e+42
      99.4  1.47e+42
      98.7  1.49e+42
        98  1.51e+42
      97.3  1.53e+42
      96.6  1.54e+42
      95.8  1.56e+42
      95.1  1.57e+42
      94.4  1.58e+42
      93.7  1.59e+42
        93   1.6e+42
      92.3  1.61e+42
      91.5  1.61e+42
      90.8  1.62e+42
      90.1  1.62e+42
      89.4  1.62e+42
      88.7  1.62e+42
        88  1.61e+42
      87.3  1.61e+42
      86.5   1.6e+42
      85.8  1.59e+42
      85.1  1.58e+42
      84.4  1.57e+42
      83.7  1.55e+42
        83  1.54e+42
      82.2  1.52e+42
      81.5   1.5e+42
      80.8  1.48e+42
      80.1  1.46e+42
      79.4  1.43e+42
      78.7  1.41e+42
        78  1.38e+42
      77.2  1.35e+42
      76.5  1.32e+42
      75.8  1.29e+42
      75.1  1.26e+42
      74.4  1.22e+42
      73.7  1.19e+42
      72.9  1.16e+42
      72.2  1.12e+42
      71.5  1.08e+42
      70.8  1.05e+42
      70.1  1.01e+42
      69.4  9.74e+41
      68.7  9.37e+41
      67.9  8.99e+41
      67.2  8.62e+41
      66.5  8.25e+41
      65.8  7.88e+41
      65.1  7.51e+41
      64.4  7.15e+41
      63.6  6.79e+41
      62.9  6.44e+41
      62.2   6.1e+41
      61.5  5.76e+41
      60.8  5.43e+41
      60.1  5.11e+41
      59.4   4.8e+41
      58.6  4.49e+41
      57.9   4.2e+41
      57.2  3.92e+41
      56.5  3.65e+41
      55.8  3.39e+41
      55.1  3.14e+41
      54.3  2.91e+41
      53.6  2.68e+41
      52.9  2.47e+41
      52.2  2.26e+41
      51.5  2.07e+41
      50.8  1.89e+41
      50.1  1.72e+41
      49.3  1.57e+41
      48.6  1.42e+41
      47.9  1.28e+41
      47.2  1.15e+41
      46.5  1.04e+41
      45.8  9.29e+40
        45  8.29e+40
      44.3  7.38e+40
      43.6  6.55e+40
      42.9  5.79e+40
      42.2   5.1e+40
      41.5  4.48e+40
      40.8  3.92e+40
        40  3.42e+40
      39.3  2.97e+40
      38.6  2.57e+40
      37.9  2.21e+40
      37.2   1.9e+40
      36.5  1.62e+40
      35.7  1.38e+40
        35  1.17e+40
      34.3  9.87e+39
      33.6  8.28e+39
      32.9  6.92e+39
      32.2  5.75e+39
      31.5  4.75e+39
      30.7  3.91e+39
        30  3.19e+39
      29.3   2.6e+39
      28.6   2.1e+39
      27.9  1.68e+39
      27.2  1.34e+39
      26.4  1.06e+39
      25.7  8.36e+38
        25  6.53e+38
      24.3  5.06e+38
      23.6  3.89e+38
      22.9  2.97e+38
      22.2  2.24e+38
      21.4  1.68e+38
      20.7  1.25e+38
        20  9.17e+37
      19.3  6.66e+37
      18.6  4.79e+37
      17.9   3.4e+37
      17.1  2.39e+37
      16.4  1.65e+37
      15.7  1.13e+37
        15  7.59e+36
      14.3  5.02e+36
      13.6  3.27e+36
      12.9  2.08e+36
      12.1   1.3e+36
      11.4  7.96e+35
      10.7  4.75e+35
      9.99  2.76e+35
      9.28  1.55e+35
      8.56  8.46e+34
      7.85  4.43e+34
      7.13  2.22e+34
      6.42  1.06e+34
       5.7  4.82e+33
      4.98  2.03e+33
      4.27  7.97e+32
      3.55  2.89e+32
      2.84  1.06e+32
      2.12  5.13e+31
      1.41  3.07e+31
     0.692  1.24e+31
   -0.0235  1.76e+31
    -0.739  6.46e+30
     -1.45 -3.35e+30
     -2.17  8.82e+29
     -2.89  1.75e+31
      -3.6  1.05e+30
     -4.32  2.89e+30
     -5.03 -2.52e+30
     -5.75 -8.45e+30
     -6.46  3.33e+30
     -7.18 -7.07e+29
     -7.89  1.41e+30
     -8.61  4.12e+30
     -9.32  -3.4e+30
       -10 -2.05e+30
     -10.8  1.65e+30
     -11.5  5.87e+29
     -12.2  3.32e+29
     -12.9 -1.13e+29
     -13.6  1.35e+30
     -14.3  7.43e+29
       -15  1.15e+29
     -15.8 -3.18e+29
     -16.5 -2.46e+30
     -17.2 -7.51e+29
     -17.9  -1.9e+30
     -18.6  1.02e+29
     -19.3  1.16e+30
     -20.1  1.01e+30
     -20.8  1.51e+29
     -21.5 -7.11e+29
     -22.2  1.81e+29
     -22.9 -9.39e+28
     -23.6  -4.2e+29
     -24.3  9.34e+29
     -25.1 -4.96e+29
     -25.8  2.77e+28
     -26.5   1.6e+29
     -27.2 -1.06e+28
     -27.9 -1.08e+29
     -28.6  1.27e+29
     -29.4 -3.72e+28
     -30.1  2.17e+28
     -30.8 -2.59e+28
     -31.5  1.01e+28
     -32.2 -4.26e+27
     -32.9  2.14e+27
     -33.6 -2.75e+26
     -34.4 -4.76e+25
     -35.1 -8.07e+24
     -35.8 -2.33e+25
     -36.5 -6.52e+19

pressure[atm]        = 100
temperature[K]           = 1800
energy step[1/cm]        = 250
maximum energy[kcal/mol] = 198

bimolecular PEDs:
   E, kcal    P1->P2
       198  4.89e+38
       197  5.35e+38
       197  5.84e+38
       196  6.38e+38
       195  6.96e+38
       195   7.6e+38
       194  8.29e+38
       193  9.04e+38
       192  9.85e+38
       192  1.07e+39
       191  1.17e+39
       190  1.27e+39
       190  1.39e+39
       189  1.51e+39
       188  1.64e+39
       187  1.79e+39
       187  1.94e+39
       186  2.11e+39
       185  2.29e+39
       185  2.49e+39
       184   2.7e+39
       183  2.93e+39
       182  3.18e+39
       182  3.45e+39
       181  3.74e+39
       180  4.05e+39
       180  4.39e+39
       179  4.76e+39
       178  5.15e+39
       177  5.57e+39
       177  6.03e+39
       176  6.52e+39
       175  7.04e+39
       175  7.61e+39
       174  8.22e+39
       173  8.87e+39
       172  9.57e+39
       172  1.03e+40
       171  1.11e+40
       170   1.2e+40
       170  1.29e+40
       169  1.39e+40
       168   1.5e+40
       167  1.61e+40
       167  1.74e+40
       166  1.87e+40
       165  2.01e+40
       165  2.15e+40
       164  2.31e+40
       163  2.48e+40
       162  2.66e+40
       162  2.86e+40
       161  3.06e+40
       160  3.28e+40
       160  3.51e+40
       159  3.76e+40
       158  4.02e+40
       157   4.3e+40
       157   4.6e+40
       156  4.92e+40
       155  5.25e+40
       155  5.61e+40
       154  5.98e+40
       153  6.38e+40
       152   6.8e+40
       152  7.25e+40
       151  7.72e+40
       150  8.22e+40
       149  8.74e+40
       149   9.3e+40
       148  9.88e+40
       147  1.05e+41
       147  1.11e+41
       146  1.18e+41
       145  1.25e+41
       144  1.33e+41
       144  1.41e+41
       143  1.49e+41
       142  1.58e+41
       142  1.67e+41
       141  1.77e+41
       140  1.87e+41
       139  1.97e+41
       139  2.08e+41
       138   2.2e+41
       137  2.32e+41
       137  2.44e+41
       136  2.57e+41
       135   2.7e+41
       134  2.84e+41
       134  2.99e+41
       133  3.14e+41
       132   3.3e+41
       132  3.46e+41
       131  3.63e+41
       130  3.81e+41
       129  3.99e+41
       129  4.17e+41
       128  4.37e+41
       127  4.57e+41
       127  4.77e+41
       126  4.98e+41
       125   5.2e+41
       124  5.42e+41
       124  5.65e+41
       123  5.88e+41
       122  6.12e+41
       122  6.37e+41
       121  6.62e+41
       120  6.87e+41
       119  7.13e+41
       119   7.4e+41
       118  7.66e+41
       117  7.94e+41
       117  8.21e+41
       116  8.49e+41
       115  8.78e+41
       114  9.06e+41
       114  9.35e+41
       113  9.64e+41
       112  9.93e+41
       112  1.02e+42
       111  1.05e+42
       110  1.08e+42
       109  1.11e+42
       109  1.14e+42
       108  1.17e+42
       107   1.2e+42
       107  1.22e+42
       106  1.25e+42
       105  1.28e+42
       104   1.3e+42
       104  1.33e+42
       103  1.36e+42
       102  1.38e+42
       102   1.4e+42
       101  1.43e+42
       100  1.45e+42
      99.4  1.47e+42
      98.7  1.49e+42
        98  1.51e+42
      97.3  1.53e+42
      96.6  1.54e+42
      95.8  1.56e+42
      95.1  1.57e+42
      94.4  1.58e+42
      93.7  1.59e+42
        93   1.6e+42
      92.3  1.61e+42
      91.5  1.61e+42
      90.8  1.62e+42
      90.1  1.62e+42
      89.4  1.62e+42
      88.7  1.62e+42
        88  1.61e+42
      87.3  1.61e+42
      86.5   1.6e+42
      85.8  1.59e+42
      85.1  1.58e+42
      84.4  1.57e+42
      83.7  1.55e+42
        83  1.54e+42
      82.2  1.52e+42
      81.5   1.5e+42
      80.8  1.48e+42
      80.1  1.46e+42
      79.4  1.43e+42
      78.7  1.41e+42
        78  1.38e+42
      77.2  1.35e+42
      76.5  1.32e+42
      75.8  1.29e+42
      75.1  1.26e+42
      74.4  1.22e+42
      73.7  1.19e+42
      72.9  1.16e+42
      72.2  1.12e+42
      71.5  1.08e+42
      70.8  1.05e+42
      70.1  1.01e+42
      69.4  9.74e+41
      68.7  9.37e+41
      67.9     9e+41
      67.2  8.62e+41
      66.5  8.25e+41
      65.8  7.88e+41
      65.1  7.51e+41
      64.4  7.15e+41
      63.6  6.79e+41
      62.9  6.44e+41
      62.2   6.1e+41
      61.5  5.76e+41
      60.8  5.43e+41
      60.1  5.11e+41
      59.4   4.8e+41
      58.6   4.5e+41
      57.9   4.2e+41
      57.2  3.92e+41
      56.5  3.65e+41
      55.8  3.39e+41
      55.1  3.14e+41
      54.3  2.91e+41
      53.6  2.68e+41
      52.9  2.47e+41
      52.2  2.26e+41
      51.5  2.07e+41
      50.8  1.89e+41
      50.1  1.72e+41
      49.3  1.57e+41
      48.6  1.42e+41
      47.9  1.28e+41
      47.2  1.16e+41
      46.5  1.04e+41
      45.8  9.29e+40
        45   8.3e+40
      44.3  7.38e+40
      43.6  6.55e+40
      42.9  5.79e+40
      42.2   5.1e+40
      41.5  4.48e+40
      40.8  3.92e+40
        40  3.42e+40
      39.3  2.97e+40
      38.6  2.57e+40
      37.9  2.21e+40
      37.2   1.9e+40
      36.5  1.62e+40
      35.7  1.38e+40
        35  1.17e+40
      34.3  9.88e+39
      33.6  8.29e+39
      32.9  6.93e+39
      32.2  5.76e+39
      31.5  4.76e+39
      30.7  3.91e+39
        30   3.2e+39
      29.3   2.6e+39
      28.6   2.1e+39
      27.9  1.69e+39
      27.2  1.34e+39
      26.4  1.07e+39
      25.7  8.38e+38
        25  6.55e+38
      24.3  5.08e+38
      23.6   3.9e+38
      22.9  2.98e+38
      22.2  2.25e+38
      21.4  1.69e+38
      20.7  1.25e+38
        20  9.21e+37
      19.3   6.7e+37
      18.6  4.82e+37
      17.9  3.43e+37
      17.1  2.41e+37
      16.4  1.67e+37
      15.7  1.14e+37
        15  7.68e+36
      14.3  5.09e+36
      13.6  3.32e+36
      12.9  2.12e+36
      12.1  1.33e+36
      11.4  8.19e+35
      10.7  4.92e+35
      9.99  2.88e+35
      9.28  1.65e+35
      8.56  9.14e+34
      7.85  4.93e+34
      7.13  2.58e+34
      6.42  1.32e+34
       5.7  6.63e+33
      4.98  3.41e+33
      4.27   1.7e+33
      3.55  9.61e+32
      2.84  5.44e+32
      2.12  3.56e+32
      1.41  2.54e+32
     0.692  2.01e+32
   -0.0235  1.41e+32
    -0.739  7.57e+31
     -1.45  5.64e+31
     -2.17  3.08e+31
     -2.89  2.81e+31
      -3.6   3.9e+31
     -4.32   2.5e+31
     -5.03   6.8e+30
     -5.75  1.09e+31
     -6.46  6.64e+30
     -7.18 -2.27e+30
     -7.89 -8.55e+28
     -8.61  1.53e+30
     -9.32  1.77e+30
       -10  6.85e+30
     -10.8  -2.6e+30
     -11.5 -3.78e+30
     -12.2   1.2e+30
     -12.9 -1.98e+30
     -13.6  -1.1e+30
     -14.3   1.2e+30
       -15 -1.54e+30
     -15.8 -1.33e+30
     -16.5 -1.05e+30
     -17.2 -9.56e+29
     -17.9  3.54e+29
     -18.6  -1.4e+30
     -19.3  4.45e+28
     -20.1  3.03e+29
     -20.8  3.63e+29
     -21.5  3.72e+29
     -22.2 -2.16e+29
     -22.9  2.62e+29
     -23.6  1.22e+29
     -24.3 -1.18e+29
     -25.1  4.92e+29
     -25.8 -7.63e+26
     -26.5 -1.64e+29
     -27.2  2.49e+28
     -27.9  1.09e+28
     -28.6 -6.32e+28
     -29.4  3.59e+28
     -30.1 -7.87e+26
     -30.8 -1.66e+28
     -31.5 -2.36e+28
     -32.2  8.27e+27
     -32.9 -3.81e+26
     -33.6  5.76e+25
     -34.4  1.39e+26
     -35.1 -7.08e+25
     -35.8  6.56e+25
     -36.5 -2.05e+18

pressure[atm]        = 0.01
temperature[K]           = 1900
energy step[1/cm]        = 264
maximum energy[kcal/mol] = 212

bimolecular PEDs:
   E, kcal    P1->P2
       212  4.03e+39
       211   4.4e+39
       211  4.81e+39
       210  5.25e+39
       209  5.73e+39
       208  6.25e+39
       208  6.82e+39
       207  7.44e+39
       206  8.11e+39
       205  8.83e+39
       205  9.62e+39
       204  1.05e+40
       203  1.14e+40
       202  1.24e+40
       201  1.35e+40
       201  1.47e+40
       200   1.6e+40
       199  1.74e+40
       198  1.89e+40
       198  2.05e+40
       197  2.22e+40
       196  2.41e+40
       195  2.62e+40
       195  2.84e+40
       194  3.08e+40
       193  3.34e+40
       192  3.61e+40
       192  3.91e+40
       191  4.24e+40
       190  4.58e+40
       189  4.96e+40
       189  5.36e+40
       188  5.79e+40
       187  6.26e+40
       186  6.76e+40
       186   7.3e+40
       185  7.88e+40
       184   8.5e+40
       183  9.16e+40
       183  9.88e+40
       182  1.06e+41
       181  1.15e+41
       180  1.23e+41
       180  1.33e+41
       179  1.43e+41
       178  1.54e+41
       177  1.65e+41
       177  1.77e+41
       176   1.9e+41
       175  2.04e+41
       174  2.19e+41
       174  2.35e+41
       173  2.52e+41
       172   2.7e+41
       171  2.89e+41
       171   3.1e+41
       170  3.31e+41
       169  3.55e+41
       168  3.79e+41
       168  4.05e+41
       167  4.33e+41
       166  4.62e+41
       165  4.93e+41
       164  5.26e+41
       164  5.61e+41
       163  5.97e+41
       162  6.36e+41
       161  6.77e+41
       161  7.21e+41
       160  7.66e+41
       159  8.15e+41
       158  8.66e+41
       158  9.19e+41
       157  9.76e+41
       156  1.03e+42
       155   1.1e+42
       155  1.16e+42
       154  1.23e+42
       153   1.3e+42
       152  1.38e+42
       152  1.46e+42
       151  1.54e+42
       150  1.63e+42
       149  1.72e+42
       149  1.81e+42
       148  1.91e+42
       147  2.02e+42
       146  2.12e+42
       146  2.24e+42
       145  2.35e+42
       144  2.47e+42
       143   2.6e+42
       143  2.73e+42
       142  2.87e+42
       141  3.01e+42
       140  3.15e+42
       140   3.3e+42
       139  3.46e+42
       138  3.62e+42
       137  3.78e+42
       137  3.96e+42
       136  4.13e+42
       135  4.31e+42
       134   4.5e+42
       134  4.69e+42
       133  4.88e+42
       132  5.08e+42
       131  5.29e+42
       131   5.5e+42
       130  5.71e+42
       129  5.93e+42
       128  6.15e+42
       127  6.38e+42
       127  6.61e+42
       126  6.84e+42
       125  7.08e+42
       124  7.31e+42
       124  7.56e+42
       123   7.8e+42
       122  8.04e+42
       121  8.29e+42
       121  8.54e+42
       120  8.78e+42
       119  9.03e+42
       118  9.28e+42
       118  9.52e+42
       117  9.77e+42
       116     1e+43
       115  1.03e+43
       115  1.05e+43
       114  1.07e+43
       113   1.1e+43
       112  1.12e+43
       112  1.14e+43
       111  1.16e+43
       110  1.18e+43
       109   1.2e+43
       109  1.22e+43
       108  1.24e+43
       107  1.26e+43
       106  1.27e+43
       106  1.29e+43
       105   1.3e+43
       104  1.32e+43
       103  1.33e+43
       103  1.34e+43
       102  1.35e+43
       101  1.36e+43
       100  1.37e+43
      99.5  1.37e+43
      98.8  1.38e+43
        98  1.38e+43
      97.3  1.38e+43
      96.5  1.38e+43
      95.8  1.38e+43
        95  1.38e+43
      94.3  1.37e+43
      93.5  1.37e+43
      92.7  1.36e+43
        92  1.35e+43
      91.2  1.34e+43
      90.5  1.33e+43
      89.7  1.31e+43
        89   1.3e+43
      88.2  1.28e+43
      87.5  1.26e+43
      86.7  1.24e+43
        86  1.22e+43
      85.2   1.2e+43
      84.4  1.18e+43
      83.7  1.15e+43
      82.9  1.13e+43
      82.2   1.1e+43
      81.4  1.07e+43
      80.7  1.05e+43
      79.9  1.02e+43
      79.2  9.87e+42
      78.4  9.57e+42
      77.6  9.27e+42
      76.9  8.96e+42
      76.1  8.65e+42
      75.4  8.33e+42
      74.6  8.02e+42
      73.9   7.7e+42
      73.1  7.38e+42
      72.4  7.07e+42
      71.6  6.76e+42
      70.8  6.44e+42
      70.1  6.14e+42
      69.3  5.83e+42
      68.6  5.54e+42
      67.8  5.24e+42
      67.1  4.96e+42
      66.3  4.68e+42
      65.6   4.4e+42
      64.8  4.14e+42
      64.1  3.88e+42
      63.3  3.63e+42
      62.5  3.39e+42
      61.8  3.16e+42
        61  2.94e+42
      60.3  2.73e+42
      59.5  2.53e+42
      58.8  2.34e+42
        58  2.15e+42
      57.3  1.98e+42
      56.5  1.81e+42
      55.7  1.66e+42
        55  1.51e+42
      54.2  1.38e+42
      53.5  1.25e+42
      52.7  1.13e+42
        52  1.02e+42
      51.2  9.21e+41
      50.5  8.27e+41
      49.7   7.4e+41
        49   6.6e+41
      48.2  5.87e+41
      47.4  5.21e+41
      46.7   4.6e+41
      45.9  4.05e+41
      45.2  3.56e+41
      44.4  3.11e+41
      43.7  2.71e+41
      42.9  2.36e+41
      42.2  2.04e+41
      41.4  1.76e+41
      40.6  1.51e+41
      39.9  1.29e+41
      39.1   1.1e+41
      38.4  9.32e+40
      37.6  7.86e+40
      36.9  6.61e+40
      36.1  5.52e+40
      35.4   4.6e+40
      34.6   3.8e+40
      33.8  3.13e+40
      33.1  2.57e+40
      32.3  2.09e+40
      31.6  1.69e+40
      30.8  1.36e+40
      30.1  1.09e+40
      29.3  8.66e+39
      28.6  6.84e+39
      27.8  5.36e+39
      27.1  4.17e+39
      26.3  3.22e+39
      25.5  2.47e+39
      24.8  1.88e+39
        24  1.41e+39
      23.3  1.06e+39
      22.5  7.81e+38
      21.8  5.72e+38
        21  4.15e+38
      20.3  2.97e+38
      19.5  2.11e+38
      18.7  1.48e+38
        18  1.02e+38
      17.2  6.96e+37
      16.5  4.67e+37
      15.7  3.09e+37
        15  2.01e+37
      14.2  1.28e+37
      13.5  8.03e+36
      12.7  4.92e+36
      11.9  2.95e+36
      11.2  1.72e+36
      10.4  9.75e+35
      9.68  5.36e+35
      8.93  2.84e+35
      8.17  1.45e+35
      7.42  7.01e+34
      6.66  3.21e+34
      5.91  1.38e+34
      5.15   5.5e+33
       4.4  1.89e+33
      3.64  5.27e+32
      2.89  9.45e+31
      2.13  -3.1e+31
      1.38  -1.9e+31
     0.622 -1.33e+31
    -0.133 -5.58e+31
    -0.888 -4.15e+31
     -1.64 -3.32e+31
      -2.4 -6.03e+30
     -3.15 -3.51e+31
     -3.91 -2.58e+31
     -4.66  2.48e+31
     -5.42 -1.08e+31
     -6.17 -2.57e+31
     -6.93 -4.94e+30
     -7.68  9.21e+29
     -8.44 -5.91e+30
     -9.19  5.08e+30
     -9.95  3.46e+30
     -10.7 -2.06e+30
     -11.5  6.64e+29
     -12.2  -1.3e+30
       -13  3.13e+30
     -13.7  1.63e+30
     -14.5 -1.18e+31
     -15.2  8.73e+30
       -16  2.94e+30
     -16.7  1.21e+30
     -17.5   3.9e+30
     -18.3 -4.55e+30
       -19  4.96e+30
     -19.8  1.93e+30
     -20.5 -5.67e+29
     -21.3 -1.31e+30
       -22 -4.14e+29
     -22.8  -1.3e+30
     -23.5  -1.4e+30
     -24.3 -4.06e+29
     -25.1 -3.95e+29
     -25.8  -1.6e+29
     -26.6 -4.55e+28
     -27.3  4.25e+28
     -28.1 -1.37e+29
     -28.8  6.28e+28
     -29.6  9.65e+27
     -30.3 -8.03e+26
     -31.1  1.92e+27
     -31.8 -1.97e+27
     -32.6  2.98e+26
     -33.4 -8.37e+25
     -34.1  4.39e+25
     -34.9 -1.35e+25
     -35.6  2.77e+24
     -36.4 -7.86e+25

pressure[atm]        = 0.1
temperature[K]           = 1900
energy step[1/cm]        = 264
maximum energy[kcal/mol] = 212

bimolecular PEDs:
   E, kcal    P1->P2
       212  4.03e+39
       211   4.4e+39
       211  4.81e+39
       210  5.25e+39
       209  5.73e+39
       208  6.25e+39
       208  6.82e+39
       207  7.44e+39
       206  8.11e+39
       205  8.83e+39
       205  9.62e+39
       204  1.05e+40
       203  1.14e+40
       202  1.24e+40
       201  1.35e+40
       201  1.47e+40
       200   1.6e+40
       199  1.74e+40
       198  1.89e+40
       198  2.05e+40
       197  2.22e+40
       196  2.41e+40
       195  2.62e+40
       195  2.84e+40
       194  3.08e+40
       193  3.34e+40
       192  3.61e+40
       192  3.91e+40
       191  4.24e+40
       190  4.58e+40
       189  4.96e+40
       189  5.36e+40
       188  5.79e+40
       187  6.26e+40
       186  6.76e+40
       186   7.3e+40
       185  7.88e+40
       184   8.5e+40
       183  9.16e+40
       183  9.88e+40
       182  1.06e+41
       181  1.15e+41
       180  1.23e+41
       180  1.33e+41
       179  1.43e+41
       178  1.54e+41
       177  1.65e+41
       177  1.77e+41
       176   1.9e+41
       175  2.04e+41
       174  2.19e+41
       174  2.35e+41
       173  2.52e+41
       172   2.7e+41
       171  2.89e+41
       171   3.1e+41
       170  3.31e+41
       169  3.55e+41
       168  3.79e+41
       168  4.05e+41
       167  4.33e+41
       166  4.62e+41
       165  4.93e+41
       164  5.26e+41
       164  5.61e+41
       163  5.97e+41
       162  6.36e+41
       161  6.77e+41
       161  7.21e+41
       160  7.66e+41
       159  8.15e+41
       158  8.66e+41
       158  9.19e+41
       157  9.76e+41
       156  1.03e+42
       155   1.1e+42
       155  1.16e+42
       154  1.23e+42
       153   1.3e+42
       152  1.38e+42
       152  1.46e+42
       151  1.54e+42
       150  1.63e+42
       149  1.72e+42
       149  1.81e+42
       148  1.91e+42
       147  2.02e+42
       146  2.12e+42
       146  2.24e+42
       145  2.35e+42
       144  2.47e+42
       143   2.6e+42
       143  2.73e+42
       142  2.87e+42
       141  3.01e+42
       140  3.15e+42
       140   3.3e+42
       139  3.46e+42
       138  3.62e+42
       137  3.78e+42
       137  3.96e+42
       136  4.13e+42
       135  4.31e+42
       134   4.5e+42
       134  4.69e+42
       133  4.88e+42
       132  5.08e+42
       131  5.29e+42
       131   5.5e+42
       130  5.71e+42
       129  5.93e+42
       128  6.15e+42
       127  6.38e+42
       127  6.61e+42
       126  6.84e+42
       125  7.08e+42
       124  7.31e+42
       124  7.56e+42
       123   7.8e+42
       122  8.04e+42
       121  8.29e+42
       121  8.54e+42
       120  8.78e+42
       119  9.03e+42
       118  9.28e+42
       118  9.52e+42
       117  9.77e+42
       116     1e+43
       115  1.03e+43
       115  1.05e+43
       114  1.07e+43
       113   1.1e+43
       112  1.12e+43
       112  1.14e+43
       111  1.16e+43
       110  1.18e+43
       109   1.2e+43
       109  1.22e+43
       108  1.24e+43
       107  1.26e+43
       106  1.27e+43
       106  1.29e+43
       105   1.3e+43
       104  1.32e+43
       103  1.33e+43
       103  1.34e+43
       102  1.35e+43
       101  1.36e+43
       100  1.37e+43
      99.5  1.37e+43
      98.8  1.38e+43
        98  1.38e+43
      97.3  1.38e+43
      96.5  1.38e+43
      95.8  1.38e+43
        95  1.38e+43
      94.3  1.37e+43
      93.5  1.37e+43
      92.7  1.36e+43
        92  1.35e+43
      91.2  1.34e+43
      90.5  1.33e+43
      89.7  1.31e+43
        89   1.3e+43
      88.2  1.28e+43
      87.5  1.26e+43
      86.7  1.24e+43
        86  1.22e+43
      85.2   1.2e+43
      84.4  1.18e+43
      83.7  1.15e+43
      82.9  1.13e+43
      82.2   1.1e+43
      81.4  1.07e+43
      80.7  1.05e+43
      79.9  1.02e+43
      79.2  9.87e+42
      78.4  9.57e+42
      77.6  9.27e+42
      76.9  8.96e+42
      76.1  8.65e+42
      75.4  8.33e+42
      74.6  8.02e+42
      73.9   7.7e+42
      73.1  7.38e+42
      72.4  7.07e+42
      71.6  6.76e+42
      70.8  6.44e+42
      70.1  6.14e+42
      69.3  5.83e+42
      68.6  5.54e+42
      67.8  5.24e+42
      67.1  4.96e+42
      66.3  4.68e+42
      65.6   4.4e+42
      64.8  4.14e+42
      64.1  3.88e+42
      63.3  3.63e+42
      62.5  3.39e+42
      61.8  3.16e+42
        61  2.94e+42
      60.3  2.73e+42
      59.5  2.53e+42
      58.8  2.34e+42
        58  2.15e+42
      57.3  1.98e+42
      56.5  1.81e+42
      55.7  1.66e+42
        55  1.51e+42
      54.2  1.38e+42
      53.5  1.25e+42
      52.7  1.13e+42
        52  1.02e+42
      51.2  9.21e+41
      50.5  8.27e+41
      49.7   7.4e+41
        49   6.6e+41
      48.2  5.87e+41
      47.4  5.21e+41
      46.7   4.6e+41
      45.9  4.05e+41
      45.2  3.56e+41
      44.4  3.11e+41
      43.7  2.71e+41
      42.9  2.36e+41
      42.2  2.04e+41
      41.4  1.76e+41
      40.6  1.51e+41
      39.9  1.29e+41
      39.1   1.1e+41
      38.4  9.32e+40
      37.6  7.86e+40
      36.9  6.61e+40
      36.1  5.52e+40
      35.4   4.6e+40
      34.6   3.8e+40
      33.8  3.13e+40
      33.1  2.57e+40
      32.3  2.09e+40
      31.6  1.69e+40
      30.8  1.36e+40
      30.1  1.09e+40
      29.3  8.66e+39
      28.6  6.84e+39
      27.8  5.36e+39
      27.1  4.17e+39
      26.3  3.22e+39
      25.5  2.47e+39
      24.8  1.88e+39
        24  1.41e+39
      23.3  1.06e+39
      22.5  7.81e+38
      21.8  5.72e+38
        21  4.15e+38
      20.3  2.97e+38
      19.5  2.11e+38
      18.7  1.48e+38
        18  1.02e+38
      17.2  6.96e+37
      16.5  4.67e+37
      15.7  3.09e+37
        15  2.01e+37
      14.2  1.28e+37
      13.5  8.03e+36
      12.7  4.92e+36
      11.9  2.95e+36
      11.2  1.72e+36
      10.4  9.75e+35
      9.68  5.36e+35
      8.93  2.84e+35
      8.17  1.45e+35
      7.42  7.02e+34
      6.66  3.21e+34
      5.91  1.36e+34
      5.15  5.37e+33
       4.4  1.99e+33
      3.64  5.89e+32
      2.89  1.16e+32
      2.13 -2.73e+31
      1.38 -4.69e+31
     0.622 -1.02e+30
    -0.133  -6.7e+31
    -0.888  2.28e+31
     -1.64 -1.14e+31
      -2.4 -3.06e+31
     -3.15 -3.41e+31
     -3.91  4.07e+31
     -4.66  4.09e+30
     -5.42  1.47e+31
     -6.17  1.99e+31
     -6.93  1.55e+31
     -7.68  1.38e+31
     -8.44  1.52e+31
     -9.19 -6.72e+30
     -9.95 -9.92e+29
     -10.7 -4.32e+30
     -11.5  8.37e+30
     -12.2  1.14e+29
       -13  9.31e+29
     -13.7 -7.59e+29
     -14.5 -4.35e+30
     -15.2  4.56e+30
       -16   2.5e+30
     -16.7  1.08e+31
     -17.5 -4.11e+30
     -18.3 -3.09e+30
       -19  3.23e+30
     -19.8  5.15e+30
     -20.5  1.27e+30
     -21.3  6.31e+29
       -22  1.74e+30
     -22.8  -2.8e+29
     -23.5 -1.28e+30
     -24.3  6.87e+29
     -25.1  7.76e+29
     -25.8 -2.58e+29
     -26.6 -4.42e+29
     -27.3  2.77e+29
     -28.1 -1.19e+28
     -28.8 -4.99e+28
     -29.6  4.32e+29
     -30.3 -2.57e+28
     -31.1  1.29e+28
     -31.8  -4.6e+27
     -32.6  2.61e+27
     -33.4 -1.14e+27
     -34.1  2.89e+26
     -34.9 -5.13e+25
     -35.6  2.82e+25
     -36.4 -2.87e+26

pressure[atm]        = 1
temperature[K]           = 1900
energy step[1/cm]        = 264
maximum energy[kcal/mol] = 212

bimolecular PEDs:
   E, kcal    P1->P2
       212  4.03e+39
       211   4.4e+39
       211  4.81e+39
       210  5.25e+39
       209  5.73e+39
       208  6.25e+39
       208  6.82e+39
       207  7.44e+39
       206  8.11e+39
       205  8.83e+39
       205  9.62e+39
       204  1.05e+40
       203  1.14e+40
       202  1.24e+40
       201  1.35e+40
       201  1.47e+40
       200   1.6e+40
       199  1.74e+40
       198  1.89e+40
       198  2.05e+40
       197  2.22e+40
       196  2.41e+40
       195  2.62e+40
       195  2.84e+40
       194  3.08e+40
       193  3.34e+40
       192  3.61e+40
       192  3.91e+40
       191  4.24e+40
       190  4.58e+40
       189  4.96e+40
       189  5.36e+40
       188  5.79e+40
       187  6.26e+40
       186  6.76e+40
       186   7.3e+40
       185  7.88e+40
       184   8.5e+40
       183  9.16e+40
       183  9.88e+40
       182  1.06e+41
       181  1.15e+41
       180  1.23e+41
       180  1.33e+41
       179  1.43e+41
       178  1.54e+41
       177  1.65e+41
       177  1.77e+41
       176   1.9e+41
       175  2.04e+41
       174  2.19e+41
       174  2.35e+41
       173  2.52e+41
       172   2.7e+41
       171  2.89e+41
       171   3.1e+41
       170  3.31e+41
       169  3.55e+41
       168  3.79e+41
       168  4.05e+41
       167  4.33e+41
       166  4.62e+41
       165  4.93e+41
       164  5.26e+41
       164  5.61e+41
       163  5.97e+41
       162  6.36e+41
       161  6.77e+41
       161  7.21e+41
       160  7.66e+41
       159  8.15e+41
       158  8.66e+41
       158  9.19e+41
       157  9.76e+41
       156  1.03e+42
       155   1.1e+42
       155  1.16e+42
       154  1.23e+42
       153   1.3e+42
       152  1.38e+42
       152  1.46e+42
       151  1.54e+42
       150  1.63e+42
       149  1.72e+42
       149  1.81e+42
       148  1.91e+42
       147  2.02e+42
       146  2.12e+42
       146  2.24e+42
       145  2.35e+42
       144  2.47e+42
       143   2.6e+42
       143  2.73e+42
       142  2.87e+42
       141  3.01e+42
       140  3.15e+42
       140   3.3e+42
       139  3.46e+42
       138  3.62e+42
       137  3.78e+42
       137  3.96e+42
       136  4.13e+42
       135  4.31e+42
       134   4.5e+42
       134  4.69e+42
       133  4.88e+42
       132  5.08e+42
       131  5.29e+42
       131   5.5e+42
       130  5.71e+42
       129  5.93e+42
       128  6.15e+42
       127  6.38e+42
       127  6.61e+42
       126  6.84e+42
       125  7.08e+42
       124  7.31e+42
       124  7.56e+42
       123   7.8e+42
       122  8.04e+42
       121  8.29e+42
       121  8.54e+42
       120  8.78e+42
       119  9.03e+42
       118  9.28e+42
       118  9.52e+42
       117  9.77e+42
       116     1e+43
       115  1.03e+43
       115  1.05e+43
       114  1.07e+43
       113   1.1e+43
       112  1.12e+43
       112  1.14e+43
       111  1.16e+43
       110  1.18e+43
       109   1.2e+43
       109  1.22e+43
       108  1.24e+43
       107  1.26e+43
       106  1.27e+43
       106  1.29e+43
       105   1.3e+43
       104  1.32e+43
       103  1.33e+43
       103  1.34e+43
       102  1.35e+43
       101  1.36e+43
       100  1.37e+43
      99.5  1.37e+43
      98.8  1.38e+43
        98  1.38e+43
      97.3  1.38e+43
      96.5  1.38e+43
      95.8  1.38e+43
        95  1.38e+43
      94.3  1.37e+43
      93.5  1.37e+43
      92.7  1.36e+43
        92  1.35e+43
      91.2  1.34e+43
      90.5  1.33e+43
      89.7  1.31e+43
        89   1.3e+43
      88.2  1.28e+43
      87.5  1.26e+43
      86.7  1.24e+43
        86  1.22e+43
      85.2   1.2e+43
      84.4  1.18e+43
      83.7  1.15e+43
      82.9  1.13e+43
      82.2   1.1e+43
      81.4  1.07e+43
      80.7  1.05e+43
      79.9  1.02e+43
      79.2  9.87e+42
      78.4  9.57e+42
      77.6  9.27e+42
      76.9  8.96e+42
      76.1  8.65e+42
      75.4  8.33e+42
      74.6  8.02e+42
      73.9   7.7e+42
      73.1  7.38e+42
      72.4  7.07e+42
      71.6  6.76e+42
      70.8  6.44e+42
      70.1  6.14e+42
      69.3  5.83e+42
      68.6  5.54e+42
      67.8  5.24e+42
      67.1  4.96e+42
      66.3  4.68e+42
      65.6   4.4e+42
      64.8  4.14e+42
      64.1  3.88e+42
      63.3  3.63e+42
      62.5  3.39e+42
      61.8  3.16e+42
        61  2.94e+42
      60.3  2.73e+42
      59.5  2.53e+42
      58.8  2.34e+42
        58  2.15e+42
      57.3  1.98e+42
      56.5  1.81e+42
      55.7  1.66e+42
        55  1.51e+42
      54.2  1.38e+42
      53.5  1.25e+42
      52.7  1.13e+42
        52  1.02e+42
      51.2  9.21e+41
      50.5  8.27e+41
      49.7   7.4e+41
        49   6.6e+41
      48.2  5.87e+41
      47.4  5.21e+41
      46.7   4.6e+41
      45.9  4.05e+41
      45.2  3.56e+41
      44.4  3.11e+41
      43.7  2.71e+41
      42.9  2.36e+41
      42.2  2.04e+41
      41.4  1.76e+41
      40.6  1.51e+41
      39.9  1.29e+41
      39.1   1.1e+41
      38.4  9.32e+40
      37.6  7.86e+40
      36.9  6.61e+40
      36.1  5.52e+40
      35.4   4.6e+40
      34.6   3.8e+40
      33.8  3.13e+40
      33.1  2.57e+40
      32.3  2.09e+40
      31.6  1.69e+40
      30.8  1.36e+40
      30.1  1.09e+40
      29.3  8.66e+39
      28.6  6.84e+39
      27.8  5.36e+39
      27.1  4.17e+39
      26.3  3.22e+39
      25.5  2.47e+39
      24.8  1.88e+39
        24  1.41e+39
      23.3  1.06e+39
      22.5  7.81e+38
      21.8  5.72e+38
        21  4.15e+38
      20.3  2.97e+38
      19.5  2.11e+38
      18.7  1.48e+38
        18  1.02e+38
      17.2  6.96e+37
      16.5  4.67e+37
      15.7  3.09e+37
        15  2.01e+37
      14.2  1.28e+37
      13.5  8.04e+36
      12.7  4.92e+36
      11.9  2.95e+36
      11.2  1.72e+36
      10.4  9.76e+35
      9.68  5.36e+35
      8.93  2.84e+35
      8.17  1.45e+35
      7.42  7.05e+34
      6.66  3.23e+34
      5.91  1.38e+34
      5.15  5.49e+33
       4.4  1.86e+33
      3.64  5.87e+32
      2.89  2.17e+32
      2.13  5.69e+31
      1.38  1.09e+32
     0.622 -7.35e+31
    -0.133 -7.85e+31
    -0.888 -8.16e+31
     -1.64 -2.46e+30
      -2.4  2.05e+31
     -3.15  2.02e+31
     -3.91  9.86e+31
     -4.66 -1.05e+30
     -5.42   1.3e+31
     -6.17  6.22e+31
     -6.93  3.19e+30
     -7.68 -5.12e+30
     -8.44 -2.45e+31
     -9.19  3.53e+30
     -9.95 -5.27e+30
     -10.7 -3.61e+30
     -11.5 -1.74e+29
     -12.2  2.15e+30
       -13 -1.09e+30
     -13.7 -3.93e+29
     -14.5 -7.52e+30
     -15.2 -4.41e+30
       -16  5.38e+30
     -16.7 -7.16e+29
     -17.5  1.54e+30
     -18.3 -1.57e+30
       -19  4.01e+30
     -19.8 -2.34e+30
     -20.5 -3.23e+30
     -21.3     4e+30
       -22 -2.18e+29
     -22.8  -4.7e+29
     -23.5 -1.49e+29
     -24.3  1.36e+29
     -25.1  4.58e+28
     -25.8 -2.79e+29
     -26.6  5.01e+28
     -27.3  2.49e+29
     -28.1 -8.03e+28
     -28.8 -5.16e+27
     -29.6  9.81e+28
     -30.3  1.92e+28
     -31.1   7.8e+27
     -31.8  3.34e+27
     -32.6  3.25e+26
     -33.4  3.51e+26
     -34.1 -5.21e+24
     -34.9  6.54e+24
     -35.6  6.09e+24
     -36.4 -1.78e+26

pressure[atm]        = 10
temperature[K]           = 1900
energy step[1/cm]        = 264
maximum energy[kcal/mol] = 212

bimolecular PEDs:
   E, kcal    P1->P2
       212  4.03e+39
       211   4.4e+39
       211  4.81e+39
       210  5.25e+39
       209  5.73e+39
       208  6.25e+39
       208  6.82e+39
       207  7.44e+39
       206  8.11e+39
       205  8.83e+39
       205  9.62e+39
       204  1.05e+40
       203  1.14e+40
       202  1.24e+40
       201  1.35e+40
       201  1.47e+40
       200   1.6e+40
       199  1.74e+40
       198  1.89e+40
       198  2.05e+40
       197  2.22e+40
       196  2.41e+40
       195  2.62e+40
       195  2.84e+40
       194  3.08e+40
       193  3.34e+40
       192  3.61e+40
       192  3.91e+40
       191  4.24e+40
       190  4.58e+40
       189  4.96e+40
       189  5.36e+40
       188  5.79e+40
       187  6.26e+40
       186  6.76e+40
       186   7.3e+40
       185  7.88e+40
       184   8.5e+40
       183  9.16e+40
       183  9.88e+40
       182  1.06e+41
       181  1.15e+41
       180  1.23e+41
       180  1.33e+41
       179  1.43e+41
       178  1.54e+41
       177  1.65e+41
       177  1.77e+41
       176   1.9e+41
       175  2.04e+41
       174  2.19e+41
       174  2.35e+41
       173  2.52e+41
       172   2.7e+41
       171  2.89e+41
       171   3.1e+41
       170  3.31e+41
       169  3.55e+41
       168  3.79e+41
       168  4.05e+41
       167  4.33e+41
       166  4.62e+41
       165  4.93e+41
       164  5.26e+41
       164   5.6e+41
       163  5.97e+41
       162  6.36e+41
       161  6.77e+41
       161  7.21e+41
       160  7.66e+41
       159  8.15e+41
       158  8.66e+41
       158  9.19e+41
       157  9.76e+41
       156  1.03e+42
       155   1.1e+42
       155  1.16e+42
       154  1.23e+42
       153   1.3e+42
       152  1.38e+42
       152  1.46e+42
       151  1.54e+42
       150  1.63e+42
       149  1.72e+42
       149  1.81e+42
       148  1.91e+42
       147  2.02e+42
       146  2.12e+42
       146  2.24e+42
       145  2.35e+42
       144  2.47e+42
       143   2.6e+42
       143  2.73e+42
       142  2.87e+42
       141  3.01e+42
       140  3.15e+42
       140   3.3e+42
       139  3.46e+42
       138  3.62e+42
       137  3.78e+42
       137  3.96e+42
       136  4.13e+42
       135  4.31e+42
       134   4.5e+42
       134  4.69e+42
       133  4.88e+42
       132  5.08e+42
       131  5.29e+42
       131   5.5e+42
       130  5.71e+42
       129  5.93e+42
       128  6.15e+42
       127  6.38e+42
       127  6.61e+42
       126  6.84e+42
       125  7.08e+42
       124  7.31e+42
       124  7.56e+42
       123   7.8e+42
       122  8.04e+42
       121  8.29e+42
       121  8.54e+42
       120  8.78e+42
       119  9.03e+42
       118  9.28e+42
       118  9.52e+42
       117  9.77e+42
       116     1e+43
       115  1.03e+43
       115  1.05e+43
       114  1.07e+43
       113   1.1e+43
       112  1.12e+43
       112  1.14e+43
       111  1.16e+43
       110  1.18e+43
       109   1.2e+43
       109  1.22e+43
       108  1.24e+43
       107  1.26e+43
       106  1.27e+43
       106  1.29e+43
       105   1.3e+43
       104  1.32e+43
       103  1.33e+43
       103  1.34e+43
       102  1.35e+43
       101  1.36e+43
       100  1.37e+43
      99.5  1.37e+43
      98.8  1.38e+43
        98  1.38e+43
      97.3  1.38e+43
      96.5  1.38e+43
      95.8  1.38e+43
        95  1.38e+43
      94.3  1.37e+43
      93.5  1.37e+43
      92.7  1.36e+43
        92  1.35e+43
      91.2  1.34e+43
      90.5  1.33e+43
      89.7  1.31e+43
        89   1.3e+43
      88.2  1.28e+43
      87.5  1.26e+43
      86.7  1.24e+43
        86  1.22e+43
      85.2   1.2e+43
      84.4  1.18e+43
      83.7  1.15e+43
      82.9  1.13e+43
      82.2   1.1e+43
      81.4  1.07e+43
      80.7  1.05e+43
      79.9  1.02e+43
      79.2  9.87e+42
      78.4  9.57e+42
      77.6  9.27e+42
      76.9  8.96e+42
      76.1  8.65e+42
      75.4  8.33e+42
      74.6  8.02e+42
      73.9   7.7e+42
      73.1  7.38e+42
      72.4  7.07e+42
      71.6  6.76e+42
      70.8  6.44e+42
      70.1  6.14e+42
      69.3  5.83e+42
      68.6  5.54e+42
      67.8  5.24e+42
      67.1  4.96e+42
      66.3  4.68e+42
      65.6   4.4e+42
      64.8  4.14e+42
      64.1  3.88e+42
      63.3  3.63e+42
      62.5  3.39e+42
      61.8  3.16e+42
        61  2.94e+42
      60.3  2.73e+42
      59.5  2.53e+42
      58.8  2.34e+42
        58  2.15e+42
      57.3  1.98e+42
      56.5  1.81e+42
      55.7  1.66e+42
        55  1.51e+42
      54.2  1.38e+42
      53.5  1.25e+42
      52.7  1.13e+42
        52  1.02e+42
      51.2  9.21e+41
      50.5  8.27e+41
      49.7   7.4e+41
        49   6.6e+41
      48.2  5.87e+41
      47.4  5.21e+41
      46.7   4.6e+41
      45.9  4.05e+41
      45.2  3.56e+41
      44.4  3.11e+41
      43.7  2.71e+41
      42.9  2.36e+41
      42.2  2.04e+41
      41.4  1.76e+41
      40.6  1.51e+41
      39.9  1.29e+41
      39.1   1.1e+41
      38.4  9.32e+40
      37.6  7.86e+40
      36.9  6.61e+40
      36.1  5.52e+40
      35.4   4.6e+40
      34.6   3.8e+40
      33.8  3.13e+40
      33.1  2.57e+40
      32.3  2.09e+40
      31.6  1.69e+40
      30.8  1.36e+40
      30.1  1.09e+40
      29.3  8.67e+39
      28.6  6.84e+39
      27.8  5.36e+39
      27.1  4.17e+39
      26.3  3.22e+39
      25.5  2.47e+39
      24.8  1.88e+39
        24  1.41e+39
      23.3  1.06e+39
      22.5  7.81e+38
      21.8  5.72e+38
        21  4.15e+38
      20.3  2.98e+38
      19.5  2.11e+38
      18.7  1.48e+38
        18  1.02e+38
      17.2  6.96e+37
      16.5  4.68e+37
      15.7   3.1e+37
        15  2.01e+37
      14.2  1.29e+37
      13.5  8.05e+36
      12.7  4.94e+36
      11.9  2.96e+36
      11.2  1.73e+36
      10.4  9.81e+35
      9.68   5.4e+35
      8.93  2.87e+35
      8.17  1.47e+35
      7.42  7.18e+34
      6.66  3.32e+34
      5.91  1.46e+34
      5.15  6.09e+33
       4.4  2.12e+33
      3.64   8.1e+32
      2.89  3.37e+32
      2.13  8.77e+31
      1.38 -3.23e+31
     0.622  6.94e+31
    -0.133  1.13e+32
    -0.888  1.28e+32
     -1.64 -1.03e+31
      -2.4 -7.77e+29
     -3.15 -1.39e+31
     -3.91 -1.69e+31
     -4.66 -2.23e+31
     -5.42 -6.01e+30
     -6.17  -1.2e+31
     -6.93  3.04e+29
     -7.68  8.31e+30
     -8.44  9.27e+30
     -9.19 -1.32e+28
     -9.95 -4.44e+30
     -10.7  4.68e+30
     -11.5 -2.43e+30
     -12.2 -5.91e+30
       -13    -9e+28
     -13.7  7.16e+30
     -14.5  2.57e+29
     -15.2 -1.34e+31
       -16  6.12e+30
     -16.7 -3.07e+30
     -17.5  6.58e+29
     -18.3  1.41e+30
       -19  -1.3e+30
     -19.8 -8.95e+29
     -20.5 -1.82e+30
     -21.3 -3.82e+28
       -22  7.42e+28
     -22.8  2.02e+30
     -23.5 -9.39e+29
     -24.3  5.64e+29
     -25.1 -5.38e+29
     -25.8  4.77e+29
     -26.6 -3.47e+29
     -27.3  2.57e+29
     -28.1  1.59e+29
     -28.8  1.76e+29
     -29.6 -2.53e+28
     -30.3 -1.46e+29
     -31.1 -3.69e+28
     -31.8  8.49e+27
     -32.6 -1.13e+27
     -33.4  6.98e+26
     -34.1 -9.26e+25
     -34.9 -4.66e+25
     -35.6  1.15e+25
     -36.4 -1.38e+27

pressure[atm]        = 100
temperature[K]           = 1900
energy step[1/cm]        = 264
maximum energy[kcal/mol] = 212

bimolecular PEDs:
   E, kcal    P1->P2
       212  4.02e+39
       211   4.4e+39
       211   4.8e+39
       210  5.25e+39
       209  5.73e+39
       208  6.25e+39
       208  6.82e+39
       207  7.43e+39
       206   8.1e+39
       205  8.83e+39
       205  9.62e+39
       204  1.05e+40
       203  1.14e+40
       202  1.24e+40
       201  1.35e+40
       201  1.47e+40
       200   1.6e+40
       199  1.74e+40
       198  1.89e+40
       198  2.05e+40
       197  2.22e+40
       196  2.41e+40
       195  2.62e+40
       195  2.84e+40
       194  3.08e+40
       193  3.33e+40
       192  3.61e+40
       192  3.91e+40
       191  4.23e+40
       190  4.58e+40
       189  4.96e+40
       189  5.36e+40
       188  5.79e+40
       187  6.26e+40
       186  6.76e+40
       186   7.3e+40
       185  7.87e+40
       184  8.49e+40
       183  9.16e+40
       183  9.87e+40
       182  1.06e+41
       181  1.15e+41
       180  1.23e+41
       180  1.33e+41
       179  1.43e+41
       178  1.54e+41
       177  1.65e+41
       177  1.77e+41
       176   1.9e+41
       175  2.04e+41
       174  2.19e+41
       174  2.35e+41
       173  2.52e+41
       172   2.7e+41
       171  2.89e+41
       171   3.1e+41
       170  3.31e+41
       169  3.54e+41
       168  3.79e+41
       168  4.05e+41
       167  4.33e+41
       166  4.62e+41
       165  4.93e+41
       164  5.26e+41
       164   5.6e+41
       163  5.97e+41
       162  6.36e+41
       161  6.77e+41
       161   7.2e+41
       160  7.66e+41
       159  8.14e+41
       158  8.65e+41
       158  9.19e+41
       157  9.75e+41
       156  1.03e+42
       155   1.1e+42
       155  1.16e+42
       154  1.23e+42
       153   1.3e+42
       152  1.38e+42
       152  1.46e+42
       151  1.54e+42
       150  1.63e+42
       149  1.72e+42
       149  1.81e+42
       148  1.91e+42
       147  2.02e+42
       146  2.12e+42
       146  2.24e+42
       145  2.35e+42
       144  2.47e+42
       143   2.6e+42
       143  2.73e+42
       142  2.87e+42
       141  3.01e+42
       140  3.15e+42
       140   3.3e+42
       139  3.46e+42
       138  3.62e+42
       137  3.78e+42
       137  3.95e+42
       136  4.13e+42
       135  4.31e+42
       134   4.5e+42
       134  4.69e+42
       133  4.88e+42
       132  5.08e+42
       131  5.29e+42
       131   5.5e+42
       130  5.71e+42
       129  5.93e+42
       128  6.15e+42
       127  6.38e+42
       127  6.61e+42
       126  6.84e+42
       125  7.08e+42
       124  7.31e+42
       124  7.55e+42
       123   7.8e+42
       122  8.04e+42
       121  8.29e+42
       121  8.54e+42
       120  8.78e+42
       119  9.03e+42
       118  9.28e+42
       118  9.52e+42
       117  9.77e+42
       116     1e+43
       115  1.03e+43
       115  1.05e+43
       114  1.07e+43
       113   1.1e+43
       112  1.12e+43
       112  1.14e+43
       111  1.16e+43
       110  1.18e+43
       109   1.2e+43
       109  1.22e+43
       108  1.24e+43
       107  1.26e+43
       106  1.27e+43
       106  1.29e+43
       105   1.3e+43
       104  1.32e+43
       103  1.33e+43
       103  1.34e+43
       102  1.35e+43
       101  1.36e+43
       100  1.37e+43
      99.5  1.37e+43
      98.8  1.38e+43
        98  1.38e+43
      97.3  1.38e+43
      96.5  1.38e+43
      95.8  1.38e+43
        95  1.38e+43
      94.3  1.37e+43
      93.5  1.37e+43
      92.7  1.36e+43
        92  1.35e+43
      91.2  1.34e+43
      90.5  1.33e+43
      89.7  1.31e+43
        89   1.3e+43
      88.2  1.28e+43
      87.5  1.26e+43
      86.7  1.24e+43
        86  1.22e+43
      85.2   1.2e+43
      84.4  1.18e+43
      83.7  1.15e+43
      82.9  1.13e+43
      82.2   1.1e+43
      81.4  1.07e+43
      80.7  1.05e+43
      79.9  1.02e+43
      79.2  9.87e+42
      78.4  9.57e+42
      77.6  9.27e+42
      76.9  8.96e+42
      76.1  8.65e+42
      75.4  8.33e+42
      74.6  8.02e+42
      73.9   7.7e+42
      73.1  7.38e+42
      72.4  7.07e+42
      71.6  6.76e+42
      70.8  6.45e+42
      70.1  6.14e+42
      69.3  5.84e+42
      68.6  5.54e+42
      67.8  5.25e+42
      67.1  4.96e+42
      66.3  4.68e+42
      65.6  4.41e+42
      64.8  4.14e+42
      64.1  3.88e+42
      63.3  3.64e+42
      62.5   3.4e+42
      61.8  3.16e+42
        61  2.94e+42
      60.3  2.73e+42
      59.5  2.53e+42
      58.8  2.34e+42
        58  2.15e+42
      57.3  1.98e+42
      56.5  1.82e+42
      55.7  1.66e+42
        55  1.52e+42
      54.2  1.38e+42
      53.5  1.25e+42
      52.7  1.13e+42
        52  1.02e+42
      51.2  9.21e+41
      50.5  8.27e+41
      49.7   7.4e+41
        49  6.61e+41
      48.2  5.88e+41
      47.4  5.21e+41
      46.7  4.61e+41
      45.9  4.06e+41
      45.2  3.56e+41
      44.4  3.12e+41
      43.7  2.72e+41
      42.9  2.36e+41
      42.2  2.04e+41
      41.4  1.76e+41
      40.6  1.51e+41
      39.9  1.29e+41
      39.1   1.1e+41
      38.4  9.33e+40
      37.6  7.87e+40
      36.9  6.61e+40
      36.1  5.53e+40
      35.4   4.6e+40
      34.6  3.81e+40
      33.8  3.14e+40
      33.1  2.57e+40
      32.3  2.09e+40
      31.6   1.7e+40
      30.8  1.37e+40
      30.1  1.09e+40
      29.3  8.68e+39
      28.6  6.86e+39
      27.8  5.37e+39
      27.1  4.18e+39
      26.3  3.23e+39
      25.5  2.48e+39
      24.8  1.88e+39
        24  1.42e+39
      23.3  1.06e+39
      22.5  7.85e+38
      21.8  5.75e+38
        21  4.17e+38
      20.3  2.99e+38
      19.5  2.12e+38
      18.7  1.49e+38
        18  1.03e+38
      17.2  7.03e+37
      16.5  4.73e+37
      15.7  3.13e+37
        15  2.04e+37
      14.2  1.31e+37
      13.5  8.22e+36
      12.7  5.06e+36
      11.9  3.05e+36
      11.2   1.8e+36
      10.4  1.03e+36
      9.68  5.77e+35
      8.93  3.14e+35
      8.17  1.66e+35
      7.42  8.57e+34
      6.66  4.34e+34
      5.91  2.17e+34
      5.15   1.1e+34
       4.4  5.82e+33
      3.64  3.31e+33
      2.89  1.99e+33
      2.13  1.37e+33
      1.38  9.24e+32
     0.622  6.31e+32
    -0.133  4.11e+32
    -0.888  2.87e+32
     -1.64  2.13e+32
      -2.4  2.13e+32
     -3.15  8.46e+31
     -3.91  5.52e+30
     -4.66  3.77e+31
     -5.42  4.73e+30
     -6.17  4.53e+30
     -6.93  9.63e+30
     -7.68  2.42e+31
     -8.44  8.32e+29
     -9.19  7.22e+30
     -9.95 -2.28e+31
     -10.7 -5.07e+29
     -11.5 -9.66e+30
     -12.2  2.45e+29
       -13 -2.48e+30
     -13.7 -2.03e+30
     -14.5  6.29e+30
     -15.2 -3.25e+30
       -16 -2.82e+30
     -16.7  2.04e+30
     -17.5 -2.83e+30
     -18.3 -6.47e+29
       -19  1.42e+30
     -19.8  -1.8e+30
     -20.5  2.02e+30
     -21.3 -2.07e+30
       -22 -1.68e+30
     -22.8 -1.29e+30
     -23.5 -7.59e+29
     -24.3  2.01e+29
     -25.1 -5.12e+29
     -25.8 -8.45e+29
     -26.6   5.9e+29
     -27.3  1.05e+27
     -28.1 -2.37e+29
     -28.8   8.7e+27
     -29.6  -1.2e+29
     -30.3  7.44e+28
     -31.1 -2.23e+28
     -31.8   1.6e+28
     -32.6   1.8e+27
     -33.4   2.4e+26
     -34.1  5.73e+26
     -34.9 -1.25e+26
     -35.6   9.9e+25
     -36.4 -3.03e+25

pressure[atm]        = 0.01
temperature[K]           = 2000
energy step[1/cm]        = 278
maximum energy[kcal/mol] = 226

bimolecular PEDs:
   E, kcal    P1->P2
       226     3e+40
       225  3.28e+40
       224  3.58e+40
       224  3.91e+40
       223  4.27e+40
       222  4.66e+40
       221  5.08e+40
       220  5.54e+40
       220  6.04e+40
       219  6.59e+40
       218  7.18e+40
       217  7.81e+40
       217  8.51e+40
       216  9.26e+40
       215  1.01e+41
       214   1.1e+41
       213  1.19e+41
       213  1.29e+41
       212  1.41e+41
       211  1.53e+41
       210  1.66e+41
       209   1.8e+41
       209  1.95e+41
       208  2.12e+41
       207   2.3e+41
       206  2.49e+41
       205  2.69e+41
       205  2.92e+41
       204  3.16e+41
       203  3.42e+41
       202   3.7e+41
       201     4e+41
       201  4.32e+41
       200  4.67e+41
       199  5.04e+41
       198  5.44e+41
       197  5.88e+41
       197  6.34e+41
       196  6.83e+41
       195  7.37e+41
       194  7.94e+41
       193  8.55e+41
       193  9.21e+41
       192  9.91e+41
       191  1.07e+42
       190  1.15e+42
       189  1.23e+42
       189  1.32e+42
       188  1.42e+42
       187  1.53e+42
       186  1.64e+42
       186  1.76e+42
       185  1.88e+42
       184  2.02e+42
       183  2.16e+42
       182  2.31e+42
       182  2.48e+42
       181  2.65e+42
       180  2.83e+42
       179  3.03e+42
       178  3.23e+42
       178  3.45e+42
       177  3.68e+42
       176  3.93e+42
       175  4.19e+42
       174  4.46e+42
       174  4.75e+42
       173  5.06e+42
       172  5.39e+42
       171  5.73e+42
       170  6.09e+42
       170  6.47e+42
       169  6.87e+42
       168   7.3e+42
       167  7.74e+42
       166  8.21e+42
       166   8.7e+42
       165  9.22e+42
       164  9.76e+42
       163  1.03e+43
       162  1.09e+43
       162  1.15e+43
       161  1.22e+43
       160  1.29e+43
       159  1.36e+43
       158  1.43e+43
       158  1.51e+43
       157  1.59e+43
       156  1.68e+43
       155  1.76e+43
       155  1.86e+43
       154  1.95e+43
       153  2.05e+43
       152  2.15e+43
       151  2.26e+43
       151  2.37e+43
       150  2.48e+43
       149   2.6e+43
       148  2.72e+43
       147  2.84e+43
       147  2.97e+43
       146  3.11e+43
       145  3.24e+43
       144  3.38e+43
       143  3.53e+43
       143  3.68e+43
       142  3.83e+43
       141  3.98e+43
       140  4.14e+43
       139   4.3e+43
       139  4.47e+43
       138  4.64e+43
       137  4.81e+43
       136  4.98e+43
       135  5.16e+43
       135  5.34e+43
       134  5.52e+43
       133  5.71e+43
       132  5.89e+43
       131  6.08e+43
       131  6.27e+43
       130  6.46e+43
       129  6.65e+43
       128  6.84e+43
       127  7.03e+43
       127  7.22e+43
       126  7.41e+43
       125   7.6e+43
       124  7.78e+43
       124  7.97e+43
       123  8.15e+43
       122  8.33e+43
       121   8.5e+43
       120  8.67e+43
       120  8.84e+43
       119     9e+43
       118  9.16e+43
       117  9.32e+43
       116  9.46e+43
       116   9.6e+43
       115  9.73e+43
       114  9.86e+43
       113  9.98e+43
       112  1.01e+44
       112  1.02e+44
       111  1.03e+44
       110  1.04e+44
       109  1.04e+44
       108  1.05e+44
       108  1.06e+44
       107  1.06e+44
       106  1.06e+44
       105  1.06e+44
       104  1.07e+44
       104  1.06e+44
       103  1.06e+44
       102  1.06e+44
       101  1.06e+44
       100  1.05e+44
      99.7  1.05e+44
      98.9  1.04e+44
      98.1  1.03e+44
      97.3  1.02e+44
      96.5  1.01e+44
      95.7  9.97e+43
      94.9  9.84e+43
      94.1   9.7e+43
      93.3  9.55e+43
      92.5  9.39e+43
      91.7  9.23e+43
      90.9  9.05e+43
      90.1  8.86e+43
      89.3  8.67e+43
      88.5  8.46e+43
      87.7  8.25e+43
      86.9  8.04e+43
      86.1  7.82e+43
      85.4  7.59e+43
      84.6  7.36e+43
      83.8  7.13e+43
        83  6.89e+43
      82.2  6.65e+43
      81.4  6.41e+43
      80.6  6.17e+43
      79.8  5.93e+43
        79  5.69e+43
      78.2  5.45e+43
      77.4  5.21e+43
      76.6  4.97e+43
      75.8  4.73e+43
        75   4.5e+43
      74.2  4.27e+43
      73.4  4.05e+43
      72.6  3.83e+43
      71.8  3.61e+43
        71  3.41e+43
      70.3   3.2e+43
      69.5  3.01e+43
      68.7  2.82e+43
      67.9  2.63e+43
      67.1  2.45e+43
      66.3  2.28e+43
      65.5  2.12e+43
      64.7  1.97e+43
      63.9  1.82e+43
      63.1  1.68e+43
      62.3  1.54e+43
      61.5  1.42e+43
      60.7   1.3e+43
      59.9  1.19e+43
      59.1  1.08e+43
      58.3  9.82e+42
      57.5  8.91e+42
      56.7  8.05e+42
      55.9  7.26e+42
      55.1  6.53e+42
      54.4  5.85e+42
      53.6  5.23e+42
      52.8  4.67e+42
        52  4.15e+42
      51.2  3.67e+42
      50.4  3.24e+42
      49.6  2.85e+42
      48.8   2.5e+42
        48  2.19e+42
      47.2  1.91e+42
      46.4  1.65e+42
      45.6  1.43e+42
      44.8  1.23e+42
        44  1.06e+42
      43.2  9.03e+41
      42.4  7.69e+41
      41.6  6.52e+41
      40.8   5.5e+41
        40  4.62e+41
      39.3  3.86e+41
      38.5  3.21e+41
      37.7  2.66e+41
      36.9  2.19e+41
      36.1   1.8e+41
      35.3  1.46e+41
      34.5  1.19e+41
      33.7  9.56e+40
      32.9  7.66e+40
      32.1   6.1e+40
      31.3  4.82e+40
      30.5  3.79e+40
      29.7  2.95e+40
      28.9  2.29e+40
      28.1  1.76e+40
      27.3  1.34e+40
      26.5  1.01e+40
      25.7  7.58e+39
      24.9  5.63e+39
      24.1  4.15e+39
      23.4  3.02e+39
      22.6  2.18e+39
      21.8  1.55e+39
        21   1.1e+39
      20.2  7.63e+38
      19.4  5.25e+38
      18.6  3.56e+38
      17.8  2.38e+38
        17  1.57e+38
      16.2  1.01e+38
      15.4  6.45e+37
      14.6  4.02e+37
      13.8  2.46e+37
        13  1.47e+37
      12.2  8.54e+36
      11.4  4.84e+36
      10.6  2.66e+36
      9.84  1.41e+36
      9.05  7.22e+35
      8.25  3.54e+35
      7.46  1.64e+35
      6.66  7.12e+34
      5.87  2.85e+34
      5.07  1.08e+34
      4.28  3.83e+33
      3.48  1.25e+33
      2.69  3.22e+32
      1.89  3.66e+31
       1.1 -4.83e+31
     0.303 -1.42e+32
    -0.492   5.6e+31
     -1.29 -2.19e+31
     -2.08  5.29e+31
     -2.88 -2.63e+32
     -3.67 -1.01e+32
     -4.47 -4.15e+31
     -5.26  9.02e+31
     -6.06  6.95e+31
     -6.85  8.45e+31
     -7.65 -3.35e+31
     -8.44  2.45e+31
     -9.24 -5.46e+30
       -10  1.05e+31
     -10.8  4.93e+30
     -11.6  1.73e+31
     -12.4 -1.93e+30
     -13.2  5.97e+30
       -14  3.14e+31
     -14.8  4.58e+31
     -15.6 -1.07e+30
     -16.4  -2.6e+31
     -17.2  2.11e+31
       -18  5.91e+30
     -18.8  2.31e+30
     -19.6 -5.19e+30
     -20.4  7.29e+30
     -21.2  6.05e+30
       -22 -2.54e+30
     -22.7 -7.83e+30
     -23.5  5.18e+30
     -24.3 -2.71e+30
     -25.1  1.75e+30
     -25.9 -8.35e+29
     -26.7 -5.16e+28
     -27.5  5.23e+29
     -28.3 -4.34e+29
     -29.1  1.39e+29
     -29.9 -3.12e+28
     -30.7 -6.54e+26
     -31.5  4.67e+27
     -32.3 -2.03e+27
     -33.1  2.94e+26
     -33.9 -1.01e+26
     -34.7  1.11e+25
     -35.5 -1.58e+25
     -36.3  4.42e+25

pressure[atm]        = 0.1
temperature[K]           = 2000
energy step[1/cm]        = 278
maximum energy[kcal/mol] = 226

bimolecular PEDs:
   E, kcal    P1->P2
       226     3e+40
       225  3.28e+40
       224  3.58e+40
       224  3.91e+40
       223  4.27e+40
       222  4.66e+40
       221  5.08e+40
       220  5.54e+40
       220  6.04e+40
       219  6.59e+40
       218  7.18e+40
       217  7.81e+40
       217  8.51e+40
       216  9.26e+40
       215  1.01e+41
       214   1.1e+41
       213  1.19e+41
       213  1.29e+41
       212  1.41e+41
       211  1.53e+41
       210  1.66e+41
       209   1.8e+41
       209  1.95e+41
       208  2.12e+41
       207   2.3e+41
       206  2.49e+41
       205  2.69e+41
       205  2.92e+41
       204  3.16e+41
       203  3.42e+41
       202   3.7e+41
       201     4e+41
       201  4.32e+41
       200  4.67e+41
       199  5.04e+41
       198  5.44e+41
       197  5.88e+41
       197  6.34e+41
       196  6.83e+41
       195  7.37e+41
       194  7.94e+41
       193  8.55e+41
       193  9.21e+41
       192  9.91e+41
       191  1.07e+42
       190  1.15e+42
       189  1.23e+42
       189  1.32e+42
       188  1.42e+42
       187  1.53e+42
       186  1.64e+42
       186  1.76e+42
       185  1.88e+42
       184  2.02e+42
       183  2.16e+42
       182  2.31e+42
       182  2.48e+42
       181  2.65e+42
       180  2.83e+42
       179  3.03e+42
       178  3.23e+42
       178  3.45e+42
       177  3.68e+42
       176  3.93e+42
       175  4.19e+42
       174  4.46e+42
       174  4.75e+42
       173  5.06e+42
       172  5.39e+42
       171  5.73e+42
       170  6.09e+42
       170  6.47e+42
       169  6.87e+42
       168   7.3e+42
       167  7.74e+42
       166  8.21e+42
       166   8.7e+42
       165  9.22e+42
       164  9.76e+42
       163  1.03e+43
       162  1.09e+43
       162  1.15e+43
       161  1.22e+43
       160  1.29e+43
       159  1.36e+43
       158  1.43e+43
       158  1.51e+43
       157  1.59e+43
       156  1.68e+43
       155  1.76e+43
       155  1.86e+43
       154  1.95e+43
       153  2.05e+43
       152  2.15e+43
       151  2.26e+43
       151  2.37e+43
       150  2.48e+43
       149   2.6e+43
       148  2.72e+43
       147  2.84e+43
       147  2.97e+43
       146  3.11e+43
       145  3.24e+43
       144  3.38e+43
       143  3.53e+43
       143  3.68e+43
       142  3.83e+43
       141  3.98e+43
       140  4.14e+43
       139   4.3e+43
       139  4.47e+43
       138  4.64e+43
       137  4.81e+43
       136  4.98e+43
       135  5.16e+43
       135  5.34e+43
       134  5.52e+43
       133  5.71e+43
       132  5.89e+43
       131  6.08e+43
       131  6.27e+43
       130  6.46e+43
       129  6.65e+43
       128  6.84e+43
       127  7.03e+43
       127  7.22e+43
       126  7.41e+43
       125   7.6e+43
       124  7.78e+43
       124  7.97e+43
       123  8.15e+43
       122  8.33e+43
       121   8.5e+43
       120  8.67e+43
       120  8.84e+43
       119     9e+43
       118  9.16e+43
       117  9.32e+43
       116  9.46e+43
       116   9.6e+43
       115  9.73e+43
       114  9.86e+43
       113  9.98e+43
       112  1.01e+44
       112  1.02e+44
       111  1.03e+44
       110  1.04e+44
       109  1.04e+44
       108  1.05e+44
       108  1.06e+44
       107  1.06e+44
       106  1.06e+44
       105  1.06e+44
       104  1.07e+44
       104  1.06e+44
       103  1.06e+44
       102  1.06e+44
       101  1.06e+44
       100  1.05e+44
      99.7  1.05e+44
      98.9  1.04e+44
      98.1  1.03e+44
      97.3  1.02e+44
      96.5  1.01e+44
      95.7  9.97e+43
      94.9  9.84e+43
      94.1   9.7e+43
      93.3  9.55e+43
      92.5  9.39e+43
      91.7  9.23e+43
      90.9  9.05e+43
      90.1  8.86e+43
      89.3  8.67e+43
      88.5  8.46e+43
      87.7  8.25e+43
      86.9  8.04e+43
      86.1  7.82e+43
      85.4  7.59e+43
      84.6  7.36e+43
      83.8  7.13e+43
        83  6.89e+43
      82.2  6.65e+43
      81.4  6.41e+43
      80.6  6.17e+43
      79.8  5.93e+43
        79  5.69e+43
      78.2  5.45e+43
      77.4  5.21e+43
      76.6  4.97e+43
      75.8  4.73e+43
        75   4.5e+43
      74.2  4.27e+43
      73.4  4.05e+43
      72.6  3.83e+43
      71.8  3.61e+43
        71  3.41e+43
      70.3   3.2e+43
      69.5  3.01e+43
      68.7  2.82e+43
      67.9  2.63e+43
      67.1  2.45e+43
      66.3  2.28e+43
      65.5  2.12e+43
      64.7  1.97e+43
      63.9  1.82e+43
      63.1  1.68e+43
      62.3  1.54e+43
      61.5  1.42e+43
      60.7   1.3e+43
      59.9  1.19e+43
      59.1  1.08e+43
      58.3  9.82e+42
      57.5  8.91e+42
      56.7  8.05e+42
      55.9  7.26e+42
      55.1  6.53e+42
      54.4  5.85e+42
      53.6  5.23e+42
      52.8  4.67e+42
        52  4.15e+42
      51.2  3.67e+42
      50.4  3.24e+42
      49.6  2.85e+42
      48.8   2.5e+42
        48  2.19e+42
      47.2  1.91e+42
      46.4  1.65e+42
      45.6  1.43e+42
      44.8  1.23e+42
        44  1.06e+42
      43.2  9.03e+41
      42.4  7.69e+41
      41.6  6.52e+41
      40.8   5.5e+41
        40  4.62e+41
      39.3  3.86e+41
      38.5  3.21e+41
      37.7  2.66e+41
      36.9  2.19e+41
      36.1   1.8e+41
      35.3  1.46e+41
      34.5  1.19e+41
      33.7  9.56e+40
      32.9  7.66e+40
      32.1   6.1e+40
      31.3  4.82e+40
      30.5  3.79e+40
      29.7  2.95e+40
      28.9  2.29e+40
      28.1  1.76e+40
      27.3  1.34e+40
      26.5  1.01e+40
      25.7  7.58e+39
      24.9  5.63e+39
      24.1  4.15e+39
      23.4  3.02e+39
      22.6  2.18e+39
      21.8  1.55e+39
        21   1.1e+39
      20.2  7.63e+38
      19.4  5.25e+38
      18.6  3.56e+38
      17.8  2.38e+38
        17  1.57e+38
      16.2  1.01e+38
      15.4  6.45e+37
      14.6  4.02e+37
      13.8  2.46e+37
        13  1.47e+37
      12.2  8.54e+36
      11.4  4.84e+36
      10.6  2.66e+36
      9.84  1.41e+36
      9.05  7.22e+35
      8.25  3.54e+35
      7.46  1.64e+35
      6.66   7.1e+34
      5.87  2.79e+34
      5.07  1.08e+34
      4.28  3.58e+33
      3.48  1.14e+33
      2.69  2.78e+32
      1.89 -1.47e+32
       1.1  1.14e+32
     0.303  1.58e+32
    -0.492  4.48e+32
     -1.29  2.15e+32
     -2.08  8.82e+30
     -2.88  -1.4e+32
     -3.67 -4.57e+31
     -4.47  2.19e+31
     -5.26  7.12e+30
     -6.06 -4.03e+31
     -6.85 -1.46e+30
     -7.65 -1.98e+31
     -8.44 -1.44e+31
     -9.24 -2.77e+31
       -10 -2.32e+30
     -10.8 -9.19e+30
     -11.6  6.77e+29
     -12.4 -2.27e+31
     -13.2  5.42e+30
       -14 -1.53e+31
     -14.8 -2.36e+31
     -15.6 -2.76e+30
     -16.4  5.55e+30
     -17.2 -1.45e+30
       -18 -1.46e+31
     -18.8  1.67e+30
     -19.6  6.57e+30
     -20.4 -5.54e+30
     -21.2 -1.72e+30
       -22  -7.2e+29
     -22.7 -9.76e+29
     -23.5 -4.03e+30
     -24.3  4.95e+29
     -25.1  4.66e+29
     -25.9 -2.94e+28
     -26.7 -5.06e+28
     -27.5  1.56e+29
     -28.3  1.52e+29
     -29.1  5.48e+28
     -29.9   4.1e+28
     -30.7 -1.62e+28
     -31.5  7.85e+27
     -32.3 -3.41e+27
     -33.1  5.55e+26
     -33.9  -1.6e+26
     -34.7  1.55e+25
     -35.5 -3.17e+25
     -36.3 -3.07e+25

pressure[atm]        = 1
temperature[K]           = 2000
energy step[1/cm]        = 278
maximum energy[kcal/mol] = 226

bimolecular PEDs:
   E, kcal    P1->P2
       226     3e+40
       225  3.28e+40
       224  3.58e+40
       224  3.91e+40
       223  4.27e+40
       222  4.66e+40
       221  5.08e+40
       220  5.54e+40
       220  6.04e+40
       219  6.59e+40
       218  7.18e+40
       217  7.81e+40
       217  8.51e+40
       216  9.26e+40
       215  1.01e+41
       214   1.1e+41
       213  1.19e+41
       213  1.29e+41
       212  1.41e+41
       211  1.53e+41
       210  1.66e+41
       209   1.8e+41
       209  1.95e+41
       208  2.12e+41
       207   2.3e+41
       206  2.49e+41
       205  2.69e+41
       205  2.92e+41
       204  3.16e+41
       203  3.42e+41
       202   3.7e+41
       201     4e+41
       201  4.32e+41
       200  4.67e+41
       199  5.04e+41
       198  5.44e+41
       197  5.88e+41
       197  6.34e+41
       196  6.83e+41
       195  7.37e+41
       194  7.94e+41
       193  8.55e+41
       193  9.21e+41
       192  9.91e+41
       191  1.07e+42
       190  1.15e+42
       189  1.23e+42
       189  1.32e+42
       188  1.42e+42
       187  1.53e+42
       186  1.64e+42
       186  1.76e+42
       185  1.88e+42
       184  2.02e+42
       183  2.16e+42
       182  2.31e+42
       182  2.48e+42
       181  2.65e+42
       180  2.83e+42
       179  3.03e+42
       178  3.23e+42
       178  3.45e+42
       177  3.68e+42
       176  3.93e+42
       175  4.19e+42
       174  4.46e+42
       174  4.75e+42
       173  5.06e+42
       172  5.39e+42
       171  5.73e+42
       170  6.09e+42
       170  6.47e+42
       169  6.87e+42
       168   7.3e+42
       167  7.74e+42
       166  8.21e+42
       166   8.7e+42
       165  9.22e+42
       164  9.76e+42
       163  1.03e+43
       162  1.09e+43
       162  1.15e+43
       161  1.22e+43
       160  1.29e+43
       159  1.36e+43
       158  1.43e+43
       158  1.51e+43
       157  1.59e+43
       156  1.68e+43
       155  1.76e+43
       155  1.86e+43
       154  1.95e+43
       153  2.05e+43
       152  2.15e+43
       151  2.26e+43
       151  2.37e+43
       150  2.48e+43
       149   2.6e+43
       148  2.72e+43
       147  2.84e+43
       147  2.97e+43
       146  3.11e+43
       145  3.24e+43
       144  3.38e+43
       143  3.53e+43
       143  3.68e+43
       142  3.83e+43
       141  3.98e+43
       140  4.14e+43
       139   4.3e+43
       139  4.47e+43
       138  4.64e+43
       137  4.81e+43
       136  4.98e+43
       135  5.16e+43
       135  5.34e+43
       134  5.52e+43
       133  5.71e+43
       132  5.89e+43
       131  6.08e+43
       131  6.27e+43
       130  6.46e+43
       129  6.65e+43
       128  6.84e+43
       127  7.03e+43
       127  7.22e+43
       126  7.41e+43
       125   7.6e+43
       124  7.78e+43
       124  7.97e+43
       123  8.15e+43
       122  8.33e+43
       121   8.5e+43
       120  8.67e+43
       120  8.84e+43
       119     9e+43
       118  9.16e+43
       117  9.32e+43
       116  9.46e+43
       116   9.6e+43
       115  9.73e+43
       114  9.86e+43
       113  9.98e+43
       112  1.01e+44
       112  1.02e+44
       111  1.03e+44
       110  1.04e+44
       109  1.04e+44
       108  1.05e+44
       108  1.06e+44
       107  1.06e+44
       106  1.06e+44
       105  1.06e+44
       104  1.07e+44
       104  1.06e+44
       103  1.06e+44
       102  1.06e+44
       101  1.06e+44
       100  1.05e+44
      99.7  1.05e+44
      98.9  1.04e+44
      98.1  1.03e+44
      97.3  1.02e+44
      96.5  1.01e+44
      95.7  9.97e+43
      94.9  9.85e+43
      94.1   9.7e+43
      93.3  9.55e+43
      92.5  9.39e+43
      91.7  9.23e+43
      90.9  9.05e+43
      90.1  8.86e+43
      89.3  8.67e+43
      88.5  8.46e+43
      87.7  8.25e+43
      86.9  8.04e+43
      86.1  7.82e+43
      85.4  7.59e+43
      84.6  7.36e+43
      83.8  7.13e+43
        83  6.89e+43
      82.2  6.65e+43
      81.4  6.41e+43
      80.6  6.17e+43
      79.8  5.93e+43
        79  5.69e+43
      78.2  5.45e+43
      77.4  5.21e+43
      76.6  4.97e+43
      75.8  4.73e+43
        75   4.5e+43
      74.2  4.27e+43
      73.4  4.05e+43
      72.6  3.83e+43
      71.8  3.61e+43
        71  3.41e+43
      70.3   3.2e+43
      69.5  3.01e+43
      68.7  2.82e+43
      67.9  2.63e+43
      67.1  2.45e+43
      66.3  2.28e+43
      65.5  2.12e+43
      64.7  1.97e+43
      63.9  1.82e+43
      63.1  1.68e+43
      62.3  1.54e+43
      61.5  1.42e+43
      60.7   1.3e+43
      59.9  1.19e+43
      59.1  1.08e+43
      58.3  9.82e+42
      57.5  8.91e+42
      56.7  8.05e+42
      55.9  7.26e+42
      55.1  6.53e+42
      54.4  5.85e+42
      53.6  5.23e+42
      52.8  4.67e+42
        52  4.15e+42
      51.2  3.67e+42
      50.4  3.24e+42
      49.6  2.85e+42
      48.8   2.5e+42
        48  2.19e+42
      47.2  1.91e+42
      46.4  1.65e+42
      45.6  1.43e+42
      44.8  1.23e+42
        44  1.06e+42
      43.2  9.03e+41
      42.4  7.69e+41
      41.6  6.52e+41
      40.8   5.5e+41
        40  4.62e+41
      39.3  3.86e+41
      38.5  3.21e+41
      37.7  2.66e+41
      36.9  2.19e+41
      36.1   1.8e+41
      35.3  1.46e+41
      34.5  1.19e+41
      33.7  9.56e+40
      32.9  7.66e+40
      32.1   6.1e+40
      31.3  4.82e+40
      30.5  3.79e+40
      29.7  2.95e+40
      28.9  2.29e+40
      28.1  1.76e+40
      27.3  1.34e+40
      26.5  1.01e+40
      25.7  7.58e+39
      24.9  5.63e+39
      24.1  4.15e+39
      23.4  3.02e+39
      22.6  2.18e+39
      21.8  1.55e+39
        21   1.1e+39
      20.2  7.63e+38
      19.4  5.25e+38
      18.6  3.56e+38
      17.8  2.38e+38
        17  1.57e+38
      16.2  1.01e+38
      15.4  6.45e+37
      14.6  4.02e+37
      13.8  2.46e+37
        13  1.47e+37
      12.2  8.55e+36
      11.4  4.84e+36
      10.6  2.66e+36
      9.84  1.41e+36
      9.05  7.22e+35
      8.25  3.53e+35
      7.46  1.64e+35
      6.66  7.18e+34
      5.87  2.83e+34
      5.07  1.11e+34
      4.28  4.02e+33
      3.48   1.3e+33
      2.69  3.85e+32
      1.89 -9.97e+31
       1.1 -4.38e+30
     0.303 -5.67e+32
    -0.492 -2.18e+32
     -1.29  1.06e+31
     -2.08  1.63e+31
     -2.88   2.8e+31
     -3.67  2.36e+32
     -4.47 -1.77e+31
     -5.26  3.57e+31
     -6.06 -6.13e+31
     -6.85  9.23e+31
     -7.65 -5.46e+31
     -8.44 -6.12e+31
     -9.24  2.54e+31
       -10 -3.17e+31
     -10.8 -9.19e+30
     -11.6 -1.29e+31
     -12.4  1.87e+30
     -13.2  1.84e+31
       -14 -8.09e+30
     -14.8  2.34e+29
     -15.6 -5.76e+30
     -16.4  1.13e+31
     -17.2  1.04e+31
       -18 -1.03e+31
     -18.8  -3.7e+29
     -19.6  -3.3e+30
     -20.4  7.24e+30
     -21.2 -1.59e+30
       -22 -1.89e+30
     -22.7  1.73e+30
     -23.5  4.71e+30
     -24.3 -1.45e+30
     -25.1  1.51e+30
     -25.9 -1.29e+30
     -26.7 -2.23e+29
     -27.5  2.13e+29
     -28.3  4.22e+28
     -29.1  1.32e+28
     -29.9 -6.06e+29
     -30.7  2.08e+28
     -31.5     4e+27
     -32.3 -1.67e+27
     -33.1 -1.18e+27
     -33.9  4.39e+26
     -34.7 -1.58e+25
     -35.5  1.25e+25
     -36.3  -2.8e+26

pressure[atm]        = 10
temperature[K]           = 2000
energy step[1/cm]        = 278
maximum energy[kcal/mol] = 226

bimolecular PEDs:
   E, kcal    P1->P2
       226     3e+40
       225  3.28e+40
       224  3.58e+40
       224  3.91e+40
       223  4.27e+40
       222  4.66e+40
       221  5.08e+40
       220  5.54e+40
       220  6.04e+40
       219  6.59e+40
       218  7.18e+40
       217  7.81e+40
       217  8.51e+40
       216  9.26e+40
       215  1.01e+41
       214   1.1e+41
       213  1.19e+41
       213  1.29e+41
       212  1.41e+41
       211  1.53e+41
       210  1.66e+41
       209   1.8e+41
       209  1.95e+41
       208  2.12e+41
       207   2.3e+41
       206  2.49e+41
       205  2.69e+41
       205  2.92e+41
       204  3.16e+41
       203  3.42e+41
       202   3.7e+41
       201     4e+41
       201  4.32e+41
       200  4.67e+41
       199  5.04e+41
       198  5.44e+41
       197  5.88e+41
       197  6.34e+41
       196  6.83e+41
       195  7.37e+41
       194  7.94e+41
       193  8.55e+41
       193   9.2e+41
       192  9.91e+41
       191  1.07e+42
       190  1.15e+42
       189  1.23e+42
       189  1.32e+42
       188  1.42e+42
       187  1.53e+42
       186  1.64e+42
       186  1.76e+42
       185  1.88e+42
       184  2.02e+42
       183  2.16e+42
       182  2.31e+42
       182  2.48e+42
       181  2.65e+42
       180  2.83e+42
       179  3.03e+42
       178  3.23e+42
       178  3.45e+42
       177  3.68e+42
       176  3.93e+42
       175  4.19e+42
       174  4.46e+42
       174  4.75e+42
       173  5.06e+42
       172  5.39e+42
       171  5.73e+42
       170  6.09e+42
       170  6.47e+42
       169  6.87e+42
       168   7.3e+42
       167  7.74e+42
       166  8.21e+42
       166   8.7e+42
       165  9.22e+42
       164  9.76e+42
       163  1.03e+43
       162  1.09e+43
       162  1.15e+43
       161  1.22e+43
       160  1.29e+43
       159  1.36e+43
       158  1.43e+43
       158  1.51e+43
       157  1.59e+43
       156  1.68e+43
       155  1.76e+43
       155  1.86e+43
       154  1.95e+43
       153  2.05e+43
       152  2.15e+43
       151  2.26e+43
       151  2.37e+43
       150  2.48e+43
       149   2.6e+43
       148  2.72e+43
       147  2.84e+43
       147  2.97e+43
       146  3.11e+43
       145  3.24e+43
       144  3.38e+43
       143  3.53e+43
       143  3.68e+43
       142  3.83e+43
       141  3.98e+43
       140  4.14e+43
       139   4.3e+43
       139  4.47e+43
       138  4.64e+43
       137  4.81e+43
       136  4.98e+43
       135  5.16e+43
       135  5.34e+43
       134  5.52e+43
       133  5.71e+43
       132  5.89e+43
       131  6.08e+43
       131  6.27e+43
       130  6.46e+43
       129  6.65e+43
       128  6.84e+43
       127  7.03e+43
       127  7.22e+43
       126  7.41e+43
       125   7.6e+43
       124  7.78e+43
       124  7.97e+43
       123  8.15e+43
       122  8.33e+43
       121   8.5e+43
       120  8.67e+43
       120  8.84e+43
       119     9e+43
       118  9.16e+43
       117  9.32e+43
       116  9.46e+43
       116   9.6e+43
       115  9.73e+43
       114  9.86e+43
       113  9.98e+43
       112  1.01e+44
       112  1.02e+44
       111  1.03e+44
       110  1.04e+44
       109  1.04e+44
       108  1.05e+44
       108  1.06e+44
       107  1.06e+44
       106  1.06e+44
       105  1.06e+44
       104  1.07e+44
       104  1.06e+44
       103  1.06e+44
       102  1.06e+44
       101  1.06e+44
       100  1.05e+44
      99.7  1.05e+44
      98.9  1.04e+44
      98.1  1.03e+44
      97.3  1.02e+44
      96.5  1.01e+44
      95.7  9.97e+43
      94.9  9.85e+43
      94.1   9.7e+43
      93.3  9.55e+43
      92.5  9.39e+43
      91.7  9.23e+43
      90.9  9.05e+43
      90.1  8.86e+43
      89.3  8.67e+43
      88.5  8.46e+43
      87.7  8.25e+43
      86.9  8.04e+43
      86.1  7.82e+43
      85.4  7.59e+43
      84.6  7.36e+43
      83.8  7.13e+43
        83  6.89e+43
      82.2  6.65e+43
      81.4  6.41e+43
      80.6  6.17e+43
      79.8  5.93e+43
        79  5.69e+43
      78.2  5.45e+43
      77.4  5.21e+43
      76.6  4.97e+43
      75.8  4.73e+43
        75   4.5e+43
      74.2  4.27e+43
      73.4  4.05e+43
      72.6  3.83e+43
      71.8  3.61e+43
        71  3.41e+43
      70.3   3.2e+43
      69.5  3.01e+43
      68.7  2.82e+43
      67.9  2.63e+43
      67.1  2.45e+43
      66.3  2.28e+43
      65.5  2.12e+43
      64.7  1.97e+43
      63.9  1.82e+43
      63.1  1.68e+43
      62.3  1.54e+43
      61.5  1.42e+43
      60.7   1.3e+43
      59.9  1.19e+43
      59.1  1.08e+43
      58.3  9.82e+42
      57.5  8.91e+42
      56.7  8.05e+42
      55.9  7.26e+42
      55.1  6.53e+42
      54.4  5.85e+42
      53.6  5.23e+42
      52.8  4.67e+42
        52  4.15e+42
      51.2  3.67e+42
      50.4  3.24e+42
      49.6  2.85e+42
      48.8   2.5e+42
        48  2.19e+42
      47.2  1.91e+42
      46.4  1.65e+42
      45.6  1.43e+42
      44.8  1.23e+42
        44  1.06e+42
      43.2  9.04e+41
      42.4  7.69e+41
      41.6  6.52e+41
      40.8   5.5e+41
        40  4.62e+41
      39.3  3.86e+41
      38.5  3.21e+41
      37.7  2.66e+41
      36.9  2.19e+41
      36.1   1.8e+41
      35.3  1.46e+41
      34.5  1.19e+41
      33.7  9.56e+40
      32.9  7.66e+40
      32.1   6.1e+40
      31.3  4.82e+40
      30.5  3.79e+40
      29.7  2.95e+40
      28.9  2.29e+40
      28.1  1.76e+40
      27.3  1.34e+40
      26.5  1.01e+40
      25.7  7.59e+39
      24.9  5.64e+39
      24.1  4.15e+39
      23.4  3.02e+39
      22.6  2.18e+39
      21.8  1.55e+39
        21   1.1e+39
      20.2  7.64e+38
      19.4  5.25e+38
      18.6  3.56e+38
      17.8  2.38e+38
        17  1.57e+38
      16.2  1.02e+38
      15.4  6.46e+37
      14.6  4.03e+37
      13.8  2.46e+37
        13  1.47e+37
      12.2  8.58e+36
      11.4  4.87e+36
      10.6  2.68e+36
      9.84  1.43e+36
      9.05  7.32e+35
      8.25   3.6e+35
      7.46  1.69e+35
      6.66  7.42e+34
      5.87  3.11e+34
      5.07  1.23e+34
      4.28  4.52e+33
      3.48  1.58e+33
      2.69  1.14e+33
      1.89  6.03e+32
       1.1  1.04e+32
     0.303   7.6e+31
    -0.492  8.84e+31
     -1.29  2.36e+32
     -2.08  1.56e+31
     -2.88 -1.03e+32
     -3.67 -7.89e+31
     -4.47 -1.03e+32
     -5.26 -1.92e+32
     -6.06 -1.92e+31
     -6.85  7.54e+31
     -7.65  -2.9e+31
     -8.44  -2.8e+31
     -9.24  -3.1e+31
       -10  3.22e+31
     -10.8 -1.64e+31
     -11.6  3.92e+30
     -12.4  1.02e+31
     -13.2  5.34e+29
       -14  1.76e+31
     -14.8 -1.59e+31
     -15.6  6.36e+30
     -16.4 -8.02e+30
     -17.2  6.24e+30
       -18  8.66e+30
     -18.8  3.39e+30
     -19.6 -4.61e+29
     -20.4  2.76e+30
     -21.2 -2.92e+30
       -22 -1.45e+30
     -22.7  3.87e+30
     -23.5  2.56e+29
     -24.3 -2.38e+30
     -25.1 -3.53e+29
     -25.9  9.15e+29
     -26.7 -2.19e+29
     -27.5 -6.37e+28
     -28.3 -5.43e+29
     -29.1  3.83e+28
     -29.9     4e+28
     -30.7  1.83e+29
     -31.5  1.29e+27
     -32.3  6.64e+27
     -33.1 -2.73e+27
     -33.9 -2.87e+26
     -34.7  3.99e+26
     -35.5 -2.44e+26
     -36.3  2.45e+27

pressure[atm]        = 100
temperature[K]           = 2000
energy step[1/cm]        = 278
maximum energy[kcal/mol] = 226

bimolecular PEDs:
   E, kcal    P1->P2
       226     3e+40
       225  3.28e+40
       224  3.58e+40
       224  3.91e+40
       223  4.27e+40
       222  4.66e+40
       221  5.08e+40
       220  5.54e+40
       220  6.04e+40
       219  6.58e+40
       218  7.17e+40
       217  7.81e+40
       217   8.5e+40
       216  9.26e+40
       215  1.01e+41
       214   1.1e+41
       213  1.19e+41
       213  1.29e+41
       212  1.41e+41
       211  1.53e+41
       210  1.66e+41
       209   1.8e+41
       209  1.95e+41
       208  2.12e+41
       207  2.29e+41
       206  2.49e+41
       205  2.69e+41
       205  2.92e+41
       204  3.16e+41
       203  3.42e+41
       202   3.7e+41
       201     4e+41
       201  4.32e+41
       200  4.67e+41
       199  5.04e+41
       198  5.44e+41
       197  5.87e+41
       197  6.34e+41
       196  6.83e+41
       195  7.37e+41
       194  7.94e+41
       193  8.55e+41
       193   9.2e+41
       192   9.9e+41
       191  1.07e+42
       190  1.15e+42
       189  1.23e+42
       189  1.32e+42
       188  1.42e+42
       187  1.53e+42
       186  1.64e+42
       186  1.76e+42
       185  1.88e+42
       184  2.02e+42
       183  2.16e+42
       182  2.31e+42
       182  2.47e+42
       181  2.65e+42
       180  2.83e+42
       179  3.02e+42
       178  3.23e+42
       178  3.45e+42
       177  3.68e+42
       176  3.93e+42
       175  4.19e+42
       174  4.46e+42
       174  4.75e+42
       173  5.06e+42
       172  5.39e+42
       171  5.73e+42
       170  6.09e+42
       170  6.47e+42
       169  6.87e+42
       168   7.3e+42
       167  7.74e+42
       166  8.21e+42
       166   8.7e+42
       165  9.22e+42
       164  9.76e+42
       163  1.03e+43
       162  1.09e+43
       162  1.15e+43
       161  1.22e+43
       160  1.29e+43
       159  1.36e+43
       158  1.43e+43
       158  1.51e+43
       157  1.59e+43
       156  1.68e+43
       155  1.76e+43
       155  1.85e+43
       154  1.95e+43
       153  2.05e+43
       152  2.15e+43
       151  2.26e+43
       151  2.37e+43
       150  2.48e+43
       149   2.6e+43
       148  2.72e+43
       147  2.84e+43
       147  2.97e+43
       146  3.11e+43
       145  3.24e+43
       144  3.38e+43
       143  3.53e+43
       143  3.67e+43
       142  3.83e+43
       141  3.98e+43
       140  4.14e+43
       139   4.3e+43
       139  4.47e+43
       138  4.64e+43
       137  4.81e+43
       136  4.98e+43
       135  5.16e+43
       135  5.34e+43
       134  5.52e+43
       133  5.71e+43
       132  5.89e+43
       131  6.08e+43
       131  6.27e+43
       130  6.46e+43
       129  6.65e+43
       128  6.84e+43
       127  7.03e+43
       127  7.22e+43
       126  7.41e+43
       125  7.59e+43
       124  7.78e+43
       124  7.97e+43
       123  8.15e+43
       122  8.33e+43
       121   8.5e+43
       120  8.67e+43
       120  8.84e+43
       119     9e+43
       118  9.16e+43
       117  9.31e+43
       116  9.46e+43
       116   9.6e+43
       115  9.73e+43
       114  9.86e+43
       113  9.98e+43
       112  1.01e+44
       112  1.02e+44
       111  1.03e+44
       110  1.04e+44
       109  1.04e+44
       108  1.05e+44
       108  1.06e+44
       107  1.06e+44
       106  1.06e+44
       105  1.06e+44
       104  1.07e+44
       104  1.06e+44
       103  1.06e+44
       102  1.06e+44
       101  1.06e+44
       100  1.05e+44
      99.7  1.05e+44
      98.9  1.04e+44
      98.1  1.03e+44
      97.3  1.02e+44
      96.5  1.01e+44
      95.7  9.98e+43
      94.9  9.85e+43
      94.1  9.71e+43
      93.3  9.55e+43
      92.5  9.39e+43
      91.7  9.23e+43
      90.9  9.05e+43
      90.1  8.86e+43
      89.3  8.67e+43
      88.5  8.46e+43
      87.7  8.26e+43
      86.9  8.04e+43
      86.1  7.82e+43
      85.4  7.59e+43
      84.6  7.36e+43
      83.8  7.13e+43
        83  6.89e+43
      82.2  6.65e+43
      81.4  6.41e+43
      80.6  6.17e+43
      79.8  5.93e+43
        79  5.69e+43
      78.2  5.45e+43
      77.4  5.21e+43
      76.6  4.97e+43
      75.8  4.73e+43
        75   4.5e+43
      74.2  4.27e+43
      73.4  4.05e+43
      72.6  3.83e+43
      71.8  3.62e+43
        71  3.41e+43
      70.3   3.2e+43
      69.5  3.01e+43
      68.7  2.82e+43
      67.9  2.63e+43
      67.1  2.46e+43
      66.3  2.29e+43
      65.5  2.12e+43
      64.7  1.97e+43
      63.9  1.82e+43
      63.1  1.68e+43
      62.3  1.54e+43
      61.5  1.42e+43
      60.7   1.3e+43
      59.9  1.19e+43
      59.1  1.08e+43
      58.3  9.83e+42
      57.5  8.91e+42
      56.7  8.06e+42
      55.9  7.27e+42
      55.1  6.53e+42
      54.4  5.86e+42
      53.6  5.24e+42
      52.8  4.67e+42
        52  4.15e+42
      51.2  3.67e+42
      50.4  3.24e+42
      49.6  2.86e+42
      48.8  2.51e+42
        48  2.19e+42
      47.2  1.91e+42
      46.4  1.66e+42
      45.6  1.43e+42
      44.8  1.23e+42
        44  1.06e+42
      43.2  9.04e+41
      42.4   7.7e+41
      41.6  6.52e+41
      40.8   5.5e+41
        40  4.62e+41
      39.3  3.87e+41
      38.5  3.22e+41
      37.7  2.66e+41
      36.9   2.2e+41
      36.1   1.8e+41
      35.3  1.47e+41
      34.5  1.19e+41
      33.7  9.58e+40
      32.9  7.67e+40
      32.1  6.11e+40
      31.3  4.83e+40
      30.5   3.8e+40
      29.7  2.96e+40
      28.9  2.29e+40
      28.1  1.76e+40
      27.3  1.34e+40
      26.5  1.02e+40
      25.7  7.61e+39
      24.9  5.66e+39
      24.1  4.16e+39
      23.4  3.04e+39
      22.6  2.19e+39
      21.8  1.56e+39
        21   1.1e+39
      20.2  7.69e+38
      19.4  5.29e+38
      18.6   3.6e+38
      17.8  2.41e+38
        17  1.59e+38
      16.2  1.03e+38
      15.4  6.57e+37
      14.6  4.11e+37
      13.8  2.52e+37
        13  1.52e+37
      12.2   8.9e+36
      11.4   5.1e+36
      10.6  2.85e+36
      9.84  1.55e+36
      9.05  8.18e+35
      8.25  4.23e+35
      7.46  2.12e+35
      6.66  1.06e+35
      5.87  5.26e+34
      5.07  2.72e+34
      4.28  1.53e+34
      3.48  8.94e+33
      2.69  5.95e+33
      1.89  3.73e+33
       1.1  2.03e+33
     0.303  1.37e+33
    -0.492  9.94e+32
     -1.29  8.17e+32
     -2.08  4.98e+32
     -2.88  2.89e+32
     -3.67  2.47e+32
     -4.47 -4.63e+31
     -5.26   8.7e+31
     -6.06  1.22e+32
     -6.85  8.22e+31
     -7.65 -3.79e+31
     -8.44 -1.05e+32
     -9.24  3.59e+31
       -10  1.44e+31
     -10.8  7.76e+30
     -11.6  3.81e+31
     -12.4 -1.43e+31
     -13.2 -9.28e+30
       -14  1.84e+30
     -14.8 -4.67e+30
     -15.6 -5.21e+30
     -16.4 -2.31e+30
     -17.2 -6.49e+30
       -18  1.13e+31
     -18.8 -6.68e+30
     -19.6  7.16e+30
     -20.4 -2.29e+30
     -21.2  4.22e+29
       -22 -8.49e+30
     -22.7  1.66e+30
     -23.5 -3.93e+30
     -24.3   4.1e+30
     -25.1 -1.62e+29
     -25.9 -9.88e+29
     -26.7 -9.13e+29
     -27.5 -6.68e+29
     -28.3 -4.57e+29
     -29.1  2.22e+29
     -29.9 -1.05e+29
     -30.7  1.44e+28
     -31.5  4.35e+29
     -32.3 -1.77e+27
     -33.1 -1.31e+28
     -33.9  5.29e+27
     -34.7 -2.45e+27
     -35.5  1.07e+27
     -36.3  1.75e+27

pressure[atm]        = 0.01
temperature[K]           = 2100
energy step[1/cm]        = 292
maximum energy[kcal/mol] = 240

bimolecular PEDs:
   E, kcal    P1->P2
       240  2.05e+41
       239  2.24e+41
       238  2.44e+41
       238  2.67e+41
       237  2.91e+41
       236  3.18e+41
       235  3.47e+41
       234  3.78e+41
       233  4.12e+41
       233  4.49e+41
       232  4.89e+41
       231  5.33e+41
       230   5.8e+41
       229  6.31e+41
       228  6.87e+41
       228  7.47e+41
       227  8.12e+41
       226  8.82e+41
       225  9.59e+41
       224  1.04e+42
       223  1.13e+42
       223  1.23e+42
       222  1.33e+42
       221  1.44e+42
       220  1.56e+42
       219   1.7e+42
       218  1.84e+42
       218  1.99e+42
       217  2.15e+42
       216  2.33e+42
       215  2.52e+42
       214  2.73e+42
       213  2.95e+42
       213  3.18e+42
       212  3.44e+42
       211  3.71e+42
       210  4.01e+42
       209  4.32e+42
       208  4.66e+42
       208  5.03e+42
       207  5.42e+42
       206  5.83e+42
       205  6.28e+42
       204  6.76e+42
       203  7.27e+42
       203  7.82e+42
       202   8.4e+42
       201  9.03e+42
       200   9.7e+42
       199  1.04e+43
       198  1.12e+43
       198   1.2e+43
       197  1.28e+43
       196  1.38e+43
       195  1.47e+43
       194  1.58e+43
       193  1.69e+43
       193  1.81e+43
       192  1.93e+43
       191  2.07e+43
       190  2.21e+43
       189  2.36e+43
       188  2.52e+43
       188  2.68e+43
       187  2.86e+43
       186  3.05e+43
       185  3.25e+43
       184  3.46e+43
       183  3.68e+43
       183  3.92e+43
       182  4.16e+43
       181  4.43e+43
       180   4.7e+43
       179  4.99e+43
       178   5.3e+43
       177  5.62e+43
       177  5.95e+43
       176  6.31e+43
       175  6.68e+43
       174  7.07e+43
       173  7.48e+43
       172   7.9e+43
       172  8.35e+43
       171  8.82e+43
       170  9.31e+43
       169  9.82e+43
       168  1.04e+44
       167  1.09e+44
       167  1.15e+44
       166  1.21e+44
       165  1.27e+44
       164  1.34e+44
       163  1.41e+44
       162  1.48e+44
       162  1.55e+44
       161  1.62e+44
       160   1.7e+44
       159  1.78e+44
       158  1.87e+44
       157  1.95e+44
       157  2.04e+44
       156  2.13e+44
       155  2.23e+44
       154  2.33e+44
       153  2.43e+44
       152  2.53e+44
       152  2.63e+44
       151  2.74e+44
       150  2.85e+44
       149  2.96e+44
       148  3.08e+44
       147   3.2e+44
       147  3.31e+44
       146  3.44e+44
       145  3.56e+44
       144  3.68e+44
       143  3.81e+44
       142  3.94e+44
       142  4.07e+44
       141   4.2e+44
       140  4.33e+44
       139  4.46e+44
       138   4.6e+44
       137  4.73e+44
       137  4.86e+44
       136     5e+44
       135  5.13e+44
       134  5.26e+44
       133  5.39e+44
       132  5.52e+44
       132  5.65e+44
       131  5.78e+44
       130   5.9e+44
       129  6.02e+44
       128  6.14e+44
       127  6.26e+44
       127  6.37e+44
       126  6.48e+44
       125  6.59e+44
       124  6.69e+44
       123  6.78e+44
       122  6.88e+44
       122  6.96e+44
       121  7.04e+44
       120  7.12e+44
       119  7.19e+44
       118  7.25e+44
       117   7.3e+44
       117  7.35e+44
       116  7.39e+44
       115  7.43e+44
       114  7.46e+44
       113  7.47e+44
       112  7.49e+44
       112  7.49e+44
       111  7.49e+44
       110  7.47e+44
       109  7.45e+44
       108  7.42e+44
       107  7.38e+44
       107  7.34e+44
       106  7.29e+44
       105  7.22e+44
       104  7.15e+44
       103  7.08e+44
       102  6.99e+44
       102   6.9e+44
       101   6.8e+44
      99.9  6.69e+44
        99  6.58e+44
      98.2  6.46e+44
      97.4  6.33e+44
      96.5   6.2e+44
      95.7  6.06e+44
      94.9  5.92e+44
        94  5.77e+44
      93.2  5.62e+44
      92.4  5.47e+44
      91.5  5.31e+44
      90.7  5.15e+44
      89.9  4.99e+44
        89  4.82e+44
      88.2  4.65e+44
      87.4  4.48e+44
      86.5  4.31e+44
      85.7  4.14e+44
      84.9  3.98e+44
        84  3.81e+44
      83.2  3.64e+44
      82.4  3.47e+44
      81.5  3.31e+44
      80.7  3.15e+44
      79.8  2.99e+44
        79  2.83e+44
      78.2  2.68e+44
      77.3  2.53e+44
      76.5  2.38e+44
      75.7  2.24e+44
      74.8  2.11e+44
        74  1.97e+44
      73.2  1.84e+44
      72.3  1.72e+44
      71.5   1.6e+44
      70.7  1.49e+44
      69.8  1.38e+44
        69  1.28e+44
      68.2  1.18e+44
      67.3  1.09e+44
      66.5  9.98e+43
      65.7  9.15e+43
      64.8  8.36e+43
        64  7.63e+43
      63.2  6.94e+43
      62.3   6.3e+43
      61.5   5.7e+43
      60.7  5.15e+43
      59.8  4.63e+43
        59  4.16e+43
      58.1  3.72e+43
      57.3  3.32e+43
      56.5  2.96e+43
      55.6  2.62e+43
      54.8  2.32e+43
        54  2.05e+43
      53.1   1.8e+43
      52.3  1.58e+43
      51.5  1.37e+43
      50.6   1.2e+43
      49.8  1.04e+43
        49  8.95e+42
      48.1   7.7e+42
      47.3   6.6e+42
      46.5  5.63e+42
      45.6  4.79e+42
      44.8  4.05e+42
        44  3.42e+42
      43.1  2.87e+42
      42.3  2.39e+42
      41.5  1.99e+42
      40.6  1.65e+42
      39.8  1.36e+42
        39  1.11e+42
      38.1  9.04e+41
      37.3  7.32e+41
      36.4   5.9e+41
      35.6  4.72e+41
      34.8  3.76e+41
      33.9  2.97e+41
      33.1  2.34e+41
      32.3  1.82e+41
      31.4  1.41e+41
      30.6  1.09e+41
      29.8   8.3e+40
      28.9  6.28e+40
      28.1  4.71e+40
      27.3  3.51e+40
      26.4  2.59e+40
      25.6  1.89e+40
      24.8  1.37e+40
      23.9  9.77e+39
      23.1  6.92e+39
      22.3  4.84e+39
      21.4  3.34e+39
      20.6  2.28e+39
      19.8  1.54e+39
      18.9  1.02e+39
      18.1  6.64e+38
      17.3  4.26e+38
      16.4  2.69e+38
      15.6  1.66e+38
      14.7  1.01e+38
      13.9  5.96e+37
      13.1  3.44e+37
      12.2  1.93e+37
      11.4  1.06e+37
      10.6  5.56e+36
      9.74  2.82e+36
      8.91  1.37e+36
      8.07  6.31e+35
      7.24  2.75e+35
       6.4  1.13e+35
      5.57  4.08e+34
      4.73  1.12e+34
       3.9  3.48e+33
      3.06  6.75e+32
      2.23  3.95e+32
      1.39 -6.17e+31
      0.56  2.94e+32
    -0.275  8.68e+31
     -1.11   3.7e+32
     -1.94 -4.51e+31
     -2.78  3.29e+32
     -3.61  2.46e+32
     -4.45  9.38e+31
     -5.28  1.33e+32
     -6.12  4.71e+31
     -6.95  1.29e+31
     -7.79 -1.31e+31
     -8.62 -5.85e+31
     -9.46 -9.02e+29
     -10.3 -6.64e+31
     -11.1   3.2e+31
       -12  4.68e+31
     -12.8  9.85e+30
     -13.6 -7.94e+31
     -14.5 -1.82e+31
     -15.3 -5.23e+31
     -16.1  1.31e+32
       -17  1.42e+32
     -17.8 -1.79e+32
     -18.6  7.35e+31
     -19.5  5.81e+31
     -20.3 -3.03e+31
     -21.1 -1.64e+31
       -22  2.63e+31
     -22.8 -1.15e+31
     -23.6  3.53e+30
     -24.5 -2.33e+30
     -25.3 -4.48e+29
     -26.1  1.77e+30
       -27 -4.52e+29
     -27.8 -1.86e+29
     -28.7   7.6e+28
     -29.5   6.4e+29
     -30.3  7.67e+28
     -31.2 -2.46e+28
       -32  5.66e+27
     -32.8 -6.97e+26
     -33.7 -1.18e+26
     -34.5  1.01e+26
     -35.3 -2.11e+25
     -36.2  3.13e+25

pressure[atm]        = 0.1
temperature[K]           = 2100
energy step[1/cm]        = 292
maximum energy[kcal/mol] = 240

bimolecular PEDs:
   E, kcal    P1->P2
       240  2.05e+41
       239  2.24e+41
       238  2.44e+41
       238  2.67e+41
       237  2.91e+41
       236  3.18e+41
       235  3.47e+41
       234  3.78e+41
       233  4.12e+41
       233  4.49e+41
       232  4.89e+41
       231  5.33e+41
       230   5.8e+41
       229  6.31e+41
       228  6.87e+41
       228  7.47e+41
       227  8.12e+41
       226  8.82e+41
       225  9.59e+41
       224  1.04e+42
       223  1.13e+42
       223  1.23e+42
       222  1.33e+42
       221  1.44e+42
       220  1.56e+42
       219   1.7e+42
       218  1.84e+42
       218  1.99e+42
       217  2.15e+42
       216  2.33e+42
       215  2.52e+42
       214  2.73e+42
       213  2.95e+42
       213  3.18e+42
       212  3.44e+42
       211  3.71e+42
       210  4.01e+42
       209  4.32e+42
       208  4.66e+42
       208  5.03e+42
       207  5.42e+42
       206  5.83e+42
       205  6.28e+42
       204  6.76e+42
       203  7.27e+42
       203  7.82e+42
       202   8.4e+42
       201  9.03e+42
       200   9.7e+42
       199  1.04e+43
       198  1.12e+43
       198   1.2e+43
       197  1.28e+43
       196  1.38e+43
       195  1.47e+43
       194  1.58e+43
       193  1.69e+43
       193  1.81e+43
       192  1.93e+43
       191  2.07e+43
       190  2.21e+43
       189  2.36e+43
       188  2.52e+43
       188  2.68e+43
       187  2.86e+43
       186  3.05e+43
       185  3.25e+43
       184  3.46e+43
       183  3.68e+43
       183  3.92e+43
       182  4.16e+43
       181  4.43e+43
       180   4.7e+43
       179  4.99e+43
       178   5.3e+43
       177  5.62e+43
       177  5.95e+43
       176  6.31e+43
       175  6.68e+43
       174  7.07e+43
       173  7.48e+43
       172   7.9e+43
       172  8.35e+43
       171  8.82e+43
       170  9.31e+43
       169  9.82e+43
       168  1.04e+44
       167  1.09e+44
       167  1.15e+44
       166  1.21e+44
       165  1.27e+44
       164  1.34e+44
       163  1.41e+44
       162  1.48e+44
       162  1.55e+44
       161  1.62e+44
       160   1.7e+44
       159  1.78e+44
       158  1.87e+44
       157  1.95e+44
       157  2.04e+44
       156  2.13e+44
       155  2.23e+44
       154  2.33e+44
       153  2.43e+44
       152  2.53e+44
       152  2.63e+44
       151  2.74e+44
       150  2.85e+44
       149  2.96e+44
       148  3.08e+44
       147   3.2e+44
       147  3.31e+44
       146  3.44e+44
       145  3.56e+44
       144  3.68e+44
       143  3.81e+44
       142  3.94e+44
       142  4.07e+44
       141   4.2e+44
       140  4.33e+44
       139  4.46e+44
       138   4.6e+44
       137  4.73e+44
       137  4.86e+44
       136     5e+44
       135  5.13e+44
       134  5.26e+44
       133  5.39e+44
       132  5.52e+44
       132  5.65e+44
       131  5.78e+44
       130   5.9e+44
       129  6.02e+44
       128  6.14e+44
       127  6.26e+44
       127  6.37e+44
       126  6.48e+44
       125  6.59e+44
       124  6.69e+44
       123  6.78e+44
       122  6.88e+44
       122  6.96e+44
       121  7.04e+44
       120  7.12e+44
       119  7.19e+44
       118  7.25e+44
       117   7.3e+44
       117  7.35e+44
       116  7.39e+44
       115  7.43e+44
       114  7.46e+44
       113  7.47e+44
       112  7.49e+44
       112  7.49e+44
       111  7.49e+44
       110  7.47e+44
       109  7.45e+44
       108  7.42e+44
       107  7.38e+44
       107  7.34e+44
       106  7.29e+44
       105  7.22e+44
       104  7.15e+44
       103  7.08e+44
       102  6.99e+44
       102   6.9e+44
       101   6.8e+44
      99.9  6.69e+44
        99  6.58e+44
      98.2  6.46e+44
      97.4  6.33e+44
      96.5   6.2e+44
      95.7  6.06e+44
      94.9  5.92e+44
        94  5.77e+44
      93.2  5.62e+44
      92.4  5.47e+44
      91.5  5.31e+44
      90.7  5.15e+44
      89.9  4.99e+44
        89  4.82e+44
      88.2  4.65e+44
      87.4  4.48e+44
      86.5  4.31e+44
      85.7  4.14e+44
      84.9  3.98e+44
        84  3.81e+44
      83.2  3.64e+44
      82.4  3.47e+44
      81.5  3.31e+44
      80.7  3.15e+44
      79.8  2.99e+44
        79  2.83e+44
      78.2  2.68e+44
      77.3  2.53e+44
      76.5  2.38e+44
      75.7  2.24e+44
      74.8  2.11e+44
        74  1.97e+44
      73.2  1.84e+44
      72.3  1.72e+44
      71.5   1.6e+44
      70.7  1.49e+44
      69.8  1.38e+44
        69  1.28e+44
      68.2  1.18e+44
      67.3  1.09e+44
      66.5  9.98e+43
      65.7  9.15e+43
      64.8  8.36e+43
        64  7.63e+43
      63.2  6.94e+43
      62.3   6.3e+43
      61.5   5.7e+43
      60.7  5.15e+43
      59.8  4.63e+43
        59  4.16e+43
      58.1  3.72e+43
      57.3  3.32e+43
      56.5  2.96e+43
      55.6  2.62e+43
      54.8  2.32e+43
        54  2.05e+43
      53.1   1.8e+43
      52.3  1.58e+43
      51.5  1.37e+43
      50.6   1.2e+43
      49.8  1.04e+43
        49  8.95e+42
      48.1   7.7e+42
      47.3   6.6e+42
      46.5  5.63e+42
      45.6  4.79e+42
      44.8  4.05e+42
        44  3.42e+42
      43.1  2.87e+42
      42.3  2.39e+42
      41.5  1.99e+42
      40.6  1.65e+42
      39.8  1.36e+42
        39  1.11e+42
      38.1  9.04e+41
      37.3  7.32e+41
      36.4   5.9e+41
      35.6  4.72e+41
      34.8  3.76e+41
      33.9  2.97e+41
      33.1  2.34e+41
      32.3  1.82e+41
      31.4  1.41e+41
      30.6  1.09e+41
      29.8   8.3e+40
      28.9  6.28e+40
      28.1  4.71e+40
      27.3  3.51e+40
      26.4  2.59e+40
      25.6  1.89e+40
      24.8  1.37e+40
      23.9  9.77e+39
      23.1  6.92e+39
      22.3  4.84e+39
      21.4  3.34e+39
      20.6  2.28e+39
      19.8  1.54e+39
      18.9  1.02e+39
      18.1  6.64e+38
      17.3  4.27e+38
      16.4  2.69e+38
      15.6  1.66e+38
      14.7  1.01e+38
      13.9  5.96e+37
      13.1  3.44e+37
      12.2  1.94e+37
      11.4  1.05e+37
      10.6  5.56e+36
      9.74  2.82e+36
      8.91  1.37e+36
      8.07  6.32e+35
      7.24  2.76e+35
       6.4   1.1e+35
      5.57  3.85e+34
      4.73  1.25e+34
       3.9  4.75e+33
      3.06  2.94e+32
      2.23  -9.2e+32
      1.39 -6.05e+32
      0.56 -7.62e+32
    -0.275 -1.07e+32
     -1.11 -5.25e+32
     -1.94 -2.77e+32
     -2.78  -2.4e+32
     -3.61 -6.66e+32
     -4.45  -4.2e+31
     -5.28 -2.49e+31
     -6.12   8.6e+31
     -6.95  8.64e+31
     -7.79 -1.88e+32
     -8.62 -2.27e+31
     -9.46 -4.29e+31
     -10.3  2.52e+31
     -11.1  3.27e+31
       -12  2.37e+31
     -12.8  1.11e+31
     -13.6  2.88e+32
     -14.5 -9.41e+31
     -15.3 -4.02e+31
     -16.1  6.83e+31
       -17 -2.91e+31
     -17.8  -1.4e+31
     -18.6 -4.97e+30
     -19.5  3.64e+31
     -20.3 -3.11e+31
     -21.1  1.03e+31
       -22 -5.93e+30
     -22.8 -3.38e+30
     -23.6  4.02e+29
     -24.5  1.63e+30
     -25.3 -2.36e+29
     -26.1  4.35e+29
       -27 -6.76e+27
     -27.8 -5.84e+28
     -28.7   3.3e+28
     -29.5  3.62e+28
     -30.3 -6.71e+28
     -31.2  2.73e+28
       -32 -1.91e+28
     -32.8   4.2e+27
     -33.7  2.73e+26
     -34.5 -1.93e+26
     -35.3  7.18e+25
     -36.2 -7.83e+25

pressure[atm]        = 1
temperature[K]           = 2100
energy step[1/cm]        = 292
maximum energy[kcal/mol] = 240

bimolecular PEDs:
   E, kcal    P1->P2
       240  2.05e+41
       239  2.24e+41
       238  2.44e+41
       238  2.67e+41
       237  2.91e+41
       236  3.18e+41
       235  3.47e+41
       234  3.78e+41
       233  4.12e+41
       233  4.49e+41
       232  4.89e+41
       231  5.33e+41
       230   5.8e+41
       229  6.31e+41
       228  6.87e+41
       228  7.47e+41
       227  8.12e+41
       226  8.82e+41
       225  9.59e+41
       224  1.04e+42
       223  1.13e+42
       223  1.23e+42
       222  1.33e+42
       221  1.44e+42
       220  1.56e+42
       219   1.7e+42
       218  1.84e+42
       218  1.99e+42
       217  2.15e+42
       216  2.33e+42
       215  2.52e+42
       214  2.73e+42
       213  2.95e+42
       213  3.18e+42
       212  3.44e+42
       211  3.71e+42
       210  4.01e+42
       209  4.32e+42
       208  4.66e+42
       208  5.03e+42
       207  5.42e+42
       206  5.83e+42
       205  6.28e+42
       204  6.76e+42
       203  7.27e+42
       203  7.82e+42
       202   8.4e+42
       201  9.03e+42
       200   9.7e+42
       199  1.04e+43
       198  1.12e+43
       198   1.2e+43
       197  1.28e+43
       196  1.38e+43
       195  1.47e+43
       194  1.58e+43
       193  1.69e+43
       193  1.81e+43
       192  1.93e+43
       191  2.07e+43
       190  2.21e+43
       189  2.36e+43
       188  2.52e+43
       188  2.68e+43
       187  2.86e+43
       186  3.05e+43
       185  3.25e+43
       184  3.46e+43
       183  3.68e+43
       183  3.92e+43
       182  4.16e+43
       181  4.43e+43
       180   4.7e+43
       179  4.99e+43
       178   5.3e+43
       177  5.62e+43
       177  5.95e+43
       176  6.31e+43
       175  6.68e+43
       174  7.07e+43
       173  7.48e+43
       172   7.9e+43
       172  8.35e+43
       171  8.82e+43
       170  9.31e+43
       169  9.82e+43
       168  1.04e+44
       167  1.09e+44
       167  1.15e+44
       166  1.21e+44
       165  1.27e+44
       164  1.34e+44
       163  1.41e+44
       162  1.48e+44
       162  1.55e+44
       161  1.62e+44
       160   1.7e+44
       159  1.78e+44
       158  1.87e+44
       157  1.95e+44
       157  2.04e+44
       156  2.13e+44
       155  2.23e+44
       154  2.33e+44
       153  2.43e+44
       152  2.53e+44
       152  2.63e+44
       151  2.74e+44
       150  2.85e+44
       149  2.96e+44
       148  3.08e+44
       147   3.2e+44
       147  3.31e+44
       146  3.44e+44
       145  3.56e+44
       144  3.68e+44
       143  3.81e+44
       142  3.94e+44
       142  4.07e+44
       141   4.2e+44
       140  4.33e+44
       139  4.46e+44
       138   4.6e+44
       137  4.73e+44
       137  4.86e+44
       136     5e+44
       135  5.13e+44
       134  5.26e+44
       133  5.39e+44
       132  5.52e+44
       132  5.65e+44
       131  5.78e+44
       130   5.9e+44
       129  6.02e+44
       128  6.14e+44
       127  6.26e+44
       127  6.37e+44
       126  6.48e+44
       125  6.59e+44
       124  6.69e+44
       123  6.78e+44
       122  6.88e+44
       122  6.96e+44
       121  7.04e+44
       120  7.12e+44
       119  7.19e+44
       118  7.25e+44
       117   7.3e+44
       117  7.35e+44
       116  7.39e+44
       115  7.43e+44
       114  7.46e+44
       113  7.47e+44
       112  7.49e+44
       112  7.49e+44
       111  7.49e+44
       110  7.47e+44
       109  7.45e+44
       108  7.42e+44
       107  7.38e+44
       107  7.34e+44
       106  7.29e+44
       105  7.22e+44
       104  7.15e+44
       103  7.08e+44
       102  6.99e+44
       102   6.9e+44
       101   6.8e+44
      99.9  6.69e+44
        99  6.58e+44
      98.2  6.46e+44
      97.4  6.33e+44
      96.5   6.2e+44
      95.7  6.06e+44
      94.9  5.92e+44
        94  5.77e+44
      93.2  5.62e+44
      92.4  5.47e+44
      91.5  5.31e+44
      90.7  5.15e+44
      89.9  4.99e+44
        89  4.82e+44
      88.2  4.65e+44
      87.4  4.48e+44
      86.5  4.31e+44
      85.7  4.14e+44
      84.9  3.98e+44
        84  3.81e+44
      83.2  3.64e+44
      82.4  3.47e+44
      81.5  3.31e+44
      80.7  3.15e+44
      79.8  2.99e+44
        79  2.83e+44
      78.2  2.68e+44
      77.3  2.53e+44
      76.5  2.38e+44
      75.7  2.24e+44
      74.8  2.11e+44
        74  1.97e+44
      73.2  1.84e+44
      72.3  1.72e+44
      71.5   1.6e+44
      70.7  1.49e+44
      69.8  1.38e+44
        69  1.28e+44
      68.2  1.18e+44
      67.3  1.09e+44
      66.5  9.98e+43
      65.7  9.15e+43
      64.8  8.36e+43
        64  7.63e+43
      63.2  6.94e+43
      62.3   6.3e+43
      61.5   5.7e+43
      60.7  5.15e+43
      59.8  4.63e+43
        59  4.16e+43
      58.1  3.72e+43
      57.3  3.32e+43
      56.5  2.96e+43
      55.6  2.62e+43
      54.8  2.32e+43
        54  2.05e+43
      53.1   1.8e+43
      52.3  1.58e+43
      51.5  1.37e+43
      50.6   1.2e+43
      49.8  1.04e+43
        49  8.95e+42
      48.1   7.7e+42
      47.3   6.6e+42
      46.5  5.63e+42
      45.6  4.79e+42
      44.8  4.05e+42
        44  3.42e+42
      43.1  2.87e+42
      42.3  2.39e+42
      41.5  1.99e+42
      40.6  1.65e+42
      39.8  1.36e+42
        39  1.11e+42
      38.1  9.04e+41
      37.3  7.32e+41
      36.4   5.9e+41
      35.6  4.72e+41
      34.8  3.76e+41
      33.9  2.97e+41
      33.1  2.34e+41
      32.3  1.82e+41
      31.4  1.41e+41
      30.6  1.09e+41
      29.8   8.3e+40
      28.9  6.28e+40
      28.1  4.71e+40
      27.3  3.51e+40
      26.4  2.59e+40
      25.6  1.89e+40
      24.8  1.37e+40
      23.9  9.78e+39
      23.1  6.92e+39
      22.3  4.84e+39
      21.4  3.35e+39
      20.6  2.28e+39
      19.8  1.54e+39
      18.9  1.02e+39
      18.1  6.64e+38
      17.3  4.27e+38
      16.4  2.69e+38
      15.6  1.66e+38
      14.7  1.01e+38
      13.9  5.96e+37
      13.1  3.44e+37
      12.2  1.94e+37
      11.4  1.06e+37
      10.6  5.57e+36
      9.74  2.83e+36
      8.91  1.38e+36
      8.07  6.39e+35
      7.24  2.78e+35
       6.4  1.12e+35
      5.57  4.36e+34
      4.73  1.44e+34
       3.9  3.57e+33
      3.06   1.3e+33
      2.23  3.22e+32
      1.39 -3.45e+32
      0.56 -3.79e+31
    -0.275   1.2e+32
     -1.11  1.77e+32
     -1.94  1.12e+33
     -2.78  1.32e+33
     -3.61  4.59e+32
     -4.45 -7.06e+31
     -5.28 -1.47e+32
     -6.12 -1.79e+32
     -6.95 -3.62e+31
     -7.79  7.49e+31
     -8.62  8.26e+31
     -9.46  8.91e+30
     -10.3  4.28e+30
     -11.1 -2.29e+31
       -12  7.97e+31
     -12.8 -1.18e+31
     -13.6  4.48e+31
     -14.5 -6.93e+31
     -15.3  1.59e+32
     -16.1  2.05e+31
       -17 -2.25e+31
     -17.8  -1.9e+31
     -18.6  -2.8e+31
     -19.5   4.6e+31
     -20.3  1.37e+31
     -21.1 -4.17e+31
       -22  2.37e+31
     -22.8 -6.55e+30
     -23.6 -8.56e+30
     -24.5  4.44e+30
     -25.3 -1.88e+30
     -26.1 -2.09e+30
       -27  8.79e+29
     -27.8  4.61e+29
     -28.7  -6.6e+29
     -29.5  3.48e+29
     -30.3 -5.47e+29
     -31.2  8.36e+28
       -32 -2.86e+28
     -32.8  9.89e+27
     -33.7 -2.16e+27
     -34.5   3.2e+26
     -35.3 -5.82e+25
     -36.2  1.68e+26

pressure[atm]        = 10
temperature[K]           = 2100
energy step[1/cm]        = 292
maximum energy[kcal/mol] = 240

bimolecular PEDs:
   E, kcal    P1->P2
       240  2.05e+41
       239  2.24e+41
       238  2.44e+41
       238  2.67e+41
       237  2.91e+41
       236  3.18e+41
       235  3.46e+41
       234  3.78e+41
       233  4.12e+41
       233  4.49e+41
       232  4.89e+41
       231  5.33e+41
       230   5.8e+41
       229  6.31e+41
       228  6.87e+41
       228  7.47e+41
       227  8.12e+41
       226  8.82e+41
       225  9.59e+41
       224  1.04e+42
       223  1.13e+42
       223  1.23e+42
       222  1.33e+42
       221  1.44e+42
       220  1.56e+42
       219   1.7e+42
       218  1.84e+42
       218  1.99e+42
       217  2.15e+42
       216  2.33e+42
       215  2.52e+42
       214  2.73e+42
       213  2.95e+42
       213  3.18e+42
       212  3.44e+42
       211  3.71e+42
       210  4.01e+42
       209  4.32e+42
       208  4.66e+42
       208  5.03e+42
       207  5.41e+42
       206  5.83e+42
       205  6.28e+42
       204  6.76e+42
       203  7.27e+42
       203  7.82e+42
       202   8.4e+42
       201  9.03e+42
       200   9.7e+42
       199  1.04e+43
       198  1.12e+43
       198   1.2e+43
       197  1.28e+43
       196  1.38e+43
       195  1.47e+43
       194  1.58e+43
       193  1.69e+43
       193  1.81e+43
       192  1.93e+43
       191  2.07e+43
       190  2.21e+43
       189  2.36e+43
       188  2.52e+43
       188  2.68e+43
       187  2.86e+43
       186  3.05e+43
       185  3.25e+43
       184  3.46e+43
       183  3.68e+43
       183  3.92e+43
       182  4.16e+43
       181  4.43e+43
       180   4.7e+43
       179  4.99e+43
       178   5.3e+43
       177  5.62e+43
       177  5.95e+43
       176  6.31e+43
       175  6.68e+43
       174  7.07e+43
       173  7.48e+43
       172   7.9e+43
       172  8.35e+43
       171  8.82e+43
       170  9.31e+43
       169  9.82e+43
       168  1.04e+44
       167  1.09e+44
       167  1.15e+44
       166  1.21e+44
       165  1.27e+44
       164  1.34e+44
       163   1.4e+44
       162  1.48e+44
       162  1.55e+44
       161  1.62e+44
       160   1.7e+44
       159  1.78e+44
       158  1.87e+44
       157  1.95e+44
       157  2.04e+44
       156  2.13e+44
       155  2.23e+44
       154  2.33e+44
       153  2.43e+44
       152  2.53e+44
       152  2.63e+44
       151  2.74e+44
       150  2.85e+44
       149  2.96e+44
       148  3.08e+44
       147   3.2e+44
       147  3.31e+44
       146  3.44e+44
       145  3.56e+44
       144  3.68e+44
       143  3.81e+44
       142  3.94e+44
       142  4.07e+44
       141   4.2e+44
       140  4.33e+44
       139  4.46e+44
       138   4.6e+44
       137  4.73e+44
       137  4.86e+44
       136     5e+44
       135  5.13e+44
       134  5.26e+44
       133  5.39e+44
       132  5.52e+44
       132  5.65e+44
       131  5.78e+44
       130   5.9e+44
       129  6.02e+44
       128  6.14e+44
       127  6.26e+44
       127  6.37e+44
       126  6.48e+44
       125  6.59e+44
       124  6.69e+44
       123  6.78e+44
       122  6.88e+44
       122  6.96e+44
       121  7.04e+44
       120  7.12e+44
       119  7.19e+44
       118  7.25e+44
       117   7.3e+44
       117  7.35e+44
       116  7.39e+44
       115  7.43e+44
       114  7.46e+44
       113  7.47e+44
       112  7.49e+44
       112  7.49e+44
       111  7.49e+44
       110  7.47e+44
       109  7.45e+44
       108  7.42e+44
       107  7.38e+44
       107  7.34e+44
       106  7.29e+44
       105  7.22e+44
       104  7.15e+44
       103  7.08e+44
       102  6.99e+44
       102   6.9e+44
       101   6.8e+44
      99.9  6.69e+44
        99  6.58e+44
      98.2  6.46e+44
      97.4  6.33e+44
      96.5   6.2e+44
      95.7  6.06e+44
      94.9  5.92e+44
        94  5.77e+44
      93.2  5.62e+44
      92.4  5.47e+44
      91.5  5.31e+44
      90.7  5.15e+44
      89.9  4.99e+44
        89  4.82e+44
      88.2  4.65e+44
      87.4  4.48e+44
      86.5  4.31e+44
      85.7  4.14e+44
      84.9  3.98e+44
        84  3.81e+44
      83.2  3.64e+44
      82.4  3.47e+44
      81.5  3.31e+44
      80.7  3.15e+44
      79.8  2.99e+44
        79  2.83e+44
      78.2  2.68e+44
      77.3  2.53e+44
      76.5  2.38e+44
      75.7  2.24e+44
      74.8  2.11e+44
        74  1.97e+44
      73.2  1.84e+44
      72.3  1.72e+44
      71.5   1.6e+44
      70.7  1.49e+44
      69.8  1.38e+44
        69  1.28e+44
      68.2  1.18e+44
      67.3  1.09e+44
      66.5  9.98e+43
      65.7  9.15e+43
      64.8  8.36e+43
        64  7.63e+43
      63.2  6.94e+43
      62.3   6.3e+43
      61.5   5.7e+43
      60.7  5.15e+43
      59.8  4.63e+43
        59  4.16e+43
      58.1  3.72e+43
      57.3  3.32e+43
      56.5  2.96e+43
      55.6  2.62e+43
      54.8  2.32e+43
        54  2.05e+43
      53.1   1.8e+43
      52.3  1.58e+43
      51.5  1.38e+43
      50.6   1.2e+43
      49.8  1.04e+43
        49  8.95e+42
      48.1   7.7e+42
      47.3   6.6e+42
      46.5  5.63e+42
      45.6  4.79e+42
      44.8  4.05e+42
        44  3.42e+42
      43.1  2.87e+42
      42.3  2.39e+42
      41.5  1.99e+42
      40.6  1.65e+42
      39.8  1.36e+42
        39  1.11e+42
      38.1  9.04e+41
      37.3  7.33e+41
      36.4   5.9e+41
      35.6  4.73e+41
      34.8  3.76e+41
      33.9  2.98e+41
      33.1  2.34e+41
      32.3  1.82e+41
      31.4  1.41e+41
      30.6  1.09e+41
      29.8   8.3e+40
      28.9  6.28e+40
      28.1  4.72e+40
      27.3  3.51e+40
      26.4  2.59e+40
      25.6  1.89e+40
      24.8  1.37e+40
      23.9  9.78e+39
      23.1  6.92e+39
      22.3  4.84e+39
      21.4  3.35e+39
      20.6  2.28e+39
      19.8  1.54e+39
      18.9  1.02e+39
      18.1  6.65e+38
      17.3  4.27e+38
      16.4  2.69e+38
      15.6  1.67e+38
      14.7  1.01e+38
      13.9  5.98e+37
      13.1  3.46e+37
      12.2  1.94e+37
      11.4  1.06e+37
      10.6  5.62e+36
      9.74  2.86e+36
      8.91  1.39e+36
      8.07  6.49e+35
      7.24   2.9e+35
       6.4  1.18e+35
      5.57  4.75e+34
      4.73  1.67e+34
       3.9  4.78e+33
      3.06  1.69e+33
      2.23  2.29e+33
      1.39  2.19e+33
      0.56  2.27e+33
    -0.275  1.33e+33
     -1.11 -3.14e+32
     -1.94 -7.66e+32
     -2.78 -3.44e+32
     -3.61  2.34e+32
     -4.45  3.04e+32
     -5.28 -6.48e+30
     -6.12  4.63e+31
     -6.95 -4.43e+31
     -7.79  7.44e+31
     -8.62 -5.67e+31
     -9.46   2.8e+31
     -10.3  2.92e+31
     -11.1 -4.22e+31
       -12 -5.04e+31
     -12.8 -3.99e+31
     -13.6  1.17e+32
     -14.5  8.67e+30
     -15.3  2.31e+30
     -16.1  1.16e+31
       -17  5.24e+28
     -17.8 -2.12e+31
     -18.6  1.45e+31
     -19.5  5.18e+31
     -20.3 -5.49e+31
     -21.1  1.09e+31
       -22  9.04e+30
     -22.8  1.05e+30
     -23.6 -1.21e+31
     -24.5  5.25e+30
     -25.3 -1.33e+31
     -26.1  3.32e+30
       -27  1.45e+30
     -27.8   3.2e+29
     -28.7 -1.18e+30
     -29.5  1.03e+30
     -30.3 -4.92e+29
     -31.2  2.49e+29
       -32 -5.57e+28
     -32.8  8.87e+27
     -33.7 -2.15e+27
     -34.5  2.33e+26
     -35.3  1.99e+24
     -36.2  1.68e+27

pressure[atm]        = 100
temperature[K]           = 2100
energy step[1/cm]        = 292
maximum energy[kcal/mol] = 240

bimolecular PEDs:
   E, kcal    P1->P2
       240  2.04e+41
       239  2.23e+41
       238  2.44e+41
       238  2.67e+41
       237  2.91e+41
       236  3.18e+41
       235  3.46e+41
       234  3.78e+41
       233  4.12e+41
       233  4.49e+41
       232  4.89e+41
       231  5.32e+41
       230   5.8e+41
       229  6.31e+41
       228  6.86e+41
       228  7.46e+41
       227  8.12e+41
       226  8.82e+41
       225  9.58e+41
       224  1.04e+42
       223  1.13e+42
       223  1.23e+42
       222  1.33e+42
       221  1.44e+42
       220  1.56e+42
       219   1.7e+42
       218  1.84e+42
       218  1.99e+42
       217  2.15e+42
       216  2.33e+42
       215  2.52e+42
       214  2.73e+42
       213  2.95e+42
       213  3.18e+42
       212  3.44e+42
       211  3.71e+42
       210  4.01e+42
       209  4.32e+42
       208  4.66e+42
       208  5.02e+42
       207  5.41e+42
       206  5.83e+42
       205  6.28e+42
       204  6.76e+42
       203  7.27e+42
       203  7.82e+42
       202   8.4e+42
       201  9.03e+42
       200   9.7e+42
       199  1.04e+43
       198  1.12e+43
       198   1.2e+43
       197  1.28e+43
       196  1.38e+43
       195  1.47e+43
       194  1.58e+43
       193  1.69e+43
       193  1.81e+43
       192  1.93e+43
       191  2.07e+43
       190  2.21e+43
       189  2.36e+43
       188  2.52e+43
       188  2.68e+43
       187  2.86e+43
       186  3.05e+43
       185  3.25e+43
       184  3.46e+43
       183  3.68e+43
       183  3.92e+43
       182  4.16e+43
       181  4.42e+43
       180   4.7e+43
       179  4.99e+43
       178  5.29e+43
       177  5.61e+43
       177  5.95e+43
       176  6.31e+43
       175  6.68e+43
       174  7.07e+43
       173  7.47e+43
       172   7.9e+43
       172  8.35e+43
       171  8.82e+43
       170  9.31e+43
       169  9.82e+43
       168  1.04e+44
       167  1.09e+44
       167  1.15e+44
       166  1.21e+44
       165  1.27e+44
       164  1.34e+44
       163   1.4e+44
       162  1.48e+44
       162  1.55e+44
       161  1.62e+44
       160   1.7e+44
       159  1.78e+44
       158  1.87e+44
       157  1.95e+44
       157  2.04e+44
       156  2.13e+44
       155  2.23e+44
       154  2.33e+44
       153  2.42e+44
       152  2.53e+44
       152  2.63e+44
       151  2.74e+44
       150  2.85e+44
       149  2.96e+44
       148  3.08e+44
       147  3.19e+44
       147  3.31e+44
       146  3.44e+44
       145  3.56e+44
       144  3.68e+44
       143  3.81e+44
       142  3.94e+44
       142  4.07e+44
       141   4.2e+44
       140  4.33e+44
       139  4.46e+44
       138   4.6e+44
       137  4.73e+44
       137  4.86e+44
       136     5e+44
       135  5.13e+44
       134  5.26e+44
       133  5.39e+44
       132  5.52e+44
       132  5.65e+44
       131  5.78e+44
       130   5.9e+44
       129  6.02e+44
       128  6.14e+44
       127  6.26e+44
       127  6.37e+44
       126  6.48e+44
       125  6.59e+44
       124  6.69e+44
       123  6.78e+44
       122  6.88e+44
       122  6.96e+44
       121  7.04e+44
       120  7.12e+44
       119  7.19e+44
       118  7.25e+44
       117   7.3e+44
       117  7.35e+44
       116  7.39e+44
       115  7.43e+44
       114  7.46e+44
       113  7.47e+44
       112  7.49e+44
       112  7.49e+44
       111  7.49e+44
       110  7.47e+44
       109  7.45e+44
       108  7.42e+44
       107  7.38e+44
       107  7.34e+44
       106  7.29e+44
       105  7.22e+44
       104  7.15e+44
       103  7.08e+44
       102  6.99e+44
       102   6.9e+44
       101   6.8e+44
      99.9  6.69e+44
        99  6.58e+44
      98.2  6.46e+44
      97.4  6.33e+44
      96.5   6.2e+44
      95.7  6.06e+44
      94.9  5.92e+44
        94  5.78e+44
      93.2  5.62e+44
      92.4  5.47e+44
      91.5  5.31e+44
      90.7  5.15e+44
      89.9  4.99e+44
        89  4.82e+44
      88.2  4.65e+44
      87.4  4.48e+44
      86.5  4.31e+44
      85.7  4.15e+44
      84.9  3.98e+44
        84  3.81e+44
      83.2  3.64e+44
      82.4  3.47e+44
      81.5  3.31e+44
      80.7  3.15e+44
      79.8  2.99e+44
        79  2.83e+44
      78.2  2.68e+44
      77.3  2.53e+44
      76.5  2.38e+44
      75.7  2.24e+44
      74.8  2.11e+44
        74  1.97e+44
      73.2  1.85e+44
      72.3  1.72e+44
      71.5   1.6e+44
      70.7  1.49e+44
      69.8  1.38e+44
        69  1.28e+44
      68.2  1.18e+44
      67.3  1.09e+44
      66.5  9.98e+43
      65.7  9.15e+43
      64.8  8.37e+43
        64  7.63e+43
      63.2  6.94e+43
      62.3   6.3e+43
      61.5   5.7e+43
      60.7  5.15e+43
      59.8  4.64e+43
        59  4.16e+43
      58.1  3.73e+43
      57.3  3.33e+43
      56.5  2.96e+43
      55.6  2.63e+43
      54.8  2.32e+43
        54  2.05e+43
      53.1   1.8e+43
      52.3  1.58e+43
      51.5  1.38e+43
      50.6   1.2e+43
      49.8  1.04e+43
        49  8.96e+42
      48.1  7.71e+42
      47.3   6.6e+42
      46.5  5.64e+42
      45.6  4.79e+42
      44.8  4.06e+42
        44  3.42e+42
      43.1  2.87e+42
      42.3   2.4e+42
      41.5  1.99e+42
      40.6  1.65e+42
      39.8  1.36e+42
        39  1.11e+42
      38.1  9.06e+41
      37.3  7.34e+41
      36.4  5.91e+41
      35.6  4.73e+41
      34.8  3.77e+41
      33.9  2.98e+41
      33.1  2.34e+41
      32.3  1.83e+41
      31.4  1.42e+41
      30.6  1.09e+41
      29.8  8.32e+40
      28.9   6.3e+40
      28.1  4.73e+40
      27.3  3.52e+40
      26.4   2.6e+40
      25.6   1.9e+40
      24.8  1.37e+40
      23.9  9.83e+39
      23.1  6.96e+39
      22.3  4.87e+39
      21.4  3.37e+39
      20.6   2.3e+39
      19.8  1.55e+39
      18.9  1.03e+39
      18.1  6.73e+38
      17.3  4.33e+38
      16.4  2.74e+38
      15.6   1.7e+38
      14.7  1.03e+38
      13.9  6.16e+37
      13.1  3.58e+37
      12.2  2.04e+37
      11.4  1.13e+37
      10.6  6.07e+36
      9.74  3.18e+36
      8.91  1.63e+36
      8.07  8.14e+35
      7.24     4e+35
       6.4  1.97e+35
      5.57     1e+35
      4.73  5.41e+34
       3.9  3.39e+34
      3.06  1.93e+34
      2.23  1.22e+34
      1.39  7.98e+33
      0.56   5.2e+33
    -0.275  2.62e+33
     -1.11  1.56e+33
     -1.94  8.41e+32
     -2.78  1.04e+33
     -3.61  7.97e+32
     -4.45  3.42e+31
     -5.28  1.88e+32
     -6.12 -2.24e+32
     -6.95   4.5e+31
     -7.79  2.98e+31
     -8.62  -6.1e+31
     -9.46  7.72e+31
     -10.3 -8.29e+31
     -11.1  9.79e+30
       -12  3.17e+31
     -12.8  1.57e+31
     -13.6 -1.86e+31
     -14.5 -7.88e+31
     -15.3  4.56e+31
     -16.1 -7.83e+30
       -17 -6.29e+30
     -17.8 -1.13e+32
     -18.6  2.89e+31
     -19.5 -4.39e+31
     -20.3  3.12e+31
     -21.1 -9.27e+30
       -22  2.22e+31
     -22.8 -2.54e+31
     -23.6  6.75e+30
     -24.5   6.5e+30
     -25.3 -1.19e+30
     -26.1  1.19e+30
       -27  1.37e+30
     -27.8 -3.42e+29
     -28.7  8.89e+29
     -29.5 -7.84e+29
     -30.3  8.22e+28
     -31.2 -7.81e+27
       -32 -2.43e+28
     -32.8  1.07e+28
     -33.7 -2.15e+27
     -34.5  9.62e+25
     -35.3 -9.43e+25
     -36.2 -4.12e+27

pressure[atm]        = 0.01
temperature[K]           = 2200
energy step[1/cm]        = 306
maximum energy[kcal/mol] = 254

bimolecular PEDs:
   E, kcal    P1->P2
       254  1.28e+42
       253   1.4e+42
       252  1.53e+42
       252  1.67e+42
       251  1.83e+42
       250  1.99e+42
       249  2.17e+42
       248  2.37e+42
       247  2.58e+42
       246  2.82e+42
       245  3.07e+42
       245  3.34e+42
       244  3.64e+42
       243  3.96e+42
       242  4.31e+42
       241  4.69e+42
       240  5.09e+42
       239  5.54e+42
       238  6.02e+42
       238  6.53e+42
       237  7.09e+42
       236   7.7e+42
       235  8.35e+42
       234  9.06e+42
       233  9.82e+42
       232  1.06e+43
       231  1.15e+43
       231  1.25e+43
       230  1.35e+43
       229  1.46e+43
       228  1.58e+43
       227  1.71e+43
       226  1.85e+43
       225     2e+43
       224  2.16e+43
       224  2.33e+43
       223  2.52e+43
       222  2.72e+43
       221  2.93e+43
       220  3.16e+43
       219   3.4e+43
       218  3.66e+43
       217  3.95e+43
       217  4.25e+43
       216  4.57e+43
       215  4.91e+43
       214  5.28e+43
       213  5.67e+43
       212  6.09e+43
       211  6.54e+43
       210  7.02e+43
       210  7.53e+43
       209  8.08e+43
       208  8.66e+43
       207  9.27e+43
       206  9.93e+43
       205  1.06e+44
       204  1.14e+44
       203  1.22e+44
       203   1.3e+44
       202  1.39e+44
       201  1.48e+44
       200  1.58e+44
       199  1.69e+44
       198   1.8e+44
       197  1.92e+44
       196  2.04e+44
       196  2.18e+44
       195  2.32e+44
       194  2.47e+44
       193  2.62e+44
       192  2.79e+44
       191  2.96e+44
       190  3.14e+44
       189  3.34e+44
       189  3.54e+44
       188  3.75e+44
       187  3.97e+44
       186  4.21e+44
       185  4.45e+44
       184  4.71e+44
       183  4.98e+44
       182  5.27e+44
       182  5.56e+44
       181  5.87e+44
       180  6.19e+44
       179  6.53e+44
       178  6.88e+44
       177  7.25e+44
       176  7.63e+44
       176  8.03e+44
       175  8.44e+44
       174  8.87e+44
       173  9.32e+44
       172  9.78e+44
       171  1.03e+45
       170  1.08e+45
       169  1.13e+45
       169  1.18e+45
       168  1.23e+45
       167  1.29e+45
       166  1.35e+45
       165  1.41e+45
       164  1.47e+45
       163  1.54e+45
       162   1.6e+45
       162  1.67e+45
       161  1.74e+45
       160  1.81e+45
       159  1.88e+45
       158  1.95e+45
       157  2.03e+45
       156   2.1e+45
       155  2.18e+45
       155  2.26e+45
       154  2.34e+45
       153  2.42e+45
       152   2.5e+45
       151  2.58e+45
       150  2.67e+45
       149  2.75e+45
       148  2.84e+45
       148  2.92e+45
       147  3.01e+45
       146  3.09e+45
       145  3.18e+45
       144  3.27e+45
       143  3.35e+45
       142  3.44e+45
       141  3.52e+45
       141   3.6e+45
       140  3.69e+45
       139  3.77e+45
       138  3.85e+45
       137  3.92e+45
       136     4e+45
       135  4.08e+45
       134  4.15e+45
       134  4.22e+45
       133  4.28e+45
       132  4.35e+45
       131  4.41e+45
       130  4.46e+45
       129  4.52e+45
       128  4.57e+45
       127  4.62e+45
       127  4.66e+45
       126   4.7e+45
       125  4.73e+45
       124  4.76e+45
       123  4.79e+45
       122  4.81e+45
       121  4.82e+45
       120  4.83e+45
       120  4.84e+45
       119  4.84e+45
       118  4.83e+45
       117  4.82e+45
       116  4.81e+45
       115  4.79e+45
       114  4.76e+45
       113  4.73e+45
       113  4.69e+45
       112  4.65e+45
       111  4.61e+45
       110  4.55e+45
       109   4.5e+45
       108  4.44e+45
       107  4.37e+45
       106   4.3e+45
       106  4.23e+45
       105  4.15e+45
       104  4.07e+45
       103  3.98e+45
       102  3.89e+45
       101   3.8e+45
       100   3.7e+45
      99.4  3.61e+45
      98.6   3.5e+45
      97.7   3.4e+45
      96.8   3.3e+45
      95.9  3.19e+45
      95.1  3.09e+45
      94.2  2.98e+45
      93.3  2.87e+45
      92.4  2.76e+45
      91.6  2.65e+45
      90.7  2.54e+45
      89.8  2.44e+45
      88.9  2.33e+45
      88.1  2.22e+45
      87.2  2.12e+45
      86.3  2.01e+45
      85.4  1.91e+45
      84.6  1.81e+45
      83.7  1.71e+45
      82.8  1.62e+45
      81.9  1.52e+45
      81.1  1.43e+45
      80.2  1.35e+45
      79.3  1.26e+45
      78.4  1.18e+45
      77.6   1.1e+45
      76.7  1.03e+45
      75.8  9.53e+44
        75  8.84e+44
      74.1  8.18e+44
      73.2  7.55e+44
      72.3  6.96e+44
      71.5   6.4e+44
      70.6  5.87e+44
      69.7  5.37e+44
      68.8   4.9e+44
        68  4.46e+44
      67.1  4.05e+44
      66.2  3.67e+44
      65.3  3.31e+44
      64.5  2.98e+44
      63.6  2.68e+44
      62.7   2.4e+44
      61.8  2.15e+44
        61  1.91e+44
      60.1   1.7e+44
      59.2   1.5e+44
      58.3  1.33e+44
      57.5  1.17e+44
      56.6  1.02e+44
      55.7  8.95e+43
      54.8   7.8e+43
        54  6.77e+43
      53.1  5.86e+43
      52.2  5.05e+43
      51.3  4.33e+43
      50.5  3.71e+43
      49.6  3.16e+43
      48.7  2.68e+43
      47.8  2.26e+43
        47   1.9e+43
      46.1  1.59e+43
      45.2  1.33e+43
      44.3   1.1e+43
      43.5  9.12e+42
      42.6  7.49e+42
      41.7  6.13e+42
      40.9  4.98e+42
        40  4.03e+42
      39.1  3.24e+42
      38.2  2.59e+42
      37.4  2.06e+42
      36.5  1.63e+42
      35.6  1.28e+42
      34.7  9.97e+41
      33.9  7.72e+41
        33  5.93e+41
      32.1  4.53e+41
      31.2  3.43e+41
      30.4  2.57e+41
      29.5  1.91e+41
      28.6  1.41e+41
      27.7  1.03e+41
      26.9  7.46e+40
        26  5.35e+40
      25.1  3.79e+40
      24.2  2.65e+40
      23.4  1.84e+40
      22.5  1.26e+40
      21.6  8.48e+39
      20.7  5.64e+39
      19.9   3.7e+39
        19  2.39e+39
      18.1  1.51e+39
      17.2  9.42e+38
      16.4  5.75e+38
      15.5  3.44e+38
      14.6  2.01e+38
      13.7  1.14e+38
      12.9  6.33e+37
        12   3.4e+37
      11.1  1.76e+37
      10.2  8.81e+36
      9.37  4.22e+36
       8.5  1.91e+36
      7.62  8.24e+35
      6.75  3.36e+35
      5.88  1.24e+35
         5  4.25e+34
      4.13  5.75e+33
      3.25  3.69e+33
      2.38  3.23e+33
       1.5 -1.83e+33
      0.63  1.22e+32
    -0.244 -1.23e+33
     -1.12 -7.13e+32
     -1.99  -1.4e+32
     -2.87 -1.49e+32
     -3.74  2.85e+32
     -4.62  2.82e+31
     -5.49  6.37e+31
     -6.37  9.18e+32
     -7.24 -8.74e+32
     -8.11 -4.64e+32
     -8.99  9.47e+30
     -9.86  2.49e+32
     -10.7  4.34e+30
     -11.6  1.99e+32
     -12.5  -6.7e+31
     -13.4  2.67e+31
     -14.2 -1.05e+32
     -15.1  3.02e+32
       -16  9.57e+31
     -16.9   7.6e+31
     -17.7  8.99e+31
     -18.6  2.28e+31
     -19.5 -7.74e+30
     -20.4 -5.22e+31
     -21.2 -4.52e+30
     -22.1  2.62e+31
       -23  5.85e+30
     -23.9 -1.72e+31
     -24.7 -4.04e+30
     -25.6  1.76e+31
     -26.5  -1.3e+31
     -27.3  7.01e+30
     -28.2 -1.51e+30
     -29.1  4.67e+29
       -30 -1.78e+30
     -30.8  1.32e+28
     -31.7  4.57e+27
     -32.6  4.28e+26
     -33.5  4.14e+26
     -34.3 -1.95e+26
     -35.2  1.19e+28
     -36.1  3.78e+25

pressure[atm]        = 0.1
temperature[K]           = 2200
energy step[1/cm]        = 306
maximum energy[kcal/mol] = 254

bimolecular PEDs:
   E, kcal    P1->P2
       254  1.28e+42
       253   1.4e+42
       252  1.53e+42
       252  1.67e+42
       251  1.83e+42
       250  1.99e+42
       249  2.17e+42
       248  2.37e+42
       247  2.58e+42
       246  2.82e+42
       245  3.07e+42
       245  3.34e+42
       244  3.64e+42
       243  3.96e+42
       242  4.31e+42
       241  4.69e+42
       240  5.09e+42
       239  5.54e+42
       238  6.02e+42
       238  6.53e+42
       237  7.09e+42
       236   7.7e+42
       235  8.35e+42
       234  9.06e+42
       233  9.82e+42
       232  1.06e+43
       231  1.15e+43
       231  1.25e+43
       230  1.35e+43
       229  1.46e+43
       228  1.58e+43
       227  1.71e+43
       226  1.85e+43
       225     2e+43
       224  2.16e+43
       224  2.33e+43
       223  2.52e+43
       222  2.72e+43
       221  2.93e+43
       220  3.16e+43
       219   3.4e+43
       218  3.66e+43
       217  3.95e+43
       217  4.25e+43
       216  4.57e+43
       215  4.91e+43
       214  5.28e+43
       213  5.67e+43
       212  6.09e+43
       211  6.54e+43
       210  7.02e+43
       210  7.53e+43
       209  8.08e+43
       208  8.66e+43
       207  9.27e+43
       206  9.93e+43
       205  1.06e+44
       204  1.14e+44
       203  1.22e+44
       203   1.3e+44
       202  1.39e+44
       201  1.48e+44
       200  1.58e+44
       199  1.69e+44
       198   1.8e+44
       197  1.92e+44
       196  2.04e+44
       196  2.18e+44
       195  2.32e+44
       194  2.47e+44
       193  2.62e+44
       192  2.79e+44
       191  2.96e+44
       190  3.14e+44
       189  3.34e+44
       189  3.54e+44
       188  3.75e+44
       187  3.97e+44
       186  4.21e+44
       185  4.45e+44
       184  4.71e+44
       183  4.98e+44
       182  5.27e+44
       182  5.56e+44
       181  5.87e+44
       180  6.19e+44
       179  6.53e+44
       178  6.88e+44
       177  7.25e+44
       176  7.63e+44
       176  8.03e+44
       175  8.44e+44
       174  8.87e+44
       173  9.32e+44
       172  9.78e+44
       171  1.03e+45
       170  1.08e+45
       169  1.13e+45
       169  1.18e+45
       168  1.23e+45
       167  1.29e+45
       166  1.35e+45
       165  1.41e+45
       164  1.47e+45
       163  1.54e+45
       162   1.6e+45
       162  1.67e+45
       161  1.74e+45
       160  1.81e+45
       159  1.88e+45
       158  1.95e+45
       157  2.03e+45
       156   2.1e+45
       155  2.18e+45
       155  2.26e+45
       154  2.34e+45
       153  2.42e+45
       152   2.5e+45
       151  2.58e+45
       150  2.67e+45
       149  2.75e+45
       148  2.84e+45
       148  2.92e+45
       147  3.01e+45
       146  3.09e+45
       145  3.18e+45
       144  3.27e+45
       143  3.35e+45
       142  3.44e+45
       141  3.52e+45
       141   3.6e+45
       140  3.69e+45
       139  3.77e+45
       138  3.85e+45
       137  3.92e+45
       136     4e+45
       135  4.08e+45
       134  4.15e+45
       134  4.22e+45
       133  4.28e+45
       132  4.35e+45
       131  4.41e+45
       130  4.46e+45
       129  4.52e+45
       128  4.57e+45
       127  4.62e+45
       127  4.66e+45
       126   4.7e+45
       125  4.73e+45
       124  4.76e+45
       123  4.79e+45
       122  4.81e+45
       121  4.82e+45
       120  4.83e+45
       120  4.84e+45
       119  4.84e+45
       118  4.83e+45
       117  4.82e+45
       116  4.81e+45
       115  4.79e+45
       114  4.76e+45
       113  4.73e+45
       113  4.69e+45
       112  4.65e+45
       111  4.61e+45
       110  4.55e+45
       109   4.5e+45
       108  4.44e+45
       107  4.37e+45
       106   4.3e+45
       106  4.23e+45
       105  4.15e+45
       104  4.07e+45
       103  3.98e+45
       102  3.89e+45
       101   3.8e+45
       100   3.7e+45
      99.4  3.61e+45
      98.6   3.5e+45
      97.7   3.4e+45
      96.8   3.3e+45
      95.9  3.19e+45
      95.1  3.09e+45
      94.2  2.98e+45
      93.3  2.87e+45
      92.4  2.76e+45
      91.6  2.65e+45
      90.7  2.54e+45
      89.8  2.44e+45
      88.9  2.33e+45
      88.1  2.22e+45
      87.2  2.12e+45
      86.3  2.01e+45
      85.4  1.91e+45
      84.6  1.81e+45
      83.7  1.71e+45
      82.8  1.62e+45
      81.9  1.52e+45
      81.1  1.43e+45
      80.2  1.35e+45
      79.3  1.26e+45
      78.4  1.18e+45
      77.6   1.1e+45
      76.7  1.03e+45
      75.8  9.53e+44
        75  8.84e+44
      74.1  8.18e+44
      73.2  7.55e+44
      72.3  6.96e+44
      71.5   6.4e+44
      70.6  5.87e+44
      69.7  5.37e+44
      68.8   4.9e+44
        68  4.46e+44
      67.1  4.05e+44
      66.2  3.67e+44
      65.3  3.31e+44
      64.5  2.98e+44
      63.6  2.68e+44
      62.7   2.4e+44
      61.8  2.15e+44
        61  1.91e+44
      60.1   1.7e+44
      59.2   1.5e+44
      58.3  1.33e+44
      57.5  1.17e+44
      56.6  1.02e+44
      55.7  8.95e+43
      54.8   7.8e+43
        54  6.77e+43
      53.1  5.86e+43
      52.2  5.05e+43
      51.3  4.33e+43
      50.5  3.71e+43
      49.6  3.16e+43
      48.7  2.68e+43
      47.8  2.26e+43
        47   1.9e+43
      46.1  1.59e+43
      45.2  1.33e+43
      44.3   1.1e+43
      43.5  9.12e+42
      42.6  7.49e+42
      41.7  6.13e+42
      40.9  4.98e+42
        40  4.03e+42
      39.1  3.24e+42
      38.2  2.59e+42
      37.4  2.06e+42
      36.5  1.63e+42
      35.6  1.28e+42
      34.7  9.97e+41
      33.9  7.72e+41
        33  5.93e+41
      32.1  4.53e+41
      31.2  3.43e+41
      30.4  2.57e+41
      29.5  1.91e+41
      28.6  1.41e+41
      27.7  1.03e+41
      26.9  7.46e+40
        26  5.35e+40
      25.1  3.79e+40
      24.2  2.65e+40
      23.4  1.84e+40
      22.5  1.26e+40
      21.6  8.48e+39
      20.7  5.64e+39
      19.9   3.7e+39
        19  2.39e+39
      18.1  1.51e+39
      17.2  9.42e+38
      16.4  5.75e+38
      15.5  3.44e+38
      14.6  2.01e+38
      13.7  1.14e+38
      12.9  6.33e+37
        12   3.4e+37
      11.1  1.76e+37
      10.2  8.82e+36
      9.37  4.21e+36
       8.5  1.91e+36
      7.62  8.23e+35
      6.75  3.27e+35
      5.88  1.14e+35
         5  3.95e+34
      4.13  9.57e+33
      3.25 -2.12e+33
      2.38 -2.82e+33
       1.5 -4.55e+32
      0.63     2e+33
    -0.244  1.82e+33
     -1.12  5.87e+32
     -1.99 -1.09e+33
     -2.87  3.66e+32
     -3.74  1.97e+32
     -4.62 -5.48e+32
     -5.49  1.75e+32
     -6.37 -1.79e+31
     -7.24 -4.73e+32
     -8.11  2.16e+32
     -8.99 -1.16e+32
     -9.86 -2.34e+31
     -10.7  1.78e+32
     -11.6 -3.79e+31
     -12.5 -8.03e+31
     -13.4  1.76e+32
     -14.2  2.43e+32
     -15.1 -2.72e+32
       -16   6.2e+31
     -16.9  5.64e+31
     -17.7   4.9e+31
     -18.6  5.32e+31
     -19.5 -2.23e+31
     -20.4  1.24e+31
     -21.2  2.45e+31
     -22.1 -2.94e+31
       -23  1.53e+31
     -23.9  2.17e+30
     -24.7  1.12e+29
     -25.6 -8.25e+28
     -26.5  8.52e+29
     -27.3 -4.62e+30
     -28.2  3.67e+29
     -29.1 -5.56e+29
       -30 -8.23e+29
     -30.8  6.66e+28
     -31.7 -5.16e+28
     -32.6  2.42e+28
     -33.5 -7.42e+27
     -34.3  1.52e+27
     -35.2 -3.21e+26
     -36.1  2.04e+26

pressure[atm]        = 1
temperature[K]           = 2200
energy step[1/cm]        = 306
maximum energy[kcal/mol] = 254

bimolecular PEDs:
   E, kcal    P1->P2
       254  1.28e+42
       253   1.4e+42
       252  1.53e+42
       252  1.67e+42
       251  1.83e+42
       250  1.99e+42
       249  2.17e+42
       248  2.37e+42
       247  2.58e+42
       246  2.82e+42
       245  3.07e+42
       245  3.34e+42
       244  3.64e+42
       243  3.96e+42
       242  4.31e+42
       241  4.69e+42
       240  5.09e+42
       239  5.54e+42
       238  6.02e+42
       238  6.53e+42
       237  7.09e+42
       236   7.7e+42
       235  8.35e+42
       234  9.06e+42
       233  9.82e+42
       232  1.06e+43
       231  1.15e+43
       231  1.25e+43
       230  1.35e+43
       229  1.46e+43
       228  1.58e+43
       227  1.71e+43
       226  1.85e+43
       225     2e+43
       224  2.16e+43
       224  2.33e+43
       223  2.52e+43
       222  2.72e+43
       221  2.93e+43
       220  3.16e+43
       219   3.4e+43
       218  3.66e+43
       217  3.95e+43
       217  4.25e+43
       216  4.57e+43
       215  4.91e+43
       214  5.28e+43
       213  5.67e+43
       212  6.09e+43
       211  6.54e+43
       210  7.02e+43
       210  7.53e+43
       209  8.08e+43
       208  8.66e+43
       207  9.27e+43
       206  9.93e+43
       205  1.06e+44
       204  1.14e+44
       203  1.22e+44
       203   1.3e+44
       202  1.39e+44
       201  1.48e+44
       200  1.58e+44
       199  1.69e+44
       198   1.8e+44
       197  1.92e+44
       196  2.04e+44
       196  2.18e+44
       195  2.32e+44
       194  2.47e+44
       193  2.62e+44
       192  2.79e+44
       191  2.96e+44
       190  3.14e+44
       189  3.34e+44
       189  3.54e+44
       188  3.75e+44
       187  3.97e+44
       186  4.21e+44
       185  4.45e+44
       184  4.71e+44
       183  4.98e+44
       182  5.27e+44
       182  5.56e+44
       181  5.87e+44
       180  6.19e+44
       179  6.53e+44
       178  6.88e+44
       177  7.25e+44
       176  7.63e+44
       176  8.03e+44
       175  8.44e+44
       174  8.87e+44
       173  9.32e+44
       172  9.78e+44
       171  1.03e+45
       170  1.08e+45
       169  1.13e+45
       169  1.18e+45
       168  1.23e+45
       167  1.29e+45
       166  1.35e+45
       165  1.41e+45
       164  1.47e+45
       163  1.54e+45
       162   1.6e+45
       162  1.67e+45
       161  1.74e+45
       160  1.81e+45
       159  1.88e+45
       158  1.95e+45
       157  2.03e+45
       156   2.1e+45
       155  2.18e+45
       155  2.26e+45
       154  2.34e+45
       153  2.42e+45
       152   2.5e+45
       151  2.58e+45
       150  2.67e+45
       149  2.75e+45
       148  2.84e+45
       148  2.92e+45
       147  3.01e+45
       146  3.09e+45
       145  3.18e+45
       144  3.27e+45
       143  3.35e+45
       142  3.44e+45
       141  3.52e+45
       141   3.6e+45
       140  3.69e+45
       139  3.77e+45
       138  3.85e+45
       137  3.92e+45
       136     4e+45
       135  4.08e+45
       134  4.15e+45
       134  4.22e+45
       133  4.28e+45
       132  4.35e+45
       131  4.41e+45
       130  4.46e+45
       129  4.52e+45
       128  4.57e+45
       127  4.62e+45
       127  4.66e+45
       126   4.7e+45
       125  4.73e+45
       124  4.76e+45
       123  4.79e+45
       122  4.81e+45
       121  4.82e+45
       120  4.83e+45
       120  4.84e+45
       119  4.84e+45
       118  4.83e+45
       117  4.82e+45
       116  4.81e+45
       115  4.79e+45
       114  4.76e+45
       113  4.73e+45
       113  4.69e+45
       112  4.65e+45
       111  4.61e+45
       110  4.55e+45
       109   4.5e+45
       108  4.44e+45
       107  4.37e+45
       106   4.3e+45
       106  4.23e+45
       105  4.15e+45
       104  4.07e+45
       103  3.98e+45
       102  3.89e+45
       101   3.8e+45
       100   3.7e+45
      99.4  3.61e+45
      98.6   3.5e+45
      97.7   3.4e+45
      96.8   3.3e+45
      95.9  3.19e+45
      95.1  3.09e+45
      94.2  2.98e+45
      93.3  2.87e+45
      92.4  2.76e+45
      91.6  2.65e+45
      90.7  2.54e+45
      89.8  2.44e+45
      88.9  2.33e+45
      88.1  2.22e+45
      87.2  2.12e+45
      86.3  2.01e+45
      85.4  1.91e+45
      84.6  1.81e+45
      83.7  1.71e+45
      82.8  1.62e+45
      81.9  1.52e+45
      81.1  1.43e+45
      80.2  1.35e+45
      79.3  1.26e+45
      78.4  1.18e+45
      77.6   1.1e+45
      76.7  1.03e+45
      75.8  9.53e+44
        75  8.84e+44
      74.1  8.18e+44
      73.2  7.55e+44
      72.3  6.96e+44
      71.5   6.4e+44
      70.6  5.87e+44
      69.7  5.37e+44
      68.8   4.9e+44
        68  4.46e+44
      67.1  4.05e+44
      66.2  3.67e+44
      65.3  3.31e+44
      64.5  2.98e+44
      63.6  2.68e+44
      62.7   2.4e+44
      61.8  2.15e+44
        61  1.91e+44
      60.1   1.7e+44
      59.2   1.5e+44
      58.3  1.33e+44
      57.5  1.17e+44
      56.6  1.02e+44
      55.7  8.95e+43
      54.8   7.8e+43
        54  6.77e+43
      53.1  5.86e+43
      52.2  5.05e+43
      51.3  4.33e+43
      50.5  3.71e+43
      49.6  3.16e+43
      48.7  2.68e+43
      47.8  2.26e+43
        47   1.9e+43
      46.1  1.59e+43
      45.2  1.33e+43
      44.3   1.1e+43
      43.5  9.12e+42
      42.6  7.49e+42
      41.7  6.13e+42
      40.9  4.98e+42
        40  4.03e+42
      39.1  3.24e+42
      38.2  2.59e+42
      37.4  2.06e+42
      36.5  1.63e+42
      35.6  1.28e+42
      34.7  9.97e+41
      33.9  7.72e+41
        33  5.93e+41
      32.1  4.53e+41
      31.2  3.43e+41
      30.4  2.57e+41
      29.5  1.91e+41
      28.6  1.41e+41
      27.7  1.03e+41
      26.9  7.46e+40
        26  5.35e+40
      25.1  3.79e+40
      24.2  2.65e+40
      23.4  1.84e+40
      22.5  1.26e+40
      21.6  8.48e+39
      20.7  5.64e+39
      19.9   3.7e+39
        19  2.39e+39
      18.1  1.51e+39
      17.2  9.42e+38
      16.4  5.75e+38
      15.5  3.44e+38
      14.6  2.01e+38
      13.7  1.14e+38
      12.9  6.33e+37
        12   3.4e+37
      11.1  1.77e+37
      10.2  8.81e+36
      9.37  4.22e+36
       8.5  1.93e+36
      7.62  8.28e+35
      6.75   3.2e+35
      5.88  1.08e+35
         5  3.97e+34
      4.13   1.3e+34
      3.25 -2.96e+33
      2.38  4.18e+32
       1.5  5.75e+32
      0.63  1.18e+33
    -0.244 -1.25e+33
     -1.12 -9.47e+32
     -1.99  8.48e+32
     -2.87   1.2e+33
     -3.74  1.65e+32
     -4.62 -1.62e+32
     -5.49  8.31e+31
     -6.37  1.45e+32
     -7.24  2.95e+32
     -8.11  6.29e+32
     -8.99 -8.78e+31
     -9.86  2.83e+32
     -10.7   1.3e+32
     -11.6 -2.47e+31
     -12.5  2.57e+32
     -13.4 -1.64e+32
     -14.2 -2.25e+32
     -15.1 -3.76e+32
       -16 -1.37e+32
     -16.9  2.88e+32
     -17.7  2.75e+29
     -18.6 -1.99e+31
     -19.5 -9.43e+31
     -20.4 -2.54e+30
     -21.2  3.47e+31
     -22.1  1.59e+31
       -23 -1.05e+31
     -23.9  5.97e+30
     -24.7 -8.56e+30
     -25.6  1.14e+31
     -26.5 -8.85e+30
     -27.3     4e+30
     -28.2  -3.5e+29
     -29.1  4.53e+29
       -30  7.77e+28
     -30.8  1.35e+28
     -31.7 -5.83e+27
     -32.6  3.92e+27
     -33.5 -1.49e+27
     -34.3  8.84e+25
     -35.2    -6e+25
     -36.1 -7.38e+25

pressure[atm]        = 10
temperature[K]           = 2200
energy step[1/cm]        = 306
maximum energy[kcal/mol] = 254

bimolecular PEDs:
   E, kcal    P1->P2
       254  1.28e+42
       253   1.4e+42
       252  1.53e+42
       252  1.67e+42
       251  1.83e+42
       250  1.99e+42
       249  2.17e+42
       248  2.37e+42
       247  2.58e+42
       246  2.82e+42
       245  3.07e+42
       245  3.34e+42
       244  3.64e+42
       243  3.96e+42
       242  4.31e+42
       241  4.69e+42
       240  5.09e+42
       239  5.54e+42
       238  6.02e+42
       238  6.53e+42
       237  7.09e+42
       236   7.7e+42
       235  8.35e+42
       234  9.06e+42
       233  9.82e+42
       232  1.06e+43
       231  1.15e+43
       231  1.25e+43
       230  1.35e+43
       229  1.46e+43
       228  1.58e+43
       227  1.71e+43
       226  1.85e+43
       225     2e+43
       224  2.16e+43
       224  2.33e+43
       223  2.52e+43
       222  2.72e+43
       221  2.93e+43
       220  3.16e+43
       219   3.4e+43
       218  3.66e+43
       217  3.95e+43
       217  4.25e+43
       216  4.57e+43
       215  4.91e+43
       214  5.28e+43
       213  5.67e+43
       212  6.09e+43
       211  6.54e+43
       210  7.02e+43
       210  7.53e+43
       209  8.08e+43
       208  8.65e+43
       207  9.27e+43
       206  9.93e+43
       205  1.06e+44
       204  1.14e+44
       203  1.22e+44
       203   1.3e+44
       202  1.39e+44
       201  1.48e+44
       200  1.58e+44
       199  1.69e+44
       198   1.8e+44
       197  1.92e+44
       196  2.04e+44
       196  2.18e+44
       195  2.32e+44
       194  2.47e+44
       193  2.62e+44
       192  2.79e+44
       191  2.96e+44
       190  3.14e+44
       189  3.34e+44
       189  3.54e+44
       188  3.75e+44
       187  3.97e+44
       186  4.21e+44
       185  4.45e+44
       184  4.71e+44
       183  4.98e+44
       182  5.27e+44
       182  5.56e+44
       181  5.87e+44
       180  6.19e+44
       179  6.53e+44
       178  6.88e+44
       177  7.25e+44
       176  7.63e+44
       176  8.03e+44
       175  8.44e+44
       174  8.87e+44
       173  9.32e+44
       172  9.78e+44
       171  1.03e+45
       170  1.08e+45
       169  1.13e+45
       169  1.18e+45
       168  1.23e+45
       167  1.29e+45
       166  1.35e+45
       165  1.41e+45
       164  1.47e+45
       163  1.54e+45
       162   1.6e+45
       162  1.67e+45
       161  1.74e+45
       160  1.81e+45
       159  1.88e+45
       158  1.95e+45
       157  2.03e+45
       156   2.1e+45
       155  2.18e+45
       155  2.26e+45
       154  2.34e+45
       153  2.42e+45
       152   2.5e+45
       151  2.58e+45
       150  2.67e+45
       149  2.75e+45
       148  2.84e+45
       148  2.92e+45
       147  3.01e+45
       146  3.09e+45
       145  3.18e+45
       144  3.27e+45
       143  3.35e+45
       142  3.44e+45
       141  3.52e+45
       141   3.6e+45
       140  3.69e+45
       139  3.77e+45
       138  3.85e+45
       137  3.92e+45
       136     4e+45
       135  4.08e+45
       134  4.15e+45
       134  4.22e+45
       133  4.28e+45
       132  4.35e+45
       131  4.41e+45
       130  4.46e+45
       129  4.52e+45
       128  4.57e+45
       127  4.62e+45
       127  4.66e+45
       126   4.7e+45
       125  4.73e+45
       124  4.76e+45
       123  4.79e+45
       122  4.81e+45
       121  4.82e+45
       120  4.83e+45
       120  4.84e+45
       119  4.84e+45
       118  4.83e+45
       117  4.82e+45
       116  4.81e+45
       115  4.79e+45
       114  4.76e+45
       113  4.73e+45
       113  4.69e+45
       112  4.65e+45
       111  4.61e+45
       110  4.55e+45
       109   4.5e+45
       108  4.44e+45
       107  4.37e+45
       106   4.3e+45
       106  4.23e+45
       105  4.15e+45
       104  4.07e+45
       103  3.98e+45
       102  3.89e+45
       101   3.8e+45
       100   3.7e+45
      99.4  3.61e+45
      98.6   3.5e+45
      97.7   3.4e+45
      96.8   3.3e+45
      95.9  3.19e+45
      95.1  3.09e+45
      94.2  2.98e+45
      93.3  2.87e+45
      92.4  2.76e+45
      91.6  2.65e+45
      90.7  2.54e+45
      89.8  2.44e+45
      88.9  2.33e+45
      88.1  2.22e+45
      87.2  2.12e+45
      86.3  2.01e+45
      85.4  1.91e+45
      84.6  1.81e+45
      83.7  1.71e+45
      82.8  1.62e+45
      81.9  1.52e+45
      81.1  1.43e+45
      80.2  1.35e+45
      79.3  1.26e+45
      78.4  1.18e+45
      77.6   1.1e+45
      76.7  1.03e+45
      75.8  9.53e+44
        75  8.84e+44
      74.1  8.18e+44
      73.2  7.55e+44
      72.3  6.96e+44
      71.5   6.4e+44
      70.6  5.87e+44
      69.7  5.37e+44
      68.8   4.9e+44
        68  4.46e+44
      67.1  4.05e+44
      66.2  3.67e+44
      65.3  3.31e+44
      64.5  2.98e+44
      63.6  2.68e+44
      62.7   2.4e+44
      61.8  2.15e+44
        61  1.91e+44
      60.1   1.7e+44
      59.2   1.5e+44
      58.3  1.33e+44
      57.5  1.17e+44
      56.6  1.02e+44
      55.7  8.95e+43
      54.8   7.8e+43
        54  6.77e+43
      53.1  5.86e+43
      52.2  5.05e+43
      51.3  4.33e+43
      50.5  3.71e+43
      49.6  3.16e+43
      48.7  2.68e+43
      47.8  2.26e+43
        47   1.9e+43
      46.1   1.6e+43
      45.2  1.33e+43
      44.3   1.1e+43
      43.5  9.12e+42
      42.6  7.49e+42
      41.7  6.13e+42
      40.9  4.98e+42
        40  4.03e+42
      39.1  3.24e+42
      38.2  2.59e+42
      37.4  2.06e+42
      36.5  1.63e+42
      35.6  1.28e+42
      34.7  9.97e+41
      33.9  7.72e+41
        33  5.93e+41
      32.1  4.53e+41
      31.2  3.43e+41
      30.4  2.57e+41
      29.5  1.91e+41
      28.6  1.41e+41
      27.7  1.03e+41
      26.9  7.47e+40
        26  5.35e+40
      25.1  3.79e+40
      24.2  2.66e+40
      23.4  1.84e+40
      22.5  1.26e+40
      21.6  8.49e+39
      20.7  5.65e+39
      19.9   3.7e+39
        19  2.39e+39
      18.1  1.52e+39
      17.2  9.44e+38
      16.4  5.77e+38
      15.5  3.45e+38
      14.6  2.01e+38
      13.7  1.15e+38
      12.9  6.37e+37
        12  3.43e+37
      11.1  1.78e+37
      10.2  8.93e+36
      9.37   4.3e+36
       8.5  1.98e+36
      7.62  8.61e+35
      6.75  3.53e+35
      5.88  1.31e+35
         5  4.96e+34
      4.13  2.11e+34
      3.25  7.82e+33
      2.38  1.59e+33
       1.5   2.3e+33
      0.63  7.09e+32
    -0.244 -2.72e+33
     -1.12 -2.92e+33
     -1.99 -3.55e+32
     -2.87 -9.48e+32
     -3.74  6.14e+32
     -4.62  2.31e+32
     -5.49 -1.93e+32
     -6.37  7.17e+31
     -7.24 -4.92e+31
     -8.11 -3.63e+31
     -8.99 -5.08e+31
     -9.86  -2.9e+32
     -10.7 -2.79e+31
     -11.6 -2.37e+31
     -12.5 -8.72e+31
     -13.4  3.51e+32
     -14.2  8.57e+30
     -15.1  1.15e+32
       -16 -2.64e+31
     -16.9  5.43e+31
     -17.7  2.22e+32
     -18.6  3.95e+31
     -19.5 -8.14e+31
     -20.4 -2.74e+31
     -21.2  6.08e+30
     -22.1  5.84e+31
       -23 -5.76e+31
     -23.9  3.93e+31
     -24.7  4.04e+30
     -25.6  1.31e+31
     -26.5 -5.06e+30
     -27.3 -2.63e+29
     -28.2   1.4e+30
     -29.1 -1.04e+30
       -30   7.4e+29
     -30.8 -1.47e+30
     -31.7  5.01e+28
     -32.6 -3.14e+27
     -33.5 -2.18e+27
     -34.3 -4.52e+26
     -35.2  1.76e+24
     -36.1 -6.36e+26

pressure[atm]        = 100
temperature[K]           = 2200
energy step[1/cm]        = 306
maximum energy[kcal/mol] = 254

bimolecular PEDs:
   E, kcal    P1->P2
       254  1.28e+42
       253   1.4e+42
       252  1.53e+42
       252  1.67e+42
       251  1.83e+42
       250  1.99e+42
       249  2.17e+42
       248  2.37e+42
       247  2.58e+42
       246  2.82e+42
       245  3.07e+42
       245  3.34e+42
       244  3.64e+42
       243  3.96e+42
       242  4.31e+42
       241  4.68e+42
       240  5.09e+42
       239  5.54e+42
       238  6.01e+42
       238  6.53e+42
       237  7.09e+42
       236   7.7e+42
       235  8.35e+42
       234  9.06e+42
       233  9.82e+42
       232  1.06e+43
       231  1.15e+43
       231  1.25e+43
       230  1.35e+43
       229  1.46e+43
       228  1.58e+43
       227  1.71e+43
       226  1.85e+43
       225     2e+43
       224  2.16e+43
       224  2.33e+43
       223  2.52e+43
       222  2.71e+43
       221  2.93e+43
       220  3.16e+43
       219   3.4e+43
       218  3.66e+43
       217  3.94e+43
       217  4.25e+43
       216  4.57e+43
       215  4.91e+43
       214  5.28e+43
       213  5.67e+43
       212  6.09e+43
       211  6.54e+43
       210  7.02e+43
       210  7.53e+43
       209  8.07e+43
       208  8.65e+43
       207  9.27e+43
       206  9.93e+43
       205  1.06e+44
       204  1.14e+44
       203  1.22e+44
       203   1.3e+44
       202  1.39e+44
       201  1.48e+44
       200  1.58e+44
       199  1.69e+44
       198   1.8e+44
       197  1.92e+44
       196  2.04e+44
       196  2.18e+44
       195  2.32e+44
       194  2.47e+44
       193  2.62e+44
       192  2.79e+44
       191  2.96e+44
       190  3.14e+44
       189  3.33e+44
       189  3.54e+44
       188  3.75e+44
       187  3.97e+44
       186  4.21e+44
       185  4.45e+44
       184  4.71e+44
       183  4.98e+44
       182  5.26e+44
       182  5.56e+44
       181  5.87e+44
       180  6.19e+44
       179  6.53e+44
       178  6.88e+44
       177  7.25e+44
       176  7.63e+44
       176  8.03e+44
       175  8.44e+44
       174  8.87e+44
       173  9.32e+44
       172  9.78e+44
       171  1.03e+45
       170  1.08e+45
       169  1.13e+45
       169  1.18e+45
       168  1.23e+45
       167  1.29e+45
       166  1.35e+45
       165  1.41e+45
       164  1.47e+45
       163  1.53e+45
       162   1.6e+45
       162  1.67e+45
       161  1.74e+45
       160  1.81e+45
       159  1.88e+45
       158  1.95e+45
       157  2.03e+45
       156   2.1e+45
       155  2.18e+45
       155  2.26e+45
       154  2.34e+45
       153  2.42e+45
       152   2.5e+45
       151  2.58e+45
       150  2.67e+45
       149  2.75e+45
       148  2.84e+45
       148  2.92e+45
       147  3.01e+45
       146  3.09e+45
       145  3.18e+45
       144  3.27e+45
       143  3.35e+45
       142  3.44e+45
       141  3.52e+45
       141   3.6e+45
       140  3.69e+45
       139  3.77e+45
       138  3.85e+45
       137  3.92e+45
       136     4e+45
       135  4.07e+45
       134  4.15e+45
       134  4.22e+45
       133  4.28e+45
       132  4.35e+45
       131  4.41e+45
       130  4.46e+45
       129  4.52e+45
       128  4.57e+45
       127  4.62e+45
       127  4.66e+45
       126   4.7e+45
       125  4.73e+45
       124  4.76e+45
       123  4.79e+45
       122  4.81e+45
       121  4.82e+45
       120  4.83e+45
       120  4.84e+45
       119  4.84e+45
       118  4.83e+45
       117  4.82e+45
       116  4.81e+45
       115  4.79e+45
       114  4.76e+45
       113  4.73e+45
       113  4.69e+45
       112  4.65e+45
       111  4.61e+45
       110  4.55e+45
       109   4.5e+45
       108  4.44e+45
       107  4.37e+45
       106   4.3e+45
       106  4.23e+45
       105  4.15e+45
       104  4.07e+45
       103  3.98e+45
       102  3.89e+45
       101   3.8e+45
       100   3.7e+45
      99.4  3.61e+45
      98.6  3.51e+45
      97.7   3.4e+45
      96.8   3.3e+45
      95.9  3.19e+45
      95.1  3.09e+45
      94.2  2.98e+45
      93.3  2.87e+45
      92.4  2.76e+45
      91.6  2.65e+45
      90.7  2.54e+45
      89.8  2.44e+45
      88.9  2.33e+45
      88.1  2.22e+45
      87.2  2.12e+45
      86.3  2.01e+45
      85.4  1.91e+45
      84.6  1.81e+45
      83.7  1.71e+45
      82.8  1.62e+45
      81.9  1.53e+45
      81.1  1.43e+45
      80.2  1.35e+45
      79.3  1.26e+45
      78.4  1.18e+45
      77.6   1.1e+45
      76.7  1.03e+45
      75.8  9.54e+44
        75  8.84e+44
      74.1  8.18e+44
      73.2  7.56e+44
      72.3  6.96e+44
      71.5   6.4e+44
      70.6  5.87e+44
      69.7  5.37e+44
      68.8   4.9e+44
        68  4.46e+44
      67.1  4.05e+44
      66.2  3.67e+44
      65.3  3.31e+44
      64.5  2.99e+44
      63.6  2.68e+44
      62.7   2.4e+44
      61.8  2.15e+44
        61  1.91e+44
      60.1   1.7e+44
      59.2   1.5e+44
      58.3  1.33e+44
      57.5  1.17e+44
      56.6  1.02e+44
      55.7  8.96e+43
      54.8   7.8e+43
        54  6.78e+43
      53.1  5.86e+43
      52.2  5.05e+43
      51.3  4.34e+43
      50.5  3.71e+43
      49.6  3.16e+43
      48.7  2.68e+43
      47.8  2.27e+43
        47  1.91e+43
      46.1   1.6e+43
      45.2  1.33e+43
      44.3  1.11e+43
      43.5  9.13e+42
      42.6   7.5e+42
      41.7  6.13e+42
      40.9  4.99e+42
        40  4.04e+42
      39.1  3.25e+42
      38.2   2.6e+42
      37.4  2.07e+42
      36.5  1.63e+42
      35.6  1.28e+42
      34.7  9.99e+41
      33.9  7.74e+41
        33  5.95e+41
      32.1  4.54e+41
      31.2  3.44e+41
      30.4  2.58e+41
      29.5  1.92e+41
      28.6  1.42e+41
      27.7  1.04e+41
      26.9   7.5e+40
        26  5.37e+40
      25.1  3.81e+40
      24.2  2.67e+40
      23.4  1.85e+40
      22.5  1.27e+40
      21.6  8.56e+39
      20.7   5.7e+39
      19.9  3.74e+39
        19  2.42e+39
      18.1  1.54e+39
      17.2   9.6e+38
      16.4  5.88e+38
      15.5  3.53e+38
      14.6  2.08e+38
      13.7  1.19e+38
      12.9  6.68e+37
        12  3.65e+37
      11.1  1.94e+37
      10.2     1e+37
      9.37  5.07e+36
       8.5   2.5e+36
      7.62  1.22e+36
      6.75  6.03e+35
      5.88  3.06e+35
         5  1.67e+35
      4.13  1.03e+35
      3.25  6.36e+34
      2.38  3.33e+34
       1.5  2.22e+34
      0.63  1.68e+34
    -0.244  1.01e+34
     -1.12  6.71e+33
     -1.99  4.86e+33
     -2.87  2.32e+33
     -3.74  8.82e+32
     -4.62  1.92e+33
     -5.49  1.78e+33
     -6.37     8e+32
     -7.24 -7.13e+32
     -8.11 -3.73e+32
     -8.99  2.77e+32
     -9.86 -3.54e+31
     -10.7  2.28e+32
     -11.6  3.08e+31
     -12.5 -6.43e+31
     -13.4 -8.77e+30
     -14.2 -1.58e+32
     -15.1  -2.6e+32
       -16 -1.32e+32
     -16.9 -4.93e+28
     -17.7  2.03e+32
     -18.6   7.5e+31
     -19.5 -1.33e+32
     -20.4 -1.51e+32
     -21.2  3.19e+31
     -22.1  5.27e+31
       -23 -2.36e+31
     -23.9  -3.6e+31
     -24.7  1.31e+31
     -25.6  3.23e+29
     -26.5     7e+30
     -27.3  2.87e+29
     -28.2  2.12e+30
     -29.1 -8.85e+29
       -30 -1.11e+30
     -30.8  5.07e+29
     -31.7  1.02e+30
     -32.6  9.14e+27
     -33.5 -1.96e+27
     -34.3 -6.13e+26
     -35.2  2.25e+26
     -36.1  2.55e+27

pressure[atm]        = 0.01
temperature[K]           = 2300
energy step[1/cm]        = 320
maximum energy[kcal/mol] = 268

bimolecular PEDs:
   E, kcal    P1->P2
       268  7.46e+42
       267  8.15e+42
       267  8.91e+42
       266  9.73e+42
       265  1.06e+43
       264  1.16e+43
       263  1.26e+43
       262  1.38e+43
       261   1.5e+43
       260  1.64e+43
       259  1.78e+43
       258  1.94e+43
       257  2.12e+43
       256   2.3e+43
       256  2.51e+43
       255  2.72e+43
       254  2.96e+43
       253  3.22e+43
       252   3.5e+43
       251   3.8e+43
       250  4.13e+43
       249  4.48e+43
       248  4.86e+43
       247  5.27e+43
       246  5.71e+43
       245  6.19e+43
       245  6.71e+43
       244  7.27e+43
       243  7.87e+43
       242  8.51e+43
       241  9.21e+43
       240  9.96e+43
       239  1.08e+44
       238  1.16e+44
       237  1.26e+44
       236  1.36e+44
       235  1.46e+44
       235  1.58e+44
       234   1.7e+44
       233  1.84e+44
       232  1.98e+44
       231  2.13e+44
       230   2.3e+44
       229  2.47e+44
       228  2.66e+44
       227  2.86e+44
       226  3.08e+44
       225   3.3e+44
       224  3.55e+44
       224  3.81e+44
       223  4.09e+44
       222  4.39e+44
       221   4.7e+44
       220  5.04e+44
       219   5.4e+44
       218  5.79e+44
       217  6.19e+44
       216  6.63e+44
       215  7.09e+44
       214  7.57e+44
       213  8.09e+44
       213  8.64e+44
       212  9.23e+44
       211  9.85e+44
       210  1.05e+45
       209  1.12e+45
       208  1.19e+45
       207  1.27e+45
       206  1.35e+45
       205  1.44e+45
       204  1.53e+45
       203  1.63e+45
       203  1.73e+45
       202  1.83e+45
       201  1.95e+45
       200  2.07e+45
       199  2.19e+45
       198  2.32e+45
       197  2.46e+45
       196   2.6e+45
       195  2.75e+45
       194  2.91e+45
       193  3.08e+45
       192  3.25e+45
       192  3.43e+45
       191  3.62e+45
       190  3.82e+45
       189  4.02e+45
       188  4.24e+45
       187  4.46e+45
       186   4.7e+45
       185  4.94e+45
       184  5.19e+45
       183  5.45e+45
       182  5.72e+45
       182  6.01e+45
       181   6.3e+45
       180   6.6e+45
       179  6.91e+45
       178  7.23e+45
       177  7.57e+45
       176  7.91e+45
       175  8.26e+45
       174  8.63e+45
       173     9e+45
       172  9.39e+45
       171  9.78e+45
       171  1.02e+46
       170  1.06e+46
       169   1.1e+46
       168  1.15e+46
       167  1.19e+46
       166  1.23e+46
       165  1.28e+46
       164  1.33e+46
       163  1.37e+46
       162  1.42e+46
       161  1.47e+46
       160  1.52e+46
       160  1.57e+46
       159  1.62e+46
       158  1.67e+46
       157  1.72e+46
       156  1.77e+46
       155  1.82e+46
       154  1.88e+46
       153  1.93e+46
       152  1.98e+46
       151  2.03e+46
       150  2.08e+46
       150  2.13e+46
       149  2.18e+46
       148  2.23e+46
       147  2.27e+46
       146  2.32e+46
       145  2.37e+46
       144  2.41e+46
       143  2.46e+46
       142   2.5e+46
       141  2.54e+46
       140  2.58e+46
       139  2.61e+46
       139  2.65e+46
       138  2.68e+46
       137  2.71e+46
       136  2.74e+46
       135  2.77e+46
       134  2.79e+46
       133  2.82e+46
       132  2.83e+46
       131  2.85e+46
       130  2.86e+46
       129  2.88e+46
       128  2.88e+46
       128  2.89e+46
       127  2.89e+46
       126  2.89e+46
       125  2.88e+46
       124  2.88e+46
       123  2.87e+46
       122  2.85e+46
       121  2.84e+46
       120  2.82e+46
       119  2.79e+46
       118  2.77e+46
       118  2.74e+46
       117  2.71e+46
       116  2.67e+46
       115  2.64e+46
       114   2.6e+46
       113  2.55e+46
       112  2.51e+46
       111  2.46e+46
       110  2.41e+46
       109  2.36e+46
       108   2.3e+46
       107  2.25e+46
       107  2.19e+46
       106  2.13e+46
       105  2.07e+46
       104  2.01e+46
       103  1.95e+46
       102  1.89e+46
       101  1.82e+46
       100  1.76e+46
      99.2  1.69e+46
      98.3  1.63e+46
      97.4  1.56e+46
      96.5   1.5e+46
      95.6  1.44e+46
      94.7  1.37e+46
      93.7  1.31e+46
      92.8  1.25e+46
      91.9  1.19e+46
        91  1.13e+46
      90.1  1.07e+46
      89.2  1.01e+46
      88.3  9.52e+45
      87.3  8.97e+45
      86.4  8.44e+45
      85.5  7.92e+45
      84.6  7.42e+45
      83.7  6.94e+45
      82.8  6.48e+45
      81.9  6.03e+45
      80.9  5.61e+45
        80   5.2e+45
      79.1  4.81e+45
      78.2  4.44e+45
      77.3  4.09e+45
      76.4  3.76e+45
      75.5  3.45e+45
      74.5  3.16e+45
      73.6  2.88e+45
      72.7  2.62e+45
      71.8  2.38e+45
      70.9  2.16e+45
        70  1.95e+45
      69.1  1.76e+45
      68.2  1.58e+45
      67.2  1.42e+45
      66.3  1.27e+45
      65.4  1.13e+45
      64.5     1e+45
      63.6  8.89e+44
      62.7  7.85e+44
      61.8  6.91e+44
      60.8  6.07e+44
      59.9  5.31e+44
        59  4.63e+44
      58.1  4.02e+44
      57.2  3.49e+44
      56.3  3.01e+44
      55.4  2.59e+44
      54.4  2.21e+44
      53.5  1.89e+44
      52.6  1.61e+44
      51.7  1.36e+44
      50.8  1.15e+44
      49.9  9.61e+43
        49  8.03e+43
        48  6.68e+43
      47.1  5.53e+43
      46.2  4.56e+43
      45.3  3.74e+43
      44.4  3.05e+43
      43.5  2.47e+43
      42.6     2e+43
      41.6   1.6e+43
      40.7  1.28e+43
      39.8  1.01e+43
      38.9  7.99e+42
        38  6.26e+42
      37.1  4.87e+42
      36.2  3.76e+42
      35.2  2.89e+42
      34.3   2.2e+42
      33.4  1.66e+42
      32.5  1.25e+42
      31.6  9.26e+41
      30.7  6.83e+41
      29.8  4.98e+41
      28.8   3.6e+41
      27.9  2.58e+41
        27  1.82e+41
      26.1  1.28e+41
      25.2  8.84e+40
      24.3  6.04e+40
      23.4  4.08e+40
      22.4  2.72e+40
      21.5  1.78e+40
      20.6  1.15e+40
      19.7  7.32e+39
      18.8  4.57e+39
      17.9   2.8e+39
        17  1.68e+39
        16  9.87e+38
      15.1  5.66e+38
      14.2  3.16e+38
      13.3  1.71e+38
      12.4     9e+37
      11.5  4.56e+37
      10.6  2.22e+37
      9.65  1.04e+37
      8.73  4.56e+36
      7.82  1.89e+36
      6.91  7.37e+35
      5.99  2.42e+35
      5.08  7.26e+34
      4.16  1.99e+34
      3.25  3.52e+33
      2.34 -2.66e+32
      1.42 -1.31e+34
     0.507  1.08e+33
    -0.407 -9.36e+33
     -1.32  3.04e+33
     -2.24  1.08e+33
     -3.15  1.75e+33
     -4.06  1.99e+33
     -4.98  2.49e+32
     -5.89  4.17e+32
     -6.81 -1.39e+33
     -7.72 -1.16e+33
     -8.63 -4.59e+31
     -9.55  5.52e+32
     -10.5 -1.52e+32
     -11.4  1.89e+31
     -12.3 -8.09e+32
     -13.2 -4.85e+31
     -14.1 -7.81e+32
       -15 -6.49e+32
     -15.9  5.58e+32
     -16.9  1.14e+32
     -17.8 -3.14e+31
     -18.7 -2.34e+32
     -19.6  5.46e+31
     -20.5  2.54e+31
     -21.4 -5.58e+31
     -22.3  3.88e+31
     -23.3 -7.23e+30
     -24.2  2.38e+30
     -25.1 -6.58e+30
       -26  2.05e+30
     -26.9 -1.31e+30
     -27.8  3.31e+28
     -28.7  4.31e+29
     -29.7   1.7e+31
     -30.6  7.12e+28
     -31.5  -2.3e+26
     -32.4  1.86e+27
     -33.3  3.04e+26
     -34.2   1.4e+25
     -35.1  9.21e+26
     -36.1  2.63e+25

pressure[atm]        = 0.1
temperature[K]           = 2300
energy step[1/cm]        = 320
maximum energy[kcal/mol] = 268

bimolecular PEDs:
   E, kcal    P1->P2
       268  7.46e+42
       267  8.15e+42
       267  8.91e+42
       266  9.73e+42
       265  1.06e+43
       264  1.16e+43
       263  1.26e+43
       262  1.38e+43
       261   1.5e+43
       260  1.64e+43
       259  1.78e+43
       258  1.94e+43
       257  2.12e+43
       256   2.3e+43
       256  2.51e+43
       255  2.72e+43
       254  2.96e+43
       253  3.22e+43
       252   3.5e+43
       251   3.8e+43
       250  4.13e+43
       249  4.48e+43
       248  4.86e+43
       247  5.27e+43
       246  5.71e+43
       245  6.19e+43
       245  6.71e+43
       244  7.27e+43
       243  7.87e+43
       242  8.51e+43
       241  9.21e+43
       240  9.96e+43
       239  1.08e+44
       238  1.16e+44
       237  1.26e+44
       236  1.36e+44
       235  1.46e+44
       235  1.58e+44
       234   1.7e+44
       233  1.84e+44
       232  1.98e+44
       231  2.13e+44
       230   2.3e+44
       229  2.47e+44
       228  2.66e+44
       227  2.86e+44
       226  3.08e+44
       225   3.3e+44
       224  3.55e+44
       224  3.81e+44
       223  4.09e+44
       222  4.39e+44
       221   4.7e+44
       220  5.04e+44
       219   5.4e+44
       218  5.79e+44
       217  6.19e+44
       216  6.63e+44
       215  7.09e+44
       214  7.57e+44
       213  8.09e+44
       213  8.64e+44
       212  9.23e+44
       211  9.85e+44
       210  1.05e+45
       209  1.12e+45
       208  1.19e+45
       207  1.27e+45
       206  1.35e+45
       205  1.44e+45
       204  1.53e+45
       203  1.63e+45
       203  1.73e+45
       202  1.83e+45
       201  1.95e+45
       200  2.07e+45
       199  2.19e+45
       198  2.32e+45
       197  2.46e+45
       196   2.6e+45
       195  2.75e+45
       194  2.91e+45
       193  3.08e+45
       192  3.25e+45
       192  3.43e+45
       191  3.62e+45
       190  3.82e+45
       189  4.02e+45
       188  4.24e+45
       187  4.46e+45
       186   4.7e+45
       185  4.94e+45
       184  5.19e+45
       183  5.45e+45
       182  5.72e+45
       182  6.01e+45
       181   6.3e+45
       180   6.6e+45
       179  6.91e+45
       178  7.23e+45
       177  7.57e+45
       176  7.91e+45
       175  8.26e+45
       174  8.63e+45
       173     9e+45
       172  9.39e+45
       171  9.78e+45
       171  1.02e+46
       170  1.06e+46
       169   1.1e+46
       168  1.15e+46
       167  1.19e+46
       166  1.23e+46
       165  1.28e+46
       164  1.33e+46
       163  1.37e+46
       162  1.42e+46
       161  1.47e+46
       160  1.52e+46
       160  1.57e+46
       159  1.62e+46
       158  1.67e+46
       157  1.72e+46
       156  1.77e+46
       155  1.82e+46
       154  1.88e+46
       153  1.93e+46
       152  1.98e+46
       151  2.03e+46
       150  2.08e+46
       150  2.13e+46
       149  2.18e+46
       148  2.23e+46
       147  2.27e+46
       146  2.32e+46
       145  2.37e+46
       144  2.41e+46
       143  2.46e+46
       142   2.5e+46
       141  2.54e+46
       140  2.58e+46
       139  2.61e+46
       139  2.65e+46
       138  2.68e+46
       137  2.71e+46
       136  2.74e+46
       135  2.77e+46
       134  2.79e+46
       133  2.82e+46
       132  2.83e+46
       131  2.85e+46
       130  2.86e+46
       129  2.88e+46
       128  2.88e+46
       128  2.89e+46
       127  2.89e+46
       126  2.89e+46
       125  2.88e+46
       124  2.88e+46
       123  2.87e+46
       122  2.85e+46
       121  2.84e+46
       120  2.82e+46
       119  2.79e+46
       118  2.77e+46
       118  2.74e+46
       117  2.71e+46
       116  2.67e+46
       115  2.64e+46
       114   2.6e+46
       113  2.55e+46
       112  2.51e+46
       111  2.46e+46
       110  2.41e+46
       109  2.36e+46
       108   2.3e+46
       107  2.25e+46
       107  2.19e+46
       106  2.13e+46
       105  2.07e+46
       104  2.01e+46
       103  1.95e+46
       102  1.89e+46
       101  1.82e+46
       100  1.76e+46
      99.2  1.69e+46
      98.3  1.63e+46
      97.4  1.56e+46
      96.5   1.5e+46
      95.6  1.44e+46
      94.7  1.37e+46
      93.7  1.31e+46
      92.8  1.25e+46
      91.9  1.19e+46
        91  1.13e+46
      90.1  1.07e+46
      89.2  1.01e+46
      88.3  9.52e+45
      87.3  8.97e+45
      86.4  8.44e+45
      85.5  7.92e+45
      84.6  7.42e+45
      83.7  6.94e+45
      82.8  6.48e+45
      81.9  6.03e+45
      80.9  5.61e+45
        80   5.2e+45
      79.1  4.81e+45
      78.2  4.44e+45
      77.3  4.09e+45
      76.4  3.76e+45
      75.5  3.45e+45
      74.5  3.16e+45
      73.6  2.88e+45
      72.7  2.62e+45
      71.8  2.38e+45
      70.9  2.16e+45
        70  1.95e+45
      69.1  1.76e+45
      68.2  1.58e+45
      67.2  1.42e+45
      66.3  1.27e+45
      65.4  1.13e+45
      64.5     1e+45
      63.6  8.89e+44
      62.7  7.85e+44
      61.8  6.91e+44
      60.8  6.07e+44
      59.9  5.31e+44
        59  4.63e+44
      58.1  4.02e+44
      57.2  3.49e+44
      56.3  3.01e+44
      55.4  2.59e+44
      54.4  2.21e+44
      53.5  1.89e+44
      52.6  1.61e+44
      51.7  1.36e+44
      50.8  1.15e+44
      49.9  9.61e+43
        49  8.03e+43
        48  6.68e+43
      47.1  5.53e+43
      46.2  4.56e+43
      45.3  3.74e+43
      44.4  3.05e+43
      43.5  2.47e+43
      42.6     2e+43
      41.6   1.6e+43
      40.7  1.28e+43
      39.8  1.01e+43
      38.9  7.99e+42
        38  6.26e+42
      37.1  4.87e+42
      36.2  3.76e+42
      35.2  2.89e+42
      34.3   2.2e+42
      33.4  1.66e+42
      32.5  1.25e+42
      31.6  9.26e+41
      30.7  6.83e+41
      29.8  4.98e+41
      28.8   3.6e+41
      27.9  2.58e+41
        27  1.82e+41
      26.1  1.28e+41
      25.2  8.84e+40
      24.3  6.04e+40
      23.4  4.08e+40
      22.4  2.72e+40
      21.5  1.78e+40
      20.6  1.15e+40
      19.7  7.32e+39
      18.8  4.57e+39
      17.9   2.8e+39
        17  1.68e+39
        16  9.87e+38
      15.1  5.66e+38
      14.2  3.16e+38
      13.3  1.71e+38
      12.4     9e+37
      11.5  4.57e+37
      10.6  2.23e+37
      9.65  1.03e+37
      8.73  4.57e+36
      7.82   1.9e+36
      6.91  7.08e+35
      5.99  2.58e+35
      5.08  7.91e+34
      4.16  4.12e+33
      3.25   8.5e+32
      2.34  4.36e+33
      1.42 -3.09e+33
     0.507 -6.39e+33
    -0.407 -5.74e+33
     -1.32 -1.06e+33
     -2.24  4.57e+32
     -3.15 -3.78e+33
     -4.06   3.2e+33
     -4.98  1.98e+33
     -5.89  9.27e+31
     -6.81 -8.74e+32
     -7.72 -1.73e+33
     -8.63 -1.25e+32
     -9.55 -3.04e+32
     -10.5  9.63e+31
     -11.4  -1.8e+32
     -12.3 -2.93e+31
     -13.2  5.49e+32
     -14.1 -1.26e+33
       -15   4.3e+32
     -15.9 -4.41e+32
     -16.9 -2.34e+32
     -17.8  1.83e+30
     -18.7  6.47e+31
     -19.6  8.67e+31
     -20.5   3.1e+31
     -21.4  4.26e+31
     -22.3 -2.17e+31
     -23.3 -4.03e+30
     -24.2  1.58e+31
     -25.1 -4.78e+29
       -26  6.29e+30
     -26.9  -1.1e+30
     -27.8  3.68e+30
     -28.7 -1.16e+30
     -29.7  3.29e+29
     -30.6 -9.39e+28
     -31.5 -6.66e+27
     -32.4     1e+28
     -33.3 -4.25e+27
     -34.2  7.39e+26
     -35.1 -2.94e+28
     -36.1     9e+28

pressure[atm]        = 1
temperature[K]           = 2300
energy step[1/cm]        = 320
maximum energy[kcal/mol] = 268

bimolecular PEDs:
   E, kcal    P1->P2
       268  7.46e+42
       267  8.15e+42
       267  8.91e+42
       266  9.73e+42
       265  1.06e+43
       264  1.16e+43
       263  1.26e+43
       262  1.38e+43
       261   1.5e+43
       260  1.64e+43
       259  1.78e+43
       258  1.94e+43
       257  2.12e+43
       256   2.3e+43
       256  2.51e+43
       255  2.72e+43
       254  2.96e+43
       253  3.22e+43
       252   3.5e+43
       251   3.8e+43
       250  4.13e+43
       249  4.48e+43
       248  4.86e+43
       247  5.27e+43
       246  5.71e+43
       245  6.19e+43
       245  6.71e+43
       244  7.27e+43
       243  7.87e+43
       242  8.51e+43
       241  9.21e+43
       240  9.96e+43
       239  1.08e+44
       238  1.16e+44
       237  1.26e+44
       236  1.36e+44
       235  1.46e+44
       235  1.58e+44
       234   1.7e+44
       233  1.84e+44
       232  1.98e+44
       231  2.13e+44
       230   2.3e+44
       229  2.47e+44
       228  2.66e+44
       227  2.86e+44
       226  3.08e+44
       225   3.3e+44
       224  3.55e+44
       224  3.81e+44
       223  4.09e+44
       222  4.39e+44
       221   4.7e+44
       220  5.04e+44
       219   5.4e+44
       218  5.79e+44
       217  6.19e+44
       216  6.63e+44
       215  7.09e+44
       214  7.57e+44
       213  8.09e+44
       213  8.64e+44
       212  9.23e+44
       211  9.85e+44
       210  1.05e+45
       209  1.12e+45
       208  1.19e+45
       207  1.27e+45
       206  1.35e+45
       205  1.44e+45
       204  1.53e+45
       203  1.63e+45
       203  1.73e+45
       202  1.83e+45
       201  1.95e+45
       200  2.07e+45
       199  2.19e+45
       198  2.32e+45
       197  2.46e+45
       196   2.6e+45
       195  2.75e+45
       194  2.91e+45
       193  3.08e+45
       192  3.25e+45
       192  3.43e+45
       191  3.62e+45
       190  3.82e+45
       189  4.02e+45
       188  4.24e+45
       187  4.46e+45
       186   4.7e+45
       185  4.94e+45
       184  5.19e+45
       183  5.45e+45
       182  5.72e+45
       182  6.01e+45
       181   6.3e+45
       180   6.6e+45
       179  6.91e+45
       178  7.23e+45
       177  7.57e+45
       176  7.91e+45
       175  8.26e+45
       174  8.63e+45
       173     9e+45
       172  9.39e+45
       171  9.78e+45
       171  1.02e+46
       170  1.06e+46
       169   1.1e+46
       168  1.15e+46
       167  1.19e+46
       166  1.23e+46
       165  1.28e+46
       164  1.33e+46
       163  1.37e+46
       162  1.42e+46
       161  1.47e+46
       160  1.52e+46
       160  1.57e+46
       159  1.62e+46
       158  1.67e+46
       157  1.72e+46
       156  1.77e+46
       155  1.82e+46
       154  1.88e+46
       153  1.93e+46
       152  1.98e+46
       151  2.03e+46
       150  2.08e+46
       150  2.13e+46
       149  2.18e+46
       148  2.23e+46
       147  2.27e+46
       146  2.32e+46
       145  2.37e+46
       144  2.41e+46
       143  2.46e+46
       142   2.5e+46
       141  2.54e+46
       140  2.58e+46
       139  2.61e+46
       139  2.65e+46
       138  2.68e+46
       137  2.71e+46
       136  2.74e+46
       135  2.77e+46
       134  2.79e+46
       133  2.82e+46
       132  2.83e+46
       131  2.85e+46
       130  2.86e+46
       129  2.88e+46
       128  2.88e+46
       128  2.89e+46
       127  2.89e+46
       126  2.89e+46
       125  2.88e+46
       124  2.88e+46
       123  2.87e+46
       122  2.85e+46
       121  2.84e+46
       120  2.82e+46
       119  2.79e+46
       118  2.77e+46
       118  2.74e+46
       117  2.71e+46
       116  2.67e+46
       115  2.64e+46
       114   2.6e+46
       113  2.55e+46
       112  2.51e+46
       111  2.46e+46
       110  2.41e+46
       109  2.36e+46
       108   2.3e+46
       107  2.25e+46
       107  2.19e+46
       106  2.13e+46
       105  2.07e+46
       104  2.01e+46
       103  1.95e+46
       102  1.89e+46
       101  1.82e+46
       100  1.76e+46
      99.2  1.69e+46
      98.3  1.63e+46
      97.4  1.56e+46
      96.5   1.5e+46
      95.6  1.44e+46
      94.7  1.37e+46
      93.7  1.31e+46
      92.8  1.25e+46
      91.9  1.19e+46
        91  1.13e+46
      90.1  1.07e+46
      89.2  1.01e+46
      88.3  9.52e+45
      87.3  8.97e+45
      86.4  8.44e+45
      85.5  7.92e+45
      84.6  7.42e+45
      83.7  6.94e+45
      82.8  6.48e+45
      81.9  6.03e+45
      80.9  5.61e+45
        80   5.2e+45
      79.1  4.81e+45
      78.2  4.44e+45
      77.3  4.09e+45
      76.4  3.76e+45
      75.5  3.45e+45
      74.5  3.16e+45
      73.6  2.88e+45
      72.7  2.62e+45
      71.8  2.38e+45
      70.9  2.16e+45
        70  1.95e+45
      69.1  1.76e+45
      68.2  1.58e+45
      67.2  1.42e+45
      66.3  1.27e+45
      65.4  1.13e+45
      64.5     1e+45
      63.6  8.89e+44
      62.7  7.85e+44
      61.8  6.91e+44
      60.8  6.07e+44
      59.9  5.31e+44
        59  4.63e+44
      58.1  4.02e+44
      57.2  3.49e+44
      56.3  3.01e+44
      55.4  2.59e+44
      54.4  2.21e+44
      53.5  1.89e+44
      52.6  1.61e+44
      51.7  1.36e+44
      50.8  1.15e+44
      49.9  9.61e+43
        49  8.03e+43
        48  6.68e+43
      47.1  5.53e+43
      46.2  4.56e+43
      45.3  3.74e+43
      44.4  3.05e+43
      43.5  2.47e+43
      42.6     2e+43
      41.6   1.6e+43
      40.7  1.28e+43
      39.8  1.01e+43
      38.9  7.99e+42
        38  6.26e+42
      37.1  4.87e+42
      36.2  3.76e+42
      35.2  2.89e+42
      34.3   2.2e+42
      33.4  1.66e+42
      32.5  1.25e+42
      31.6  9.26e+41
      30.7  6.83e+41
      29.8  4.98e+41
      28.8   3.6e+41
      27.9  2.58e+41
        27  1.82e+41
      26.1  1.28e+41
      25.2  8.84e+40
      24.3  6.05e+40
      23.4  4.08e+40
      22.4  2.72e+40
      21.5  1.78e+40
      20.6  1.15e+40
      19.7  7.32e+39
      18.8  4.57e+39
      17.9   2.8e+39
        17  1.68e+39
        16  9.87e+38
      15.1  5.66e+38
      14.2  3.16e+38
      13.3  1.71e+38
      12.4  9.01e+37
      11.5  4.57e+37
      10.6  2.22e+37
      9.65  1.03e+37
      8.73  4.59e+36
      7.82   1.9e+36
      6.91   7.5e+35
      5.99  2.54e+35
      5.08  7.94e+34
      4.16   2.4e+34
      3.25 -2.59e+33
      2.34  5.36e+33
      1.42  -3.5e+32
     0.507 -3.57e+33
    -0.407  1.11e+34
     -1.32   1.2e+34
     -2.24  1.44e+33
     -3.15 -4.43e+33
     -4.06 -2.71e+33
     -4.98  5.71e+32
     -5.89  -8.6e+32
     -6.81 -7.24e+32
     -7.72  3.02e+32
     -8.63 -4.57e+31
     -9.55  7.22e+32
     -10.5  9.33e+31
     -11.4  2.83e+32
     -12.3 -5.36e+32
     -13.2  7.79e+32
     -14.1 -6.07e+32
       -15 -4.02e+32
     -15.9  -2.6e+32
     -16.9 -2.43e+32
     -17.8  -1.8e+32
     -18.7   1.4e+32
     -19.6 -2.24e+32
     -20.5  4.99e+31
     -21.4     3e+31
     -22.3  1.06e+31
     -23.3  2.08e+31
     -24.2 -2.37e+31
     -25.1   1.1e+31
       -26  7.73e+30
     -26.9  1.72e+29
     -27.8 -1.07e+30
     -28.7  7.76e+29
     -29.7 -5.32e+29
     -30.6  2.04e+30
     -31.5  1.08e+28
     -32.4  1.97e+28
     -33.3  3.01e+27
     -34.2 -4.08e+26
     -35.1  5.19e+25
     -36.1  1.03e+26

pressure[atm]        = 10
temperature[K]           = 2300
energy step[1/cm]        = 320
maximum energy[kcal/mol] = 268

bimolecular PEDs:
   E, kcal    P1->P2
       268  7.46e+42
       267  8.15e+42
       267  8.91e+42
       266  9.73e+42
       265  1.06e+43
       264  1.16e+43
       263  1.26e+43
       262  1.38e+43
       261   1.5e+43
       260  1.64e+43
       259  1.78e+43
       258  1.94e+43
       257  2.12e+43
       256   2.3e+43
       256  2.51e+43
       255  2.72e+43
       254  2.96e+43
       253  3.22e+43
       252   3.5e+43
       251   3.8e+43
       250  4.13e+43
       249  4.48e+43
       248  4.86e+43
       247  5.27e+43
       246  5.71e+43
       245  6.19e+43
       245  6.71e+43
       244  7.27e+43
       243  7.87e+43
       242  8.51e+43
       241  9.21e+43
       240  9.96e+43
       239  1.08e+44
       238  1.16e+44
       237  1.26e+44
       236  1.36e+44
       235  1.46e+44
       235  1.58e+44
       234   1.7e+44
       233  1.84e+44
       232  1.98e+44
       231  2.13e+44
       230   2.3e+44
       229  2.47e+44
       228  2.66e+44
       227  2.86e+44
       226  3.08e+44
       225   3.3e+44
       224  3.55e+44
       224  3.81e+44
       223  4.09e+44
       222  4.39e+44
       221   4.7e+44
       220  5.04e+44
       219   5.4e+44
       218  5.79e+44
       217  6.19e+44
       216  6.63e+44
       215  7.09e+44
       214  7.57e+44
       213  8.09e+44
       213  8.64e+44
       212  9.23e+44
       211  9.85e+44
       210  1.05e+45
       209  1.12e+45
       208  1.19e+45
       207  1.27e+45
       206  1.35e+45
       205  1.44e+45
       204  1.53e+45
       203  1.63e+45
       203  1.73e+45
       202  1.83e+45
       201  1.95e+45
       200  2.07e+45
       199  2.19e+45
       198  2.32e+45
       197  2.46e+45
       196   2.6e+45
       195  2.75e+45
       194  2.91e+45
       193  3.08e+45
       192  3.25e+45
       192  3.43e+45
       191  3.62e+45
       190  3.82e+45
       189  4.02e+45
       188  4.24e+45
       187  4.46e+45
       186   4.7e+45
       185  4.94e+45
       184  5.19e+45
       183  5.45e+45
       182  5.72e+45
       182  6.01e+45
       181   6.3e+45
       180   6.6e+45
       179  6.91e+45
       178  7.23e+45
       177  7.57e+45
       176  7.91e+45
       175  8.26e+45
       174  8.63e+45
       173     9e+45
       172  9.39e+45
       171  9.78e+45
       171  1.02e+46
       170  1.06e+46
       169   1.1e+46
       168  1.15e+46
       167  1.19e+46
       166  1.23e+46
       165  1.28e+46
       164  1.33e+46
       163  1.37e+46
       162  1.42e+46
       161  1.47e+46
       160  1.52e+46
       160  1.57e+46
       159  1.62e+46
       158  1.67e+46
       157  1.72e+46
       156  1.77e+46
       155  1.82e+46
       154  1.88e+46
       153  1.93e+46
       152  1.98e+46
       151  2.03e+46
       150  2.08e+46
       150  2.13e+46
       149  2.18e+46
       148  2.23e+46
       147  2.27e+46
       146  2.32e+46
       145  2.37e+46
       144  2.41e+46
       143  2.46e+46
       142   2.5e+46
       141  2.54e+46
       140  2.58e+46
       139  2.61e+46
       139  2.65e+46
       138  2.68e+46
       137  2.71e+46
       136  2.74e+46
       135  2.77e+46
       134  2.79e+46
       133  2.82e+46
       132  2.83e+46
       131  2.85e+46
       130  2.86e+46
       129  2.88e+46
       128  2.88e+46
       128  2.89e+46
       127  2.89e+46
       126  2.89e+46
       125  2.88e+46
       124  2.88e+46
       123  2.87e+46
       122  2.85e+46
       121  2.84e+46
       120  2.82e+46
       119  2.79e+46
       118  2.77e+46
       118  2.74e+46
       117  2.71e+46
       116  2.67e+46
       115  2.64e+46
       114   2.6e+46
       113  2.55e+46
       112  2.51e+46
       111  2.46e+46
       110  2.41e+46
       109  2.36e+46
       108   2.3e+46
       107  2.25e+46
       107  2.19e+46
       106  2.13e+46
       105  2.07e+46
       104  2.01e+46
       103  1.95e+46
       102  1.89e+46
       101  1.82e+46
       100  1.76e+46
      99.2  1.69e+46
      98.3  1.63e+46
      97.4  1.56e+46
      96.5   1.5e+46
      95.6  1.44e+46
      94.7  1.37e+46
      93.7  1.31e+46
      92.8  1.25e+46
      91.9  1.19e+46
        91  1.13e+46
      90.1  1.07e+46
      89.2  1.01e+46
      88.3  9.52e+45
      87.3  8.97e+45
      86.4  8.44e+45
      85.5  7.92e+45
      84.6  7.42e+45
      83.7  6.94e+45
      82.8  6.48e+45
      81.9  6.03e+45
      80.9  5.61e+45
        80   5.2e+45
      79.1  4.81e+45
      78.2  4.44e+45
      77.3  4.09e+45
      76.4  3.76e+45
      75.5  3.45e+45
      74.5  3.16e+45
      73.6  2.88e+45
      72.7  2.62e+45
      71.8  2.38e+45
      70.9  2.16e+45
        70  1.95e+45
      69.1  1.76e+45
      68.2  1.58e+45
      67.2  1.42e+45
      66.3  1.27e+45
      65.4  1.13e+45
      64.5     1e+45
      63.6  8.89e+44
      62.7  7.85e+44
      61.8  6.92e+44
      60.8  6.07e+44
      59.9  5.31e+44
        59  4.63e+44
      58.1  4.02e+44
      57.2  3.49e+44
      56.3  3.01e+44
      55.4  2.59e+44
      54.4  2.21e+44
      53.5  1.89e+44
      52.6  1.61e+44
      51.7  1.36e+44
      50.8  1.15e+44
      49.9  9.61e+43
        49  8.03e+43
        48  6.68e+43
      47.1  5.53e+43
      46.2  4.56e+43
      45.3  3.74e+43
      44.4  3.05e+43
      43.5  2.47e+43
      42.6     2e+43
      41.6   1.6e+43
      40.7  1.28e+43
      39.8  1.01e+43
      38.9     8e+42
        38  6.26e+42
      37.1  4.87e+42
      36.2  3.77e+42
      35.2  2.89e+42
      34.3   2.2e+42
      33.4  1.66e+42
      32.5  1.25e+42
      31.6  9.27e+41
      30.7  6.83e+41
      29.8  4.98e+41
      28.8   3.6e+41
      27.9  2.58e+41
        27  1.82e+41
      26.1  1.28e+41
      25.2  8.85e+40
      24.3  6.05e+40
      23.4  4.08e+40
      22.4  2.72e+40
      21.5  1.78e+40
      20.6  1.15e+40
      19.7  7.33e+39
      18.8  4.58e+39
      17.9  2.81e+39
        17  1.68e+39
        16   9.9e+38
      15.1  5.68e+38
      14.2  3.17e+38
      13.3  1.72e+38
      12.4  9.08e+37
      11.5  4.62e+37
      10.6  2.26e+37
      9.65  1.06e+37
      8.73  4.75e+36
      7.82  2.03e+36
      6.91  7.98e+35
      5.99  2.95e+35
      5.08  9.42e+34
      4.16  4.23e+34
      3.25  2.26e+34
      2.34  4.27e+33
      1.42  8.62e+33
     0.507 -3.25e+33
    -0.407  2.97e+33
     -1.32  1.11e+33
     -2.24  3.12e+33
     -3.15  3.29e+33
     -4.06   1.9e+32
     -4.98 -2.47e+32
     -5.89  3.58e+32
     -6.81 -5.49e+32
     -7.72 -3.42e+32
     -8.63  1.43e+32
     -9.55  2.07e+32
     -10.5  1.57e+32
     -11.4 -7.75e+32
     -12.3 -6.02e+32
     -13.2  6.09e+32
     -14.1  1.65e+33
       -15  2.45e+32
     -15.9 -1.79e+32
     -16.9 -2.05e+32
     -17.8  2.16e+32
     -18.7 -1.39e+31
     -19.6 -9.76e+31
     -20.5  8.12e+31
     -21.4 -2.31e+31
     -22.3 -1.35e+32
     -23.3 -9.24e+30
     -24.2  1.33e+31
     -25.1 -1.77e+31
       -26 -7.28e+30
     -26.9  1.13e+31
     -27.8 -6.01e+30
     -28.7   4.7e+29
     -29.7   1.1e+30
     -30.6 -1.93e+29
     -31.5  1.58e+30
     -32.4  -1.1e+28
     -33.3  1.76e+27
     -34.2 -2.85e+25
     -35.1  6.21e+25
     -36.1  1.06e+25

pressure[atm]        = 100
temperature[K]           = 2300
energy step[1/cm]        = 320
maximum energy[kcal/mol] = 268

bimolecular PEDs:
   E, kcal    P1->P2
       268  7.46e+42
       267  8.15e+42
       267   8.9e+42
       266  9.72e+42
       265  1.06e+43
       264  1.16e+43
       263  1.26e+43
       262  1.38e+43
       261   1.5e+43
       260  1.64e+43
       259  1.78e+43
       258  1.94e+43
       257  2.12e+43
       256   2.3e+43
       256   2.5e+43
       255  2.72e+43
       254  2.96e+43
       253  3.22e+43
       252   3.5e+43
       251   3.8e+43
       250  4.12e+43
       249  4.48e+43
       248  4.86e+43
       247  5.27e+43
       246  5.71e+43
       245  6.19e+43
       245  6.71e+43
       244  7.26e+43
       243  7.86e+43
       242  8.51e+43
       241  9.21e+43
       240  9.96e+43
       239  1.08e+44
       238  1.16e+44
       237  1.26e+44
       236  1.36e+44
       235  1.46e+44
       235  1.58e+44
       234   1.7e+44
       233  1.84e+44
       232  1.98e+44
       231  2.13e+44
       230   2.3e+44
       229  2.47e+44
       228  2.66e+44
       227  2.86e+44
       226  3.07e+44
       225   3.3e+44
       224  3.55e+44
       224  3.81e+44
       223  4.09e+44
       222  4.39e+44
       221   4.7e+44
       220  5.04e+44
       219   5.4e+44
       218  5.78e+44
       217  6.19e+44
       216  6.62e+44
       215  7.08e+44
       214  7.57e+44
       213  8.09e+44
       213  8.64e+44
       212  9.23e+44
       211  9.84e+44
       210  1.05e+45
       209  1.12e+45
       208  1.19e+45
       207  1.27e+45
       206  1.35e+45
       205  1.44e+45
       204  1.53e+45
       203  1.63e+45
       203  1.73e+45
       202  1.83e+45
       201  1.95e+45
       200  2.06e+45
       199  2.19e+45
       198  2.32e+45
       197  2.46e+45
       196   2.6e+45
       195  2.75e+45
       194  2.91e+45
       193  3.08e+45
       192  3.25e+45
       192  3.43e+45
       191  3.62e+45
       190  3.82e+45
       189  4.02e+45
       188  4.24e+45
       187  4.46e+45
       186   4.7e+45
       185  4.94e+45
       184  5.19e+45
       183  5.45e+45
       182  5.72e+45
       182  6.01e+45
       181   6.3e+45
       180   6.6e+45
       179  6.91e+45
       178  7.23e+45
       177  7.57e+45
       176  7.91e+45
       175  8.26e+45
       174  8.63e+45
       173     9e+45
       172  9.38e+45
       171  9.78e+45
       171  1.02e+46
       170  1.06e+46
       169   1.1e+46
       168  1.15e+46
       167  1.19e+46
       166  1.23e+46
       165  1.28e+46
       164  1.33e+46
       163  1.37e+46
       162  1.42e+46
       161  1.47e+46
       160  1.52e+46
       160  1.57e+46
       159  1.62e+46
       158  1.67e+46
       157  1.72e+46
       156  1.77e+46
       155  1.82e+46
       154  1.88e+46
       153  1.93e+46
       152  1.98e+46
       151  2.03e+46
       150  2.08e+46
       150  2.13e+46
       149  2.18e+46
       148  2.23e+46
       147  2.27e+46
       146  2.32e+46
       145  2.37e+46
       144  2.41e+46
       143  2.46e+46
       142   2.5e+46
       141  2.54e+46
       140  2.58e+46
       139  2.61e+46
       139  2.65e+46
       138  2.68e+46
       137  2.71e+46
       136  2.74e+46
       135  2.77e+46
       134  2.79e+46
       133  2.82e+46
       132  2.83e+46
       131  2.85e+46
       130  2.86e+46
       129  2.88e+46
       128  2.88e+46
       128  2.89e+46
       127  2.89e+46
       126  2.89e+46
       125  2.88e+46
       124  2.88e+46
       123  2.87e+46
       122  2.85e+46
       121  2.84e+46
       120  2.82e+46
       119  2.79e+46
       118  2.77e+46
       118  2.74e+46
       117  2.71e+46
       116  2.67e+46
       115  2.64e+46
       114   2.6e+46
       113  2.55e+46
       112  2.51e+46
       111  2.46e+46
       110  2.41e+46
       109  2.36e+46
       108  2.31e+46
       107  2.25e+46
       107  2.19e+46
       106  2.13e+46
       105  2.07e+46
       104  2.01e+46
       103  1.95e+46
       102  1.89e+46
       101  1.82e+46
       100  1.76e+46
      99.2  1.69e+46
      98.3  1.63e+46
      97.4  1.56e+46
      96.5   1.5e+46
      95.6  1.44e+46
      94.7  1.37e+46
      93.7  1.31e+46
      92.8  1.25e+46
      91.9  1.19e+46
        91  1.13e+46
      90.1  1.07e+46
      89.2  1.01e+46
      88.3  9.52e+45
      87.3  8.97e+45
      86.4  8.44e+45
      85.5  7.92e+45
      84.6  7.42e+45
      83.7  6.94e+45
      82.8  6.48e+45
      81.9  6.03e+45
      80.9  5.61e+45
        80   5.2e+45
      79.1  4.81e+45
      78.2  4.44e+45
      77.3  4.09e+45
      76.4  3.76e+45
      75.5  3.45e+45
      74.5  3.16e+45
      73.6  2.88e+45
      72.7  2.63e+45
      71.8  2.38e+45
      70.9  2.16e+45
        70  1.95e+45
      69.1  1.76e+45
      68.2  1.58e+45
      67.2  1.42e+45
      66.3  1.27e+45
      65.4  1.13e+45
      64.5     1e+45
      63.6  8.89e+44
      62.7  7.86e+44
      61.8  6.92e+44
      60.8  6.07e+44
      59.9  5.31e+44
        59  4.63e+44
      58.1  4.03e+44
      57.2  3.49e+44
      56.3  3.01e+44
      55.4  2.59e+44
      54.4  2.22e+44
      53.5  1.89e+44
      52.6  1.61e+44
      51.7  1.36e+44
      50.8  1.15e+44
      49.9  9.62e+43
        49  8.04e+43
        48  6.69e+43
      47.1  5.54e+43
      46.2  4.56e+43
      45.3  3.74e+43
      44.4  3.05e+43
      43.5  2.48e+43
      42.6     2e+43
      41.6  1.61e+43
      40.7  1.28e+43
      39.8  1.02e+43
      38.9  8.01e+42
        38  6.27e+42
      37.1  4.88e+42
      36.2  3.77e+42
      35.2   2.9e+42
      34.3  2.21e+42
      33.4  1.67e+42
      32.5  1.25e+42
      31.6   9.3e+41
      30.7  6.85e+41
      29.8     5e+41
      28.8  3.62e+41
      27.9  2.59e+41
        27  1.83e+41
      26.1  1.28e+41
      25.2   8.9e+40
      24.3  6.09e+40
      23.4  4.11e+40
      22.4  2.74e+40
      21.5   1.8e+40
      20.6  1.17e+40
      19.7  7.42e+39
      18.8  4.65e+39
      17.9  2.86e+39
        17  1.72e+39
        16  1.02e+39
      15.1  5.86e+38
      14.2  3.31e+38
      13.3  1.82e+38
      12.4  9.73e+37
      11.5  5.07e+37
      10.6  2.57e+37
      9.65  1.27e+37
      8.73  6.21e+36
      7.82  3.01e+36
      6.91  1.47e+36
      5.99  7.43e+35
      5.08  3.98e+35
      4.16   2.4e+35
      3.25  1.55e+35
      2.34  1.01e+35
      1.42  4.51e+34
     0.507  2.75e+34
    -0.407  2.02e+34
     -1.32  8.33e+33
     -2.24   9.4e+33
     -3.15  1.49e+34
     -4.06  1.05e+34
     -4.98   5.2e+32
     -5.89  1.89e+33
     -6.81  2.88e+33
     -7.72  5.33e+32
     -8.63  6.35e+32
     -9.55 -2.53e+32
     -10.5  1.07e+33
     -11.4 -5.48e+32
     -12.3  1.37e+33
     -13.2   1.1e+33
     -14.1 -8.61e+32
       -15  7.51e+31
     -15.9  2.69e+32
     -16.9 -3.22e+32
     -17.8 -7.56e+31
     -18.7  -5.3e+32
     -19.6  3.36e+32
     -20.5 -2.59e+32
     -21.4  1.36e+32
     -22.3 -2.12e+32
     -23.3  6.06e+31
     -24.2 -3.97e+31
     -25.1  4.45e+31
       -26 -1.95e+31
     -26.9  1.31e+31
     -27.8 -4.28e+30
     -28.7 -6.77e+29
     -29.7  3.51e+29
     -30.6  5.72e+29
     -31.5  1.66e+29
     -32.4  1.66e+28
     -33.3 -6.46e+27
     -34.2  3.08e+27
     -35.1 -2.81e+26
     -36.1   4.4e+27

pressure[atm]        = 0.01
temperature[K]           = 2400
energy step[1/cm]        = 334
maximum energy[kcal/mol] = 283

bimolecular PEDs:
   E, kcal    P1->P2
       283  4.04e+43
       282  4.42e+43
       281  4.82e+43
       280  5.27e+43
       279  5.75e+43
       278  6.28e+43
       277  6.85e+43
       276  7.47e+43
       275  8.14e+43
       274  8.87e+43
       273  9.67e+43
       272  1.05e+44
       271  1.15e+44
       270  1.25e+44
       269  1.36e+44
       268  1.48e+44
       267  1.61e+44
       266  1.75e+44
       265   1.9e+44
       264  2.06e+44
       263  2.24e+44
       262  2.43e+44
       262  2.63e+44
       261  2.86e+44
       260   3.1e+44
       259  3.36e+44
       258  3.64e+44
       257  3.94e+44
       256  4.27e+44
       255  4.62e+44
       254  4.99e+44
       253   5.4e+44
       252  5.84e+44
       251  6.31e+44
       250  6.82e+44
       249  7.36e+44
       248  7.95e+44
       247  8.57e+44
       246  9.25e+44
       245  9.97e+44
       244  1.07e+45
       243  1.16e+45
       242  1.25e+45
       242  1.34e+45
       241  1.44e+45
       240  1.55e+45
       239  1.67e+45
       238  1.79e+45
       237  1.93e+45
       236  2.07e+45
       235  2.22e+45
       234  2.38e+45
       233  2.55e+45
       232  2.74e+45
       231  2.93e+45
       230  3.14e+45
       229  3.36e+45
       228   3.6e+45
       227  3.85e+45
       226  4.12e+45
       225   4.4e+45
       224   4.7e+45
       223  5.01e+45
       222  5.35e+45
       221  5.71e+45
       221  6.08e+45
       220  6.48e+45
       219  6.91e+45
       218  7.35e+45
       217  7.82e+45
       216  8.32e+45
       215  8.84e+45
       214   9.4e+45
       213  9.98e+45
       212  1.06e+46
       211  1.12e+46
       210  1.19e+46
       209  1.26e+46
       208  1.34e+46
       207  1.42e+46
       206   1.5e+46
       205  1.58e+46
       204  1.68e+46
       203  1.77e+46
       202  1.87e+46
       201  1.97e+46
       200  2.08e+46
       200  2.19e+46
       199  2.31e+46
       198  2.43e+46
       197  2.56e+46
       196  2.69e+46
       195  2.83e+46
       194  2.97e+46
       193  3.12e+46
       192  3.28e+46
       191  3.44e+46
       190   3.6e+46
       189  3.77e+46
       188  3.95e+46
       187  4.13e+46
       186  4.32e+46
       185  4.51e+46
       184  4.71e+46
       183  4.92e+46
       182  5.13e+46
       181  5.35e+46
       180  5.57e+46
       180   5.8e+46
       179  6.03e+46
       178  6.27e+46
       177  6.51e+46
       176  6.76e+46
       175  7.01e+46
       174  7.27e+46
       173  7.53e+46
       172  7.79e+46
       171  8.06e+46
       170  8.33e+46
       169  8.61e+46
       168  8.89e+46
       167  9.17e+46
       166  9.45e+46
       165  9.73e+46
       164     1e+47
       163  1.03e+47
       162  1.06e+47
       161  1.09e+47
       160  1.11e+47
       159  1.14e+47
       159  1.17e+47
       158   1.2e+47
       157  1.23e+47
       156  1.25e+47
       155  1.28e+47
       154   1.3e+47
       153  1.33e+47
       152  1.35e+47
       151  1.38e+47
       150   1.4e+47
       149  1.42e+47
       148  1.44e+47
       147  1.46e+47
       146  1.48e+47
       145   1.5e+47
       144  1.52e+47
       143  1.53e+47
       142  1.55e+47
       141  1.56e+47
       140  1.57e+47
       139  1.58e+47
       138  1.59e+47
       138   1.6e+47
       137   1.6e+47
       136   1.6e+47
       135  1.61e+47
       134  1.61e+47
       133   1.6e+47
       132   1.6e+47
       131   1.6e+47
       130  1.59e+47
       129  1.58e+47
       128  1.57e+47
       127  1.56e+47
       126  1.55e+47
       125  1.53e+47
       124  1.51e+47
       123   1.5e+47
       122  1.48e+47
       121  1.46e+47
       120  1.43e+47
       119  1.41e+47
       118  1.38e+47
       118  1.36e+47
       117  1.33e+47
       116   1.3e+47
       115  1.27e+47
       114  1.24e+47
       113  1.21e+47
       112  1.17e+47
       111  1.14e+47
       110   1.1e+47
       109  1.07e+47
       108  1.03e+47
       107  9.99e+46
       106  9.64e+46
       105  9.28e+46
       104  8.92e+46
       103  8.56e+46
       102  8.21e+46
       101  7.85e+46
       100   7.5e+46
      99.4  7.15e+46
      98.4  6.81e+46
      97.5  6.47e+46
      96.5  6.14e+46
      95.6  5.82e+46
      94.6   5.5e+46
      93.7  5.19e+46
      92.7  4.89e+46
      91.8   4.6e+46
      90.8  4.31e+46
      89.8  4.04e+46
      88.9  3.78e+46
      87.9  3.52e+46
        87  3.28e+46
        86  3.05e+46
      85.1  2.83e+46
      84.1  2.62e+46
      83.2  2.42e+46
      82.2  2.22e+46
      81.3  2.05e+46
      80.3  1.88e+46
      79.4  1.72e+46
      78.4  1.57e+46
      77.4  1.43e+46
      76.5   1.3e+46
      75.5  1.17e+46
      74.6  1.06e+46
      73.6  9.56e+45
      72.7  8.59e+45
      71.7   7.7e+45
      70.8  6.89e+45
      69.8  6.14e+45
      68.9  5.46e+45
      67.9  4.84e+45
        67  4.27e+45
        66  3.77e+45
        65  3.31e+45
      64.1  2.89e+45
      63.1  2.53e+45
      62.2   2.2e+45
      61.2   1.9e+45
      60.3  1.64e+45
      59.3  1.41e+45
      58.4  1.21e+45
      57.4  1.04e+45
      56.5  8.81e+44
      55.5  7.46e+44
      54.6   6.3e+44
      53.6  5.29e+44
      52.6  4.43e+44
      51.7  3.69e+44
      50.7  3.06e+44
      49.8  2.53e+44
      48.8  2.07e+44
      47.9   1.7e+44
      46.9  1.38e+44
        46  1.12e+44
        45  8.98e+43
      44.1  7.18e+43
      43.1  5.71e+43
      42.2  4.52e+43
      41.2  3.55e+43
      40.2  2.77e+43
      39.3  2.15e+43
      38.3  1.66e+43
      37.4  1.27e+43
      36.4  9.62e+42
      35.5  7.25e+42
      34.5  5.42e+42
      33.6  4.02e+42
      32.6  2.95e+42
      31.7  2.15e+42
      30.7  1.55e+42
      29.8  1.11e+42
      28.8  7.82e+41
      27.8  5.46e+41
      26.9  3.77e+41
      25.9  2.57e+41
        25  1.73e+41
        24  1.15e+41
      23.1  7.54e+40
      22.1  4.87e+40
      21.2  3.09e+40
      20.2  1.93e+40
      19.3  1.18e+40
      18.3  7.09e+39
      17.4  4.17e+39
      16.4  2.39e+39
      15.4  1.34e+39
      14.5   7.3e+38
      13.5  3.86e+38
      12.6  1.97e+38
      11.6  9.69e+37
      10.7  4.57e+37
      9.72  2.05e+37
      8.77  8.66e+36
      7.82  3.48e+36
      6.86  1.23e+36
      5.91  4.02e+35
      4.95  1.36e+35
         4  3.43e+34
      3.05 -2.34e+34
      2.09  9.06e+33
      1.14  -1.8e+33
     0.185 -2.92e+34
    -0.768  1.35e+34
     -1.72 -1.22e+33
     -2.68   1.2e+34
     -3.63   1.4e+34
     -4.58 -1.33e+34
     -5.54 -1.69e+34
     -6.49  8.03e+33
     -7.45  7.73e+32
      -8.4  5.64e+32
     -9.35  1.65e+33
     -10.3 -3.85e+33
     -11.3   1.9e+33
     -12.2  1.36e+33
     -13.2   1.2e+33
     -14.1 -1.57e+33
     -15.1  3.08e+33
       -16 -1.51e+32
       -17  1.23e+33
     -17.9  -4.4e+32
     -18.9 -7.74e+32
     -19.8  5.16e+31
     -20.8 -1.16e+32
     -21.8 -4.64e+31
     -22.7 -4.71e+31
     -23.7  8.48e+31
     -24.6 -2.11e+31
     -25.6  5.77e+30
     -26.5 -2.44e+30
     -27.5  1.25e+30
     -28.4 -1.85e+30
     -29.4  2.98e+29
     -30.3 -2.08e+29
     -31.3  7.74e+28
     -32.2 -1.41e+28
     -33.2  3.13e+28
     -34.2 -1.61e+27
     -35.1  2.44e+29
     -36.1 -3.09e+26

pressure[atm]        = 0.1
temperature[K]           = 2400
energy step[1/cm]        = 334
maximum energy[kcal/mol] = 283

bimolecular PEDs:
   E, kcal    P1->P2
       283  4.04e+43
       282  4.42e+43
       281  4.82e+43
       280  5.27e+43
       279  5.75e+43
       278  6.28e+43
       277  6.85e+43
       276  7.47e+43
       275  8.14e+43
       274  8.87e+43
       273  9.67e+43
       272  1.05e+44
       271  1.15e+44
       270  1.25e+44
       269  1.36e+44
       268  1.48e+44
       267  1.61e+44
       266  1.75e+44
       265   1.9e+44
       264  2.06e+44
       263  2.24e+44
       262  2.43e+44
       262  2.63e+44
       261  2.86e+44
       260   3.1e+44
       259  3.36e+44
       258  3.64e+44
       257  3.94e+44
       256  4.27e+44
       255  4.62e+44
       254  4.99e+44
       253   5.4e+44
       252  5.84e+44
       251  6.31e+44
       250  6.82e+44
       249  7.36e+44
       248  7.95e+44
       247  8.57e+44
       246  9.25e+44
       245  9.97e+44
       244  1.07e+45
       243  1.16e+45
       242  1.25e+45
       242  1.34e+45
       241  1.44e+45
       240  1.55e+45
       239  1.67e+45
       238  1.79e+45
       237  1.93e+45
       236  2.07e+45
       235  2.22e+45
       234  2.38e+45
       233  2.55e+45
       232  2.74e+45
       231  2.93e+45
       230  3.14e+45
       229  3.36e+45
       228   3.6e+45
       227  3.85e+45
       226  4.12e+45
       225   4.4e+45
       224   4.7e+45
       223  5.01e+45
       222  5.35e+45
       221  5.71e+45
       221  6.08e+45
       220  6.48e+45
       219  6.91e+45
       218  7.35e+45
       217  7.82e+45
       216  8.32e+45
       215  8.84e+45
       214   9.4e+45
       213  9.98e+45
       212  1.06e+46
       211  1.12e+46
       210  1.19e+46
       209  1.26e+46
       208  1.34e+46
       207  1.42e+46
       206   1.5e+46
       205  1.58e+46
       204  1.68e+46
       203  1.77e+46
       202  1.87e+46
       201  1.97e+46
       200  2.08e+46
       200  2.19e+46
       199  2.31e+46
       198  2.43e+46
       197  2.56e+46
       196  2.69e+46
       195  2.83e+46
       194  2.97e+46
       193  3.12e+46
       192  3.28e+46
       191  3.44e+46
       190   3.6e+46
       189  3.77e+46
       188  3.95e+46
       187  4.13e+46
       186  4.32e+46
       185  4.51e+46
       184  4.71e+46
       183  4.92e+46
       182  5.13e+46
       181  5.35e+46
       180  5.57e+46
       180   5.8e+46
       179  6.03e+46
       178  6.27e+46
       177  6.51e+46
       176  6.76e+46
       175  7.01e+46
       174  7.27e+46
       173  7.53e+46
       172  7.79e+46
       171  8.06e+46
       170  8.33e+46
       169  8.61e+46
       168  8.89e+46
       167  9.17e+46
       166  9.45e+46
       165  9.73e+46
       164     1e+47
       163  1.03e+47
       162  1.06e+47
       161  1.09e+47
       160  1.11e+47
       159  1.14e+47
       159  1.17e+47
       158   1.2e+47
       157  1.23e+47
       156  1.25e+47
       155  1.28e+47
       154   1.3e+47
       153  1.33e+47
       152  1.35e+47
       151  1.38e+47
       150   1.4e+47
       149  1.42e+47
       148  1.44e+47
       147  1.46e+47
       146  1.48e+47
       145   1.5e+47
       144  1.52e+47
       143  1.53e+47
       142  1.55e+47
       141  1.56e+47
       140  1.57e+47
       139  1.58e+47
       138  1.59e+47
       138   1.6e+47
       137   1.6e+47
       136   1.6e+47
       135  1.61e+47
       134  1.61e+47
       133   1.6e+47
       132   1.6e+47
       131   1.6e+47
       130  1.59e+47
       129  1.58e+47
       128  1.57e+47
       127  1.56e+47
       126  1.55e+47
       125  1.53e+47
       124  1.51e+47
       123   1.5e+47
       122  1.48e+47
       121  1.46e+47
       120  1.43e+47
       119  1.41e+47
       118  1.38e+47
       118  1.36e+47
       117  1.33e+47
       116   1.3e+47
       115  1.27e+47
       114  1.24e+47
       113  1.21e+47
       112  1.17e+47
       111  1.14e+47
       110   1.1e+47
       109  1.07e+47
       108  1.03e+47
       107  9.99e+46
       106  9.64e+46
       105  9.28e+46
       104  8.92e+46
       103  8.56e+46
       102  8.21e+46
       101  7.85e+46
       100   7.5e+46
      99.4  7.15e+46
      98.4  6.81e+46
      97.5  6.47e+46
      96.5  6.14e+46
      95.6  5.82e+46
      94.6   5.5e+46
      93.7  5.19e+46
      92.7  4.89e+46
      91.8   4.6e+46
      90.8  4.31e+46
      89.8  4.04e+46
      88.9  3.78e+46
      87.9  3.52e+46
        87  3.28e+46
        86  3.05e+46
      85.1  2.83e+46
      84.1  2.62e+46
      83.2  2.42e+46
      82.2  2.22e+46
      81.3  2.05e+46
      80.3  1.88e+46
      79.4  1.72e+46
      78.4  1.57e+46
      77.4  1.43e+46
      76.5   1.3e+46
      75.5  1.17e+46
      74.6  1.06e+46
      73.6  9.56e+45
      72.7  8.59e+45
      71.7   7.7e+45
      70.8  6.89e+45
      69.8  6.14e+45
      68.9  5.46e+45
      67.9  4.84e+45
        67  4.27e+45
        66  3.77e+45
        65  3.31e+45
      64.1  2.89e+45
      63.1  2.53e+45
      62.2   2.2e+45
      61.2   1.9e+45
      60.3  1.64e+45
      59.3  1.41e+45
      58.4  1.21e+45
      57.4  1.04e+45
      56.5  8.81e+44
      55.5  7.46e+44
      54.6   6.3e+44
      53.6  5.29e+44
      52.6  4.43e+44
      51.7  3.69e+44
      50.7  3.06e+44
      49.8  2.53e+44
      48.8  2.07e+44
      47.9   1.7e+44
      46.9  1.38e+44
        46  1.12e+44
        45  8.98e+43
      44.1  7.18e+43
      43.1  5.71e+43
      42.2  4.52e+43
      41.2  3.55e+43
      40.2  2.77e+43
      39.3  2.15e+43
      38.3  1.66e+43
      37.4  1.27e+43
      36.4  9.62e+42
      35.5  7.25e+42
      34.5  5.42e+42
      33.6  4.02e+42
      32.6  2.95e+42
      31.7  2.15e+42
      30.7  1.55e+42
      29.8  1.11e+42
      28.8  7.82e+41
      27.8  5.46e+41
      26.9  3.77e+41
      25.9  2.57e+41
        25  1.73e+41
        24  1.15e+41
      23.1  7.54e+40
      22.1  4.87e+40
      21.2  3.09e+40
      20.2  1.93e+40
      19.3  1.18e+40
      18.3  7.09e+39
      17.4  4.17e+39
      16.4  2.39e+39
      15.4  1.34e+39
      14.5   7.3e+38
      13.5  3.86e+38
      12.6  1.97e+38
      11.6  9.68e+37
      10.7  4.57e+37
      9.72  2.05e+37
      8.77  8.69e+36
      7.82  3.39e+36
      6.86  1.24e+36
      5.91  4.16e+35
      4.95  9.63e+34
         4  1.89e+34
      3.05 -5.22e+33
      2.09 -1.88e+34
      1.14  2.84e+33
     0.185 -3.67e+34
    -0.768 -2.13e+34
     -1.72 -1.54e+34
     -2.68  1.21e+34
     -3.63  5.31e+32
     -4.58 -1.72e+33
     -5.54 -1.53e+34
     -6.49 -4.97e+33
     -7.45  4.86e+33
      -8.4  2.03e+33
     -9.35 -8.09e+32
     -10.3  1.17e+33
     -11.3 -3.72e+32
     -12.2 -1.19e+33
     -13.2  1.14e+33
     -14.1  5.58e+32
     -15.1 -2.51e+33
       -16 -1.61e+32
       -17  1.84e+33
     -17.9 -5.28e+32
     -18.9 -5.15e+31
     -19.8  2.31e+31
     -20.8 -9.79e+31
     -21.8  2.41e+31
     -22.7 -7.14e+30
     -23.7 -1.21e+31
     -24.6 -4.22e+31
     -25.6  9.52e+30
     -26.5  6.09e+30
     -27.5  -5.4e+30
     -28.4  3.24e+30
     -29.4 -1.11e+30
     -30.3  6.68e+29
     -31.3  1.88e+29
     -32.2 -1.14e+29
     -33.2  3.29e+28
     -34.2  1.05e+30
     -35.1 -6.51e+28
     -36.1  1.99e+29

pressure[atm]        = 1
temperature[K]           = 2400
energy step[1/cm]        = 334
maximum energy[kcal/mol] = 283

bimolecular PEDs:
   E, kcal    P1->P2
       283  4.04e+43
       282  4.42e+43
       281  4.82e+43
       280  5.27e+43
       279  5.75e+43
       278  6.28e+43
       277  6.85e+43
       276  7.47e+43
       275  8.14e+43
       274  8.87e+43
       273  9.67e+43
       272  1.05e+44
       271  1.15e+44
       270  1.25e+44
       269  1.36e+44
       268  1.48e+44
       267  1.61e+44
       266  1.75e+44
       265   1.9e+44
       264  2.06e+44
       263  2.24e+44
       262  2.43e+44
       262  2.63e+44
       261  2.86e+44
       260   3.1e+44
       259  3.36e+44
       258  3.64e+44
       257  3.94e+44
       256  4.27e+44
       255  4.62e+44
       254  4.99e+44
       253   5.4e+44
       252  5.84e+44
       251  6.31e+44
       250  6.82e+44
       249  7.36e+44
       248  7.95e+44
       247  8.57e+44
       246  9.25e+44
       245  9.97e+44
       244  1.07e+45
       243  1.16e+45
       242  1.25e+45
       242  1.34e+45
       241  1.44e+45
       240  1.55e+45
       239  1.67e+45
       238  1.79e+45
       237  1.93e+45
       236  2.07e+45
       235  2.22e+45
       234  2.38e+45
       233  2.55e+45
       232  2.74e+45
       231  2.93e+45
       230  3.14e+45
       229  3.36e+45
       228   3.6e+45
       227  3.85e+45
       226  4.12e+45
       225   4.4e+45
       224   4.7e+45
       223  5.01e+45
       222  5.35e+45
       221  5.71e+45
       221  6.08e+45
       220  6.48e+45
       219  6.91e+45
       218  7.35e+45
       217  7.82e+45
       216  8.32e+45
       215  8.84e+45
       214   9.4e+45
       213  9.98e+45
       212  1.06e+46
       211  1.12e+46
       210  1.19e+46
       209  1.26e+46
       208  1.34e+46
       207  1.42e+46
       206   1.5e+46
       205  1.58e+46
       204  1.68e+46
       203  1.77e+46
       202  1.87e+46
       201  1.97e+46
       200  2.08e+46
       200  2.19e+46
       199  2.31e+46
       198  2.43e+46
       197  2.56e+46
       196  2.69e+46
       195  2.83e+46
       194  2.97e+46
       193  3.12e+46
       192  3.28e+46
       191  3.44e+46
       190   3.6e+46
       189  3.77e+46
       188  3.95e+46
       187  4.13e+46
       186  4.32e+46
       185  4.51e+46
       184  4.71e+46
       183  4.92e+46
       182  5.13e+46
       181  5.35e+46
       180  5.57e+46
       180   5.8e+46
       179  6.03e+46
       178  6.27e+46
       177  6.51e+46
       176  6.76e+46
       175  7.01e+46
       174  7.27e+46
       173  7.53e+46
       172  7.79e+46
       171  8.06e+46
       170  8.33e+46
       169  8.61e+46
       168  8.89e+46
       167  9.17e+46
       166  9.45e+46
       165  9.73e+46
       164     1e+47
       163  1.03e+47
       162  1.06e+47
       161  1.09e+47
       160  1.11e+47
       159  1.14e+47
       159  1.17e+47
       158   1.2e+47
       157  1.23e+47
       156  1.25e+47
       155  1.28e+47
       154   1.3e+47
       153  1.33e+47
       152  1.35e+47
       151  1.38e+47
       150   1.4e+47
       149  1.42e+47
       148  1.44e+47
       147  1.46e+47
       146  1.48e+47
       145   1.5e+47
       144  1.52e+47
       143  1.53e+47
       142  1.55e+47
       141  1.56e+47
       140  1.57e+47
       139  1.58e+47
       138  1.59e+47
       138   1.6e+47
       137   1.6e+47
       136   1.6e+47
       135  1.61e+47
       134  1.61e+47
       133   1.6e+47
       132   1.6e+47
       131   1.6e+47
       130  1.59e+47
       129  1.58e+47
       128  1.57e+47
       127  1.56e+47
       126  1.55e+47
       125  1.53e+47
       124  1.51e+47
       123   1.5e+47
       122  1.48e+47
       121  1.46e+47
       120  1.43e+47
       119  1.41e+47
       118  1.38e+47
       118  1.36e+47
       117  1.33e+47
       116   1.3e+47
       115  1.27e+47
       114  1.24e+47
       113  1.21e+47
       112  1.17e+47
       111  1.14e+47
       110   1.1e+47
       109  1.07e+47
       108  1.03e+47
       107  9.99e+46
       106  9.64e+46
       105  9.28e+46
       104  8.92e+46
       103  8.56e+46
       102  8.21e+46
       101  7.85e+46
       100   7.5e+46
      99.4  7.15e+46
      98.4  6.81e+46
      97.5  6.47e+46
      96.5  6.14e+46
      95.6  5.82e+46
      94.6   5.5e+46
      93.7  5.19e+46
      92.7  4.89e+46
      91.8   4.6e+46
      90.8  4.31e+46
      89.8  4.04e+46
      88.9  3.78e+46
      87.9  3.52e+46
        87  3.28e+46
        86  3.05e+46
      85.1  2.83e+46
      84.1  2.62e+46
      83.2  2.42e+46
      82.2  2.22e+46
      81.3  2.05e+46
      80.3  1.88e+46
      79.4  1.72e+46
      78.4  1.57e+46
      77.4  1.43e+46
      76.5   1.3e+46
      75.5  1.17e+46
      74.6  1.06e+46
      73.6  9.56e+45
      72.7  8.59e+45
      71.7   7.7e+45
      70.8  6.89e+45
      69.8  6.14e+45
      68.9  5.46e+45
      67.9  4.84e+45
        67  4.27e+45
        66  3.77e+45
        65  3.31e+45
      64.1  2.89e+45
      63.1  2.53e+45
      62.2   2.2e+45
      61.2   1.9e+45
      60.3  1.64e+45
      59.3  1.41e+45
      58.4  1.21e+45
      57.4  1.04e+45
      56.5  8.81e+44
      55.5  7.46e+44
      54.6   6.3e+44
      53.6  5.29e+44
      52.6  4.43e+44
      51.7  3.69e+44
      50.7  3.06e+44
      49.8  2.53e+44
      48.8  2.07e+44
      47.9   1.7e+44
      46.9  1.38e+44
        46  1.12e+44
        45  8.98e+43
      44.1  7.18e+43
      43.1  5.71e+43
      42.2  4.52e+43
      41.2  3.55e+43
      40.2  2.77e+43
      39.3  2.15e+43
      38.3  1.66e+43
      37.4  1.27e+43
      36.4  9.62e+42
      35.5  7.25e+42
      34.5  5.42e+42
      33.6  4.02e+42
      32.6  2.95e+42
      31.7  2.15e+42
      30.7  1.55e+42
      29.8  1.11e+42
      28.8  7.82e+41
      27.8  5.46e+41
      26.9  3.77e+41
      25.9  2.57e+41
        25  1.73e+41
        24  1.15e+41
      23.1  7.54e+40
      22.1  4.87e+40
      21.2  3.09e+40
      20.2  1.93e+40
      19.3  1.18e+40
      18.3   7.1e+39
      17.4  4.17e+39
      16.4   2.4e+39
      15.4  1.34e+39
      14.5  7.31e+38
      13.5  3.86e+38
      12.6  1.97e+38
      11.6   9.7e+37
      10.7  4.58e+37
      9.72  2.06e+37
      8.77  8.74e+36
      7.82  3.38e+36
      6.86   1.2e+36
      5.91  4.16e+35
      4.95  1.29e+35
         4  2.58e+34
      3.05  1.34e+34
      2.09  6.02e+33
      1.14  6.79e+33
     0.185  3.06e+34
    -0.768  2.75e+34
     -1.72  5.93e+33
     -2.68 -5.38e+32
     -3.63  6.11e+33
     -4.58 -2.83e+33
     -5.54 -4.59e+33
     -6.49    -4e+33
     -7.45 -2.18e+32
      -8.4 -2.07e+33
     -9.35 -1.35e+33
     -10.3  6.39e+32
     -11.3  5.88e+31
     -12.2  1.08e+33
     -13.2  9.15e+32
     -14.1 -1.07e+32
     -15.1  1.83e+33
       -16  9.13e+32
       -17 -6.62e+32
     -17.9 -1.58e+32
     -18.9 -5.73e+31
     -19.8 -8.34e+32
     -20.8   5.4e+32
     -21.8 -2.31e+32
     -22.7  3.14e+31
     -23.7 -7.06e+31
     -24.6  2.65e+31
     -25.6 -5.81e+30
     -26.5 -4.86e+30
     -27.5    -3e+30
     -28.4  2.13e+30
     -29.4  -2.1e+29
     -30.3  1.55e+31
     -31.3  5.07e+28
     -32.2 -2.31e+28
     -33.2  6.88e+27
     -34.2 -1.27e+27
     -35.1  2.48e+26
     -36.1  -5.2e+25

pressure[atm]        = 10
temperature[K]           = 2400
energy step[1/cm]        = 334
maximum energy[kcal/mol] = 283

bimolecular PEDs:
   E, kcal    P1->P2
       283  4.04e+43
       282  4.42e+43
       281  4.82e+43
       280  5.27e+43
       279  5.75e+43
       278  6.28e+43
       277  6.85e+43
       276  7.47e+43
       275  8.14e+43
       274  8.87e+43
       273  9.67e+43
       272  1.05e+44
       271  1.15e+44
       270  1.25e+44
       269  1.36e+44
       268  1.48e+44
       267  1.61e+44
       266  1.75e+44
       265   1.9e+44
       264  2.06e+44
       263  2.24e+44
       262  2.43e+44
       262  2.63e+44
       261  2.86e+44
       260   3.1e+44
       259  3.36e+44
       258  3.64e+44
       257  3.94e+44
       256  4.27e+44
       255  4.62e+44
       254  4.99e+44
       253   5.4e+44
       252  5.84e+44
       251  6.31e+44
       250  6.82e+44
       249  7.36e+44
       248  7.95e+44
       247  8.57e+44
       246  9.25e+44
       245  9.97e+44
       244  1.07e+45
       243  1.16e+45
       242  1.25e+45
       242  1.34e+45
       241  1.44e+45
       240  1.55e+45
       239  1.67e+45
       238  1.79e+45
       237  1.93e+45
       236  2.07e+45
       235  2.22e+45
       234  2.38e+45
       233  2.55e+45
       232  2.74e+45
       231  2.93e+45
       230  3.14e+45
       229  3.36e+45
       228   3.6e+45
       227  3.85e+45
       226  4.12e+45
       225   4.4e+45
       224   4.7e+45
       223  5.01e+45
       222  5.35e+45
       221  5.71e+45
       221  6.08e+45
       220  6.48e+45
       219  6.91e+45
       218  7.35e+45
       217  7.82e+45
       216  8.32e+45
       215  8.84e+45
       214   9.4e+45
       213  9.98e+45
       212  1.06e+46
       211  1.12e+46
       210  1.19e+46
       209  1.26e+46
       208  1.34e+46
       207  1.42e+46
       206   1.5e+46
       205  1.58e+46
       204  1.68e+46
       203  1.77e+46
       202  1.87e+46
       201  1.97e+46
       200  2.08e+46
       200  2.19e+46
       199  2.31e+46
       198  2.43e+46
       197  2.56e+46
       196  2.69e+46
       195  2.83e+46
       194  2.97e+46
       193  3.12e+46
       192  3.28e+46
       191  3.44e+46
       190   3.6e+46
       189  3.77e+46
       188  3.95e+46
       187  4.13e+46
       186  4.32e+46
       185  4.51e+46
       184  4.71e+46
       183  4.92e+46
       182  5.13e+46
       181  5.35e+46
       180  5.57e+46
       180   5.8e+46
       179  6.03e+46
       178  6.27e+46
       177  6.51e+46
       176  6.76e+46
       175  7.01e+46
       174  7.27e+46
       173  7.53e+46
       172  7.79e+46
       171  8.06e+46
       170  8.33e+46
       169  8.61e+46
       168  8.89e+46
       167  9.17e+46
       166  9.45e+46
       165  9.73e+46
       164     1e+47
       163  1.03e+47
       162  1.06e+47
       161  1.09e+47
       160  1.11e+47
       159  1.14e+47
       159  1.17e+47
       158   1.2e+47
       157  1.23e+47
       156  1.25e+47
       155  1.28e+47
       154   1.3e+47
       153  1.33e+47
       152  1.35e+47
       151  1.38e+47
       150   1.4e+47
       149  1.42e+47
       148  1.44e+47
       147  1.46e+47
       146  1.48e+47
       145   1.5e+47
       144  1.52e+47
       143  1.53e+47
       142  1.55e+47
       141  1.56e+47
       140  1.57e+47
       139  1.58e+47
       138  1.59e+47
       138   1.6e+47
       137   1.6e+47
       136   1.6e+47
       135  1.61e+47
       134  1.61e+47
       133   1.6e+47
       132   1.6e+47
       131   1.6e+47
       130  1.59e+47
       129  1.58e+47
       128  1.57e+47
       127  1.56e+47
       126  1.55e+47
       125  1.53e+47
       124  1.51e+47
       123   1.5e+47
       122  1.48e+47
       121  1.46e+47
       120  1.43e+47
       119  1.41e+47
       118  1.38e+47
       118  1.36e+47
       117  1.33e+47
       116   1.3e+47
       115  1.27e+47
       114  1.24e+47
       113  1.21e+47
       112  1.17e+47
       111  1.14e+47
       110   1.1e+47
       109  1.07e+47
       108  1.03e+47
       107  9.99e+46
       106  9.64e+46
       105  9.28e+46
       104  8.92e+46
       103  8.56e+46
       102  8.21e+46
       101  7.85e+46
       100   7.5e+46
      99.4  7.15e+46
      98.4  6.81e+46
      97.5  6.47e+46
      96.5  6.14e+46
      95.6  5.82e+46
      94.6   5.5e+46
      93.7  5.19e+46
      92.7  4.89e+46
      91.8   4.6e+46
      90.8  4.31e+46
      89.8  4.04e+46
      88.9  3.78e+46
      87.9  3.52e+46
        87  3.28e+46
        86  3.05e+46
      85.1  2.83e+46
      84.1  2.62e+46
      83.2  2.42e+46
      82.2  2.23e+46
      81.3  2.05e+46
      80.3  1.88e+46
      79.4  1.72e+46
      78.4  1.57e+46
      77.4  1.43e+46
      76.5   1.3e+46
      75.5  1.17e+46
      74.6  1.06e+46
      73.6  9.56e+45
      72.7  8.59e+45
      71.7   7.7e+45
      70.8  6.89e+45
      69.8  6.14e+45
      68.9  5.46e+45
      67.9  4.84e+45
        67  4.27e+45
        66  3.77e+45
        65  3.31e+45
      64.1  2.89e+45
      63.1  2.53e+45
      62.2   2.2e+45
      61.2   1.9e+45
      60.3  1.64e+45
      59.3  1.41e+45
      58.4  1.21e+45
      57.4  1.04e+45
      56.5  8.81e+44
      55.5  7.46e+44
      54.6   6.3e+44
      53.6  5.29e+44
      52.6  4.43e+44
      51.7  3.69e+44
      50.7  3.06e+44
      49.8  2.53e+44
      48.8  2.07e+44
      47.9   1.7e+44
      46.9  1.38e+44
        46  1.12e+44
        45  8.98e+43
      44.1  7.18e+43
      43.1  5.71e+43
      42.2  4.52e+43
      41.2  3.55e+43
      40.2  2.77e+43
      39.3  2.15e+43
      38.3  1.66e+43
      37.4  1.27e+43
      36.4  9.62e+42
      35.5  7.25e+42
      34.5  5.42e+42
      33.6  4.02e+42
      32.6  2.95e+42
      31.7  2.15e+42
      30.7  1.55e+42
      29.8  1.11e+42
      28.8  7.82e+41
      27.8  5.46e+41
      26.9  3.77e+41
      25.9  2.57e+41
        25  1.73e+41
        24  1.15e+41
      23.1  7.55e+40
      22.1  4.87e+40
      21.2  3.09e+40
      20.2  1.93e+40
      19.3  1.18e+40
      18.3  7.11e+39
      17.4  4.18e+39
      16.4   2.4e+39
      15.4  1.35e+39
      14.5  7.34e+38
      13.5  3.89e+38
      12.6  1.99e+38
      11.6  9.81e+37
      10.7  4.66e+37
      9.72  2.11e+37
      8.77  9.14e+36
      7.82  3.74e+36
      6.86  1.44e+36
      5.91  4.86e+35
      4.95  1.62e+35
         4  1.05e+35
      3.05  4.28e+34
      2.09  1.31e+34
      1.14   2.2e+34
     0.185  3.27e+34
    -0.768  2.21e+34
     -1.72  7.85e+33
     -2.68  9.09e+33
     -3.63  5.05e+33
     -4.58  4.51e+33
     -5.54  4.78e+33
     -6.49 -3.28e+32
     -7.45   2.1e+33
      -8.4  3.94e+33
     -9.35  1.57e+33
     -10.3  -1.2e+33
     -11.3 -1.03e+33
     -12.2 -1.03e+33
     -13.2  5.86e+33
     -14.1  1.71e+33
     -15.1 -1.66e+33
       -16  1.14e+33
       -17 -5.06e+32
     -17.9  6.84e+32
     -18.9 -1.64e+32
     -19.8 -9.02e+31
     -20.8 -2.79e+32
     -21.8  7.08e+31
     -22.7 -4.86e+31
     -23.7  2.44e+31
     -24.6  8.13e+31
     -25.6 -7.65e+31
     -26.5  2.73e+31
     -27.5 -2.71e+30
     -28.4 -6.66e+30
     -29.4  5.05e+29
     -30.3 -1.18e+30
     -31.3 -4.53e+29
     -32.2 -2.72e+28
     -33.2 -3.67e+25
     -34.2  4.71e+26
     -35.1  3.31e+25
     -36.1 -4.76e+26

pressure[atm]        = 100
temperature[K]           = 2400
energy step[1/cm]        = 334
maximum energy[kcal/mol] = 283

bimolecular PEDs:
   E, kcal    P1->P2
       283  4.04e+43
       282  4.41e+43
       281  4.82e+43
       280  5.27e+43
       279  5.75e+43
       278  6.27e+43
       277  6.84e+43
       276  7.47e+43
       275  8.14e+43
       274  8.87e+43
       273  9.66e+43
       272  1.05e+44
       271  1.15e+44
       270  1.25e+44
       269  1.36e+44
       268  1.48e+44
       267  1.61e+44
       266  1.74e+44
       265   1.9e+44
       264  2.06e+44
       263  2.24e+44
       262  2.43e+44
       262  2.63e+44
       261  2.86e+44
       260   3.1e+44
       259  3.36e+44
       258  3.64e+44
       257  3.94e+44
       256  4.26e+44
       255  4.62e+44
       254  4.99e+44
       253   5.4e+44
       252  5.84e+44
       251  6.31e+44
       250  6.82e+44
       249  7.36e+44
       248  7.94e+44
       247  8.57e+44
       246  9.24e+44
       245  9.97e+44
       244  1.07e+45
       243  1.16e+45
       242  1.25e+45
       242  1.34e+45
       241  1.44e+45
       240  1.55e+45
       239  1.67e+45
       238  1.79e+45
       237  1.93e+45
       236  2.07e+45
       235  2.22e+45
       234  2.38e+45
       233  2.55e+45
       232  2.74e+45
       231  2.93e+45
       230  3.14e+45
       229  3.36e+45
       228   3.6e+45
       227  3.85e+45
       226  4.11e+45
       225   4.4e+45
       224   4.7e+45
       223  5.01e+45
       222  5.35e+45
       221  5.71e+45
       221  6.08e+45
       220  6.48e+45
       219   6.9e+45
       218  7.35e+45
       217  7.82e+45
       216  8.32e+45
       215  8.84e+45
       214   9.4e+45
       213  9.98e+45
       212  1.06e+46
       211  1.12e+46
       210  1.19e+46
       209  1.26e+46
       208  1.34e+46
       207  1.42e+46
       206   1.5e+46
       205  1.58e+46
       204  1.68e+46
       203  1.77e+46
       202  1.87e+46
       201  1.97e+46
       200  2.08e+46
       200  2.19e+46
       199  2.31e+46
       198  2.43e+46
       197  2.56e+46
       196  2.69e+46
       195  2.83e+46
       194  2.97e+46
       193  3.12e+46
       192  3.28e+46
       191  3.44e+46
       190   3.6e+46
       189  3.77e+46
       188  3.95e+46
       187  4.13e+46
       186  4.32e+46
       185  4.51e+46
       184  4.71e+46
       183  4.92e+46
       182  5.13e+46
       181  5.35e+46
       180  5.57e+46
       180  5.79e+46
       179  6.03e+46
       178  6.27e+46
       177  6.51e+46
       176  6.76e+46
       175  7.01e+46
       174  7.27e+46
       173  7.53e+46
       172  7.79e+46
       171  8.06e+46
       170  8.33e+46
       169  8.61e+46
       168  8.88e+46
       167  9.16e+46
       166  9.45e+46
       165  9.73e+46
       164     1e+47
       163  1.03e+47
       162  1.06e+47
       161  1.09e+47
       160  1.11e+47
       159  1.14e+47
       159  1.17e+47
       158   1.2e+47
       157  1.23e+47
       156  1.25e+47
       155  1.28e+47
       154   1.3e+47
       153  1.33e+47
       152  1.35e+47
       151  1.38e+47
       150   1.4e+47
       149  1.42e+47
       148  1.44e+47
       147  1.46e+47
       146  1.48e+47
       145   1.5e+47
       144  1.52e+47
       143  1.53e+47
       142  1.55e+47
       141  1.56e+47
       140  1.57e+47
       139  1.58e+47
       138  1.59e+47
       138   1.6e+47
       137   1.6e+47
       136   1.6e+47
       135  1.61e+47
       134  1.61e+47
       133   1.6e+47
       132   1.6e+47
       131   1.6e+47
       130  1.59e+47
       129  1.58e+47
       128  1.57e+47
       127  1.56e+47
       126  1.55e+47
       125  1.53e+47
       124  1.51e+47
       123   1.5e+47
       122  1.48e+47
       121  1.46e+47
       120  1.43e+47
       119  1.41e+47
       118  1.38e+47
       118  1.36e+47
       117  1.33e+47
       116   1.3e+47
       115  1.27e+47
       114  1.24e+47
       113  1.21e+47
       112  1.17e+47
       111  1.14e+47
       110   1.1e+47
       109  1.07e+47
       108  1.03e+47
       107  9.99e+46
       106  9.64e+46
       105  9.28e+46
       104  8.92e+46
       103  8.56e+46
       102  8.21e+46
       101  7.85e+46
       100   7.5e+46
      99.4  7.15e+46
      98.4  6.81e+46
      97.5  6.47e+46
      96.5  6.14e+46
      95.6  5.82e+46
      94.6   5.5e+46
      93.7  5.19e+46
      92.7  4.89e+46
      91.8   4.6e+46
      90.8  4.32e+46
      89.8  4.04e+46
      88.9  3.78e+46
      87.9  3.53e+46
        87  3.28e+46
        86  3.05e+46
      85.1  2.83e+46
      84.1  2.62e+46
      83.2  2.42e+46
      82.2  2.23e+46
      81.3  2.05e+46
      80.3  1.88e+46
      79.4  1.72e+46
      78.4  1.57e+46
      77.4  1.43e+46
      76.5   1.3e+46
      75.5  1.17e+46
      74.6  1.06e+46
      73.6  9.56e+45
      72.7   8.6e+45
      71.7  7.71e+45
      70.8  6.89e+45
      69.8  6.14e+45
      68.9  5.46e+45
      67.9  4.84e+45
        67  4.28e+45
        66  3.77e+45
        65  3.31e+45
      64.1   2.9e+45
      63.1  2.53e+45
      62.2   2.2e+45
      61.2   1.9e+45
      60.3  1.64e+45
      59.3  1.42e+45
      58.4  1.21e+45
      57.4  1.04e+45
      56.5  8.82e+44
      55.5  7.47e+44
      54.6   6.3e+44
      53.6   5.3e+44
      52.6  4.43e+44
      51.7  3.69e+44
      50.7  3.06e+44
      49.8  2.53e+44
      48.8  2.08e+44
      47.9   1.7e+44
      46.9  1.38e+44
        46  1.12e+44
        45  8.99e+43
      44.1  7.19e+43
      43.1  5.72e+43
      42.2  4.53e+43
      41.2  3.56e+43
      40.2  2.78e+43
      39.3  2.16e+43
      38.3  1.66e+43
      37.4  1.27e+43
      36.4  9.65e+42
      35.5  7.27e+42
      34.5  5.44e+42
      33.6  4.03e+42
      32.6  2.96e+42
      31.7  2.16e+42
      30.7  1.56e+42
      29.8  1.11e+42
      28.8  7.85e+41
      27.8  5.49e+41
      26.9  3.79e+41
      25.9  2.59e+41
        25  1.75e+41
        24  1.16e+41
      23.1  7.62e+40
      22.1  4.92e+40
      21.2  3.13e+40
      20.2  1.96e+40
      19.3   1.2e+40
      18.3  7.25e+39
      17.4  4.28e+39
      16.4  2.47e+39
      15.4   1.4e+39
      14.5  7.69e+38
      13.5  4.13e+38
      12.6  2.16e+38
      11.6  1.09e+38
      10.7  5.42e+37
      9.72  2.63e+37
      8.77  1.25e+37
      7.82  5.97e+36
      6.86  2.97e+36
      5.91   1.5e+36
      4.95  8.16e+35
         4  5.35e+35
      3.05  3.78e+35
      2.09  1.68e+35
      1.14  1.27e+35
     0.185  1.09e+34
    -0.768  2.37e+34
     -1.72   2.2e+34
     -2.68  2.05e+34
     -3.63  1.22e+34
     -4.58  -4.2e+32
     -5.54  2.41e+33
     -6.49  3.49e+33
     -7.45 -2.23e+33
      -8.4  4.43e+32
     -9.35  4.01e+32
     -10.3 -2.21e+33
     -11.3 -3.97e+32
     -12.2 -2.48e+33
     -13.2 -2.19e+33
     -14.1  3.55e+32
     -15.1  1.62e+33
       -16 -1.13e+33
       -17 -1.27e+33
     -17.9  1.56e+33
     -18.9 -7.97e+32
     -19.8  6.75e+32
     -20.8 -2.21e+32
     -21.8 -3.82e+32
     -22.7  2.62e+32
     -23.7 -3.85e+31
     -24.6  2.16e+31
     -25.6  2.76e+31
     -26.5  1.64e+30
     -27.5     1e+30
     -28.4  1.03e+31
     -29.4 -1.08e+31
     -30.3  1.41e+30
     -31.3 -5.69e+29
     -32.2 -2.35e+29
     -33.2 -4.92e+28
     -34.2  9.84e+27
     -35.1 -8.76e+26
     -36.1 -4.49e+27

pressure[atm]        = 0.01
temperature[K]           = 2500
energy step[1/cm]        = 348
maximum energy[kcal/mol] = 297

bimolecular PEDs:
   E, kcal    P1->P2
       297  2.05e+44
       296  2.24e+44
       295  2.45e+44
       294  2.67e+44
       293  2.92e+44
       292  3.19e+44
       291  3.47e+44
       290  3.79e+44
       289  4.13e+44
       288   4.5e+44
       287  4.91e+44
       286  5.34e+44
       285  5.82e+44
       284  6.33e+44
       283  6.89e+44
       282   7.5e+44
       281  8.15e+44
       280  8.86e+44
       279  9.63e+44
       278  1.05e+45
       277  1.14e+45
       276  1.23e+45
       275  1.34e+45
       274  1.45e+45
       273  1.57e+45
       272  1.71e+45
       271  1.85e+45
       270     2e+45
       269  2.17e+45
       268  2.35e+45
       267  2.54e+45
       266  2.74e+45
       265  2.97e+45
       264  3.21e+45
       263  3.46e+45
       262  3.74e+45
       261  4.04e+45
       260  4.36e+45
       259   4.7e+45
       258  5.07e+45
       257  5.46e+45
       256  5.88e+45
       255  6.34e+45
       254  6.82e+45
       253  7.34e+45
       252  7.89e+45
       251  8.49e+45
       250  9.12e+45
       249   9.8e+45
       248  1.05e+46
       247  1.13e+46
       246  1.21e+46
       245   1.3e+46
       244  1.39e+46
       243  1.49e+46
       242   1.6e+46
       241  1.71e+46
       240  1.83e+46
       239  1.96e+46
       238  2.09e+46
       237  2.24e+46
       236  2.39e+46
       235  2.55e+46
       234  2.72e+46
       233  2.91e+46
       232   3.1e+46
       231   3.3e+46
       230  3.52e+46
       229  3.75e+46
       228  3.99e+46
       227  4.24e+46
       226  4.51e+46
       225  4.79e+46
       224  5.09e+46
       223   5.4e+46
       222  5.73e+46
       221  6.07e+46
       220  6.44e+46
       219  6.82e+46
       218  7.22e+46
       217  7.64e+46
       216  8.08e+46
       215  8.55e+46
       214  9.03e+46
       213  9.54e+46
       212  1.01e+47
       211  1.06e+47
       210  1.12e+47
       209  1.18e+47
       208  1.24e+47
       207  1.31e+47
       206  1.38e+47
       205  1.45e+47
       204  1.52e+47
       203   1.6e+47
       202  1.67e+47
       201  1.76e+47
       200  1.84e+47
       199  1.93e+47
       198  2.02e+47
       197  2.11e+47
       196  2.21e+47
       195  2.31e+47
       194  2.41e+47
       193  2.52e+47
       192  2.63e+47
       191  2.74e+47
       190  2.85e+47
       189  2.97e+47
       188  3.09e+47
       187  3.21e+47
       186  3.34e+47
       185  3.46e+47
       184  3.59e+47
       183  3.73e+47
       182  3.86e+47
       181     4e+47
       180  4.14e+47
       180  4.28e+47
       179  4.42e+47
       178  4.56e+47
       177  4.71e+47
       176  4.85e+47
       175     5e+47
       174  5.15e+47
       173  5.29e+47
       172  5.44e+47
       171  5.59e+47
       170  5.74e+47
       169  5.88e+47
       168  6.03e+47
       167  6.17e+47
       166  6.31e+47
       165  6.45e+47
       164  6.59e+47
       163  6.72e+47
       162  6.85e+47
       161  6.98e+47
       160  7.11e+47
       159  7.23e+47
       158  7.34e+47
       157  7.46e+47
       156  7.56e+47
       155  7.66e+47
       154  7.76e+47
       153  7.85e+47
       152  7.93e+47
       151  8.01e+47
       150  8.08e+47
       149  8.14e+47
       148  8.19e+47
       147  8.24e+47
       146  8.28e+47
       145  8.31e+47
       144  8.33e+47
       143  8.35e+47
       142  8.35e+47
       141  8.35e+47
       140  8.34e+47
       139  8.32e+47
       138  8.29e+47
       137  8.25e+47
       136   8.2e+47
       135  8.14e+47
       134  8.08e+47
       133     8e+47
       132  7.92e+47
       131  7.83e+47
       130  7.73e+47
       129  7.62e+47
       128  7.51e+47
       127  7.39e+47
       126  7.26e+47
       125  7.12e+47
       124  6.98e+47
       123  6.83e+47
       122  6.68e+47
       121  6.52e+47
       120  6.36e+47
       119  6.19e+47
       118  6.01e+47
       117  5.84e+47
       116  5.66e+47
       115  5.48e+47
       114   5.3e+47
       113  5.11e+47
       112  4.93e+47
       111  4.74e+47
       110  4.56e+47
       109  4.37e+47
       108  4.19e+47
       107  4.01e+47
       106  3.82e+47
       105  3.65e+47
       104  3.47e+47
       103   3.3e+47
       102  3.13e+47
       101  2.96e+47
       100   2.8e+47
        99  2.64e+47
        98  2.48e+47
        97  2.33e+47
        96  2.19e+47
        95  2.05e+47
      94.1  1.92e+47
      93.1  1.79e+47
      92.1  1.66e+47
      91.1  1.54e+47
      90.1  1.43e+47
      89.1  1.32e+47
      88.1  1.22e+47
      87.1  1.12e+47
      86.1  1.03e+47
      85.1  9.48e+46
      84.1  8.67e+46
      83.1  7.91e+46
      82.1   7.2e+46
      81.1  6.54e+46
      80.1  5.92e+46
      79.1  5.35e+46
      78.2  4.82e+46
      77.2  4.33e+46
      76.2  3.88e+46
      75.2  3.47e+46
      74.2   3.1e+46
      73.2  2.75e+46
      72.2  2.44e+46
      71.2  2.15e+46
      70.2   1.9e+46
      69.2  1.67e+46
      68.2  1.46e+46
      67.2  1.27e+46
      66.2  1.11e+46
      65.2   9.6e+45
      64.2   8.3e+45
      63.3  7.14e+45
      62.3  6.12e+45
      61.3  5.23e+45
      60.3  4.45e+45
      59.3  3.78e+45
      58.3  3.19e+45
      57.3  2.68e+45
      56.3  2.25e+45
      55.3  1.87e+45
      54.3  1.56e+45
      53.3  1.29e+45
      52.3  1.06e+45
      51.3  8.65e+44
      50.3  7.05e+44
      49.3  5.71e+44
      48.3   4.6e+44
      47.4  3.69e+44
      46.4  2.94e+44
      45.4  2.33e+44
      44.4  1.84e+44
      43.4  1.44e+44
      42.4  1.12e+44
      41.4  8.63e+43
      40.4  6.63e+43
      39.4  5.05e+43
      38.4  3.82e+43
      37.4  2.87e+43
      36.4  2.13e+43
      35.4  1.57e+43
      34.4  1.15e+43
      33.4  8.36e+42
      32.4  6.01e+42
      31.5  4.27e+42
      30.5  3.01e+42
      29.5  2.09e+42
      28.5  1.44e+42
      27.5  9.78e+41
      26.5  6.56e+41
      25.5  4.34e+41
      24.5  2.83e+41
      23.5  1.82e+41
      22.5  1.15e+41
      21.5  7.17e+40
      20.5  4.38e+40
      19.5  2.62e+40
      18.5  1.54e+40
      17.5  8.81e+39
      16.6  4.93e+39
      15.6  2.68e+39
      14.6  1.42e+39
      13.6  7.23e+38
      12.6  3.56e+38
      11.6  1.68e+38
      10.6  7.58e+37
       9.6  3.25e+37
       8.6  1.27e+37
      7.61  4.43e+36
      6.62  1.41e+36
      5.62  4.22e+35
      4.63  1.16e+35
      3.64 -5.46e+34
      2.64 -8.23e+34
      1.65 -6.73e+34
     0.655 -1.45e+35
    -0.339  3.94e+34
     -1.33  6.54e+34
     -2.33 -8.86e+33
     -3.32 -3.32e+34
     -4.31  5.68e+34
     -5.31  1.85e+34
      -6.3 -3.44e+33
     -7.29  2.16e+34
     -8.29  2.62e+32
     -9.28 -8.45e+33
     -10.3 -8.55e+31
     -11.3 -8.23e+33
     -12.3 -4.48e+33
     -13.3  5.26e+33
     -14.2 -7.58e+33
     -15.2  1.78e+33
     -16.2 -4.03e+33
     -17.2  1.21e+33
     -18.2 -7.68e+32
     -19.2  2.54e+32
     -20.2  1.03e+32
     -21.2  1.57e+32
     -22.2  8.27e+31
     -23.2 -4.69e+31
     -24.2  1.62e+31
     -25.2 -2.18e+31
     -26.2  3.06e+30
     -27.2  4.49e+29
     -28.2 -1.51e+30
     -29.2  8.83e+28
     -30.1  4.24e+30
     -31.1  4.55e+28
     -32.1 -6.74e+27
     -33.1 -1.29e+30
     -34.1  4.14e+28
     -35.1 -2.56e+27
     -36.1  1.36e+28

pressure[atm]        = 0.1
temperature[K]           = 2500
energy step[1/cm]        = 348
maximum energy[kcal/mol] = 297

bimolecular PEDs:
   E, kcal    P1->P2
       297  2.05e+44
       296  2.24e+44
       295  2.45e+44
       294  2.67e+44
       293  2.92e+44
       292  3.19e+44
       291  3.47e+44
       290  3.79e+44
       289  4.13e+44
       288   4.5e+44
       287  4.91e+44
       286  5.34e+44
       285  5.82e+44
       284  6.33e+44
       283  6.89e+44
       282   7.5e+44
       281  8.15e+44
       280  8.86e+44
       279  9.63e+44
       278  1.05e+45
       277  1.14e+45
       276  1.23e+45
       275  1.34e+45
       274  1.45e+45
       273  1.57e+45
       272  1.71e+45
       271  1.85e+45
       270     2e+45
       269  2.17e+45
       268  2.35e+45
       267  2.54e+45
       266  2.74e+45
       265  2.97e+45
       264  3.21e+45
       263  3.46e+45
       262  3.74e+45
       261  4.04e+45
       260  4.36e+45
       259   4.7e+45
       258  5.07e+45
       257  5.46e+45
       256  5.88e+45
       255  6.34e+45
       254  6.82e+45
       253  7.34e+45
       252  7.89e+45
       251  8.49e+45
       250  9.12e+45
       249   9.8e+45
       248  1.05e+46
       247  1.13e+46
       246  1.21e+46
       245   1.3e+46
       244  1.39e+46
       243  1.49e+46
       242   1.6e+46
       241  1.71e+46
       240  1.83e+46
       239  1.96e+46
       238  2.09e+46
       237  2.24e+46
       236  2.39e+46
       235  2.55e+46
       234  2.72e+46
       233  2.91e+46
       232   3.1e+46
       231   3.3e+46
       230  3.52e+46
       229  3.75e+46
       228  3.99e+46
       227  4.24e+46
       226  4.51e+46
       225  4.79e+46
       224  5.09e+46
       223   5.4e+46
       222  5.73e+46
       221  6.07e+46
       220  6.44e+46
       219  6.82e+46
       218  7.22e+46
       217  7.64e+46
       216  8.08e+46
       215  8.55e+46
       214  9.03e+46
       213  9.54e+46
       212  1.01e+47
       211  1.06e+47
       210  1.12e+47
       209  1.18e+47
       208  1.24e+47
       207  1.31e+47
       206  1.38e+47
       205  1.45e+47
       204  1.52e+47
       203   1.6e+47
       202  1.67e+47
       201  1.76e+47
       200  1.84e+47
       199  1.93e+47
       198  2.02e+47
       197  2.11e+47
       196  2.21e+47
       195  2.31e+47
       194  2.41e+47
       193  2.52e+47
       192  2.63e+47
       191  2.74e+47
       190  2.85e+47
       189  2.97e+47
       188  3.09e+47
       187  3.21e+47
       186  3.34e+47
       185  3.46e+47
       184  3.59e+47
       183  3.73e+47
       182  3.86e+47
       181     4e+47
       180  4.14e+47
       180  4.28e+47
       179  4.42e+47
       178  4.56e+47
       177  4.71e+47
       176  4.85e+47
       175     5e+47
       174  5.15e+47
       173  5.29e+47
       172  5.44e+47
       171  5.59e+47
       170  5.74e+47
       169  5.88e+47
       168  6.03e+47
       167  6.17e+47
       166  6.31e+47
       165  6.45e+47
       164  6.59e+47
       163  6.72e+47
       162  6.85e+47
       161  6.98e+47
       160  7.11e+47
       159  7.23e+47
       158  7.34e+47
       157  7.46e+47
       156  7.56e+47
       155  7.66e+47
       154  7.76e+47
       153  7.85e+47
       152  7.93e+47
       151  8.01e+47
       150  8.08e+47
       149  8.14e+47
       148  8.19e+47
       147  8.24e+47
       146  8.28e+47
       145  8.31e+47
       144  8.33e+47
       143  8.35e+47
       142  8.35e+47
       141  8.35e+47
       140  8.34e+47
       139  8.32e+47
       138  8.29e+47
       137  8.25e+47
       136   8.2e+47
       135  8.14e+47
       134  8.08e+47
       133     8e+47
       132  7.92e+47
       131  7.83e+47
       130  7.73e+47
       129  7.62e+47
       128  7.51e+47
       127  7.39e+47
       126  7.26e+47
       125  7.12e+47
       124  6.98e+47
       123  6.83e+47
       122  6.68e+47
       121  6.52e+47
       120  6.36e+47
       119  6.19e+47
       118  6.01e+47
       117  5.84e+47
       116  5.66e+47
       115  5.48e+47
       114   5.3e+47
       113  5.11e+47
       112  4.93e+47
       111  4.74e+47
       110  4.56e+47
       109  4.37e+47
       108  4.19e+47
       107  4.01e+47
       106  3.82e+47
       105  3.65e+47
       104  3.47e+47
       103   3.3e+47
       102  3.13e+47
       101  2.96e+47
       100   2.8e+47
        99  2.64e+47
        98  2.48e+47
        97  2.33e+47
        96  2.19e+47
        95  2.05e+47
      94.1  1.92e+47
      93.1  1.79e+47
      92.1  1.66e+47
      91.1  1.54e+47
      90.1  1.43e+47
      89.1  1.32e+47
      88.1  1.22e+47
      87.1  1.12e+47
      86.1  1.03e+47
      85.1  9.48e+46
      84.1  8.67e+46
      83.1  7.91e+46
      82.1   7.2e+46
      81.1  6.54e+46
      80.1  5.92e+46
      79.1  5.35e+46
      78.2  4.82e+46
      77.2  4.33e+46
      76.2  3.88e+46
      75.2  3.47e+46
      74.2   3.1e+46
      73.2  2.75e+46
      72.2  2.44e+46
      71.2  2.15e+46
      70.2   1.9e+46
      69.2  1.67e+46
      68.2  1.46e+46
      67.2  1.27e+46
      66.2  1.11e+46
      65.2   9.6e+45
      64.2   8.3e+45
      63.3  7.14e+45
      62.3  6.12e+45
      61.3  5.23e+45
      60.3  4.45e+45
      59.3  3.78e+45
      58.3  3.19e+45
      57.3  2.68e+45
      56.3  2.25e+45
      55.3  1.87e+45
      54.3  1.56e+45
      53.3  1.29e+45
      52.3  1.06e+45
      51.3  8.65e+44
      50.3  7.05e+44
      49.3  5.71e+44
      48.3   4.6e+44
      47.4  3.69e+44
      46.4  2.94e+44
      45.4  2.33e+44
      44.4  1.84e+44
      43.4  1.44e+44
      42.4  1.12e+44
      41.4  8.63e+43
      40.4  6.63e+43
      39.4  5.05e+43
      38.4  3.82e+43
      37.4  2.87e+43
      36.4  2.13e+43
      35.4  1.57e+43
      34.4  1.15e+43
      33.4  8.36e+42
      32.4  6.01e+42
      31.5  4.27e+42
      30.5  3.01e+42
      29.5  2.09e+42
      28.5  1.44e+42
      27.5  9.78e+41
      26.5  6.56e+41
      25.5  4.34e+41
      24.5  2.84e+41
      23.5  1.82e+41
      22.5  1.15e+41
      21.5  7.17e+40
      20.5  4.38e+40
      19.5  2.62e+40
      18.5  1.54e+40
      17.5  8.81e+39
      16.6  4.93e+39
      15.6  2.68e+39
      14.6  1.42e+39
      13.6  7.24e+38
      12.6  3.57e+38
      11.6  1.68e+38
      10.6  7.59e+37
       9.6  3.26e+37
       8.6  1.32e+37
      7.61  4.82e+36
      6.62  1.52e+36
      5.62  4.65e+35
      4.63   1.3e+35
      3.64  8.92e+33
      2.64  1.61e+34
      1.65  6.17e+34
     0.655  7.39e+34
    -0.339 -7.11e+34
     -1.33 -5.76e+34
     -2.33     4e+34
     -3.32  1.44e+34
     -4.31 -2.66e+34
     -5.31   9.1e+33
      -6.3     5e+32
     -7.29 -1.69e+34
     -8.29  6.08e+32
     -9.28 -3.63e+33
     -10.3  1.69e+33
     -11.3  2.15e+33
     -12.3 -1.05e+33
     -13.3  3.19e+33
     -14.2 -1.05e+33
     -15.2  1.07e+33
     -16.2  3.11e+33
     -17.2  1.03e+33
     -18.2   7.1e+32
     -19.2 -7.54e+32
     -20.2 -8.16e+31
     -21.2 -1.99e+32
     -22.2 -1.71e+30
     -23.2  2.53e+31
     -24.2   6.1e+31
     -25.2 -4.23e+31
     -26.2 -1.52e+31
     -27.2  2.32e+31
     -28.2 -1.18e+31
     -29.2  2.02e+30
     -30.1  -4.5e+29
     -31.1  1.46e+29
     -32.1 -1.24e+27
     -33.1 -2.15e+27
     -34.1 -1.65e+30
     -35.1  9.68e+28
     -36.1 -5.26e+29

pressure[atm]        = 1
temperature[K]           = 2500
energy step[1/cm]        = 348
maximum energy[kcal/mol] = 297

bimolecular PEDs:
   E, kcal    P1->P2
       297  2.05e+44
       296  2.24e+44
       295  2.45e+44
       294  2.67e+44
       293  2.92e+44
       292  3.19e+44
       291  3.47e+44
       290  3.79e+44
       289  4.13e+44
       288   4.5e+44
       287  4.91e+44
       286  5.34e+44
       285  5.82e+44
       284  6.33e+44
       283  6.89e+44
       282   7.5e+44
       281  8.15e+44
       280  8.86e+44
       279  9.63e+44
       278  1.05e+45
       277  1.14e+45
       276  1.23e+45
       275  1.34e+45
       274  1.45e+45
       273  1.57e+45
       272  1.71e+45
       271  1.85e+45
       270     2e+45
       269  2.17e+45
       268  2.35e+45
       267  2.54e+45
       266  2.74e+45
       265  2.97e+45
       264  3.21e+45
       263  3.46e+45
       262  3.74e+45
       261  4.04e+45
       260  4.36e+45
       259   4.7e+45
       258  5.07e+45
       257  5.46e+45
       256  5.88e+45
       255  6.34e+45
       254  6.82e+45
       253  7.34e+45
       252  7.89e+45
       251  8.49e+45
       250  9.12e+45
       249   9.8e+45
       248  1.05e+46
       247  1.13e+46
       246  1.21e+46
       245   1.3e+46
       244  1.39e+46
       243  1.49e+46
       242   1.6e+46
       241  1.71e+46
       240  1.83e+46
       239  1.96e+46
       238  2.09e+46
       237  2.24e+46
       236  2.39e+46
       235  2.55e+46
       234  2.72e+46
       233  2.91e+46
       232   3.1e+46
       231   3.3e+46
       230  3.52e+46
       229  3.75e+46
       228  3.99e+46
       227  4.24e+46
       226  4.51e+46
       225  4.79e+46
       224  5.09e+46
       223   5.4e+46
       222  5.73e+46
       221  6.07e+46
       220  6.44e+46
       219  6.82e+46
       218  7.22e+46
       217  7.64e+46
       216  8.08e+46
       215  8.55e+46
       214  9.03e+46
       213  9.54e+46
       212  1.01e+47
       211  1.06e+47
       210  1.12e+47
       209  1.18e+47
       208  1.24e+47
       207  1.31e+47
       206  1.38e+47
       205  1.45e+47
       204  1.52e+47
       203   1.6e+47
       202  1.67e+47
       201  1.76e+47
       200  1.84e+47
       199  1.93e+47
       198  2.02e+47
       197  2.11e+47
       196  2.21e+47
       195  2.31e+47
       194  2.41e+47
       193  2.52e+47
       192  2.63e+47
       191  2.74e+47
       190  2.85e+47
       189  2.97e+47
       188  3.09e+47
       187  3.21e+47
       186  3.34e+47
       185  3.46e+47
       184  3.59e+47
       183  3.73e+47
       182  3.86e+47
       181     4e+47
       180  4.14e+47
       180  4.28e+47
       179  4.42e+47
       178  4.56e+47
       177  4.71e+47
       176  4.85e+47
       175     5e+47
       174  5.15e+47
       173  5.29e+47
       172  5.44e+47
       171  5.59e+47
       170  5.74e+47
       169  5.88e+47
       168  6.03e+47
       167  6.17e+47
       166  6.31e+47
       165  6.45e+47
       164  6.59e+47
       163  6.72e+47
       162  6.85e+47
       161  6.98e+47
       160  7.11e+47
       159  7.23e+47
       158  7.34e+47
       157  7.46e+47
       156  7.56e+47
       155  7.66e+47
       154  7.76e+47
       153  7.85e+47
       152  7.93e+47
       151  8.01e+47
       150  8.08e+47
       149  8.14e+47
       148  8.19e+47
       147  8.24e+47
       146  8.28e+47
       145  8.31e+47
       144  8.33e+47
       143  8.35e+47
       142  8.35e+47
       141  8.35e+47
       140  8.34e+47
       139  8.32e+47
       138  8.29e+47
       137  8.25e+47
       136   8.2e+47
       135  8.14e+47
       134  8.08e+47
       133     8e+47
       132  7.92e+47
       131  7.83e+47
       130  7.73e+47
       129  7.62e+47
       128  7.51e+47
       127  7.39e+47
       126  7.26e+47
       125  7.12e+47
       124  6.98e+47
       123  6.83e+47
       122  6.68e+47
       121  6.52e+47
       120  6.36e+47
       119  6.19e+47
       118  6.01e+47
       117  5.84e+47
       116  5.66e+47
       115  5.48e+47
       114   5.3e+47
       113  5.11e+47
       112  4.93e+47
       111  4.74e+47
       110  4.56e+47
       109  4.37e+47
       108  4.19e+47
       107  4.01e+47
       106  3.82e+47
       105  3.65e+47
       104  3.47e+47
       103   3.3e+47
       102  3.13e+47
       101  2.96e+47
       100   2.8e+47
        99  2.64e+47
        98  2.48e+47
        97  2.33e+47
        96  2.19e+47
        95  2.05e+47
      94.1  1.92e+47
      93.1  1.79e+47
      92.1  1.66e+47
      91.1  1.54e+47
      90.1  1.43e+47
      89.1  1.32e+47
      88.1  1.22e+47
      87.1  1.12e+47
      86.1  1.03e+47
      85.1  9.48e+46
      84.1  8.67e+46
      83.1  7.91e+46
      82.1   7.2e+46
      81.1  6.54e+46
      80.1  5.92e+46
      79.1  5.35e+46
      78.2  4.82e+46
      77.2  4.33e+46
      76.2  3.88e+46
      75.2  3.47e+46
      74.2   3.1e+46
      73.2  2.75e+46
      72.2  2.44e+46
      71.2  2.15e+46
      70.2   1.9e+46
      69.2  1.67e+46
      68.2  1.46e+46
      67.2  1.27e+46
      66.2  1.11e+46
      65.2   9.6e+45
      64.2   8.3e+45
      63.3  7.14e+45
      62.3  6.13e+45
      61.3  5.23e+45
      60.3  4.45e+45
      59.3  3.78e+45
      58.3  3.19e+45
      57.3  2.68e+45
      56.3  2.25e+45
      55.3  1.87e+45
      54.3  1.56e+45
      53.3  1.29e+45
      52.3  1.06e+45
      51.3  8.65e+44
      50.3  7.05e+44
      49.3  5.71e+44
      48.3   4.6e+44
      47.4  3.69e+44
      46.4  2.94e+44
      45.4  2.33e+44
      44.4  1.84e+44
      43.4  1.44e+44
      42.4  1.12e+44
      41.4  8.63e+43
      40.4  6.63e+43
      39.4  5.05e+43
      38.4  3.82e+43
      37.4  2.87e+43
      36.4  2.13e+43
      35.4  1.57e+43
      34.4  1.15e+43
      33.4  8.36e+42
      32.4  6.01e+42
      31.5  4.27e+42
      30.5  3.01e+42
      29.5  2.09e+42
      28.5  1.44e+42
      27.5  9.78e+41
      26.5  6.56e+41
      25.5  4.34e+41
      24.5  2.84e+41
      23.5  1.82e+41
      22.5  1.15e+41
      21.5  7.17e+40
      20.5  4.38e+40
      19.5  2.62e+40
      18.5  1.54e+40
      17.5  8.81e+39
      16.6  4.93e+39
      15.6  2.68e+39
      14.6  1.42e+39
      13.6  7.24e+38
      12.6  3.57e+38
      11.6  1.69e+38
      10.6   7.6e+37
       9.6  3.27e+37
       8.6  1.32e+37
      7.61  4.99e+36
      6.62   1.5e+36
      5.62  5.31e+35
      4.63  1.63e+35
      3.64 -2.64e+34
      2.64  1.75e+35
      1.65  -2.6e+34
     0.655 -1.71e+35
    -0.339  2.22e+34
     -1.33  2.57e+34
     -2.33 -2.17e+34
     -3.32  3.04e+33
     -4.31  7.78e+33
     -5.31   1.8e+34
      -6.3 -6.96e+33
     -7.29 -3.96e+33
     -8.29  5.94e+31
     -9.28 -4.05e+31
     -10.3 -3.03e+33
     -11.3 -2.04e+34
     -12.3  4.37e+33
     -13.3  1.25e+33
     -14.2 -9.56e+32
     -15.2  2.69e+33
     -16.2 -1.77e+33
     -17.2 -9.39e+32
     -18.2  9.89e+32
     -19.2 -7.09e+32
     -20.2  1.69e+32
     -21.2 -1.28e+32
     -22.2 -2.87e+32
     -23.2  3.44e+32
     -24.2 -1.47e+32
     -25.2  5.67e+31
     -26.2  1.68e+31
     -27.2 -2.48e+31
     -28.2  1.19e+31
     -29.2 -4.51e+30
     -30.1  6.92e+29
     -31.1 -6.36e+29
     -32.1 -6.18e+27
     -33.1  1.95e+27
     -34.1 -8.15e+26
     -35.1  2.05e+30
     -36.1 -1.09e+26

pressure[atm]        = 10
temperature[K]           = 2500
energy step[1/cm]        = 348
maximum energy[kcal/mol] = 297

bimolecular PEDs:
   E, kcal    P1->P2
       297  2.05e+44
       296  2.24e+44
       295  2.45e+44
       294  2.67e+44
       293  2.92e+44
       292  3.19e+44
       291  3.47e+44
       290  3.79e+44
       289  4.13e+44
       288   4.5e+44
       287  4.91e+44
       286  5.34e+44
       285  5.82e+44
       284  6.33e+44
       283  6.89e+44
       282   7.5e+44
       281  8.15e+44
       280  8.86e+44
       279  9.63e+44
       278  1.05e+45
       277  1.14e+45
       276  1.23e+45
       275  1.34e+45
       274  1.45e+45
       273  1.57e+45
       272  1.71e+45
       271  1.85e+45
       270     2e+45
       269  2.17e+45
       268  2.35e+45
       267  2.54e+45
       266  2.74e+45
       265  2.97e+45
       264  3.21e+45
       263  3.46e+45
       262  3.74e+45
       261  4.04e+45
       260  4.36e+45
       259   4.7e+45
       258  5.07e+45
       257  5.46e+45
       256  5.88e+45
       255  6.34e+45
       254  6.82e+45
       253  7.34e+45
       252  7.89e+45
       251  8.49e+45
       250  9.12e+45
       249   9.8e+45
       248  1.05e+46
       247  1.13e+46
       246  1.21e+46
       245   1.3e+46
       244  1.39e+46
       243  1.49e+46
       242   1.6e+46
       241  1.71e+46
       240  1.83e+46
       239  1.96e+46
       238  2.09e+46
       237  2.24e+46
       236  2.39e+46
       235  2.55e+46
       234  2.72e+46
       233  2.91e+46
       232   3.1e+46
       231   3.3e+46
       230  3.52e+46
       229  3.74e+46
       228  3.99e+46
       227  4.24e+46
       226  4.51e+46
       225  4.79e+46
       224  5.09e+46
       223   5.4e+46
       222  5.73e+46
       221  6.07e+46
       220  6.44e+46
       219  6.82e+46
       218  7.22e+46
       217  7.64e+46
       216  8.08e+46
       215  8.55e+46
       214  9.03e+46
       213  9.54e+46
       212  1.01e+47
       211  1.06e+47
       210  1.12e+47
       209  1.18e+47
       208  1.24e+47
       207  1.31e+47
       206  1.38e+47
       205  1.45e+47
       204  1.52e+47
       203   1.6e+47
       202  1.67e+47
       201  1.76e+47
       200  1.84e+47
       199  1.93e+47
       198  2.02e+47
       197  2.11e+47
       196  2.21e+47
       195  2.31e+47
       194  2.41e+47
       193  2.52e+47
       192  2.63e+47
       191  2.74e+47
       190  2.85e+47
       189  2.97e+47
       188  3.09e+47
       187  3.21e+47
       186  3.34e+47
       185  3.46e+47
       184  3.59e+47
       183  3.73e+47
       182  3.86e+47
       181     4e+47
       180  4.14e+47
       180  4.28e+47
       179  4.42e+47
       178  4.56e+47
       177  4.71e+47
       176  4.85e+47
       175     5e+47
       174  5.15e+47
       173  5.29e+47
       172  5.44e+47
       171  5.59e+47
       170  5.74e+47
       169  5.88e+47
       168  6.03e+47
       167  6.17e+47
       166  6.31e+47
       165  6.45e+47
       164  6.59e+47
       163  6.72e+47
       162  6.85e+47
       161  6.98e+47
       160  7.11e+47
       159  7.23e+47
       158  7.34e+47
       157  7.46e+47
       156  7.56e+47
       155  7.66e+47
       154  7.76e+47
       153  7.85e+47
       152  7.93e+47
       151  8.01e+47
       150  8.08e+47
       149  8.14e+47
       148  8.19e+47
       147  8.24e+47
       146  8.28e+47
       145  8.31e+47
       144  8.33e+47
       143  8.35e+47
       142  8.35e+47
       141  8.35e+47
       140  8.34e+47
       139  8.32e+47
       138  8.29e+47
       137  8.25e+47
       136   8.2e+47
       135  8.14e+47
       134  8.08e+47
       133     8e+47
       132  7.92e+47
       131  7.83e+47
       130  7.73e+47
       129  7.62e+47
       128  7.51e+47
       127  7.39e+47
       126  7.26e+47
       125  7.12e+47
       124  6.98e+47
       123  6.83e+47
       122  6.68e+47
       121  6.52e+47
       120  6.36e+47
       119  6.19e+47
       118  6.02e+47
       117  5.84e+47
       116  5.66e+47
       115  5.48e+47
       114   5.3e+47
       113  5.11e+47
       112  4.93e+47
       111  4.74e+47
       110  4.56e+47
       109  4.37e+47
       108  4.19e+47
       107  4.01e+47
       106  3.82e+47
       105  3.65e+47
       104  3.47e+47
       103   3.3e+47
       102  3.13e+47
       101  2.96e+47
       100   2.8e+47
        99  2.64e+47
        98  2.48e+47
        97  2.33e+47
        96  2.19e+47
        95  2.05e+47
      94.1  1.92e+47
      93.1  1.79e+47
      92.1  1.66e+47
      91.1  1.54e+47
      90.1  1.43e+47
      89.1  1.32e+47
      88.1  1.22e+47
      87.1  1.12e+47
      86.1  1.03e+47
      85.1  9.48e+46
      84.1  8.67e+46
      83.1  7.91e+46
      82.1   7.2e+46
      81.1  6.54e+46
      80.1  5.92e+46
      79.1  5.35e+46
      78.2  4.82e+46
      77.2  4.33e+46
      76.2  3.88e+46
      75.2  3.47e+46
      74.2   3.1e+46
      73.2  2.75e+46
      72.2  2.44e+46
      71.2  2.16e+46
      70.2   1.9e+46
      69.2  1.67e+46
      68.2  1.46e+46
      67.2  1.27e+46
      66.2  1.11e+46
      65.2  9.61e+45
      64.2   8.3e+45
      63.3  7.14e+45
      62.3  6.13e+45
      61.3  5.23e+45
      60.3  4.46e+45
      59.3  3.78e+45
      58.3  3.19e+45
      57.3  2.68e+45
      56.3  2.25e+45
      55.3  1.87e+45
      54.3  1.56e+45
      53.3  1.29e+45
      52.3  1.06e+45
      51.3  8.65e+44
      50.3  7.05e+44
      49.3  5.71e+44
      48.3   4.6e+44
      47.4  3.69e+44
      46.4  2.94e+44
      45.4  2.33e+44
      44.4  1.84e+44
      43.4  1.44e+44
      42.4  1.12e+44
      41.4  8.64e+43
      40.4  6.63e+43
      39.4  5.05e+43
      38.4  3.82e+43
      37.4  2.87e+43
      36.4  2.13e+43
      35.4  1.58e+43
      34.4  1.15e+43
      33.4  8.36e+42
      32.4  6.01e+42
      31.5  4.27e+42
      30.5  3.01e+42
      29.5  2.09e+42
      28.5  1.44e+42
      27.5  9.79e+41
      26.5  6.57e+41
      25.5  4.35e+41
      24.5  2.84e+41
      23.5  1.82e+41
      22.5  1.15e+41
      21.5  7.18e+40
      20.5  4.39e+40
      19.5  2.63e+40
      18.5  1.54e+40
      17.5  8.84e+39
      16.6  4.94e+39
      15.6  2.69e+39
      14.6  1.42e+39
      13.6   7.3e+38
      12.6  3.61e+38
      11.6  1.71e+38
      10.6  7.78e+37
       9.6  3.39e+37
       8.6   1.4e+37
      7.61  5.42e+36
      6.62  2.04e+36
      5.62   7.8e+35
      4.63  2.77e+35
      3.64 -1.06e+35
      2.64 -2.28e+34
      1.65 -3.71e+34
     0.655  5.18e+34
    -0.339  9.38e+34
     -1.33  1.41e+34
     -2.33  -6.3e+33
     -3.32 -3.72e+34
     -4.31 -3.17e+34
     -5.31 -4.28e+33
      -6.3 -1.55e+34
     -7.29 -1.05e+34
     -8.29  1.02e+33
     -9.28 -3.28e+32
     -10.3   9.1e+32
     -11.3  8.78e+33
     -12.3  1.16e+34
     -13.3  2.52e+33
     -14.2 -5.42e+33
     -15.2  6.52e+33
     -16.2  2.59e+33
     -17.2 -2.61e+33
     -18.2  1.12e+33
     -19.2 -8.61e+32
     -20.2 -7.51e+32
     -21.2  3.59e+32
     -22.2  2.56e+32
     -23.2 -3.72e+32
     -24.2  1.73e+32
     -25.2 -2.34e+31
     -26.2 -4.26e+31
     -27.2  2.12e+31
     -28.2 -1.24e+31
     -29.2  8.77e+29
     -30.1 -3.67e+29
     -31.1  2.26e+31
     -32.1 -1.68e+29
     -33.1  2.34e+27
     -34.1 -1.38e+27
     -35.1  8.16e+25
     -36.1 -8.76e+26

pressure[atm]        = 100
temperature[K]           = 2500
energy step[1/cm]        = 348
maximum energy[kcal/mol] = 297

bimolecular PEDs:
   E, kcal    P1->P2
       297  2.05e+44
       296  2.24e+44
       295  2.45e+44
       294  2.67e+44
       293  2.92e+44
       292  3.18e+44
       291  3.47e+44
       290  3.79e+44
       289  4.13e+44
       288   4.5e+44
       287  4.91e+44
       286  5.34e+44
       285  5.82e+44
       284  6.33e+44
       283  6.89e+44
       282  7.49e+44
       281  8.15e+44
       280  8.86e+44
       279  9.63e+44
       278  1.05e+45
       277  1.14e+45
       276  1.23e+45
       275  1.34e+45
       274  1.45e+45
       273  1.57e+45
       272   1.7e+45
       271  1.85e+45
       270     2e+45
       269  2.17e+45
       268  2.34e+45
       267  2.54e+45
       266  2.74e+45
       265  2.97e+45
       264  3.21e+45
       263  3.46e+45
       262  3.74e+45
       261  4.04e+45
       260  4.36e+45
       259   4.7e+45
       258  5.07e+45
       257  5.46e+45
       256  5.88e+45
       255  6.33e+45
       254  6.82e+45
       253  7.34e+45
       252  7.89e+45
       251  8.49e+45
       250  9.12e+45
       249   9.8e+45
       248  1.05e+46
       247  1.13e+46
       246  1.21e+46
       245   1.3e+46
       244  1.39e+46
       243  1.49e+46
       242   1.6e+46
       241  1.71e+46
       240  1.83e+46
       239  1.96e+46
       238  2.09e+46
       237  2.24e+46
       236  2.39e+46
       235  2.55e+46
       234  2.72e+46
       233  2.91e+46
       232   3.1e+46
       231   3.3e+46
       230  3.52e+46
       229  3.74e+46
       228  3.98e+46
       227  4.24e+46
       226  4.51e+46
       225  4.79e+46
       224  5.08e+46
       223   5.4e+46
       222  5.73e+46
       221  6.07e+46
       220  6.44e+46
       219  6.82e+46
       218  7.22e+46
       217  7.64e+46
       216  8.08e+46
       215  8.55e+46
       214  9.03e+46
       213  9.53e+46
       212  1.01e+47
       211  1.06e+47
       210  1.12e+47
       209  1.18e+47
       208  1.24e+47
       207  1.31e+47
       206  1.38e+47
       205  1.45e+47
       204  1.52e+47
       203   1.6e+47
       202  1.67e+47
       201  1.76e+47
       200  1.84e+47
       199  1.93e+47
       198  2.02e+47
       197  2.11e+47
       196  2.21e+47
       195  2.31e+47
       194  2.41e+47
       193  2.52e+47
       192  2.63e+47
       191  2.74e+47
       190  2.85e+47
       189  2.97e+47
       188  3.09e+47
       187  3.21e+47
       186  3.34e+47
       185  3.46e+47
       184  3.59e+47
       183  3.73e+47
       182  3.86e+47
       181     4e+47
       180  4.14e+47
       180  4.28e+47
       179  4.42e+47
       178  4.56e+47
       177  4.71e+47
       176  4.85e+47
       175     5e+47
       174  5.15e+47
       173  5.29e+47
       172  5.44e+47
       171  5.59e+47
       170  5.73e+47
       169  5.88e+47
       168  6.03e+47
       167  6.17e+47
       166  6.31e+47
       165  6.45e+47
       164  6.59e+47
       163  6.72e+47
       162  6.85e+47
       161  6.98e+47
       160  7.11e+47
       159  7.23e+47
       158  7.34e+47
       157  7.46e+47
       156  7.56e+47
       155  7.66e+47
       154  7.76e+47
       153  7.85e+47
       152  7.93e+47
       151  8.01e+47
       150  8.08e+47
       149  8.14e+47
       148  8.19e+47
       147  8.24e+47
       146  8.28e+47
       145  8.31e+47
       144  8.33e+47
       143  8.35e+47
       142  8.35e+47
       141  8.35e+47
       140  8.34e+47
       139  8.32e+47
       138  8.29e+47
       137  8.25e+47
       136   8.2e+47
       135  8.14e+47
       134  8.08e+47
       133     8e+47
       132  7.92e+47
       131  7.83e+47
       130  7.73e+47
       129  7.62e+47
       128  7.51e+47
       127  7.39e+47
       126  7.26e+47
       125  7.12e+47
       124  6.98e+47
       123  6.83e+47
       122  6.68e+47
       121  6.52e+47
       120  6.36e+47
       119  6.19e+47
       118  6.02e+47
       117  5.84e+47
       116  5.66e+47
       115  5.48e+47
       114   5.3e+47
       113  5.11e+47
       112  4.93e+47
       111  4.74e+47
       110  4.56e+47
       109  4.37e+47
       108  4.19e+47
       107  4.01e+47
       106  3.82e+47
       105  3.65e+47
       104  3.47e+47
       103   3.3e+47
       102  3.13e+47
       101  2.96e+47
       100   2.8e+47
        99  2.64e+47
        98  2.48e+47
        97  2.33e+47
        96  2.19e+47
        95  2.05e+47
      94.1  1.92e+47
      93.1  1.79e+47
      92.1  1.66e+47
      91.1  1.54e+47
      90.1  1.43e+47
      89.1  1.32e+47
      88.1  1.22e+47
      87.1  1.13e+47
      86.1  1.03e+47
      85.1  9.48e+46
      84.1  8.67e+46
      83.1  7.91e+46
      82.1   7.2e+46
      81.1  6.54e+46
      80.1  5.92e+46
      79.1  5.35e+46
      78.2  4.82e+46
      77.2  4.34e+46
      76.2  3.89e+46
      75.2  3.47e+46
      74.2   3.1e+46
      73.2  2.75e+46
      72.2  2.44e+46
      71.2  2.16e+46
      70.2   1.9e+46
      69.2  1.67e+46
      68.2  1.46e+46
      67.2  1.27e+46
      66.2  1.11e+46
      65.2  9.61e+45
      64.2   8.3e+45
      63.3  7.15e+45
      62.3  6.13e+45
      61.3  5.24e+45
      60.3  4.46e+45
      59.3  3.78e+45
      58.3  3.19e+45
      57.3  2.69e+45
      56.3  2.25e+45
      55.3  1.88e+45
      54.3  1.56e+45
      53.3  1.29e+45
      52.3  1.06e+45
      51.3  8.66e+44
      50.3  7.05e+44
      49.3  5.72e+44
      48.3  4.61e+44
      47.4  3.69e+44
      46.4  2.94e+44
      45.4  2.33e+44
      44.4  1.84e+44
      43.4  1.44e+44
      42.4  1.12e+44
      41.4  8.65e+43
      40.4  6.64e+43
      39.4  5.06e+43
      38.4  3.83e+43
      37.4  2.87e+43
      36.4  2.14e+43
      35.4  1.58e+43
      34.4  1.16e+43
      33.4  8.39e+42
      32.4  6.03e+42
      31.5  4.29e+42
      30.5  3.02e+42
      29.5   2.1e+42
      28.5  1.45e+42
      27.5  9.84e+41
      26.5  6.61e+41
      25.5  4.38e+41
      24.5  2.86e+41
      23.5  1.84e+41
      22.5  1.17e+41
      21.5  7.28e+40
      20.5  4.46e+40
      19.5  2.68e+40
      18.5  1.58e+40
      17.5  9.08e+39
      16.6  5.12e+39
      15.6  2.81e+39
      14.6  1.51e+39
      13.6  7.86e+38
      12.6  3.99e+38
      11.6  1.97e+38
      10.6  9.54e+37
       9.6  4.55e+37
       8.6  2.17e+37
      7.61  1.09e+37
      6.62  5.45e+36
      5.62   2.8e+36
      4.63  1.64e+36
      3.64   1.2e+36
      2.64   7.8e+35
      1.65  3.62e+35
     0.655  2.25e+35
    -0.339   1.8e+35
     -1.33  5.55e+34
     -2.33  7.06e+34
     -3.32   5.3e+34
     -4.31  1.29e+34
     -5.31  1.11e+34
      -6.3  1.38e+34
     -7.29  2.28e+33
     -8.29  7.78e+33
     -9.28 -3.37e+32
     -10.3  1.07e+33
     -11.3  2.86e+33
     -12.3  3.96e+33
     -13.3 -5.22e+33
     -14.2 -5.15e+33
     -15.2  3.21e+33
     -16.2  1.09e+33
     -17.2 -4.11e+33
     -18.2  4.15e+32
     -19.2 -6.85e+32
     -20.2  2.76e+33
     -21.2 -7.74e+32
     -22.2  6.09e+32
     -23.2 -5.76e+32
     -24.2  6.02e+32
     -25.2 -2.18e+32
     -26.2  5.79e+31
     -27.2 -3.54e+30
     -28.2  2.49e+31
     -29.2 -2.05e+31
     -30.1  2.63e+30
     -31.1 -2.02e+30
     -32.1 -9.92e+30
     -33.1  4.42e+27
     -34.1  1.01e+28
     -35.1 -3.06e+27
     -36.1  1.69e+28

