Names Translation Tables (<short name> - <original name>):
Wells:
   W1 - WR
   W2 - WP
Bimolecular products:
   P1 - C5H5CH3-1+H
   P2 - C5H4CH3+H2
Inner Barriers:
   B1 - B2
Outer Barriers:
   C1 - B1
   C2 - B3
    E, kcal/mol    D, mol/kcal         W1->W2         W1->P1
            0.5    2.75523e+08        1665.13    5.85759e+11
              1     3.4467e+09        4671.78    3.27803e+11
            1.5    1.86215e+10        9911.44    2.42513e+11
              2    7.03295e+10        19201.6    1.96145e+11
            2.5    2.15125e+11        35340.9    1.67162e+11
              3    5.73127e+11        62595.4    1.46387e+11
            3.5    1.38741e+12         107202    1.31801e+11
              4    3.13255e+12         177957    1.20583e+11
            4.5    6.70264e+12         286800    1.11771e+11
              5    1.37317e+13         448414    1.04482e+11
            5.5    2.71249e+13         677762    9.82934e+10
              6    5.19275e+13         985659    9.29151e+10
            6.5     9.6726e+13    1.37558e+06    8.82017e+10
              7    1.75872e+14    1.84413e+06    8.40144e+10
            7.5    3.12964e+14    2.38398e+06    8.02714e+10
              8    5.46224e+14    2.98679e+06    7.68941e+10
            8.5    9.36718e+14    3.64485e+06    7.38256e+10
              9    1.58077e+15    4.35095e+06    7.10197e+10
            9.5    2.62853e+15    5.09718e+06    6.84413e+10
             10    4.31159e+15     5.8749e+06    6.60606e+10
           10.5    6.98342e+15     6.6773e+06     6.3854e+10
             11    1.11785e+16    7.50241e+06    6.18011e+10
           11.5    1.76978e+16    8.35183e+06    5.98848e+10
             12    2.77313e+16    9.22691e+06    5.80908e+10
           12.5    4.30334e+16    1.01274e+07    5.64066e+10
             13    6.61708e+16    1.10522e+07    5.48218e+10
           13.5    1.00872e+17    1.19997e+07    5.33271e+10
             14    1.52516e+17    1.29684e+07    5.19146e+10
           14.5    2.28814e+17    1.39569e+07     5.0577e+10
             15    3.40753e+17    1.49638e+07    4.93083e+10
           15.5    5.03891e+17    1.59879e+07    4.81028e+10
             16     7.4014e+17     1.7028e+07    4.69556e+10
           16.5    1.08019e+18    1.80829e+07    4.58624e+10
             17    1.56683e+18    1.91515e+07    4.48193e+10
           17.5    2.25934e+18     2.0233e+07    4.38226e+10
             18    3.23959e+18    2.13263e+07    4.28692e+10
           18.5    4.61998e+18    2.24306e+07    4.19562e+10
             19    6.55428e+18    2.35451e+07    4.10809e+10
           19.5    9.25185e+18     2.4669e+07     4.0241e+10
             20    1.29966e+19    2.58016e+07    3.94342e+10
           20.5    1.81722e+19    2.69422e+07    3.86585e+10
             21    2.52945e+19    2.80901e+07    3.79122e+10
           21.5    3.50554e+19    2.92447e+07    3.71934e+10
             22    4.83792e+19    3.04055e+07    3.65007e+10
           22.5    6.64957e+19    3.15718e+07    3.58325e+10
             23    9.10369e+19    3.27433e+07    3.51877e+10
           23.5     1.2416e+20    3.39193e+07    3.45648e+10
             24     1.6871e+20    3.50995e+07    3.39629e+10
           24.5    2.28422e+20    3.62833e+07    3.33807e+10
             25    3.08193e+20    3.74704e+07    3.28174e+10
           25.5    4.14416e+20    3.86603e+07    3.22719e+10
             26    5.55418e+20    3.98528e+07    3.17435e+10
           26.5    7.42017e+20    4.10474e+07    3.12313e+10
             27    9.88225e+20    4.22438e+07    3.07346e+10
           27.5    1.31214e+21    4.34417e+07    3.02526e+10
             28     1.7371e+21    4.46407e+07    2.97848e+10
           28.5    2.29309e+21    4.58407e+07    2.93304e+10
             29    3.01855e+21    4.70412e+07    2.88888e+10
           29.5    3.96269e+21    4.82421e+07    2.84597e+10
             30    5.18828e+21    4.94432e+07    2.80423e+10
           30.5    6.77526e+21    5.06441e+07    2.76362e+10
             31    8.82522e+21    5.18446e+07     2.7241e+10
           31.5    1.14669e+22    5.30446e+07    2.68562e+10
             32    1.48634e+22    5.42439e+07    2.64814e+10
           32.5    1.92202e+22    5.54422e+07    2.61162e+10
             33    2.47965e+22    5.66394e+07    2.57603e+10
           33.5    3.19183e+22    5.78352e+07    2.54132e+10
             34    4.09946e+22    5.90296e+07    2.50747e+10
           34.5    5.25378e+22    6.02224e+07    2.47445e+10
             35    6.71883e+22    6.14134e+07    2.44221e+10
           35.5    8.57457e+22    6.26025e+07    2.41074e+10
             36    1.09206e+23    6.37896e+07    2.38001e+10
           36.5    1.38807e+23    6.49745e+07    2.34999e+10
             37    1.76088e+23     6.6157e+07    2.32066e+10
           37.5    2.22953e+23    6.73372e+07    2.29199e+10
             38    2.81761e+23    6.85149e+07    2.26396e+10
           38.5    3.55423e+23      6.969e+07    2.23655e+10
             39    4.47533e+23    7.08623e+07    2.20974e+10
           39.5    5.62514e+23    7.20318e+07    2.18351e+10
             40    7.05804e+23    7.31984e+07    2.15784e+10
           40.5     8.8408e+23    7.43621e+07    2.13271e+10
             41    1.10553e+24    7.55227e+07     2.1081e+10
           41.5    1.38016e+24    7.66801e+07    2.08401e+10
             42    1.72023e+24    7.78343e+07    2.06041e+10
           42.5    2.14067e+24    7.89853e+07    2.03728e+10
             43     2.6597e+24    8.01329e+07    2.01462e+10
           43.5     3.2995e+24    8.12771e+07    1.99241e+10
             44    4.08701e+24    8.24178e+07    1.97064e+10
           44.5    5.05495e+24     8.3555e+07    1.94929e+10
             45    6.24298e+24    8.46887e+07    1.92835e+10
           45.5    7.69914e+24    8.58187e+07    1.90781e+10
             46    9.48148e+24    8.69451e+07    1.88766e+10
           46.5    1.16602e+25    8.80677e+07    1.86789e+10
             47    1.43198e+25    8.91867e+07    1.84848e+10
           47.5    1.75624e+25    9.03018e+07    1.82943e+10
             48    2.15106e+25    9.14131e+07    1.81073e+10
           48.5    2.63118e+25    9.25205e+07    1.79236e+10
             49    3.21433e+25    9.36241e+07    1.77432e+10
           49.5    3.92173e+25    9.47238e+07    1.75661e+10
             50    4.77883e+25    9.58194e+07     1.7392e+10
           50.5    5.81607e+25    9.69112e+07     1.7221e+10
             51    7.06984e+25    9.79989e+07    1.70529e+10
           51.5     8.5836e+25    9.90826e+07    1.68877e+10
             52    1.04092e+26    1.00162e+08    1.67253e+10
           52.5    1.26084e+26    1.01238e+08    1.65656e+10
             53    1.52546e+26    1.02309e+08    1.64086e+10
           53.5    1.84355e+26    1.03377e+08    1.62542e+10
             54    2.22547e+26     1.0444e+08    1.61024e+10
           54.5    2.68355e+26    1.05499e+08     1.5953e+10
             55    3.23242e+26    1.06554e+08     1.5806e+10
           55.5    3.88937e+26    1.07605e+08    1.56614e+10
             56    4.67491e+26    1.08652e+08    1.55191e+10
           56.5    5.61323e+26    1.09695e+08    1.53791e+10
             57    6.73296e+26    1.10733e+08    1.52412e+10
           57.5    8.06785e+26    1.11767e+08    1.51055e+10
             58    9.65771e+26    1.12797e+08    1.49719e+10
           58.5    1.15494e+27    1.13823e+08    1.48403e+10
             59    1.37982e+27    1.14845e+08    1.47107e+10
           59.5    1.64689e+27    1.15862e+08    1.45831e+10
             60    1.96378e+27    1.16875e+08    1.44574e+10
           60.5    2.33944e+27    1.17884e+08    1.43335e+10
             61    2.78437e+27    1.18889e+08    1.42115e+10
           61.5    3.31089e+27     1.1989e+08    1.40913e+10
             62    3.93339e+27    1.20886e+08    1.39729e+10
           62.5    4.66874e+27    1.21878e+08    1.38561e+10
             63    5.53666e+27    1.22866e+08    1.37411e+10
           63.5    6.56017e+27     1.2385e+08    1.36276e+10
             64    7.76618e+27    1.24829e+08    1.35158e+10
           64.5    9.18603e+27    1.25805e+08    1.34056e+10
             65    1.08563e+28    1.26776e+08    1.32969e+10
           65.5    1.28195e+28    1.27743e+08    1.31897e+10
             66    1.51253e+28    1.28706e+08     1.3084e+10
           66.5    1.78312e+28    1.29664e+08    1.29797e+10
             67    2.10042e+28    1.30619e+08    1.28769e+10
           67.5    2.47221e+28    1.31569e+08    1.27754e+10
             68    2.90751e+28    1.32515e+08    1.26753e+10
           68.5    3.41678e+28    1.33457e+08    1.25766e+10
             69    4.01216e+28    1.34395e+08    1.24791e+10
           69.5    4.70769e+28    1.35329e+08     1.2383e+10
             70    5.51961e+28    1.36258e+08    1.22881e+10
           70.5    6.46672e+28    1.37184e+08    1.21945e+10
             71    7.57073e+28    1.38105e+08     1.2102e+10
           71.5    8.85675e+28    1.39022e+08    1.20108e+10
             72    1.03537e+29    1.39935e+08    1.19207e+10
           72.5     1.2095e+29    1.40844e+08    1.18318e+10
             73    1.41191e+29    1.41749e+08     1.1744e+10
           73.5    1.64704e+29     1.4265e+08    1.16573e+10
             74    1.91999e+29    1.43547e+08    1.15717e+10
           74.5    2.23663e+29     1.4444e+08    1.14871e+10
             75    2.60372e+29    1.45329e+08    1.14036e+10
           75.5    3.02901e+29    1.46214e+08    1.13211e+10
             76    3.52142e+29    1.47094e+08    1.12396e+10
           76.5    4.09117e+29    1.47971e+08    1.11592e+10
             77    4.74999e+29    1.48844e+08    1.10797e+10
           77.5    5.51133e+29    1.49713e+08    1.10011e+10
             78    6.39059e+29    1.50578e+08    1.09235e+10
           78.5    7.40542e+29    1.51439e+08    1.08468e+10
             79      8.576e+29    1.52296e+08     1.0771e+10
           79.5    9.92542e+29    1.53149e+08    1.06961e+10
             80    1.14801e+30    1.53998e+08    1.06221e+10
           80.5    1.32701e+30    1.54843e+08     1.0549e+10
             81      1.533e+30    1.55685e+08    1.04767e+10
           81.5    1.76989e+30    1.56522e+08    1.04052e+10
             82    2.04218e+30    1.57356e+08    1.03345e+10
           82.5    2.35497e+30    1.58186e+08    1.02647e+10
             83    2.71409e+30    1.59012e+08    1.01956e+10
           83.5    3.12615e+30    1.59834e+08    1.01273e+10
             84    3.59871e+30    1.60653e+08    1.00598e+10
           84.5    4.14034e+30    1.61467e+08    9.99305e+09
             85    4.76082e+30    1.62278e+08    9.92704e+09
           85.5    5.47122e+30    1.63086e+08    9.86174e+09
             86    6.28415e+30    1.63889e+08    9.79717e+09
           86.5    7.21391e+30    1.64689e+08    9.73331e+09
             87    8.27673e+30    1.65485e+08    9.67014e+09
           87.5    9.49101e+30    1.66277e+08    9.60765e+09
             88    1.08776e+31    1.67066e+08    9.54584e+09
           88.5    1.24602e+31    1.67851e+08    9.48469e+09
             89    1.42656e+31    1.68632e+08    9.42419e+09
           89.5     1.6324e+31     1.6941e+08    9.36434e+09
             90    1.86698e+31    1.70184e+08    9.30512e+09
           90.5    2.13417e+31    1.70954e+08    9.24653e+09
             91    2.43837e+31    1.71721e+08    9.18854e+09
           91.5    2.78452e+31    1.72484e+08    9.13117e+09
             92    3.17822e+31    1.73244e+08    9.07438e+09
           92.5     3.6258e+31       1.74e+08    9.01819e+09
             93    4.13437e+31    1.74753e+08    8.96257e+09
           93.5    4.71199e+31    1.75502e+08    8.90752e+09
             94     5.3677e+31    1.76247e+08    8.85304e+09
           94.5    6.11174e+31     1.7699e+08     8.7991e+09
             95     6.9556e+31    1.77728e+08    8.74572e+09
           95.5    7.91225e+31    1.78463e+08    8.69286e+09
             96    8.99626e+31    1.79195e+08    8.64054e+09
           96.5     1.0224e+32    1.79924e+08    8.58874e+09
             97     1.1614e+32    1.80648e+08    8.53745e+09
           97.5     1.3187e+32     1.8137e+08    8.48667e+09
             98    1.49661e+32    1.82088e+08    8.43639e+09
           98.5    1.69777e+32    1.82803e+08    8.38661e+09
             99    1.92511e+32    1.83514e+08     8.3373e+09
           99.5    2.18192e+32    1.84222e+08    8.28848e+09
            100    2.47191e+32    1.84927e+08    8.24013e+09
          100.5    2.79921e+32    1.85629e+08    8.19224e+09
            101    3.16848e+32    1.86327e+08    8.14482e+09
          101.5    3.58493e+32    1.87022e+08    8.09785e+09
            102    4.05438e+32    1.87713e+08    8.05132e+09
          102.5    4.58336e+32    1.88401e+08    8.00523e+09
            103    5.17919e+32    1.89087e+08    7.95958e+09
          103.5    5.85004e+32    1.89768e+08    7.91436e+09
            104    6.60506e+32    1.90447e+08    7.86956e+09
          104.5    7.45445e+32    1.91123e+08    7.82518e+09
            105    8.40964e+32    1.91795e+08    7.78121e+09
          105.5    9.48339e+32    1.92464e+08    7.73765e+09
            106    1.06899e+33     1.9313e+08    7.69448e+09
          106.5    1.20452e+33    1.93793e+08    7.65172e+09
            107    1.35669e+33    1.94453e+08    7.60934e+09
          107.5    1.52749e+33    1.95109e+08    7.56735e+09
            108    1.71911e+33    1.95763e+08    7.52574e+09
          108.5    1.93402e+33    1.96413e+08     7.4845e+09
            109    2.17497e+33    1.97061e+08    7.44364e+09
          109.5      2.445e+33    1.97705e+08    7.40314e+09
            110    2.74751e+33    1.98346e+08    7.36301e+09
          110.5    3.08629e+33    1.98985e+08    7.32323e+09
            111    3.46554e+33     1.9962e+08     7.2838e+09
          111.5    3.88995e+33    2.00252e+08    7.24472e+09
            112    4.36473e+33    2.00882e+08    7.20598e+09
          112.5    4.89566e+33    2.01508e+08    7.16759e+09
            113    5.48918e+33    2.02131e+08    7.12952e+09
          113.5    6.15243e+33    2.02752e+08    7.09179e+09
            114    6.89335e+33    2.03369e+08    7.05439e+09
          114.5    7.72074e+33    2.03984e+08     7.0173e+09
            115    8.64438e+33    2.04596e+08    6.98054e+09
          115.5    9.67511e+33    2.05205e+08    6.94409e+09
            116     1.0825e+34    2.05811e+08    6.90795e+09
          116.5    1.21073e+34    2.06414e+08    6.87212e+09
            117    1.35368e+34    2.07014e+08    6.83659e+09
          117.5    1.51299e+34    2.07612e+08    6.80137e+09
            118    1.69048e+34    2.08206e+08    6.76643e+09
          118.5    1.88816e+34    2.08798e+08     6.7318e+09
            119    2.10824e+34    2.09387e+08    6.69745e+09
          119.5    2.35318e+34    2.09974e+08    6.66338e+09
            120    2.62572e+34    2.10557e+08     6.6296e+09
          120.5    2.92885e+34    2.11138e+08     6.5961e+09
            121    3.26592e+34    2.11716e+08    6.56287e+09
          121.5    3.64059e+34    2.12291e+08    6.52992e+09
            122    4.05693e+34    2.12864e+08    6.49723e+09
          122.5    4.51944e+34    2.13434e+08    6.46481e+09
            123    5.03307e+34    2.14001e+08    6.43266e+09
          123.5    5.60329e+34    2.14566e+08    6.40076e+09
            124    6.23616e+34    2.15128e+08    6.36913e+09
          124.5    6.93834e+34    2.15687e+08    6.33774e+09
            125    7.71719e+34    2.16244e+08    6.30661e+09
          125.5    8.58081e+34    2.16798e+08    6.27573e+09
            126    9.53814e+34    2.17349e+08    6.24509e+09
          126.5    1.05991e+35    2.17898e+08    6.21469e+09
            127    1.17744e+35    2.18444e+08    6.18454e+09
          127.5    1.30761e+35    2.18988e+08    6.15462e+09
            128    1.45174e+35    2.19529e+08    6.12494e+09
          128.5    1.61128e+35    2.20068e+08    6.09549e+09
            129    1.78782e+35    2.20604e+08    6.06627e+09
          129.5    1.98312e+35    2.21137e+08    6.03727e+09
            130    2.19911e+35    2.21668e+08    6.00851e+09
          130.5    2.43792e+35    2.22197e+08    5.97996e+09
            131    2.70188e+35    2.22723e+08    5.95163e+09
          131.5    2.99356e+35    2.23246e+08    5.92352e+09
            132    3.31578e+35    2.23768e+08    5.89563e+09
          132.5    3.67164e+35    2.24286e+08    5.86795e+09
            133    4.06455e+35    2.24802e+08    5.84048e+09
          133.5    4.49824e+35    2.25316e+08    5.81322e+09
            134    4.97682e+35    2.25828e+08    5.78616e+09
          134.5     5.5048e+35    2.26337e+08    5.75931e+09
            135     6.0871e+35    2.26843e+08    5.73266e+09
          135.5    6.72917e+35    2.27348e+08     5.7062e+09
            136    7.43693e+35    2.27849e+08    5.67995e+09
          136.5     8.2169e+35    2.28349e+08    5.65389e+09
            137    9.07624e+35    2.28846e+08    5.62802e+09
          137.5    1.00228e+36    2.29341e+08    5.60235e+09
            138     1.1065e+36    2.29834e+08    5.57686e+09
          138.5    1.22125e+36    2.30324e+08    5.55157e+09
            139    1.34754e+36    2.30812e+08    5.52645e+09
          139.5     1.4865e+36    2.31297e+08    5.50152e+09
            140    1.63936e+36    2.31781e+08    5.47677e+09
          140.5    1.80748e+36    2.32262e+08    5.45221e+09
            141    1.99232e+36    2.32741e+08    5.42782e+09
          141.5     2.1955e+36    2.33217e+08     5.4036e+09
            142    2.41879e+36    2.33692e+08    5.37956e+09
          142.5    2.66412e+36    2.34164e+08    5.35569e+09
            143    2.93358e+36    2.34634e+08      5.332e+09
          143.5     3.2295e+36    2.35101e+08    5.30847e+09
            144    3.55438e+36    2.35567e+08    5.28511e+09
          144.5    3.91098e+36     2.3603e+08    5.26191e+09
            145    4.30229e+36    2.36492e+08    5.23888e+09
          145.5     4.7316e+36    2.36951e+08    5.21601e+09
            146    5.20249e+36    2.37408e+08     5.1933e+09
          146.5    5.71884e+36    2.37862e+08    5.17076e+09
            147    6.28494e+36    2.38315e+08    5.14836e+09
          147.5    6.90542e+36    2.38766e+08    5.12613e+09
            148    7.58534e+36    2.39214e+08    5.10405e+09
          148.5    8.33024e+36     2.3966e+08    5.08212e+09
            149    9.14614e+36    2.40105e+08    5.06034e+09
          149.5    1.00396e+37    2.40547e+08    5.03872e+09
            150    1.10177e+37    2.40987e+08    5.01724e+09
          150.5    1.20884e+37    2.41425e+08    4.99591e+09
            151      1.326e+37    2.41861e+08    4.97473e+09
          151.5    1.45419e+37    2.42295e+08    4.95369e+09
            152    1.59441e+37    2.42727e+08    4.93279e+09
          152.5    1.74774e+37    2.43157e+08    4.91203e+09
            153    1.91539e+37    2.43585e+08    4.89142e+09
          153.5    2.09865e+37    2.44011e+08    4.87094e+09
            154    2.29893e+37    2.44434e+08     4.8506e+09
          154.5    2.51777e+37    2.44856e+08     4.8304e+09
            155    2.75682e+37    2.45276e+08    4.81033e+09
          155.5     3.0179e+37    2.45694e+08     4.7904e+09
            156    3.30299e+37    2.46111e+08     4.7706e+09
          156.5    3.61422e+37    2.46525e+08    4.75093e+09
            157    3.95392e+37    2.46937e+08    4.73139e+09
          157.5    4.32462e+37    2.47347e+08    4.71198e+09
            158    4.72906e+37    2.47756e+08     4.6927e+09
          158.5    5.17021e+37    2.48162e+08    4.67354e+09
            159    5.65131e+37    2.48567e+08    4.65451e+09
          159.5    6.17588e+37    2.48969e+08     4.6356e+09
            160    6.74772e+37     2.4937e+08    4.61682e+09
          160.5    7.37096e+37    2.49769e+08    4.59815e+09
            161     8.0501e+37    2.50166e+08    4.57961e+09
          161.5    8.78998e+37    2.50562e+08    4.56119e+09
            162    9.59588e+37    2.50955e+08    4.54289e+09
          162.5    1.04735e+38    2.51347e+08     4.5247e+09
            163    1.14291e+38    2.51736e+08    4.50664e+09
          163.5    1.24693e+38    2.52124e+08    4.48868e+09
            164    1.36015e+38    2.52511e+08    4.47084e+09
          164.5    1.48335e+38    2.52895e+08    4.45312e+09
            165    1.61738e+38    2.53278e+08    4.43551e+09
          165.5    1.76317e+38    2.53658e+08      4.418e+09
            166    1.92172e+38    2.54037e+08    4.40061e+09
          166.5    2.09411e+38    2.54415e+08    4.38333e+09
            167    2.28153e+38     2.5479e+08    4.36616e+09
          167.5    2.48522e+38    2.55164e+08    4.34909e+09
            168    2.70658e+38    2.55536e+08    4.33213e+09
          168.5    2.94709e+38    2.55906e+08    4.31528e+09
            169    3.20834e+38    2.56275e+08    4.29853e+09
          169.5    3.49209e+38    2.56642e+08    4.28189e+09
            170    3.80021e+38    2.57007e+08    4.26535e+09
          170.5    4.13472e+38     2.5737e+08    4.24891e+09
            171    4.49783e+38    2.57732e+08    4.23257e+09
          171.5    4.89191e+38    2.58092e+08    4.21633e+09
            172    5.31952e+38    2.58451e+08    4.20019e+09
          172.5    5.78343e+38    2.58808e+08    4.18415e+09
            173    6.28663e+38    2.59163e+08    4.16821e+09
          173.5    6.83235e+38    2.59516e+08    4.15237e+09
            174    7.42407e+38    2.59868e+08    4.13662e+09
          174.5    8.06557e+38    2.60218e+08    4.12096e+09
            175     8.7609e+38    2.60567e+08    4.10541e+09
          175.5    9.51445e+38    2.60914e+08    4.08994e+09
            176    1.03309e+39    2.61259e+08    4.07457e+09
          176.5    1.12155e+39    2.61603e+08    4.05929e+09
            177    1.21736e+39    2.61945e+08     4.0441e+09
          177.5    1.32112e+39    2.62286e+08      4.029e+09
            178    1.43347e+39    2.62625e+08    4.01399e+09
          178.5     1.5551e+39    2.62962e+08    3.99907e+09
            179    1.68676e+39    2.63298e+08    3.98424e+09
          179.5    1.82924e+39    2.63632e+08     3.9695e+09
            180    1.98341e+39    2.63965e+08    3.95484e+09
          180.5     2.1502e+39    2.64296e+08    3.94027e+09
            181    2.33061e+39    2.64626e+08    3.92579e+09
          181.5    2.52573e+39    2.64954e+08    3.91139e+09
            182    2.73672e+39    2.65281e+08    3.89707e+09
          182.5    2.96482e+39    2.65606e+08    3.88284e+09
            183     3.2114e+39     2.6593e+08    3.86869e+09
          183.5    3.47789e+39    2.66252e+08    3.85462e+09
            184    3.76587e+39    2.66572e+08    3.84064e+09
          184.5    4.07701e+39    2.66892e+08    3.82673e+09
            185    4.41312e+39    2.67209e+08     3.8129e+09
          185.5    4.77614e+39    2.67525e+08    3.79916e+09
            186    5.16818e+39     2.6784e+08    3.78549e+09
          186.5    5.59148e+39    2.68153e+08     3.7719e+09
            187    6.04846e+39    2.68465e+08    3.75839e+09
          187.5    6.54171e+39    2.68776e+08    3.74496e+09
            188    7.07405e+39    2.69085e+08     3.7316e+09
          188.5    7.64847e+39    2.69392e+08    3.71832e+09
            189     8.2682e+39    2.69698e+08    3.70511e+09
          189.5    8.93672e+39    2.70003e+08    3.69198e+09
            190    9.65775e+39    2.70306e+08    3.67892e+09
          190.5    1.04353e+40    2.70608e+08    3.66594e+09
            191    1.12737e+40    2.70909e+08    3.65303e+09
          191.5    1.21775e+40    2.71208e+08    3.64019e+09
            192    1.31516e+40    2.71506e+08    3.62742e+09
          192.5    1.42016e+40    2.71802e+08    3.61472e+09
            193    1.53329e+40    2.72097e+08    3.60209e+09
          193.5    1.65518e+40     2.7239e+08    3.58954e+09
            194    1.78649e+40    2.72683e+08    3.57705e+09
          194.5    1.92791e+40    2.72974e+08    3.56463e+09
            195    2.08021e+40    2.73263e+08    3.55228e+09
          195.5    2.24421e+40    2.73551e+08       3.54e+09
            196    2.42076e+40    2.73838e+08    3.52779e+09
          196.5    2.61081e+40    2.74124e+08    3.51564e+09
            197    2.81536e+40    2.74408e+08    3.50356e+09
          197.5    3.03547e+40    2.74691e+08    3.49155e+09
            198    3.27231e+40    2.74973e+08     3.4796e+09
          198.5    3.52711e+40    2.75253e+08    3.46771e+09
            199    3.80118e+40    2.75532e+08    3.45589e+09
          199.5    4.09595e+40     2.7581e+08    3.44414e+09
            200    4.41292e+40    2.76086e+08    3.43244e+09
          200.5    4.75373e+40    2.76361e+08    3.42081e+09
            201    5.12012e+40    2.76635e+08    3.40925e+09
          201.5    5.51394e+40    2.76908e+08    3.39774e+09
            202     5.9372e+40    2.77179e+08     3.3863e+09
          202.5    6.39204e+40    2.77449e+08    3.37492e+09
            203    6.88073e+40    2.77718e+08    3.36359e+09
          203.5    7.40572e+40    2.77986e+08    3.35233e+09
            204    7.96964e+40    2.78252e+08    3.34113e+09
          204.5    8.57529e+40    2.78517e+08    3.32999e+09
            205    9.22567e+40    2.78781e+08     3.3189e+09
          205.5    9.92397e+40    2.79044e+08    3.30788e+09
            206    1.06736e+41    2.79305e+08    3.29691e+09
          206.5    1.14783e+41    2.79566e+08      3.286e+09
            207     1.2342e+41    2.79825e+08    3.27515e+09
          207.5    1.32688e+41    2.80083e+08    3.26435e+09
            208    1.42633e+41    2.80339e+08    3.25361e+09
          208.5    1.53302e+41    2.80595e+08    3.24293e+09
            209    1.64746e+41    2.80849e+08     3.2323e+09
          209.5     1.7702e+41    2.81102e+08    3.22173e+09
            210    1.90184e+41    2.81354e+08    3.21121e+09
          210.5    2.04298e+41    2.81605e+08    3.20075e+09
            211    2.19431e+41    2.81855e+08    3.19034e+09
          211.5    2.35653e+41    2.82103e+08    3.17998e+09
            212    2.53041e+41     2.8235e+08    3.16968e+09
          212.5    2.71675e+41    2.82597e+08    3.15943e+09
            213    2.91643e+41    2.82842e+08    3.14923e+09
          213.5    3.13037e+41    2.83086e+08    3.13909e+09
            214    3.35957e+41    2.83328e+08      3.129e+09
          214.5    3.60508e+41     2.8357e+08    3.11895e+09
            215    3.86802e+41    2.83811e+08    3.10896e+09
          215.5     4.1496e+41     2.8405e+08    3.09902e+09
            216    4.45111e+41    2.84288e+08    3.08913e+09
          216.5    4.77391e+41    2.84526e+08    3.07929e+09
            217    5.11946e+41    2.84762e+08     3.0695e+09
          217.5    5.48932e+41    2.84997e+08    3.05976e+09
            218    5.88516e+41    2.85231e+08    3.05006e+09
          218.5    6.30873e+41    2.85463e+08    3.04042e+09
            219    6.76194e+41    2.85695e+08    3.03082e+09
          219.5    7.24679e+41    2.85926e+08    3.02128e+09
            220    7.76544e+41    2.86156e+08    3.01178e+09
          220.5    8.32016e+41    2.86384e+08    3.00232e+09
            221     8.9134e+41    2.86612e+08    2.99292e+09
          221.5    9.54775e+41    2.86838e+08    2.98356e+09
            222     1.0226e+42    2.87064e+08    2.97424e+09
          222.5    1.09511e+42    2.87288e+08    2.96497e+09
            223    1.17261e+42    2.87511e+08    2.95575e+09
          223.5    1.25544e+42    2.87733e+08    2.94657e+09
            224    1.34397e+42    2.87955e+08    2.93744e+09
          224.5    1.43856e+42    2.88175e+08    2.92836e+09
            225    1.53962e+42    2.88394e+08    2.91931e+09
          225.5    1.64758e+42    2.88612e+08    2.91031e+09
            226    1.76291e+42    2.88829e+08    2.90136e+09
          226.5    1.88608e+42    2.89046e+08    2.89245e+09
            227    2.01761e+42    2.89261e+08    2.88358e+09
          227.5    2.15806e+42    2.89475e+08    2.87475e+09
            228    2.30802e+42    2.89688e+08    2.86597e+09
          228.5     2.4681e+42      2.899e+08    2.85723e+09
            229    2.63898e+42    2.90111e+08    2.84853e+09
          229.5    2.82136e+42    2.90322e+08    2.83988e+09
            230    3.01599e+42    2.90531e+08    2.83126e+09
          230.5    3.22367e+42    2.90739e+08    2.82269e+09
            231    3.44526e+42    2.90946e+08    2.81416e+09
          231.5    3.68165e+42    2.91153e+08    2.80567e+09
            232    3.93381e+42    2.91358e+08    2.79721e+09
          232.5    4.20276e+42    2.91563e+08     2.7888e+09
            233    4.48959e+42    2.91766e+08    2.78043e+09
          233.5    4.79544e+42    2.91968e+08     2.7721e+09
            234    5.12155e+42     2.9217e+08    2.76381e+09
          234.5    5.46922e+42    2.92371e+08    2.75555e+09
            235    5.83984e+42     2.9257e+08    2.74734e+09
          235.5    6.23487e+42    2.92769e+08    2.73916e+09
            236    6.65588e+42    2.92967e+08    2.73103e+09
          236.5    7.10452e+42    2.93164e+08    2.72293e+09
            237    7.58257e+42     2.9336e+08    2.71487e+09
          237.5    8.09189e+42    2.93555e+08    2.70684e+09
            238    8.63447e+42    2.93749e+08    2.69886e+09
          238.5    9.21241e+42    2.93942e+08    2.69091e+09
            239    9.82797e+42    2.94135e+08    2.68299e+09
          239.5    1.04835e+43    2.94326e+08    2.67512e+09
            240    1.11816e+43    2.94517e+08    2.66728e+09
          240.5    1.19248e+43    2.94706e+08    2.65948e+09
            241    1.27161e+43    2.94895e+08    2.65171e+09
          241.5    1.35584e+43    2.95083e+08    2.64398e+09
            242     1.4455e+43     2.9527e+08    2.63628e+09
          242.5    1.54092e+43    2.95456e+08    2.62862e+09
            243    1.64247e+43    2.95641e+08      2.621e+09
          243.5    1.75052e+43    2.95826e+08     2.6134e+09
            244    1.86548e+43    2.96009e+08    2.60585e+09
          244.5    1.98779e+43    2.96192e+08    2.59833e+09
            245    2.11789e+43    2.96374e+08    2.59084e+09
          245.5    2.25627e+43    2.96555e+08    2.58339e+09
            246    2.40344e+43    2.96735e+08    2.57597e+09
          246.5    2.55994e+43    2.96914e+08    2.56858e+09
            247    2.72636e+43    2.97093e+08    2.56123e+09
          247.5    2.90329e+43     2.9727e+08    2.55391e+09
            248    3.09138e+43    2.97447e+08    2.54662e+09
          248.5    3.29133e+43    2.97623e+08    2.53937e+09
            249    3.50385e+43    2.97798e+08    2.53215e+09
          249.5    3.72971e+43    2.97972e+08    2.52496e+09
            250    3.96973e+43    2.98146e+08     2.5178e+09
          250.5    4.22476e+43    2.98319e+08    2.51068e+09
            251    4.49573e+43     2.9849e+08    2.50358e+09
          251.5     4.7836e+43    2.98661e+08    2.49652e+09
            252    5.08938e+43    2.98832e+08    2.48949e+09
          252.5    5.41418e+43    2.99001e+08    2.48249e+09
            253    5.75913e+43     2.9917e+08    2.47552e+09
          253.5    6.12545e+43    2.99338e+08    2.46859e+09
            254    6.51443e+43    2.99505e+08    2.46168e+09
          254.5    6.92743e+43    2.99671e+08     2.4548e+09
            255    7.36588e+43    2.99836e+08    2.44796e+09
          255.5    7.83132e+43    3.00001e+08    2.44114e+09
            256    8.32536e+43    3.00165e+08    2.43435e+09
          256.5    8.84971e+43    3.00328e+08     2.4276e+09
            257    9.40617e+43     3.0049e+08    2.42087e+09
          257.5    9.99665e+43    3.00652e+08    2.41417e+09
            258    1.06232e+44    3.00813e+08     2.4075e+09
          258.5    1.12879e+44    3.00973e+08    2.40086e+09
            259    1.19931e+44    3.01132e+08    2.39425e+09
          259.5     1.2741e+44    3.01291e+08    2.38767e+09
            260    1.35344e+44    3.01448e+08    2.38112e+09
          260.5    1.43758e+44    3.01606e+08    2.37459e+09
            261    1.52681e+44    3.01762e+08    2.36809e+09
          261.5    1.62142e+44    3.01917e+08    2.36162e+09
            262    1.72173e+44    3.02072e+08    2.35518e+09
          262.5    1.82808e+44    3.02226e+08    2.34877e+09
            263    1.94082e+44     3.0238e+08    2.34238e+09
          263.5    2.06031e+44    3.02532e+08    2.33602e+09
            264    2.18697e+44    3.02684e+08    2.32969e+09
          264.5    2.32119e+44    3.02835e+08    2.32338e+09
            265    2.46342e+44    3.02986e+08    2.31711e+09
          265.5    2.61414e+44    3.03136e+08    2.31085e+09
            266    2.77381e+44    3.03285e+08    2.30463e+09
          266.5    2.94298e+44    3.03433e+08    2.29843e+09
            267    3.12217e+44    3.03581e+08    2.29226e+09
          267.5    3.31198e+44    3.03727e+08    2.28611e+09
            268      3.513e+44    3.03874e+08    2.27999e+09
          268.5     3.7259e+44    3.04019e+08    2.27389e+09
            269    3.95134e+44    3.04164e+08    2.26782e+09
          269.5    4.19005e+44    3.04308e+08    2.26178e+09
            270    4.44278e+44    3.04451e+08    2.25576e+09
          270.5    4.71033e+44    3.04594e+08    2.24977e+09
            271    4.99356e+44    3.04736e+08     2.2438e+09
          271.5    5.29335e+44    3.04878e+08    2.23786e+09
            272    5.61064e+44    3.05018e+08    2.23194e+09
          272.5    5.94643e+44    3.05158e+08    2.22604e+09
            273    6.30177e+44    3.05298e+08    2.22017e+09
          273.5    6.67776e+44    3.05436e+08    2.21433e+09
            274    7.07556e+44    3.05574e+08    2.20851e+09
          274.5    7.49641e+44    3.05712e+08    2.20271e+09
            275     7.9416e+44    3.05848e+08    2.19693e+09
          275.5    8.41251e+44    3.05984e+08    2.19118e+09
            276    8.91058e+44     3.0612e+08    2.18546e+09
          276.5    9.43733e+44    3.06254e+08    2.17976e+09
            277    9.99436e+44    3.06389e+08    2.17408e+09
          277.5    1.05834e+45    3.06522e+08    2.16842e+09
            278    1.12061e+45    3.06655e+08    2.16279e+09
          278.5    1.18645e+45    3.06787e+08    2.15718e+09
            279    1.25606e+45    3.06918e+08    2.15159e+09
          279.5    1.32963e+45    3.07049e+08    2.14603e+09
            280     1.4074e+45    3.07179e+08    2.14048e+09
          280.5    1.48959e+45    3.07309e+08    2.13496e+09
            281    1.57645e+45    3.07438e+08    2.12947e+09
          281.5    1.66823e+45    3.07566e+08    2.12399e+09
            282    1.76522e+45    3.07694e+08    2.11854e+09
          282.5    1.86768e+45    3.07821e+08    2.11311e+09
            283    1.97593e+45    3.07948e+08     2.1077e+09
          283.5    2.09029e+45    3.08073e+08    2.10231e+09
            284    2.21108e+45    3.08199e+08    2.09695e+09
          284.5    2.33866e+45    3.08323e+08     2.0916e+09
            285     2.4734e+45    3.08447e+08    2.08628e+09
          285.5    2.61569e+45    3.08571e+08    2.08098e+09
            286    2.76594e+45    3.08693e+08     2.0757e+09
          286.5    2.92459e+45    3.08816e+08    2.07044e+09
            287    3.09209e+45    3.08937e+08     2.0652e+09
          287.5    3.26892e+45    3.09058e+08    2.05998e+09
            288    3.45559e+45    3.09179e+08    2.05478e+09
          288.5    3.65262e+45    3.09299e+08    2.04961e+09
            289    3.86058e+45    3.09418e+08    2.04445e+09
          289.5    4.08006e+45    3.09536e+08    2.03932e+09
            290    4.31168e+45    3.09654e+08     2.0342e+09
          290.5    4.55608e+45    3.09772e+08     2.0291e+09
            291    4.81396e+45    3.09889e+08    2.02403e+09
          291.5    5.08604e+45    3.10005e+08    2.01897e+09
            292    5.37307e+45    3.10121e+08    2.01394e+09
          292.5    5.67586e+45    3.10236e+08    2.00892e+09
            293    5.99525e+45    3.10351e+08    2.00393e+09
          293.5    6.33213e+45    3.10465e+08    1.99895e+09
            294    6.68741e+45    3.10578e+08    1.99399e+09
          294.5    7.06209e+45    3.10691e+08    1.98905e+09
            295    7.45718e+45    3.10804e+08    1.98413e+09
          295.5    7.87377e+45    3.10915e+08    1.97923e+09
            296    8.31301e+45    3.11027e+08    1.97435e+09
          296.5    8.77608e+45    3.11137e+08    1.96949e+09
            297    9.26424e+45    3.11248e+08    1.96465e+09
          297.5    9.77881e+45    3.11357e+08    1.95982e+09
            298    1.03212e+46    3.11466e+08    1.95501e+09
          298.5    1.08928e+46    3.11575e+08    1.95023e+09
            299    1.14953e+46    3.11683e+08    1.94546e+09
          299.5    1.21301e+46     3.1179e+08    1.94071e+09
            300    1.27991e+46    3.11897e+08    1.93597e+09
          300.5    1.35039e+46    3.12003e+08    1.93126e+09
            301    1.42465e+46    3.12109e+08    1.92656e+09
          301.5    1.50288e+46    3.12214e+08    1.92188e+09
            302    1.58529e+46    3.12319e+08    1.91722e+09
          302.5     1.6721e+46    3.12423e+08    1.91258e+09
            303    1.76353e+46    3.12527e+08    1.90795e+09
          303.5    1.85982e+46     3.1263e+08    1.90334e+09
            304    1.96123e+46    3.12733e+08    1.89875e+09
          304.5    2.06802e+46    3.12835e+08    1.89418e+09
            305    2.18047e+46    3.12937e+08    1.88962e+09
          305.5    2.29886e+46    3.13038e+08    1.88508e+09
            306     2.4235e+46    3.13139e+08    1.88056e+09
          306.5    2.55472e+46    3.13239e+08    1.87606e+09
            307    2.69285e+46    3.13338e+08    1.87157e+09
          307.5    2.83825e+46    3.13437e+08     1.8671e+09
            308    2.99129e+46    3.13536e+08    1.86264e+09
          308.5    3.15235e+46    3.13634e+08     1.8582e+09
            309    3.32185e+46    3.13732e+08    1.85378e+09
          309.5    3.50021e+46    3.13829e+08    1.84938e+09
            310    3.68789e+46    3.13925e+08    1.84499e+09
          310.5    3.88536e+46    3.14021e+08    1.84062e+09
            311    4.09312e+46    3.14117e+08    1.83626e+09
          311.5    4.31169e+46    3.14212e+08    1.83192e+09
            312    4.54161e+46    3.14307e+08     1.8276e+09
          312.5    4.78345e+46    3.14401e+08    1.82329e+09
            313    5.03783e+46    3.14495e+08      1.819e+09
          313.5    5.30536e+46    3.14588e+08    1.81472e+09
            314    5.58672e+46     3.1468e+08    1.81046e+09
          314.5    5.88259e+46    3.14773e+08    1.80621e+09
            315    6.19371e+46    3.14864e+08    1.80198e+09
          315.5    6.52084e+46    3.14956e+08    1.79777e+09
            316    6.86477e+46    3.15046e+08    1.79357e+09
          316.5    7.22635e+46    3.15137e+08    1.78939e+09
            317    7.60646e+46    3.15227e+08    1.78522e+09
          317.5    8.00603e+46    3.15316e+08    1.78107e+09
            318    8.42601e+46    3.15405e+08    1.77693e+09
          318.5    8.86742e+46    3.15494e+08    1.77281e+09
            319    9.33134e+46    3.15582e+08     1.7687e+09
          319.5    9.81886e+46    3.15669e+08    1.76461e+09
            320    1.03312e+47    3.15756e+08    1.76053e+09
          320.5    1.08695e+47    3.15843e+08    1.75647e+09
            321    1.14351e+47    3.15929e+08    1.75242e+09
          321.5    1.20293e+47    3.16015e+08    1.74839e+09
            322    1.26536e+47      3.161e+08    1.74437e+09
          322.5    1.33094e+47    3.16185e+08    1.74036e+09
            323    1.39983e+47    3.16269e+08    1.73637e+09
          323.5    1.47218e+47    3.16353e+08     1.7324e+09
            324    1.54818e+47    3.16437e+08    1.72843e+09
          324.5    1.62799e+47     3.1652e+08    1.72449e+09
            325     1.7118e+47    3.16602e+08    1.72055e+09
          325.5    1.79981e+47    3.16685e+08    1.71663e+09
            326    1.89223e+47    3.16766e+08    1.71273e+09
          326.5    1.98926e+47    3.16848e+08    1.70884e+09
            327    2.09113e+47    3.16929e+08    1.70496e+09
          327.5    2.19808e+47    3.17009e+08    1.70109e+09
            328    2.31035e+47    3.17089e+08    1.69724e+09
          328.5    2.42819e+47    3.17169e+08    1.69341e+09
            329    2.55189e+47    3.17248e+08    1.68958e+09
          329.5    2.68172e+47    3.17327e+08    1.68577e+09
            330    2.81797e+47    3.17405e+08    1.68198e+09
          330.5    2.96097e+47    3.17483e+08    1.67819e+09
            331    3.11101e+47     3.1756e+08    1.67442e+09
          331.5    3.26846e+47    3.17637e+08    1.67067e+09
            332    3.43366e+47    3.17714e+08    1.66692e+09
          332.5    3.60699e+47     3.1779e+08    1.66319e+09
            333    3.78883e+47    3.17866e+08    1.65948e+09
          333.5    3.97958e+47    3.17942e+08    1.65577e+09
            334    4.17969e+47    3.18017e+08    1.65208e+09
          334.5    4.38958e+47    3.18091e+08     1.6484e+09
            335    4.60972e+47    3.18165e+08    1.64474e+09
          335.5    4.84061e+47    3.18239e+08    1.64109e+09
            336    5.08275e+47    3.18313e+08    1.63744e+09
          336.5    5.33668e+47    3.18386e+08    1.63382e+09
            337    5.60295e+47    3.18458e+08     1.6302e+09
          337.5    5.88214e+47     3.1853e+08     1.6266e+09
            338    6.17488e+47    3.18602e+08    1.62301e+09
          338.5    6.48178e+47    3.18674e+08    1.61943e+09
            339    6.80353e+47    3.18745e+08    1.61587e+09
          339.5    7.14082e+47    3.18815e+08    1.61231e+09
            340    7.49438e+47    3.18886e+08    1.60877e+09
          340.5    7.86498e+47    3.18955e+08    1.60524e+09
            341     8.2534e+47    3.19025e+08    1.60173e+09
          341.5    8.66049e+47    3.19094e+08    1.59822e+09
            342    9.08712e+47    3.19163e+08    1.59473e+09
          342.5    9.53419e+47    3.19231e+08    1.59125e+09
            343    1.00027e+48    3.19299e+08    1.58778e+09
          343.5    1.04935e+48    3.19366e+08    1.58432e+09
            344    1.10079e+48    3.19434e+08    1.58088e+09
          344.5    1.15467e+48      3.195e+08    1.57745e+09
            345    1.21112e+48    3.19567e+08    1.57402e+09
          345.5    1.27026e+48    3.19633e+08    1.57061e+09
            346     1.3322e+48    3.19699e+08    1.56722e+09
          346.5    1.39709e+48    3.19764e+08    1.56383e+09
            347    1.46505e+48    3.19829e+08    1.56045e+09
          347.5    1.53623e+48    3.19893e+08    1.55709e+09
            348    1.61077e+48    3.19958e+08    1.55373e+09
          348.5    1.68883e+48    3.20021e+08    1.55039e+09
            349    1.77058e+48    3.20085e+08    1.54706e+09
          349.5    1.85617e+48    3.20148e+08    1.54374e+09
            350    1.94579e+48    3.20211e+08    1.54043e+09
          350.5    2.03962e+48    3.20273e+08    1.53714e+09
            351    2.13785e+48    3.20335e+08    1.53385e+09
          351.5    2.24068e+48    3.20397e+08    1.53058e+09
            352    2.34833e+48    3.20458e+08    1.52731e+09
          352.5    2.46102e+48    3.20519e+08    1.52406e+09
            353    2.57896e+48     3.2058e+08    1.52082e+09
          353.5     2.7024e+48     3.2064e+08    1.51758e+09
            354     2.8316e+48      3.207e+08    1.51436e+09
          354.5     2.9668e+48     3.2076e+08    1.51115e+09
            355    3.10828e+48    3.20819e+08    1.50795e+09
          355.5    3.25633e+48    3.20878e+08    1.50476e+09
            356    3.41125e+48    3.20936e+08    1.50158e+09
          356.5    3.57333e+48    3.20994e+08    1.49842e+09
            357    3.74291e+48    3.21052e+08    1.49526e+09
          357.5    3.92032e+48     3.2111e+08    1.49211e+09
            358    4.10591e+48    3.21167e+08    1.48897e+09
          358.5    4.30005e+48    3.21224e+08    1.48585e+09
            359    4.50313e+48     3.2128e+08    1.48273e+09
          359.5    4.71554e+48    3.21336e+08    1.47962e+09
            360    4.93769e+48    3.21392e+08    1.47653e+09
          360.5    5.17003e+48    3.21448e+08    1.47344e+09
            361    5.41301e+48    3.21503e+08    1.47037e+09
          361.5    5.66711e+48    3.21558e+08     1.4673e+09
            362    5.93281e+48    3.21612e+08    1.46424e+09
          362.5    6.21063e+48    3.21666e+08     1.4612e+09
            363    6.50111e+48     3.2172e+08    1.45816e+09
          363.5    6.80482e+48    3.21774e+08    1.45514e+09
            364    7.12233e+48    3.21827e+08    1.45212e+09
          364.5    7.45425e+48     3.2188e+08    1.44911e+09
            365    7.80123e+48    3.21932e+08    1.44612e+09
          365.5    8.16393e+48    3.21985e+08    1.44313e+09
            366    8.54304e+48    3.22037e+08    1.44015e+09
          366.5    8.93928e+48    3.22088e+08    1.43718e+09
            367     9.3534e+48     3.2214e+08    1.43422e+09
          367.5    9.78619e+48    3.22191e+08    1.43127e+09
            368    1.02385e+49    3.22241e+08    1.42833e+09
          368.5    1.07111e+49    3.22292e+08     1.4254e+09
            369     1.1205e+49    3.22342e+08    1.42248e+09
          369.5     1.1721e+49    3.22391e+08    1.41957e+09
            370    1.22601e+49    3.22441e+08    1.41667e+09
          370.5    1.28234e+49     3.2249e+08    1.41378e+09
            371    1.34118e+49    3.22539e+08    1.41089e+09
          371.5    1.40266e+49    3.22587e+08    1.40802e+09
            372    1.46687e+49    3.22635e+08    1.40515e+09
          372.5    1.53395e+49    3.22683e+08     1.4023e+09
            373    1.60401e+49    3.22731e+08    1.39945e+09
          373.5    1.67718e+49    3.22778e+08    1.39661e+09
            374    1.75361e+49    3.22825e+08    1.39378e+09
          374.5    1.83342e+49    3.22872e+08    1.39096e+09
            375    1.91677e+49    3.22918e+08    1.38815e+09
          375.5    2.00381e+49    3.22964e+08    1.38535e+09
            376    2.09469e+49     3.2301e+08    1.38255e+09
          376.5    2.18958e+49    3.23056e+08    1.37977e+09
            377    2.28866e+49    3.23101e+08    1.37699e+09
          377.5     2.3921e+49    3.23146e+08    1.37422e+09
            378    2.50009e+49     3.2319e+08    1.37147e+09
          378.5    2.61282e+49    3.23235e+08    1.36872e+09
            379     2.7305e+49    3.23279e+08    1.36597e+09
          379.5    2.85334e+49    3.23323e+08    1.36324e+09
            380    2.98156e+49    3.23366e+08    1.36052e+09
          380.5    3.11539e+49    3.23409e+08     1.3578e+09
            381    3.25506e+49    3.23452e+08    1.35509e+09
          381.5    3.40082e+49    3.23495e+08    1.35239e+09
            382    3.55294e+49    3.23537e+08     1.3497e+09
          382.5    3.71168e+49    3.23579e+08    1.34702e+09
            383    3.87732e+49    3.23621e+08    1.34435e+09
          383.5    4.05015e+49    3.23663e+08    1.34168e+09
            384    4.23049e+49    3.23704e+08    1.33902e+09
          384.5    4.41863e+49    3.23745e+08    1.33637e+09
            385    4.61493e+49    3.23785e+08    1.33373e+09
          385.5     4.8197e+49    3.23826e+08     1.3311e+09
            386    5.03332e+49    3.23866e+08    1.32847e+09
          386.5    5.25616e+49    3.23906e+08    1.32586e+09
            387     5.4886e+49    3.23945e+08    1.32325e+09
          387.5    5.73104e+49    3.23985e+08    1.32065e+09
            388     5.9839e+49    3.24024e+08    1.31806e+09
          388.5    6.24762e+49    3.24063e+08    1.31547e+09
            389    6.52265e+49    3.24101e+08    1.31289e+09
          389.5    6.80947e+49    3.24139e+08    1.31032e+09
            390    7.10856e+49    3.24177e+08    1.30776e+09
          390.5    7.42043e+49    3.24215e+08    1.30521e+09
            391    7.74563e+49    3.24252e+08    1.30266e+09
          391.5    8.08469e+49     3.2429e+08    1.30013e+09
            392     8.4382e+49    3.24327e+08     1.2976e+09
          392.5    8.80675e+49    3.24363e+08    1.29507e+09
            393    9.19097e+49      3.244e+08    1.29256e+09
          393.5     9.5915e+49    3.24436e+08    1.29005e+09
            394     1.0009e+50    3.24472e+08    1.28755e+09
          394.5    1.04442e+50    3.24507e+08    1.28506e+09
            395    1.08979e+50    3.24543e+08    1.28257e+09
          395.5    1.13707e+50    3.24578e+08     1.2801e+09
            396    1.18634e+50    3.24613e+08    1.27763e+09
          396.5     1.2377e+50    3.24647e+08    1.27516e+09
            397    1.29122e+50    3.24682e+08    1.27271e+09
          397.5    1.34699e+50    3.24716e+08    1.27026e+09
            398     1.4051e+50     3.2475e+08    1.26782e+09
          398.5    1.46566e+50    3.24783e+08    1.26539e+09
            399    1.52875e+50    3.24817e+08    1.26296e+09
          399.5    1.59449e+50     3.2485e+08    1.26054e+09
            400    1.66299e+50    3.24883e+08    1.25813e+09
    E, kcal/mol    D, mol/kcal         W2->W1         W2->P2
            0.5    4.14519e+19    1.10678e-08     7.2783e+11
              1    5.66385e+19    2.84298e-07    7.11637e+11
            1.5    7.71065e+19    2.39365e-06     6.9599e+11
              2    1.04599e+20    1.29107e-05    6.80865e+11
            2.5    1.41404e+20    5.37661e-05    6.66237e+11
              3    1.90519e+20    0.000188302    6.52085e+11
            3.5    2.55855e+20    0.000581318    6.38387e+11
              4    3.42506e+20     0.00162758    6.25125e+11
            4.5    4.57085e+20     0.00420559    6.12279e+11
              5    6.08155e+20      0.0101248    5.99831e+11
            5.5    8.06776e+20      0.0227872    5.87765e+11
              6     1.0672e+21      0.0479599    5.76065e+11
            6.5    1.40774e+21      0.0945166    5.64717e+11
              7    1.85187e+21       0.175138    5.53705e+11
            7.5    2.42963e+21       0.307084    5.43016e+11
              8    3.17935e+21       0.513142    5.32637e+11
            8.5    4.14984e+21       0.822731    5.22557e+11
              9     5.4031e+21        1.27294    5.12764e+11
            9.5    7.01776e+21        1.90917    5.03246e+11
             10    9.09328e+21        2.78559    4.93994e+11
           10.5    1.17553e+22        3.96677    4.84996e+11
             11    1.51619e+22        5.53134    4.76244e+11
           11.5    1.95123e+22        7.57517    4.67729e+11
             12    2.50561e+22        10.2121    4.59442e+11
           12.5    3.21063e+22        13.5742    4.51374e+11
             13    4.10541e+22        17.8138    4.43519e+11
           13.5     5.2388e+22         23.105    4.35867e+11
             14    6.67166e+22        29.6461    4.28413e+11
           14.5    8.47966e+22        37.6612    4.21149e+11
             15    1.07568e+23        47.4024    4.14069e+11
           15.5    1.36196e+23        59.1515    4.07166e+11
             16    1.72121e+23        73.2222    4.00435e+11
           16.5    2.17126e+23        89.9616     3.9387e+11
             17    2.73407e+23        109.752    3.87464e+11
           17.5    3.43672e+23        133.014    3.81214e+11
             18    4.31247e+23        160.206    3.75114e+11
           18.5     5.4022e+23        191.828    3.69158e+11
             19    6.75601e+23        228.421    3.63343e+11
           19.5    8.43524e+23        270.572    3.57664e+11
             20    1.05149e+24        318.913    3.52116e+11
           20.5    1.30865e+24        374.123    3.46696e+11
             21    1.62617e+24         436.93      3.414e+11
           21.5    2.01764e+24        508.111    3.36223e+11
             22    2.49958e+24        588.495    3.31163e+11
           22.5    3.09205e+24        678.964    3.26215e+11
             23    3.81938e+24        780.453    3.21377e+11
           23.5    4.71103e+24        893.953    3.16644e+11
             24    5.80263e+24        1020.51    3.12014e+11
           24.5    7.13725e+24        1161.22    3.07485e+11
             25    8.76683e+24        1317.25    3.03052e+11
           25.5     1.0754e+25        1489.82    2.98713e+11
             26     1.3174e+25         1680.2    2.94466e+11
           26.5    1.61176e+25        1889.73    2.90308e+11
             27    1.96935e+25         2119.8    2.86236e+11
           27.5    2.40323e+25        2371.88    2.82248e+11
             28    2.92904e+25        2647.47    2.78342e+11
           28.5    3.56549e+25        2948.17    2.74515e+11
             29    4.33497e+25         3275.6    2.70766e+11
           29.5    5.26421e+25        3631.48    2.67091e+11
             30    6.38511e+25        4017.55     2.6349e+11
           30.5    7.73566e+25        4435.65     2.5996e+11
             31    9.36114e+25        4887.66    2.56499e+11
           31.5    1.13154e+26        5375.53    2.53106e+11
             32    1.36623e+26        5901.25    2.49778e+11
           32.5    1.64778e+26        6466.91    2.46515e+11
             33     1.9852e+26        7074.63    2.43314e+11
           33.5    2.38916e+26        7726.59    2.40173e+11
             34    2.87227e+26        8425.05    2.37092e+11
           34.5    3.44946e+26         9172.3    2.34068e+11
             35    4.13838e+26        9970.71    2.31101e+11
           35.5    4.95985e+26        10822.7    2.28189e+11
             36     5.9384e+26        11730.8     2.2533e+11
           36.5    7.10298e+26        12697.4    2.22523e+11
             37    8.48763e+26        13725.2    2.19767e+11
           37.5    1.01324e+27        14816.9    2.17061e+11
             38    1.20844e+27          15975    2.14404e+11
           38.5    1.43988e+27        17202.5    2.11794e+11
             39    1.71404e+27          18502    2.09229e+11
           39.5    2.03854e+27        19876.4     2.0671e+11
             40    2.42226e+27        21328.7    2.04236e+11
           40.5    2.87563e+27        22861.8    2.01804e+11
             41    3.41083e+27        24478.6    1.99414e+11
           41.5    4.04208e+27        26182.2    1.97065e+11
             42    4.78602e+27        27975.8    1.94756e+11
           42.5    5.66201e+27        29862.4    1.92487e+11
             43    6.69266e+27        31845.3    1.90256e+11
           43.5     7.9043e+27        33927.6    1.88062e+11
             44    9.32756e+27        36112.6    1.85905e+11
           44.5    1.09981e+28        38403.6    1.83783e+11
             45    1.29573e+28          40804    1.81697e+11
           45.5    1.52533e+28        43317.1    1.79645e+11
             46     1.7942e+28        45946.4    1.77626e+11
           46.5     2.1088e+28        48695.3    1.75641e+11
             47    2.47665e+28        51567.2    1.73687e+11
           47.5    2.90643e+28        54565.8    1.71764e+11
             48    3.40821e+28        57694.4    1.69873e+11
           48.5    3.99362e+28        60956.8    1.68011e+11
             49    4.67612e+28        64356.6    1.66179e+11
           49.5    5.47122e+28        67897.2    1.64375e+11
             50    6.39688e+28        71582.5      1.626e+11
           50.5    7.47376e+28        75416.1    1.60852e+11
             51    8.72572e+28        79401.6    1.59132e+11
           51.5    1.01802e+29        83542.9    1.57437e+11
             52    1.18689e+29        87843.7    1.55769e+11
           52.5    1.38281e+29        92307.7    1.54126e+11
             53    1.60998e+29        96938.8    1.52509e+11
           53.5    1.87319e+29         101741    1.50915e+11
             54    2.17798e+29         106717    1.49345e+11
           54.5    2.53068e+29         111872    1.47799e+11
             55    2.93856e+29         117210    1.46276e+11
           55.5    3.40997e+29         122733    1.44775e+11
             56    3.95446e+29         128447    1.43297e+11
           56.5    4.58295e+29         134355     1.4184e+11
             57    5.30799e+29         140460    1.40404e+11
           57.5    6.14388e+29         146767    1.38989e+11
             58    7.10699e+29         153280    1.37595e+11
           58.5    8.21604e+29         160003     1.3622e+11
             59    9.49238e+29         166939    1.34865e+11
           59.5    1.09604e+30         174092     1.3353e+11
             60    1.26479e+30         181467    1.32213e+11
           60.5    1.45865e+30         189067    1.30915e+11
             61    1.68125e+30         196897    1.29635e+11
           61.5    1.93669e+30         204959    1.28373e+11
             62    2.22965e+30         213258    1.27129e+11
           62.5    2.56547e+30         221799    1.25902e+11
             63    2.95019e+30         230584    1.24691e+11
           63.5    3.39072e+30         239618    1.23498e+11
             64    3.89486e+30         248905     1.2232e+11
           64.5    4.47149e+30         258448    1.21159e+11
             65    5.13069e+30         268252    1.20013e+11
           65.5    5.88389e+30         278320    1.18883e+11
             66    6.74404e+30         288656    1.17768e+11
           66.5    7.72583e+30         299264    1.16668e+11
             67    8.84589e+30         310149    1.15582e+11
           67.5     1.0123e+31         321313    1.14511e+11
             68    1.15786e+31         332760    1.13454e+11
           68.5    1.32366e+31         344495    1.12411e+11
             69    1.51243e+31         356522    1.11381e+11
           69.5    1.72725e+31         368843    1.10365e+11
             70     1.9716e+31         381463    1.09362e+11
           70.5    2.24939e+31         394385    1.08372e+11
             71    2.56507e+31         407614    1.07395e+11
           71.5    2.92361e+31         421152     1.0643e+11
             72    3.33065e+31         435004    1.05478e+11
           72.5    3.79254e+31         449174    1.04537e+11
             73    4.31643e+31         463664    1.03609e+11
           73.5    4.91036e+31         478479    1.02692e+11
             74     5.5834e+31         493622    1.01787e+11
           74.5    6.34573e+31         509097    1.00893e+11
             75    7.20881e+31         524907     1.0001e+11
           75.5    8.18552e+31         541056    9.91381e+10
             76    9.29035e+31         557547     9.8277e+10
           76.5    1.05395e+32         574384    9.74265e+10
             77    1.19513e+32         591571    9.65864e+10
           77.5    1.35463e+32         609110    9.57566e+10
             78    1.53472e+32         627006    9.49369e+10
           78.5    1.73801e+32         645261    9.41271e+10
             79    1.96736e+32         663879     9.3327e+10
           79.5    2.22602e+32         682863    9.25366e+10
             80    2.51761e+32         702217    9.17556e+10
           80.5    2.84619e+32         721944     9.0984e+10
             81     3.2163e+32         742046    9.02215e+10
           81.5    3.63302e+32         762529    8.94681e+10
             82    4.10203e+32         783393    8.87235e+10
           82.5    4.62967e+32         804644    8.79877e+10
             83    5.22306e+32         826283    8.72605e+10
           83.5     5.8901e+32         848314    8.65418e+10
             84    6.63967e+32         870740    8.58315e+10
           84.5    7.48162e+32         893564    8.51293e+10
             85      8.427e+32         916789    8.44353e+10
           85.5    9.48809e+32         940418    8.37493e+10
             86    1.06786e+33         964454    8.30711e+10
           86.5    1.20139e+33         988899    8.24006e+10
             87    1.35108e+33    1.01376e+06    8.17378e+10
           87.5    1.51885e+33    1.03903e+06    8.10825e+10
             88     1.7068e+33    1.06472e+06    8.04346e+10
           88.5    1.91729e+33    1.09084e+06     7.9794e+10
             89    2.15293e+33    1.11738e+06    7.91605e+10
           89.5    2.41662e+33    1.14434e+06    7.85342e+10
             90    2.71161e+33    1.17173e+06    7.79148e+10
           90.5    3.04149e+33    1.19956e+06    7.73023e+10
             91    3.41026e+33    1.22782e+06    7.66966e+10
           91.5    3.82236e+33    1.25652e+06    7.60975e+10
             92    4.28271e+33    1.28565e+06     7.5505e+10
           92.5     4.7968e+33    1.31523e+06    7.49191e+10
             93    5.37068e+33    1.34525e+06    7.43395e+10
           93.5     6.0111e+33    1.37572e+06    7.37662e+10
             94    6.72554e+33    1.40664e+06    7.31991e+10
           94.5    7.52227e+33    1.43802e+06    7.26381e+10
             95    8.41047e+33    1.46984e+06    7.20832e+10
           95.5    9.40033e+33    1.50213e+06    7.15343e+10
             96    1.05031e+34    1.53487e+06    7.09912e+10
           96.5    1.17313e+34    1.56807e+06    7.04539e+10
             97    1.30986e+34    1.60173e+06    6.99223e+10
           97.5    1.46205e+34    1.63587e+06    6.93963e+10
             98    1.63138e+34    1.67046e+06    6.88759e+10
           98.5    1.81971e+34    1.70553e+06    6.83609e+10
             99    2.02913e+34    1.74107e+06    6.78514e+10
           99.5     2.2619e+34    1.77708e+06    6.73472e+10
            100    2.52056e+34    1.81357e+06    6.68482e+10
          100.5     2.8079e+34    1.85054e+06    6.63544e+10
            101      3.127e+34    1.88798e+06    6.58658e+10
          101.5    3.48125e+34    1.92591e+06    6.53821e+10
            102    3.87442e+34    1.96432e+06    6.49035e+10
          102.5    4.31063e+34    2.00322e+06    6.44297e+10
            103    4.79447e+34     2.0426e+06    6.39608e+10
          103.5    5.33096e+34    2.08247e+06    6.34967e+10
            104    5.92565e+34    2.12283e+06    6.30373e+10
          104.5    6.58468e+34    2.16368e+06    6.25826e+10
            105    7.31477e+34    2.20503e+06    6.21324e+10
          105.5    8.12337e+34    2.24687e+06    6.16868e+10
            106    9.01864e+34     2.2892e+06    6.12456e+10
          106.5    1.00096e+35    2.33204e+06    6.08089e+10
            107    1.11061e+35    2.37537e+06    6.03765e+10
          107.5    1.23192e+35    2.41921e+06    5.99484e+10
            108    1.36607e+35    2.46355e+06    5.95245e+10
          108.5    1.51439e+35    2.50839e+06    5.91049e+10
            109    1.67833e+35    2.55374e+06    5.86894e+10
          109.5    1.85948e+35     2.5996e+06    5.82779e+10
            110    2.05959e+35    2.64596e+06    5.78705e+10
          110.5    2.28059e+35    2.69283e+06    5.74671e+10
            111    2.52459e+35    2.74021e+06    5.70676e+10
          111.5    2.79391e+35    2.78811e+06     5.6672e+10
            112     3.0911e+35    2.83651e+06    5.62802e+10
          112.5    3.41895e+35    2.88543e+06    5.58922e+10
            113    3.78053e+35    2.93487e+06    5.55079e+10
          113.5     4.1792e+35    2.98482e+06    5.51273e+10
            114    4.61866e+35    3.03529e+06    5.47503e+10
          114.5    5.10294e+35    3.08628e+06     5.4377e+10
            115    5.63648e+35    3.13778e+06    5.40072e+10
          115.5    6.22413e+35    3.18981e+06    5.36409e+10
            116    6.87122e+35    3.24235e+06    5.32781e+10
          116.5    7.58357e+35    3.29542e+06    5.29187e+10
            117    8.36757e+35    3.34901e+06    5.25627e+10
          117.5     9.2302e+35    3.40313e+06      5.221e+10
            118    1.01791e+36    3.45776e+06    5.18606e+10
          118.5    1.12227e+36    3.51293e+06    5.15145e+10
            119      1.237e+36    3.56862e+06    5.11716e+10
          119.5    1.36312e+36    3.62483e+06    5.08318e+10
            120    1.50171e+36    3.68157e+06    5.04953e+10
          120.5    1.65397e+36    3.73884e+06    5.01618e+10
            121    1.82121e+36    3.79664e+06    4.98314e+10
          121.5    2.00486e+36    3.85496e+06     4.9504e+10
            122    2.20647e+36    3.91382e+06    4.91796e+10
          122.5    2.42777e+36     3.9732e+06    4.88582e+10
            123    2.67059e+36    4.03312e+06    4.85397e+10
          123.5    2.93699e+36    4.09356e+06    4.82241e+10
            124    3.22917e+36    4.15454e+06    4.79113e+10
          124.5    3.54956e+36    4.21605e+06    4.76014e+10
            125    3.90079e+36    4.27809e+06    4.72942e+10
          125.5    4.28575e+36    4.34066e+06    4.69898e+10
            126    4.70758e+36    4.40376e+06    4.66882e+10
          126.5     5.1697e+36     4.4674e+06    4.63892e+10
            127    5.67584e+36    4.53157e+06    4.60929e+10
          127.5    6.23008e+36    4.59627e+06    4.57992e+10
            128    6.83684e+36    4.66151e+06    4.55082e+10
          128.5    7.50094e+36    4.72728e+06    4.52197e+10
            129    8.22766e+36    4.79358e+06    4.49337e+10
          129.5    9.02271e+36    4.86042e+06    4.46503e+10
            130    9.89233e+36    4.92779e+06    4.43693e+10
          130.5    1.08433e+37     4.9957e+06    4.40908e+10
            131     1.1883e+37    5.06414e+06    4.38147e+10
          131.5    1.30194e+37    5.13311e+06     4.3541e+10
            132    1.42614e+37    5.20262e+06    4.32697e+10
          132.5    1.56183e+37    5.27266e+06    4.30008e+10
            133    1.71005e+37    5.34323e+06    4.27342e+10
          133.5    1.87193e+37    5.41434e+06    4.24698e+10
            134    2.04869e+37    5.48598e+06    4.22078e+10
          134.5    2.24164e+37    5.55816e+06    4.19479e+10
            135    2.45223e+37    5.63086e+06    4.16903e+10
          135.5    2.68203e+37    5.70411e+06    4.14349e+10
            136    2.93274e+37    5.77788e+06    4.11817e+10
          136.5    3.20619e+37    5.85219e+06    4.09306e+10
            137    3.50439e+37    5.92703e+06    4.06817e+10
          137.5    3.82952e+37     6.0024e+06    4.04348e+10
            138    4.18393e+37     6.0783e+06      4.019e+10
          138.5    4.57018e+37    6.15474e+06    3.99473e+10
            139    4.99105e+37     6.2317e+06    3.97066e+10
          139.5    5.44955e+37     6.3092e+06    3.94679e+10
            140    5.94894e+37    6.38723e+06    3.92312e+10
          140.5    6.49275e+37    6.46578e+06    3.89965e+10
            141    7.08483e+37    6.54487e+06    3.87637e+10
          141.5    7.72933e+37    6.62449e+06    3.85328e+10
            142    8.43076e+37    6.70463e+06    3.83039e+10
          142.5    9.19398e+37     6.7853e+06    3.80768e+10
            143    1.00243e+38    6.86651e+06    3.78516e+10
          143.5    1.09274e+38    6.94823e+06    3.76283e+10
            144    1.19095e+38    7.03049e+06    3.74068e+10
          144.5    1.29773e+38    7.11327e+06     3.7187e+10
            145    1.41381e+38    7.19657e+06    3.69691e+10
          145.5    1.53997e+38     7.2804e+06    3.67529e+10
            146    1.67705e+38    7.36476e+06    3.65385e+10
          146.5    1.82599e+38    7.44963e+06    3.63258e+10
            147    1.98778e+38    7.53503e+06    3.61149e+10
          147.5    2.16348e+38    7.62095e+06    3.59056e+10
            148    2.35426e+38     7.7074e+06     3.5698e+10
          148.5    2.56137e+38    7.79436e+06    3.54921e+10
            149    2.78619e+38    7.88185e+06    3.52878e+10
          149.5    3.03016e+38    7.96985e+06    3.50851e+10
            150    3.29487e+38    8.05837e+06    3.48841e+10
          150.5    3.58205e+38    8.14741e+06    3.46846e+10
            151    3.89353e+38    8.23697e+06    3.44867e+10
          151.5    4.23131e+38    8.32704e+06    3.42904e+10
            152    4.59755e+38    8.41762e+06    3.40956e+10
          152.5    4.99458e+38    8.50873e+06    3.39024e+10
            153     5.4249e+38    8.60034e+06    3.37107e+10
          153.5    5.89123e+38    8.69247e+06    3.35205e+10
            154    6.39649e+38     8.7851e+06    3.33317e+10
          154.5    6.94383e+38    8.87825e+06    3.31444e+10
            155    7.53666e+38    8.97191e+06    3.29586e+10
          155.5    8.17864e+38    9.06608e+06    3.27742e+10
            156    8.87374e+38    9.16075e+06    3.25913e+10
          156.5    9.62621e+38    9.25594e+06    3.24097e+10
            157    1.04406e+39    9.35162e+06    3.22296e+10
          157.5     1.1322e+39    9.44781e+06    3.20508e+10
            158    1.22756e+39    9.54451e+06    3.18734e+10
          158.5    1.33073e+39    9.64171e+06    3.16974e+10
            159    1.44231e+39    9.73941e+06    3.15227e+10
          159.5    1.56299e+39    9.83761e+06    3.13494e+10
            160    1.69347e+39    9.93631e+06    3.11773e+10
          160.5    1.83453e+39    1.00355e+07    3.10066e+10
            161      1.987e+39    1.01352e+07    3.08371e+10
          161.5    2.15178e+39    1.02354e+07     3.0669e+10
            162    2.32983e+39    1.03361e+07    3.05021e+10
          162.5     2.5222e+39    1.04373e+07    3.03364e+10
            163    2.72999e+39    1.05389e+07     3.0172e+10
          163.5    2.95442e+39    1.06411e+07    3.00088e+10
            164    3.19676e+39    1.07438e+07    2.98469e+10
          164.5    3.45842e+39    1.08469e+07    2.96861e+10
            165    3.74087e+39    1.09505e+07    2.95265e+10
          165.5    4.04574e+39    1.10546e+07    2.93682e+10
            166    4.37474e+39    1.11592e+07     2.9211e+10
          166.5    4.72973e+39    1.12643e+07    2.90549e+10
            167    5.11271e+39    1.13699e+07       2.89e+10
          167.5    5.52581e+39     1.1476e+07    2.87463e+10
            168    5.97133e+39    1.15825e+07    2.85937e+10
          168.5    6.45175e+39    1.16895e+07    2.84422e+10
            169    6.96972e+39     1.1797e+07    2.82918e+10
          169.5    7.52809e+39     1.1905e+07    2.81425e+10
            170    8.12992e+39    1.20134e+07    2.79942e+10
          170.5    8.77848e+39    1.21223e+07    2.78471e+10
            171    9.47731e+39    1.22317e+07     2.7701e+10
          171.5    1.02302e+40    1.23416e+07     2.7556e+10
            172    1.10412e+40    1.24519e+07     2.7412e+10
          172.5    1.19146e+40    1.25627e+07    2.72691e+10
            173    1.28552e+40     1.2674e+07    2.71272e+10
          173.5    1.38679e+40    1.27857e+07    2.69863e+10
            174    1.49581e+40    1.28979e+07    2.68464e+10
          174.5    1.61316e+40    1.30105e+07    2.67076e+10
            175    1.73945e+40    1.31237e+07    2.65697e+10
          175.5    1.87535e+40    1.32372e+07    2.64328e+10
            176    2.02157e+40    1.33513e+07    2.62968e+10
          176.5    2.17886e+40    1.34658e+07    2.61619e+10
            177    2.34805e+40    1.35807e+07    2.60278e+10
          177.5    2.52999e+40    1.36961e+07    2.58948e+10
            178    2.72564e+40     1.3812e+07    2.57626e+10
          178.5    2.93599e+40    1.39283e+07    2.56314e+10
            179    3.16211e+40     1.4045e+07    2.55011e+10
          179.5    3.40515e+40    1.41623e+07    2.53718e+10
            180    3.66634e+40    1.42799e+07    2.52433e+10
          180.5      3.947e+40     1.4398e+07    2.51157e+10
            181    4.24853e+40    1.45166e+07     2.4989e+10
          181.5    4.57245e+40    1.46355e+07    2.48632e+10
            182    4.92036e+40     1.4755e+07    2.47383e+10
          182.5      5.294e+40    1.48748e+07    2.46142e+10
            183    5.69521e+40    1.49952e+07     2.4491e+10
          183.5    6.12597e+40    1.51159e+07    2.43686e+10
            184    6.58838e+40    1.52371e+07    2.42471e+10
          184.5    7.08471e+40    1.53587e+07    2.41264e+10
            185    7.61738e+40    1.54807e+07    2.40066e+10
          185.5    8.18896e+40    1.56032e+07    2.38875e+10
            186    8.80222e+40    1.57261e+07    2.37693e+10
          186.5    9.46011e+40    1.58494e+07    2.36519e+10
            187    1.01658e+41    1.59732e+07    2.35352e+10
          187.5    1.09226e+41    1.60974e+07    2.34194e+10
            188    1.17342e+41     1.6222e+07    2.33043e+10
          188.5    1.26044e+41     1.6347e+07    2.31901e+10
            189    1.35373e+41    1.64724e+07    2.30766e+10
          189.5    1.45373e+41    1.65983e+07    2.29638e+10
            190    1.56091e+41    1.67246e+07    2.28518e+10
          190.5    1.67576e+41    1.68513e+07    2.27406e+10
            191    1.79884e+41    1.69784e+07    2.26301e+10
          191.5    1.93069e+41    1.71059e+07    2.25204e+10
            192    2.07194e+41    1.72338e+07    2.24114e+10
          192.5    2.22323e+41    1.73622e+07    2.23031e+10
            193    2.38526e+41    1.74909e+07    2.21955e+10
          193.5    2.55876e+41    1.76201e+07    2.20886e+10
            194    2.74453e+41    1.77496e+07    2.19825e+10
          194.5    2.94341e+41    1.78796e+07     2.1877e+10
            195    3.15629e+41    1.80099e+07    2.17723e+10
          195.5    3.38414e+41    1.81407e+07    2.16682e+10
            196    3.62798e+41    1.82718e+07    2.15648e+10
          196.5    3.88888e+41    1.84034e+07    2.14621e+10
            197    4.16803e+41    1.85353e+07    2.13601e+10
          197.5    4.46665e+41    1.86676e+07    2.12587e+10
            198    4.78607e+41    1.88003e+07     2.1158e+10
          198.5    5.12768e+41    1.89334e+07     2.1058e+10
            199    5.49299e+41    1.90669e+07    2.09586e+10
          199.5    5.88361e+41    1.92008e+07    2.08598e+10
            200    6.30121e+41    1.93351e+07    2.07617e+10
          200.5    6.74763e+41    1.94697e+07    2.06642e+10
            201    7.22479e+41    1.96048e+07    2.05674e+10
          201.5    7.73475e+41    1.97402e+07    2.04712e+10
            202    8.27969e+41     1.9876e+07    2.03756e+10
          202.5    8.86195e+41    2.00121e+07    2.02806e+10
            203    9.48401e+41    2.01487e+07    2.01862e+10
          203.5    1.01485e+42    2.02856e+07    2.00924e+10
            204    1.08583e+42    2.04228e+07    1.99992e+10
          204.5    1.16163e+42    2.05605e+07    1.99066e+10
            205    1.24257e+42    2.06985e+07    1.98146e+10
          205.5      1.329e+42    2.08369e+07    1.97232e+10
            206    1.42127e+42    2.09756e+07    1.96323e+10
          206.5    1.51977e+42    2.11147e+07    1.95421e+10
            207     1.6249e+42    2.12542e+07    1.94524e+10
          207.5     1.7371e+42     2.1394e+07    1.93632e+10
            208    1.85684e+42    2.15342e+07    1.92747e+10
          208.5    1.98459e+42    2.16748e+07    1.91867e+10
            209     2.1209e+42    2.18156e+07    1.90992e+10
          209.5     2.2663e+42    2.19569e+07    1.90123e+10
            210    2.42139e+42    2.20985e+07    1.89259e+10
          210.5    2.58679e+42    2.22404e+07    1.88401e+10
            211    2.76319e+42    2.23827e+07    1.87548e+10
          211.5    2.95127e+42    2.25254e+07      1.867e+10
            212     3.1518e+42    2.26683e+07    1.85858e+10
          212.5    3.36557e+42    2.28117e+07     1.8502e+10
            213    3.59345e+42    2.29553e+07    1.84188e+10
          213.5    3.83631e+42    2.30993e+07    1.83361e+10
            214    4.09514e+42    2.32437e+07    1.82539e+10
          214.5    4.37094e+42    2.33884e+07    1.81723e+10
            215     4.6648e+42    2.35334e+07    1.80911e+10
          215.5    4.97787e+42    2.36787e+07    1.80104e+10
            216    5.31136e+42    2.38244e+07    1.79302e+10
          216.5    5.66657e+42    2.39704e+07    1.78505e+10
            217    6.04488e+42    2.41167e+07    1.77713e+10
          217.5    6.44774e+42    2.42634e+07    1.76926e+10
            218     6.8767e+42    2.44104e+07    1.76143e+10
          218.5     7.3334e+42    2.45577e+07    1.75366e+10
            219     7.8196e+42    2.47053e+07    1.74593e+10
          219.5    8.33713e+42    2.48532e+07    1.73824e+10
            220    8.88796e+42    2.50015e+07     1.7306e+10
          220.5    9.47418e+42    2.51501e+07    1.72301e+10
            221     1.0098e+43     2.5299e+07    1.71547e+10
          221.5    1.07617e+43    2.54482e+07    1.70797e+10
            222    1.14679e+43    2.55977e+07    1.70051e+10
          222.5    1.22191e+43    2.57475e+07     1.6931e+10
            223    1.30181e+43    2.58976e+07    1.68573e+10
          223.5     1.3868e+43    2.60481e+07    1.67841e+10
            224    1.47717e+43    2.61988e+07    1.67113e+10
          224.5    1.57328e+43    2.63498e+07     1.6639e+10
            225    1.67546e+43    2.65012e+07     1.6567e+10
          225.5     1.7841e+43    2.66528e+07    1.64955e+10
            226    1.89959e+43    2.68048e+07    1.64245e+10
          226.5    2.02234e+43     2.6957e+07    1.63538e+10
            227    2.15281e+43    2.71095e+07    1.62836e+10
          227.5    2.29146e+43    2.72624e+07    1.62137e+10
            228    2.43879e+43    2.74155e+07    1.61443e+10
          228.5    2.59533e+43    2.75689e+07    1.60753e+10
            229    2.76164e+43    2.77226e+07    1.60067e+10
          229.5    2.93832e+43    2.78765e+07    1.59385e+10
            230    3.12598e+43    2.80308e+07    1.58707e+10
          230.5     3.3253e+43    2.81853e+07    1.58033e+10
            231    3.53698e+43    2.83402e+07    1.57362e+10
          231.5    3.76176e+43    2.84953e+07    1.56696e+10
            232    4.00043e+43    2.86507e+07    1.56034e+10
          232.5    4.25382e+43    2.88063e+07    1.55375e+10
            233    4.52282e+43    2.89622e+07     1.5472e+10
          233.5    4.80835e+43    2.91185e+07    1.54069e+10
            234    5.11142e+43    2.92749e+07    1.53422e+10
          234.5    5.43306e+43    2.94317e+07    1.52778e+10
            235    5.77438e+43    2.95887e+07    1.52138e+10
          235.5    6.13655e+43     2.9746e+07    1.51502e+10
            236    6.52081e+43    2.99035e+07     1.5087e+10
          236.5    6.92847e+43    3.00613e+07    1.50241e+10
            237     7.3609e+43    3.02194e+07    1.49615e+10
          237.5    7.81959e+43    3.03777e+07    1.48994e+10
            238    8.30606e+43    3.05363e+07    1.48375e+10
          238.5    8.82197e+43    3.06952e+07    1.47761e+10
            239    9.36903e+43    3.08543e+07    1.47149e+10
          239.5    9.94908e+43    3.10136e+07    1.46542e+10
            240    1.05641e+44    3.11733e+07    1.45937e+10
          240.5     1.1216e+44    3.13331e+07    1.45336e+10
            241    1.19071e+44    3.14932e+07    1.44739e+10
          241.5    1.26395e+44    3.16536e+07    1.44145e+10
            242    1.34158e+44    3.18142e+07    1.43554e+10
          242.5    1.42385e+44     3.1975e+07    1.42966e+10
            243    1.51102e+44    3.21361e+07    1.42382e+10
          243.5    1.60337e+44    3.22975e+07    1.41801e+10
            244    1.70122e+44     3.2459e+07    1.41223e+10
          244.5    1.80488e+44    3.26208e+07    1.40649e+10
            245    1.91468e+44    3.27829e+07    1.40078e+10
          245.5    2.03097e+44    3.29452e+07    1.39509e+10
            246    2.15414e+44    3.31077e+07    1.38944e+10
          246.5    2.28456e+44    3.32704e+07    1.38383e+10
            247    2.42267e+44    3.34334e+07    1.37824e+10
          247.5    2.56889e+44    3.35966e+07    1.37268e+10
            248     2.7237e+44    3.37601e+07    1.36716e+10
          248.5    2.88758e+44    3.39237e+07    1.36166e+10
            249    3.06105e+44    3.40876e+07     1.3562e+10
          249.5    3.24466e+44    3.42517e+07    1.35076e+10
            250    3.43897e+44     3.4416e+07    1.34536e+10
          250.5     3.6446e+44    3.45806e+07    1.33998e+10
            251    3.86219e+44    3.47454e+07    1.33463e+10
          251.5    4.09241e+44    3.49103e+07    1.32932e+10
            252    4.33598e+44    3.50755e+07    1.32403e+10
          252.5    4.59365e+44     3.5241e+07    1.31877e+10
            253    4.86621e+44    3.54066e+07    1.31354e+10
          253.5    5.15449e+44    3.55724e+07    1.30833e+10
            254    5.45939e+44    3.57385e+07    1.30316e+10
          254.5    5.78182e+44    3.59047e+07    1.29801e+10
            255    6.12278e+44    3.60712e+07    1.29289e+10
          255.5    6.48329e+44    3.62378e+07     1.2878e+10
            256    6.86445e+44    3.64047e+07    1.28274e+10
          256.5    7.26739e+44    3.65718e+07     1.2777e+10
            257    7.69335e+44    3.67391e+07    1.27269e+10
          257.5    8.14358e+44    3.69065e+07    1.26771e+10
            258    8.61944e+44    3.70742e+07    1.26276e+10
          258.5    9.12235e+44    3.72421e+07    1.25783e+10
            259    9.65379e+44    3.74101e+07    1.25292e+10
          259.5    1.02153e+45    3.75784e+07    1.24805e+10
            260    1.08087e+45    3.77468e+07     1.2432e+10
          260.5    1.14355e+45    3.79154e+07    1.23837e+10
            261    1.20977e+45    3.80843e+07    1.23357e+10
          261.5    1.27972e+45    3.82533e+07     1.2288e+10
            262     1.3536e+45    3.84225e+07    1.22405e+10
          262.5    1.43163e+45    3.85918e+07    1.21932e+10
            263    1.51404e+45    3.87614e+07    1.21463e+10
          263.5    1.60106e+45    3.89312e+07    1.20995e+10
            264    1.69295e+45    3.91011e+07     1.2053e+10
          264.5    1.78996e+45    3.92712e+07    1.20068e+10
            265    1.89238e+45    3.94415e+07    1.19608e+10
          265.5     2.0005e+45    3.96119e+07     1.1915e+10
            266    2.11463e+45    3.97826e+07    1.18695e+10
          266.5     2.2351e+45    3.99534e+07    1.18242e+10
            267    2.36223e+45    4.01243e+07    1.17791e+10
          267.5     2.4964e+45    4.02955e+07    1.17343e+10
            268    2.63799e+45    4.04668e+07    1.16897e+10
          268.5    2.78738e+45    4.06383e+07    1.16454e+10
            269    2.94501e+45    4.08099e+07    1.16012e+10
          269.5     3.1113e+45    4.09817e+07    1.15573e+10
            270    3.28673e+45    4.11537e+07    1.15137e+10
          270.5    3.47177e+45    4.13259e+07    1.14702e+10
            271    3.66696e+45    4.14982e+07     1.1427e+10
          271.5    3.87281e+45    4.16706e+07     1.1384e+10
            272    4.08991e+45    4.18432e+07    1.13412e+10
          272.5    4.31884e+45     4.2016e+07    1.12987e+10
            273    4.56024e+45     4.2189e+07    1.12563e+10
          273.5    4.81476e+45     4.2362e+07    1.12142e+10
            274     5.0831e+45    4.25353e+07    1.11723e+10
          274.5    5.36598e+45    4.27087e+07    1.11306e+10
            275    5.66418e+45    4.28822e+07    1.10891e+10
          275.5     5.9785e+45    4.30559e+07    1.10478e+10
            276    6.30979e+45    4.32297e+07    1.10068e+10
          276.5    6.65893e+45    4.34037e+07    1.09659e+10
            277    7.02687e+45    4.35778e+07    1.09253e+10
          277.5    7.41458e+45    4.37521e+07    1.08848e+10
            278    7.82309e+45    4.39265e+07    1.08446e+10
          278.5    8.25351e+45    4.41011e+07    1.08046e+10
            279    8.70696e+45    4.42758e+07    1.07648e+10
          279.5    9.18464e+45    4.44506e+07    1.07251e+10
            280    9.68781e+45    4.46256e+07    1.06857e+10
          280.5    1.02178e+46    4.48007e+07    1.06465e+10
            281     1.0776e+46    4.49759e+07    1.06074e+10
          281.5    1.13639e+46    4.51513e+07    1.05686e+10
            282    1.19829e+46    4.53268e+07    1.05299e+10
          282.5    1.26348e+46    4.55024e+07    1.04915e+10
            283    1.33211e+46    4.56782e+07    1.04532e+10
          283.5    1.40437e+46    4.58541e+07    1.04152e+10
            284    1.48045e+46    4.60301e+07    1.03773e+10
          284.5    1.56053e+46    4.62062e+07    1.03396e+10
            285    1.64483e+46    4.63825e+07    1.03021e+10
          285.5    1.73356e+46    4.65589e+07    1.02648e+10
            286    1.82694e+46    4.67354e+07    1.02276e+10
          286.5    1.92522e+46     4.6912e+07    1.01907e+10
            287    2.02864e+46    4.70888e+07    1.01539e+10
          287.5    2.13746e+46    4.72657e+07    1.01173e+10
            288    2.25197e+46    4.74427e+07    1.00809e+10
          288.5    2.37244e+46    4.76198e+07    1.00447e+10
            289    2.49918e+46     4.7797e+07    1.00086e+10
          289.5    2.63251e+46    4.79743e+07    9.97273e+09
            290    2.77275e+46    4.81518e+07    9.93703e+09
          290.5    2.92027e+46    4.83293e+07    9.90151e+09
            291    3.07542e+46     4.8507e+07    9.86615e+09
          291.5    3.23859e+46    4.86848e+07    9.83097e+09
            292    3.41018e+46    4.88626e+07    9.79596e+09
          292.5    3.59061e+46    4.90406e+07    9.76112e+09
            293    3.78033e+46    4.92187e+07    9.72645e+09
          293.5    3.97981e+46    4.93969e+07    9.69195e+09
            294    4.18952e+46    4.95752e+07    9.65761e+09
          294.5    4.40999e+46    4.97536e+07    9.62345e+09
            295    4.64174e+46    4.99321e+07    9.58944e+09
          295.5    4.88534e+46    5.01107e+07     9.5556e+09
            296    5.14138e+46    5.02894e+07    9.52192e+09
          296.5    5.41047e+46    5.04682e+07    9.48841e+09
            297    5.69326e+46    5.06471e+07    9.45505e+09
          297.5    5.99043e+46    5.08261e+07    9.42186e+09
            298     6.3027e+46    5.10052e+07    9.38882e+09
          298.5    6.63079e+46    5.11843e+07    9.35594e+09
            299    6.97551e+46    5.13636e+07    9.32322e+09
          299.5    7.33766e+46    5.15429e+07    9.29066e+09
            300     7.7181e+46    5.17224e+07    9.25825e+09
          300.5    8.11773e+46    5.19019e+07    9.22599e+09
            301     8.5375e+46    5.20815e+07    9.19389e+09
          301.5    8.97838e+46    5.22612e+07    9.16194e+09
            302    9.44141e+46     5.2441e+07    9.13015e+09
          302.5    9.92767e+46    5.26209e+07     9.0985e+09
            303    1.04383e+47    5.28008e+07      9.067e+09
          303.5    1.09745e+47    5.29808e+07    9.03565e+09
            304    1.15375e+47     5.3161e+07    9.00445e+09
          304.5    1.21285e+47    5.33411e+07     8.9734e+09
            305    1.27491e+47    5.35214e+07    8.94249e+09
          305.5    1.34005e+47    5.37018e+07    8.91172e+09
            306    1.40843e+47    5.38822e+07    8.88111e+09
          306.5     1.4802e+47    5.40627e+07    8.85063e+09
            307    1.55554e+47    5.42432e+07     8.8203e+09
          307.5     1.6346e+47    5.44239e+07    8.79011e+09
            308    1.71758e+47    5.46046e+07    8.76006e+09
          308.5    1.80465e+47    5.47854e+07    8.73015e+09
            309    1.89602e+47    5.49662e+07    8.70038e+09
          309.5    1.99188e+47    5.51472e+07    8.67074e+09
            310    2.09247e+47    5.53281e+07    8.64125e+09
          310.5    2.19799e+47    5.55092e+07    8.61189e+09
            311    2.30869e+47    5.56903e+07    8.58267e+09
          311.5    2.42482e+47    5.58715e+07    8.55358e+09
            312    2.54663e+47    5.60527e+07    8.52463e+09
          312.5     2.6744e+47    5.62341e+07    8.49581e+09
            313     2.8084e+47    5.64154e+07    8.46713e+09
          313.5    2.94893e+47    5.65969e+07    8.43857e+09
            314    3.09631e+47    5.67783e+07    8.41015e+09
          314.5    3.25085e+47    5.69599e+07    8.38186e+09
            315    3.41289e+47    5.71415e+07     8.3537e+09
          315.5     3.5828e+47    5.73232e+07    8.32566e+09
            316    3.76094e+47    5.75049e+07    8.29776e+09
          316.5    3.94769e+47    5.76866e+07    8.26998e+09
            317    4.14347e+47    5.78685e+07    8.24233e+09
          317.5    4.34869e+47    5.80503e+07     8.2148e+09
            318     4.5638e+47    5.82323e+07     8.1874e+09
          318.5    4.78927e+47    5.84142e+07    8.16013e+09
            319    5.02557e+47    5.85963e+07    8.13298e+09
          319.5    5.27322e+47    5.87783e+07    8.10595e+09
            320    5.53274e+47    5.89605e+07    8.07905e+09
          320.5    5.80469e+47    5.91426e+07    8.05226e+09
            321    6.08965e+47    5.93248e+07     8.0256e+09
          321.5    6.38822e+47    5.95071e+07    7.99906e+09
            322    6.70103e+47    5.96894e+07    7.97263e+09
          322.5    7.02874e+47    5.98718e+07    7.94633e+09
            323    7.37205e+47    6.00541e+07    7.92014e+09
          323.5    7.73167e+47    6.02366e+07    7.89408e+09
            324    8.10837e+47     6.0419e+07    7.86813e+09
          324.5    8.50292e+47    6.06015e+07    7.84229e+09
            325    8.91615e+47    6.07841e+07    7.81657e+09
          325.5    9.34892e+47    6.09667e+07    7.79097e+09
            326    9.80214e+47    6.11493e+07    7.76548e+09
          326.5    1.02767e+48    6.13319e+07     7.7401e+09
            327    1.07737e+48    6.15146e+07    7.71484e+09
          327.5     1.1294e+48    6.16973e+07    7.68969e+09
            328    1.18388e+48    6.18801e+07    7.66465e+09
          328.5    1.24091e+48    6.20629e+07    7.63972e+09
            329    1.30062e+48    6.22457e+07     7.6149e+09
          329.5    1.36313e+48    6.24285e+07    7.59019e+09
            330    1.42856e+48    6.26114e+07     7.5656e+09
          330.5    1.49704e+48    6.27943e+07    7.54111e+09
            331    1.56872e+48    6.29772e+07    7.51672e+09
          331.5    1.64374e+48    6.31602e+07    7.49245e+09
            332    1.72224e+48    6.33431e+07    7.46828e+09
          332.5     1.8044e+48    6.35261e+07    7.44422e+09
            333    1.89037e+48    6.37092e+07    7.42026e+09
          333.5    1.98033e+48    6.38922e+07    7.39641e+09
            334    2.07445e+48    6.40753e+07    7.37267e+09
          334.5    2.17292e+48    6.42584e+07    7.34902e+09
            335    2.27595e+48    6.44415e+07    7.32549e+09
          335.5    2.38372e+48    6.46246e+07    7.30205e+09
            336    2.49647e+48    6.48078e+07    7.27871e+09
          336.5     2.6144e+48    6.49909e+07    7.25548e+09
            337    2.73775e+48    6.51741e+07    7.23235e+09
          337.5    2.86677e+48    6.53573e+07    7.20932e+09
            338     3.0017e+48    6.55405e+07    7.18639e+09
          338.5    3.14281e+48    6.57238e+07    7.16355e+09
            339    3.29038e+48     6.5907e+07    7.14082e+09
          339.5    3.44469e+48    6.60903e+07    7.11819e+09
            340    3.60604e+48    6.62736e+07    7.09565e+09
          340.5    3.77475e+48    6.64568e+07    7.07321e+09
            341    3.95113e+48    6.66401e+07    7.05087e+09
          341.5    4.13554e+48    6.68234e+07    7.02862e+09
            342    4.32832e+48    6.70067e+07    7.00647e+09
          342.5    4.52985e+48      6.719e+07    6.98441e+09
            343    4.74051e+48    6.73734e+07    6.96245e+09
          343.5     4.9607e+48    6.75567e+07    6.94058e+09
            344    5.19085e+48      6.774e+07     6.9188e+09
          344.5    5.43138e+48    6.79234e+07    6.89712e+09
            345    5.68276e+48    6.81067e+07    6.87553e+09
          345.5    5.94547e+48    6.82901e+07    6.85404e+09
            346    6.21999e+48    6.84734e+07    6.83263e+09
          346.5    6.50684e+48    6.86568e+07    6.81132e+09
            347    6.80657e+48    6.88401e+07    6.79009e+09
          347.5    7.11974e+48    6.90235e+07    6.76896e+09
            348    7.44692e+48    6.92068e+07    6.74792e+09
          348.5    7.78874e+48    6.93902e+07    6.72696e+09
            349    8.14583e+48    6.95735e+07    6.70609e+09
          349.5    8.51885e+48    6.97569e+07    6.68532e+09
            350    8.90849e+48    6.99402e+07    6.66462e+09
          350.5    9.31548e+48    7.01236e+07    6.64402e+09
            351    9.74055e+48    7.03069e+07     6.6235e+09
          351.5    1.01845e+49    7.04902e+07    6.60307e+09
            352    1.06482e+49    7.06736e+07    6.58273e+09
          352.5    1.11323e+49    7.08569e+07    6.56247e+09
            353     1.1638e+49    7.10402e+07     6.5423e+09
          353.5    1.21659e+49    7.12235e+07     6.5222e+09
            354    1.27172e+49    7.14068e+07     6.5022e+09
          354.5    1.32928e+49      7.159e+07    6.48228e+09
            355    1.38937e+49    7.17733e+07    6.46244e+09
          355.5    1.45211e+49    7.19566e+07    6.44268e+09
            356     1.5176e+49    7.21398e+07    6.42301e+09
          356.5    1.58597e+49     7.2323e+07    6.40341e+09
            357    1.65733e+49    7.25063e+07     6.3839e+09
          357.5    1.73182e+49    7.26895e+07    6.36447e+09
            358    1.80957e+49    7.28727e+07    6.34512e+09
          358.5    1.89072e+49    7.30558e+07    6.32585e+09
            359     1.9754e+49     7.3239e+07    6.30666e+09
          359.5    2.06378e+49    7.34221e+07    6.28755e+09
            360    2.15601e+49    7.36052e+07    6.26852e+09
          360.5    2.25225e+49    7.37883e+07    6.24956e+09
            361    2.35266e+49    7.39714e+07    6.23069e+09
          361.5    2.45744e+49    7.41545e+07    6.21189e+09
            362    2.56676e+49    7.43375e+07    6.19317e+09
          362.5     2.6808e+49    7.45206e+07    6.17452e+09
            363    2.79979e+49    7.47036e+07    6.15596e+09
          363.5     2.9239e+49    7.48866e+07    6.13746e+09
            364    3.05338e+49    7.50695e+07    6.11905e+09
          364.5    3.18843e+49    7.52524e+07    6.10071e+09
            365     3.3293e+49    7.54354e+07    6.08244e+09
          365.5    3.47623e+49    7.56182e+07    6.06425e+09
            366    3.62946e+49    7.58011e+07    6.04613e+09
          366.5    3.78927e+49    7.59839e+07    6.02809e+09
            367    3.95593e+49    7.61667e+07    6.01012e+09
          367.5    4.12972e+49    7.63495e+07    5.99222e+09
            368    4.31094e+49    7.65323e+07    5.97439e+09
          368.5     4.4999e+49     7.6715e+07    5.95664e+09
            369    4.69692e+49    7.68977e+07    5.93896e+09
          369.5    4.90233e+49    7.70803e+07    5.92135e+09
            370    5.11649e+49     7.7263e+07    5.90381e+09
          370.5    5.33976e+49    7.74456e+07    5.88634e+09
            371    5.57251e+49    7.76281e+07    5.86895e+09
          371.5    5.81513e+49    7.78107e+07    5.85162e+09
            372    6.06803e+49    7.79932e+07    5.83436e+09
          372.5    6.33163e+49    7.81757e+07    5.81717e+09
            373    6.60638e+49    7.83581e+07    5.80005e+09
          373.5    6.89273e+49    7.85405e+07      5.783e+09
            374    7.19117e+49    7.87229e+07    5.76602e+09
          374.5    7.50217e+49    7.89052e+07     5.7491e+09
            375    7.82627e+49    7.90875e+07    5.73225e+09
          375.5      8.164e+49    7.92697e+07    5.71547e+09
            376    8.51591e+49     7.9452e+07    5.69876e+09
          376.5    8.88258e+49    7.96341e+07    5.68211e+09
            377    9.26462e+49    7.98163e+07    5.66553e+09
          377.5    9.66265e+49    7.99984e+07    5.64901e+09
            378    1.00773e+50    8.01805e+07    5.63256e+09
          378.5    1.05093e+50    8.03625e+07    5.61618e+09
            379    1.09593e+50    8.05445e+07    5.59986e+09
          379.5    1.14281e+50    8.07264e+07     5.5836e+09
            380    1.19164e+50    8.09083e+07    5.56741e+09
          380.5     1.2425e+50    8.10902e+07    5.55128e+09
            381    1.29547e+50     8.1272e+07    5.53522e+09
          381.5    1.35064e+50    8.14537e+07    5.51922e+09
            382     1.4081e+50    8.16355e+07    5.50328e+09
          382.5    1.46793e+50    8.18171e+07    5.48741e+09
            383    1.53024e+50    8.19988e+07    5.47159e+09
          383.5    1.59513e+50    8.21804e+07    5.45584e+09
            384    1.66269e+50    8.23619e+07    5.44015e+09
          384.5    1.73304e+50    8.25434e+07    5.42453e+09
            385    1.80628e+50    8.27248e+07    5.40896e+09
          385.5    1.88254e+50    8.29062e+07    5.39345e+09
            386    1.96193e+50    8.30876e+07    5.37801e+09
          386.5    2.04458e+50    8.32689e+07    5.36262e+09
            387    2.13062e+50    8.34501e+07     5.3473e+09
          387.5    2.22018e+50    8.36313e+07    5.33203e+09
            388    2.31341e+50    8.38125e+07    5.31683e+09
          388.5    2.41045e+50    8.39936e+07    5.30168e+09
            389    2.51144e+50    8.41746e+07    5.28659e+09
          389.5    2.61656e+50    8.43556e+07    5.27156e+09
            390    2.72596e+50    8.45366e+07    5.25659e+09
          390.5    2.83981e+50    8.47175e+07    5.24167e+09
            391    2.95829e+50    8.48983e+07    5.22682e+09
          391.5    3.08158e+50    8.50791e+07    5.21202e+09
            392    3.20987e+50    8.52598e+07    5.19727e+09
          392.5    3.34336e+50    8.54405e+07    5.18259e+09
            393    3.48226e+50    8.56211e+07    5.16796e+09
          393.5    3.62677e+50    8.58017e+07    5.15338e+09
            394    3.77711e+50    8.59822e+07    5.13887e+09
          394.5    3.93353e+50    8.61626e+07    5.12441e+09
            395    4.09624e+50     8.6343e+07       5.11e+09
          395.5    4.26551e+50    8.65233e+07    5.09565e+09
            396    4.44159e+50    8.67036e+07    5.08135e+09
          396.5    4.62474e+50    8.68838e+07    5.06711e+09
            397    4.81524e+50     8.7064e+07    5.05292e+09
          397.5    5.01339e+50    8.72441e+07    5.03879e+09
            398    5.21946e+50    8.74241e+07    5.02471e+09
          398.5    5.43378e+50    8.76041e+07    5.01068e+09
            399    5.65667e+50     8.7784e+07    4.99671e+09
          399.5    5.88846e+50    8.79638e+07    4.98279e+09
            400    6.12949e+50    8.81436e+07    4.96892e+09
Bimolecular fragments density of states, mol/kcal:
    E, kcal/mol           P2_0           P2_1
            0.5         483439        5.77353
              1    1.52181e+06        5.77353
            1.5    3.42087e+06        5.77353
              2    7.60932e+06        5.77353
            2.5    1.59686e+07        5.77353
              3    3.12443e+07        5.77353
            3.5    5.96296e+07        5.77353
              4    1.09594e+08        5.77353
            4.5    1.95542e+08        5.77353
              5    3.40535e+08        5.77353
            5.5    5.79744e+08        5.77353
              6    9.68378e+08        5.77353
            6.5    1.59027e+09        5.77353
              7     2.5697e+09        5.77353
            7.5    4.09361e+09        5.77353
              8     6.4353e+09        5.77353
            8.5    9.99068e+09        5.77353
              9    1.53388e+10        5.77353
            9.5    2.33022e+10        5.77353
             10    3.50477e+10        5.77353
           10.5    5.22294e+10        5.77353
             11    7.71588e+10        5.77353
           11.5    1.13051e+11        5.77353
             12    1.64359e+11        5.77353
           12.5    2.37203e+11        5.77353
             13    3.39946e+11        11.5471
           13.5    4.83966e+11        11.5471
             14     6.8466e+11        11.5471
           14.5    9.62747e+11        11.5471
             15      1.346e+12        11.5471
           15.5    1.87148e+12        11.5471
             16    2.58839e+12        11.5471
           16.5    3.56182e+12        11.5471
             17    4.87755e+12        11.5471
           17.5    6.64811e+12        11.5471
             18    9.02067e+12        11.5471
           18.5     1.2187e+13        11.5471
             19    1.63959e+13        11.5471
           19.5    2.19696e+13        11.5471
             20    2.93234e+13        11.5471
           20.5    3.89916e+13        11.5471
             21    5.16586e+13        11.5471
           21.5    6.81996e+13        11.5471
             22    8.97295e+13        11.5471
           22.5    1.17665e+14        11.5471
             23    1.53803e+14        11.5471
           23.5    2.00413e+14        11.5471
             24    2.60357e+14        11.5471
           24.5    3.37235e+14        11.5471
             25    4.35565e+14        11.5471
           25.5    5.60999e+14        17.3206
             26    7.20598e+14        17.3206
           26.5     9.2316e+14        17.3206
             27    1.17962e+15        17.3206
           27.5    1.50356e+15        17.3206
             28    1.91176e+15        17.3206
           28.5    2.42501e+15        17.3206
             29    3.06888e+15        17.3206
           29.5     3.8749e+15        17.3206
             30    4.88176e+15        17.3206
           30.5    6.13692e+15        17.3206
             31    7.69846e+15        17.3206
           31.5    9.63734e+15        17.3206
             32    1.20401e+16        17.3206
           32.5    1.50121e+16        17.3206
             33    1.86815e+16        17.3206
           33.5    2.32036e+16        17.3206
             34    2.87668e+16        17.3206
           34.5    3.55989e+16        17.3206
             35     4.3975e+16        17.3206
           35.5    5.42269e+16        17.3206
             36    6.67543e+16        17.3206
           36.5    8.20376e+16        17.3206
             37    1.00654e+17        17.3206
           37.5    1.23295e+17        17.3206
             38    1.50789e+17        17.3206
           38.5    1.84127e+17        23.0941
             39    2.24492e+17        23.0941
           39.5    2.73295e+17        23.0941
             40    3.32217e+17        23.0941
           40.5    4.03256e+17        23.0941
             41     4.8879e+17        23.0941
           41.5    5.91637e+17        23.0941
             42    7.15139e+17        23.0941
           42.5    8.63253e+17        23.0941
             43    1.04066e+18        23.0941
           43.5    1.25288e+18        23.0941
             44    1.50644e+18        23.0941
           44.5    1.80902e+18        23.0941
             45    2.16968e+18        23.0941
           45.5    2.59904e+18        23.0941
             46    3.10962e+18        23.0941
           46.5    3.71607e+18        23.0941
             47    4.43561e+18        23.0941
           47.5    5.28837e+18        23.0941
             48    6.29793e+18        23.0941
           48.5    7.49182e+18        23.0941
             49    8.90222e+18        23.0941
           49.5    1.05667e+19        23.0941
             50    1.25289e+19        23.0941
           50.5    1.48398e+19        23.0941
             51    1.75587e+19        28.8676
           51.5    2.07545e+19        28.8676
             52    2.45072e+19        28.8676
           52.5    2.89095e+19        28.8676
             53    3.40691e+19        28.8676
           53.5    4.01107e+19        28.8676
             54    4.71784e+19        28.8676
           54.5    5.54392e+19        28.8676
             55    6.50857e+19        28.8676
           55.5    7.63404e+19        28.8676
             56    8.94602e+19        28.8676
           56.5    1.04741e+20        28.8676
             57    1.22523e+20        28.8676
           57.5    1.43199e+20        28.8676
             58     1.6722e+20        28.8676
           58.5    1.95105e+20        28.8676
             59    2.27448e+20        28.8676
           59.5    2.64932e+20        28.8676
             60    3.08341e+20        28.8676
           60.5    3.58571e+20        28.8676
             61    4.16651e+20        28.8676
           61.5    4.83756e+20        28.8676
             62    5.61229e+20        28.8676
           62.5    6.50606e+20        28.8676
             63    7.53642e+20        28.8676
           63.5    8.72336e+20        34.6412
             64    1.00897e+21        34.6412
           64.5    1.16615e+21        34.6412
             65    1.34683e+21        34.6412
           65.5    1.55438e+21        34.6412
             66    1.79263e+21        34.6412
           66.5    2.06595e+21        34.6412
             67    2.37929e+21        34.6412
           67.5    2.73825e+21        34.6412
             68    3.14923e+21        34.6412
           68.5    3.61944e+21        34.6412
             69    4.15709e+21        34.6412
           69.5    4.77145e+21        34.6412
             70    5.47302e+21        34.6412
           70.5    6.27369e+21        34.6412
             71     7.1869e+21        34.6412
           71.5    8.22783e+21        34.6412
             72    9.41361e+21        34.6412
           72.5    1.07636e+22        34.6412
             73    1.22997e+22        34.6412
           73.5    1.40464e+22        34.6412
             74    1.60315e+22        34.6412
           74.5    1.82863e+22        34.6412
             75    2.08459e+22        34.6412
           75.5      2.375e+22        34.6412
             76     2.7043e+22        34.6412
           76.5    3.07749e+22        40.4147
             77    3.50019e+22        40.4147
           77.5    3.97873e+22        40.4147
             78    4.52017e+22        40.4147
           78.5    5.13246e+22        40.4147
             79    5.82452e+22        40.4147
           79.5    6.60632e+22        40.4147
             80    7.48905e+22        40.4147
           80.5    8.48523e+22        40.4147
             81    9.60887e+22        40.4147
           81.5    1.08756e+23        40.4147
             82    1.23031e+23        40.4147
           82.5    1.39107e+23        40.4147
             83    1.57205e+23        40.4147
           83.5    1.77568e+23        40.4147
             84    2.00469e+23        40.4147
           84.5    2.26211e+23        40.4147
             85    2.55135e+23        40.4147
           85.5    2.87618e+23        40.4147
             86     3.2408e+23        40.4147
           86.5    3.64991e+23        40.4147
             87    4.10873e+23        40.4147
           87.5    4.62306e+23        40.4147
             88    5.19937e+23        40.4147
           88.5    5.84483e+23        40.4147
             89    6.56741e+23        46.1882
           89.5      7.376e+23        46.1882
             90    8.28043e+23        46.1882
           90.5    9.29163e+23        46.1882
             91    1.04217e+24        46.1882
           91.5    1.16841e+24        46.1882
             92    1.30938e+24        46.1882
           92.5    1.46672e+24        46.1882
             93    1.64227e+24        46.1882
           93.5    1.83806e+24        46.1882
             94    2.05632e+24        46.1882
           94.5    2.29954e+24        46.1882
             95    2.57046e+24        46.1882
           95.5    2.87213e+24        46.1882
             96     3.2079e+24        46.1882
           96.5    3.58148e+24        46.1882
             97    3.99697e+24        46.1882
           97.5    4.45888e+24        46.1882
             98    4.97222e+24        46.1882
           98.5    5.54249e+24        46.1882
             99    6.17577e+24        46.1882
           99.5    6.87877e+24        46.1882
            100    7.65886e+24        46.1882
          100.5    8.52418e+24        46.1882
            101    9.48371e+24        46.1882
          101.5    1.05473e+25        51.9617
            102    1.17258e+25        51.9617
          102.5    1.30313e+25        51.9617
            103    1.44767e+25        51.9617
          103.5    1.60767e+25        51.9617
            104    1.78471e+25        51.9617
          104.5    1.98054e+25        51.9617
            105    2.19708e+25        51.9617
          105.5    2.43644e+25        51.9617
            106    2.70093e+25        51.9617
          106.5    2.99309e+25        51.9617
            107    3.31571e+25        51.9617
          107.5    3.67186e+25        51.9617
            108    4.06488e+25        51.9617
          108.5    4.49845e+25        51.9617
            109     4.9766e+25        51.9617
          109.5    5.50375e+25        51.9617
            110    6.08473e+25        51.9617
          110.5    6.72483e+25        51.9617
            111    7.42986e+25        51.9617
          111.5    8.20615e+25        51.9617
            112    9.06064e+25        51.9617
          112.5    1.00009e+26        51.9617
            113    1.10353e+26        51.9617
          113.5    1.21728e+26        51.9617
            114    1.34234e+26        51.9617
          114.5    1.47979e+26        57.7353
            115    1.63081e+26        57.7353
          115.5    1.79669e+26        57.7353
            116    1.97885e+26        57.7353
          116.5    2.17881e+26        57.7353
            117    2.39826e+26        57.7353
          117.5    2.63903e+26        57.7353
            118    2.90312e+26        57.7353
          118.5    3.19269e+26        57.7353
            119    3.51011e+26        57.7353
          119.5    3.85798e+26        57.7353
            120    4.23911e+26        57.7353
          120.5    4.65655e+26        57.7353
            121    5.11364e+26        57.7353
          121.5    5.61401e+26        57.7353
            122    6.16161e+26        57.7353
          122.5    6.76074e+26        57.7353
            123    7.41607e+26        57.7353
          123.5    8.13268e+26        57.7353
            124     8.9161e+26        57.7353
          124.5    9.77232e+26        57.7353
            125    1.07079e+27        57.7353
          125.5    1.17298e+27        57.7353
            126    1.28459e+27        57.7353
          126.5    1.40644e+27        57.7353
            127    1.53945e+27        63.5088
          127.5    1.68459e+27        63.5088
            128    1.84293e+27        63.5088
          128.5    2.01564e+27        63.5088
            129    2.20396e+27        63.5088
          129.5    2.40927e+27        63.5088
            130    2.63302e+27        63.5088
          130.5    2.87684e+27        63.5088
            131    3.14243e+27        63.5088
          131.5     3.4317e+27        63.5088
            132    3.74665e+27        63.5088
          132.5    4.08951e+27        63.5088
            133    4.46264e+27        63.5088
          133.5    4.86864e+27        63.5088
            134    5.31028e+27        63.5088
          134.5    5.79059e+27        63.5088
            135    6.31282e+27        63.5088
          135.5    6.88052e+27        63.5088
            136    7.49749e+27        63.5088
          136.5    8.16786e+27        63.5088
            137    8.89609e+27        63.5088
          137.5    9.68699e+27        63.5088
            138    1.05458e+28        63.5088
          138.5     1.1478e+28        63.5088
            139    1.24898e+28        63.5088
          139.5    1.35878e+28        69.2823
            140    1.47789e+28        69.2823
          140.5    1.60707e+28        69.2823
            141    1.74716e+28        69.2823
          141.5    1.89904e+28        69.2823
            142    2.06367e+28        69.2823
          142.5    2.24207e+28        69.2823
            143    2.43536e+28        69.2823
          143.5    2.64475e+28        69.2823
            144    2.87151e+28        69.2823
          144.5    3.11704e+28        69.2823
            145    3.38285e+28        69.2823
          145.5    3.67054e+28        69.2823
            146    3.98185e+28        69.2823
          146.5    4.31866e+28        69.2823
            147    4.68297e+28        69.2823
          147.5    5.07696e+28        69.2823
            148    5.50296e+28        69.2823
          148.5    5.96347e+28        69.2823
            149     6.4612e+28        69.2823
          149.5    6.99904e+28        69.2823
            150    7.58012e+28        69.2823
          150.5    8.20778e+28        69.2823
            151    8.88563e+28        69.2823
          151.5    9.61754e+28        69.2823
            152    1.04077e+29        69.2823
          152.5    1.12605e+29        75.0558
            153    1.21808e+29        75.0558
          153.5    1.31738e+29        75.0558
            154    1.42449e+29        75.0558
          154.5    1.54001e+29        75.0558
            155    1.66458e+29        75.0558
          155.5    1.79889e+29        75.0558
            156    1.94366e+29        75.0558
          156.5    2.09968e+29        75.0558
            157     2.2678e+29        75.0558
          157.5    2.44892e+29        75.0558
            158    2.64402e+29        75.0558
          158.5    2.85412e+29        75.0558
            159    3.08036e+29        75.0558
          159.5    3.32391e+29        75.0558
            160    3.58606e+29        75.0558
          160.5    3.86819e+29        75.0558
            161    4.17176e+29        75.0558
          161.5    4.49834e+29        75.0558
            162    4.84961e+29        75.0558
          162.5    5.22739e+29        75.0558
            163    5.63359e+29        75.0558
          163.5    6.07029e+29        75.0558
            164    6.53968e+29        75.0558
          164.5    7.04414e+29        75.0558
            165     7.5862e+29        80.8294
          165.5    8.16855e+29        80.8294
            166    8.79408e+29        80.8294
          166.5     9.4659e+29        80.8294
            167    1.01873e+30        80.8294
          167.5    1.09618e+30        80.8294
            168    1.17932e+30        80.8294
          168.5    1.26855e+30        80.8294
            169    1.36431e+30        80.8294
          169.5    1.46705e+30        80.8294
            170    1.57726e+30        80.8294
          170.5    1.69548e+30        80.8294
            171    1.82225e+30        80.8294
          171.5    1.95819e+30        80.8294
            172    2.10392e+30        80.8294
          172.5    2.26013e+30        80.8294
            173    2.42755e+30        80.8294
          173.5    2.60695e+30        80.8294
            174    2.79917e+30        80.8294
          174.5    3.00507e+30        80.8294
            175    3.22561e+30        80.8294
          175.5     3.4618e+30        80.8294
            176    3.71469e+30        80.8294
          176.5    3.98544e+30        80.8294
            177    4.27525e+30        80.8294
          177.5    4.58543e+30        86.6029
            178    4.91736e+30        86.6029
          178.5     5.2725e+30        86.6029
            179    5.65244e+30        86.6029
          179.5    6.05883e+30        86.6029
            180    6.49345e+30        86.6029
          180.5    6.95821e+30        86.6029
            181    7.45511e+30        86.6029
          181.5    7.98631e+30        86.6029
            182    8.55409e+30        86.6029
          182.5    9.16087e+30        86.6029
            183    9.80926e+30        86.6029
          183.5     1.0502e+31        86.6029
            184     1.1242e+31        86.6029
          184.5    1.20324e+31        86.6029
            185    1.28766e+31        86.6029
          185.5    1.37779e+31        86.6029
            186    1.47403e+31        86.6029
          186.5    1.57676e+31        86.6029
            187    1.68641e+31        86.6029
          187.5    1.80343e+31        86.6029
            188     1.9283e+31        86.6029
          188.5    2.06153e+31        86.6029
            189    2.20365e+31        86.6029
          189.5    2.35524e+31        86.6029
            190    2.51692e+31        86.6029
          190.5    2.68932e+31        92.3764
            191    2.87313e+31        92.3764
          191.5    3.06909e+31        92.3764
            192    3.27797e+31        92.3764
          192.5     3.5006e+31        92.3764
            193    3.73783e+31        92.3764
          193.5    3.99061e+31        92.3764
            194    4.25991e+31        92.3764
          194.5    4.54678e+31        92.3764
            195    4.85232e+31        92.3764
          195.5    5.17771e+31        92.3764
            196     5.5242e+31        92.3764
          196.5     5.8931e+31        92.3764
            197    6.28581e+31        92.3764
          197.5    6.70382e+31        92.3764
            198    7.14871e+31        92.3764
          198.5    7.62213e+31        92.3764
            199    8.12587e+31        92.3764
          199.5    8.66179e+31        92.3764
            200    9.23188e+31        92.3764
          200.5    9.83825e+31        92.3764
            201    1.04831e+32        92.3764
          201.5    1.11688e+32        92.3764
            202    1.18979e+32        92.3764
          202.5    1.26731e+32        92.3764
            203     1.3497e+32        98.1499
          203.5    1.43727e+32        98.1499
            204    1.53034e+32        98.1499
          204.5    1.62923e+32        98.1499
            205     1.7343e+32        98.1499
          205.5    1.84592e+32        98.1499
            206    1.96449e+32        98.1499
          206.5    2.09042e+32        98.1499
            207    2.22416e+32        98.1499
          207.5    2.36617e+32        98.1499
            208    2.51694e+32        98.1499
          208.5    2.67701e+32        98.1499
            209    2.84692e+32        98.1499
          209.5    3.02725e+32        98.1499
            210    3.21863e+32        98.1499
          210.5    3.42171e+32        98.1499
            211    3.63717e+32        98.1499
          211.5    3.86576e+32        98.1499
            212    4.10824e+32        98.1499
          212.5    4.36542e+32        98.1499
            213    4.63817e+32        98.1499
          213.5     4.9274e+32        98.1499
            214    5.23407e+32        98.1499
          214.5     5.5592e+32        98.1499
            215    5.90386e+32        98.1499
          215.5    6.26917e+32        103.923
            216    6.65635e+32        103.923
          216.5    7.06665e+32        103.923
            217    7.50141e+32        103.923
          217.5    7.96203e+32        103.923
            218       8.45e+32        103.923
          218.5    8.96689e+32        103.923
            219    9.51436e+32        103.923
          219.5    1.00941e+33        103.923
            220    1.07081e+33        103.923
          220.5    1.13582e+33        103.923
            221    1.20464e+33        103.923
          221.5     1.2775e+33        103.923
            222    1.35462e+33        103.923
          222.5    1.43624e+33        103.923
            223    1.52261e+33        103.923
          223.5    1.61401e+33        103.923
            224    1.71072e+33        103.923
          224.5    1.81303e+33        103.923
            225    1.92125e+33        103.923
          225.5    2.03573e+33        103.923
            226     2.1568e+33        103.923
          226.5    2.28483e+33        103.923
            227    2.42022e+33        103.923
          227.5    2.56336e+33        103.923
            228    2.71469e+33        103.923
          228.5    2.87467e+33        109.697
            229    3.04376e+33        109.697
          229.5    3.22247e+33        109.697
            230    3.41132e+33        109.697
          230.5    3.61089e+33        109.697
            231    3.82174e+33        109.697
          231.5     4.0445e+33        109.697
            232    4.27983e+33        109.697
          232.5    4.52839e+33        109.697
            233    4.79092e+33        109.697
          233.5    5.06816e+33        109.697
            234    5.36093e+33        109.697
          234.5    5.67005e+33        109.697
            235    5.99641e+33        109.697
          235.5    6.34095e+33        109.697
            236    6.70463e+33        109.697
          236.5    7.08848e+33        109.697
            237     7.4936e+33        109.697
          237.5     7.9211e+33        109.697
            238     8.3722e+33        109.697
          238.5    8.84815e+33        109.697
            239    9.35026e+33        109.697
          239.5    9.87994e+33        109.697
            240    1.04386e+34        109.697
          240.5    1.10279e+34        109.697
            241    1.16494e+34        115.471
          241.5    1.23047e+34        115.471
            242    1.29956e+34        115.471
          242.5    1.37241e+34        115.471
            243    1.44922e+34        115.471
          243.5    1.53017e+34        115.471
            244    1.61551e+34        115.471
          244.5    1.70544e+34        115.471
            245    1.80022e+34        115.471
          245.5     1.9001e+34        115.471
            246    2.00534e+34        115.471
          246.5    2.11621e+34        115.471
            247    2.23301e+34        115.471
          247.5    2.35605e+34        115.471
            248    2.48565e+34        115.471
          248.5    2.62215e+34        115.471
            249    2.76589e+34        115.471
          249.5    2.91726e+34        115.471
            250    3.07664e+34        115.471
          250.5    3.24445e+34        115.471
            251    3.42111e+34        115.471
          251.5    3.60708e+34        115.471
            252    3.80282e+34        115.471
          252.5    4.00884e+34        115.471
            253    4.22566e+34        115.471
          253.5    4.45383e+34        121.241
            254    4.69391e+34        121.244
          254.5    4.94652e+34        121.244
            255    5.21227e+34        121.244
          255.5    5.49184e+34        121.244
            256    5.78591e+34        121.244
          256.5    6.09522e+34        121.244
            257    6.42053e+34        121.244
          257.5    6.76263e+34        121.244
            258    7.12237e+34        121.244
          258.5    7.50062e+34        121.244
            259    7.89831e+34        121.244
          259.5     8.3164e+34        121.244
            260     8.7559e+34        121.244
          260.5    9.21787e+34        121.244
            261    9.70342e+34        121.244
          261.5    1.02137e+35        121.244
            262      1.075e+35        121.244
          262.5    1.13135e+35        121.244
            263    1.19056e+35        121.244
          263.5    1.25276e+35        121.244
            264    1.31811e+35        121.244
          264.5    1.38676e+35        121.244
            265    1.45887e+35        121.244
          265.5    1.53461e+35        121.244
            266    1.61415e+35        121.244
          266.5    1.69768e+35        127.018
            267    1.78539e+35        127.018
          267.5    1.87749e+35        127.018
            268    1.97418e+35        127.018
          268.5    2.07569e+35        127.018
            269    2.18225e+35        127.018
          269.5     2.2941e+35        127.018
            270    2.41151e+35        127.018
          270.5    2.53472e+35        127.018
            271    2.66403e+35        127.018
          271.5    2.79972e+35        127.018
            272     2.9421e+35        127.018
          272.5    3.09148e+35        127.018
            273     3.2482e+35        127.018
          273.5    3.41261e+35        127.018
            274    3.58507e+35        127.018
          274.5    3.76597e+35        127.018
            275    3.95569e+35        127.018
          275.5    4.15467e+35        127.018
            276    4.36333e+35        127.018
          276.5    4.58213e+35        127.018
            277    4.81155e+35        127.018
          277.5    5.05208e+35        127.018
            278    5.30425e+35        127.018
          278.5    5.56859e+35        127.018
            279    5.84569e+35        132.791
          279.5    6.13613e+35        132.791
            280    6.44053e+35        132.791
          280.5    6.75954e+35        132.791
            281    7.09384e+35        132.791
          281.5    7.44415e+35        132.791
            282    7.81119e+35        132.791
          282.5    8.19574e+35        132.791
            283    8.59862e+35        132.791
          283.5    9.02066e+35        132.791
            284    9.46274e+35        132.791
          284.5    9.92579e+35        132.791
            285    1.04108e+36        132.791
          285.5    1.09187e+36        132.791
            286    1.14506e+36        132.791
          286.5    1.20075e+36        132.791
            287    1.25907e+36        132.791
          287.5    1.32013e+36        132.791
            288    1.38405e+36        132.791
          288.5    1.45097e+36        132.791
            289    1.52102e+36        132.791
          289.5    1.59435e+36        132.791
            290    1.67109e+36        132.791
          290.5    1.75141e+36        132.791
            291    1.83547e+36        132.791
          291.5    1.92342e+36         132.79
            292    2.01546e+36        138.565
          292.5    2.11176e+36        138.565
            293    2.21252e+36        138.565
          293.5    2.31792e+36        138.565
            294    2.42819e+36        138.565
          294.5    2.54353e+36        138.565
            295    2.66417e+36        138.565
          295.5    2.79035e+36        138.565
            296    2.92232e+36        138.565
          296.5    3.06032e+36        138.565
            297    3.20464e+36        138.565
          297.5    3.35553e+36        138.565
            298    3.51331e+36        138.565
          298.5    3.67826e+36        138.565
            299    3.85071e+36        138.565
          299.5    4.03099e+36        138.565
            300    4.21943e+36        138.565
          300.5     4.4164e+36        138.565
            301    4.62227e+36        138.565
          301.5    4.83743e+36        138.565
            302    5.06227e+36        138.565
          302.5    5.29724e+36        138.565
            303    5.54276e+36        138.565
          303.5    5.79929e+36        138.565
            304    6.06731e+36        138.565
          304.5    6.34732e+36        144.338
            305    6.63984e+36        144.338
          305.5     6.9454e+36        144.338
            306    7.26458e+36        144.338
          306.5    7.59795e+36        144.338
            307    7.94613e+36        144.338
          307.5    8.30975e+36        144.338
            308    8.68948e+36        144.338
          308.5      9.086e+36        144.338
            309    9.50003e+36        144.338
          309.5    9.93232e+36        144.338
            310    1.03837e+37        144.338
          310.5    1.08548e+37        144.338
            311    1.13467e+37        144.338
          311.5    1.18602e+37        144.338
            312    1.23961e+37        144.338
          312.5    1.29555e+37        144.338
            313    1.35393e+37        144.338
          313.5    1.41486e+37        144.338
            314    1.47844e+37        144.338
          314.5    1.54479e+37        144.338
            315    1.61401e+37        144.338
          315.5    1.68625e+37        144.338
            316    1.76161e+37        144.338
          316.5    1.84023e+37        144.338
            317    1.92224e+37        150.112
          317.5     2.0078e+37        150.112
            318    2.09704e+37        150.112
          318.5    2.19012e+37        150.112
            319     2.2872e+37        150.112
          319.5    2.38844e+37        150.112
            320    2.49402e+37        150.112
          320.5    2.60412e+37        150.112
            321    2.71892e+37        150.112
          321.5    2.83863e+37        150.112
            322    2.96343e+37        150.112
          322.5    3.09354e+37        150.112
            323    3.22919e+37        150.112
          323.5    3.37059e+37        150.112
            324    3.51799e+37        150.112
          324.5    3.67162e+37        150.112
            325    3.83175e+37        150.112
          325.5    3.99864e+37        150.112
            326    4.17256e+37        150.112
          326.5    4.35381e+37        150.112
            327    4.54268e+37        150.112
          327.5    4.73948e+37        150.112
            328    4.94453e+37        150.112
          328.5    5.15817e+37        150.112
            329    5.38075e+37        150.112
          329.5    5.61262e+37        150.112
            330    5.85416e+37        155.885
          330.5    6.10577e+37        155.885
            331    6.36784e+37        155.885
          331.5     6.6408e+37        155.885
            332    6.92509e+37        155.885
          332.5    7.22116e+37        155.885
            333    7.52949e+37        155.885
          333.5    7.85056e+37        155.885
            334    8.18488e+37        155.885
          334.5    8.53298e+37        155.885
            335    8.89541e+37        155.885
          335.5    9.27275e+37        155.885
            336    9.66557e+37        155.885
          336.5    1.00745e+38        155.885
            337    1.05002e+38        155.885
          337.5    1.09433e+38        155.885
            338    1.14045e+38        155.885
          338.5    1.18845e+38        155.885
            339    1.23841e+38        155.885
          339.5     1.2904e+38        155.885
            340     1.3445e+38        155.885
          340.5     1.4008e+38        155.885
            341    1.45938e+38        155.885
          341.5    1.52034e+38        155.885
            342    1.58375e+38        155.885
          342.5    1.64973e+38        161.659
            343    1.71837e+38        161.659
          343.5    1.78978e+38        161.659
            344    1.86405e+38        161.659
          344.5    1.94131e+38        161.659
            345    2.02167e+38        161.659
          345.5    2.10525e+38        161.659
            346    2.19218e+38        161.659
          346.5    2.28258e+38        161.659
            347    2.37659e+38        161.659
          347.5    2.47435e+38        161.659
            348      2.576e+38        161.659
          348.5    2.68169e+38        161.659
            349    2.79158e+38        161.659
          349.5    2.90583e+38        161.659
            350    3.02461e+38        161.659
          350.5    3.14809e+38        161.659
            351    3.27644e+38        161.659
          351.5    3.40987e+38        161.659
            352    3.54855e+38        161.659
          352.5     3.6927e+38        161.659
            353    3.84251e+38        161.659
          353.5    3.99821e+38        161.659
            354    4.16002e+38        161.659
          354.5    4.32816e+38        161.659
            355    4.50289e+38        167.432
          355.5    4.68444e+38        167.432
            356    4.87308e+38        167.432
          356.5    5.06908e+38        167.432
            357    5.27271e+38        167.432
          357.5    5.48425e+38        167.432
            358    5.70401e+38        167.432
          358.5     5.9323e+38        167.432
            359    6.16944e+38        167.432
          359.5    6.41575e+38        167.432
            360    6.67158e+38        167.432
          360.5    6.93729e+38        167.432
            361    7.21325e+38        167.432
          361.5    7.49983e+38        167.432
            362    7.79743e+38        167.432
          362.5    8.10647e+38        167.432
            363    8.42737e+38        167.432
          363.5    8.76056e+38        167.432
            364    9.10651e+38        167.432
          364.5    9.46569e+38        167.432
            365    9.83858e+38        167.432
          365.5    1.02257e+39        167.432
            366    1.06276e+39        167.432
          366.5    1.10447e+39        167.432
            367    1.14777e+39        167.432
          367.5    1.19272e+39        167.432
            368    1.23936e+39        173.206
          368.5    1.28778e+39        173.206
            369    1.33802e+39        173.206
          369.5    1.39017e+39        173.206
            370    1.44428e+39        173.206
          370.5    1.50043e+39        173.206
            371    1.55869e+39        173.206
          371.5    1.61915e+39        173.206
            372    1.68187e+39        173.206
          372.5    1.74695e+39        173.206
            373    1.81446e+39        173.206
          373.5     1.8845e+39        173.206
            374    1.95716e+39        173.206
          374.5    2.03253e+39        173.206
            375    2.11072e+39        173.206
          375.5    2.19181e+39        173.206
            376    2.27592e+39        173.206
          376.5    2.36316e+39        173.206
            377    2.45363e+39        173.206
          377.5    2.54745e+39        173.206
            378    2.64476e+39        173.206
          378.5    2.74565e+39        173.206
            379    2.85028e+39        173.206
          379.5    2.95877e+39        173.206
            380    3.07125e+39        173.206
          380.5    3.18787e+39        178.979
            381    3.30879e+39        178.979
          381.5    3.43414e+39        178.979
            382    3.56409e+39        178.979
          382.5     3.6988e+39        178.979
            383    3.83845e+39        178.979
          383.5    3.98319e+39        178.979
            384    4.13323e+39        178.979
          384.5    4.28873e+39        178.979
            385     4.4499e+39        178.979
          385.5    4.61693e+39        178.979
            386    4.79004e+39        178.979
          386.5    4.96943e+39        178.979
            387    5.15532e+39        178.979
          387.5    5.34795e+39        178.979
            388    5.54754e+39        178.979
          388.5    5.75435e+39        178.979
            389    5.96863e+39        178.979
          389.5    6.19063e+39        178.979
            390    6.42062e+39        178.979
          390.5    6.65889e+39        178.979
            391    6.90572e+39        178.979
          391.5    7.16141e+39        178.979
            392    7.42627e+39        178.979
          392.5    7.70061e+39        178.979
            393    7.98476e+39        184.753
          393.5    8.27907e+39        184.753
            394    8.58388e+39        184.753
          394.5    8.89956e+39        184.753
            395    9.22648e+39        184.753
          395.5    9.56503e+39        184.753
            396    9.91561e+39        184.753
          396.5    1.02786e+40        184.753
            397    1.06545e+40        184.753
          397.5    1.10437e+40        184.753
            398    1.14467e+40        184.753
          398.5    1.18639e+40        184.753
            399    1.22958e+40        184.753
          399.5     1.2743e+40        184.753
            400    1.32059e+40        184.753
