Names Translation Tables (<short name> - <original name>):
Wells:
   W1 - WR
   W2 - WP
Bimolecular products:
   P1 - C5H5CH3-1+H
   P2 - C5H4CH3+H2
Inner Barriers:
   B1 - B2
Outer Barriers:
   C1 - B1
   C2 - B3
pressure[atm]        = 0.01
temperature[K]           = 500
energy step[1/cm]        = 69.5
maximum energy[kcal/mol] = 35.4

bimolecular PEDs:
   E, kcal    P1->P2
      35.4   7.7e+16
      35.2  8.48e+16
        35  9.32e+16
      34.8  1.03e+17
      34.6  1.13e+17
      34.4  1.24e+17
      34.2  1.36e+17
        34  1.49e+17
      33.8  1.64e+17
      33.6   1.8e+17
      33.4  1.97e+17
      33.2  2.16e+17
        33  2.36e+17
      32.8  2.59e+17
      32.6  2.83e+17
      32.4   3.1e+17
      32.2  3.39e+17
        32   3.7e+17
      31.8  4.04e+17
      31.6  4.41e+17
      31.4  4.82e+17
      31.2  5.26e+17
        31  5.73e+17
      30.8  6.25e+17
      30.6   6.8e+17
      30.4  7.41e+17
      30.2  8.06e+17
        30  8.77e+17
      29.8  9.54e+17
      29.6  1.04e+18
      29.4  1.13e+18
      29.2  1.22e+18
        29  1.33e+18
      28.8  1.44e+18
      28.6  1.56e+18
      28.4  1.69e+18
      28.2  1.83e+18
        28  1.98e+18
      27.8  2.14e+18
      27.6  2.31e+18
      27.4   2.5e+18
      27.3  2.69e+18
      27.1  2.91e+18
      26.9  3.13e+18
      26.7  3.38e+18
      26.5  3.64e+18
      26.3  3.91e+18
      26.1  4.21e+18
      25.9  4.53e+18
      25.7  4.86e+18
      25.5  5.22e+18
      25.3   5.6e+18
      25.1     6e+18
      24.9  6.43e+18
      24.7  6.89e+18
      24.5  7.37e+18
      24.3  7.88e+18
      24.1  8.42e+18
      23.9  8.98e+18
      23.7  9.58e+18
      23.5  1.02e+19
      23.3  1.09e+19
      23.1  1.16e+19
      22.9  1.23e+19
      22.7  1.31e+19
      22.5  1.39e+19
      22.3  1.47e+19
      22.1  1.56e+19
      21.9  1.66e+19
      21.7  1.75e+19
      21.5  1.85e+19
      21.3  1.96e+19
      21.1  2.07e+19
      20.9  2.18e+19
      20.7   2.3e+19
      20.5  2.42e+19
      20.3  2.54e+19
      20.1  2.67e+19
      19.9   2.8e+19
      19.7  2.94e+19
      19.5  3.08e+19
      19.3  3.22e+19
      19.1  3.37e+19
      18.9  3.51e+19
      18.7  3.67e+19
      18.5  3.82e+19
      18.3  3.97e+19
      18.1  4.13e+19
      17.9  4.29e+19
      17.7  4.45e+19
      17.5   4.6e+19
      17.3  4.76e+19
      17.1  4.92e+19
      16.9  5.08e+19
      16.7  5.23e+19
      16.5  5.38e+19
      16.3  5.53e+19
      16.1  5.67e+19
      15.9  5.81e+19
      15.7  5.95e+19
      15.5  6.07e+19
      15.3  6.19e+19
      15.1  6.31e+19
      14.9  6.41e+19
      14.7  6.51e+19
      14.5  6.59e+19
      14.3  6.67e+19
      14.1  6.73e+19
      13.9  6.78e+19
      13.7  6.82e+19
      13.5  6.85e+19
      13.3  6.86e+19
      13.1  6.85e+19
      12.9  6.84e+19
      12.7  6.81e+19
      12.5  6.76e+19
      12.3   6.7e+19
      12.1  6.62e+19
      11.9  6.53e+19
      11.8  6.42e+19
      11.6  6.29e+19
      11.4  6.16e+19
      11.2     6e+19
        11  5.84e+19
      10.8  5.66e+19
      10.6  5.46e+19
      10.4  5.26e+19
      10.2  5.04e+19
      9.96  4.81e+19
      9.76  4.57e+19
      9.56  4.33e+19
      9.37  4.08e+19
      9.17  3.82e+19
      8.97  3.57e+19
      8.77  3.31e+19
      8.57  3.05e+19
      8.37   2.8e+19
      8.17  2.55e+19
      7.97  2.31e+19
      7.78  2.08e+19
      7.58  1.85e+19
      7.38  1.64e+19
      7.18  1.44e+19
      6.98  1.26e+19
      6.78  1.08e+19
      6.58  9.26e+18
      6.39  7.83e+18
      6.19  6.56e+18
      5.99  5.43e+18
      5.79  4.45e+18
      5.59  3.61e+18
      5.39  2.89e+18
      5.19  2.29e+18
      4.99   1.8e+18
       4.8  1.39e+18
       4.6  1.07e+18
       4.4  8.09e+17
       4.2  6.06e+17
         4  4.49e+17
       3.8  3.28e+17
       3.6  2.36e+17
       3.4  1.67e+17
      3.21  1.17e+17
      3.01  8.01e+16
      2.81  5.38e+16
      2.61  3.53e+16
      2.41  2.26e+16
      2.21  1.41e+16
      2.01  8.46e+15
      1.81  4.92e+15
      1.62  2.77e+15
      1.42  1.49e+15
      1.22  7.31e+14
      1.02   3.2e+14
     0.821  1.13e+14
     0.622  4.57e+13
     0.424  2.31e+13
     0.225  2.04e+13
    0.0261 -3.79e+10
    -0.173 -8.84e+13
    -0.371 -7.97e+13
     -0.57  1.94e+13
    -0.769 -1.09e+13
    -0.967  7.51e+12
     -1.17  1.91e+13
     -1.36  2.48e+13
     -1.56  2.28e+13
     -1.76 -1.03e+14
     -1.96  3.84e+13
     -2.16  7.65e+13
     -2.36  4.62e+13
     -2.56 -1.33e+14
     -2.76 -4.49e+13
     -2.95  2.62e+13
     -3.15  1.41e+14
     -3.35  4.78e+13
     -3.55 -1.04e+14
     -3.75 -6.13e+13
     -3.95   1.2e+13
     -4.15  1.02e+14
     -4.35 -7.86e+13
     -4.54 -4.69e+13
     -4.74  3.17e+13
     -4.94 -8.13e+12
     -5.14  4.69e+13
     -5.34  7.45e+13
     -5.54 -1.96e+14
     -5.74 -1.34e+14
     -5.94  2.19e+14
     -6.13  4.26e+13
     -6.33 -8.25e+13
     -6.53  1.69e+14
     -6.73 -6.29e+13
     -6.93 -7.62e+13
     -7.13 -7.24e+13
     -7.33 -4.04e+12
     -7.53 -3.72e+13
     -7.72   1.2e+14
     -7.92  1.96e+14
     -8.12  4.42e+13
     -8.32 -4.35e+14
     -8.52 -5.09e+13
     -8.72  3.75e+14
     -8.92 -1.85e+13
     -9.11 -7.67e+13
     -9.31 -1.66e+14
     -9.51 -4.08e+14
     -9.71 -1.29e+14
     -9.91  -3.2e+14
     -10.1  2.27e+14
     -10.3 -2.39e+14
     -10.5  1.89e+14
     -10.7 -8.39e+13
     -10.9  5.04e+13
     -11.1  4.75e+14
     -11.3 -4.37e+14
     -11.5  2.32e+14
     -11.7 -6.49e+14
     -11.9 -3.99e+14
     -12.1 -6.54e+14
     -12.3  2.16e+12
     -12.5   3.3e+13
     -12.7 -1.17e+14
     -12.9  2.54e+14
     -13.1 -3.64e+14
     -13.3  3.32e+14
     -13.5 -7.45e+13
     -13.7 -1.87e+14
     -13.9  1.17e+14
     -14.1  2.45e+14
     -14.3 -9.08e+13
     -14.5  8.38e+13
     -14.7  1.63e+13
     -14.9 -1.44e+14
     -15.1   1.7e+14
     -15.3  4.72e+13
     -15.5 -2.05e+14
     -15.7  7.81e+13
     -15.9  6.92e+13
     -16.1 -4.48e+12
     -16.3  3.89e+13
     -16.5 -1.14e+14
     -16.7 -1.81e+14
     -16.9 -3.17e+14
     -17.1  1.47e+14
     -17.3 -1.89e+14
     -17.5  1.47e+14
     -17.7 -4.59e+13
     -17.9 -4.05e+13
     -18.1  1.65e+14
     -18.3 -4.38e+14
     -18.5 -2.88e+14
     -18.7  1.35e+14
     -18.9 -7.57e+13
     -19.1  2.17e+13
     -19.2  -1.3e+13
     -19.4 -2.55e+13
     -19.6  2.85e+13
     -19.8 -3.88e+13
       -20  7.63e+12
     -20.2 -1.65e+13
     -20.4 -1.27e+13
     -20.6 -4.18e+12
     -20.8  6.35e+12
       -21  1.19e+13
     -21.2 -1.13e+13
     -21.4 -1.81e+12
     -21.6  6.91e+12
     -21.8   4.1e+12
       -22  2.16e+12
     -22.2  2.02e+13
     -22.4  7.09e+12
     -22.6 -5.67e+11
     -22.8 -5.35e+09
       -23 -2.27e+12
     -23.2 -3.18e+08
     -23.4  7.86e+07

pressure[atm]        = 0.1
temperature[K]           = 500
energy step[1/cm]        = 69.5
maximum energy[kcal/mol] = 35.4

bimolecular PEDs:
   E, kcal    P1->P2
      35.4   7.7e+16
      35.2  8.47e+16
        35  9.32e+16
      34.8  1.02e+17
      34.6  1.13e+17
      34.4  1.24e+17
      34.2  1.36e+17
        34  1.49e+17
      33.8  1.64e+17
      33.6  1.79e+17
      33.4  1.97e+17
      33.2  2.16e+17
        33  2.36e+17
      32.8  2.59e+17
      32.6  2.83e+17
      32.4   3.1e+17
      32.2  3.39e+17
        32   3.7e+17
      31.8  4.04e+17
      31.6  4.41e+17
      31.4  4.82e+17
      31.2  5.26e+17
        31  5.73e+17
      30.8  6.25e+17
      30.6   6.8e+17
      30.4  7.41e+17
      30.2  8.06e+17
        30  8.77e+17
      29.8  9.54e+17
      29.6  1.04e+18
      29.4  1.13e+18
      29.2  1.22e+18
        29  1.33e+18
      28.8  1.44e+18
      28.6  1.56e+18
      28.4  1.69e+18
      28.2  1.83e+18
        28  1.98e+18
      27.8  2.14e+18
      27.6  2.31e+18
      27.4   2.5e+18
      27.3  2.69e+18
      27.1  2.91e+18
      26.9  3.13e+18
      26.7  3.38e+18
      26.5  3.64e+18
      26.3  3.91e+18
      26.1  4.21e+18
      25.9  4.53e+18
      25.7  4.86e+18
      25.5  5.22e+18
      25.3   5.6e+18
      25.1     6e+18
      24.9  6.43e+18
      24.7  6.89e+18
      24.5  7.37e+18
      24.3  7.88e+18
      24.1  8.41e+18
      23.9  8.98e+18
      23.7  9.58e+18
      23.5  1.02e+19
      23.3  1.09e+19
      23.1  1.16e+19
      22.9  1.23e+19
      22.7  1.31e+19
      22.5  1.39e+19
      22.3  1.47e+19
      22.1  1.56e+19
      21.9  1.66e+19
      21.7  1.75e+19
      21.5  1.85e+19
      21.3  1.96e+19
      21.1  2.07e+19
      20.9  2.18e+19
      20.7   2.3e+19
      20.5  2.42e+19
      20.3  2.54e+19
      20.1  2.67e+19
      19.9   2.8e+19
      19.7  2.94e+19
      19.5  3.08e+19
      19.3  3.22e+19
      19.1  3.37e+19
      18.9  3.51e+19
      18.7  3.67e+19
      18.5  3.82e+19
      18.3  3.97e+19
      18.1  4.13e+19
      17.9  4.29e+19
      17.7  4.45e+19
      17.5   4.6e+19
      17.3  4.76e+19
      17.1  4.92e+19
      16.9  5.08e+19
      16.7  5.23e+19
      16.5  5.38e+19
      16.3  5.53e+19
      16.1  5.67e+19
      15.9  5.81e+19
      15.7  5.94e+19
      15.5  6.07e+19
      15.3  6.19e+19
      15.1  6.31e+19
      14.9  6.41e+19
      14.7  6.51e+19
      14.5  6.59e+19
      14.3  6.67e+19
      14.1  6.73e+19
      13.9  6.78e+19
      13.7  6.82e+19
      13.5  6.84e+19
      13.3  6.86e+19
      13.1  6.85e+19
      12.9  6.84e+19
      12.7  6.81e+19
      12.5  6.76e+19
      12.3   6.7e+19
      12.1  6.62e+19
      11.9  6.53e+19
      11.8  6.42e+19
      11.6  6.29e+19
      11.4  6.16e+19
      11.2     6e+19
        11  5.84e+19
      10.8  5.66e+19
      10.6  5.46e+19
      10.4  5.26e+19
      10.2  5.04e+19
      9.96  4.81e+19
      9.76  4.57e+19
      9.56  4.33e+19
      9.37  4.08e+19
      9.17  3.82e+19
      8.97  3.57e+19
      8.77  3.31e+19
      8.57  3.05e+19
      8.37   2.8e+19
      8.17  2.55e+19
      7.97  2.31e+19
      7.78  2.08e+19
      7.58  1.86e+19
      7.38  1.64e+19
      7.18  1.44e+19
      6.98  1.26e+19
      6.78  1.08e+19
      6.58  9.26e+18
      6.39  7.84e+18
      6.19  6.56e+18
      5.99  5.44e+18
      5.79  4.45e+18
      5.59  3.61e+18
      5.39  2.89e+18
      5.19  2.29e+18
      4.99   1.8e+18
       4.8   1.4e+18
       4.6  1.07e+18
       4.4  8.12e+17
       4.2  6.08e+17
         4   4.5e+17
       3.8  3.29e+17
       3.6  2.37e+17
       3.4  1.69e+17
      3.21  1.18e+17
      3.01   8.1e+16
      2.81  5.46e+16
      2.61   3.6e+16
      2.41  2.32e+16
      2.21  1.46e+16
      2.01  8.91e+15
      1.81  5.28e+15
      1.62  3.04e+15
      1.42  1.69e+15
      1.22  8.73e+14
      1.02  4.55e+14
     0.821  2.83e+14
     0.622  1.82e+14
     0.424  1.08e+14
     0.225  8.39e+13
    0.0261  9.59e+13
    -0.173  3.22e+13
    -0.371  2.43e+13
     -0.57  1.09e+14
    -0.769  7.92e+13
    -0.967  1.15e+14
     -1.17  2.42e+13
     -1.36  4.57e+13
     -1.56 -6.16e+12
     -1.76     5e+13
     -1.96 -1.25e+14
     -2.16 -4.81e+13
     -2.36  1.79e+13
     -2.56  1.55e+14
     -2.76 -4.51e+12
     -2.95  1.04e+14
     -3.15 -7.31e+13
     -3.35 -3.53e+13
     -3.55  6.28e+13
     -3.75  2.62e+13
     -3.95 -3.57e+13
     -4.15  -1.2e+14
     -4.35 -6.25e+13
     -4.54  1.66e+14
     -4.74  7.06e+12
     -4.94 -4.28e+13
     -5.14  1.21e+14
     -5.34  6.63e+13
     -5.54 -9.23e+13
     -5.74  -9.8e+13
     -5.94  -6.4e+13
     -6.13 -2.05e+14
     -6.33 -5.14e+12
     -6.53   2.7e+14
     -6.73  7.87e+13
     -6.93   3.6e+13
     -7.13 -4.45e+12
     -7.33  1.17e+14
     -7.53 -3.12e+14
     -7.72  2.64e+13
     -7.92  8.51e+13
     -8.12 -1.59e+14
     -8.32  3.64e+13
     -8.52  1.19e+14
     -8.72   6.2e+14
     -8.92 -1.32e+14
     -9.11 -7.12e+14
     -9.31  7.82e+13
     -9.51 -1.01e+14
     -9.71  -8.8e+12
     -9.91 -4.47e+14
     -10.1  3.71e+14
     -10.3   5.3e+14
     -10.5 -4.57e+14
     -10.7  2.01e+14
     -10.9  -4.4e+14
     -11.1  7.29e+13
     -11.3  2.86e+14
     -11.5  1.31e+14
     -11.7 -1.64e+14
     -11.9  4.48e+14
     -12.1  3.15e+14
     -12.3  4.48e+13
     -12.5 -1.01e+13
     -12.7 -9.95e+12
     -12.9  1.24e+14
     -13.1 -3.11e+14
     -13.3  5.48e+14
     -13.5 -3.23e+14
     -13.7 -7.64e+13
     -13.9 -1.57e+14
     -14.1  5.46e+14
     -14.3 -1.37e+14
     -14.5  3.29e+14
     -14.7 -1.38e+14
     -14.9 -3.16e+14
     -15.1  3.98e+14
     -15.3 -2.02e+14
     -15.5 -5.63e+13
     -15.7  4.17e+14
     -15.9 -3.88e+14
     -16.1  5.13e+14
     -16.3 -7.69e+14
     -16.5  5.36e+14
     -16.7 -4.55e+14
     -16.9 -3.41e+14
     -17.1   2.8e+14
     -17.3 -6.46e+14
     -17.5   3.6e+14
     -17.7  9.45e+13
     -17.9 -2.08e+14
     -18.1  2.37e+14
     -18.3 -3.31e+14
     -18.5  5.18e+14
     -18.7 -4.45e+14
     -18.9  4.45e+14
     -19.1 -3.94e+14
     -19.2  5.21e+14
     -19.4   2.6e+14
     -19.6 -4.42e+13
     -19.8 -7.06e+13
       -20  9.94e+12
     -20.2 -1.43e+13
     -20.4 -5.81e+13
     -20.6  6.51e+13
     -20.8   6.6e+13
       -21 -9.83e+13
     -21.2  8.02e+13
     -21.4 -5.89e+13
     -21.6  1.02e+13
     -21.8  1.11e+13
       -22  -4.6e+13
     -22.2 -6.18e+12
     -22.4  1.05e+13
     -22.6  1.64e+11
     -22.8 -2.66e+10
       -23 -5.39e+10
     -23.2 -2.64e+09
     -23.4 -4.61e+07

pressure[atm]        = 1
temperature[K]           = 500
energy step[1/cm]        = 69.5
maximum energy[kcal/mol] = 35.4

bimolecular PEDs:
   E, kcal    P1->P2
      35.4  7.68e+16
      35.2  8.46e+16
        35   9.3e+16
      34.8  1.02e+17
      34.6  1.12e+17
      34.4  1.23e+17
      34.2  1.36e+17
        34  1.49e+17
      33.8  1.63e+17
      33.6  1.79e+17
      33.4  1.96e+17
      33.2  2.15e+17
        33  2.36e+17
      32.8  2.58e+17
      32.6  2.83e+17
      32.4  3.09e+17
      32.2  3.38e+17
        32  3.69e+17
      31.8  4.04e+17
      31.6  4.41e+17
      31.4  4.81e+17
      31.2  5.25e+17
        31  5.72e+17
      30.8  6.24e+17
      30.6   6.8e+17
      30.4   7.4e+17
      30.2  8.05e+17
        30  8.76e+17
      29.8  9.52e+17
      29.6  1.03e+18
      29.4  1.12e+18
      29.2  1.22e+18
        29  1.32e+18
      28.8  1.44e+18
      28.6  1.56e+18
      28.4  1.69e+18
      28.2  1.82e+18
        28  1.97e+18
      27.8  2.14e+18
      27.6  2.31e+18
      27.4  2.49e+18
      27.3  2.69e+18
      27.1   2.9e+18
      26.9  3.13e+18
      26.7  3.37e+18
      26.5  3.63e+18
      26.3  3.91e+18
      26.1  4.21e+18
      25.9  4.52e+18
      25.7  4.86e+18
      25.5  5.21e+18
      25.3  5.59e+18
      25.1     6e+18
      24.9  6.42e+18
      24.7  6.88e+18
      24.5  7.36e+18
      24.3  7.87e+18
      24.1   8.4e+18
      23.9  8.97e+18
      23.7  9.57e+18
      23.5  1.02e+19
      23.3  1.09e+19
      23.1  1.16e+19
      22.9  1.23e+19
      22.7  1.31e+19
      22.5  1.39e+19
      22.3  1.47e+19
      22.1  1.56e+19
      21.9  1.65e+19
      21.7  1.75e+19
      21.5  1.85e+19
      21.3  1.96e+19
      21.1  2.06e+19
      20.9  2.18e+19
      20.7  2.29e+19
      20.5  2.41e+19
      20.3  2.54e+19
      20.1  2.67e+19
      19.9   2.8e+19
      19.7  2.94e+19
      19.5  3.07e+19
      19.3  3.22e+19
      19.1  3.36e+19
      18.9  3.51e+19
      18.7  3.66e+19
      18.5  3.82e+19
      18.3  3.97e+19
      18.1  4.13e+19
      17.9  4.28e+19
      17.7  4.44e+19
      17.5   4.6e+19
      17.3  4.76e+19
      17.1  4.92e+19
      16.9  5.07e+19
      16.7  5.23e+19
      16.5  5.38e+19
      16.3  5.52e+19
      16.1  5.67e+19
      15.9  5.81e+19
      15.7  5.94e+19
      15.5  6.07e+19
      15.3  6.19e+19
      15.1   6.3e+19
      14.9  6.41e+19
      14.7   6.5e+19
      14.5  6.59e+19
      14.3  6.66e+19
      14.1  6.73e+19
      13.9  6.78e+19
      13.7  6.82e+19
      13.5  6.84e+19
      13.3  6.85e+19
      13.1  6.85e+19
      12.9  6.84e+19
      12.7   6.8e+19
      12.5  6.76e+19
      12.3   6.7e+19
      12.1  6.62e+19
      11.9  6.53e+19
      11.8  6.42e+19
      11.6   6.3e+19
      11.4  6.16e+19
      11.2  6.01e+19
        11  5.84e+19
      10.8  5.66e+19
      10.6  5.47e+19
      10.4  5.26e+19
      10.2  5.04e+19
      9.96  4.81e+19
      9.76  4.58e+19
      9.56  4.33e+19
      9.37  4.08e+19
      9.17  3.83e+19
      8.97  3.57e+19
      8.77  3.31e+19
      8.57  3.06e+19
      8.37  2.81e+19
      8.17  2.56e+19
      7.97  2.32e+19
      7.78  2.08e+19
      7.58  1.86e+19
      7.38  1.65e+19
      7.18  1.45e+19
      6.98  1.26e+19
      6.78  1.09e+19
      6.58  9.32e+18
      6.39  7.89e+18
      6.19  6.61e+18
      5.99  5.48e+18
      5.79   4.5e+18
      5.59  3.65e+18
      5.39  2.93e+18
      5.19  2.33e+18
      4.99  1.83e+18
       4.8  1.43e+18
       4.6   1.1e+18
       4.4  8.35e+17
       4.2  6.29e+17
         4  4.69e+17
       3.8  3.46e+17
       3.6  2.52e+17
       3.4  1.81e+17
      3.21  1.29e+17
      3.01  9.02e+16
      2.81  6.25e+16
      2.61  4.28e+16
      2.41   2.9e+16
      2.21  1.95e+16
      2.01  1.31e+16
      1.81  8.88e+15
      1.62  6.06e+15
      1.42  4.29e+15
      1.22  3.07e+15
      1.02  2.31e+15
     0.821  1.82e+15
     0.622  1.46e+15
     0.424  1.28e+15
     0.225  1.08e+15
    0.0261  9.73e+14
    -0.173  7.61e+14
    -0.371   5.9e+14
     -0.57  5.06e+14
    -0.769  3.96e+14
    -0.967  3.85e+14
     -1.17  3.37e+14
     -1.36  2.61e+14
     -1.56  3.05e+14
     -1.76  1.64e+14
     -1.96  1.52e+14
     -2.16  1.07e+14
     -2.36   9.3e+13
     -2.56 -1.12e+13
     -2.76  1.13e+14
     -2.95  7.94e+13
     -3.15  2.03e+13
     -3.35  4.63e+13
     -3.55   9.4e+13
     -3.75  8.28e+13
     -3.95  5.04e+13
     -4.15 -5.94e+12
     -4.35  -2.6e+13
     -4.54 -2.04e+14
     -4.74  9.47e+13
     -4.94  3.04e+13
     -5.14  2.74e+14
     -5.34  2.64e+13
     -5.54 -1.54e+14
     -5.74  -2.1e+14
     -5.94   9.9e+13
     -6.13  9.63e+13
     -6.33 -2.43e+13
     -6.53  1.31e+13
     -6.73 -1.79e+14
     -6.93  1.82e+14
     -7.13 -7.47e+12
     -7.33  1.03e+14
     -7.53  4.98e+12
     -7.72    -2e+14
     -7.92 -6.89e+13
     -8.12  6.45e+13
     -8.32  7.43e+13
     -8.52  1.24e+14
     -8.72 -2.97e+14
     -8.92  7.55e+13
     -9.11  5.46e+13
     -9.31  2.38e+14
     -9.51 -2.18e+14
     -9.71     2e+14
     -9.91  6.89e+13
     -10.1   5.3e+12
     -10.3 -1.83e+14
     -10.5 -1.27e+14
     -10.7  2.89e+14
     -10.9  1.18e+14
     -11.1 -2.47e+14
     -11.3 -3.54e+14
     -11.5  4.23e+14
     -11.7  6.23e+14
     -11.9 -4.54e+14
     -12.1 -8.48e+14
     -12.3  1.37e+14
     -12.5 -1.81e+14
     -12.7 -8.73e+13
     -12.9  1.56e+14
     -13.1  5.28e+14
     -13.3 -8.84e+14
     -13.5  2.57e+14
     -13.7   4.9e+14
     -13.9 -7.13e+14
     -14.1 -1.71e+14
     -14.3 -2.39e+14
     -14.5 -2.63e+13
     -14.7 -1.76e+14
     -14.9   1.7e+14
     -15.1 -4.45e+14
     -15.3  7.17e+14
     -15.5  -6.3e+14
     -15.7  4.43e+14
     -15.9 -2.38e+14
     -16.1  3.56e+14
     -16.3 -3.82e+14
     -16.5 -5.77e+13
     -16.7  3.54e+14
     -16.9  7.52e+14
     -17.1 -6.84e+14
     -17.3  2.23e+14
     -17.5 -5.24e+13
     -17.7   1.1e+14
     -17.9  1.43e+14
     -18.1 -2.48e+14
     -18.3  2.47e+14
     -18.5  3.88e+14
     -18.7 -1.74e+14
     -18.9  1.11e+14
     -19.1 -1.76e+14
     -19.2  1.03e+14
     -19.4  1.51e+14
     -19.6 -2.42e+13
     -19.8  1.23e+13
       -20  1.56e+13
     -20.2  1.47e+13
     -20.4  -7.4e+13
     -20.6  7.37e+13
     -20.8  1.08e+14
       -21 -2.42e+13
     -21.2  1.31e+13
     -21.4 -7.87e+13
     -21.6  1.31e+13
     -21.8 -3.23e+12
       -22 -2.09e+13
     -22.2 -1.69e+13
     -22.4 -5.04e+12
     -22.6  2.85e+12
     -22.8 -5.01e+10
       -23  2.66e+10
     -23.2 -8.42e+08
     -23.4 -7.04e+08

pressure[atm]        = 10
temperature[K]           = 500
energy step[1/cm]        = 69.5
maximum energy[kcal/mol] = 35.4

bimolecular PEDs:
   E, kcal    P1->P2
      35.4  7.51e+16
      35.2  8.27e+16
        35   9.1e+16
      34.8     1e+17
      34.6   1.1e+17
      34.4  1.21e+17
      34.2  1.33e+17
        34  1.46e+17
      33.8  1.61e+17
      33.6  1.76e+17
      33.4  1.93e+17
      33.2  2.12e+17
        33  2.32e+17
      32.8  2.55e+17
      32.6  2.79e+17
      32.4  3.05e+17
      32.2  3.33e+17
        32  3.65e+17
      31.8  3.98e+17
      31.6  4.35e+17
      31.4  4.75e+17
      31.2  5.18e+17
        31  5.65e+17
      30.8  6.16e+17
      30.6  6.71e+17
      30.4  7.31e+17
      30.2  7.95e+17
        30  8.65e+17
      29.8   9.4e+17
      29.6  1.02e+18
      29.4  1.11e+18
      29.2  1.21e+18
        29  1.31e+18
      28.8  1.42e+18
      28.6  1.54e+18
      28.4  1.66e+18
      28.2   1.8e+18
        28  1.95e+18
      27.8  2.11e+18
      27.6  2.28e+18
      27.4  2.46e+18
      27.3  2.66e+18
      27.1  2.87e+18
      26.9  3.09e+18
      26.7  3.33e+18
      26.5  3.59e+18
      26.3  3.86e+18
      26.1  4.16e+18
      25.9  4.47e+18
      25.7   4.8e+18
      25.5  5.15e+18
      25.3  5.53e+18
      25.1  5.93e+18
      24.9  6.35e+18
      24.7   6.8e+18
      24.5  7.28e+18
      24.3  7.78e+18
      24.1  8.31e+18
      23.9  8.87e+18
      23.7  9.47e+18
      23.5  1.01e+19
      23.3  1.08e+19
      23.1  1.14e+19
      22.9  1.22e+19
      22.7  1.29e+19
      22.5  1.37e+19
      22.3  1.46e+19
      22.1  1.55e+19
      21.9  1.64e+19
      21.7  1.73e+19
      21.5  1.83e+19
      21.3  1.94e+19
      21.1  2.04e+19
      20.9  2.16e+19
      20.7  2.27e+19
      20.5  2.39e+19
      20.3  2.51e+19
      20.1  2.64e+19
      19.9  2.77e+19
      19.7  2.91e+19
      19.5  3.05e+19
      19.3  3.19e+19
      19.1  3.33e+19
      18.9  3.48e+19
      18.7  3.63e+19
      18.5  3.78e+19
      18.3  3.94e+19
      18.1  4.09e+19
      17.9  4.25e+19
      17.7  4.41e+19
      17.5  4.56e+19
      17.3  4.72e+19
      17.1  4.88e+19
      16.9  5.03e+19
      16.7  5.19e+19
      16.5  5.34e+19
      16.3  5.49e+19
      16.1  5.63e+19
      15.9  5.77e+19
      15.7   5.9e+19
      15.5  6.03e+19
      15.3  6.15e+19
      15.1  6.27e+19
      14.9  6.37e+19
      14.7  6.47e+19
      14.5  6.55e+19
      14.3  6.63e+19
      14.1   6.7e+19
      13.9  6.75e+19
      13.7  6.79e+19
      13.5  6.82e+19
      13.3  6.83e+19
      13.1  6.83e+19
      12.9  6.82e+19
      12.7  6.79e+19
      12.5  6.75e+19
      12.3  6.69e+19
      12.1  6.61e+19
      11.9  6.53e+19
      11.8  6.42e+19
      11.6   6.3e+19
      11.4  6.17e+19
      11.2  6.02e+19
        11  5.85e+19
      10.8  5.68e+19
      10.6  5.49e+19
      10.4  5.29e+19
      10.2  5.07e+19
      9.96  4.85e+19
      9.76  4.62e+19
      9.56  4.37e+19
      9.37  4.13e+19
      9.17  3.88e+19
      8.97  3.62e+19
      8.77  3.37e+19
      8.57  3.11e+19
      8.37  2.86e+19
      8.17  2.62e+19
      7.97  2.38e+19
      7.78  2.14e+19
      7.58  1.92e+19
      7.38  1.71e+19
      7.18  1.51e+19
      6.98  1.32e+19
      6.78  1.15e+19
      6.58  9.87e+18
      6.39  8.42e+18
      6.19  7.12e+18
      5.99  5.97e+18
      5.79  4.96e+18
      5.59  4.08e+18
      5.39  3.33e+18
      5.19  2.69e+18
      4.99  2.16e+18
       4.8  1.73e+18
       4.6  1.37e+18
       4.4  1.08e+18
       4.2  8.46e+17
         4  6.61e+17
       3.8  5.15e+17
       3.6     4e+17
       3.4  3.11e+17
      3.21  2.42e+17
      3.01  1.88e+17
      2.81  1.47e+17
      2.61  1.16e+17
      2.41  9.19e+16
      2.21  7.35e+16
      2.01  5.94e+16
      1.81  4.84e+16
      1.62  3.99e+16
      1.42  3.32e+16
      1.22  2.77e+16
      1.02  2.33e+16
     0.821  1.97e+16
     0.622  1.67e+16
     0.424  1.41e+16
     0.225   1.2e+16
    0.0261  1.02e+16
    -0.173  8.69e+15
    -0.371  7.46e+15
     -0.57  6.34e+15
    -0.769  5.37e+15
    -0.967  4.62e+15
     -1.17  3.98e+15
     -1.36  3.37e+15
     -1.56  2.76e+15
     -1.76   2.3e+15
     -1.96  1.96e+15
     -2.16  1.56e+15
     -2.36  1.23e+15
     -2.56   9.1e+14
     -2.76  7.27e+14
     -2.95  5.87e+14
     -3.15  5.43e+14
     -3.35  5.35e+14
     -3.55  5.03e+14
     -3.75  5.52e+14
     -3.95  5.36e+14
     -4.15  5.98e+14
     -4.35   6.2e+14
     -4.54  3.37e+14
     -4.74  5.99e+13
     -4.94  -2.7e+14
     -5.14 -3.22e+14
     -5.34 -6.81e+13
     -5.54 -8.81e+13
     -5.74 -7.68e+13
     -5.94  1.23e+14
     -6.13  4.43e+14
     -6.33  3.55e+14
     -6.53  2.71e+14
     -6.73  7.18e+13
     -6.93 -7.75e+13
     -7.13 -3.94e+14
     -7.33 -4.73e+14
     -7.53 -4.36e+14
     -7.72  1.53e+13
     -7.92  5.39e+14
     -8.12 -2.67e+13
     -8.32  5.79e+14
     -8.52  4.72e+14
     -8.72  8.64e+12
     -8.92 -1.31e+14
     -9.11 -2.39e+14
     -9.31 -6.19e+14
     -9.51 -2.93e+13
     -9.71  1.31e+14
     -9.91  5.33e+14
     -10.1  5.67e+14
     -10.3   1.2e+14
     -10.5  1.04e+13
     -10.7 -4.49e+14
     -10.9  3.98e+14
     -11.1 -1.53e+14
     -11.3  2.37e+14
     -11.5 -3.46e+13
     -11.7 -2.52e+14
     -11.9  2.39e+14
     -12.1 -2.62e+14
     -12.3 -1.19e+14
     -12.5 -2.22e+14
     -12.7  6.57e+14
     -12.9 -1.65e+14
     -13.1 -1.13e+14
     -13.3  4.36e+14
     -13.5 -7.19e+14
     -13.7 -1.76e+14
     -13.9  2.11e+14
     -14.1 -4.98e+13
     -14.3  1.01e+15
     -14.5  1.01e+14
     -14.7 -4.66e+14
     -14.9 -3.78e+14
     -15.1 -2.55e+14
     -15.3  3.14e+14
     -15.5  4.55e+14
     -15.7  1.67e+13
     -15.9 -1.84e+11
     -16.1 -4.55e+14
     -16.3 -5.33e+13
     -16.5  7.42e+13
     -16.7  4.96e+14
     -16.9  4.08e+14
     -17.1  -1.7e+14
     -17.3 -4.05e+14
     -17.5  2.34e+14
     -17.7  5.15e+14
     -17.9 -5.95e+14
     -18.1  1.28e+14
     -18.3  2.66e+14
     -18.5 -5.59e+13
     -18.7  2.17e+14
     -18.9 -2.41e+14
     -19.1   1.5e+14
     -19.2  2.08e+14
     -19.4  5.54e+14
     -19.6 -9.21e+12
     -19.8  -1.3e+14
       -20 -1.44e+14
     -20.2 -3.17e+13
     -20.4 -2.97e+13
     -20.6  -2.4e+12
     -20.8  2.94e+13
       -21  1.73e+14
     -21.2 -1.43e+14
     -21.4 -1.67e+13
     -21.6  1.48e+13
     -21.8  4.44e+13
       -22 -6.52e+13
     -22.2 -8.28e+12
     -22.4 -6.65e+12
     -22.6 -5.34e+11
     -22.8 -2.56e+10
       -23 -5.11e+09
     -23.2  1.99e+10
     -23.4  3.64e+08

pressure[atm]        = 100
temperature[K]           = 500
energy step[1/cm]        = 69.5
maximum energy[kcal/mol] = 35.4

bimolecular PEDs:
   E, kcal    P1->P2
      35.4  6.24e+16
      35.2   6.9e+16
        35  7.64e+16
      34.8  8.45e+16
      34.6  9.34e+16
      34.4  1.03e+17
      34.2  1.14e+17
        34  1.26e+17
      33.8  1.39e+17
      33.6  1.53e+17
      33.4  1.68e+17
      33.2  1.85e+17
        33  2.03e+17
      32.8  2.23e+17
      32.6  2.44e+17
      32.4  2.68e+17
      32.2  2.93e+17
        32  3.21e+17
      31.8  3.51e+17
      31.6  3.84e+17
      31.4  4.19e+17
      31.2  4.58e+17
        31     5e+17
      30.8  5.45e+17
      30.6  5.94e+17
      30.4  6.48e+17
      30.2  7.05e+17
        30  7.68e+17
      29.8  8.35e+17
      29.6  9.08e+17
      29.4  9.87e+17
      29.2  1.07e+18
        29  1.16e+18
      28.8  1.26e+18
      28.6  1.37e+18
      28.4  1.48e+18
      28.2  1.61e+18
        28  1.74e+18
      27.8  1.88e+18
      27.6  2.03e+18
      27.4   2.2e+18
      27.3  2.37e+18
      27.1  2.56e+18
      26.9  2.77e+18
      26.7  2.98e+18
      26.5  3.21e+18
      26.3  3.46e+18
      26.1  3.72e+18
      25.9     4e+18
      25.7   4.3e+18
      25.5  4.62e+18
      25.3  4.96e+18
      25.1  5.32e+18
      24.9   5.7e+18
      24.7  6.11e+18
      24.5  6.54e+18
      24.3     7e+18
      24.1  7.48e+18
      23.9  7.99e+18
      23.7  8.53e+18
      23.5   9.1e+18
      23.3   9.7e+18
      23.1  1.03e+19
      22.9   1.1e+19
      22.7  1.17e+19
      22.5  1.24e+19
      22.3  1.32e+19
      22.1   1.4e+19
      21.9  1.48e+19
      21.7  1.57e+19
      21.5  1.66e+19
      21.3  1.76e+19
      21.1  1.86e+19
      20.9  1.96e+19
      20.7  2.07e+19
      20.5  2.18e+19
      20.3  2.29e+19
      20.1  2.41e+19
      19.9  2.53e+19
      19.7  2.66e+19
      19.5  2.79e+19
      19.3  2.92e+19
      19.1  3.06e+19
      18.9   3.2e+19
      18.7  3.34e+19
      18.5  3.48e+19
      18.3  3.63e+19
      18.1  3.77e+19
      17.9  3.92e+19
      17.7  4.07e+19
      17.5  4.23e+19
      17.3  4.38e+19
      17.1  4.53e+19
      16.9  4.68e+19
      16.7  4.83e+19
      16.5  4.98e+19
      16.3  5.12e+19
      16.1  5.27e+19
      15.9  5.41e+19
      15.7  5.54e+19
      15.5  5.67e+19
      15.3   5.8e+19
      15.1  5.92e+19
      14.9  6.03e+19
      14.7  6.14e+19
      14.5  6.23e+19
      14.3  6.32e+19
      14.1   6.4e+19
      13.9  6.47e+19
      13.7  6.52e+19
      13.5  6.57e+19
      13.3   6.6e+19
      13.1  6.62e+19
      12.9  6.63e+19
      12.7  6.63e+19
      12.5  6.61e+19
      12.3  6.58e+19
      12.1  6.53e+19
      11.9  6.47e+19
      11.8  6.39e+19
      11.6   6.3e+19
      11.4   6.2e+19
      11.2  6.08e+19
        11  5.95e+19
      10.8  5.81e+19
      10.6  5.65e+19
      10.4  5.48e+19
      10.2   5.3e+19
      9.96  5.11e+19
      9.76  4.91e+19
      9.56   4.7e+19
      9.37  4.48e+19
      9.17  4.26e+19
      8.97  4.03e+19
      8.77   3.8e+19
      8.57  3.57e+19
      8.37  3.34e+19
      8.17  3.11e+19
      7.97  2.89e+19
      7.78  2.66e+19
      7.58  2.45e+19
      7.38  2.24e+19
      7.18  2.04e+19
      6.98  1.85e+19
      6.78  1.67e+19
      6.58   1.5e+19
      6.39  1.35e+19
      6.19   1.2e+19
      5.99  1.07e+19
      5.79  9.46e+18
      5.59  8.36e+18
      5.39  7.38e+18
      5.19  6.51e+18
      4.99  5.73e+18
       4.8  5.04e+18
       4.6  4.44e+18
       4.4   3.9e+18
       4.2  3.44e+18
         4  3.03e+18
       3.8  2.67e+18
       3.6  2.36e+18
       3.4  2.08e+18
      3.21  1.84e+18
      3.01  1.63e+18
      2.81  1.44e+18
      2.61  1.28e+18
      2.41  1.14e+18
      2.21  1.01e+18
      2.01  8.95e+17
      1.81  7.95e+17
      1.62  7.06e+17
      1.42  6.27e+17
      1.22  5.57e+17
      1.02  4.95e+17
     0.821   4.4e+17
     0.622   3.9e+17
     0.424  3.46e+17
     0.225  3.07e+17
    0.0261  2.72e+17
    -0.173  2.41e+17
    -0.371  2.14e+17
     -0.57  1.89e+17
    -0.769  1.68e+17
    -0.967  1.48e+17
     -1.17  1.31e+17
     -1.36  1.16e+17
     -1.56  1.02e+17
     -1.76  9.04e+16
     -1.96  7.98e+16
     -2.16  7.05e+16
     -2.36  6.21e+16
     -2.56  5.47e+16
     -2.76  4.82e+16
     -2.95  4.24e+16
     -3.15  3.73e+16
     -3.35  3.28e+16
     -3.55  2.88e+16
     -3.75  2.53e+16
     -3.95  2.22e+16
     -4.15  1.95e+16
     -4.35  1.71e+16
     -4.54  1.51e+16
     -4.74  1.32e+16
     -4.94  1.17e+16
     -5.14  1.02e+16
     -5.34  8.92e+15
     -5.54  7.72e+15
     -5.74  6.74e+15
     -5.94  5.85e+15
     -6.13  5.12e+15
     -6.33  4.56e+15
     -6.53  4.01e+15
     -6.73   3.5e+15
     -6.93  3.13e+15
     -7.13  2.66e+15
     -7.33  2.33e+15
     -7.53  2.04e+15
     -7.72  1.75e+15
     -7.92  1.49e+15
     -8.12  1.26e+15
     -8.32  1.06e+15
     -8.52  9.62e+14
     -8.72  9.38e+14
     -8.92  8.68e+14
     -9.11   8.8e+14
     -9.31  8.72e+14
     -9.51  8.19e+14
     -9.71  3.19e+14
     -9.91  1.35e+14
     -10.1  1.69e+13
     -10.3 -3.72e+13
     -10.5  9.79e+13
     -10.7  5.07e+14
     -10.9  3.91e+14
     -11.1  5.05e+14
     -11.3  2.82e+14
     -11.5 -1.74e+14
     -11.7 -2.89e+14
     -11.9 -1.03e+14
     -12.1 -1.87e+14
     -12.3 -1.98e+14
     -12.5  2.44e+13
     -12.7  1.43e+14
     -12.9  3.97e+13
     -13.1     2e+14
     -13.3 -2.27e+14
     -13.5  2.53e+14
     -13.7  4.71e+14
     -13.9 -3.36e+14
     -14.1 -1.85e+11
     -14.3  1.24e+13
     -14.5  2.33e+14
     -14.7  2.67e+14
     -14.9 -8.73e+14
     -15.1  1.51e+15
     -15.3  2.78e+14
     -15.5 -1.36e+14
     -15.7 -7.51e+14
     -15.9 -7.26e+14
     -16.1   4.4e+14
     -16.3  2.39e+14
     -16.5  5.86e+14
     -16.7 -5.67e+12
     -16.9 -6.35e+14
     -17.1  1.93e+14
     -17.3  3.18e+14
     -17.5  4.68e+14
     -17.7  2.59e+14
     -17.9 -1.68e+14
     -18.1 -4.16e+14
     -18.3 -8.98e+13
     -18.5  8.26e+14
     -18.7  2.09e+14
     -18.9  6.47e+13
     -19.1  5.93e+14
     -19.2  3.44e+13
     -19.4 -1.76e+14
     -19.6  5.78e+13
     -19.8  3.91e+14
       -20 -2.53e+14
     -20.2  2.01e+14
     -20.4 -4.42e+13
     -20.6  2.89e+14
     -20.8 -1.04e+14
       -21  -2.7e+14
     -21.2  4.12e+13
     -21.4  2.05e+14
     -21.6 -8.33e+13
     -21.8 -1.83e+13
       -22 -2.14e+13
     -22.2 -5.38e+13
     -22.4  -1.4e+13
     -22.6  3.27e+12
     -22.8  5.93e+11
       -23 -1.85e+10
     -23.2  4.26e+08
     -23.4  1.23e+07

pressure[atm]        = 0.01
temperature[K]           = 600
energy step[1/cm]        = 83.4
maximum energy[kcal/mol] = 45.6

bimolecular PEDs:
   E, kcal    P1->P2
      45.6  1.02e+19
      45.3  1.13e+19
      45.1  1.24e+19
      44.8  1.36e+19
      44.6  1.49e+19
      44.4  1.63e+19
      44.1  1.79e+19
      43.9  1.96e+19
      43.7  2.15e+19
      43.4  2.36e+19
      43.2  2.58e+19
      42.9  2.82e+19
      42.7  3.09e+19
      42.5  3.38e+19
      42.2  3.69e+19
        42  4.03e+19
      41.7   4.4e+19
      41.5  4.81e+19
      41.3  5.25e+19
        41  5.72e+19
      40.8  6.24e+19
      40.6   6.8e+19
      40.3   7.4e+19
      40.1  8.06e+19
      39.8  8.77e+19
      39.6  9.54e+19
      39.4  1.04e+20
      39.1  1.13e+20
      38.9  1.22e+20
      38.6  1.33e+20
      38.4  1.44e+20
      38.2  1.56e+20
      37.9   1.7e+20
      37.7  1.84e+20
      37.5  1.99e+20
      37.2  2.15e+20
        37  2.33e+20
      36.7  2.52e+20
      36.5  2.72e+20
      36.3  2.94e+20
        36  3.18e+20
      35.8  3.43e+20
      35.5   3.7e+20
      35.3  3.99e+20
      35.1  4.29e+20
      34.8  4.62e+20
      34.6  4.97e+20
      34.4  5.35e+20
      34.1  5.75e+20
      33.9  6.18e+20
      33.6  6.63e+20
      33.4  7.11e+20
      33.2  7.63e+20
      32.9  8.17e+20
      32.7  8.75e+20
      32.4  9.37e+20
      32.2     1e+21
        32  1.07e+21
      31.7  1.14e+21
      31.5  1.22e+21
      31.3   1.3e+21
        31  1.39e+21
      30.8  1.48e+21
      30.5  1.57e+21
      30.3  1.67e+21
      30.1  1.78e+21
      29.8  1.89e+21
      29.6  2.01e+21
      29.3  2.13e+21
      29.1  2.26e+21
      28.9  2.39e+21
      28.6  2.53e+21
      28.4  2.67e+21
      28.2  2.82e+21
      27.9  2.98e+21
      27.7  3.15e+21
      27.4  3.32e+21
      27.2  3.49e+21
        27  3.67e+21
      26.7  3.86e+21
      26.5  4.06e+21
      26.2  4.26e+21
        26  4.46e+21
      25.8  4.67e+21
      25.5  4.89e+21
      25.3  5.12e+21
      25.1  5.34e+21
      24.8  5.58e+21
      24.6  5.81e+21
      24.3  6.05e+21
      24.1   6.3e+21
      23.9  6.54e+21
      23.6  6.79e+21
      23.4  7.05e+21
      23.1   7.3e+21
      22.9  7.55e+21
      22.7   7.8e+21
      22.4  8.06e+21
      22.2  8.31e+21
        22  8.56e+21
      21.7   8.8e+21
      21.5  9.04e+21
      21.2  9.28e+21
        21  9.51e+21
      20.8  9.73e+21
      20.5  9.95e+21
      20.3  1.02e+22
        20  1.03e+22
      19.8  1.05e+22
      19.6  1.07e+22
      19.3  1.09e+22
      19.1   1.1e+22
      18.9  1.11e+22
      18.6  1.12e+22
      18.4  1.13e+22
      18.1  1.14e+22
      17.9  1.15e+22
      17.7  1.15e+22
      17.4  1.15e+22
      17.2  1.15e+22
      16.9  1.15e+22
      16.7  1.14e+22
      16.5  1.14e+22
      16.2  1.13e+22
        16  1.12e+22
      15.8   1.1e+22
      15.5  1.09e+22
      15.3  1.07e+22
        15  1.05e+22
      14.8  1.03e+22
      14.6     1e+22
      14.3  9.77e+21
      14.1  9.49e+21
      13.8  9.19e+21
      13.6  8.88e+21
      13.4  8.55e+21
      13.1  8.22e+21
      12.9  7.87e+21
      12.7  7.51e+21
      12.4  7.14e+21
      12.2  6.77e+21
      11.9   6.4e+21
      11.7  6.02e+21
      11.5  5.65e+21
      11.2  5.27e+21
        11   4.9e+21
      10.7  4.53e+21
      10.5  4.18e+21
      10.3  3.82e+21
        10  3.48e+21
      9.79  3.15e+21
      9.55  2.84e+21
      9.31  2.53e+21
      9.07  2.25e+21
      8.84  1.98e+21
       8.6  1.73e+21
      8.36   1.5e+21
      8.12  1.29e+21
      7.88  1.09e+21
      7.64  9.21e+20
       7.4  7.67e+20
      7.17   6.3e+20
      6.93  5.12e+20
      6.69   4.1e+20
      6.45  3.24e+20
      6.21  2.52e+20
      5.97  1.94e+20
      5.74  1.46e+20
       5.5  1.09e+20
      5.26  7.94e+19
      5.02  5.71e+19
      4.78  4.05e+19
      4.54  2.82e+19
       4.3  1.93e+19
      4.07   1.3e+19
      3.83  8.62e+18
      3.59  5.59e+18
      3.35  3.55e+18
      3.11  2.19e+18
      2.87  1.32e+18
      2.64  7.74e+17
       2.4  4.39e+17
      2.16  2.37e+17
      1.92  1.22e+17
      1.68  5.98e+16
      1.44  2.59e+16
       1.2  1.22e+16
     0.966  6.96e+15
     0.728  3.45e+15
      0.49 -1.84e+15
     0.251 -1.11e+15
    0.0126  8.59e+14
    -0.226  3.03e+15
    -0.464  1.77e+14
    -0.703  6.85e+14
    -0.941 -1.78e+15
     -1.18  3.57e+14
     -1.42 -2.76e+14
     -1.66  3.46e+14
      -1.9  1.07e+15
     -2.13  4.23e+14
     -2.37  5.92e+13
     -2.61 -2.77e+15
     -2.85  2.79e+15
     -3.09  1.23e+15
     -3.33 -9.84e+14
     -3.56 -1.41e+15
      -3.8   2.4e+13
     -4.04 -9.49e+14
     -4.28  2.53e+15
     -4.52  2.03e+15
     -4.76  1.19e+15
        -5 -4.66e+15
     -5.23  -2.6e+15
     -5.47  3.59e+15
     -5.71   4.2e+15
     -5.95     3e+14
     -6.19 -1.09e+16
     -6.43  1.63e+15
     -6.66  8.28e+15
      -6.9 -3.22e+14
     -7.14 -1.72e+15
     -7.38 -2.35e+15
     -7.62  3.89e+14
     -7.86  9.75e+15
      -8.1 -2.09e+14
     -8.33   2.7e+15
     -8.57 -1.28e+15
     -8.81 -5.37e+15
     -9.05  4.03e+15
     -9.29  -3.4e+15
     -9.53 -2.19e+15
     -9.76  4.43e+15
       -10 -5.92e+14
     -10.2  -4.7e+15
     -10.5  2.66e+15
     -10.7 -1.64e+15
       -11  1.33e+15
     -11.2  -2.4e+13
     -11.4  5.23e+13
     -11.7  2.16e+14
     -11.9 -7.02e+14
     -12.1   2.2e+14
     -12.4  1.55e+15
     -12.6 -1.84e+15
     -12.9  -4.6e+14
     -13.1  3.12e+15
     -13.3 -1.67e+15
     -13.6  2.04e+15
     -13.8 -2.87e+15
     -14.1  3.86e+15
     -14.3 -5.97e+14
     -14.5 -1.93e+15
     -14.8  2.85e+15
       -15 -3.15e+15
     -15.2  3.59e+15
     -15.5 -2.69e+15
     -15.7  5.57e+14
       -16  9.82e+14
     -16.2  8.72e+14
     -16.4 -2.27e+15
     -16.7  2.21e+15
     -16.9  2.61e+14
     -17.2  9.57e+14
     -17.4 -2.98e+14
     -17.6  4.73e+14
     -17.9 -3.21e+14
     -18.1  2.21e+14
     -18.3 -2.97e+14
     -18.6  1.98e+14
     -18.8 -1.09e+15
     -19.1  4.66e+14
     -19.3 -1.44e+14
     -19.5 -9.32e+13
     -19.8 -1.92e+14
       -20  -5.6e+13
     -20.3  1.94e+14
     -20.5   9.1e+13
     -20.7 -1.59e+14
       -21 -6.55e+12
     -21.2  3.05e+12
     -21.4  6.08e+13
     -21.7 -4.81e+13
     -21.9  2.81e+13
     -22.2  2.35e+13
     -22.4  -1.8e+13
     -22.6  -1.9e+12
     -22.9  -2.6e+10
     -23.1 -1.36e+10
     -23.4 -7.55e+08

pressure[atm]        = 0.1
temperature[K]           = 600
energy step[1/cm]        = 83.4
maximum energy[kcal/mol] = 45.6

bimolecular PEDs:
   E, kcal    P1->P2
      45.6  1.02e+19
      45.3  1.13e+19
      45.1  1.24e+19
      44.8  1.36e+19
      44.6  1.49e+19
      44.4  1.63e+19
      44.1  1.79e+19
      43.9  1.96e+19
      43.7  2.15e+19
      43.4  2.36e+19
      43.2  2.58e+19
      42.9  2.82e+19
      42.7  3.09e+19
      42.5  3.38e+19
      42.2  3.69e+19
        42  4.03e+19
      41.7   4.4e+19
      41.5  4.81e+19
      41.3  5.24e+19
        41  5.72e+19
      40.8  6.24e+19
      40.6   6.8e+19
      40.3   7.4e+19
      40.1  8.06e+19
      39.8  8.77e+19
      39.6  9.54e+19
      39.4  1.04e+20
      39.1  1.13e+20
      38.9  1.22e+20
      38.6  1.33e+20
      38.4  1.44e+20
      38.2  1.56e+20
      37.9   1.7e+20
      37.7  1.84e+20
      37.5  1.99e+20
      37.2  2.15e+20
        37  2.33e+20
      36.7  2.52e+20
      36.5  2.72e+20
      36.3  2.94e+20
        36  3.18e+20
      35.8  3.43e+20
      35.5   3.7e+20
      35.3  3.98e+20
      35.1  4.29e+20
      34.8  4.62e+20
      34.6  4.97e+20
      34.4  5.35e+20
      34.1  5.75e+20
      33.9  6.17e+20
      33.6  6.63e+20
      33.4  7.11e+20
      33.2  7.63e+20
      32.9  8.17e+20
      32.7  8.75e+20
      32.4  9.36e+20
      32.2     1e+21
        32  1.07e+21
      31.7  1.14e+21
      31.5  1.22e+21
      31.3   1.3e+21
        31  1.39e+21
      30.8  1.48e+21
      30.5  1.57e+21
      30.3  1.67e+21
      30.1  1.78e+21
      29.8  1.89e+21
      29.6  2.01e+21
      29.3  2.13e+21
      29.1  2.26e+21
      28.9  2.39e+21
      28.6  2.53e+21
      28.4  2.67e+21
      28.2  2.82e+21
      27.9  2.98e+21
      27.7  3.15e+21
      27.4  3.31e+21
      27.2  3.49e+21
        27  3.67e+21
      26.7  3.86e+21
      26.5  4.06e+21
      26.2  4.26e+21
        26  4.46e+21
      25.8  4.67e+21
      25.5  4.89e+21
      25.3  5.11e+21
      25.1  5.34e+21
      24.8  5.57e+21
      24.6  5.81e+21
      24.3  6.05e+21
      24.1   6.3e+21
      23.9  6.54e+21
      23.6  6.79e+21
      23.4  7.04e+21
      23.1   7.3e+21
      22.9  7.55e+21
      22.7   7.8e+21
      22.4  8.06e+21
      22.2  8.31e+21
        22  8.56e+21
      21.7   8.8e+21
      21.5  9.04e+21
      21.2  9.28e+21
        21  9.51e+21
      20.8  9.73e+21
      20.5  9.94e+21
      20.3  1.01e+22
        20  1.03e+22
      19.8  1.05e+22
      19.6  1.07e+22
      19.3  1.09e+22
      19.1   1.1e+22
      18.9  1.11e+22
      18.6  1.12e+22
      18.4  1.13e+22
      18.1  1.14e+22
      17.9  1.15e+22
      17.7  1.15e+22
      17.4  1.15e+22
      17.2  1.15e+22
      16.9  1.15e+22
      16.7  1.14e+22
      16.5  1.14e+22
      16.2  1.13e+22
        16  1.12e+22
      15.8   1.1e+22
      15.5  1.09e+22
      15.3  1.07e+22
        15  1.05e+22
      14.8  1.03e+22
      14.6     1e+22
      14.3  9.77e+21
      14.1  9.49e+21
      13.8  9.19e+21
      13.6  8.88e+21
      13.4  8.55e+21
      13.1  8.22e+21
      12.9  7.87e+21
      12.7  7.51e+21
      12.4  7.14e+21
      12.2  6.77e+21
      11.9   6.4e+21
      11.7  6.02e+21
      11.5  5.65e+21
      11.2  5.27e+21
        11   4.9e+21
      10.7  4.54e+21
      10.5  4.18e+21
      10.3  3.83e+21
        10  3.48e+21
      9.79  3.15e+21
      9.55  2.84e+21
      9.31  2.54e+21
      9.07  2.25e+21
      8.84  1.98e+21
       8.6  1.73e+21
      8.36   1.5e+21
      8.12  1.29e+21
      7.88  1.09e+21
      7.64  9.21e+20
       7.4  7.67e+20
      7.17  6.31e+20
      6.93  5.13e+20
      6.69  4.11e+20
      6.45  3.25e+20
      6.21  2.53e+20
      5.97  1.94e+20
      5.74  1.46e+20
       5.5  1.09e+20
      5.26  7.96e+19
      5.02  5.73e+19
      4.78  4.06e+19
      4.54  2.83e+19
       4.3  1.95e+19
      4.07  1.31e+19
      3.83  8.71e+18
      3.59  5.67e+18
      3.35  3.61e+18
      3.11  2.25e+18
      2.87  1.37e+18
      2.64  8.12e+17
       2.4  4.69e+17
      2.16  2.65e+17
      1.92  1.44e+17
      1.68   7.8e+16
      1.44  4.28e+16
       1.2   2.5e+16
     0.966  1.45e+16
     0.728  1.09e+16
      0.49  8.72e+15
     0.251  8.67e+15
    0.0126  4.88e+15
    -0.226  5.03e+15
    -0.464  2.75e+15
    -0.703  2.35e+15
    -0.941  2.86e+15
     -1.18   1.6e+15
     -1.42   2.4e+14
     -1.66  3.87e+15
      -1.9   2.1e+15
     -2.13  3.01e+15
     -2.37 -8.16e+14
     -2.61 -1.82e+15
     -2.85 -9.21e+14
     -3.09 -7.77e+14
     -3.33  5.75e+15
     -3.56 -2.66e+14
      -3.8  1.87e+15
     -4.04 -2.08e+15
     -4.28 -2.31e+15
     -4.52 -4.71e+14
     -4.76  1.72e+15
        -5 -1.58e+15
     -5.23  3.15e+15
     -5.47  3.73e+13
     -5.71  1.58e+15
     -5.95 -3.43e+15
     -6.19  -2.7e+14
     -6.43  2.49e+15
     -6.66 -2.77e+15
      -6.9  1.67e+15
     -7.14 -1.61e+15
     -7.38   4.4e+14
     -7.62 -2.77e+15
     -7.86 -6.26e+14
      -8.1  1.32e+15
     -8.33  2.59e+15
     -8.57 -8.57e+15
     -8.81  1.84e+15
     -9.05   4.1e+15
     -9.29 -2.79e+15
     -9.53  4.05e+15
     -9.76  6.89e+14
       -10 -7.88e+15
     -10.2  9.79e+14
     -10.5  -1.1e+15
     -10.7  2.86e+15
       -11 -1.42e+15
     -11.2  5.43e+14
     -11.4 -1.58e+15
     -11.7  1.49e+15
     -11.9  4.93e+14
     -12.1  3.07e+12
     -12.4 -3.12e+15
     -12.6  4.01e+15
     -12.9 -3.16e+15
     -13.1  3.92e+15
     -13.3 -4.13e+15
     -13.6  1.35e+15
     -13.8  1.03e+15
     -14.1 -9.78e+15
     -14.3   8.1e+15
     -14.5 -3.39e+15
     -14.8  3.15e+14
       -15  -2.1e+15
     -15.2  4.32e+15
     -15.5 -3.09e+15
     -15.7  1.08e+15
       -16 -4.93e+14
     -16.2  5.46e+13
     -16.4  5.51e+14
     -16.7 -3.41e+14
     -16.9  5.81e+14
     -17.2  1.67e+15
     -17.4  1.72e+14
     -17.6 -3.59e+14
     -17.9 -2.78e+14
     -18.1  7.32e+14
     -18.3  -5.6e+14
     -18.6  2.38e+14
     -18.8  1.63e+14
     -19.1 -9.99e+13
     -19.3 -7.24e+12
     -19.5  6.66e+13
     -19.8 -6.78e+13
       -20  8.58e+13
     -20.3 -1.82e+14
     -20.5 -5.77e+13
     -20.7  3.43e+12
       -21 -7.85e+12
     -21.2  4.87e+12
     -21.4  4.95e+12
     -21.7  4.09e+13
     -21.9 -1.67e+12
     -22.2 -4.02e+12
     -22.4 -1.88e+13
     -22.6  6.11e+12
     -22.9   5.5e+10
     -23.1  2.22e+12
     -23.4  4.14e+09

pressure[atm]        = 1
temperature[K]           = 600
energy step[1/cm]        = 83.4
maximum energy[kcal/mol] = 45.6

bimolecular PEDs:
   E, kcal    P1->P2
      45.6  1.02e+19
      45.3  1.12e+19
      45.1  1.23e+19
      44.8  1.35e+19
      44.6  1.49e+19
      44.4  1.63e+19
      44.1  1.79e+19
      43.9  1.96e+19
      43.7  2.15e+19
      43.4  2.35e+19
      43.2  2.58e+19
      42.9  2.82e+19
      42.7  3.08e+19
      42.5  3.37e+19
      42.2  3.69e+19
        42  4.03e+19
      41.7   4.4e+19
      41.5   4.8e+19
      41.3  5.24e+19
        41  5.71e+19
      40.8  6.23e+19
      40.6  6.79e+19
      40.3  7.39e+19
      40.1  8.05e+19
      39.8  8.76e+19
      39.6  9.53e+19
      39.4  1.04e+20
      39.1  1.13e+20
      38.9  1.22e+20
      38.6  1.33e+20
      38.4  1.44e+20
      38.2  1.56e+20
      37.9  1.69e+20
      37.7  1.84e+20
      37.5  1.99e+20
      37.2  2.15e+20
        37  2.33e+20
      36.7  2.52e+20
      36.5  2.72e+20
      36.3  2.94e+20
        36  3.17e+20
      35.8  3.42e+20
      35.5  3.69e+20
      35.3  3.98e+20
      35.1  4.29e+20
      34.8  4.62e+20
      34.6  4.97e+20
      34.4  5.34e+20
      34.1  5.74e+20
      33.9  6.17e+20
      33.6  6.62e+20
      33.4   7.1e+20
      33.2  7.62e+20
      32.9  8.16e+20
      32.7  8.74e+20
      32.4  9.36e+20
      32.2     1e+21
        32  1.07e+21
      31.7  1.14e+21
      31.5  1.22e+21
      31.3   1.3e+21
        31  1.39e+21
      30.8  1.48e+21
      30.5  1.57e+21
      30.3  1.67e+21
      30.1  1.78e+21
      29.8  1.89e+21
      29.6     2e+21
      29.3  2.13e+21
      29.1  2.25e+21
      28.9  2.39e+21
      28.6  2.53e+21
      28.4  2.67e+21
      28.2  2.82e+21
      27.9  2.98e+21
      27.7  3.14e+21
      27.4  3.31e+21
      27.2  3.49e+21
        27  3.67e+21
      26.7  3.86e+21
      26.5  4.05e+21
      26.2  4.25e+21
        26  4.46e+21
      25.8  4.67e+21
      25.5  4.89e+21
      25.3  5.11e+21
      25.1  5.34e+21
      24.8  5.57e+21
      24.6  5.81e+21
      24.3  6.05e+21
      24.1  6.29e+21
      23.9  6.54e+21
      23.6  6.79e+21
      23.4  7.04e+21
      23.1  7.29e+21
      22.9  7.55e+21
      22.7   7.8e+21
      22.4  8.05e+21
      22.2   8.3e+21
        22  8.55e+21
      21.7   8.8e+21
      21.5  9.04e+21
      21.2  9.27e+21
        21   9.5e+21
      20.8  9.73e+21
      20.5  9.94e+21
      20.3  1.01e+22
        20  1.03e+22
      19.8  1.05e+22
      19.6  1.07e+22
      19.3  1.09e+22
      19.1   1.1e+22
      18.9  1.11e+22
      18.6  1.12e+22
      18.4  1.13e+22
      18.1  1.14e+22
      17.9  1.15e+22
      17.7  1.15e+22
      17.4  1.15e+22
      17.2  1.15e+22
      16.9  1.15e+22
      16.7  1.14e+22
      16.5  1.14e+22
      16.2  1.13e+22
        16  1.12e+22
      15.8   1.1e+22
      15.5  1.09e+22
      15.3  1.07e+22
        15  1.05e+22
      14.8  1.03e+22
      14.6     1e+22
      14.3  9.77e+21
      14.1  9.49e+21
      13.8   9.2e+21
      13.6  8.88e+21
      13.4  8.56e+21
      13.1  8.22e+21
      12.9  7.87e+21
      12.7  7.52e+21
      12.4  7.15e+21
      12.2  6.78e+21
      11.9  6.41e+21
      11.7  6.03e+21
      11.5  5.65e+21
      11.2  5.28e+21
        11  4.91e+21
      10.7  4.54e+21
      10.5  4.18e+21
      10.3  3.83e+21
        10  3.49e+21
      9.79  3.16e+21
      9.55  2.84e+21
      9.31  2.54e+21
      9.07  2.26e+21
      8.84  1.99e+21
       8.6  1.74e+21
      8.36  1.51e+21
      8.12  1.29e+21
      7.88   1.1e+21
      7.64  9.27e+20
       7.4  7.72e+20
      7.17  6.36e+20
      6.93  5.17e+20
      6.69  4.15e+20
      6.45  3.29e+20
      6.21  2.56e+20
      5.97  1.97e+20
      5.74  1.49e+20
       5.5  1.11e+20
      5.26  8.18e+19
      5.02  5.93e+19
      4.78  4.23e+19
      4.54  2.98e+19
       4.3  2.07e+19
      4.07  1.42e+19
      3.83  9.62e+18
      3.59  6.44e+18
      3.35  4.27e+18
      3.11   2.8e+18
      2.87  1.83e+18
      2.64   1.2e+18
       2.4  7.95e+17
      2.16  5.35e+17
      1.92   3.7e+17
      1.68  2.69e+17
      1.44  1.97e+17
       1.2  1.56e+17
     0.966  1.23e+17
     0.728  1.02e+17
      0.49  8.38e+16
     0.251  6.91e+16
    0.0126  5.73e+16
    -0.226  4.75e+16
    -0.464  3.83e+16
    -0.703  3.26e+16
    -0.941   2.6e+16
     -1.18   2.1e+16
     -1.42  1.85e+16
     -1.66  1.46e+16
      -1.9  1.26e+16
     -2.13  8.79e+15
     -2.37  7.22e+15
     -2.61  9.28e+15
     -2.85  6.57e+15
     -3.09  9.78e+14
     -3.33  2.05e+15
     -3.56  4.26e+15
      -3.8  5.92e+15
     -4.04 -1.46e+14
     -4.28  8.26e+14
     -4.52 -3.42e+15
     -4.76   1.4e+15
        -5  3.73e+15
     -5.23 -1.35e+15
     -5.47  5.65e+15
     -5.71 -4.61e+15
     -5.95 -1.11e+15
     -6.19   3.9e+15
     -6.43  -8.3e+13
     -6.66 -9.58e+14
      -6.9 -3.74e+15
     -7.14  2.88e+15
     -7.38  7.12e+14
     -7.62  4.63e+14
     -7.86 -3.74e+14
      -8.1 -2.09e+15
     -8.33 -3.15e+15
     -8.57  1.73e+15
     -8.81  4.97e+15
     -9.05  1.29e+15
     -9.29 -1.07e+16
     -9.53  2.76e+15
     -9.76  5.12e+15
       -10 -1.21e+15
     -10.2  2.57e+15
     -10.5 -5.39e+14
     -10.7 -3.72e+15
       -11  -2.4e+15
     -11.2  1.68e+13
     -11.4  2.14e+14
     -11.7 -5.51e+13
     -11.9 -1.23e+15
     -12.1  3.19e+15
     -12.4 -3.67e+15
     -12.6  5.29e+14
     -12.9  5.04e+15
     -13.1 -9.42e+15
     -13.3  9.23e+15
     -13.6 -3.91e+15
     -13.8 -1.79e+15
     -14.1  1.21e+13
     -14.3  -2.4e+15
     -14.5   6.4e+15
     -14.8 -7.45e+15
       -15  5.33e+15
     -15.2 -3.66e+15
     -15.5  2.04e+15
     -15.7 -4.11e+13
       -16   2.7e+14
     -16.2 -1.41e+15
     -16.4  3.33e+14
     -16.7  1.79e+15
     -16.9 -2.71e+15
     -17.2  1.02e+15
     -17.4 -1.72e+15
     -17.6  2.19e+15
     -17.9 -1.65e+15
     -18.1  7.23e+14
     -18.3 -3.42e+14
     -18.6  6.15e+14
     -18.8 -4.09e+14
     -19.1  4.88e+14
     -19.3 -2.78e+14
     -19.5  6.53e+13
     -19.8  1.98e+14
       -20 -2.25e+14
     -20.3  6.03e+14
     -20.5  3.08e+14
     -20.7 -6.46e+14
       -21 -7.64e+13
     -21.2  2.98e+13
     -21.4  2.71e+14
     -21.7 -1.52e+14
     -21.9 -8.27e+12
     -22.2 -1.06e+13
     -22.4  8.56e+12
     -22.6  3.38e+13
     -22.9     3e+09
     -23.1  1.08e+13
     -23.4  9.86e+08

pressure[atm]        = 10
temperature[K]           = 600
energy step[1/cm]        = 83.4
maximum energy[kcal/mol] = 45.6

bimolecular PEDs:
   E, kcal    P1->P2
      45.6     1e+19
      45.3   1.1e+19
      45.1  1.21e+19
      44.8  1.33e+19
      44.6  1.46e+19
      44.4   1.6e+19
      44.1  1.76e+19
      43.9  1.93e+19
      43.7  2.12e+19
      43.4  2.32e+19
      43.2  2.54e+19
      42.9  2.78e+19
      42.7  3.05e+19
      42.5  3.33e+19
      42.2  3.64e+19
        42  3.98e+19
      41.7  4.35e+19
      41.5  4.75e+19
      41.3  5.18e+19
        41  5.65e+19
      40.8  6.16e+19
      40.6  6.71e+19
      40.3  7.31e+19
      40.1  7.96e+19
      39.8  8.66e+19
      39.6  9.42e+19
      39.4  1.02e+20
      39.1  1.11e+20
      38.9  1.21e+20
      38.6  1.31e+20
      38.4  1.43e+20
      38.2  1.55e+20
      37.9  1.68e+20
      37.7  1.82e+20
      37.5  1.97e+20
      37.2  2.13e+20
        37   2.3e+20
      36.7  2.49e+20
      36.5  2.69e+20
      36.3  2.91e+20
        36  3.14e+20
      35.8  3.39e+20
      35.5  3.66e+20
      35.3  3.94e+20
      35.1  4.24e+20
      34.8  4.57e+20
      34.6  4.92e+20
      34.4  5.29e+20
      34.1  5.69e+20
      33.9  6.11e+20
      33.6  6.56e+20
      33.4  7.03e+20
      33.2  7.54e+20
      32.9  8.08e+20
      32.7  8.66e+20
      32.4  9.27e+20
      32.2  9.91e+20
        32  1.06e+21
      31.7  1.13e+21
      31.5  1.21e+21
      31.3  1.29e+21
        31  1.37e+21
      30.8  1.46e+21
      30.5  1.56e+21
      30.3  1.66e+21
      30.1  1.76e+21
      29.8  1.87e+21
      29.6  1.99e+21
      29.3  2.11e+21
      29.1  2.23e+21
      28.9  2.37e+21
      28.6   2.5e+21
      28.4  2.65e+21
      28.2   2.8e+21
      27.9  2.95e+21
      27.7  3.12e+21
      27.4  3.28e+21
      27.2  3.46e+21
        27  3.64e+21
      26.7  3.83e+21
      26.5  4.02e+21
      26.2  4.22e+21
        26  4.42e+21
      25.8  4.64e+21
      25.5  4.85e+21
      25.3  5.07e+21
      25.1   5.3e+21
      24.8  5.53e+21
      24.6  5.77e+21
      24.3  6.01e+21
      24.1  6.25e+21
      23.9  6.49e+21
      23.6  6.74e+21
      23.4  6.99e+21
      23.1  7.25e+21
      22.9   7.5e+21
      22.7  7.75e+21
      22.4     8e+21
      22.2  8.25e+21
        22   8.5e+21
      21.7  8.75e+21
      21.5  8.99e+21
      21.2  9.22e+21
        21  9.45e+21
      20.8  9.68e+21
      20.5  9.89e+21
      20.3  1.01e+22
        20  1.03e+22
      19.8  1.05e+22
      19.6  1.07e+22
      19.3  1.08e+22
      19.1   1.1e+22
      18.9  1.11e+22
      18.6  1.12e+22
      18.4  1.13e+22
      18.1  1.14e+22
      17.9  1.14e+22
      17.7  1.15e+22
      17.4  1.15e+22
      17.2  1.15e+22
      16.9  1.15e+22
      16.7  1.14e+22
      16.5  1.14e+22
      16.2  1.13e+22
        16  1.12e+22
      15.8   1.1e+22
      15.5  1.09e+22
      15.3  1.07e+22
        15  1.05e+22
      14.8  1.03e+22
      14.6  1.01e+22
      14.3   9.8e+21
      14.1  9.52e+21
      13.8  9.23e+21
      13.6  8.92e+21
      13.4   8.6e+21
      13.1  8.27e+21
      12.9  7.92e+21
      12.7  7.57e+21
      12.4  7.21e+21
      12.2  6.84e+21
      11.9  6.47e+21
      11.7  6.09e+21
      11.5  5.72e+21
      11.2  5.35e+21
        11  4.98e+21
      10.7  4.61e+21
      10.5  4.26e+21
      10.3   3.9e+21
        10  3.56e+21
      9.79  3.23e+21
      9.55  2.92e+21
      9.31  2.61e+21
      9.07  2.33e+21
      8.84  2.06e+21
       8.6   1.8e+21
      8.36  1.57e+21
      8.12  1.35e+21
      7.88  1.16e+21
      7.64  9.83e+20
       7.4  8.25e+20
      7.17  6.85e+20
      6.93  5.63e+20
      6.69  4.58e+20
      6.45  3.68e+20
      6.21  2.92e+20
      5.97  2.29e+20
      5.74  1.78e+20
       5.5  1.37e+20
      5.26  1.05e+20
      5.02  7.94e+19
      4.78  5.99e+19
      4.54   4.5e+19
       4.3  3.39e+19
      4.07  2.55e+19
      3.83  1.93e+19
      3.59  1.47e+19
      3.35  1.13e+19
      3.11  8.73e+18
      2.87  6.84e+18
      2.64  5.42e+18
       2.4  4.35e+18
      2.16  3.52e+18
      1.92  2.88e+18
      1.68  2.37e+18
      1.44  1.96e+18
       1.2  1.63e+18
     0.966  1.36e+18
     0.728  1.14e+18
      0.49  9.49e+17
     0.251  7.89e+17
    0.0126  6.56e+17
    -0.226  5.48e+17
    -0.464  4.55e+17
    -0.703  3.81e+17
    -0.941  3.15e+17
     -1.18   2.6e+17
     -1.42  2.19e+17
     -1.66  1.81e+17
      -1.9  1.46e+17
     -2.13  1.22e+17
     -2.37  9.95e+16
     -2.61  8.03e+16
     -2.85   6.8e+16
     -3.09  5.41e+16
     -3.33  4.93e+16
     -3.56  3.53e+16
      -3.8  2.83e+16
     -4.04  2.27e+16
     -4.28  1.53e+16
     -4.52  1.59e+16
     -4.76  1.12e+16
        -5  1.32e+16
     -5.23  1.18e+16
     -5.47  3.17e+15
     -5.71  5.79e+15
     -5.95 -6.39e+14
     -6.19  7.34e+15
     -6.43  3.43e+15
     -6.66  3.78e+14
      -6.9 -3.19e+15
     -7.14 -1.91e+15
     -7.38  2.67e+15
     -7.62  5.33e+14
     -7.86 -1.83e+14
      -8.1  7.36e+15
     -8.33 -6.62e+15
     -8.57 -3.54e+15
     -8.81 -4.36e+15
     -9.05  3.31e+15
     -9.29  3.61e+15
     -9.53  3.89e+15
     -9.76  -2.4e+15
       -10 -3.17e+15
     -10.2 -2.01e+15
     -10.5 -1.21e+15
     -10.7  4.33e+15
       -11  4.15e+15
     -11.2 -3.39e+15
     -11.4  2.91e+15
     -11.7  9.04e+14
     -11.9  1.89e+15
     -12.1 -5.85e+15
     -12.4  3.07e+15
     -12.6  3.97e+15
     -12.9 -3.11e+15
     -13.1 -1.14e+15
     -13.3  3.17e+14
     -13.6  1.95e+15
     -13.8 -6.42e+13
     -14.1 -1.98e+15
     -14.3  1.09e+15
     -14.5 -1.04e+15
     -14.8 -4.85e+14
       -15  3.16e+15
     -15.2    -3e+15
     -15.5 -1.19e+14
     -15.7   2.2e+15
       -16 -1.63e+15
     -16.2  2.92e+14
     -16.4 -3.73e+14
     -16.7  2.61e+15
     -16.9 -4.35e+15
     -17.2  7.08e+14
     -17.4 -2.54e+15
     -17.6  3.77e+15
     -17.9 -3.87e+15
     -18.1  2.47e+15
     -18.3  -8.8e+14
     -18.6  1.72e+14
     -18.8  2.13e+15
     -19.1 -1.19e+15
     -19.3  1.09e+15
     -19.5 -1.47e+15
     -19.8 -4.93e+15
       -20  5.17e+14
     -20.3 -3.71e+14
     -20.5 -5.02e+13
     -20.7  3.35e+13
       -21  1.28e+13
     -21.2 -7.51e+12
     -21.4 -1.72e+13
     -21.7  5.88e+13
     -21.9  5.09e+14
     -22.2 -5.09e+13
     -22.4  2.34e+13
     -22.6  1.76e+12
     -22.9  8.14e+10
     -23.1  -1.6e+10
     -23.4  1.28e+10

pressure[atm]        = 100
temperature[K]           = 600
energy step[1/cm]        = 83.4
maximum energy[kcal/mol] = 45.6

bimolecular PEDs:
   E, kcal    P1->P2
      45.6  8.46e+18
      45.3  9.34e+18
      45.1  1.03e+19
      44.8  1.14e+19
      44.6  1.26e+19
      44.4  1.39e+19
      44.1  1.53e+19
      43.9  1.69e+19
      43.7  1.85e+19
      43.4  2.04e+19
      43.2  2.24e+19
      42.9  2.46e+19
      42.7   2.7e+19
      42.5  2.96e+19
      42.2  3.24e+19
        42  3.55e+19
      41.7  3.88e+19
      41.5  4.24e+19
      41.3  4.63e+19
        41  5.06e+19
      40.8  5.52e+19
      40.6  6.02e+19
      40.3  6.57e+19
      40.1  7.15e+19
      39.8  7.79e+19
      39.6  8.48e+19
      39.4  9.23e+19
      39.1     1e+20
      38.9  1.09e+20
      38.6  1.18e+20
      38.4  1.29e+20
      38.2   1.4e+20
      37.9  1.51e+20
      37.7  1.64e+20
      37.5  1.78e+20
      37.2  1.93e+20
        37  2.08e+20
      36.7  2.25e+20
      36.5  2.44e+20
      36.3  2.63e+20
        36  2.85e+20
      35.8  3.07e+20
      35.5  3.32e+20
      35.3  3.57e+20
      35.1  3.85e+20
      34.8  4.15e+20
      34.6  4.47e+20
      34.4  4.81e+20
      34.1  5.17e+20
      33.9  5.56e+20
      33.6  5.97e+20
      33.4  6.41e+20
      33.2  6.87e+20
      32.9  7.37e+20
      32.7  7.89e+20
      32.4  8.45e+20
      32.2  9.05e+20
        32  9.67e+20
      31.7  1.03e+21
      31.5   1.1e+21
      31.3  1.18e+21
        31  1.26e+21
      30.8  1.34e+21
      30.5  1.43e+21
      30.3  1.52e+21
      30.1  1.62e+21
      29.8  1.72e+21
      29.6  1.82e+21
      29.3  1.94e+21
      29.1  2.05e+21
      28.9  2.18e+21
      28.6   2.3e+21
      28.4  2.44e+21
      28.2  2.58e+21
      27.9  2.72e+21
      27.7  2.88e+21
      27.4  3.03e+21
      27.2   3.2e+21
        27  3.37e+21
      26.7  3.54e+21
      26.5  3.72e+21
      26.2  3.91e+21
        26  4.11e+21
      25.8   4.3e+21
      25.5  4.51e+21
      25.3  4.72e+21
      25.1  4.93e+21
      24.8  5.15e+21
      24.6  5.38e+21
      24.3  5.61e+21
      24.1  5.84e+21
      23.9  6.08e+21
      23.6  6.31e+21
      23.4  6.56e+21
      23.1   6.8e+21
      22.9  7.05e+21
      22.7  7.29e+21
      22.4  7.54e+21
      22.2  7.78e+21
        22  8.03e+21
      21.7  8.27e+21
      21.5  8.51e+21
      21.2  8.74e+21
        21  8.97e+21
      20.8   9.2e+21
      20.5  9.42e+21
      20.3  9.63e+21
        20  9.83e+21
      19.8     1e+22
      19.6  1.02e+22
      19.3  1.04e+22
      19.1  1.05e+22
      18.9  1.07e+22
      18.6  1.08e+22
      18.4  1.09e+22
      18.1   1.1e+22
      17.9  1.11e+22
      17.7  1.12e+22
      17.4  1.12e+22
      17.2  1.13e+22
      16.9  1.13e+22
      16.7  1.13e+22
      16.5  1.12e+22
      16.2  1.12e+22
        16  1.11e+22
      15.8   1.1e+22
      15.5  1.09e+22
      15.3  1.07e+22
        15  1.06e+22
      14.8  1.04e+22
      14.6  1.02e+22
      14.3     1e+22
      14.1  9.76e+21
      13.8  9.51e+21
      13.6  9.24e+21
      13.4  8.96e+21
      13.1  8.66e+21
      12.9  8.35e+21
      12.7  8.03e+21
      12.4   7.7e+21
      12.2  7.36e+21
      11.9  7.02e+21
      11.7  6.67e+21
      11.5  6.32e+21
      11.2  5.96e+21
        11  5.61e+21
      10.7  5.26e+21
      10.5  4.91e+21
      10.3  4.57e+21
        10  4.23e+21
      9.79  3.91e+21
      9.55  3.59e+21
      9.31  3.28e+21
      9.07  2.99e+21
      8.84  2.71e+21
       8.6  2.44e+21
      8.36  2.19e+21
      8.12  1.96e+21
      7.88  1.74e+21
      7.64  1.54e+21
       7.4  1.36e+21
      7.17  1.19e+21
      6.93  1.04e+21
      6.69  9.08e+20
      6.45  7.88e+20
      6.21  6.82e+20
      5.97   5.9e+20
      5.74  5.09e+20
       5.5  4.39e+20
      5.26  3.79e+20
      5.02  3.28e+20
      4.78  2.83e+20
      4.54  2.45e+20
       4.3  2.13e+20
      4.07  1.85e+20
      3.83  1.61e+20
      3.59   1.4e+20
      3.35  1.22e+20
      3.11  1.06e+20
      2.87  9.27e+19
      2.64   8.1e+19
       2.4  7.07e+19
      2.16  6.18e+19
      1.92   5.4e+19
      1.68  4.71e+19
      1.44  4.12e+19
       1.2  3.59e+19
     0.966  3.14e+19
     0.728  2.73e+19
      0.49  2.38e+19
     0.251  2.08e+19
    0.0126  1.81e+19
    -0.226  1.57e+19
    -0.464  1.37e+19
    -0.703  1.19e+19
    -0.941  1.03e+19
     -1.18  8.97e+18
     -1.42  7.78e+18
     -1.66  6.75e+18
      -1.9  5.85e+18
     -2.13  5.06e+18
     -2.37  4.38e+18
     -2.61  3.78e+18
     -2.85  3.27e+18
     -3.09  2.82e+18
     -3.33  2.44e+18
     -3.56   2.1e+18
      -3.8  1.81e+18
     -4.04  1.56e+18
     -4.28  1.34e+18
     -4.52  1.15e+18
     -4.76  9.91e+17
        -5   8.5e+17
     -5.23  7.29e+17
     -5.47  6.26e+17
     -5.71  5.36e+17
     -5.95  4.59e+17
     -6.19  3.93e+17
     -6.43  3.37e+17
     -6.66  2.89e+17
      -6.9  2.48e+17
     -7.14  2.09e+17
     -7.38  1.77e+17
     -7.62  1.47e+17
     -7.86  1.24e+17
      -8.1  1.08e+17
     -8.33  8.68e+16
     -8.57  7.32e+16
     -8.81  6.61e+16
     -9.05  6.52e+16
     -9.29  4.88e+16
     -9.53  4.57e+16
     -9.76  3.62e+16
       -10  2.23e+16
     -10.2  1.89e+16
     -10.5   1.9e+16
     -10.7  1.93e+16
       -11  1.82e+16
     -11.2  1.19e+16
     -11.4     1e+16
     -11.7  7.47e+15
     -11.9     1e+15
     -12.1  4.71e+15
     -12.4  7.44e+15
     -12.6  6.87e+15
     -12.9  1.12e+16
     -13.1  7.55e+15
     -13.3  5.45e+15
     -13.6 -3.72e+15
     -13.8 -3.15e+15
     -14.1 -4.07e+15
     -14.3  2.83e+15
     -14.5 -6.36e+14
     -14.8 -6.29e+15
       -15  2.71e+15
     -15.2  3.65e+15
     -15.5  9.41e+14
     -15.7 -4.91e+15
       -16 -4.92e+15
     -16.2  7.66e+15
     -16.4  5.37e+15
     -16.7    -7e+15
     -16.9 -3.37e+15
     -17.2  5.59e+15
     -17.4  2.11e+15
     -17.6 -4.39e+15
     -17.9 -1.47e+15
     -18.1  4.84e+15
     -18.3  -1.9e+15
     -18.6 -1.91e+15
     -18.8  4.45e+15
     -19.1  2.96e+15
     -19.3   1.4e+15
     -19.5 -5.26e+14
     -19.8 -1.24e+15
       -20 -6.28e+14
     -20.3 -6.17e+14
     -20.5  6.02e+14
     -20.7 -7.64e+14
       -21 -5.48e+14
     -21.2  1.55e+13
     -21.4  5.04e+14
     -21.7  1.75e+13
     -21.9  2.16e+14
     -22.2 -2.34e+14
     -22.4  2.28e+12
     -22.6  2.45e+13
     -22.9  3.91e+12
     -23.1  1.71e+11
     -23.4  1.43e+10

pressure[atm]        = 0.01
temperature[K]           = 700
energy step[1/cm]        = 97.3
maximum energy[kcal/mol] = 56.4

bimolecular PEDs:
   E, kcal    P1->P2
      56.4  8.79e+20
      56.1  9.65e+20
      55.8  1.06e+21
      55.5  1.16e+21
      55.2  1.27e+21
        55  1.39e+21
      54.7  1.53e+21
      54.4  1.67e+21
      54.1  1.83e+21
      53.9     2e+21
      53.6  2.19e+21
      53.3  2.39e+21
        53  2.62e+21
      52.7  2.86e+21
      52.5  3.12e+21
      52.2  3.41e+21
      51.9  3.72e+21
      51.6  4.05e+21
      51.4  4.42e+21
      51.1  4.82e+21
      50.8  5.25e+21
      50.5  5.71e+21
      50.2  6.22e+21
        50  6.76e+21
      49.7  7.35e+21
      49.4  7.99e+21
      49.1  8.68e+21
      48.8  9.43e+21
      48.6  1.02e+22
      48.3  1.11e+22
        48   1.2e+22
      47.7  1.31e+22
      47.5  1.41e+22
      47.2  1.53e+22
      46.9  1.66e+22
      46.6  1.79e+22
      46.3  1.94e+22
      46.1   2.1e+22
      45.8  2.27e+22
      45.5  2.45e+22
      45.2  2.64e+22
        45  2.85e+22
      44.7  3.07e+22
      44.4  3.31e+22
      44.1  3.56e+22
      43.8  3.83e+22
      43.6  4.13e+22
      43.3  4.44e+22
        43  4.77e+22
      42.7  5.12e+22
      42.4   5.5e+22
      42.2   5.9e+22
      41.9  6.32e+22
      41.6  6.78e+22
      41.3  7.26e+22
      41.1  7.77e+22
      40.8  8.31e+22
      40.5  8.89e+22
      40.2  9.49e+22
      39.9  1.01e+23
      39.7  1.08e+23
      39.4  1.15e+23
      39.1  1.23e+23
      38.8  1.31e+23
      38.6  1.39e+23
      38.3  1.48e+23
        38  1.58e+23
      37.7  1.67e+23
      37.4  1.78e+23
      37.2  1.89e+23
      36.9     2e+23
      36.6  2.12e+23
      36.3  2.24e+23
        36  2.37e+23
      35.8  2.51e+23
      35.5  2.65e+23
      35.2  2.79e+23
      34.9  2.95e+23
      34.7   3.1e+23
      34.4  3.27e+23
      34.1  3.44e+23
      33.8  3.62e+23
      33.5   3.8e+23
      33.3  3.99e+23
        33  4.18e+23
      32.7  4.38e+23
      32.4  4.59e+23
      32.2   4.8e+23
      31.9  5.01e+23
      31.6  5.24e+23
      31.3  5.46e+23
        31  5.69e+23
      30.8  5.93e+23
      30.5  6.17e+23
      30.2  6.41e+23
      29.9  6.65e+23
      29.7   6.9e+23
      29.4  7.15e+23
      29.1   7.4e+23
      28.8  7.66e+23
      28.5  7.91e+23
      28.3  8.16e+23
        28  8.41e+23
      27.7  8.66e+23
      27.4  8.91e+23
      27.1  9.15e+23
      26.9  9.39e+23
      26.6  9.62e+23
      26.3  9.85e+23
        26  1.01e+24
      25.8  1.03e+24
      25.5  1.05e+24
      25.2  1.07e+24
      24.9  1.09e+24
      24.6   1.1e+24
      24.4  1.12e+24
      24.1  1.13e+24
      23.8  1.15e+24
      23.5  1.16e+24
      23.3  1.17e+24
        23  1.18e+24
      22.7  1.18e+24
      22.4  1.19e+24
      22.1  1.19e+24
      21.9  1.19e+24
      21.6  1.19e+24
      21.3  1.19e+24
        21  1.18e+24
      20.7  1.17e+24
      20.5  1.16e+24
      20.2  1.15e+24
      19.9  1.14e+24
      19.6  1.12e+24
      19.4   1.1e+24
      19.1  1.09e+24
      18.8  1.06e+24
      18.5  1.04e+24
      18.2  1.02e+24
        18  9.88e+23
      17.7   9.6e+23
      17.4   9.3e+23
      17.1  8.99e+23
      16.9  8.67e+23
      16.6  8.33e+23
      16.3  7.99e+23
        16  7.64e+23
      15.7  7.29e+23
      15.5  6.93e+23
      15.2  6.57e+23
      14.9   6.2e+23
      14.6  5.84e+23
      14.3  5.48e+23
      14.1  5.13e+23
      13.8  4.78e+23
      13.5  4.43e+23
      13.2   4.1e+23
        13  3.77e+23
      12.7  3.46e+23
      12.4  3.16e+23
      12.1  2.87e+23
      11.8  2.59e+23
      11.6  2.33e+23
      11.3  2.09e+23
        11  1.85e+23
      10.7  1.64e+23
      10.5  1.44e+23
      10.2  1.25e+23
       9.9  1.08e+23
      9.62  9.29e+22
      9.34  7.89e+22
      9.06  6.64e+22
      8.79  5.53e+22
      8.51  4.56e+22
      8.23  3.71e+22
      7.95  2.98e+22
      7.67  2.37e+22
      7.39  1.85e+22
      7.12  1.42e+22
      6.84  1.07e+22
      6.56  7.95e+21
      6.28  5.78e+21
         6  4.12e+21
      5.72  2.87e+21
      5.45  1.96e+21
      5.17  1.31e+21
      4.89  8.54e+20
      4.61  5.46e+20
      4.33  3.42e+20
      4.06  2.09e+20
      3.78  1.24e+20
       3.5   7.2e+19
      3.22  4.06e+19
      2.94   2.2e+19
      2.66  1.15e+19
      2.39  5.71e+18
      2.11  2.72e+18
      1.83  1.24e+18
      1.55  4.92e+17
      1.27  2.26e+17
     0.995  1.34e+17
     0.717  4.12e+16
     0.439  2.23e+16
     0.161 -8.01e+15
    -0.117  3.66e+16
    -0.396  -3.7e+16
    -0.674  7.17e+16
    -0.952  5.96e+15
     -1.23  7.93e+16
     -1.51 -5.61e+16
     -1.79  7.13e+15
     -2.06  7.74e+15
     -2.34 -6.21e+15
     -2.62 -3.47e+16
      -2.9 -2.13e+16
     -3.18   1.5e+17
     -3.46 -2.38e+16
     -3.73  1.93e+16
     -4.01 -1.62e+17
     -4.29  1.28e+17
     -4.57 -1.26e+17
     -4.85  1.19e+16
     -5.13  1.09e+17
      -5.4  7.42e+16
     -5.68  9.93e+14
     -5.96 -6.87e+16
     -6.24  1.34e+16
     -6.52 -3.39e+16
     -6.79  2.01e+16
     -7.07  2.67e+16
     -7.35  8.24e+15
     -7.63  3.87e+15
     -7.91 -3.88e+16
     -8.19  8.59e+16
     -8.46 -3.49e+16
     -8.74 -9.81e+16
     -9.02  3.61e+16
      -9.3  2.72e+16
     -9.58 -7.44e+16
     -9.85  2.64e+16
     -10.1 -7.71e+15
     -10.4   8.2e+15
     -10.7 -7.51e+15
       -11 -3.14e+15
     -11.2  2.59e+16
     -11.5 -4.18e+16
     -11.8  3.94e+16
     -12.1 -3.37e+16
     -12.4  3.06e+16
     -12.6 -1.37e+16
     -12.9 -2.03e+16
     -13.2     4e+16
     -13.5 -3.37e+16
     -13.7   1.6e+16
       -14 -3.96e+16
     -14.3  4.67e+16
     -14.6 -3.36e+16
     -14.9   1.2e+16
     -15.1 -1.38e+15
     -15.4  6.53e+15
     -15.7 -1.56e+16
       -16  1.69e+16
     -16.3 -1.18e+16
     -16.5  6.02e+15
     -16.8 -2.09e+15
     -17.1 -1.02e+15
     -17.4 -1.02e+16
     -17.6  3.65e+15
     -17.9 -2.33e+15
     -18.2  1.33e+15
     -18.5 -1.01e+15
     -18.8  6.75e+14
       -19 -2.23e+15
     -19.3 -1.42e+14
     -19.6  8.81e+13
     -19.9 -9.18e+12
     -20.1  3.27e+13
     -20.4 -3.51e+13
     -20.7  6.61e+12
       -21 -2.61e+13
     -21.3 -2.26e+12
     -21.5  2.42e+13
     -21.8 -9.01e+12
     -22.1  6.38e+13
     -22.4  5.23e+13
     -22.7  9.26e+12
     -22.9 -3.13e+11
     -23.2 -1.27e+10
     -23.5 -2.08e+08

pressure[atm]        = 0.1
temperature[K]           = 700
energy step[1/cm]        = 97.3
maximum energy[kcal/mol] = 56.4

bimolecular PEDs:
   E, kcal    P1->P2
      56.4  8.79e+20
      56.1  9.64e+20
      55.8  1.06e+21
      55.5  1.16e+21
      55.2  1.27e+21
        55  1.39e+21
      54.7  1.53e+21
      54.4  1.67e+21
      54.1  1.83e+21
      53.9     2e+21
      53.6  2.19e+21
      53.3  2.39e+21
        53  2.62e+21
      52.7  2.86e+21
      52.5  3.12e+21
      52.2  3.41e+21
      51.9  3.72e+21
      51.6  4.05e+21
      51.4  4.42e+21
      51.1  4.82e+21
      50.8  5.25e+21
      50.5  5.71e+21
      50.2  6.22e+21
        50  6.76e+21
      49.7  7.35e+21
      49.4  7.99e+21
      49.1  8.68e+21
      48.8  9.43e+21
      48.6  1.02e+22
      48.3  1.11e+22
        48   1.2e+22
      47.7  1.31e+22
      47.5  1.41e+22
      47.2  1.53e+22
      46.9  1.66e+22
      46.6  1.79e+22
      46.3  1.94e+22
      46.1   2.1e+22
      45.8  2.26e+22
      45.5  2.45e+22
      45.2  2.64e+22
        45  2.85e+22
      44.7  3.07e+22
      44.4  3.31e+22
      44.1  3.56e+22
      43.8  3.83e+22
      43.6  4.13e+22
      43.3  4.44e+22
        43  4.77e+22
      42.7  5.12e+22
      42.4   5.5e+22
      42.2   5.9e+22
      41.9  6.32e+22
      41.6  6.78e+22
      41.3  7.26e+22
      41.1  7.77e+22
      40.8  8.31e+22
      40.5  8.88e+22
      40.2  9.49e+22
      39.9  1.01e+23
      39.7  1.08e+23
      39.4  1.15e+23
      39.1  1.23e+23
      38.8  1.31e+23
      38.6  1.39e+23
      38.3  1.48e+23
        38  1.58e+23
      37.7  1.67e+23
      37.4  1.78e+23
      37.2  1.89e+23
      36.9     2e+23
      36.6  2.12e+23
      36.3  2.24e+23
        36  2.37e+23
      35.8  2.51e+23
      35.5  2.65e+23
      35.2  2.79e+23
      34.9  2.95e+23
      34.7   3.1e+23
      34.4  3.27e+23
      34.1  3.44e+23
      33.8  3.62e+23
      33.5   3.8e+23
      33.3  3.99e+23
        33  4.18e+23
      32.7  4.38e+23
      32.4  4.59e+23
      32.2   4.8e+23
      31.9  5.01e+23
      31.6  5.24e+23
      31.3  5.46e+23
        31  5.69e+23
      30.8  5.93e+23
      30.5  6.17e+23
      30.2  6.41e+23
      29.9  6.65e+23
      29.7   6.9e+23
      29.4  7.15e+23
      29.1   7.4e+23
      28.8  7.66e+23
      28.5  7.91e+23
      28.3  8.16e+23
        28  8.41e+23
      27.7  8.66e+23
      27.4   8.9e+23
      27.1  9.15e+23
      26.9  9.39e+23
      26.6  9.62e+23
      26.3  9.85e+23
        26  1.01e+24
      25.8  1.03e+24
      25.5  1.05e+24
      25.2  1.07e+24
      24.9  1.09e+24
      24.6   1.1e+24
      24.4  1.12e+24
      24.1  1.13e+24
      23.8  1.15e+24
      23.5  1.16e+24
      23.3  1.17e+24
        23  1.18e+24
      22.7  1.18e+24
      22.4  1.19e+24
      22.1  1.19e+24
      21.9  1.19e+24
      21.6  1.19e+24
      21.3  1.19e+24
        21  1.18e+24
      20.7  1.17e+24
      20.5  1.16e+24
      20.2  1.15e+24
      19.9  1.14e+24
      19.6  1.12e+24
      19.4   1.1e+24
      19.1  1.09e+24
      18.8  1.06e+24
      18.5  1.04e+24
      18.2  1.02e+24
        18  9.88e+23
      17.7   9.6e+23
      17.4   9.3e+23
      17.1  8.99e+23
      16.9  8.67e+23
      16.6  8.33e+23
      16.3  7.99e+23
        16  7.64e+23
      15.7  7.29e+23
      15.5  6.93e+23
      15.2  6.57e+23
      14.9   6.2e+23
      14.6  5.84e+23
      14.3  5.48e+23
      14.1  5.13e+23
      13.8  4.78e+23
      13.5  4.43e+23
      13.2   4.1e+23
        13  3.77e+23
      12.7  3.46e+23
      12.4  3.16e+23
      12.1  2.87e+23
      11.8  2.59e+23
      11.6  2.33e+23
      11.3  2.09e+23
        11  1.85e+23
      10.7  1.64e+23
      10.5  1.44e+23
      10.2  1.25e+23
       9.9  1.08e+23
      9.62  9.29e+22
      9.34   7.9e+22
      9.06  6.64e+22
      8.79  5.53e+22
      8.51  4.56e+22
      8.23  3.71e+22
      7.95  2.99e+22
      7.67  2.37e+22
      7.39  1.85e+22
      7.12  1.42e+22
      6.84  1.07e+22
      6.56  7.97e+21
      6.28   5.8e+21
         6  4.13e+21
      5.72  2.88e+21
      5.45  1.97e+21
      5.17  1.31e+21
      4.89   8.6e+20
      4.61  5.51e+20
      4.33  3.46e+20
      4.06  2.12e+20
      3.78  1.27e+20
       3.5  7.45e+19
      3.22  4.25e+19
      2.94  2.37e+19
      2.66  1.29e+19
      2.39  6.86e+18
      2.11  3.63e+18
      1.83  2.04e+18
      1.55  1.09e+18
      1.27  7.27e+17
     0.995  4.96e+17
     0.717  3.84e+17
     0.439  3.02e+17
     0.161  2.29e+17
    -0.117  1.85e+17
    -0.396  2.34e+17
    -0.674  1.26e+17
    -0.952  1.28e+17
     -1.23   8.5e+16
     -1.51  5.97e+16
     -1.79 -3.44e+16
     -2.06  6.93e+16
     -2.34  1.02e+17
     -2.62 -1.21e+16
      -2.9  1.42e+16
     -3.18  8.24e+16
     -3.46  2.96e+16
     -3.73  -3.7e+16
     -4.01 -4.02e+16
     -4.29 -1.49e+16
     -4.57  6.38e+16
     -4.85  8.83e+16
     -5.13 -4.22e+16
      -5.4  1.93e+16
     -5.68  1.93e+16
     -5.96   3.8e+16
     -6.24 -6.94e+16
     -6.52  8.24e+16
     -6.79  2.43e+16
     -7.07 -3.55e+16
     -7.35 -2.84e+16
     -7.63 -3.02e+16
     -7.91  5.94e+16
     -8.19  3.51e+16
     -8.46 -2.58e+16
     -8.74 -8.21e+16
     -9.02 -1.34e+16
      -9.3 -7.83e+15
     -9.58 -1.99e+16
     -9.85  4.94e+15
     -10.1 -1.95e+16
     -10.4  3.34e+16
     -10.7 -2.11e+16
       -11  9.63e+15
     -11.2 -2.05e+16
     -11.5  4.17e+16
     -11.8 -3.92e+16
     -12.1  1.92e+16
     -12.4 -7.72e+15
     -12.6 -1.43e+16
     -12.9  4.91e+16
     -13.2 -5.86e+16
     -13.5  1.41e+16
     -13.7  5.09e+16
       -14  -5.9e+16
     -14.3  3.22e+16
     -14.6  2.98e+15
     -14.9 -1.81e+16
     -15.1  1.62e+16
     -15.4 -8.75e+15
     -15.7  5.86e+15
       -16 -6.94e+15
     -16.3   7.7e+15
     -16.5 -6.25e+15
     -16.8  3.67e+15
     -17.1 -2.52e+15
     -17.4 -8.91e+15
     -17.6  3.18e+15
     -17.9 -2.06e+15
     -18.2  1.23e+15
     -18.5 -6.94e+14
     -18.8  3.67e+14
       -19    -1e+15
     -19.3 -4.78e+13
     -19.6  1.59e+13
     -19.9  7.47e+13
     -20.1  4.62e+13
     -20.4  7.36e+12
     -20.7  2.98e+13
       -21 -1.41e+13
     -21.3  6.11e+12
     -21.5 -8.65e+12
     -21.8 -1.44e+13
     -22.1  2.75e+13
     -22.4  4.81e+13
     -22.7 -6.37e+12
     -22.9 -6.85e+10
     -23.2  2.21e+09
     -23.5 -3.37e+08

pressure[atm]        = 1
temperature[K]           = 700
energy step[1/cm]        = 97.3
maximum energy[kcal/mol] = 56.4

bimolecular PEDs:
   E, kcal    P1->P2
      56.4  8.77e+20
      56.1  9.62e+20
      55.8  1.06e+21
      55.5  1.16e+21
      55.2  1.27e+21
        55  1.39e+21
      54.7  1.52e+21
      54.4  1.67e+21
      54.1  1.83e+21
      53.9     2e+21
      53.6  2.19e+21
      53.3  2.39e+21
        53  2.61e+21
      52.7  2.85e+21
      52.5  3.12e+21
      52.2   3.4e+21
      51.9  3.71e+21
      51.6  4.05e+21
      51.4  4.41e+21
      51.1  4.81e+21
      50.8  5.24e+21
      50.5   5.7e+21
      50.2  6.21e+21
        50  6.75e+21
      49.7  7.35e+21
      49.4  7.98e+21
      49.1  8.67e+21
      48.8  9.42e+21
      48.6  1.02e+22
      48.3  1.11e+22
        48   1.2e+22
      47.7   1.3e+22
      47.5  1.41e+22
      47.2  1.53e+22
      46.9  1.66e+22
      46.6  1.79e+22
      46.3  1.94e+22
      46.1  2.09e+22
      45.8  2.26e+22
      45.5  2.44e+22
      45.2  2.64e+22
        45  2.84e+22
      44.7  3.07e+22
      44.4   3.3e+22
      44.1  3.56e+22
      43.8  3.83e+22
      43.6  4.12e+22
      43.3  4.43e+22
        43  4.76e+22
      42.7  5.12e+22
      42.4  5.49e+22
      42.2  5.89e+22
      41.9  6.32e+22
      41.6  6.77e+22
      41.3  7.25e+22
      41.1  7.76e+22
      40.8   8.3e+22
      40.5  8.88e+22
      40.2  9.48e+22
      39.9  1.01e+23
      39.7  1.08e+23
      39.4  1.15e+23
      39.1  1.23e+23
      38.8  1.31e+23
      38.6  1.39e+23
      38.3  1.48e+23
        38  1.57e+23
      37.7  1.67e+23
      37.4  1.78e+23
      37.2  1.88e+23
      36.9     2e+23
      36.6  2.12e+23
      36.3  2.24e+23
        36  2.37e+23
      35.8   2.5e+23
      35.5  2.64e+23
      35.2  2.79e+23
      34.9  2.94e+23
      34.7   3.1e+23
      34.4  3.27e+23
      34.1  3.44e+23
      33.8  3.61e+23
      33.5   3.8e+23
      33.3  3.98e+23
        33  4.18e+23
      32.7  4.38e+23
      32.4  4.58e+23
      32.2  4.79e+23
      31.9  5.01e+23
      31.6  5.23e+23
      31.3  5.46e+23
        31  5.69e+23
      30.8  5.92e+23
      30.5  6.16e+23
      30.2  6.41e+23
      29.9  6.65e+23
      29.7   6.9e+23
      29.4  7.15e+23
      29.1   7.4e+23
      28.8  7.65e+23
      28.5   7.9e+23
      28.3  8.16e+23
        28  8.41e+23
      27.7  8.65e+23
      27.4   8.9e+23
      27.1  9.14e+23
      26.9  9.38e+23
      26.6  9.61e+23
      26.3  9.84e+23
        26  1.01e+24
      25.8  1.03e+24
      25.5  1.05e+24
      25.2  1.07e+24
      24.9  1.09e+24
      24.6   1.1e+24
      24.4  1.12e+24
      24.1  1.13e+24
      23.8  1.15e+24
      23.5  1.16e+24
      23.3  1.17e+24
        23  1.18e+24
      22.7  1.18e+24
      22.4  1.19e+24
      22.1  1.19e+24
      21.9  1.19e+24
      21.6  1.19e+24
      21.3  1.19e+24
        21  1.18e+24
      20.7  1.17e+24
      20.5  1.16e+24
      20.2  1.15e+24
      19.9  1.14e+24
      19.6  1.12e+24
      19.4   1.1e+24
      19.1  1.09e+24
      18.8  1.06e+24
      18.5  1.04e+24
      18.2  1.02e+24
        18  9.89e+23
      17.7   9.6e+23
      17.4  9.31e+23
      17.1  8.99e+23
      16.9  8.67e+23
      16.6  8.34e+23
      16.3     8e+23
        16  7.65e+23
      15.7  7.29e+23
      15.5  6.93e+23
      15.2  6.57e+23
      14.9  6.21e+23
      14.6  5.85e+23
      14.3  5.49e+23
      14.1  5.13e+23
      13.8  4.78e+23
      13.5  4.44e+23
      13.2  4.11e+23
        13  3.78e+23
      12.7  3.47e+23
      12.4  3.16e+23
      12.1  2.87e+23
      11.8   2.6e+23
      11.6  2.34e+23
      11.3  2.09e+23
        11  1.86e+23
      10.7  1.64e+23
      10.5  1.44e+23
      10.2  1.26e+23
       9.9  1.09e+23
      9.62  9.33e+22
      9.34  7.93e+22
      9.06  6.68e+22
      8.79  5.57e+22
      8.51  4.59e+22
      8.23  3.74e+22
      7.95  3.01e+22
      7.67  2.39e+22
      7.39  1.87e+22
      7.12  1.44e+22
      6.84  1.09e+22
      6.56  8.12e+21
      6.28  5.93e+21
         6  4.24e+21
      5.72  2.98e+21
      5.45  2.05e+21
      5.17  1.39e+21
      4.89  9.21e+20
      4.61  6.02e+20
      4.33  3.88e+20
      4.06  2.48e+20
      3.78  1.57e+20
       3.5   9.9e+19
      3.22  6.28e+19
      2.94  4.04e+19
      2.66  2.66e+19
      2.39  1.81e+19
      2.11  1.29e+19
      1.83  9.58e+18
      1.55  7.42e+18
      1.27  5.84e+18
     0.995  4.74e+18
     0.717   3.7e+18
     0.439  3.06e+18
     0.161  2.55e+18
    -0.117  2.08e+18
    -0.396  1.67e+18
    -0.674  1.34e+18
    -0.952  1.07e+18
     -1.23  8.79e+17
     -1.51   7.2e+17
     -1.79   6.7e+17
     -2.06  4.19e+17
     -2.34  3.73e+17
     -2.62  2.37e+17
      -2.9     2e+17
     -3.18  2.01e+17
     -3.46  2.38e+17
     -3.73  1.41e+17
     -4.01  6.11e+16
     -4.29   3.8e+16
     -4.57  2.02e+16
     -4.85  3.94e+16
     -5.13  7.89e+16
      -5.4 -6.84e+16
     -5.68  -8.6e+14
     -5.96  8.01e+16
     -6.24 -6.55e+15
     -6.52 -6.69e+16
     -6.79  7.05e+16
     -7.07 -3.29e+16
     -7.35  1.06e+16
     -7.63    -5e+16
     -7.91  4.44e+16
     -8.19  1.05e+17
     -8.46    -1e+17
     -8.74 -3.04e+16
     -9.02  1.74e+16
      -9.3  6.52e+15
     -9.58  2.46e+16
     -9.85  -2.1e+15
     -10.1     9e+15
     -10.4 -2.32e+16
     -10.7  2.92e+16
       -11 -8.14e+15
     -11.2  -1.5e+16
     -11.5  1.63e+16
     -11.8  1.22e+16
     -12.1 -4.12e+16
     -12.4  4.31e+16
     -12.6  8.17e+15
     -12.9 -5.95e+16
     -13.2  8.16e+16
     -13.5 -5.27e+16
     -13.7  4.95e+16
       -14 -2.48e+16
     -14.3  3.35e+16
     -14.6 -2.14e+16
     -14.9  4.79e+15
     -15.1 -6.47e+15
     -15.4  1.88e+16
     -15.7 -1.88e+16
       -16  8.84e+14
     -16.3  1.91e+16
     -16.5 -2.58e+16
     -16.8  1.91e+16
     -17.1 -5.06e+15
     -17.4  2.68e+16
     -17.6 -3.33e+15
     -17.9  2.06e+14
     -18.2  5.21e+14
     -18.5 -5.97e+14
     -18.8  4.49e+14
       -19 -6.04e+14
     -19.3  3.56e+14
     -19.6 -1.96e+14
     -19.9 -2.09e+13
     -20.1 -1.66e+13
     -20.4 -4.06e+13
     -20.7   7.4e+12
       -21 -5.99e+12
     -21.3  4.13e+12
     -21.5  5.25e+12
     -21.8  4.96e+12
     -22.1  1.13e+13
     -22.4 -1.44e+14
     -22.7 -1.93e+13
     -22.9  1.02e+11
     -23.2 -2.41e+12
     -23.5  6.48e+07

pressure[atm]        = 10
temperature[K]           = 700
energy step[1/cm]        = 97.3
maximum energy[kcal/mol] = 56.4

bimolecular PEDs:
   E, kcal    P1->P2
      56.4   8.6e+20
      56.1  9.44e+20
      55.8  1.04e+21
      55.5  1.14e+21
      55.2  1.25e+21
        55  1.37e+21
      54.7   1.5e+21
      54.4  1.65e+21
      54.1   1.8e+21
      53.9  1.97e+21
      53.6  2.16e+21
      53.3  2.36e+21
        53  2.58e+21
      52.7  2.82e+21
      52.5  3.08e+21
      52.2  3.37e+21
      51.9  3.67e+21
      51.6  4.01e+21
      51.4  4.37e+21
      51.1  4.76e+21
      50.8  5.19e+21
      50.5  5.65e+21
      50.2  6.15e+21
        50  6.69e+21
      49.7  7.27e+21
      49.4   7.9e+21
      49.1  8.59e+21
      48.8  9.33e+21
      48.6  1.01e+22
      48.3   1.1e+22
        48  1.19e+22
      47.7  1.29e+22
      47.5   1.4e+22
      47.2  1.52e+22
      46.9  1.64e+22
      46.6  1.77e+22
      46.3  1.92e+22
      46.1  2.07e+22
      45.8  2.24e+22
      45.5  2.42e+22
      45.2  2.61e+22
        45  2.82e+22
      44.7  3.04e+22
      44.4  3.27e+22
      44.1  3.53e+22
      43.8   3.8e+22
      43.6  4.08e+22
      43.3  4.39e+22
        43  4.72e+22
      42.7  5.07e+22
      42.4  5.44e+22
      42.2  5.84e+22
      41.9  6.26e+22
      41.6  6.71e+22
      41.3  7.19e+22
      41.1  7.69e+22
      40.8  8.23e+22
      40.5   8.8e+22
      40.2   9.4e+22
      39.9     1e+23
      39.7  1.07e+23
      39.4  1.14e+23
      39.1  1.22e+23
      38.8   1.3e+23
      38.6  1.38e+23
      38.3  1.47e+23
        38  1.56e+23
      37.7  1.66e+23
      37.4  1.76e+23
      37.2  1.87e+23
      36.9  1.98e+23
      36.6   2.1e+23
      36.3  2.22e+23
        36  2.35e+23
      35.8  2.49e+23
      35.5  2.63e+23
      35.2  2.77e+23
      34.9  2.92e+23
      34.7  3.08e+23
      34.4  3.24e+23
      34.1  3.41e+23
      33.8  3.59e+23
      33.5  3.77e+23
      33.3  3.96e+23
        33  4.15e+23
      32.7  4.35e+23
      32.4  4.55e+23
      32.2  4.76e+23
      31.9  4.98e+23
      31.6   5.2e+23
      31.3  5.42e+23
        31  5.65e+23
      30.8  5.89e+23
      30.5  6.13e+23
      30.2  6.37e+23
      29.9  6.61e+23
      29.7  6.86e+23
      29.4  7.11e+23
      29.1  7.36e+23
      28.8  7.61e+23
      28.5  7.86e+23
      28.3  8.11e+23
        28  8.36e+23
      27.7  8.61e+23
      27.4  8.86e+23
      27.1   9.1e+23
      26.9  9.34e+23
      26.6  9.57e+23
      26.3   9.8e+23
        26     1e+24
      25.8  1.02e+24
      25.5  1.04e+24
      25.2  1.06e+24
      24.9  1.08e+24
      24.6   1.1e+24
      24.4  1.11e+24
      24.1  1.13e+24
      23.8  1.14e+24
      23.5  1.15e+24
      23.3  1.16e+24
        23  1.17e+24
      22.7  1.18e+24
      22.4  1.18e+24
      22.1  1.19e+24
      21.9  1.19e+24
      21.6  1.19e+24
      21.3  1.18e+24
        21  1.18e+24
      20.7  1.17e+24
      20.5  1.16e+24
      20.2  1.15e+24
      19.9  1.14e+24
      19.6  1.12e+24
      19.4  1.11e+24
      19.1  1.09e+24
      18.8  1.07e+24
      18.5  1.04e+24
      18.2  1.02e+24
        18  9.91e+23
      17.7  9.63e+23
      17.4  9.34e+23
      17.1  9.03e+23
      16.9  8.71e+23
      16.6  8.38e+23
      16.3  8.04e+23
        16   7.7e+23
      15.7  7.34e+23
      15.5  6.99e+23
      15.2  6.63e+23
      14.9  6.27e+23
      14.6  5.91e+23
      14.3  5.55e+23
      14.1  5.19e+23
      13.8  4.84e+23
      13.5   4.5e+23
      13.2  4.17e+23
        13  3.84e+23
      12.7  3.53e+23
      12.4  3.22e+23
      12.1  2.93e+23
      11.8  2.66e+23
      11.6  2.39e+23
      11.3  2.14e+23
        11  1.91e+23
      10.7  1.69e+23
      10.5  1.49e+23
      10.2   1.3e+23
       9.9  1.13e+23
      9.62  9.74e+22
      9.34  8.32e+22
      9.06  7.04e+22
      8.79   5.9e+22
      8.51   4.9e+22
      8.23  4.03e+22
      7.95  3.27e+22
      7.67  2.63e+22
      7.39  2.09e+22
      7.12  1.63e+22
      6.84  1.26e+22
      6.56  9.64e+21
      6.28  7.26e+21
         6  5.41e+21
      5.72  3.99e+21
      5.45  2.92e+21
      5.17  2.13e+21
      4.89  1.56e+21
      4.61  1.14e+21
      4.33   8.4e+20
      4.06  6.26e+20
      3.78  4.73e+20
       3.5  3.62e+20
      3.22  2.82e+20
      2.94  2.22e+20
      2.66  1.77e+20
      2.39  1.43e+20
      2.11  1.16e+20
      1.83  9.45e+19
      1.55  7.75e+19
      1.27  6.36e+19
     0.995  5.22e+19
     0.717  4.28e+19
     0.439  3.52e+19
     0.161  2.89e+19
    -0.117  2.37e+19
    -0.396  1.94e+19
    -0.674  1.59e+19
    -0.952  1.29e+19
     -1.23  1.05e+19
     -1.51   8.5e+18
     -1.79  7.02e+18
     -2.06  5.69e+18
     -2.34  4.63e+18
     -2.62  3.69e+18
      -2.9  2.96e+18
     -3.18  2.32e+18
     -3.46  1.83e+18
     -3.73  1.46e+18
     -4.01  1.13e+18
     -4.29  9.73e+17
     -4.57  8.51e+17
     -4.85  7.16e+17
     -5.13  4.26e+17
      -5.4  3.07e+17
     -5.68  2.14e+17
     -5.96  1.62e+17
     -6.24  1.61e+17
     -6.52  1.12e+17
     -6.79  1.15e+17
     -7.07  2.31e+17
     -7.35  4.46e+16
     -7.63 -3.99e+16
     -7.91 -6.44e+15
     -8.19 -3.44e+16
     -8.46  7.94e+16
     -8.74  1.28e+16
     -9.02  7.31e+16
      -9.3 -2.66e+16
     -9.58  7.64e+15
     -9.85  4.18e+16
     -10.1 -1.15e+17
     -10.4  6.02e+16
     -10.7  1.13e+17
       -11 -9.25e+16
     -11.2 -6.29e+16
     -11.5  8.21e+16
     -11.8 -1.65e+16
     -12.1  3.03e+16
     -12.4 -4.42e+16
     -12.6  1.87e+16
     -12.9 -2.47e+16
     -13.2  3.55e+16
     -13.5  1.52e+16
     -13.7 -2.61e+16
       -14  3.88e+16
     -14.3  1.24e+16
     -14.6 -1.18e+15
     -14.9 -5.68e+15
     -15.1 -5.24e+15
     -15.4  1.17e+16
     -15.7 -2.37e+15
       -16  2.06e+15
     -16.3 -1.63e+16
     -16.5  4.52e+16
     -16.8 -6.14e+16
     -17.1  5.85e+16
     -17.4  8.37e+15
     -17.6  2.18e+16
     -17.9 -1.38e+16
     -18.2  7.73e+15
     -18.5 -4.51e+15
     -18.8  4.89e+15
       -19  -1.3e+16
     -19.3 -2.29e+15
     -19.6  3.97e+14
     -19.9  2.82e+14
     -20.1  2.74e+14
     -20.4 -8.95e+13
     -20.7  4.97e+13
       -21 -8.69e+13
     -21.3  5.74e+13
     -21.5 -6.58e+12
     -21.8 -4.23e+13
     -22.1  3.87e+14
     -22.4 -2.73e+14
     -22.7 -2.72e+13
     -22.9  -1.5e+11
     -23.2 -3.23e+13
     -23.5  1.05e+09

pressure[atm]        = 100
temperature[K]           = 700
energy step[1/cm]        = 97.3
maximum energy[kcal/mol] = 56.4

bimolecular PEDs:
   E, kcal    P1->P2
      56.4  7.33e+20
      56.1  8.09e+20
      55.8  8.93e+20
      55.5  9.85e+20
      55.2  1.09e+21
        55   1.2e+21
      54.7  1.32e+21
      54.4  1.45e+21
      54.1   1.6e+21
      53.9  1.75e+21
      53.6  1.92e+21
      53.3  2.11e+21
        53  2.31e+21
      52.7  2.53e+21
      52.5  2.77e+21
      52.2  3.03e+21
      51.9  3.31e+21
      51.6  3.61e+21
      51.4  3.95e+21
      51.1   4.3e+21
      50.8  4.69e+21
      50.5  5.12e+21
      50.2  5.57e+21
        50  6.07e+21
      49.7   6.6e+21
      49.4  7.18e+21
      49.1  7.81e+21
      48.8  8.48e+21
      48.6  9.21e+21
      48.3     1e+22
        48  1.09e+22
      47.7  1.18e+22
      47.5  1.28e+22
      47.2  1.38e+22
      46.9   1.5e+22
      46.6  1.62e+22
      46.3  1.75e+22
      46.1   1.9e+22
      45.8  2.05e+22
      45.5  2.21e+22
      45.2  2.39e+22
        45  2.58e+22
      44.7  2.78e+22
      44.4     3e+22
      44.1  3.23e+22
      43.8  3.48e+22
      43.6  3.75e+22
      43.3  4.03e+22
        43  4.33e+22
      42.7  4.66e+22
      42.4     5e+22
      42.2  5.37e+22
      41.9  5.76e+22
      41.6  6.17e+22
      41.3  6.61e+22
      41.1  7.08e+22
      40.8  7.58e+22
      40.5  8.11e+22
      40.2  8.67e+22
      39.9  9.26e+22
      39.7  9.89e+22
      39.4  1.06e+23
      39.1  1.13e+23
      38.8   1.2e+23
      38.6  1.28e+23
      38.3  1.36e+23
        38  1.45e+23
      37.7  1.54e+23
      37.4  1.63e+23
      37.2  1.73e+23
      36.9  1.84e+23
      36.6  1.95e+23
      36.3  2.06e+23
        36  2.18e+23
      35.8  2.31e+23
      35.5  2.44e+23
      35.2  2.58e+23
      34.9  2.72e+23
      34.7  2.87e+23
      34.4  3.03e+23
      34.1  3.19e+23
      33.8  3.35e+23
      33.5  3.52e+23
      33.3   3.7e+23
        33  3.89e+23
      32.7  4.07e+23
      32.4  4.27e+23
      32.2  4.47e+23
      31.9  4.68e+23
      31.6  4.89e+23
      31.3   5.1e+23
        31  5.32e+23
      30.8  5.55e+23
      30.5  5.78e+23
      30.2  6.01e+23
      29.9  6.25e+23
      29.7  6.49e+23
      29.4  6.73e+23
      29.1  6.97e+23
      28.8  7.22e+23
      28.5  7.46e+23
      28.3  7.71e+23
        28  7.96e+23
      27.7   8.2e+23
      27.4  8.45e+23
      27.1  8.69e+23
      26.9  8.93e+23
      26.6  9.16e+23
      26.3  9.39e+23
        26  9.61e+23
      25.8  9.83e+23
      25.5     1e+24
      25.2  1.02e+24
      24.9  1.04e+24
      24.6  1.06e+24
      24.4  1.08e+24
      24.1  1.09e+24
      23.8  1.11e+24
      23.5  1.12e+24
      23.3  1.13e+24
        23  1.14e+24
      22.7  1.15e+24
      22.4  1.16e+24
      22.1  1.17e+24
      21.9  1.17e+24
      21.6  1.17e+24
      21.3  1.17e+24
        21  1.17e+24
      20.7  1.16e+24
      20.5  1.16e+24
      20.2  1.15e+24
      19.9  1.14e+24
      19.6  1.13e+24
      19.4  1.11e+24
      19.1   1.1e+24
      18.8  1.08e+24
      18.5  1.06e+24
      18.2  1.04e+24
        18  1.01e+24
      17.7   9.9e+23
      17.4  9.64e+23
      17.1  9.36e+23
      16.9  9.07e+23
      16.6  8.77e+23
      16.3  8.45e+23
        16  8.13e+23
      15.7   7.8e+23
      15.5  7.46e+23
      15.2  7.12e+23
      14.9  6.78e+23
      14.6  6.43e+23
      14.3  6.09e+23
      14.1  5.74e+23
      13.8   5.4e+23
      13.5  5.06e+23
      13.2  4.73e+23
        13  4.41e+23
      12.7  4.09e+23
      12.4  3.78e+23
      12.1  3.49e+23
      11.8   3.2e+23
      11.6  2.93e+23
      11.3  2.67e+23
        11  2.42e+23
      10.7  2.19e+23
      10.5  1.97e+23
      10.2  1.76e+23
       9.9  1.57e+23
      9.62  1.39e+23
      9.34  1.23e+23
      9.06  1.08e+23
      8.79  9.44e+22
      8.51  8.21e+22
      8.23  7.12e+22
      7.95  6.14e+22
      7.67  5.27e+22
      7.39  4.51e+22
      7.12  3.85e+22
      6.84  3.28e+22
      6.56  2.79e+22
      6.28  2.37e+22
         6  2.01e+22
      5.72  1.71e+22
      5.45  1.45e+22
      5.17  1.24e+22
      4.89  1.05e+22
      4.61  9.01e+21
      4.33  7.71e+21
      4.06  6.61e+21
      3.78  5.68e+21
       3.5  4.88e+21
      3.22   4.2e+21
      2.94  3.61e+21
      2.66   3.1e+21
      2.39  2.67e+21
      2.11   2.3e+21
      1.83  1.97e+21
      1.55   1.7e+21
      1.27  1.46e+21
     0.995  1.25e+21
     0.717  1.07e+21
     0.439  9.19e+20
     0.161  7.87e+20
    -0.117  6.73e+20
    -0.396  5.76e+20
    -0.674  4.92e+20
    -0.952   4.2e+20
     -1.23  3.59e+20
     -1.51  3.06e+20
     -1.79   2.6e+20
     -2.06  2.22e+20
     -2.34  1.88e+20
     -2.62   1.6e+20
      -2.9  1.36e+20
     -3.18  1.15e+20
     -3.46  9.78e+19
     -3.73  8.28e+19
     -4.01     7e+19
     -4.29  5.92e+19
     -4.57     5e+19
     -4.85  4.22e+19
     -5.13  3.55e+19
      -5.4     3e+19
     -5.68  2.52e+19
     -5.96  2.12e+19
     -6.24   1.8e+19
     -6.52  1.51e+19
     -6.79  1.26e+19
     -7.07  1.04e+19
     -7.35  8.73e+18
     -7.63  7.38e+18
     -7.91  6.23e+18
     -8.19  5.24e+18
     -8.46  4.38e+18
     -8.74  3.62e+18
     -9.02  3.06e+18
      -9.3  2.53e+18
     -9.58  2.16e+18
     -9.85  1.82e+18
     -10.1  1.57e+18
     -10.4  1.26e+18
     -10.7  9.99e+17
       -11  7.47e+17
     -11.2  5.93e+17
     -11.5   5.3e+17
     -11.8  5.21e+17
     -12.1   5.6e+17
     -12.4  2.96e+17
     -12.6  3.18e+17
     -12.9  1.87e+17
     -13.2  3.27e+16
     -13.5  8.62e+16
     -13.7  1.77e+17
       -14  8.93e+16
     -14.3 -4.53e+15
     -14.6  7.85e+16
     -14.9  2.42e+16
     -15.1 -2.96e+15
     -15.4   8.9e+16
     -15.7  1.87e+16
       -16 -3.48e+16
     -16.3  1.49e+16
     -16.5  1.08e+17
     -16.8 -5.52e+16
     -17.1 -3.75e+16
     -17.4  9.57e+16
     -17.6  6.36e+15
     -17.9 -5.18e+16
     -18.2  4.64e+16
     -18.5 -1.96e+16
     -18.8  -3.3e+16
       -19  8.88e+15
     -19.3  -1.4e+16
     -19.6  2.72e+16
     -19.9  6.61e+15
     -20.1  1.26e+16
     -20.4 -6.92e+15
     -20.7 -5.58e+15
       -21  5.33e+15
     -21.3 -2.29e+15
     -21.5  1.46e+15
     -21.8 -8.89e+13
     -22.1 -4.17e+15
     -22.4 -1.23e+14
     -22.7  8.52e+13
     -22.9  2.04e+13
     -23.2   5.4e+12
     -23.5  2.03e+10

pressure[atm]        = 0.01
temperature[K]           = 800
energy step[1/cm]        = 111
maximum energy[kcal/mol] = 67.6

bimolecular PEDs:
   E, kcal    P1->P2
      67.6  5.13e+22
      67.3  5.63e+22
        67  6.17e+22
      66.7  6.76e+22
      66.4  7.41e+22
      66.1  8.11e+22
      65.7  8.87e+22
      65.4  9.71e+22
      65.1  1.06e+23
      64.8  1.16e+23
      64.5  1.27e+23
      64.1  1.39e+23
      63.8  1.51e+23
      63.5  1.65e+23
      63.2   1.8e+23
      62.9  1.97e+23
      62.6  2.14e+23
      62.2  2.34e+23
      61.9  2.55e+23
      61.6  2.77e+23
      61.3  3.02e+23
        61  3.29e+23
      60.7  3.57e+23
      60.3  3.89e+23
        60  4.22e+23
      59.7  4.59e+23
      59.4  4.98e+23
      59.1  5.41e+23
      58.7  5.86e+23
      58.4  6.36e+23
      58.1  6.89e+23
      57.8  7.47e+23
      57.5  8.09e+23
      57.2  8.76e+23
      56.8  9.47e+23
      56.5  1.02e+24
      56.2  1.11e+24
      55.9   1.2e+24
      55.6  1.29e+24
      55.2  1.39e+24
      54.9   1.5e+24
      54.6  1.62e+24
      54.3  1.75e+24
        54  1.88e+24
      53.7  2.03e+24
      53.3  2.18e+24
        53  2.35e+24
      52.7  2.53e+24
      52.4  2.71e+24
      52.1  2.91e+24
      51.7  3.13e+24
      51.4  3.36e+24
      51.1   3.6e+24
      50.8  3.86e+24
      50.5  4.13e+24
      50.2  4.42e+24
      49.8  4.73e+24
      49.5  5.06e+24
      49.2   5.4e+24
      48.9  5.77e+24
      48.6  6.16e+24
      48.3  6.57e+24
      47.9  7.01e+24
      47.6  7.46e+24
      47.3  7.95e+24
        47  8.46e+24
      46.7  8.99e+24
      46.3  9.56e+24
        46  1.02e+25
      45.7  1.08e+25
      45.4  1.14e+25
      45.1  1.21e+25
      44.8  1.28e+25
      44.4  1.36e+25
      44.1  1.44e+25
      43.8  1.52e+25
      43.5   1.6e+25
      43.2  1.69e+25
      42.8  1.79e+25
      42.5  1.88e+25
      42.2  1.98e+25
      41.9  2.09e+25
      41.6   2.2e+25
      41.3  2.31e+25
      40.9  2.42e+25
      40.6  2.54e+25
      40.3  2.67e+25
        40  2.79e+25
      39.7  2.93e+25
      39.3  3.06e+25
        39   3.2e+25
      38.7  3.34e+25
      38.4  3.48e+25
      38.1  3.63e+25
      37.8  3.78e+25
      37.4  3.93e+25
      37.1  4.09e+25
      36.8  4.25e+25
      36.5  4.41e+25
      36.2  4.57e+25
      35.9  4.73e+25
      35.5   4.9e+25
      35.2  5.06e+25
      34.9  5.23e+25
      34.6  5.39e+25
      34.3  5.56e+25
      33.9  5.72e+25
      33.6  5.89e+25
      33.3  6.05e+25
        33  6.21e+25
      32.7  6.36e+25
      32.4  6.51e+25
        32  6.66e+25
      31.7   6.8e+25
      31.4  6.94e+25
      31.1  7.08e+25
      30.8   7.2e+25
      30.4  7.32e+25
      30.1  7.43e+25
      29.8  7.54e+25
      29.5  7.64e+25
      29.2  7.72e+25
      28.9   7.8e+25
      28.5  7.87e+25
      28.2  7.92e+25
      27.9  7.97e+25
      27.6     8e+25
      27.3  8.03e+25
      26.9  8.04e+25
      26.6  8.03e+25
      26.3  8.02e+25
        26  7.99e+25
      25.7  7.95e+25
      25.4   7.9e+25
        25  7.83e+25
      24.7  7.75e+25
      24.4  7.66e+25
      24.1  7.56e+25
      23.8  7.44e+25
      23.5  7.31e+25
      23.1  7.17e+25
      22.8  7.02e+25
      22.5  6.85e+25
      22.2  6.68e+25
      21.9   6.5e+25
      21.5  6.31e+25
      21.2  6.11e+25
      20.9   5.9e+25
      20.6  5.69e+25
      20.3  5.47e+25
        20  5.24e+25
      19.6  5.02e+25
      19.3  4.79e+25
        19  4.56e+25
      18.7  4.32e+25
      18.4  4.09e+25
        18  3.86e+25
      17.7  3.63e+25
      17.4   3.4e+25
      17.1  3.18e+25
      16.8  2.96e+25
      16.5  2.75e+25
      16.1  2.54e+25
      15.8  2.34e+25
      15.5  2.15e+25
      15.2  1.97e+25
      14.9  1.79e+25
      14.5  1.62e+25
      14.2  1.47e+25
      13.9  1.32e+25
      13.6  1.18e+25
      13.3  1.05e+25
        13  9.26e+24
      12.6  8.14e+24
      12.3  7.12e+24
        12  6.19e+24
      11.7  5.34e+24
      11.4  4.58e+24
      11.1   3.9e+24
      10.7  3.29e+24
      10.4  2.75e+24
      10.1  2.28e+24
      9.78  1.87e+24
      9.46  1.52e+24
      9.14  1.22e+24
      8.82  9.61e+23
      8.51  7.49e+23
      8.19  5.75e+23
      7.87  4.34e+23
      7.55  3.22e+23
      7.24  2.34e+23
      6.92  1.66e+23
       6.6  1.15e+23
      6.28  7.78e+22
      5.96  5.12e+22
      5.65  3.28e+22
      5.33  2.04e+22
      5.01  1.23e+22
      4.69  7.26e+21
      4.37  4.15e+21
      4.06   2.3e+21
      3.74  1.24e+21
      3.42  6.41e+20
       3.1   3.2e+20
      2.78  1.52e+20
      2.47  6.78e+19
      2.15     3e+19
      1.83  1.26e+19
      1.51  4.47e+18
      1.19  3.03e+18
     0.876  1.05e+18
     0.558  4.16e+17
      0.24  1.76e+18
   -0.0778 -6.33e+17
    -0.396 -2.67e+17
    -0.714  1.79e+18
     -1.03 -8.08e+17
     -1.35  1.63e+18
     -1.67 -7.44e+17
     -1.99  1.08e+17
      -2.3   5.5e+16
     -2.62  4.59e+17
     -2.94  -1.8e+18
     -3.26  2.33e+18
     -3.58 -2.51e+17
     -3.89  1.91e+17
     -4.21 -6.81e+16
     -4.53 -9.32e+17
     -4.85  9.06e+17
     -5.17 -4.46e+17
     -5.48  2.72e+17
      -5.8  1.63e+17
     -6.12  7.71e+16
     -6.44 -4.12e+16
     -6.75 -5.35e+17
     -7.07 -2.59e+16
     -7.39  9.12e+17
     -7.71 -1.38e+17
     -8.03  1.83e+17
     -8.34 -6.98e+17
     -8.66  1.73e+14
     -8.98  -1.3e+16
      -9.3  4.06e+16
     -9.62 -2.04e+16
     -9.93 -9.99e+15
     -10.3 -2.34e+16
     -10.6 -2.88e+15
     -10.9  -2.5e+17
     -11.2  6.19e+17
     -11.5 -7.42e+17
     -11.8  6.08e+17
     -12.2 -5.69e+17
     -12.5  5.71e+17
     -12.8 -4.77e+17
     -13.1  2.88e+17
     -13.4 -8.97e+16
     -13.7 -8.59e+17
     -14.1  2.37e+16
     -14.4 -1.19e+16
     -14.7  3.66e+16
       -15 -2.12e+16
     -15.3 -3.41e+16
     -15.7  6.48e+16
       -16 -3.35e+16
     -16.3 -1.73e+16
     -16.6  1.88e+16
     -16.9  7.88e+15
     -17.2 -1.25e+16
     -17.6  2.49e+16
     -17.9   5.1e+15
     -18.2  1.77e+15
     -18.5 -8.21e+14
     -18.8 -4.47e+14
     -19.2  -3.9e+15
     -19.5 -1.05e+16
     -19.8 -2.23e+15
     -20.1  3.74e+16
     -20.4   5.1e+15
     -20.7  2.83e+15
     -21.1   6.9e+14
     -21.4 -1.44e+15
     -21.7 -2.67e+15
       -22  5.58e+14
     -22.3 -1.31e+14
     -22.7  2.69e+14
       -23  -1.1e+11
     -23.3 -1.09e+10

pressure[atm]        = 0.1
temperature[K]           = 800
energy step[1/cm]        = 111
maximum energy[kcal/mol] = 67.6

bimolecular PEDs:
   E, kcal    P1->P2
      67.6  5.13e+22
      67.3  5.63e+22
        67  6.17e+22
      66.7  6.76e+22
      66.4   7.4e+22
      66.1  8.11e+22
      65.7  8.87e+22
      65.4  9.71e+22
      65.1  1.06e+23
      64.8  1.16e+23
      64.5  1.27e+23
      64.1  1.39e+23
      63.8  1.51e+23
      63.5  1.65e+23
      63.2   1.8e+23
      62.9  1.97e+23
      62.6  2.14e+23
      62.2  2.34e+23
      61.9  2.55e+23
      61.6  2.77e+23
      61.3  3.02e+23
        61  3.28e+23
      60.7  3.57e+23
      60.3  3.88e+23
        60  4.22e+23
      59.7  4.59e+23
      59.4  4.98e+23
      59.1   5.4e+23
      58.7  5.86e+23
      58.4  6.36e+23
      58.1  6.89e+23
      57.8  7.47e+23
      57.5  8.09e+23
      57.2  8.75e+23
      56.8  9.47e+23
      56.5  1.02e+24
      56.2  1.11e+24
      55.9   1.2e+24
      55.6  1.29e+24
      55.2  1.39e+24
      54.9   1.5e+24
      54.6  1.62e+24
      54.3  1.75e+24
        54  1.88e+24
      53.7  2.03e+24
      53.3  2.18e+24
        53  2.35e+24
      52.7  2.52e+24
      52.4  2.71e+24
      52.1  2.91e+24
      51.7  3.13e+24
      51.4  3.36e+24
      51.1   3.6e+24
      50.8  3.86e+24
      50.5  4.13e+24
      50.2  4.42e+24
      49.8  4.73e+24
      49.5  5.06e+24
      49.2   5.4e+24
      48.9  5.77e+24
      48.6  6.16e+24
      48.3  6.57e+24
      47.9     7e+24
      47.6  7.46e+24
      47.3  7.95e+24
        47  8.46e+24
      46.7  8.99e+24
      46.3  9.56e+24
        46  1.02e+25
      45.7  1.08e+25
      45.4  1.14e+25
      45.1  1.21e+25
      44.8  1.28e+25
      44.4  1.36e+25
      44.1  1.44e+25
      43.8  1.52e+25
      43.5   1.6e+25
      43.2  1.69e+25
      42.8  1.79e+25
      42.5  1.88e+25
      42.2  1.98e+25
      41.9  2.09e+25
      41.6   2.2e+25
      41.3  2.31e+25
      40.9  2.42e+25
      40.6  2.54e+25
      40.3  2.67e+25
        40  2.79e+25
      39.7  2.93e+25
      39.3  3.06e+25
        39   3.2e+25
      38.7  3.34e+25
      38.4  3.48e+25
      38.1  3.63e+25
      37.8  3.78e+25
      37.4  3.93e+25
      37.1  4.09e+25
      36.8  4.25e+25
      36.5  4.41e+25
      36.2  4.57e+25
      35.9  4.73e+25
      35.5   4.9e+25
      35.2  5.06e+25
      34.9  5.23e+25
      34.6  5.39e+25
      34.3  5.56e+25
      33.9  5.72e+25
      33.6  5.89e+25
      33.3  6.05e+25
        33  6.21e+25
      32.7  6.36e+25
      32.4  6.51e+25
        32  6.66e+25
      31.7   6.8e+25
      31.4  6.94e+25
      31.1  7.08e+25
      30.8   7.2e+25
      30.4  7.32e+25
      30.1  7.43e+25
      29.8  7.54e+25
      29.5  7.63e+25
      29.2  7.72e+25
      28.9   7.8e+25
      28.5  7.87e+25
      28.2  7.92e+25
      27.9  7.97e+25
      27.6     8e+25
      27.3  8.03e+25
      26.9  8.04e+25
      26.6  8.03e+25
      26.3  8.02e+25
        26  7.99e+25
      25.7  7.95e+25
      25.4   7.9e+25
        25  7.83e+25
      24.7  7.75e+25
      24.4  7.66e+25
      24.1  7.56e+25
      23.8  7.44e+25
      23.5  7.31e+25
      23.1  7.17e+25
      22.8  7.02e+25
      22.5  6.85e+25
      22.2  6.68e+25
      21.9   6.5e+25
      21.5  6.31e+25
      21.2  6.11e+25
      20.9   5.9e+25
      20.6  5.69e+25
      20.3  5.47e+25
        20  5.24e+25
      19.6  5.02e+25
      19.3  4.79e+25
        19  4.56e+25
      18.7  4.32e+25
      18.4  4.09e+25
        18  3.86e+25
      17.7  3.63e+25
      17.4   3.4e+25
      17.1  3.18e+25
      16.8  2.96e+25
      16.5  2.75e+25
      16.1  2.54e+25
      15.8  2.34e+25
      15.5  2.15e+25
      15.2  1.97e+25
      14.9  1.79e+25
      14.5  1.62e+25
      14.2  1.47e+25
      13.9  1.32e+25
      13.6  1.18e+25
      13.3  1.05e+25
        13  9.26e+24
      12.6  8.14e+24
      12.3  7.12e+24
        12  6.19e+24
      11.7  5.34e+24
      11.4  4.58e+24
      11.1   3.9e+24
      10.7  3.29e+24
      10.4  2.76e+24
      10.1  2.28e+24
      9.78  1.87e+24
      9.46  1.52e+24
      9.14  1.22e+24
      8.82  9.62e+23
      8.51   7.5e+23
      8.19  5.76e+23
      7.87  4.35e+23
      7.55  3.22e+23
      7.24  2.34e+23
      6.92  1.66e+23
       6.6  1.15e+23
      6.28  7.81e+22
      5.96  5.15e+22
      5.65   3.3e+22
      5.33  2.06e+22
      5.01  1.25e+22
      4.69  7.38e+21
      4.37  4.25e+21
      4.06  2.38e+21
      3.74   1.3e+21
      3.42  6.93e+20
       3.1   3.6e+20
      2.78  1.85e+20
      2.47   9.7e+19
      2.15  5.21e+19
      1.83  3.02e+19
      1.51  1.82e+19
      1.19  1.46e+19
     0.876  9.56e+18
     0.558  8.16e+18
      0.24  7.44e+18
   -0.0778  6.11e+18
    -0.396  3.36e+18
    -0.714  3.26e+18
     -1.03  2.85e+18
     -1.35  1.46e+18
     -1.67   1.8e+18
     -1.99  2.16e+18
      -2.3  1.17e+18
     -2.62  4.18e+17
     -2.94 -3.26e+17
     -3.26  9.69e+17
     -3.58   1.1e+18
     -3.89  5.82e+17
     -4.21 -5.31e+17
     -4.53  1.17e+18
     -4.85 -2.49e+17
     -5.17 -9.63e+17
     -5.48  1.01e+18
      -5.8  4.65e+17
     -6.12 -6.01e+17
     -6.44  7.47e+16
     -6.75  1.84e+17
     -7.07     3e+17
     -7.39 -5.15e+17
     -7.71  -3.7e+17
     -8.03  5.29e+16
     -8.34 -2.32e+17
     -8.66   1.6e+16
     -8.98 -6.38e+15
      -9.3 -1.13e+17
     -9.62  3.04e+17
     -9.93 -3.93e+17
     -10.3  1.93e+17
     -10.6  9.24e+16
     -10.9 -1.73e+17
     -11.2  3.54e+15
     -11.5   2.2e+17
     -11.8  -2.7e+17
     -12.2  1.49e+17
     -12.5  1.28e+17
     -12.8 -3.48e+17
     -13.1  4.83e+17
     -13.4 -5.01e+17
     -13.7 -5.05e+17
     -14.1 -2.76e+17
     -14.4  1.53e+17
     -14.7 -7.18e+16
       -15  -2.4e+16
     -15.3  6.94e+16
     -15.7 -2.86e+16
       -16 -3.93e+15
     -16.3  7.01e+15
     -16.6  -2.8e+16
     -16.9  3.93e+16
     -17.2 -3.01e+16
     -17.6  6.64e+16
     -17.9  -1.7e+16
     -18.2  1.82e+16
     -18.5 -6.03e+15
     -18.8 -4.38e+15
     -19.2  5.34e+15
     -19.5 -3.95e+15
     -19.8   8.5e+14
     -20.1  1.45e+15
     -20.4     3e+16
     -20.7 -3.96e+15
     -21.1 -2.28e+14
     -21.4  1.12e+15
     -21.7  -1.1e+16
       -22  3.92e+13
     -22.3 -2.24e+14
     -22.7  2.96e+14
       -23  1.22e+11
     -23.3 -5.39e+08

pressure[atm]        = 1
temperature[K]           = 800
energy step[1/cm]        = 111
maximum energy[kcal/mol] = 67.6

bimolecular PEDs:
   E, kcal    P1->P2
      67.6  5.12e+22
      67.3  5.62e+22
        67  6.16e+22
      66.7  6.75e+22
      66.4  7.39e+22
      66.1   8.1e+22
      65.7  8.86e+22
      65.4   9.7e+22
      65.1  1.06e+23
      64.8  1.16e+23
      64.5  1.27e+23
      64.1  1.38e+23
      63.8  1.51e+23
      63.5  1.65e+23
      63.2   1.8e+23
      62.9  1.96e+23
      62.6  2.14e+23
      62.2  2.34e+23
      61.9  2.54e+23
      61.6  2.77e+23
      61.3  3.02e+23
        61  3.28e+23
      60.7  3.57e+23
      60.3  3.88e+23
        60  4.22e+23
      59.7  4.58e+23
      59.4  4.98e+23
      59.1   5.4e+23
      58.7  5.86e+23
      58.4  6.35e+23
      58.1  6.89e+23
      57.8  7.46e+23
      57.5  8.08e+23
      57.2  8.75e+23
      56.8  9.46e+23
      56.5  1.02e+24
      56.2  1.11e+24
      55.9   1.2e+24
      55.6  1.29e+24
      55.2  1.39e+24
      54.9   1.5e+24
      54.6  1.62e+24
      54.3  1.75e+24
        54  1.88e+24
      53.7  2.03e+24
      53.3  2.18e+24
        53  2.35e+24
      52.7  2.52e+24
      52.4  2.71e+24
      52.1  2.91e+24
      51.7  3.12e+24
      51.4  3.35e+24
      51.1  3.59e+24
      50.8  3.85e+24
      50.5  4.13e+24
      50.2  4.42e+24
      49.8  4.73e+24
      49.5  5.05e+24
      49.2   5.4e+24
      48.9  5.77e+24
      48.6  6.15e+24
      48.3  6.57e+24
      47.9     7e+24
      47.6  7.46e+24
      47.3  7.94e+24
        47  8.45e+24
      46.7  8.99e+24
      46.3  9.55e+24
        46  1.01e+25
      45.7  1.08e+25
      45.4  1.14e+25
      45.1  1.21e+25
      44.8  1.28e+25
      44.4  1.36e+25
      44.1  1.44e+25
      43.8  1.52e+25
      43.5   1.6e+25
      43.2  1.69e+25
      42.8  1.79e+25
      42.5  1.88e+25
      42.2  1.98e+25
      41.9  2.09e+25
      41.6   2.2e+25
      41.3  2.31e+25
      40.9  2.42e+25
      40.6  2.54e+25
      40.3  2.67e+25
        40  2.79e+25
      39.7  2.92e+25
      39.3  3.06e+25
        39   3.2e+25
      38.7  3.34e+25
      38.4  3.48e+25
      38.1  3.63e+25
      37.8  3.78e+25
      37.4  3.93e+25
      37.1  4.09e+25
      36.8  4.25e+25
      36.5  4.41e+25
      36.2  4.57e+25
      35.9  4.73e+25
      35.5   4.9e+25
      35.2  5.06e+25
      34.9  5.23e+25
      34.6  5.39e+25
      34.3  5.56e+25
      33.9  5.72e+25
      33.6  5.88e+25
      33.3  6.04e+25
        33   6.2e+25
      32.7  6.36e+25
      32.4  6.51e+25
        32  6.66e+25
      31.7   6.8e+25
      31.4  6.94e+25
      31.1  7.07e+25
      30.8   7.2e+25
      30.4  7.32e+25
      30.1  7.43e+25
      29.8  7.54e+25
      29.5  7.63e+25
      29.2  7.72e+25
      28.9   7.8e+25
      28.5  7.86e+25
      28.2  7.92e+25
      27.9  7.97e+25
      27.6     8e+25
      27.3  8.02e+25
      26.9  8.03e+25
      26.6  8.03e+25
      26.3  8.02e+25
        26  7.99e+25
      25.7  7.95e+25
      25.4   7.9e+25
        25  7.83e+25
      24.7  7.75e+25
      24.4  7.66e+25
      24.1  7.56e+25
      23.8  7.44e+25
      23.5  7.31e+25
      23.1  7.17e+25
      22.8  7.02e+25
      22.5  6.85e+25
      22.2  6.68e+25
      21.9   6.5e+25
      21.5  6.31e+25
      21.2  6.11e+25
      20.9   5.9e+25
      20.6  5.69e+25
      20.3  5.47e+25
        20  5.25e+25
      19.6  5.02e+25
      19.3  4.79e+25
        19  4.56e+25
      18.7  4.33e+25
      18.4  4.09e+25
        18  3.86e+25
      17.7  3.63e+25
      17.4  3.41e+25
      17.1  3.18e+25
      16.8  2.97e+25
      16.5  2.75e+25
      16.1  2.55e+25
      15.8  2.35e+25
      15.5  2.16e+25
      15.2  1.97e+25
      14.9  1.79e+25
      14.5  1.63e+25
      14.2  1.47e+25
      13.9  1.32e+25
      13.6  1.18e+25
      13.3  1.05e+25
        13  9.28e+24
      12.6  8.17e+24
      12.3  7.14e+24
        12  6.21e+24
      11.7  5.36e+24
      11.4   4.6e+24
      11.1  3.92e+24
      10.7  3.31e+24
      10.4  2.77e+24
      10.1   2.3e+24
      9.78  1.88e+24
      9.46  1.53e+24
      9.14  1.23e+24
      8.82  9.71e+23
      8.51  7.58e+23
      8.19  5.83e+23
      7.87  4.41e+23
      7.55  3.28e+23
      7.24  2.39e+23
      6.92   1.7e+23
       6.6  1.19e+23
      6.28   8.1e+22
      5.96  5.39e+22
      5.65   3.5e+22
      5.33  2.23e+22
      5.01  1.39e+22
      4.69  8.54e+21
      4.37   5.2e+21
      4.06  3.16e+21
      3.74  1.94e+21
      3.42  1.21e+21
       3.1   7.8e+20
      2.78  5.26e+20
      2.47  3.71e+20
      2.15  2.74e+20
      1.83  2.08e+20
      1.51  1.64e+20
      1.19   1.3e+20
     0.876  1.05e+20
     0.558   8.3e+19
      0.24  6.71e+19
   -0.0778  5.33e+19
    -0.396  4.29e+19
    -0.714  3.56e+19
     -1.03   2.6e+19
     -1.35  2.06e+19
     -1.67  1.73e+19
     -1.99  1.31e+19
      -2.3  1.22e+19
     -2.62  9.07e+18
     -2.94  4.69e+18
     -3.26  4.56e+18
     -3.58  5.78e+18
     -3.89  2.99e+18
     -4.21  2.19e+18
     -4.53   1.7e+18
     -4.85  9.08e+17
     -5.17  7.42e+17
     -5.48   1.8e+18
      -5.8  9.33e+16
     -6.12  7.06e+17
     -6.44 -1.06e+18
     -6.75   1.1e+18
     -7.07  2.44e+17
     -7.39  -8.4e+16
     -7.71  1.11e+17
     -8.03  1.24e+18
     -8.34 -1.31e+18
     -8.66    -4e+15
     -8.98 -7.08e+16
      -9.3  4.01e+17
     -9.62 -1.99e+17
     -9.93 -4.53e+17
     -10.3  6.28e+17
     -10.6 -2.43e+17
     -10.9  5.83e+16
     -11.2  5.62e+16
     -11.5 -4.16e+17
     -11.8   7.7e+17
     -12.2 -6.51e+17
     -12.5  5.94e+16
     -12.8  3.55e+17
     -13.1 -2.74e+17
     -13.4     9e+16
     -13.7 -2.46e+17
     -14.1  3.33e+17
     -14.4 -3.84e+17
     -14.7  3.05e+17
       -15 -2.52e+17
     -15.3  1.96e+17
     -15.7 -8.23e+16
       -16  3.23e+16
     -16.3   1.9e+15
     -16.6 -5.08e+16
     -16.9  3.02e+16
     -17.2  1.48e+16
     -17.6  7.56e+16
     -17.9  3.82e+15
     -18.2 -1.18e+16
     -18.5  3.24e+16
     -18.8 -1.81e+16
     -19.2 -1.37e+16
     -19.5 -1.01e+16
     -19.8 -1.27e+16
     -20.1  8.63e+15
     -20.4 -5.16e+15
     -20.7 -1.07e+15
     -21.1  5.19e+14
     -21.4 -6.26e+14
     -21.7 -1.93e+13
       -22  1.17e+15
     -22.3 -4.56e+14
     -22.7  3.04e+13
       -23 -1.14e+10
     -23.3  1.03e+09

pressure[atm]        = 10
temperature[K]           = 800
energy step[1/cm]        = 111
maximum energy[kcal/mol] = 67.6

bimolecular PEDs:
   E, kcal    P1->P2
      67.6  5.02e+22
      67.3  5.51e+22
        67  6.05e+22
      66.7  6.64e+22
      66.4  7.28e+22
      66.1  7.98e+22
      65.7  8.74e+22
      65.4  9.57e+22
      65.1  1.05e+23
      64.8  1.15e+23
      64.5  1.25e+23
      64.1  1.37e+23
      63.8   1.5e+23
      63.5  1.63e+23
      63.2  1.78e+23
      62.9  1.94e+23
      62.6  2.12e+23
      62.2  2.31e+23
      61.9  2.52e+23
      61.6  2.74e+23
      61.3  2.99e+23
        61  3.25e+23
      60.7  3.54e+23
      60.3  3.84e+23
        60  4.18e+23
      59.7  4.54e+23
      59.4  4.93e+23
      59.1  5.35e+23
      58.7   5.8e+23
      58.4   6.3e+23
      58.1  6.82e+23
      57.8  7.39e+23
      57.5  8.01e+23
      57.2  8.67e+23
      56.8  9.38e+23
      56.5  1.01e+24
      56.2   1.1e+24
      55.9  1.18e+24
      55.6  1.28e+24
      55.2  1.38e+24
      54.9  1.49e+24
      54.6  1.61e+24
      54.3  1.73e+24
        54  1.87e+24
      53.7  2.01e+24
      53.3  2.16e+24
        53  2.33e+24
      52.7   2.5e+24
      52.4  2.69e+24
      52.1  2.89e+24
      51.7   3.1e+24
      51.4  3.33e+24
      51.1  3.57e+24
      50.8  3.82e+24
      50.5  4.09e+24
      50.2  4.38e+24
      49.8  4.69e+24
      49.5  5.01e+24
      49.2  5.36e+24
      48.9  5.72e+24
      48.6  6.11e+24
      48.3  6.52e+24
      47.9  6.95e+24
      47.6   7.4e+24
      47.3  7.88e+24
        47  8.39e+24
      46.7  8.92e+24
      46.3  9.48e+24
        46  1.01e+25
      45.7  1.07e+25
      45.4  1.13e+25
      45.1   1.2e+25
      44.8  1.27e+25
      44.4  1.35e+25
      44.1  1.43e+25
      43.8  1.51e+25
      43.5  1.59e+25
      43.2  1.68e+25
      42.8  1.77e+25
      42.5  1.87e+25
      42.2  1.97e+25
      41.9  2.07e+25
      41.6  2.18e+25
      41.3  2.29e+25
      40.9  2.41e+25
      40.6  2.53e+25
      40.3  2.65e+25
        40  2.78e+25
      39.7  2.91e+25
      39.3  3.04e+25
        39  3.18e+25
      38.7  3.32e+25
      38.4  3.46e+25
      38.1  3.61e+25
      37.8  3.76e+25
      37.4  3.91e+25
      37.1  4.07e+25
      36.8  4.22e+25
      36.5  4.38e+25
      36.2  4.55e+25
      35.9  4.71e+25
      35.5  4.87e+25
      35.2  5.04e+25
      34.9   5.2e+25
      34.6  5.37e+25
      34.3  5.53e+25
      33.9   5.7e+25
      33.6  5.86e+25
      33.3  6.02e+25
        33  6.18e+25
      32.7  6.33e+25
      32.4  6.49e+25
        32  6.63e+25
      31.7  6.78e+25
      31.4  6.92e+25
      31.1  7.05e+25
      30.8  7.18e+25
      30.4   7.3e+25
      30.1  7.41e+25
      29.8  7.52e+25
      29.5  7.61e+25
      29.2   7.7e+25
      28.9  7.78e+25
      28.5  7.85e+25
      28.2  7.91e+25
      27.9  7.95e+25
      27.6  7.99e+25
      27.3  8.01e+25
      26.9  8.03e+25
      26.6  8.03e+25
      26.3  8.01e+25
        26  7.99e+25
      25.7  7.95e+25
      25.4   7.9e+25
        25  7.83e+25
      24.7  7.76e+25
      24.4  7.67e+25
      24.1  7.56e+25
      23.8  7.45e+25
      23.5  7.32e+25
      23.1  7.18e+25
      22.8  7.03e+25
      22.5  6.87e+25
      22.2   6.7e+25
      21.9  6.52e+25
      21.5  6.33e+25
      21.2  6.13e+25
      20.9  5.93e+25
      20.6  5.72e+25
      20.3   5.5e+25
        20  5.28e+25
      19.6  5.05e+25
      19.3  4.82e+25
        19  4.59e+25
      18.7  4.36e+25
      18.4  4.13e+25
        18   3.9e+25
      17.7  3.67e+25
      17.4  3.44e+25
      17.1  3.22e+25
      16.8     3e+25
      16.5  2.79e+25
      16.1  2.58e+25
      15.8  2.38e+25
      15.5  2.19e+25
      15.2     2e+25
      14.9  1.83e+25
      14.5  1.66e+25
      14.2   1.5e+25
      13.9  1.35e+25
      13.6  1.21e+25
      13.3  1.08e+25
        13  9.53e+24
      12.6  8.41e+24
      12.3  7.37e+24
        12  6.42e+24
      11.7  5.56e+24
      11.4  4.79e+24
      11.1  4.09e+24
      10.7  3.47e+24
      10.4  2.92e+24
      10.1  2.43e+24
      9.78  2.01e+24
      9.46  1.64e+24
      9.14  1.33e+24
      8.82  1.06e+24
      8.51  8.38e+23
      8.19  6.54e+23
      7.87  5.03e+23
      7.55  3.82e+23
      7.24  2.86e+23
      6.92  2.11e+23
       6.6  1.54e+23
      6.28  1.11e+23
      5.96  7.94e+22
      5.65  5.65e+22
      5.33  4.02e+22
      5.01  2.88e+22
      4.69  2.09e+22
      4.37  1.54e+22
      4.06  1.15e+22
      3.74   8.8e+21
      3.42  6.82e+21
       3.1  5.36e+21
      2.78  4.26e+21
      2.47  3.41e+21
      2.15  2.75e+21
      1.83  2.22e+21
      1.51   1.8e+21
      1.19  1.45e+21
     0.876  1.18e+21
     0.558  9.52e+20
      0.24  7.66e+20
   -0.0778  6.17e+20
    -0.396  4.96e+20
    -0.714  3.99e+20
     -1.03  3.21e+20
     -1.35  2.56e+20
     -1.67  2.03e+20
     -1.99  1.63e+20
      -2.3   1.3e+20
     -2.62  1.02e+20
     -2.94  7.84e+19
     -3.26  6.29e+19
     -3.58   4.9e+19
     -3.89  3.98e+19
     -4.21  3.07e+19
     -4.53  2.21e+19
     -4.85  1.96e+19
     -5.17  1.38e+19
     -5.48  1.11e+19
      -5.8  6.66e+18
     -6.12  5.67e+18
     -6.44  4.97e+18
     -6.75  2.73e+18
     -7.07  1.65e+18
     -7.39  1.58e+18
     -7.71  3.42e+18
     -8.03  2.18e+18
     -8.34  1.69e+18
     -8.66  4.46e+17
     -8.98 -4.48e+17
      -9.3  1.15e+18
     -9.62  1.52e+18
     -9.93  4.17e+16
     -10.3 -1.72e+18
     -10.6 -3.35e+17
     -10.9  2.03e+18
     -11.2  3.91e+17
     -11.5 -1.53e+18
     -11.8  5.49e+17
     -12.2  3.06e+17
     -12.5 -2.33e+17
     -12.8  3.34e+17
     -13.1 -1.44e+17
     -13.4 -3.71e+17
     -13.7  6.29e+17
     -14.1 -7.53e+17
     -14.4 -3.36e+17
     -14.7  3.78e+17
       -15 -1.31e+15
     -15.3  3.52e+17
     -15.7  -4.7e+17
       -16  1.87e+16
     -16.3  7.42e+16
     -16.6 -5.34e+16
     -16.9  2.51e+17
     -17.2 -2.02e+17
     -17.6  6.42e+16
     -17.9  1.45e+16
     -18.2  1.52e+17
     -18.5 -1.25e+17
     -18.8  5.07e+16
     -19.2 -4.41e+16
     -19.5 -5.34e+16
     -19.8 -4.39e+16
     -20.1  2.81e+16
     -20.4  -3.3e+16
     -20.7  2.59e+16
     -21.1  5.49e+15
     -21.4 -1.24e+16
     -21.7  2.39e+15
       -22  4.14e+15
     -22.3 -5.74e+14
     -22.7  1.52e+14
       -23  5.49e+11
     -23.3 -1.48e+13

pressure[atm]        = 100
temperature[K]           = 800
energy step[1/cm]        = 111
maximum energy[kcal/mol] = 67.6

bimolecular PEDs:
   E, kcal    P1->P2
      67.6  4.32e+22
      67.3  4.76e+22
        67  5.25e+22
      66.7  5.79e+22
      66.4  6.38e+22
      66.1  7.02e+22
      65.7  7.73e+22
      65.4  8.49e+22
      65.1  9.33e+22
      64.8  1.02e+23
      64.5  1.12e+23
      64.1  1.23e+23
      63.8  1.35e+23
      63.5  1.47e+23
      63.2  1.61e+23
      62.9  1.76e+23
      62.6  1.92e+23
      62.2   2.1e+23
      61.9  2.29e+23
      61.6   2.5e+23
      61.3  2.72e+23
        61  2.96e+23
      60.7  3.23e+23
      60.3  3.51e+23
        60  3.82e+23
      59.7  4.15e+23
      59.4  4.51e+23
      59.1   4.9e+23
      58.7  5.31e+23
      58.4  5.77e+23
      58.1  6.25e+23
      57.8  6.78e+23
      57.5  7.35e+23
      57.2  7.95e+23
      56.8  8.61e+23
      56.5  9.32e+23
      56.2  1.01e+24
      55.9  1.09e+24
      55.6  1.18e+24
      55.2  1.27e+24
      54.9  1.37e+24
      54.6  1.48e+24
      54.3   1.6e+24
        54  1.72e+24
      53.7  1.85e+24
      53.3  1.99e+24
        53  2.15e+24
      52.7  2.31e+24
      52.4  2.48e+24
      52.1  2.67e+24
      51.7  2.86e+24
      51.4  3.07e+24
      51.1   3.3e+24
      50.8  3.54e+24
      50.5  3.79e+24
      50.2  4.06e+24
      49.8  4.34e+24
      49.5  4.65e+24
      49.2  4.97e+24
      48.9  5.31e+24
      48.6  5.67e+24
      48.3  6.05e+24
      47.9  6.45e+24
      47.6  6.88e+24
      47.3  7.33e+24
        47  7.81e+24
      46.7  8.31e+24
      46.3  8.83e+24
        46  9.39e+24
      45.7  9.97e+24
      45.4  1.06e+25
      45.1  1.12e+25
      44.8  1.19e+25
      44.4  1.26e+25
      44.1  1.33e+25
      43.8  1.41e+25
      43.5  1.49e+25
      43.2  1.58e+25
      42.8  1.66e+25
      42.5  1.75e+25
      42.2  1.85e+25
      41.9  1.95e+25
      41.6  2.05e+25
      41.3  2.16e+25
      40.9  2.27e+25
      40.6  2.38e+25
      40.3   2.5e+25
        40  2.62e+25
      39.7  2.74e+25
      39.3  2.87e+25
        39     3e+25
      38.7  3.14e+25
      38.4  3.28e+25
      38.1  3.42e+25
      37.8  3.56e+25
      37.4  3.71e+25
      37.1  3.86e+25
      36.8  4.01e+25
      36.5  4.17e+25
      36.2  4.33e+25
      35.9  4.49e+25
      35.5  4.65e+25
      35.2  4.81e+25
      34.9  4.97e+25
      34.6  5.13e+25
      34.3  5.29e+25
      33.9  5.46e+25
      33.6  5.62e+25
      33.3  5.78e+25
        33  5.94e+25
      32.7  6.09e+25
      32.4  6.25e+25
        32   6.4e+25
      31.7  6.54e+25
      31.4  6.69e+25
      31.1  6.82e+25
      30.8  6.96e+25
      30.4  7.08e+25
      30.1   7.2e+25
      29.8  7.31e+25
      29.5  7.42e+25
      29.2  7.51e+25
      28.9   7.6e+25
      28.5  7.68e+25
      28.2  7.75e+25
      27.9  7.81e+25
      27.6  7.86e+25
      27.3   7.9e+25
      26.9  7.92e+25
      26.6  7.94e+25
      26.3  7.94e+25
        26  7.93e+25
      25.7  7.91e+25
      25.4  7.87e+25
        25  7.82e+25
      24.7  7.77e+25
      24.4  7.69e+25
      24.1  7.61e+25
      23.8  7.51e+25
      23.5   7.4e+25
      23.1  7.28e+25
      22.8  7.15e+25
      22.5  7.01e+25
      22.2  6.85e+25
      21.9  6.69e+25
      21.5  6.52e+25
      21.2  6.34e+25
      20.9  6.15e+25
      20.6  5.95e+25
      20.3  5.75e+25
        20  5.54e+25
      19.6  5.32e+25
      19.3   5.1e+25
        19  4.88e+25
      18.7  4.66e+25
      18.4  4.44e+25
        18  4.21e+25
      17.7  3.99e+25
      17.4  3.77e+25
      17.1  3.55e+25
      16.8  3.33e+25
      16.5  3.12e+25
      16.1  2.91e+25
      15.8  2.71e+25
      15.5  2.51e+25
      15.2  2.32e+25
      14.9  2.14e+25
      14.5  1.96e+25
      14.2  1.79e+25
      13.9  1.63e+25
      13.6  1.48e+25
      13.3  1.34e+25
        13  1.21e+25
      12.6  1.09e+25
      12.3   9.7e+24
        12  8.63e+24
      11.7  7.65e+24
      11.4  6.75e+24
      11.1  5.92e+24
      10.7  5.18e+24
      10.4  4.51e+24
      10.1   3.9e+24
      9.78  3.37e+24
      9.46  2.89e+24
      9.14  2.47e+24
      8.82   2.1e+24
      8.51  1.78e+24
      8.19   1.5e+24
      7.87  1.26e+24
      7.55  1.06e+24
      7.24  8.88e+23
      6.92  7.43e+23
       6.6  6.22e+23
      6.28   5.2e+23
      5.96  4.36e+23
      5.65  3.66e+23
      5.33  3.08e+23
      5.01   2.6e+23
      4.69  2.19e+23
      4.37  1.86e+23
      4.06  1.57e+23
      3.74  1.33e+23
      3.42  1.13e+23
       3.1  9.56e+22
      2.78  8.11e+22
      2.47  6.87e+22
      2.15  5.81e+22
      1.83  4.92e+22
      1.51  4.16e+22
      1.19  3.52e+22
     0.876  2.97e+22
     0.558   2.5e+22
      0.24  2.11e+22
   -0.0778  1.78e+22
    -0.396  1.49e+22
    -0.714  1.26e+22
     -1.03  1.06e+22
     -1.35  8.85e+21
     -1.67  7.42e+21
     -1.99  6.21e+21
      -2.3  5.19e+21
     -2.62  4.34e+21
     -2.94  3.62e+21
     -3.26  3.02e+21
     -3.58  2.51e+21
     -3.89  2.09e+21
     -4.21  1.74e+21
     -4.53  1.44e+21
     -4.85   1.2e+21
     -5.17  9.89e+20
     -5.48  8.19e+20
      -5.8  6.77e+20
     -6.12   5.6e+20
     -6.44  4.62e+20
     -6.75  3.81e+20
     -7.07  3.15e+20
     -7.39  2.59e+20
     -7.71  2.13e+20
     -8.03  1.77e+20
     -8.34  1.46e+20
     -8.66   1.2e+20
     -8.98  9.83e+19
      -9.3  7.83e+19
     -9.62  6.38e+19
     -9.93  5.05e+19
     -10.3  4.17e+19
     -10.6  3.49e+19
     -10.9  2.67e+19
     -11.2  2.31e+19
     -11.5  1.74e+19
     -11.8  1.24e+19
     -12.2  1.17e+19
     -12.5  8.73e+18
     -12.8  6.17e+18
     -13.1  6.16e+18
     -13.4  3.66e+18
     -13.7  4.05e+18
     -14.1  3.33e+18
     -14.4  1.98e+18
     -14.7  1.64e+18
       -15   1.5e+18
     -15.3  6.45e+17
     -15.7   2.9e+17
       -16  1.72e+18
     -16.3  3.71e+16
     -16.6  6.38e+17
     -16.9  1.64e+17
     -17.2  3.31e+17
     -17.6  6.09e+16
     -17.9 -1.07e+17
     -18.2   6.4e+17
     -18.5  4.14e+17
     -18.8  6.79e+16
     -19.2  6.99e+16
     -19.5  3.15e+16
     -19.8  2.74e+17
     -20.1  1.76e+17
     -20.4  1.48e+16
     -20.7   8.9e+16
     -21.1 -1.84e+16
     -21.4  1.85e+16
     -21.7 -1.69e+16
       -22 -1.94e+16
     -22.3 -4.06e+15
     -22.7  8.45e+14
       -23  4.22e+14
     -23.3  4.39e+13

pressure[atm]        = 0.01
temperature[K]           = 900
energy step[1/cm]        = 125
maximum energy[kcal/mol] = 79.3

bimolecular PEDs:
   E, kcal    P1->P2
      79.3  2.16e+24
        79  2.37e+24
      78.6  2.59e+24
      78.3  2.84e+24
      77.9  3.11e+24
      77.5   3.4e+24
      77.2  3.72e+24
      76.8  4.07e+24
      76.5  4.45e+24
      76.1  4.86e+24
      75.8  5.31e+24
      75.4   5.8e+24
        75  6.33e+24
      74.7  6.91e+24
      74.3  7.53e+24
        74  8.21e+24
      73.6  8.95e+24
      73.3  9.75e+24
      72.9  1.06e+25
      72.5  1.16e+25
      72.2  1.26e+25
      71.8  1.37e+25
      71.5  1.49e+25
      71.1  1.62e+25
      70.7  1.75e+25
      70.4  1.91e+25
        70  2.07e+25
      69.7  2.24e+25
      69.3  2.43e+25
        69  2.64e+25
      68.6  2.86e+25
      68.2   3.1e+25
      67.9  3.35e+25
      67.5  3.63e+25
      67.2  3.92e+25
      66.8  4.24e+25
      66.5  4.58e+25
      66.1  4.95e+25
      65.7  5.34e+25
      65.4  5.77e+25
        65  6.22e+25
      64.7  6.71e+25
      64.3  7.23e+25
        64  7.78e+25
      63.6  8.38e+25
      63.2  9.02e+25
      62.9   9.7e+25
      62.5  1.04e+26
      62.2  1.12e+26
      61.8   1.2e+26
      61.4  1.29e+26
      61.1  1.38e+26
      60.7  1.48e+26
      60.4  1.59e+26
        60   1.7e+26
      59.7  1.82e+26
      59.3  1.95e+26
      58.9  2.09e+26
      58.6  2.23e+26
      58.2  2.38e+26
      57.9  2.54e+26
      57.5  2.71e+26
      57.2  2.89e+26
      56.8  3.08e+26
      56.4  3.28e+26
      56.1   3.5e+26
      55.7  3.72e+26
      55.4  3.95e+26
        55   4.2e+26
      54.7  4.46e+26
      54.3  4.73e+26
      53.9  5.02e+26
      53.6  5.32e+26
      53.2  5.63e+26
      52.9  5.96e+26
      52.5  6.31e+26
      52.1  6.67e+26
      51.8  7.04e+26
      51.4  7.43e+26
      51.1  7.84e+26
      50.7  8.27e+26
      50.4  8.71e+26
        50  9.17e+26
      49.6  9.64e+26
      49.3  1.01e+27
      48.9  1.06e+27
      48.6  1.12e+27
      48.2  1.17e+27
      47.9  1.23e+27
      47.5  1.29e+27
      47.1  1.35e+27
      46.8  1.41e+27
      46.4  1.47e+27
      46.1  1.53e+27
      45.7   1.6e+27
      45.4  1.67e+27
        45  1.74e+27
      44.6  1.81e+27
      44.3  1.88e+27
      43.9  1.95e+27
      43.6  2.02e+27
      43.2   2.1e+27
      42.8  2.17e+27
      42.5  2.25e+27
      42.1  2.33e+27
      41.8   2.4e+27
      41.4  2.48e+27
      41.1  2.55e+27
      40.7  2.63e+27
      40.3  2.71e+27
        40  2.78e+27
      39.6  2.86e+27
      39.3  2.93e+27
      38.9     3e+27
      38.6  3.07e+27
      38.2  3.14e+27
      37.8  3.21e+27
      37.5  3.27e+27
      37.1  3.33e+27
      36.8  3.39e+27
      36.4  3.45e+27
      36.1   3.5e+27
      35.7  3.55e+27
      35.3   3.6e+27
        35  3.64e+27
      34.6  3.68e+27
      34.3  3.71e+27
      33.9  3.74e+27
      33.5  3.76e+27
      33.2  3.78e+27
      32.8  3.79e+27
      32.5   3.8e+27
      32.1  3.81e+27
      31.8   3.8e+27
      31.4  3.79e+27
        31  3.78e+27
      30.7  3.76e+27
      30.3  3.73e+27
        30   3.7e+27
      29.6  3.67e+27
      29.3  3.62e+27
      28.9  3.57e+27
      28.5  3.52e+27
      28.2  3.46e+27
      27.8   3.4e+27
      27.5  3.33e+27
      27.1  3.25e+27
      26.8  3.17e+27
      26.4  3.09e+27
        26     3e+27
      25.7  2.91e+27
      25.3  2.82e+27
        25  2.72e+27
      24.6  2.62e+27
      24.2  2.52e+27
      23.9  2.42e+27
      23.5  2.32e+27
      23.2  2.21e+27
      22.8   2.1e+27
      22.5     2e+27
      22.1  1.89e+27
      21.7  1.79e+27
      21.4  1.68e+27
        21  1.58e+27
      20.7  1.48e+27
      20.3  1.38e+27
        20  1.29e+27
      19.6   1.2e+27
      19.2  1.11e+27
      18.9  1.02e+27
      18.5  9.35e+26
      18.2  8.55e+26
      17.8   7.8e+26
      17.5  7.08e+26
      17.1   6.4e+26
      16.7  5.76e+26
      16.4  5.16e+26
        16  4.61e+26
      15.7  4.09e+26
      15.3  3.61e+26
      14.9  3.18e+26
      14.6  2.78e+26
      14.2  2.41e+26
      13.9  2.09e+26
      13.5  1.79e+26
      13.2  1.53e+26
      12.8  1.29e+26
      12.4  1.09e+26
      12.1  9.09e+25
      11.7  7.53e+25
      11.4  6.18e+25
        11  5.02e+25
      10.7  4.04e+25
      10.3  3.22e+25
      9.94  2.53e+25
      9.58  1.96e+25
      9.22  1.49e+25
      8.87  1.12e+25
      8.51  8.28e+24
      8.15  5.99e+24
      7.79  4.24e+24
      7.44  2.93e+24
      7.08  1.98e+24
      6.72  1.29e+24
      6.36  8.19e+23
         6  5.02e+23
      5.65  2.97e+23
      5.29   1.7e+23
      4.93  9.35e+22
      4.57  4.97e+22
      4.22  2.55e+22
      3.86  1.26e+22
       3.5  5.95e+21
      3.14   2.7e+21
      2.79  1.17e+21
      2.43  4.79e+20
      2.07  1.89e+20
      1.71  7.35e+19
      1.35  3.68e+19
     0.997  3.39e+19
     0.639  3.87e+18
     0.281  7.91e+18
   -0.0763   9.1e+18
    -0.434  1.13e+19
    -0.792  5.82e+18
     -1.15  1.56e+19
     -1.51 -1.55e+19
     -1.86 -6.73e+17
     -2.22   1.4e+19
     -2.58  6.27e+18
     -2.94 -5.56e+18
      -3.3 -5.14e+18
     -3.65  2.62e+18
     -4.01  1.94e+18
     -4.37 -7.87e+17
     -4.73 -4.05e+18
     -5.08  5.59e+18
     -5.44 -6.18e+18
      -5.8   9.4e+18
     -6.16  2.24e+18
     -6.51 -6.84e+18
     -6.87  4.47e+18
     -7.23 -4.89e+18
     -7.59  8.01e+18
     -7.95 -2.94e+16
      -8.3  2.19e+17
     -8.66  -4.4e+17
     -9.02  3.54e+17
     -9.38  2.82e+17
     -9.73 -9.46e+17
     -10.1  1.05e+18
     -10.4 -5.77e+17
     -10.8 -1.58e+16
     -11.2  1.57e+17
     -11.5  8.68e+16
     -11.9 -1.67e+17
     -12.2 -8.52e+16
     -12.6  2.21e+17
       -13 -2.01e+17
     -13.3  3.04e+17
     -13.7 -4.15e+17
       -14  1.98e+17
     -14.4  4.82e+17
     -14.7 -1.33e+17
     -15.1  5.94e+16
     -15.5  5.81e+16
     -15.8 -5.15e+16
     -16.2 -3.87e+16
     -16.5  9.86e+16
     -16.9 -8.84e+16
     -17.2  4.44e+16
     -17.6 -1.23e+16
       -18  9.29e+15
     -18.3  4.37e+16
     -18.7 -1.26e+16
       -19   1.1e+16
     -19.4 -4.49e+15
     -19.7  6.09e+15
     -20.1 -3.15e+14
     -20.5  8.93e+14
     -20.8  3.82e+14
     -21.2 -6.89e+13
     -21.5 -2.48e+14
     -21.9 -2.53e+14
     -22.3 -2.83e+14
     -22.6 -1.15e+14
       -23 -1.51e+15
     -23.3 -6.38e+08

pressure[atm]        = 0.1
temperature[K]           = 900
energy step[1/cm]        = 125
maximum energy[kcal/mol] = 79.3

bimolecular PEDs:
   E, kcal    P1->P2
      79.3  2.16e+24
        79  2.37e+24
      78.6  2.59e+24
      78.3  2.84e+24
      77.9  3.11e+24
      77.5   3.4e+24
      77.2  3.72e+24
      76.8  4.07e+24
      76.5  4.45e+24
      76.1  4.86e+24
      75.8  5.31e+24
      75.4   5.8e+24
        75  6.33e+24
      74.7  6.91e+24
      74.3  7.53e+24
        74  8.21e+24
      73.6  8.95e+24
      73.3  9.75e+24
      72.9  1.06e+25
      72.5  1.16e+25
      72.2  1.26e+25
      71.8  1.37e+25
      71.5  1.49e+25
      71.1  1.62e+25
      70.7  1.75e+25
      70.4  1.91e+25
        70  2.07e+25
      69.7  2.24e+25
      69.3  2.43e+25
        69  2.64e+25
      68.6  2.86e+25
      68.2   3.1e+25
      67.9  3.35e+25
      67.5  3.63e+25
      67.2  3.92e+25
      66.8  4.24e+25
      66.5  4.58e+25
      66.1  4.95e+25
      65.7  5.34e+25
      65.4  5.77e+25
        65  6.22e+25
      64.7  6.71e+25
      64.3  7.23e+25
        64  7.78e+25
      63.6  8.38e+25
      63.2  9.02e+25
      62.9   9.7e+25
      62.5  1.04e+26
      62.2  1.12e+26
      61.8   1.2e+26
      61.4  1.29e+26
      61.1  1.38e+26
      60.7  1.48e+26
      60.4  1.59e+26
        60   1.7e+26
      59.7  1.82e+26
      59.3  1.95e+26
      58.9  2.09e+26
      58.6  2.23e+26
      58.2  2.38e+26
      57.9  2.54e+26
      57.5  2.71e+26
      57.2  2.89e+26
      56.8  3.08e+26
      56.4  3.28e+26
      56.1   3.5e+26
      55.7  3.72e+26
      55.4  3.95e+26
        55   4.2e+26
      54.7  4.46e+26
      54.3  4.73e+26
      53.9  5.02e+26
      53.6  5.32e+26
      53.2  5.63e+26
      52.9  5.96e+26
      52.5  6.31e+26
      52.1  6.67e+26
      51.8  7.04e+26
      51.4  7.43e+26
      51.1  7.84e+26
      50.7  8.27e+26
      50.4  8.71e+26
        50  9.17e+26
      49.6  9.64e+26
      49.3  1.01e+27
      48.9  1.06e+27
      48.6  1.12e+27
      48.2  1.17e+27
      47.9  1.23e+27
      47.5  1.29e+27
      47.1  1.35e+27
      46.8  1.41e+27
      46.4  1.47e+27
      46.1  1.53e+27
      45.7   1.6e+27
      45.4  1.67e+27
        45  1.74e+27
      44.6  1.81e+27
      44.3  1.88e+27
      43.9  1.95e+27
      43.6  2.02e+27
      43.2   2.1e+27
      42.8  2.17e+27
      42.5  2.25e+27
      42.1  2.32e+27
      41.8   2.4e+27
      41.4  2.48e+27
      41.1  2.55e+27
      40.7  2.63e+27
      40.3  2.71e+27
        40  2.78e+27
      39.6  2.86e+27
      39.3  2.93e+27
      38.9     3e+27
      38.6  3.07e+27
      38.2  3.14e+27
      37.8  3.21e+27
      37.5  3.27e+27
      37.1  3.33e+27
      36.8  3.39e+27
      36.4  3.45e+27
      36.1   3.5e+27
      35.7  3.55e+27
      35.3   3.6e+27
        35  3.64e+27
      34.6  3.68e+27
      34.3  3.71e+27
      33.9  3.74e+27
      33.5  3.76e+27
      33.2  3.78e+27
      32.8  3.79e+27
      32.5   3.8e+27
      32.1  3.81e+27
      31.8   3.8e+27
      31.4  3.79e+27
        31  3.78e+27
      30.7  3.76e+27
      30.3  3.73e+27
        30   3.7e+27
      29.6  3.67e+27
      29.3  3.62e+27
      28.9  3.57e+27
      28.5  3.52e+27
      28.2  3.46e+27
      27.8   3.4e+27
      27.5  3.33e+27
      27.1  3.25e+27
      26.8  3.17e+27
      26.4  3.09e+27
        26     3e+27
      25.7  2.91e+27
      25.3  2.82e+27
        25  2.72e+27
      24.6  2.62e+27
      24.2  2.52e+27
      23.9  2.42e+27
      23.5  2.32e+27
      23.2  2.21e+27
      22.8   2.1e+27
      22.5     2e+27
      22.1  1.89e+27
      21.7  1.79e+27
      21.4  1.69e+27
        21  1.58e+27
      20.7  1.48e+27
      20.3  1.38e+27
        20  1.29e+27
      19.6   1.2e+27
      19.2  1.11e+27
      18.9  1.02e+27
      18.5  9.35e+26
      18.2  8.56e+26
      17.8   7.8e+26
      17.5  7.08e+26
      17.1   6.4e+26
      16.7  5.76e+26
      16.4  5.16e+26
        16  4.61e+26
      15.7  4.09e+26
      15.3  3.61e+26
      14.9  3.18e+26
      14.6  2.78e+26
      14.2  2.41e+26
      13.9  2.09e+26
      13.5  1.79e+26
      13.2  1.53e+26
      12.8   1.3e+26
      12.4  1.09e+26
      12.1   9.1e+25
      11.7  7.53e+25
      11.4  6.18e+25
        11  5.03e+25
      10.7  4.05e+25
      10.3  3.22e+25
      9.94  2.53e+25
      9.58  1.96e+25
      9.22   1.5e+25
      8.87  1.12e+25
      8.51  8.29e+24
      8.15     6e+24
      7.79  4.25e+24
      7.44  2.94e+24
      7.08  1.98e+24
      6.72   1.3e+24
      6.36  8.24e+23
         6  5.06e+23
      5.65     3e+23
      5.29  1.72e+23
      4.93  9.56e+22
      4.57  5.14e+22
      4.22  2.68e+22
      3.86  1.37e+22
       3.5  6.82e+21
      3.14  3.36e+21
      2.79  1.71e+21
      2.43  8.97e+20
      2.07   5.4e+20
      1.71  3.55e+20
      1.35  2.58e+20
     0.997  1.95e+20
     0.639  1.27e+20
     0.281  1.27e+20
   -0.0763     1e+20
    -0.434  6.61e+19
    -0.792  6.71e+19
     -1.15  3.43e+19
     -1.51  2.76e+19
     -1.86  3.55e+19
     -2.22  1.14e+19
     -2.58  1.92e+19
     -2.94  2.76e+18
      -3.3  8.19e+18
     -3.65  1.05e+19
     -4.01 -1.09e+18
     -4.37   5.8e+18
     -4.73  1.84e+18
     -5.08  8.21e+18
     -5.44  -1.3e+19
      -5.8 -1.91e+18
     -6.16  5.51e+18
     -6.51  5.52e+17
     -6.87  1.34e+19
     -7.23 -6.09e+15
     -7.59  5.48e+18
     -7.95  4.28e+17
      -8.3  -1.1e+18
     -8.66  1.09e+18
     -9.02  9.18e+17
     -9.38 -1.07e+18
     -9.73 -1.84e+18
     -10.1   2.4e+18
     -10.4  2.03e+18
     -10.8 -6.42e+18
     -11.2  7.48e+18
     -11.5 -7.85e+18
     -11.9  7.36e+18
     -12.2 -4.26e+18
     -12.6  5.76e+17
       -13  4.59e+17
     -13.3  6.22e+17
     -13.7 -9.86e+17
       -14 -1.04e+17
     -14.4  1.26e+18
     -14.7   1.5e+17
     -15.1 -6.03e+17
     -15.5  1.93e+17
     -15.8  2.11e+17
     -16.2  1.03e+17
     -16.5 -6.57e+17
     -16.9  7.88e+17
     -17.2 -4.95e+17
     -17.6  1.57e+17
       -18 -8.18e+16
     -18.3 -6.03e+17
     -18.7  2.11e+17
       -19  -3.4e+17
     -19.4  8.68e+16
     -19.7 -1.42e+17
     -20.1 -1.36e+16
     -20.5  5.56e+15
     -20.8  2.47e+15
     -21.2 -6.16e+14
     -21.5 -1.33e+15
     -21.9   7.2e+15
     -22.3  3.51e+15
     -22.6 -1.85e+14
       -23   3.4e+09
     -23.3  7.92e+09

pressure[atm]        = 1
temperature[K]           = 900
energy step[1/cm]        = 125
maximum energy[kcal/mol] = 79.3

bimolecular PEDs:
   E, kcal    P1->P2
      79.3  2.16e+24
        79  2.36e+24
      78.6  2.59e+24
      78.3  2.84e+24
      77.9  3.11e+24
      77.5   3.4e+24
      77.2  3.72e+24
      76.8  4.07e+24
      76.5  4.44e+24
      76.1  4.86e+24
      75.8  5.31e+24
      75.4  5.79e+24
        75  6.32e+24
      74.7   6.9e+24
      74.3  7.52e+24
        74   8.2e+24
      73.6  8.94e+24
      73.3  9.74e+24
      72.9  1.06e+25
      72.5  1.15e+25
      72.2  1.26e+25
      71.8  1.37e+25
      71.5  1.49e+25
      71.1  1.61e+25
      70.7  1.75e+25
      70.4   1.9e+25
        70  2.07e+25
      69.7  2.24e+25
      69.3  2.43e+25
        69  2.64e+25
      68.6  2.86e+25
      68.2  3.09e+25
      67.9  3.35e+25
      67.5  3.62e+25
      67.2  3.92e+25
      66.8  4.24e+25
      66.5  4.58e+25
      66.1  4.95e+25
      65.7  5.34e+25
      65.4  5.76e+25
        65  6.21e+25
      64.7   6.7e+25
      64.3  7.22e+25
        64  7.78e+25
      63.6  8.37e+25
      63.2  9.01e+25
      62.9  9.69e+25
      62.5  1.04e+26
      62.2  1.12e+26
      61.8   1.2e+26
      61.4  1.29e+26
      61.1  1.38e+26
      60.7  1.48e+26
      60.4  1.59e+26
        60   1.7e+26
      59.7  1.82e+26
      59.3  1.95e+26
      58.9  2.09e+26
      58.6  2.23e+26
      58.2  2.38e+26
      57.9  2.54e+26
      57.5  2.71e+26
      57.2  2.89e+26
      56.8  3.08e+26
      56.4  3.28e+26
      56.1  3.49e+26
      55.7  3.72e+26
      55.4  3.95e+26
        55   4.2e+26
      54.7  4.46e+26
      54.3  4.73e+26
      53.9  5.02e+26
      53.6  5.32e+26
      53.2  5.63e+26
      52.9  5.96e+26
      52.5   6.3e+26
      52.1  6.66e+26
      51.8  7.04e+26
      51.4  7.43e+26
      51.1  7.84e+26
      50.7  8.26e+26
      50.4   8.7e+26
        50  9.16e+26
      49.6  9.64e+26
      49.3  1.01e+27
      48.9  1.06e+27
      48.6  1.12e+27
      48.2  1.17e+27
      47.9  1.23e+27
      47.5  1.29e+27
      47.1  1.34e+27
      46.8  1.41e+27
      46.4  1.47e+27
      46.1  1.53e+27
      45.7   1.6e+27
      45.4  1.67e+27
        45  1.74e+27
      44.6  1.81e+27
      44.3  1.88e+27
      43.9  1.95e+27
      43.6  2.02e+27
      43.2   2.1e+27
      42.8  2.17e+27
      42.5  2.25e+27
      42.1  2.32e+27
      41.8   2.4e+27
      41.4  2.48e+27
      41.1  2.55e+27
      40.7  2.63e+27
      40.3  2.71e+27
        40  2.78e+27
      39.6  2.86e+27
      39.3  2.93e+27
      38.9     3e+27
      38.6  3.07e+27
      38.2  3.14e+27
      37.8  3.21e+27
      37.5  3.27e+27
      37.1  3.33e+27
      36.8  3.39e+27
      36.4  3.45e+27
      36.1   3.5e+27
      35.7  3.55e+27
      35.3   3.6e+27
        35  3.64e+27
      34.6  3.68e+27
      34.3  3.71e+27
      33.9  3.74e+27
      33.5  3.76e+27
      33.2  3.78e+27
      32.8  3.79e+27
      32.5   3.8e+27
      32.1  3.81e+27
      31.8   3.8e+27
      31.4  3.79e+27
        31  3.78e+27
      30.7  3.76e+27
      30.3  3.73e+27
        30   3.7e+27
      29.6  3.67e+27
      29.3  3.62e+27
      28.9  3.57e+27
      28.5  3.52e+27
      28.2  3.46e+27
      27.8   3.4e+27
      27.5  3.33e+27
      27.1  3.25e+27
      26.8  3.17e+27
      26.4  3.09e+27
        26     3e+27
      25.7  2.91e+27
      25.3  2.82e+27
        25  2.72e+27
      24.6  2.63e+27
      24.2  2.52e+27
      23.9  2.42e+27
      23.5  2.32e+27
      23.2  2.21e+27
      22.8  2.11e+27
      22.5     2e+27
      22.1  1.89e+27
      21.7  1.79e+27
      21.4  1.69e+27
        21  1.58e+27
      20.7  1.48e+27
      20.3  1.39e+27
        20  1.29e+27
      19.6   1.2e+27
      19.2  1.11e+27
      18.9  1.02e+27
      18.5  9.36e+26
      18.2  8.57e+26
      17.8  7.81e+26
      17.5  7.09e+26
      17.1  6.41e+26
      16.7  5.77e+26
      16.4  5.17e+26
        16  4.62e+26
      15.7   4.1e+26
      15.3  3.62e+26
      14.9  3.19e+26
      14.6  2.79e+26
      14.2  2.42e+26
      13.9  2.09e+26
      13.5   1.8e+26
      13.2  1.53e+26
      12.8   1.3e+26
      12.4  1.09e+26
      12.1  9.14e+25
      11.7  7.57e+25
      11.4  6.22e+25
        11  5.06e+25
      10.7  4.07e+25
      10.3  3.24e+25
      9.94  2.55e+25
      9.58  1.98e+25
      9.22  1.51e+25
      8.87  1.14e+25
      8.51  8.42e+24
      8.15  6.11e+24
      7.79  4.35e+24
      7.44  3.02e+24
      7.08  2.05e+24
      6.72  1.35e+24
      6.36   8.7e+23
         6  5.44e+23
      5.65  3.32e+23
      5.29  1.98e+23
      4.93  1.16e+23
      4.57  6.81e+22
      4.22  4.03e+22
      3.86  2.44e+22
       3.5  1.54e+22
      3.14  1.02e+22
      2.79  7.19e+21
      2.43  5.27e+21
      2.07  4.01e+21
      1.71   3.1e+21
      1.35  2.43e+21
     0.997  1.93e+21
     0.639  1.52e+21
     0.281  1.18e+21
   -0.0763  9.42e+20
    -0.434  7.31e+20
    -0.792  5.67e+20
     -1.15   4.5e+20
     -1.51  3.46e+20
     -1.86  2.82e+20
     -2.22  1.94e+20
     -2.58  1.66e+20
     -2.94  1.22e+20
      -3.3  8.77e+19
     -3.65  7.28e+19
     -4.01  6.47e+19
     -4.37  2.94e+19
     -4.73  3.16e+19
     -5.08  1.99e+19
     -5.44  8.24e+18
      -5.8  2.06e+19
     -6.16  6.86e+18
     -6.51  4.82e+18
     -6.87  8.73e+18
     -7.23  1.23e+18
     -7.59 -3.74e+18
     -7.95  8.06e+17
      -8.3  1.46e+18
     -8.66  7.41e+17
     -9.02 -9.78e+17
     -9.38 -1.85e+17
     -9.73   3.3e+18
     -10.1 -2.29e+18
     -10.4  1.47e+16
     -10.8 -1.53e+18
     -11.2  4.41e+18
     -11.5    -3e+18
     -11.9   1.8e+18
     -12.2 -2.09e+18
     -12.6  4.09e+16
       -13   3.3e+18
     -13.3 -3.03e+18
     -13.7  1.13e+18
       -14 -1.92e+18
     -14.4  3.29e+18
     -14.7 -1.52e+18
     -15.1 -5.93e+17
     -15.5  1.03e+18
     -15.8  -3.2e+17
     -16.2   2.9e+16
     -16.5  -2.6e+17
     -16.9  3.56e+17
     -17.2 -1.25e+17
     -17.6 -1.94e+17
       -18  4.69e+17
     -18.3  3.14e+17
     -18.7  4.98e+16
       -19 -4.76e+16
     -19.4  1.36e+16
     -19.7 -6.69e+16
     -20.1 -7.01e+15
     -20.5  2.93e+15
     -20.8  1.01e+15
     -21.2 -7.18e+13
     -21.5 -7.68e+14
     -21.9   3.5e+15
     -22.3 -4.21e+15
     -22.6 -9.33e+13
       -23 -2.74e+11
     -23.3  6.27e+11

pressure[atm]        = 10
temperature[K]           = 900
energy step[1/cm]        = 125
maximum energy[kcal/mol] = 79.3

bimolecular PEDs:
   E, kcal    P1->P2
      79.3  2.12e+24
        79  2.32e+24
      78.6  2.55e+24
      78.3  2.79e+24
      77.9  3.06e+24
      77.5  3.35e+24
      77.2  3.67e+24
      76.8  4.01e+24
      76.5  4.39e+24
      76.1   4.8e+24
      75.8  5.25e+24
      75.4  5.73e+24
        75  6.26e+24
      74.7  6.83e+24
      74.3  7.45e+24
        74  8.12e+24
      73.6  8.85e+24
      73.3  9.65e+24
      72.9  1.05e+25
      72.5  1.14e+25
      72.2  1.24e+25
      71.8  1.35e+25
      71.5  1.47e+25
      71.1   1.6e+25
      70.7  1.74e+25
      70.4  1.89e+25
        70  2.05e+25
      69.7  2.22e+25
      69.3  2.41e+25
        69  2.61e+25
      68.6  2.83e+25
      68.2  3.07e+25
      67.9  3.32e+25
      67.5  3.59e+25
      67.2  3.89e+25
      66.8   4.2e+25
      66.5  4.54e+25
      66.1   4.9e+25
      65.7   5.3e+25
      65.4  5.71e+25
        65  6.16e+25
      64.7  6.65e+25
      64.3  7.16e+25
        64  7.71e+25
      63.6  8.31e+25
      63.2  8.94e+25
      62.9  9.61e+25
      62.5  1.03e+26
      62.2  1.11e+26
      61.8  1.19e+26
      61.4  1.28e+26
      61.1  1.37e+26
      60.7  1.47e+26
      60.4  1.58e+26
        60  1.69e+26
      59.7  1.81e+26
      59.3  1.94e+26
      58.9  2.07e+26
      58.6  2.21e+26
      58.2  2.36e+26
      57.9  2.52e+26
      57.5  2.69e+26
      57.2  2.87e+26
      56.8  3.06e+26
      56.4  3.26e+26
      56.1  3.47e+26
      55.7  3.69e+26
      55.4  3.92e+26
        55  4.17e+26
      54.7  4.43e+26
      54.3   4.7e+26
      53.9  4.98e+26
      53.6  5.28e+26
      53.2  5.59e+26
      52.9  5.92e+26
      52.5  6.26e+26
      52.1  6.62e+26
      51.8  6.99e+26
      51.4  7.38e+26
      51.1  7.79e+26
      50.7  8.21e+26
      50.4  8.65e+26
        50  9.11e+26
      49.6  9.58e+26
      49.3  1.01e+27
      48.9  1.06e+27
      48.6  1.11e+27
      48.2  1.16e+27
      47.9  1.22e+27
      47.5  1.28e+27
      47.1  1.34e+27
      46.8   1.4e+27
      46.4  1.46e+27
      46.1  1.53e+27
      45.7  1.59e+27
      45.4  1.66e+27
        45  1.73e+27
      44.6   1.8e+27
      44.3  1.87e+27
      43.9  1.94e+27
      43.6  2.01e+27
      43.2  2.09e+27
      42.8  2.16e+27
      42.5  2.24e+27
      42.1  2.31e+27
      41.8  2.39e+27
      41.4  2.47e+27
      41.1  2.54e+27
      40.7  2.62e+27
      40.3   2.7e+27
        40  2.77e+27
      39.6  2.85e+27
      39.3  2.92e+27
      38.9  2.99e+27
      38.6  3.06e+27
      38.2  3.13e+27
      37.8   3.2e+27
      37.5  3.26e+27
      37.1  3.32e+27
      36.8  3.38e+27
      36.4  3.44e+27
      36.1  3.49e+27
      35.7  3.54e+27
      35.3  3.59e+27
        35  3.63e+27
      34.6  3.67e+27
      34.3   3.7e+27
      33.9  3.73e+27
      33.5  3.76e+27
      33.2  3.78e+27
      32.8  3.79e+27
      32.5   3.8e+27
      32.1   3.8e+27
      31.8   3.8e+27
      31.4  3.79e+27
        31  3.78e+27
      30.7  3.76e+27
      30.3  3.73e+27
        30   3.7e+27
      29.6  3.67e+27
      29.3  3.63e+27
      28.9  3.58e+27
      28.5  3.52e+27
      28.2  3.47e+27
      27.8   3.4e+27
      27.5  3.33e+27
      27.1  3.26e+27
      26.8  3.18e+27
      26.4   3.1e+27
        26  3.01e+27
      25.7  2.92e+27
      25.3  2.83e+27
        25  2.74e+27
      24.6  2.64e+27
      24.2  2.54e+27
      23.9  2.43e+27
      23.5  2.33e+27
      23.2  2.23e+27
      22.8  2.12e+27
      22.5  2.01e+27
      22.1  1.91e+27
      21.7   1.8e+27
      21.4   1.7e+27
        21   1.6e+27
      20.7   1.5e+27
      20.3   1.4e+27
        20   1.3e+27
      19.6  1.21e+27
      19.2  1.12e+27
      18.9  1.03e+27
      18.5   9.5e+26
      18.2   8.7e+26
      17.8  7.93e+26
      17.5  7.21e+26
      17.1  6.53e+26
      16.7  5.88e+26
      16.4  5.28e+26
        16  4.72e+26
      15.7   4.2e+26
      15.3  3.71e+26
      14.9  3.27e+26
      14.6  2.87e+26
      14.2   2.5e+26
      13.9  2.16e+26
      13.5  1.86e+26
      13.2  1.59e+26
      12.8  1.36e+26
      12.4  1.14e+26
      12.1   9.6e+25
      11.7  7.98e+25
      11.4  6.59e+25
        11  5.39e+25
      10.7  4.37e+25
      10.3  3.51e+25
      9.94  2.78e+25
      9.58  2.18e+25
      9.22  1.69e+25
      8.87  1.29e+25
      8.51  9.76e+24
      8.15  7.26e+24
      7.79  5.33e+24
      7.44  3.85e+24
      7.08  2.75e+24
      6.72  1.94e+24
      6.36  1.36e+24
         6  9.48e+23
      5.65  6.63e+23
      5.29  4.69e+23
      4.93  3.37e+23
      4.57  2.47e+23
      4.22  1.85e+23
      3.86  1.41e+23
       3.5   1.1e+23
      3.14  8.59e+22
      2.79  6.79e+22
      2.43  5.39e+22
      2.07  4.29e+22
      1.71  3.42e+22
      1.35  2.73e+22
     0.997  2.17e+22
     0.639  1.72e+22
     0.281  1.37e+22
   -0.0763  1.08e+22
    -0.434  8.55e+21
    -0.792  6.76e+21
     -1.15  5.31e+21
     -1.51  4.15e+21
     -1.86  3.23e+21
     -2.22  2.51e+21
     -2.58  1.95e+21
     -2.94  1.52e+21
      -3.3  1.16e+21
     -3.65     9e+20
     -4.01  6.63e+20
     -4.37  5.25e+20
     -4.73  3.92e+20
     -5.08  3.09e+20
     -5.44  2.12e+20
      -5.8  1.57e+20
     -6.16  1.18e+20
     -6.51  9.82e+19
     -6.87  5.67e+19
     -7.23   4.3e+19
     -7.59   2.9e+19
     -7.95  2.44e+19
      -8.3  2.15e+19
     -8.66  9.04e+18
     -9.02  8.79e+18
     -9.38  7.02e+18
     -9.73  1.61e+19
     -10.1 -8.31e+18
     -10.4  8.34e+17
     -10.8  8.02e+18
     -11.2  2.87e+18
     -11.5 -3.32e+18
     -11.9  6.55e+18
     -12.2 -5.19e+18
     -12.6  6.56e+17
       -13  3.82e+18
     -13.3 -3.96e+17
     -13.7 -2.43e+18
       -14  2.89e+18
     -14.4  1.22e+18
     -14.7  4.65e+18
     -15.1  2.05e+18
     -15.5 -2.99e+18
     -15.8  1.93e+18
     -16.2 -9.83e+17
     -16.5  6.03e+17
     -16.9  2.06e+17
     -17.2 -9.35e+17
     -17.6  1.19e+18
       -18  -1.1e+18
     -18.3 -1.37e+18
     -18.7  7.98e+16
       -19 -7.63e+16
     -19.4  7.28e+16
     -19.7     6e+16
     -20.1 -1.85e+16
     -20.5  1.06e+16
     -20.8  5.75e+15
     -21.2 -1.55e+15
     -21.5 -2.24e+15
     -21.9  1.45e+15
     -22.3  1.28e+16
     -22.6 -1.98e+15
       -23  1.13e+13
     -23.3  3.31e+14

pressure[atm]        = 100
temperature[K]           = 900
energy step[1/cm]        = 125
maximum energy[kcal/mol] = 79.3

bimolecular PEDs:
   E, kcal    P1->P2
      79.3  1.83e+24
        79  2.01e+24
      78.6  2.22e+24
      78.3  2.44e+24
      77.9  2.69e+24
      77.5  2.96e+24
      77.2  3.26e+24
      76.8  3.58e+24
      76.5  3.93e+24
      76.1  4.31e+24
      75.8  4.72e+24
      75.4  5.17e+24
        75  5.66e+24
      74.7  6.19e+24
      74.3  6.76e+24
        74  7.39e+24
      73.6  8.06e+24
      73.3   8.8e+24
      72.9  9.59e+24
      72.5  1.05e+25
      72.2  1.14e+25
      71.8  1.24e+25
      71.5  1.35e+25
      71.1  1.47e+25
      70.7  1.59e+25
      70.4  1.73e+25
        70  1.88e+25
      69.7  2.04e+25
      69.3  2.22e+25
        69   2.4e+25
      68.6  2.61e+25
      68.2  2.82e+25
      67.9  3.06e+25
      67.5  3.31e+25
      67.2  3.58e+25
      66.8  3.88e+25
      66.5  4.19e+25
      66.1  4.53e+25
      65.7  4.89e+25
      65.4  5.28e+25
        65   5.7e+25
      64.7  6.15e+25
      64.3  6.63e+25
        64  7.14e+25
      63.6  7.69e+25
      63.2  8.28e+25
      62.9  8.91e+25
      62.5  9.58e+25
      62.2  1.03e+26
      61.8  1.11e+26
      61.4  1.19e+26
      61.1  1.27e+26
      60.7  1.37e+26
      60.4  1.47e+26
        60  1.57e+26
      59.7  1.68e+26
      59.3   1.8e+26
      58.9  1.93e+26
      58.6  2.06e+26
      58.2   2.2e+26
      57.9  2.35e+26
      57.5  2.51e+26
      57.2  2.68e+26
      56.8  2.86e+26
      56.4  3.04e+26
      56.1  3.24e+26
      55.7  3.45e+26
      55.4  3.67e+26
        55   3.9e+26
      54.7  4.14e+26
      54.3   4.4e+26
      53.9  4.67e+26
      53.6  4.95e+26
      53.2  5.25e+26
      52.9  5.56e+26
      52.5  5.88e+26
      52.1  6.22e+26
      51.8  6.58e+26
      51.4  6.95e+26
      51.1  7.33e+26
      50.7  7.73e+26
      50.4  8.15e+26
        50  8.59e+26
      49.6  9.04e+26
      49.3  9.51e+26
      48.9  9.99e+26
      48.6  1.05e+27
      48.2   1.1e+27
      47.9  1.16e+27
      47.5  1.21e+27
      47.1  1.27e+27
      46.8  1.33e+27
      46.4  1.39e+27
      46.1  1.45e+27
      45.7  1.51e+27
      45.4  1.58e+27
        45  1.64e+27
      44.6  1.71e+27
      44.3  1.78e+27
      43.9  1.85e+27
      43.6  1.92e+27
      43.2     2e+27
      42.8  2.07e+27
      42.5  2.14e+27
      42.1  2.22e+27
      41.8  2.29e+27
      41.4  2.37e+27
      41.1  2.44e+27
      40.7  2.52e+27
      40.3  2.59e+27
        40  2.67e+27
      39.6  2.74e+27
      39.3  2.82e+27
      38.9  2.89e+27
      38.6  2.96e+27
      38.2  3.03e+27
      37.8   3.1e+27
      37.5  3.17e+27
      37.1  3.23e+27
      36.8  3.29e+27
      36.4  3.35e+27
      36.1  3.41e+27
      35.7  3.46e+27
      35.3  3.51e+27
        35  3.55e+27
      34.6   3.6e+27
      34.3  3.63e+27
      33.9  3.67e+27
      33.5   3.7e+27
      33.2  3.72e+27
      32.8  3.74e+27
      32.5  3.76e+27
      32.1  3.77e+27
      31.8  3.77e+27
      31.4  3.77e+27
        31  3.76e+27
      30.7  3.75e+27
      30.3  3.73e+27
        30  3.71e+27
      29.6  3.68e+27
      29.3  3.64e+27
      28.9   3.6e+27
      28.5  3.56e+27
      28.2  3.51e+27
      27.8  3.45e+27
      27.5  3.39e+27
      27.1  3.32e+27
      26.8  3.25e+27
      26.4  3.18e+27
        26   3.1e+27
      25.7  3.01e+27
      25.3  2.93e+27
        25  2.84e+27
      24.6  2.74e+27
      24.2  2.65e+27
      23.9  2.55e+27
      23.5  2.45e+27
      23.2  2.35e+27
      22.8  2.25e+27
      22.5  2.14e+27
      22.1  2.04e+27
      21.7  1.94e+27
      21.4  1.84e+27
        21  1.74e+27
      20.7  1.64e+27
      20.3  1.54e+27
        20  1.44e+27
      19.6  1.35e+27
      19.2  1.25e+27
      18.9  1.17e+27
      18.5  1.08e+27
      18.2  9.96e+26
      17.8  9.17e+26
      17.5  8.41e+26
      17.1  7.69e+26
      16.7  7.01e+26
      16.4  6.36e+26
        16  5.75e+26
      15.7  5.18e+26
      15.3  4.65e+26
      14.9  4.16e+26
      14.6  3.71e+26
      14.2  3.29e+26
      13.9   2.9e+26
      13.5  2.55e+26
      13.2  2.24e+26
      12.8  1.95e+26
      12.4  1.69e+26
      12.1  1.46e+26
      11.7  1.26e+26
      11.4  1.08e+26
        11  9.21e+25
      10.7  7.82e+25
      10.3  6.61e+25
      9.94  5.57e+25
      9.58  4.67e+25
      9.22   3.9e+25
      8.87  3.24e+25
      8.51  2.69e+25
      8.15  2.23e+25
      7.79  1.84e+25
      7.44  1.52e+25
      7.08  1.26e+25
      6.72  1.04e+25
      6.36  8.61e+24
         6  7.14e+24
      5.65  5.93e+24
      5.29  4.94e+24
      4.93  4.11e+24
      4.57  3.43e+24
      4.22  2.87e+24
      3.86   2.4e+24
       3.5     2e+24
      3.14  1.67e+24
      2.79   1.4e+24
      2.43  1.17e+24
      2.07  9.72e+23
      1.71   8.1e+23
      1.35  6.74e+23
     0.997   5.6e+23
     0.639  4.65e+23
     0.281  3.86e+23
   -0.0763  3.19e+23
    -0.434  2.64e+23
    -0.792  2.18e+23
     -1.15   1.8e+23
     -1.51  1.49e+23
     -1.86  1.22e+23
     -2.22  1.01e+23
     -2.58  8.27e+22
     -2.94  6.79e+22
      -3.3  5.56e+22
     -3.65  4.55e+22
     -4.01  3.72e+22
     -4.37  3.04e+22
     -4.73  2.47e+22
     -5.08  2.01e+22
     -5.44  1.64e+22
      -5.8  1.33e+22
     -6.16  1.08e+22
     -6.51  8.78e+21
     -6.87  7.13e+21
     -7.23  5.78e+21
     -7.59  4.67e+21
     -7.95  3.74e+21
      -8.3  2.98e+21
     -8.66  2.38e+21
     -9.02   1.9e+21
     -9.38  1.48e+21
     -9.73  1.14e+21
     -10.1  9.36e+20
     -10.4  7.29e+20
     -10.8   5.9e+20
     -11.2  4.58e+20
     -11.5  3.61e+20
     -11.9  2.63e+20
     -12.2  2.29e+20
     -12.6  1.75e+20
       -13  1.32e+20
     -13.3  9.28e+19
     -13.7  8.46e+19
       -14  5.77e+19
     -14.4  5.14e+19
     -14.7  4.02e+19
     -15.1   1.3e+19
     -15.5  3.42e+19
     -15.8   1.5e+19
     -16.2  7.82e+18
     -16.5  1.05e+19
     -16.9  1.05e+19
     -17.2  1.26e+18
     -17.6  6.22e+18
       -18  2.13e+18
     -18.3  2.82e+18
     -18.7 -1.72e+18
       -19  6.43e+17
     -19.4   9.3e+17
     -19.7  6.08e+17
     -20.1  2.77e+17
     -20.5  2.88e+17
     -20.8  2.36e+17
     -21.2  1.33e+17
     -21.5  7.28e+16
     -21.9  1.09e+16
     -22.3  6.38e+16
     -22.6  1.55e+16
       -23  5.94e+15
     -23.3  4.87e+14

pressure[atm]        = 0.01
temperature[K]           = 1000
energy step[1/cm]        = 139
maximum energy[kcal/mol] = 91.3

bimolecular PEDs:
   E, kcal    P1->P2
      91.3  6.86e+25
        91  7.52e+25
      90.6  8.23e+25
      90.2  9.01e+25
      89.8  9.86e+25
      89.4  1.08e+26
        89  1.18e+26
      88.6  1.29e+26
      88.2  1.41e+26
      87.8  1.54e+26
      87.4  1.68e+26
        87  1.83e+26
      86.6     2e+26
      86.2  2.18e+26
      85.8  2.38e+26
      85.4  2.59e+26
        85  2.82e+26
      84.6  3.07e+26
      84.2  3.35e+26
      83.8  3.64e+26
      83.4  3.96e+26
        83   4.3e+26
      82.6  4.68e+26
      82.2  5.08e+26
      81.8  5.52e+26
      81.4  5.99e+26
        81   6.5e+26
      80.6  7.05e+26
      80.2  7.64e+26
      79.8  8.28e+26
      79.4  8.97e+26
        79  9.72e+26
      78.6  1.05e+27
      78.2  1.14e+27
      77.8  1.23e+27
      77.4  1.33e+27
        77  1.44e+27
      76.6  1.55e+27
      76.2  1.67e+27
      75.8  1.81e+27
      75.5  1.95e+27
      75.1   2.1e+27
      74.7  2.26e+27
      74.3  2.44e+27
      73.9  2.62e+27
      73.5  2.82e+27
      73.1  3.03e+27
      72.7  3.26e+27
      72.3   3.5e+27
      71.9  3.76e+27
      71.5  4.04e+27
      71.1  4.33e+27
      70.7  4.65e+27
      70.3  4.98e+27
      69.9  5.33e+27
      69.5  5.71e+27
      69.1  6.11e+27
      68.7  6.53e+27
      68.3  6.98e+27
      67.9  7.46e+27
      67.5  7.96e+27
      67.1  8.49e+27
      66.7  9.06e+27
      66.3  9.65e+27
      65.9  1.03e+28
      65.5  1.09e+28
      65.1  1.17e+28
      64.7  1.24e+28
      64.3  1.32e+28
      63.9   1.4e+28
      63.5  1.48e+28
      63.1  1.57e+28
      62.7  1.67e+28
      62.3  1.77e+28
      61.9  1.87e+28
      61.5  1.98e+28
      61.1   2.1e+28
      60.7  2.22e+28
      60.3  2.34e+28
        60  2.47e+28
      59.6   2.6e+28
      59.2  2.75e+28
      58.8  2.89e+28
      58.4  3.04e+28
        58   3.2e+28
      57.6  3.37e+28
      57.2  3.54e+28
      56.8  3.71e+28
      56.4  3.89e+28
        56  4.08e+28
      55.6  4.27e+28
      55.2  4.47e+28
      54.8  4.68e+28
      54.4  4.89e+28
        54   5.1e+28
      53.6  5.32e+28
      53.2  5.55e+28
      52.8  5.78e+28
      52.4  6.01e+28
        52  6.25e+28
      51.6   6.5e+28
      51.2  6.75e+28
      50.8     7e+28
      50.4  7.25e+28
        50  7.51e+28
      49.6  7.77e+28
      49.2  8.03e+28
      48.8  8.29e+28
      48.4  8.56e+28
        48  8.82e+28
      47.6  9.08e+28
      47.2  9.35e+28
      46.8  9.61e+28
      46.4  9.86e+28
        46  1.01e+29
      45.6  1.04e+29
      45.2  1.06e+29
      44.8  1.09e+29
      44.5  1.11e+29
      44.1  1.13e+29
      43.7  1.15e+29
      43.3  1.17e+29
      42.9  1.19e+29
      42.5  1.21e+29
      42.1  1.23e+29
      41.7  1.25e+29
      41.3  1.26e+29
      40.9  1.28e+29
      40.5  1.29e+29
      40.1   1.3e+29
      39.7  1.31e+29
      39.3  1.32e+29
      38.9  1.33e+29
      38.5  1.33e+29
      38.1  1.33e+29
      37.7  1.33e+29
      37.3  1.33e+29
      36.9  1.33e+29
      36.5  1.33e+29
      36.1  1.32e+29
      35.7  1.31e+29
      35.3   1.3e+29
      34.9  1.29e+29
      34.5  1.27e+29
      34.1  1.26e+29
      33.7  1.24e+29
      33.3  1.22e+29
      32.9   1.2e+29
      32.5  1.17e+29
      32.1  1.15e+29
      31.7  1.12e+29
      31.3   1.1e+29
      30.9  1.07e+29
      30.5  1.04e+29
      30.1  1.01e+29
      29.7  9.73e+28
      29.3   9.4e+28
        29  9.06e+28
      28.6  8.71e+28
      28.2  8.36e+28
      27.8     8e+28
      27.4  7.65e+28
        27  7.29e+28
      26.6  6.93e+28
      26.2  6.57e+28
      25.8  6.22e+28
      25.4  5.87e+28
        25  5.52e+28
      24.6  5.18e+28
      24.2  4.85e+28
      23.8  4.53e+28
      23.4  4.21e+28
        23  3.91e+28
      22.6  3.61e+28
      22.2  3.33e+28
      21.8  3.06e+28
      21.4   2.8e+28
        21  2.55e+28
      20.6  2.32e+28
      20.2   2.1e+28
      19.8   1.9e+28
      19.4   1.7e+28
        19  1.52e+28
      18.6  1.36e+28
      18.2   1.2e+28
      17.8  1.06e+28
      17.4  9.33e+27
        17  8.15e+27
      16.6  7.08e+27
      16.2  6.12e+27
      15.8  5.26e+27
      15.4   4.5e+27
        15  3.82e+27
      14.6  3.22e+27
      14.2   2.7e+27
      13.8  2.24e+27
      13.5  1.85e+27
      13.1  1.51e+27
      12.7  1.23e+27
      12.3  9.88e+26
      11.9  7.86e+26
      11.5  6.19e+26
      11.1  4.82e+26
      10.7  3.71e+26
      10.3  2.81e+26
      9.87   2.1e+26
      9.48  1.54e+26
      9.08  1.11e+26
      8.68  7.83e+25
      8.28  5.39e+25
      7.89  3.62e+25
      7.49  2.37e+25
      7.09   1.5e+25
      6.69  9.12e+24
       6.3  5.35e+24
       5.9  3.01e+24
       5.5  1.62e+24
       5.1  8.37e+23
      4.71  4.13e+23
      4.31  1.95e+23
      3.91  8.84e+22
      3.51  3.81e+22
      3.12  1.56e+22
      2.72  6.02e+21
      2.32  2.55e+21
      1.93  9.86e+20
      1.53  4.77e+20
      1.13   1.3e+20
     0.733  3.82e+20
     0.335  1.26e+20
    -0.062  1.43e+20
    -0.459  4.83e+19
    -0.857  4.91e+18
     -1.25  1.39e+20
     -1.65   5.9e+19
     -2.05    -6e+19
     -2.45  9.24e+19
     -2.84  3.96e+19
     -3.24   6.9e+19
     -3.64 -9.21e+19
     -4.04  6.65e+19
     -4.43     1e+20
     -4.83 -1.62e+20
     -5.23   1.1e+20
     -5.63 -3.12e+18
     -6.02 -7.29e+19
     -6.42 -9.51e+19
     -6.82 -7.81e+17
     -7.22  1.13e+18
     -7.61 -9.36e+17
     -8.01 -5.14e+18
     -8.41  1.01e+17
     -8.81     7e+18
      -9.2  2.44e+18
      -9.6 -1.31e+19
       -10  9.91e+18
     -10.4  1.03e+19
     -10.8 -1.89e+19
     -11.2  1.08e+19
     -11.6  1.02e+19
       -12 -8.38e+18
     -12.4  1.49e+18
     -12.8  1.35e+19
     -13.2 -7.07e+18
     -13.6  2.33e+18
       -14  2.94e+18
     -14.4  2.21e+18
     -14.8 -5.94e+18
     -15.2  5.16e+18
     -15.6 -5.47e+18
       -16  3.06e+18
     -16.4 -9.76e+17
     -16.8  1.24e+18
     -17.2 -6.88e+17
     -17.5  2.22e+17
     -17.9    -4e+17
     -18.3  -3.1e+16
     -18.7 -4.17e+16
     -19.1  9.99e+16
     -19.5 -1.74e+16
     -19.9  -8.6e+16
     -20.3 -8.95e+16
     -20.7 -1.33e+17
     -21.1  4.43e+15
     -21.5  5.26e+16
     -21.9  6.24e+15
     -22.3  1.15e+14
     -22.7 -7.68e+14
     -23.1  1.06e+11
     -23.5  1.13e+10

pressure[atm]        = 0.1
temperature[K]           = 1000
energy step[1/cm]        = 139
maximum energy[kcal/mol] = 91.3

bimolecular PEDs:
   E, kcal    P1->P2
      91.3  6.86e+25
        91  7.52e+25
      90.6  8.23e+25
      90.2  9.01e+25
      89.8  9.86e+25
      89.4  1.08e+26
        89  1.18e+26
      88.6  1.29e+26
      88.2  1.41e+26
      87.8  1.54e+26
      87.4  1.68e+26
        87  1.83e+26
      86.6     2e+26
      86.2  2.18e+26
      85.8  2.38e+26
      85.4  2.59e+26
        85  2.82e+26
      84.6  3.07e+26
      84.2  3.34e+26
      83.8  3.64e+26
      83.4  3.96e+26
        83   4.3e+26
      82.6  4.68e+26
      82.2  5.08e+26
      81.8  5.52e+26
      81.4  5.99e+26
        81   6.5e+26
      80.6  7.05e+26
      80.2  7.64e+26
      79.8  8.28e+26
      79.4  8.97e+26
        79  9.71e+26
      78.6  1.05e+27
      78.2  1.14e+27
      77.8  1.23e+27
      77.4  1.33e+27
        77  1.44e+27
      76.6  1.55e+27
      76.2  1.67e+27
      75.8  1.81e+27
      75.5  1.95e+27
      75.1   2.1e+27
      74.7  2.26e+27
      74.3  2.44e+27
      73.9  2.62e+27
      73.5  2.82e+27
      73.1  3.03e+27
      72.7  3.26e+27
      72.3   3.5e+27
      71.9  3.76e+27
      71.5  4.04e+27
      71.1  4.33e+27
      70.7  4.64e+27
      70.3  4.98e+27
      69.9  5.33e+27
      69.5  5.71e+27
      69.1  6.11e+27
      68.7  6.53e+27
      68.3  6.98e+27
      67.9  7.46e+27
      67.5  7.96e+27
      67.1  8.49e+27
      66.7  9.06e+27
      66.3  9.65e+27
      65.9  1.03e+28
      65.5  1.09e+28
      65.1  1.16e+28
      64.7  1.24e+28
      64.3  1.32e+28
      63.9   1.4e+28
      63.5  1.48e+28
      63.1  1.57e+28
      62.7  1.67e+28
      62.3  1.77e+28
      61.9  1.87e+28
      61.5  1.98e+28
      61.1   2.1e+28
      60.7  2.22e+28
      60.3  2.34e+28
        60  2.47e+28
      59.6   2.6e+28
      59.2  2.75e+28
      58.8  2.89e+28
      58.4  3.04e+28
        58   3.2e+28
      57.6  3.37e+28
      57.2  3.53e+28
      56.8  3.71e+28
      56.4  3.89e+28
        56  4.08e+28
      55.6  4.27e+28
      55.2  4.47e+28
      54.8  4.68e+28
      54.4  4.89e+28
        54   5.1e+28
      53.6  5.32e+28
      53.2  5.55e+28
      52.8  5.78e+28
      52.4  6.01e+28
        52  6.25e+28
      51.6   6.5e+28
      51.2  6.75e+28
      50.8     7e+28
      50.4  7.25e+28
        50  7.51e+28
      49.6  7.77e+28
      49.2  8.03e+28
      48.8  8.29e+28
      48.4  8.56e+28
        48  8.82e+28
      47.6  9.08e+28
      47.2  9.35e+28
      46.8  9.61e+28
      46.4  9.86e+28
        46  1.01e+29
      45.6  1.04e+29
      45.2  1.06e+29
      44.8  1.09e+29
      44.5  1.11e+29
      44.1  1.13e+29
      43.7  1.15e+29
      43.3  1.17e+29
      42.9  1.19e+29
      42.5  1.21e+29
      42.1  1.23e+29
      41.7  1.25e+29
      41.3  1.26e+29
      40.9  1.28e+29
      40.5  1.29e+29
      40.1   1.3e+29
      39.7  1.31e+29
      39.3  1.32e+29
      38.9  1.33e+29
      38.5  1.33e+29
      38.1  1.33e+29
      37.7  1.33e+29
      37.3  1.33e+29
      36.9  1.33e+29
      36.5  1.33e+29
      36.1  1.32e+29
      35.7  1.31e+29
      35.3   1.3e+29
      34.9  1.29e+29
      34.5  1.27e+29
      34.1  1.26e+29
      33.7  1.24e+29
      33.3  1.22e+29
      32.9   1.2e+29
      32.5  1.17e+29
      32.1  1.15e+29
      31.7  1.12e+29
      31.3   1.1e+29
      30.9  1.07e+29
      30.5  1.04e+29
      30.1  1.01e+29
      29.7  9.73e+28
      29.3   9.4e+28
        29  9.06e+28
      28.6  8.71e+28
      28.2  8.36e+28
      27.8     8e+28
      27.4  7.65e+28
        27  7.29e+28
      26.6  6.93e+28
      26.2  6.57e+28
      25.8  6.22e+28
      25.4  5.87e+28
        25  5.52e+28
      24.6  5.18e+28
      24.2  4.85e+28
      23.8  4.53e+28
      23.4  4.21e+28
        23  3.91e+28
      22.6  3.61e+28
      22.2  3.33e+28
      21.8  3.06e+28
      21.4   2.8e+28
        21  2.55e+28
      20.6  2.32e+28
      20.2   2.1e+28
      19.8   1.9e+28
      19.4   1.7e+28
        19  1.52e+28
      18.6  1.36e+28
      18.2   1.2e+28
      17.8  1.06e+28
      17.4  9.33e+27
        17  8.15e+27
      16.6  7.09e+27
      16.2  6.13e+27
      15.8  5.27e+27
      15.4   4.5e+27
        15  3.82e+27
      14.6  3.22e+27
      14.2   2.7e+27
      13.8  2.24e+27
      13.5  1.85e+27
      13.1  1.51e+27
      12.7  1.23e+27
      12.3  9.88e+26
      11.9  7.87e+26
      11.5   6.2e+26
      11.1  4.83e+26
      10.7  3.71e+26
      10.3  2.82e+26
      9.87   2.1e+26
      9.48  1.54e+26
      9.08  1.11e+26
      8.68  7.84e+25
      8.28  5.41e+25
      7.89  3.64e+25
      7.49  2.38e+25
      7.09   1.5e+25
      6.69  9.19e+24
       6.3   5.4e+24
       5.9  3.05e+24
       5.5  1.66e+24
       5.1  8.63e+23
      4.71  4.34e+23
      4.31  2.12e+23
      3.91  1.01e+23
      3.51  4.85e+22
      3.12  2.38e+22
      2.72  1.26e+22
      2.32  7.26e+21
      1.93  4.82e+21
      1.53  3.59e+21
      1.13  2.64e+21
     0.733  1.99e+21
     0.335  1.56e+21
    -0.062  1.23e+21
    -0.459  9.73e+20
    -0.857   6.9e+20
     -1.25  5.19e+20
     -1.65  4.79e+20
     -2.05  3.09e+20
     -2.45  2.31e+20
     -2.84  1.08e+20
     -3.24  1.75e+20
     -3.64  9.92e+19
     -4.04  1.81e+19
     -4.43  4.62e+19
     -4.83  1.58e+19
     -5.23  1.15e+20
     -5.63  4.82e+19
     -6.02 -1.97e+19
     -6.42  1.53e+19
     -6.82  2.64e+18
     -7.22  9.55e+18
     -7.61 -1.38e+19
     -8.01  2.38e+19
     -8.41 -2.34e+19
     -8.81  1.95e+19
      -9.2 -1.02e+19
      -9.6  9.68e+18
       -10  1.14e+18
     -10.4 -3.59e+18
     -10.8 -1.13e+18
     -11.2  3.65e+18
     -11.6 -9.96e+17
       -12 -1.14e+19
     -12.4  3.84e+18
     -12.8 -1.47e+19
     -13.2  6.05e+18
     -13.6 -1.49e+18
       -14  2.95e+18
     -14.4 -8.38e+18
     -14.8  1.02e+19
     -15.2 -8.29e+18
     -15.6  6.44e+18
       -16 -6.12e+18
     -16.4  2.54e+18
     -16.8 -1.69e+18
     -17.2  7.81e+17
     -17.5 -5.43e+17
     -17.9 -2.08e+17
     -18.3 -2.82e+17
     -18.7 -1.49e+16
     -19.1   1.3e+16
     -19.5 -1.42e+16
     -19.9  1.78e+17
     -20.3 -4.58e+16
     -20.7 -1.74e+17
     -21.1 -1.05e+16
     -21.5  6.93e+16
     -21.9 -1.19e+16
     -22.3  1.36e+15
     -22.7  9.18e+14
     -23.1  4.01e+11
     -23.5  2.76e+10

pressure[atm]        = 1
temperature[K]           = 1000
energy step[1/cm]        = 139
maximum energy[kcal/mol] = 91.3

bimolecular PEDs:
   E, kcal    P1->P2
      91.3  6.85e+25
        91   7.5e+25
      90.6  8.22e+25
      90.2  8.99e+25
      89.8  9.84e+25
      89.4  1.08e+26
        89  1.18e+26
      88.6  1.29e+26
      88.2  1.41e+26
      87.8  1.54e+26
      87.4  1.68e+26
        87  1.83e+26
      86.6     2e+26
      86.2  2.18e+26
      85.8  2.37e+26
      85.4  2.59e+26
        85  2.82e+26
      84.6  3.07e+26
      84.2  3.34e+26
      83.8  3.64e+26
      83.4  3.96e+26
        83   4.3e+26
      82.6  4.67e+26
      82.2  5.08e+26
      81.8  5.51e+26
      81.4  5.99e+26
        81  6.49e+26
      80.6  7.04e+26
      80.2  7.64e+26
      79.8  8.28e+26
      79.4  8.96e+26
        79  9.71e+26
      78.6  1.05e+27
      78.2  1.14e+27
      77.8  1.23e+27
      77.4  1.33e+27
        77  1.44e+27
      76.6  1.55e+27
      76.2  1.67e+27
      75.8  1.81e+27
      75.5  1.95e+27
      75.1   2.1e+27
      74.7  2.26e+27
      74.3  2.43e+27
      73.9  2.62e+27
      73.5  2.82e+27
      73.1  3.03e+27
      72.7  3.26e+27
      72.3   3.5e+27
      71.9  3.76e+27
      71.5  4.04e+27
      71.1  4.33e+27
      70.7  4.64e+27
      70.3  4.97e+27
      69.9  5.33e+27
      69.5   5.7e+27
      69.1   6.1e+27
      68.7  6.53e+27
      68.3  6.97e+27
      67.9  7.45e+27
      67.5  7.95e+27
      67.1  8.49e+27
      66.7  9.05e+27
      66.3  9.65e+27
      65.9  1.03e+28
      65.5  1.09e+28
      65.1  1.16e+28
      64.7  1.24e+28
      64.3  1.32e+28
      63.9   1.4e+28
      63.5  1.48e+28
      63.1  1.57e+28
      62.7  1.67e+28
      62.3  1.77e+28
      61.9  1.87e+28
      61.5  1.98e+28
      61.1  2.09e+28
      60.7  2.21e+28
      60.3  2.34e+28
        60  2.47e+28
      59.6   2.6e+28
      59.2  2.74e+28
      58.8  2.89e+28
      58.4  3.04e+28
        58   3.2e+28
      57.6  3.36e+28
      57.2  3.53e+28
      56.8  3.71e+28
      56.4  3.89e+28
        56  4.08e+28
      55.6  4.27e+28
      55.2  4.47e+28
      54.8  4.67e+28
      54.4  4.88e+28
        54   5.1e+28
      53.6  5.32e+28
      53.2  5.55e+28
      52.8  5.78e+28
      52.4  6.01e+28
        52  6.25e+28
      51.6   6.5e+28
      51.2  6.74e+28
      50.8     7e+28
      50.4  7.25e+28
        50  7.51e+28
      49.6  7.77e+28
      49.2  8.03e+28
      48.8  8.29e+28
      48.4  8.55e+28
        48  8.82e+28
      47.6  9.08e+28
      47.2  9.34e+28
      46.8   9.6e+28
      46.4  9.86e+28
        46  1.01e+29
      45.6  1.04e+29
      45.2  1.06e+29
      44.8  1.09e+29
      44.5  1.11e+29
      44.1  1.13e+29
      43.7  1.15e+29
      43.3  1.17e+29
      42.9  1.19e+29
      42.5  1.21e+29
      42.1  1.23e+29
      41.7  1.25e+29
      41.3  1.26e+29
      40.9  1.28e+29
      40.5  1.29e+29
      40.1   1.3e+29
      39.7  1.31e+29
      39.3  1.32e+29
      38.9  1.33e+29
      38.5  1.33e+29
      38.1  1.33e+29
      37.7  1.33e+29
      37.3  1.33e+29
      36.9  1.33e+29
      36.5  1.33e+29
      36.1  1.32e+29
      35.7  1.31e+29
      35.3   1.3e+29
      34.9  1.29e+29
      34.5  1.27e+29
      34.1  1.26e+29
      33.7  1.24e+29
      33.3  1.22e+29
      32.9   1.2e+29
      32.5  1.17e+29
      32.1  1.15e+29
      31.7  1.12e+29
      31.3   1.1e+29
      30.9  1.07e+29
      30.5  1.04e+29
      30.1  1.01e+29
      29.7  9.73e+28
      29.3   9.4e+28
        29  9.06e+28
      28.6  8.71e+28
      28.2  8.36e+28
      27.8  8.01e+28
      27.4  7.65e+28
        27  7.29e+28
      26.6  6.93e+28
      26.2  6.58e+28
      25.8  6.22e+28
      25.4  5.87e+28
        25  5.53e+28
      24.6  5.19e+28
      24.2  4.85e+28
      23.8  4.53e+28
      23.4  4.22e+28
        23  3.91e+28
      22.6  3.62e+28
      22.2  3.33e+28
      21.8  3.06e+28
      21.4   2.8e+28
        21  2.56e+28
      20.6  2.33e+28
      20.2  2.11e+28
      19.8   1.9e+28
      19.4  1.71e+28
        19  1.53e+28
      18.6  1.36e+28
      18.2  1.21e+28
      17.8  1.06e+28
      17.4  9.35e+27
        17  8.17e+27
      16.6  7.11e+27
      16.2  6.14e+27
      15.8  5.28e+27
      15.4  4.51e+27
        15  3.83e+27
      14.6  3.23e+27
      14.2  2.71e+27
      13.8  2.25e+27
      13.5  1.86e+27
      13.1  1.52e+27
      12.7  1.24e+27
      12.3  9.95e+26
      11.9  7.93e+26
      11.5  6.25e+26
      11.1  4.87e+26
      10.7  3.75e+26
      10.3  2.85e+26
      9.87  2.13e+26
      9.48  1.57e+26
      9.08  1.13e+26
      8.68  8.01e+25
      8.28  5.55e+25
      7.89  3.75e+25
      7.49  2.47e+25
      7.09  1.58e+25
      6.69  9.83e+24
       6.3  5.92e+24
       5.9  3.47e+24
       5.5  1.99e+24
       5.1  1.13e+24
      4.71  6.45e+23
      4.31  3.79e+23
      3.91  2.33e+23
      3.51  1.52e+23
      3.12  1.06e+23
      2.72  7.67e+22
      2.32  5.77e+22
      1.93  4.43e+22
      1.53  3.42e+22
      1.13  2.63e+22
     0.733  2.09e+22
     0.335  1.63e+22
    -0.062  1.21e+22
    -0.459  9.43e+21
    -0.857  7.17e+21
     -1.25  5.85e+21
     -1.65  4.21e+21
     -2.05  3.13e+21
     -2.45  2.48e+21
     -2.84  1.82e+21
     -3.24  1.27e+21
     -3.64  1.09e+21
     -4.04  6.89e+20
     -4.43  6.49e+20
     -4.83  3.43e+20
     -5.23  2.17e+20
     -5.63  2.42e+20
     -6.02  8.57e+19
     -6.42  7.24e+19
     -6.82  6.74e+19
     -7.22  4.87e+19
     -7.61  2.88e+19
     -8.01  2.15e+19
     -8.41 -1.34e+19
     -8.81  6.79e+19
      -9.2 -5.65e+19
      -9.6  2.99e+19
       -10   4.2e+18
     -10.4  2.08e+18
     -10.8 -1.33e+19
     -11.2  9.45e+18
     -11.6 -4.18e+18
       -12  5.21e+17
     -12.4   1.3e+18
     -12.8  7.58e+18
     -13.2  1.96e+18
     -13.6 -8.21e+18
       -14  1.24e+19
     -14.4 -9.09e+18
     -14.8  1.74e+18
     -15.2  1.37e+18
     -15.6 -1.07e+18
       -16  1.57e+18
     -16.4 -2.72e+18
     -16.8  6.62e+17
     -17.2 -9.89e+17
     -17.5  6.08e+17
     -17.9  1.26e+18
     -18.3 -1.37e+17
     -18.7 -7.37e+15
     -19.1 -3.77e+16
     -19.5  6.18e+16
     -19.9 -4.72e+16
     -20.3  5.24e+16
     -20.7  3.81e+16
     -21.1 -3.93e+16
     -21.5   1.3e+16
     -21.9 -7.13e+15
     -22.3 -2.02e+16
     -22.7 -1.62e+14
     -23.1  1.14e+12
     -23.5  4.13e+10

pressure[atm]        = 10
temperature[K]           = 1000
energy step[1/cm]        = 139
maximum energy[kcal/mol] = 91.3

bimolecular PEDs:
   E, kcal    P1->P2
      91.3  6.72e+25
        91  7.37e+25
      90.6  8.08e+25
      90.2  8.85e+25
      89.8   9.7e+25
      89.4  1.06e+26
        89  1.16e+26
      88.6  1.27e+26
      88.2  1.39e+26
      87.8  1.52e+26
      87.4  1.66e+26
        87  1.81e+26
      86.6  1.98e+26
      86.2  2.16e+26
      85.8  2.35e+26
      85.4  2.56e+26
        85  2.79e+26
      84.6  3.04e+26
      84.2  3.31e+26
      83.8   3.6e+26
      83.4  3.92e+26
        83  4.26e+26
      82.6  4.63e+26
      82.2  5.03e+26
      81.8  5.47e+26
      81.4  5.93e+26
        81  6.44e+26
      80.6  6.98e+26
      80.2  7.57e+26
      79.8  8.21e+26
      79.4  8.89e+26
        79  9.63e+26
      78.6  1.04e+27
      78.2  1.13e+27
      77.8  1.22e+27
      77.4  1.32e+27
        77  1.42e+27
      76.6  1.54e+27
      76.2  1.66e+27
      75.8  1.79e+27
      75.5  1.93e+27
      75.1  2.08e+27
      74.7  2.24e+27
      74.3  2.42e+27
      73.9   2.6e+27
      73.5   2.8e+27
      73.1  3.01e+27
      72.7  3.23e+27
      72.3  3.48e+27
      71.9  3.73e+27
      71.5  4.01e+27
      71.1   4.3e+27
      70.7  4.61e+27
      70.3  4.94e+27
      69.9  5.29e+27
      69.5  5.66e+27
      69.1  6.06e+27
      68.7  6.48e+27
      68.3  6.93e+27
      67.9   7.4e+27
      67.5   7.9e+27
      67.1  8.43e+27
      66.7  8.99e+27
      66.3  9.58e+27
      65.9  1.02e+28
      65.5  1.09e+28
      65.1  1.16e+28
      64.7  1.23e+28
      64.3  1.31e+28
      63.9  1.39e+28
      63.5  1.47e+28
      63.1  1.56e+28
      62.7  1.66e+28
      62.3  1.76e+28
      61.9  1.86e+28
      61.5  1.97e+28
      61.1  2.08e+28
      60.7   2.2e+28
      60.3  2.32e+28
        60  2.45e+28
      59.6  2.59e+28
      59.2  2.73e+28
      58.8  2.87e+28
      58.4  3.02e+28
        58  3.18e+28
      57.6  3.34e+28
      57.2  3.51e+28
      56.8  3.69e+28
      56.4  3.87e+28
        56  4.06e+28
      55.6  4.25e+28
      55.2  4.45e+28
      54.8  4.65e+28
      54.4  4.86e+28
        54  5.07e+28
      53.6  5.29e+28
      53.2  5.52e+28
      52.8  5.75e+28
      52.4  5.98e+28
        52  6.22e+28
      51.6  6.47e+28
      51.2  6.71e+28
      50.8  6.97e+28
      50.4  7.22e+28
        50  7.48e+28
      49.6  7.74e+28
      49.2     8e+28
      48.8  8.26e+28
      48.4  8.52e+28
        48  8.78e+28
      47.6  9.05e+28
      47.2  9.31e+28
      46.8  9.57e+28
      46.4  9.83e+28
        46  1.01e+29
      45.6  1.03e+29
      45.2  1.06e+29
      44.8  1.08e+29
      44.5  1.11e+29
      44.1  1.13e+29
      43.7  1.15e+29
      43.3  1.17e+29
      42.9  1.19e+29
      42.5  1.21e+29
      42.1  1.23e+29
      41.7  1.25e+29
      41.3  1.26e+29
      40.9  1.27e+29
      40.5  1.29e+29
      40.1   1.3e+29
      39.7  1.31e+29
      39.3  1.32e+29
      38.9  1.32e+29
      38.5  1.33e+29
      38.1  1.33e+29
      37.7  1.33e+29
      37.3  1.33e+29
      36.9  1.33e+29
      36.5  1.32e+29
      36.1  1.32e+29
      35.7  1.31e+29
      35.3   1.3e+29
      34.9  1.29e+29
      34.5  1.27e+29
      34.1  1.26e+29
      33.7  1.24e+29
      33.3  1.22e+29
      32.9   1.2e+29
      32.5  1.18e+29
      32.1  1.15e+29
      31.7  1.13e+29
      31.3   1.1e+29
      30.9  1.07e+29
      30.5  1.04e+29
      30.1  1.01e+29
      29.7  9.77e+28
      29.3  9.44e+28
        29   9.1e+28
      28.6  8.75e+28
      28.2   8.4e+28
      27.8  8.05e+28
      27.4  7.69e+28
        27  7.34e+28
      26.6  6.98e+28
      26.2  6.62e+28
      25.8  6.27e+28
      25.4  5.92e+28
        25  5.57e+28
      24.6  5.23e+28
      24.2   4.9e+28
      23.8  4.57e+28
      23.4  4.26e+28
        23  3.95e+28
      22.6  3.66e+28
      22.2  3.37e+28
      21.8   3.1e+28
      21.4  2.84e+28
        21   2.6e+28
      20.6  2.36e+28
      20.2  2.14e+28
      19.8  1.93e+28
      19.4  1.74e+28
        19  1.56e+28
      18.6  1.39e+28
      18.2  1.23e+28
      17.8  1.09e+28
      17.4  9.59e+27
        17  8.39e+27
      16.6  7.31e+27
      16.2  6.33e+27
      15.8  5.45e+27
      15.4  4.67e+27
        15  3.98e+27
      14.6  3.37e+27
      14.2  2.83e+27
      13.8  2.36e+27
      13.5  1.96e+27
      13.1  1.61e+27
      12.7  1.31e+27
      12.3  1.06e+27
      11.9  8.52e+26
      11.5  6.77e+26
      11.1  5.32e+26
      10.7  4.14e+26
      10.3  3.19e+26
      9.87  2.42e+26
      9.48  1.81e+26
      9.08  1.34e+26
      8.68  9.76e+25
      8.28  7.01e+25
      7.89  4.97e+25
      7.49  3.48e+25
      7.09  2.41e+25
      6.69  1.66e+25
       6.3  1.14e+25
       5.9  7.91e+24
       5.5  5.56e+24
       5.1  3.99e+24
      4.71  2.93e+24
      4.31   2.2e+24
      3.91  1.68e+24
      3.51   1.3e+24
      3.12  1.01e+24
      2.72  7.94e+23
      2.32  6.23e+23
      1.93  4.89e+23
      1.53  3.84e+23
      1.13  3.01e+23
     0.733  2.35e+23
     0.335  1.84e+23
    -0.062  1.43e+23
    -0.459  1.11e+23
    -0.857  8.59e+22
     -1.25  6.63e+22
     -1.65  5.09e+22
     -2.05   3.9e+22
     -2.45  3.02e+22
     -2.84  2.27e+22
     -3.24  1.71e+22
     -3.64   1.3e+22
     -4.04  9.52e+21
     -4.43  7.22e+21
     -4.83  5.36e+21
     -5.23  4.21e+21
     -5.63  2.89e+21
     -6.02   2.2e+21
     -6.42  1.44e+21
     -6.82  1.07e+21
     -7.22  7.97e+20
     -7.61  7.03e+20
     -8.01  2.65e+20
     -8.41  2.28e+20
     -8.81  3.76e+20
      -9.2  9.08e+19
      -9.6 -1.28e+18
       -10  1.55e+20
     -10.4  8.13e+19
     -10.8  1.98e+19
     -11.2 -4.98e+19
     -11.6  9.35e+19
       -12  3.41e+19
     -12.4 -5.55e+19
     -12.8 -8.59e+19
     -13.2  1.05e+19
     -13.6  1.03e+19
       -14 -2.04e+19
     -14.4  1.85e+19
     -14.8  5.28e+18
     -15.2  7.27e+16
     -15.6 -5.03e+17
       -16  4.64e+18
     -16.4 -4.84e+18
     -16.8  5.36e+18
     -17.2 -4.04e+18
     -17.5  2.98e+18
     -17.9  2.44e+18
     -18.3  8.68e+17
     -18.7 -3.46e+17
     -19.1  7.56e+17
     -19.5  8.06e+17
     -19.9  1.54e+17
     -20.3  1.05e+17
     -20.7 -2.23e+17
     -21.1 -3.64e+16
     -21.5  1.08e+17
     -21.9 -6.04e+16
     -22.3 -1.52e+16
     -22.7  6.61e+15
     -23.1  7.33e+13
     -23.5  7.31e+11

pressure[atm]        = 100
temperature[K]           = 1000
energy step[1/cm]        = 139
maximum energy[kcal/mol] = 91.3

bimolecular PEDs:
   E, kcal    P1->P2
      91.3  5.82e+25
        91  6.41e+25
      90.6  7.06e+25
      90.2  7.78e+25
      89.8  8.56e+25
      89.4  9.42e+25
        89  1.04e+26
      88.6  1.14e+26
      88.2  1.25e+26
      87.8  1.37e+26
      87.4   1.5e+26
        87  1.64e+26
      86.6  1.79e+26
      86.2  1.96e+26
      85.8  2.14e+26
      85.4  2.34e+26
        85  2.55e+26
      84.6  2.78e+26
      84.2  3.03e+26
      83.8   3.3e+26
      83.4   3.6e+26
        83  3.91e+26
      82.6  4.26e+26
      82.2  4.63e+26
      81.8  5.03e+26
      81.4  5.46e+26
        81  5.93e+26
      80.6  6.44e+26
      80.2  6.98e+26
      79.8  7.57e+26
      79.4  8.21e+26
        79  8.89e+26
      78.6  9.63e+26
      78.2  1.04e+27
      77.8  1.13e+27
      77.4  1.22e+27
        77  1.32e+27
      76.6  1.42e+27
      76.2  1.54e+27
      75.8  1.66e+27
      75.5  1.79e+27
      75.1  1.93e+27
      74.7  2.08e+27
      74.3  2.24e+27
      73.9  2.42e+27
      73.5   2.6e+27
      73.1   2.8e+27
      72.7  3.01e+27
      72.3  3.23e+27
      71.9  3.47e+27
      71.5  3.73e+27
      71.1     4e+27
      70.7  4.29e+27
      70.3   4.6e+27
      69.9  4.93e+27
      69.5  5.28e+27
      69.1  5.65e+27
      68.7  6.05e+27
      68.3  6.47e+27
      67.9  6.91e+27
      67.5  7.39e+27
      67.1  7.88e+27
      66.7  8.41e+27
      66.3  8.97e+27
      65.9  9.56e+27
      65.5  1.02e+28
      65.1  1.08e+28
      64.7  1.15e+28
      64.3  1.23e+28
      63.9   1.3e+28
      63.5  1.38e+28
      63.1  1.47e+28
      62.7  1.56e+28
      62.3  1.65e+28
      61.9  1.75e+28
      61.5  1.85e+28
      61.1  1.96e+28
      60.7  2.07e+28
      60.3  2.19e+28
        60  2.32e+28
      59.6  2.44e+28
      59.2  2.58e+28
      58.8  2.72e+28
      58.4  2.86e+28
        58  3.01e+28
      57.6  3.17e+28
      57.2  3.33e+28
      56.8   3.5e+28
      56.4  3.67e+28
        56  3.85e+28
      55.6  4.04e+28
      55.2  4.23e+28
      54.8  4.42e+28
      54.4  4.63e+28
        54  4.83e+28
      53.6  5.05e+28
      53.2  5.26e+28
      52.8  5.49e+28
      52.4  5.72e+28
        52  5.95e+28
      51.6  6.19e+28
      51.2  6.43e+28
      50.8  6.67e+28
      50.4  6.92e+28
        50  7.17e+28
      49.6  7.43e+28
      49.2  7.69e+28
      48.8  7.94e+28
      48.4   8.2e+28
        48  8.47e+28
      47.6  8.73e+28
      47.2  8.99e+28
      46.8  9.25e+28
      46.4   9.5e+28
        46  9.76e+28
      45.6     1e+29
      45.2  1.03e+29
      44.8  1.05e+29
      44.5  1.07e+29
      44.1   1.1e+29
      43.7  1.12e+29
      43.3  1.14e+29
      42.9  1.16e+29
      42.5  1.18e+29
      42.1   1.2e+29
      41.7  1.22e+29
      41.3  1.24e+29
      40.9  1.25e+29
      40.5  1.27e+29
      40.1  1.28e+29
      39.7  1.29e+29
      39.3   1.3e+29
      38.9  1.31e+29
      38.5  1.31e+29
      38.1  1.32e+29
      37.7  1.32e+29
      37.3  1.32e+29
      36.9  1.32e+29
      36.5  1.32e+29
      36.1  1.32e+29
      35.7  1.31e+29
      35.3   1.3e+29
      34.9  1.29e+29
      34.5  1.28e+29
      34.1  1.27e+29
      33.7  1.25e+29
      33.3  1.23e+29
      32.9  1.22e+29
      32.5   1.2e+29
      32.1  1.17e+29
      31.7  1.15e+29
      31.3  1.12e+29
      30.9   1.1e+29
      30.5  1.07e+29
      30.1  1.04e+29
      29.7  1.01e+29
      29.3  9.78e+28
        29  9.45e+28
      28.6  9.12e+28
      28.2  8.79e+28
      27.8  8.44e+28
      27.4   8.1e+28
        27  7.75e+28
      26.6   7.4e+28
      26.2  7.05e+28
      25.8   6.7e+28
      25.4  6.35e+28
        25  6.01e+28
      24.6  5.67e+28
      24.2  5.33e+28
      23.8     5e+28
      23.4  4.68e+28
        23  4.37e+28
      22.6  4.07e+28
      22.2  3.78e+28
      21.8   3.5e+28
      21.4  3.23e+28
        21  2.97e+28
      20.6  2.72e+28
      20.2  2.49e+28
      19.8  2.27e+28
      19.4  2.06e+28
        19  1.86e+28
      18.6  1.68e+28
      18.2  1.51e+28
      17.8  1.35e+28
      17.4   1.2e+28
        17  1.07e+28
      16.6  9.46e+27
      16.2  8.34e+27
      15.8  7.31e+27
      15.4  6.39e+27
        15  5.56e+27
      14.6  4.82e+27
      14.2  4.15e+27
      13.8  3.57e+27
      13.5  3.05e+27
      13.1  2.59e+27
      12.7   2.2e+27
      12.3  1.85e+27
      11.9  1.56e+27
      11.5   1.3e+27
      11.1  1.09e+27
      10.7  9.01e+26
      10.3  7.44e+26
      9.87  6.13e+26
      9.48  5.04e+26
      9.08  4.13e+26
      8.68  3.37e+26
      8.28  2.76e+26
      7.89  2.25e+26
      7.49  1.84e+26
      7.09   1.5e+26
      6.69  1.23e+26
       6.3  1.01e+26
       5.9  8.27e+25
       5.5   6.8e+25
       5.1   5.6e+25
      4.71  4.61e+25
      4.31   3.8e+25
      3.91  3.14e+25
      3.51  2.58e+25
      3.12  2.13e+25
      2.72  1.75e+25
      2.32  1.44e+25
      1.93  1.18e+25
      1.53  9.68e+24
      1.13  7.92e+24
     0.733  6.48e+24
     0.335  5.29e+24
    -0.062  4.32e+24
    -0.459  3.51e+24
    -0.857  2.86e+24
     -1.25  2.32e+24
     -1.65  1.88e+24
     -2.05  1.52e+24
     -2.45  1.23e+24
     -2.84  9.95e+23
     -3.24  8.02e+23
     -3.64  6.46e+23
     -4.04  5.19e+23
     -4.43  4.17e+23
     -4.83  3.34e+23
     -5.23  2.67e+23
     -5.63  2.14e+23
     -6.02   1.7e+23
     -6.42  1.35e+23
     -6.82  1.06e+23
     -7.22  8.36e+22
     -7.61  6.56e+22
     -8.01  5.11e+22
     -8.41  3.97e+22
     -8.81   3.1e+22
      -9.2  2.39e+22
      -9.6  1.88e+22
       -10  1.45e+22
     -10.4  1.12e+22
     -10.8   8.5e+21
     -11.2  6.66e+21
     -11.6  5.04e+21
       -12  3.91e+21
     -12.4   3.1e+21
     -12.8  2.24e+21
     -13.2  1.71e+21
     -13.6   1.3e+21
       -14  1.06e+21
     -14.4   7.8e+20
     -14.8  4.62e+20
     -15.2  4.01e+20
     -15.6  4.02e+20
       -16  2.09e+20
     -16.4  1.97e+20
     -16.8  1.15e+20
     -17.2  1.01e+20
     -17.5  6.47e+19
     -17.9  5.64e+19
     -18.3  3.67e+19
     -18.7  3.15e+19
     -19.1  1.99e+19
     -19.5  1.21e+19
     -19.9  9.33e+18
     -20.3  2.81e+18
     -20.7  2.92e+18
     -21.1  9.56e+17
     -21.5  2.11e+18
     -21.9  8.56e+17
     -22.3  2.52e+17
     -22.7 -1.31e+17
     -23.1  3.11e+16
     -23.5  1.04e+13

pressure[atm]        = 0.01
temperature[K]           = 1100
energy step[1/cm]        = 153
maximum energy[kcal/mol] = 104

bimolecular PEDs:
   E, kcal    P1->P2
       104   1.7e+27
       103  1.87e+27
       103  2.04e+27
       102  2.23e+27
       102  2.44e+27
       101  2.67e+27
       101  2.92e+27
       101  3.19e+27
       100  3.49e+27
      99.7  3.81e+27
      99.3  4.15e+27
      98.8  4.53e+27
      98.4  4.94e+27
        98  5.39e+27
      97.5  5.87e+27
      97.1   6.4e+27
      96.6  6.97e+27
      96.2  7.59e+27
      95.8  8.26e+27
      95.3  8.98e+27
      94.9  9.77e+27
      94.5  1.06e+28
        94  1.15e+28
      93.6  1.25e+28
      93.1  1.36e+28
      92.7  1.48e+28
      92.3   1.6e+28
      91.8  1.74e+28
      91.4  1.88e+28
        91  2.04e+28
      90.5  2.21e+28
      90.1  2.39e+28
      89.6  2.59e+28
      89.2   2.8e+28
      88.8  3.02e+28
      88.3  3.27e+28
      87.9  3.53e+28
      87.5  3.81e+28
        87  4.11e+28
      86.6  4.44e+28
      86.2  4.79e+28
      85.7  5.16e+28
      85.3  5.56e+28
      84.8  5.98e+28
      84.4  6.44e+28
        84  6.93e+28
      83.5  7.45e+28
      83.1  8.01e+28
      82.7   8.6e+28
      82.2  9.24e+28
      81.8  9.92e+28
      81.3  1.06e+29
      80.9  1.14e+29
      80.5  1.22e+29
        80  1.31e+29
      79.6   1.4e+29
      79.2   1.5e+29
      78.7   1.6e+29
      78.3  1.71e+29
      77.8  1.83e+29
      77.4  1.95e+29
        77  2.09e+29
      76.5  2.23e+29
      76.1  2.37e+29
      75.7  2.53e+29
      75.2  2.69e+29
      74.8  2.86e+29
      74.3  3.05e+29
      73.9  3.24e+29
      73.5  3.44e+29
        73  3.65e+29
      72.6  3.88e+29
      72.2  4.11e+29
      71.7  4.36e+29
      71.3  4.61e+29
      70.9  4.88e+29
      70.4  5.17e+29
        70  5.46e+29
      69.5  5.77e+29
      69.1  6.09e+29
      68.7  6.43e+29
      68.2  6.78e+29
      67.8  7.15e+29
      67.4  7.53e+29
      66.9  7.92e+29
      66.5  8.33e+29
        66  8.76e+29
      65.6   9.2e+29
      65.2  9.65e+29
      64.7  1.01e+30
      64.3  1.06e+30
      63.9  1.11e+30
      63.4  1.16e+30
        63  1.22e+30
      62.5  1.27e+30
      62.1  1.33e+30
      61.7  1.38e+30
      61.2  1.44e+30
      60.8   1.5e+30
      60.4  1.57e+30
      59.9  1.63e+30
      59.5  1.69e+30
        59  1.76e+30
      58.6  1.82e+30
      58.2  1.89e+30
      57.7  1.96e+30
      57.3  2.03e+30
      56.9   2.1e+30
      56.4  2.17e+30
        56  2.24e+30
      55.5  2.31e+30
      55.1  2.38e+30
      54.7  2.45e+30
      54.2  2.51e+30
      53.8  2.58e+30
      53.4  2.65e+30
      52.9  2.72e+30
      52.5  2.79e+30
      52.1  2.85e+30
      51.6  2.92e+30
      51.2  2.98e+30
      50.7  3.04e+30
      50.3   3.1e+30
      49.9  3.15e+30
      49.4  3.21e+30
        49  3.26e+30
      48.6  3.31e+30
      48.1  3.35e+30
      47.7   3.4e+30
      47.2  3.43e+30
      46.8  3.47e+30
      46.4   3.5e+30
      45.9  3.53e+30
      45.5  3.55e+30
      45.1  3.57e+30
      44.6  3.58e+30
      44.2  3.59e+30
      43.7   3.6e+30
      43.3   3.6e+30
      42.9  3.59e+30
      42.4  3.59e+30
        42  3.57e+30
      41.6  3.55e+30
      41.1  3.53e+30
      40.7   3.5e+30
      40.2  3.46e+30
      39.8  3.42e+30
      39.4  3.38e+30
      38.9  3.33e+30
      38.5  3.28e+30
      38.1  3.22e+30
      37.6  3.16e+30
      37.2  3.09e+30
      36.8  3.02e+30
      36.3  2.95e+30
      35.9  2.87e+30
      35.4  2.79e+30
        35  2.71e+30
      34.6  2.62e+30
      34.1  2.54e+30
      33.7  2.45e+30
      33.3  2.36e+30
      32.8  2.26e+30
      32.4  2.17e+30
      31.9  2.08e+30
      31.5  1.98e+30
      31.1  1.89e+30
      30.6  1.79e+30
      30.2   1.7e+30
      29.8  1.61e+30
      29.3  1.52e+30
      28.9  1.43e+30
      28.4  1.34e+30
        28  1.25e+30
      27.6  1.17e+30
      27.1  1.09e+30
      26.7  1.01e+30
      26.3  9.37e+29
      25.8  8.64e+29
      25.4  7.95e+29
      24.9  7.29e+29
      24.5  6.66e+29
      24.1  6.06e+29
      23.6   5.5e+29
      23.2  4.98e+29
      22.8  4.48e+29
      22.3  4.02e+29
      21.9  3.59e+29
      21.4   3.2e+29
        21  2.84e+29
      20.6   2.5e+29
      20.1   2.2e+29
      19.7  1.92e+29
      19.3  1.67e+29
      18.8  1.45e+29
      18.4  1.24e+29
        18  1.07e+29
      17.5  9.07e+28
      17.1  7.67e+28
      16.6  6.45e+28
      16.2  5.38e+28
      15.8  4.46e+28
      15.3  3.67e+28
      14.9     3e+28
      14.5  2.43e+28
        14  1.95e+28
      13.6  1.55e+28
      13.1  1.22e+28
      12.7  9.55e+27
      12.3  7.37e+27
      11.8  5.62e+27
      11.4  4.23e+27
        11  3.14e+27
      10.5   2.3e+27
      10.1  1.65e+27
      9.65  1.16e+27
      9.21  7.99e+26
      8.77  5.37e+26
      8.33  3.51e+26
       7.9  2.23e+26
      7.46  1.36e+26
      7.02  8.03e+25
      6.58  4.53e+25
      6.15  2.43e+25
      5.71  1.24e+25
      5.27  6.02e+24
      4.84  2.77e+24
       4.4  1.21e+24
      3.96  5.02e+23
      3.52  1.98e+23
      3.09  7.62e+22
      2.65  2.78e+22
      2.21  1.06e+22
      1.78  5.55e+21
      1.34  3.64e+21
     0.901  2.39e+21
     0.464  9.62e+20
    0.0271  1.26e+21
     -0.41  1.47e+21
    -0.847   5.7e+20
     -1.28  3.26e+20
     -1.72  7.58e+20
     -2.16  4.15e+20
      -2.6  2.63e+20
     -3.03 -3.17e+20
     -3.47  3.64e+20
     -3.91  8.22e+19
     -4.34  1.62e+19
     -4.78  1.63e+20
     -5.22 -2.95e+20
     -5.66  2.98e+20
     -6.09  2.17e+19
     -6.53  2.02e+18
     -6.97  1.07e+19
     -7.41 -4.71e+19
     -7.84   9.5e+19
     -8.28 -7.92e+19
     -8.72  9.92e+19
     -9.15 -1.06e+20
     -9.59  9.47e+19
       -10 -1.15e+20
     -10.5  1.04e+20
     -10.9 -6.16e+19
     -11.3  4.15e+19
     -11.8 -1.39e+19
     -12.2  1.18e+18
     -12.7  7.24e+19
     -13.1 -1.67e+18
     -13.5  5.69e+17
       -14  1.25e+19
     -14.4 -8.73e+18
     -14.8  5.43e+18
     -15.3 -7.03e+18
     -15.7  3.83e+18
     -16.1 -2.82e+18
     -16.6  1.77e+18
       -17  9.17e+17
     -17.5 -1.25e+18
     -17.9 -4.17e+17
     -18.3  2.15e+18
     -18.8 -1.22e+18
     -19.2   3.2e+17
     -19.6  8.35e+16
     -20.1  1.37e+17
     -20.5  3.58e+16
       -21  2.66e+16
     -21.4 -2.07e+16
     -21.8 -1.57e+16
     -22.3 -2.54e+15
     -22.7 -2.78e+15
     -23.1   3.4e+15

pressure[atm]        = 0.1
temperature[K]           = 1100
energy step[1/cm]        = 153
maximum energy[kcal/mol] = 104

bimolecular PEDs:
   E, kcal    P1->P2
       104   1.7e+27
       103  1.87e+27
       103  2.04e+27
       102  2.23e+27
       102  2.44e+27
       101  2.67e+27
       101  2.92e+27
       101  3.19e+27
       100  3.49e+27
      99.7  3.81e+27
      99.3  4.15e+27
      98.8  4.53e+27
      98.4  4.94e+27
        98  5.39e+27
      97.5  5.87e+27
      97.1   6.4e+27
      96.6  6.97e+27
      96.2  7.59e+27
      95.8  8.25e+27
      95.3  8.98e+27
      94.9  9.76e+27
      94.5  1.06e+28
        94  1.15e+28
      93.6  1.25e+28
      93.1  1.36e+28
      92.7  1.48e+28
      92.3   1.6e+28
      91.8  1.74e+28
      91.4  1.88e+28
        91  2.04e+28
      90.5  2.21e+28
      90.1  2.39e+28
      89.6  2.59e+28
      89.2   2.8e+28
      88.8  3.02e+28
      88.3  3.27e+28
      87.9  3.53e+28
      87.5  3.81e+28
        87  4.11e+28
      86.6  4.44e+28
      86.2  4.79e+28
      85.7  5.16e+28
      85.3  5.56e+28
      84.8  5.98e+28
      84.4  6.44e+28
        84  6.93e+28
      83.5  7.45e+28
      83.1  8.01e+28
      82.7   8.6e+28
      82.2  9.24e+28
      81.8  9.91e+28
      81.3  1.06e+29
      80.9  1.14e+29
      80.5  1.22e+29
        80  1.31e+29
      79.6   1.4e+29
      79.2   1.5e+29
      78.7   1.6e+29
      78.3  1.71e+29
      77.8  1.83e+29
      77.4  1.95e+29
        77  2.09e+29
      76.5  2.23e+29
      76.1  2.37e+29
      75.7  2.53e+29
      75.2  2.69e+29
      74.8  2.86e+29
      74.3  3.05e+29
      73.9  3.24e+29
      73.5  3.44e+29
        73  3.65e+29
      72.6  3.88e+29
      72.2  4.11e+29
      71.7  4.36e+29
      71.3  4.61e+29
      70.9  4.88e+29
      70.4  5.17e+29
        70  5.46e+29
      69.5  5.77e+29
      69.1  6.09e+29
      68.7  6.43e+29
      68.2  6.78e+29
      67.8  7.15e+29
      67.4  7.53e+29
      66.9  7.92e+29
      66.5  8.33e+29
        66  8.76e+29
      65.6   9.2e+29
      65.2  9.65e+29
      64.7  1.01e+30
      64.3  1.06e+30
      63.9  1.11e+30
      63.4  1.16e+30
        63  1.22e+30
      62.5  1.27e+30
      62.1  1.33e+30
      61.7  1.38e+30
      61.2  1.44e+30
      60.8   1.5e+30
      60.4  1.57e+30
      59.9  1.63e+30
      59.5  1.69e+30
        59  1.76e+30
      58.6  1.82e+30
      58.2  1.89e+30
      57.7  1.96e+30
      57.3  2.03e+30
      56.9   2.1e+30
      56.4  2.17e+30
        56  2.24e+30
      55.5  2.31e+30
      55.1  2.38e+30
      54.7  2.45e+30
      54.2  2.51e+30
      53.8  2.58e+30
      53.4  2.65e+30
      52.9  2.72e+30
      52.5  2.79e+30
      52.1  2.85e+30
      51.6  2.92e+30
      51.2  2.98e+30
      50.7  3.04e+30
      50.3   3.1e+30
      49.9  3.15e+30
      49.4  3.21e+30
        49  3.26e+30
      48.6  3.31e+30
      48.1  3.35e+30
      47.7   3.4e+30
      47.2  3.43e+30
      46.8  3.47e+30
      46.4   3.5e+30
      45.9  3.53e+30
      45.5  3.55e+30
      45.1  3.57e+30
      44.6  3.58e+30
      44.2  3.59e+30
      43.7   3.6e+30
      43.3   3.6e+30
      42.9  3.59e+30
      42.4  3.59e+30
        42  3.57e+30
      41.6  3.55e+30
      41.1  3.53e+30
      40.7   3.5e+30
      40.2  3.46e+30
      39.8  3.42e+30
      39.4  3.38e+30
      38.9  3.33e+30
      38.5  3.28e+30
      38.1  3.22e+30
      37.6  3.16e+30
      37.2  3.09e+30
      36.8  3.02e+30
      36.3  2.95e+30
      35.9  2.87e+30
      35.4  2.79e+30
        35  2.71e+30
      34.6  2.62e+30
      34.1  2.54e+30
      33.7  2.45e+30
      33.3  2.36e+30
      32.8  2.26e+30
      32.4  2.17e+30
      31.9  2.08e+30
      31.5  1.98e+30
      31.1  1.89e+30
      30.6  1.79e+30
      30.2   1.7e+30
      29.8  1.61e+30
      29.3  1.52e+30
      28.9  1.43e+30
      28.4  1.34e+30
        28  1.25e+30
      27.6  1.17e+30
      27.1  1.09e+30
      26.7  1.01e+30
      26.3  9.37e+29
      25.8  8.64e+29
      25.4  7.95e+29
      24.9  7.29e+29
      24.5  6.66e+29
      24.1  6.06e+29
      23.6   5.5e+29
      23.2  4.98e+29
      22.8  4.48e+29
      22.3  4.02e+29
      21.9  3.59e+29
      21.4   3.2e+29
        21  2.84e+29
      20.6   2.5e+29
      20.1   2.2e+29
      19.7  1.92e+29
      19.3  1.67e+29
      18.8  1.45e+29
      18.4  1.25e+29
        18  1.07e+29
      17.5  9.07e+28
      17.1  7.67e+28
      16.6  6.45e+28
      16.2  5.39e+28
      15.8  4.47e+28
      15.3  3.68e+28
      14.9     3e+28
      14.5  2.43e+28
        14  1.95e+28
      13.6  1.55e+28
      13.1  1.23e+28
      12.7  9.56e+27
      12.3  7.38e+27
      11.8  5.63e+27
      11.4  4.24e+27
        11  3.15e+27
      10.5   2.3e+27
      10.1  1.65e+27
      9.65  1.16e+27
      9.21  8.01e+26
      8.77  5.38e+26
      8.33  3.52e+26
       7.9  2.24e+26
      7.46  1.37e+26
      7.02   8.1e+25
      6.58  4.58e+25
      6.15  2.48e+25
      5.71  1.28e+25
      5.27  6.28e+24
      4.84  2.97e+24
       4.4  1.37e+24
      3.96  6.29e+23
      3.52  2.93e+23
      3.09  1.53e+23
      2.65  8.69e+22
      2.21  5.66e+22
      1.78  3.92e+22
      1.34  2.86e+22
     0.901  2.26e+22
     0.464  1.64e+22
    0.0271  1.33e+22
     -0.41  1.08e+22
    -0.847  6.82e+21
     -1.28  5.28e+21
     -1.72  4.55e+21
     -2.16  2.97e+21
      -2.6  1.89e+21
     -3.03  1.52e+21
     -3.47   1.2e+21
     -3.91  1.46e+21
     -4.34  7.11e+20
     -4.78  5.99e+20
     -5.22   9.9e+19
     -5.66  5.95e+20
     -6.09  1.13e+20
     -6.53  1.85e+20
     -6.97 -4.98e+19
     -7.41  2.24e+20
     -7.84 -1.62e+20
     -8.28  1.13e+20
     -8.72 -5.52e+19
     -9.15  7.27e+19
     -9.59 -1.73e+19
       -10  2.67e+19
     -10.5  -2.7e+19
     -10.9  1.52e+19
     -11.3 -1.26e+19
     -11.8 -1.88e+19
     -12.2  4.52e+19
     -12.7 -1.05e+20
     -13.1  2.79e+19
     -13.5 -1.56e+19
       -14  7.14e+18
     -14.4 -9.88e+18
     -14.8  1.18e+18
     -15.3  1.02e+19
     -15.7  5.64e+19
     -16.1 -2.67e+18
     -16.6 -2.24e+18
       -17  4.17e+18
     -17.5 -1.39e+18
     -17.9 -7.82e+17
     -18.3  1.66e+18
     -18.8     7e+17
     -19.2 -1.61e+18
     -19.6  1.53e+18
     -20.1  6.43e+17
     -20.5  2.24e+17
       -21  1.41e+17
     -21.4 -1.13e+17
     -21.8 -9.54e+16
     -22.3 -4.66e+15
     -22.7   2.4e+15
     -23.1  4.06e+17

pressure[atm]        = 1
temperature[K]           = 1100
energy step[1/cm]        = 153
maximum energy[kcal/mol] = 104

bimolecular PEDs:
   E, kcal    P1->P2
       104   1.7e+27
       103  1.86e+27
       103  2.04e+27
       102  2.23e+27
       102  2.44e+27
       101  2.67e+27
       101  2.92e+27
       101  3.19e+27
       100  3.48e+27
      99.7   3.8e+27
      99.3  4.15e+27
      98.8  4.53e+27
      98.4  4.94e+27
        98  5.38e+27
      97.5  5.87e+27
      97.1  6.39e+27
      96.6  6.96e+27
      96.2  7.58e+27
      95.8  8.25e+27
      95.3  8.97e+27
      94.9  9.76e+27
      94.5  1.06e+28
        94  1.15e+28
      93.6  1.25e+28
      93.1  1.36e+28
      92.7  1.47e+28
      92.3   1.6e+28
      91.8  1.73e+28
      91.4  1.88e+28
        91  2.04e+28
      90.5  2.21e+28
      90.1  2.39e+28
      89.6  2.58e+28
      89.2   2.8e+28
      88.8  3.02e+28
      88.3  3.27e+28
      87.9  3.53e+28
      87.5  3.81e+28
        87  4.11e+28
      86.6  4.44e+28
      86.2  4.78e+28
      85.7  5.15e+28
      85.3  5.55e+28
      84.8  5.98e+28
      84.4  6.44e+28
        84  6.92e+28
      83.5  7.45e+28
      83.1     8e+28
      82.7   8.6e+28
      82.2  9.23e+28
      81.8  9.91e+28
      81.3  1.06e+29
      80.9  1.14e+29
      80.5  1.22e+29
        80  1.31e+29
      79.6   1.4e+29
      79.2   1.5e+29
      78.7   1.6e+29
      78.3  1.71e+29
      77.8  1.83e+29
      77.4  1.95e+29
        77  2.08e+29
      76.5  2.22e+29
      76.1  2.37e+29
      75.7  2.53e+29
      75.2  2.69e+29
      74.8  2.86e+29
      74.3  3.04e+29
      73.9  3.24e+29
      73.5  3.44e+29
        73  3.65e+29
      72.6  3.87e+29
      72.2  4.11e+29
      71.7  4.35e+29
      71.3  4.61e+29
      70.9  4.88e+29
      70.4  5.16e+29
        70  5.46e+29
      69.5  5.77e+29
      69.1  6.09e+29
      68.7  6.43e+29
      68.2  6.78e+29
      67.8  7.14e+29
      67.4  7.52e+29
      66.9  7.92e+29
      66.5  8.33e+29
        66  8.75e+29
      65.6  9.19e+29
      65.2  9.65e+29
      64.7  1.01e+30
      64.3  1.06e+30
      63.9  1.11e+30
      63.4  1.16e+30
        63  1.22e+30
      62.5  1.27e+30
      62.1  1.33e+30
      61.7  1.38e+30
      61.2  1.44e+30
      60.8   1.5e+30
      60.4  1.56e+30
      59.9  1.63e+30
      59.5  1.69e+30
        59  1.76e+30
      58.6  1.82e+30
      58.2  1.89e+30
      57.7  1.96e+30
      57.3  2.03e+30
      56.9   2.1e+30
      56.4  2.16e+30
        56  2.23e+30
      55.5   2.3e+30
      55.1  2.37e+30
      54.7  2.44e+30
      54.2  2.51e+30
      53.8  2.58e+30
      53.4  2.65e+30
      52.9  2.72e+30
      52.5  2.79e+30
      52.1  2.85e+30
      51.6  2.92e+30
      51.2  2.98e+30
      50.7  3.04e+30
      50.3   3.1e+30
      49.9  3.15e+30
      49.4  3.21e+30
        49  3.26e+30
      48.6  3.31e+30
      48.1  3.35e+30
      47.7   3.4e+30
      47.2  3.43e+30
      46.8  3.47e+30
      46.4   3.5e+30
      45.9  3.53e+30
      45.5  3.55e+30
      45.1  3.57e+30
      44.6  3.58e+30
      44.2  3.59e+30
      43.7   3.6e+30
      43.3   3.6e+30
      42.9  3.59e+30
      42.4  3.59e+30
        42  3.57e+30
      41.6  3.55e+30
      41.1  3.53e+30
      40.7   3.5e+30
      40.2  3.46e+30
      39.8  3.42e+30
      39.4  3.38e+30
      38.9  3.33e+30
      38.5  3.28e+30
      38.1  3.22e+30
      37.6  3.16e+30
      37.2  3.09e+30
      36.8  3.02e+30
      36.3  2.95e+30
      35.9  2.87e+30
      35.4  2.79e+30
        35  2.71e+30
      34.6  2.63e+30
      34.1  2.54e+30
      33.7  2.45e+30
      33.3  2.36e+30
      32.8  2.27e+30
      32.4  2.17e+30
      31.9  2.08e+30
      31.5  1.98e+30
      31.1  1.89e+30
      30.6   1.8e+30
      30.2   1.7e+30
      29.8  1.61e+30
      29.3  1.52e+30
      28.9  1.43e+30
      28.4  1.34e+30
        28  1.26e+30
      27.6  1.17e+30
      27.1  1.09e+30
      26.7  1.01e+30
      26.3  9.38e+29
      25.8  8.65e+29
      25.4  7.96e+29
      24.9   7.3e+29
      24.5  6.67e+29
      24.1  6.07e+29
      23.6  5.51e+29
      23.2  4.98e+29
      22.8  4.49e+29
      22.3  4.03e+29
      21.9   3.6e+29
      21.4  3.21e+29
        21  2.84e+29
      20.6  2.51e+29
      20.1   2.2e+29
      19.7  1.93e+29
      19.3  1.68e+29
      18.8  1.45e+29
      18.4  1.25e+29
        18  1.07e+29
      17.5   9.1e+28
      17.1   7.7e+28
      16.6  6.47e+28
      16.2  5.41e+28
      15.8  4.49e+28
      15.3  3.69e+28
      14.9  3.02e+28
      14.5  2.45e+28
        14  1.97e+28
      13.6  1.57e+28
      13.1  1.23e+28
      12.7  9.64e+27
      12.3  7.45e+27
      11.8  5.69e+27
      11.4  4.29e+27
        11  3.19e+27
      10.5  2.33e+27
      10.1  1.68e+27
      9.65  1.19e+27
      9.21   8.2e+26
      8.77  5.54e+26
      8.33  3.65e+26
       7.9  2.34e+26
      7.46  1.46e+26
      7.02  8.79e+25
      6.58  5.13e+25
      6.15  2.91e+25
      5.71  1.62e+25
      5.27  8.97e+24
      4.84  5.07e+24
       4.4     3e+24
      3.96   1.9e+24
      3.52  1.28e+24
      3.09  9.12e+23
      2.65  6.77e+23
      2.21  5.11e+23
      1.78  3.89e+23
      1.34  2.99e+23
     0.901  2.27e+23
     0.464  1.73e+23
    0.0271  1.32e+23
     -0.41  9.78e+22
    -0.847  7.59e+22
     -1.28  5.57e+22
     -1.72  4.17e+22
     -2.16  3.11e+22
      -2.6  2.34e+22
     -3.03  1.68e+22
     -3.47  1.23e+22
     -3.91  8.24e+21
     -4.34  6.76e+21
     -4.78  4.33e+21
     -5.22  2.45e+21
     -5.66  2.07e+21
     -6.09  1.52e+21
     -6.53  1.01e+21
     -6.97  8.02e+20
     -7.41   4.9e+20
     -7.84  -6.1e+18
     -8.28   5.4e+20
     -8.72   1.2e+19
     -9.15  -3.6e+19
     -9.59  2.29e+20
       -10 -1.07e+20
     -10.5  6.04e+19
     -10.9  7.13e+19
     -11.3 -1.02e+20
     -11.8  7.08e+19
     -12.2 -1.72e+19
     -12.7 -1.18e+20
     -13.1  7.34e+18
     -13.5  6.62e+18
       -14 -2.65e+19
     -14.4  3.11e+19
     -14.8 -1.68e+19
     -15.3 -7.84e+17
     -15.7  3.42e+18
     -16.1  2.49e+19
     -16.6 -5.04e+17
       -17 -1.11e+18
     -17.5 -2.45e+18
     -17.9  3.25e+18
     -18.3 -2.95e+18
     -18.8   4.6e+17
     -19.2  2.16e+17
     -19.6 -1.72e+17
     -20.1 -6.97e+16
     -20.5  1.76e+16
       -21  1.43e+16
     -21.4 -1.03e+16
     -21.8  8.14e+15
     -22.3  5.36e+15
     -22.7  4.16e+15
     -23.1  4.76e+12

pressure[atm]        = 10
temperature[K]           = 1100
energy step[1/cm]        = 153
maximum energy[kcal/mol] = 104

bimolecular PEDs:
   E, kcal    P1->P2
       104  1.67e+27
       103  1.83e+27
       103     2e+27
       102   2.2e+27
       102   2.4e+27
       101  2.63e+27
       101  2.88e+27
       101  3.15e+27
       100  3.44e+27
      99.7  3.76e+27
      99.3  4.11e+27
      98.8  4.48e+27
      98.4  4.89e+27
        98  5.33e+27
      97.5  5.81e+27
      97.1  6.33e+27
      96.6   6.9e+27
      96.2  7.51e+27
      95.8  8.18e+27
      95.3  8.89e+27
      94.9  9.67e+27
      94.5  1.05e+28
        94  1.14e+28
      93.6  1.24e+28
      93.1  1.35e+28
      92.7  1.46e+28
      92.3  1.59e+28
      91.8  1.72e+28
      91.4  1.86e+28
        91  2.02e+28
      90.5  2.19e+28
      90.1  2.37e+28
      89.6  2.56e+28
      89.2  2.77e+28
      88.8     3e+28
      88.3  3.24e+28
      87.9   3.5e+28
      87.5  3.78e+28
        87  4.08e+28
      86.6   4.4e+28
      86.2  4.75e+28
      85.7  5.12e+28
      85.3  5.51e+28
      84.8  5.94e+28
      84.4  6.39e+28
        84  6.87e+28
      83.5  7.39e+28
      83.1  7.94e+28
      82.7  8.53e+28
      82.2  9.16e+28
      81.8  9.84e+28
      81.3  1.06e+29
      80.9  1.13e+29
      80.5  1.21e+29
        80   1.3e+29
      79.6  1.39e+29
      79.2  1.49e+29
      78.7  1.59e+29
      78.3   1.7e+29
      77.8  1.82e+29
      77.4  1.94e+29
        77  2.07e+29
      76.5  2.21e+29
      76.1  2.35e+29
      75.7  2.51e+29
      75.2  2.67e+29
      74.8  2.84e+29
      74.3  3.02e+29
      73.9  3.22e+29
      73.5  3.42e+29
        73  3.63e+29
      72.6  3.85e+29
      72.2  4.08e+29
      71.7  4.33e+29
      71.3  4.58e+29
      70.9  4.85e+29
      70.4  5.13e+29
        70  5.43e+29
      69.5  5.74e+29
      69.1  6.06e+29
      68.7  6.39e+29
      68.2  6.74e+29
      67.8   7.1e+29
      67.4  7.48e+29
      66.9  7.87e+29
      66.5  8.28e+29
        66  8.71e+29
      65.6  9.14e+29
      65.2   9.6e+29
      64.7  1.01e+30
      64.3  1.06e+30
      63.9  1.11e+30
      63.4  1.16e+30
        63  1.21e+30
      62.5  1.26e+30
      62.1  1.32e+30
      61.7  1.38e+30
      61.2  1.44e+30
      60.8   1.5e+30
      60.4  1.56e+30
      59.9  1.62e+30
      59.5  1.68e+30
        59  1.75e+30
      58.6  1.82e+30
      58.2  1.88e+30
      57.7  1.95e+30
      57.3  2.02e+30
      56.9  2.09e+30
      56.4  2.16e+30
        56  2.23e+30
      55.5   2.3e+30
      55.1  2.37e+30
      54.7  2.44e+30
      54.2  2.51e+30
      53.8  2.57e+30
      53.4  2.64e+30
      52.9  2.71e+30
      52.5  2.78e+30
      52.1  2.84e+30
      51.6  2.91e+30
      51.2  2.97e+30
      50.7  3.03e+30
      50.3  3.09e+30
      49.9  3.15e+30
      49.4   3.2e+30
        49  3.25e+30
      48.6   3.3e+30
      48.1  3.35e+30
      47.7  3.39e+30
      47.2  3.43e+30
      46.8  3.46e+30
      46.4   3.5e+30
      45.9  3.52e+30
      45.5  3.55e+30
      45.1  3.57e+30
      44.6  3.58e+30
      44.2  3.59e+30
      43.7   3.6e+30
      43.3   3.6e+30
      42.9  3.59e+30
      42.4  3.58e+30
        42  3.57e+30
      41.6  3.55e+30
      41.1  3.53e+30
      40.7   3.5e+30
      40.2  3.47e+30
      39.8  3.43e+30
      39.4  3.38e+30
      38.9  3.34e+30
      38.5  3.28e+30
      38.1  3.23e+30
      37.6  3.16e+30
      37.2   3.1e+30
      36.8  3.03e+30
      36.3  2.96e+30
      35.9  2.88e+30
      35.4   2.8e+30
        35  2.72e+30
      34.6  2.63e+30
      34.1  2.55e+30
      33.7  2.46e+30
      33.3  2.37e+30
      32.8  2.28e+30
      32.4  2.18e+30
      31.9  2.09e+30
      31.5  1.99e+30
      31.1   1.9e+30
      30.6  1.81e+30
      30.2  1.71e+30
      29.8  1.62e+30
      29.3  1.53e+30
      28.9  1.44e+30
      28.4  1.35e+30
        28  1.27e+30
      27.6  1.18e+30
      27.1   1.1e+30
      26.7  1.02e+30
      26.3  9.48e+29
      25.8  8.75e+29
      25.4  8.05e+29
      24.9  7.39e+29
      24.5  6.76e+29
      24.1  6.16e+29
      23.6  5.59e+29
      23.2  5.06e+29
      22.8  4.56e+29
      22.3   4.1e+29
      21.9  3.67e+29
      21.4  3.27e+29
        21   2.9e+29
      20.6  2.56e+29
      20.1  2.25e+29
      19.7  1.97e+29
      19.3  1.72e+29
      18.8  1.49e+29
      18.4  1.29e+29
        18   1.1e+29
      17.5  9.41e+28
      17.1  7.98e+28
      16.6  6.73e+28
      16.2  5.63e+28
      15.8  4.69e+28
      15.3  3.87e+28
      14.9  3.18e+28
      14.5  2.59e+28
        14  2.09e+28
      13.6  1.67e+28
      13.1  1.33e+28
      12.7  1.04e+28
      12.3  8.14e+27
      11.8  6.28e+27
      11.4  4.79e+27
        11  3.61e+27
      10.5  2.69e+27
      10.1  1.98e+27
      9.65  1.44e+27
      9.21  1.03e+27
      8.77  7.24e+26
      8.33  5.04e+26
       7.9  3.47e+26
      7.46  2.37e+26
      7.02  1.61e+26
      6.58   1.1e+26
      6.15  7.56e+25
      5.71   5.3e+25
      5.27   3.8e+25
      4.84  2.79e+25
       4.4  2.09e+25
      3.96  1.59e+25
      3.52  1.22e+25
      3.09  9.44e+24
      2.65  7.31e+24
      2.21  5.66e+24
      1.78  4.37e+24
      1.34  3.37e+24
     0.901  2.59e+24
     0.464  1.99e+24
    0.0271  1.53e+24
     -0.41  1.17e+24
    -0.847  8.84e+23
     -1.28   6.7e+23
     -1.72  5.06e+23
     -2.16  3.78e+23
      -2.6  2.85e+23
     -3.03  2.12e+23
     -3.47  1.56e+23
     -3.91  1.16e+23
     -4.34   8.3e+22
     -4.78  6.25e+22
     -5.22  4.15e+22
     -5.66  3.08e+22
     -6.09   2.3e+22
     -6.53  1.56e+22
     -6.97  1.18e+22
     -7.41  8.14e+21
     -7.84  4.98e+21
     -8.28  5.11e+21
     -8.72   1.3e+21
     -9.15  2.87e+21
     -9.59  8.22e+20
       -10  9.07e+20
     -10.5  7.94e+20
     -10.9  3.27e+20
     -11.3  2.33e+20
     -11.8  4.88e+20
     -12.2 -9.16e+19
     -12.7  1.54e+20
     -13.1  2.43e+19
     -13.5  6.61e+19
       -14  6.97e+18
     -14.4  9.02e+19
     -14.8 -3.02e+19
     -15.3  3.25e+19
     -15.7  2.36e+19
     -16.1 -2.37e+19
     -16.6  4.03e+19
       -17 -1.95e+19
     -17.5   1.4e+19
     -17.9 -2.89e+18
     -18.3 -1.55e+19
     -18.8   4.2e+18
     -19.2  7.39e+17
     -19.6  -7.4e+17
     -20.1  2.01e+18
     -20.5 -4.92e+17
       -21 -3.99e+17
     -21.4  3.48e+17
     -21.8 -6.14e+16
     -22.3  7.01e+16
     -22.7   5.3e+15
     -23.1  5.28e+14

pressure[atm]        = 100
temperature[K]           = 1100
energy step[1/cm]        = 153
maximum energy[kcal/mol] = 104

bimolecular PEDs:
   E, kcal    P1->P2
       104  1.45e+27
       103  1.59e+27
       103  1.76e+27
       102  1.93e+27
       102  2.13e+27
       101  2.34e+27
       101  2.57e+27
       101  2.82e+27
       100   3.1e+27
      99.7  3.39e+27
      99.3  3.72e+27
      98.8  4.07e+27
      98.4  4.45e+27
        98  4.86e+27
      97.5  5.31e+27
      97.1  5.79e+27
      96.6  6.32e+27
      96.2  6.89e+27
      95.8   7.5e+27
      95.3  8.17e+27
      94.9  8.89e+27
      94.5  9.68e+27
        94  1.05e+28
      93.6  1.14e+28
      93.1  1.24e+28
      92.7  1.35e+28
      92.3  1.46e+28
      91.8  1.59e+28
      91.4  1.72e+28
        91  1.87e+28
      90.5  2.02e+28
      90.1  2.19e+28
      89.6  2.37e+28
      89.2  2.57e+28
      88.8  2.78e+28
      88.3     3e+28
      87.9  3.25e+28
      87.5  3.51e+28
        87  3.79e+28
      86.6  4.09e+28
      86.2  4.41e+28
      85.7  4.75e+28
      85.3  5.12e+28
      84.8  5.52e+28
      84.4  5.95e+28
        84   6.4e+28
      83.5  6.88e+28
      83.1   7.4e+28
      82.7  7.96e+28
      82.2  8.55e+28
      81.8  9.18e+28
      81.3  9.85e+28
      80.9  1.06e+29
      80.5  1.13e+29
        80  1.21e+29
      79.6   1.3e+29
      79.2  1.39e+29
      78.7  1.49e+29
      78.3  1.59e+29
      77.8   1.7e+29
      77.4  1.82e+29
        77  1.94e+29
      76.5  2.07e+29
      76.1  2.21e+29
      75.7  2.36e+29
      75.2  2.51e+29
      74.8  2.67e+29
      74.3  2.84e+29
      73.9  3.02e+29
      73.5  3.21e+29
        73  3.41e+29
      72.6  3.63e+29
      72.2  3.85e+29
      71.7  4.08e+29
      71.3  4.32e+29
      70.9  4.58e+29
      70.4  4.85e+29
        70  5.13e+29
      69.5  5.42e+29
      69.1  5.73e+29
      68.7  6.05e+29
      68.2  6.38e+29
      67.8  6.73e+29
      67.4  7.09e+29
      66.9  7.47e+29
      66.5  7.86e+29
        66  8.27e+29
      65.6  8.69e+29
      65.2  9.13e+29
      64.7  9.58e+29
      64.3     1e+30
      63.9  1.05e+30
      63.4   1.1e+30
        63  1.15e+30
      62.5  1.21e+30
      62.1  1.26e+30
      61.7  1.32e+30
      61.2  1.37e+30
      60.8  1.43e+30
      60.4  1.49e+30
      59.9  1.55e+30
      59.5  1.62e+30
        59  1.68e+30
      58.6  1.74e+30
      58.2  1.81e+30
      57.7  1.87e+30
      57.3  1.94e+30
      56.9  2.01e+30
      56.4  2.08e+30
        56  2.15e+30
      55.5  2.22e+30
      55.1  2.29e+30
      54.7  2.36e+30
      54.2  2.42e+30
      53.8  2.49e+30
      53.4  2.56e+30
      52.9  2.63e+30
      52.5   2.7e+30
      52.1  2.76e+30
      51.6  2.83e+30
      51.2  2.89e+30
      50.7  2.95e+30
      50.3  3.02e+30
      49.9  3.07e+30
      49.4  3.13e+30
        49  3.18e+30
      48.6  3.23e+30
      48.1  3.28e+30
      47.7  3.33e+30
      47.2  3.37e+30
      46.8  3.41e+30
      46.4  3.44e+30
      45.9  3.48e+30
      45.5   3.5e+30
      45.1  3.53e+30
      44.6  3.55e+30
      44.2  3.56e+30
      43.7  3.57e+30
      43.3  3.58e+30
      42.9  3.58e+30
      42.4  3.57e+30
        42  3.57e+30
      41.6  3.55e+30
      41.1  3.53e+30
      40.7  3.51e+30
      40.2  3.48e+30
      39.8  3.45e+30
      39.4  3.41e+30
      38.9  3.37e+30
      38.5  3.32e+30
      38.1  3.27e+30
      37.6  3.22e+30
      37.2  3.15e+30
      36.8  3.09e+30
      36.3  3.02e+30
      35.9  2.95e+30
      35.4  2.88e+30
        35   2.8e+30
      34.6  2.72e+30
      34.1  2.63e+30
      33.7  2.55e+30
      33.3  2.46e+30
      32.8  2.37e+30
      32.4  2.28e+30
      31.9  2.19e+30
      31.5   2.1e+30
      31.1  2.01e+30
      30.6  1.91e+30
      30.2  1.82e+30
      29.8  1.73e+30
      29.3  1.64e+30
      28.9  1.55e+30
      28.4  1.46e+30
        28  1.37e+30
      27.6  1.29e+30
      27.1  1.21e+30
      26.7  1.13e+30
      26.3  1.05e+30
      25.8  9.73e+29
      25.4  9.01e+29
      24.9  8.31e+29
      24.5  7.65e+29
      24.1  7.02e+29
      23.6  6.42e+29
      23.2  5.86e+29
      22.8  5.32e+29
      22.3  4.82e+29
      21.9  4.35e+29
      21.4  3.92e+29
        21  3.51e+29
      20.6  3.14e+29
      20.1  2.79e+29
      19.7  2.48e+29
      19.3  2.19e+29
      18.8  1.92e+29
      18.4  1.69e+29
        18  1.47e+29
      17.5  1.28e+29
      17.1  1.11e+29
      16.6  9.53e+28
      16.2  8.18e+28
      15.8  6.98e+28
      15.3  5.93e+28
      14.9  5.02e+28
      14.5  4.23e+28
        14  3.55e+28
      13.6  2.96e+28
      13.1  2.46e+28
      12.7  2.04e+28
      12.3  1.68e+28
      11.8  1.38e+28
      11.4  1.13e+28
        11  9.23e+27
      10.5   7.5e+27
      10.1  6.09e+27
      9.65  4.93e+27
      9.21  3.98e+27
      8.77  3.22e+27
      8.33   2.6e+27
       7.9   2.1e+27
      7.46  1.69e+27
      7.02  1.37e+27
      6.58  1.11e+27
      6.15  9.01e+26
      5.71  7.32e+26
      5.27  5.95e+26
      4.84  4.84e+26
       4.4  3.94e+26
      3.96   3.2e+26
      3.52   2.6e+26
      3.09  2.11e+26
      2.65  1.71e+26
      2.21  1.38e+26
      1.78  1.12e+26
      1.34  9.01e+25
     0.901  7.26e+25
     0.464  5.84e+25
    0.0271  4.69e+25
     -0.41  3.76e+25
    -0.847  3.01e+25
     -1.28   2.4e+25
     -1.72  1.92e+25
     -2.16  1.53e+25
      -2.6  1.21e+25
     -3.03  9.62e+24
     -3.47  7.62e+24
     -3.91  6.02e+24
     -4.34  4.74e+24
     -4.78  3.72e+24
     -5.22  2.91e+24
     -5.66  2.27e+24
     -6.09  1.75e+24
     -6.53  1.35e+24
     -6.97  1.04e+24
     -7.41     8e+23
     -7.84  6.14e+23
     -8.28   4.7e+23
     -8.72   3.6e+23
     -9.15  2.73e+23
     -9.59  2.09e+23
       -10  1.58e+23
     -10.5  1.18e+23
     -10.9  9.14e+22
     -11.3  6.74e+22
     -11.8  5.15e+22
     -12.2  3.84e+22
     -12.7  2.86e+22
     -13.1  2.21e+22
     -13.5  1.57e+22
       -14  1.19e+22
     -14.4     9e+21
     -14.8  5.84e+21
     -15.3  4.88e+21
     -15.7  3.57e+21
     -16.1  2.37e+21
     -16.6  1.81e+21
       -17   1.2e+21
     -17.5  7.81e+20
     -17.9  7.15e+20
     -18.3  4.26e+20
     -18.8  2.04e+20
     -19.2  2.12e+20
     -19.6  1.26e+20
     -20.1  5.57e+19
     -20.5  1.93e+19
       -21  3.03e+19
     -21.4  1.35e+19
     -21.8  1.12e+19
     -22.3  3.27e+18
     -22.7  1.08e+18
     -23.1  1.99e+17

pressure[atm]        = 0.01
temperature[K]           = 1200
energy step[1/cm]        = 167
maximum energy[kcal/mol] = 116

bimolecular PEDs:
   E, kcal    P1->P2
       116   3.4e+28
       116  3.73e+28
       115  4.08e+28
       115  4.46e+28
       114  4.88e+28
       114  5.33e+28
       113  5.82e+28
       113  6.36e+28
       112  6.95e+28
       112  7.58e+28
       111  8.28e+28
       111  9.03e+28
       110  9.84e+28
       110  1.07e+29
       109  1.17e+29
       109  1.27e+29
       109  1.39e+29
       108  1.51e+29
       108  1.64e+29
       107  1.79e+29
       107  1.94e+29
       106  2.11e+29
       106  2.29e+29
       105  2.49e+29
       105   2.7e+29
       104  2.93e+29
       104  3.18e+29
       103  3.45e+29
       103  3.74e+29
       102  4.05e+29
       102  4.38e+29
       101  4.74e+29
       101  5.13e+29
       100  5.55e+29
      99.9     6e+29
      99.5  6.48e+29
        99     7e+29
      98.5  7.56e+29
        98  8.16e+29
      97.6   8.8e+29
      97.1  9.49e+29
      96.6  1.02e+30
      96.1   1.1e+30
      95.6  1.19e+30
      95.2  1.28e+30
      94.7  1.37e+30
      94.2  1.48e+30
      93.7  1.59e+30
      93.3  1.71e+30
      92.8  1.83e+30
      92.3  1.97e+30
      91.8  2.11e+30
      91.4  2.26e+30
      90.9  2.42e+30
      90.4  2.59e+30
      89.9  2.78e+30
      89.4  2.97e+30
        89  3.18e+30
      88.5   3.4e+30
        88  3.63e+30
      87.5  3.88e+30
      87.1  4.14e+30
      86.6  4.41e+30
      86.1   4.7e+30
      85.6  5.01e+30
      85.2  5.34e+30
      84.7  5.68e+30
      84.2  6.05e+30
      83.7  6.43e+30
      83.2  6.83e+30
      82.8  7.25e+30
      82.3   7.7e+30
      81.8  8.17e+30
      81.3  8.66e+30
      80.9  9.17e+30
      80.4  9.71e+30
      79.9  1.03e+31
      79.4  1.09e+31
        79  1.15e+31
      78.5  1.21e+31
        78  1.28e+31
      77.5  1.35e+31
        77  1.42e+31
      76.6   1.5e+31
      76.1  1.58e+31
      75.6  1.66e+31
      75.1  1.75e+31
      74.7  1.84e+31
      74.2  1.93e+31
      73.7  2.02e+31
      73.2  2.12e+31
      72.8  2.23e+31
      72.3  2.33e+31
      71.8  2.44e+31
      71.3  2.55e+31
      70.8  2.66e+31
      70.4  2.78e+31
      69.9   2.9e+31
      69.4  3.03e+31
      68.9  3.15e+31
      68.5  3.28e+31
        68  3.41e+31
      67.5  3.55e+31
        67  3.69e+31
      66.6  3.82e+31
      66.1  3.96e+31
      65.6  4.11e+31
      65.1  4.25e+31
      64.6   4.4e+31
      64.2  4.54e+31
      63.7  4.69e+31
      63.2  4.84e+31
      62.7  4.99e+31
      62.3  5.14e+31
      61.8  5.29e+31
      61.3  5.43e+31
      60.8  5.58e+31
      60.4  5.72e+31
      59.9  5.87e+31
      59.4  6.01e+31
      58.9  6.15e+31
      58.4  6.28e+31
        58  6.41e+31
      57.5  6.54e+31
        57  6.67e+31
      56.5  6.79e+31
      56.1   6.9e+31
      55.6  7.01e+31
      55.1  7.11e+31
      54.6  7.21e+31
      54.2   7.3e+31
      53.7  7.38e+31
      53.2  7.45e+31
      52.7  7.52e+31
      52.2  7.58e+31
      51.8  7.63e+31
      51.3  7.67e+31
      50.8   7.7e+31
      50.3  7.72e+31
      49.9  7.73e+31
      49.4  7.73e+31
      48.9  7.73e+31
      48.4  7.71e+31
        48  7.68e+31
      47.5  7.64e+31
        47  7.59e+31
      46.5  7.53e+31
        46  7.46e+31
      45.6  7.38e+31
      45.1  7.29e+31
      44.6  7.19e+31
      44.1  7.08e+31
      43.7  6.96e+31
      43.2  6.84e+31
      42.7   6.7e+31
      42.2  6.56e+31
      41.8   6.4e+31
      41.3  6.25e+31
      40.8  6.08e+31
      40.3  5.91e+31
      39.8  5.73e+31
      39.4  5.55e+31
      38.9  5.36e+31
      38.4  5.17e+31
      37.9  4.98e+31
      37.5  4.79e+31
        37  4.59e+31
      36.5  4.39e+31
        36  4.19e+31
      35.6     4e+31
      35.1   3.8e+31
      34.6   3.6e+31
      34.1  3.41e+31
      33.6  3.22e+31
      33.2  3.03e+31
      32.7  2.85e+31
      32.2  2.67e+31
      31.7   2.5e+31
      31.3  2.33e+31
      30.8  2.16e+31
      30.3  2.01e+31
      29.8  1.86e+31
      29.4  1.71e+31
      28.9  1.57e+31
      28.4  1.44e+31
      27.9  1.32e+31
      27.4   1.2e+31
        27  1.09e+31
      26.5  9.82e+30
        26  8.85e+30
      25.5  7.94e+30
      25.1   7.1e+30
      24.6  6.33e+30
      24.1  5.61e+30
      23.6  4.96e+30
      23.2  4.36e+30
      22.7  3.82e+30
      22.2  3.33e+30
      21.7  2.89e+30
      21.2  2.49e+30
      20.8  2.14e+30
      20.3  1.83e+30
      19.8  1.55e+30
      19.3  1.31e+30
      18.9   1.1e+30
      18.4  9.18e+29
      17.9   7.6e+29
      17.4  6.26e+29
        17  5.11e+29
      16.5  4.14e+29
        16  3.33e+29
      15.5  2.66e+29
        15   2.1e+29
      14.6  1.64e+29
      14.1  1.27e+29
      13.6  9.75e+28
      13.1  7.39e+28
      12.7  5.53e+28
      12.2  4.09e+28
      11.7  2.98e+28
      11.2  2.13e+28
      10.8   1.5e+28
      10.3  1.04e+28
       9.8  7.02e+27
      9.32  4.62e+27
      8.85  2.96e+27
      8.37  1.83e+27
      7.89   1.1e+27
      7.42  6.31e+26
      6.94  3.46e+26
      6.46   1.8e+26
      5.99   8.8e+25
      5.51  4.06e+25
      5.03  1.76e+25
      4.56  7.19e+24
      4.08  2.78e+24
       3.6  1.03e+24
      3.12  3.61e+23
      2.65  1.37e+23
      2.17  6.43e+22
      1.69  3.22e+22
      1.22  1.88e+22
      0.74  1.62e+22
     0.263  1.45e+22
    -0.214  7.14e+21
    -0.691   7.1e+21
     -1.17  2.98e+21
     -1.64  5.88e+21
     -2.12  1.76e+21
      -2.6  3.45e+21
     -3.08 -2.45e+20
     -3.55 -4.26e+20
     -4.03  2.79e+21
     -4.51 -1.03e+21
     -4.98  1.01e+21
     -5.46   2.1e+20
     -5.94  1.73e+20
     -6.41  4.11e+19
     -6.89  5.35e+19
     -7.37  1.89e+20
     -7.84 -1.33e+20
     -8.32 -4.27e+18
      -8.8  1.49e+20
     -9.28 -7.31e+19
     -9.75  2.11e+18
     -10.2 -2.74e+18
     -10.7  3.63e+19
     -11.2 -2.61e+19
     -11.7 -3.21e+19
     -12.1   9.9e+19
     -12.6 -1.19e+20
     -13.1  8.22e+19
     -13.6 -3.23e+19
       -14 -2.91e+19
     -14.5 -3.24e+18
       -15  -6.1e+18
     -15.5  1.38e+19
       -16 -1.44e+19
     -16.4  9.66e+18
     -16.9 -4.48e+18
     -17.4  1.41e+18
     -17.9 -2.46e+17
     -18.3 -9.54e+15
     -18.8  1.29e+17
     -19.3 -2.12e+16
     -19.8  8.38e+15
     -20.2 -8.57e+15
     -20.7 -4.23e+14
     -21.2  1.53e+14
     -21.7  7.34e+14
     -22.2 -7.97e+14
     -22.6 -1.55e+16
     -23.1  -2.6e+15

pressure[atm]        = 0.1
temperature[K]           = 1200
energy step[1/cm]        = 167
maximum energy[kcal/mol] = 116

bimolecular PEDs:
   E, kcal    P1->P2
       116   3.4e+28
       116  3.72e+28
       115  4.08e+28
       115  4.46e+28
       114  4.88e+28
       114  5.33e+28
       113  5.82e+28
       113  6.36e+28
       112  6.95e+28
       112  7.58e+28
       111  8.28e+28
       111  9.03e+28
       110  9.84e+28
       110  1.07e+29
       109  1.17e+29
       109  1.27e+29
       109  1.39e+29
       108  1.51e+29
       108  1.64e+29
       107  1.79e+29
       107  1.94e+29
       106  2.11e+29
       106  2.29e+29
       105  2.49e+29
       105   2.7e+29
       104  2.93e+29
       104  3.18e+29
       103  3.45e+29
       103  3.74e+29
       102  4.05e+29
       102  4.38e+29
       101  4.74e+29
       101  5.13e+29
       100  5.55e+29
      99.9     6e+29
      99.5  6.48e+29
        99     7e+29
      98.5  7.56e+29
        98  8.16e+29
      97.6   8.8e+29
      97.1  9.49e+29
      96.6  1.02e+30
      96.1   1.1e+30
      95.6  1.19e+30
      95.2  1.28e+30
      94.7  1.37e+30
      94.2  1.48e+30
      93.7  1.59e+30
      93.3  1.71e+30
      92.8  1.83e+30
      92.3  1.96e+30
      91.8  2.11e+30
      91.4  2.26e+30
      90.9  2.42e+30
      90.4  2.59e+30
      89.9  2.78e+30
      89.4  2.97e+30
        89  3.18e+30
      88.5   3.4e+30
        88  3.63e+30
      87.5  3.88e+30
      87.1  4.14e+30
      86.6  4.41e+30
      86.1   4.7e+30
      85.6  5.01e+30
      85.2  5.34e+30
      84.7  5.68e+30
      84.2  6.04e+30
      83.7  6.43e+30
      83.2  6.83e+30
      82.8  7.25e+30
      82.3   7.7e+30
      81.8  8.17e+30
      81.3  8.66e+30
      80.9  9.17e+30
      80.4  9.71e+30
      79.9  1.03e+31
      79.4  1.09e+31
        79  1.15e+31
      78.5  1.21e+31
        78  1.28e+31
      77.5  1.35e+31
        77  1.42e+31
      76.6   1.5e+31
      76.1  1.58e+31
      75.6  1.66e+31
      75.1  1.75e+31
      74.7  1.84e+31
      74.2  1.93e+31
      73.7  2.02e+31
      73.2  2.12e+31
      72.8  2.23e+31
      72.3  2.33e+31
      71.8  2.44e+31
      71.3  2.55e+31
      70.8  2.66e+31
      70.4  2.78e+31
      69.9   2.9e+31
      69.4  3.03e+31
      68.9  3.15e+31
      68.5  3.28e+31
        68  3.41e+31
      67.5  3.55e+31
        67  3.68e+31
      66.6  3.82e+31
      66.1  3.96e+31
      65.6  4.11e+31
      65.1  4.25e+31
      64.6   4.4e+31
      64.2  4.54e+31
      63.7  4.69e+31
      63.2  4.84e+31
      62.7  4.99e+31
      62.3  5.14e+31
      61.8  5.29e+31
      61.3  5.43e+31
      60.8  5.58e+31
      60.4  5.72e+31
      59.9  5.87e+31
      59.4  6.01e+31
      58.9  6.15e+31
      58.4  6.28e+31
        58  6.41e+31
      57.5  6.54e+31
        57  6.67e+31
      56.5  6.79e+31
      56.1   6.9e+31
      55.6  7.01e+31
      55.1  7.11e+31
      54.6  7.21e+31
      54.2   7.3e+31
      53.7  7.38e+31
      53.2  7.45e+31
      52.7  7.52e+31
      52.2  7.58e+31
      51.8  7.63e+31
      51.3  7.67e+31
      50.8   7.7e+31
      50.3  7.72e+31
      49.9  7.73e+31
      49.4  7.73e+31
      48.9  7.72e+31
      48.4  7.71e+31
        48  7.68e+31
      47.5  7.64e+31
        47  7.59e+31
      46.5  7.53e+31
        46  7.46e+31
      45.6  7.38e+31
      45.1  7.29e+31
      44.6  7.19e+31
      44.1  7.08e+31
      43.7  6.96e+31
      43.2  6.84e+31
      42.7   6.7e+31
      42.2  6.56e+31
      41.8  6.41e+31
      41.3  6.25e+31
      40.8  6.08e+31
      40.3  5.91e+31
      39.8  5.73e+31
      39.4  5.55e+31
      38.9  5.36e+31
      38.4  5.18e+31
      37.9  4.98e+31
      37.5  4.79e+31
        37  4.59e+31
      36.5  4.39e+31
        36  4.19e+31
      35.6     4e+31
      35.1   3.8e+31
      34.6   3.6e+31
      34.1  3.41e+31
      33.6  3.22e+31
      33.2  3.03e+31
      32.7  2.85e+31
      32.2  2.67e+31
      31.7   2.5e+31
      31.3  2.33e+31
      30.8  2.16e+31
      30.3  2.01e+31
      29.8  1.86e+31
      29.4  1.71e+31
      28.9  1.57e+31
      28.4  1.44e+31
      27.9  1.32e+31
      27.4   1.2e+31
        27  1.09e+31
      26.5  9.82e+30
        26  8.85e+30
      25.5  7.94e+30
      25.1   7.1e+30
      24.6  6.33e+30
      24.1  5.61e+30
      23.6  4.96e+30
      23.2  4.36e+30
      22.7  3.82e+30
      22.2  3.33e+30
      21.7  2.89e+30
      21.2  2.49e+30
      20.8  2.14e+30
      20.3  1.83e+30
      19.8  1.55e+30
      19.3  1.31e+30
      18.9   1.1e+30
      18.4  9.18e+29
      17.9  7.61e+29
      17.4  6.26e+29
        17  5.11e+29
      16.5  4.14e+29
        16  3.33e+29
      15.5  2.66e+29
        15   2.1e+29
      14.6  1.64e+29
      14.1  1.27e+29
      13.6  9.76e+28
      13.1   7.4e+28
      12.7  5.54e+28
      12.2  4.09e+28
      11.7  2.98e+28
      11.2  2.14e+28
      10.8  1.51e+28
      10.3  1.04e+28
       9.8  7.04e+27
      9.32  4.64e+27
      8.85  2.97e+27
      8.37  1.84e+27
      7.89  1.11e+27
      7.42  6.37e+26
      6.94   3.5e+26
      6.46  1.83e+26
      5.99  9.09e+25
      5.51  4.28e+25
      5.03  1.93e+25
      4.56  8.52e+24
      4.08   3.8e+24
       3.6   1.8e+24
      3.12  9.72e+23
      2.65  5.79e+23
      2.17  3.99e+23
      1.69  2.91e+23
      1.22  2.16e+23
      0.74  1.61e+23
     0.263  1.19e+23
    -0.214  8.45e+22
    -0.691  7.03e+22
     -1.17  4.81e+22
     -1.64  3.31e+22
     -2.12  2.83e+22
      -2.6  1.27e+22
     -3.08  1.86e+22
     -3.55  6.69e+21
     -4.03     3e+21
     -4.51  2.87e+21
     -4.98  5.27e+21
     -5.46  2.21e+21
     -5.94  1.24e+21
     -6.41  1.23e+21
     -6.89  5.09e+20
     -7.37   4.8e+20
     -7.84  5.18e+19
     -8.32  3.07e+20
      -8.8  2.93e+20
     -9.28 -2.91e+20
     -9.75  2.36e+20
     -10.2  1.15e+19
     -10.7 -7.36e+19
     -11.2  5.21e+19
     -11.7  6.18e+19
     -12.1 -8.23e+19
     -12.6  1.09e+19
     -13.1   2.5e+19
     -13.6  -1.3e+18
       -14  5.16e+19
     -14.5  9.43e+18
       -15 -1.35e+19
     -15.5  1.42e+19
       -16 -1.66e+19
     -16.4  1.32e+19
     -16.9 -7.08e+18
     -17.4  2.55e+18
     -17.9 -4.66e+17
     -18.3 -2.43e+17
     -18.8 -4.42e+18
     -19.3   7.9e+16
     -19.8 -1.12e+16
     -20.2 -5.07e+12
     -20.7 -6.61e+15
     -21.2   3.3e+15
     -21.7 -1.73e+14
     -22.2  3.79e+16
     -22.6  8.55e+16
     -23.1  1.82e+17

pressure[atm]        = 1
temperature[K]           = 1200
energy step[1/cm]        = 167
maximum energy[kcal/mol] = 116

bimolecular PEDs:
   E, kcal    P1->P2
       116   3.4e+28
       116  3.72e+28
       115  4.07e+28
       115  4.45e+28
       114  4.87e+28
       114  5.32e+28
       113  5.82e+28
       113  6.35e+28
       112  6.94e+28
       112  7.58e+28
       111  8.27e+28
       111  9.02e+28
       110  9.83e+28
       110  1.07e+29
       109  1.17e+29
       109  1.27e+29
       109  1.39e+29
       108  1.51e+29
       108  1.64e+29
       107  1.78e+29
       107  1.94e+29
       106  2.11e+29
       106  2.29e+29
       105  2.49e+29
       105   2.7e+29
       104  2.93e+29
       104  3.18e+29
       103  3.44e+29
       103  3.73e+29
       102  4.04e+29
       102  4.38e+29
       101  4.74e+29
       101  5.13e+29
       100  5.55e+29
      99.9     6e+29
      99.5  6.48e+29
        99     7e+29
      98.5  7.55e+29
        98  8.15e+29
      97.6  8.79e+29
      97.1  9.48e+29
      96.6  1.02e+30
      96.1   1.1e+30
      95.6  1.19e+30
      95.2  1.28e+30
      94.7  1.37e+30
      94.2  1.48e+30
      93.7  1.59e+30
      93.3   1.7e+30
      92.8  1.83e+30
      92.3  1.96e+30
      91.8  2.11e+30
      91.4  2.26e+30
      90.9  2.42e+30
      90.4  2.59e+30
      89.9  2.78e+30
      89.4  2.97e+30
        89  3.18e+30
      88.5   3.4e+30
        88  3.63e+30
      87.5  3.87e+30
      87.1  4.13e+30
      86.6  4.41e+30
      86.1   4.7e+30
      85.6  5.01e+30
      85.2  5.34e+30
      84.7  5.68e+30
      84.2  6.04e+30
      83.7  6.42e+30
      83.2  6.82e+30
      82.8  7.25e+30
      82.3  7.69e+30
      81.8  8.16e+30
      81.3  8.65e+30
      80.9  9.17e+30
      80.4  9.71e+30
      79.9  1.03e+31
      79.4  1.09e+31
        79  1.15e+31
      78.5  1.21e+31
        78  1.28e+31
      77.5  1.35e+31
        77  1.42e+31
      76.6   1.5e+31
      76.1  1.58e+31
      75.6  1.66e+31
      75.1  1.75e+31
      74.7  1.84e+31
      74.2  1.93e+31
      73.7  2.02e+31
      73.2  2.12e+31
      72.8  2.22e+31
      72.3  2.33e+31
      71.8  2.44e+31
      71.3  2.55e+31
      70.8  2.66e+31
      70.4  2.78e+31
      69.9   2.9e+31
      69.4  3.02e+31
      68.9  3.15e+31
      68.5  3.28e+31
        68  3.41e+31
      67.5  3.55e+31
        67  3.68e+31
      66.6  3.82e+31
      66.1  3.96e+31
      65.6  4.11e+31
      65.1  4.25e+31
      64.6   4.4e+31
      64.2  4.54e+31
      63.7  4.69e+31
      63.2  4.84e+31
      62.7  4.99e+31
      62.3  5.14e+31
      61.8  5.28e+31
      61.3  5.43e+31
      60.8  5.58e+31
      60.4  5.72e+31
      59.9  5.87e+31
      59.4  6.01e+31
      58.9  6.15e+31
      58.4  6.28e+31
        58  6.41e+31
      57.5  6.54e+31
        57  6.67e+31
      56.5  6.78e+31
      56.1   6.9e+31
      55.6  7.01e+31
      55.1  7.11e+31
      54.6  7.21e+31
      54.2  7.29e+31
      53.7  7.38e+31
      53.2  7.45e+31
      52.7  7.52e+31
      52.2  7.58e+31
      51.8  7.62e+31
      51.3  7.67e+31
      50.8   7.7e+31
      50.3  7.72e+31
      49.9  7.73e+31
      49.4  7.73e+31
      48.9  7.72e+31
      48.4  7.71e+31
        48  7.68e+31
      47.5  7.64e+31
        47  7.59e+31
      46.5  7.53e+31
        46  7.46e+31
      45.6  7.38e+31
      45.1  7.29e+31
      44.6  7.19e+31
      44.1  7.08e+31
      43.7  6.96e+31
      43.2  6.84e+31
      42.7   6.7e+31
      42.2  6.56e+31
      41.8  6.41e+31
      41.3  6.25e+31
      40.8  6.08e+31
      40.3  5.91e+31
      39.8  5.73e+31
      39.4  5.55e+31
      38.9  5.37e+31
      38.4  5.18e+31
      37.9  4.98e+31
      37.5  4.79e+31
        37  4.59e+31
      36.5  4.39e+31
        36   4.2e+31
      35.6     4e+31
      35.1   3.8e+31
      34.6  3.61e+31
      34.1  3.41e+31
      33.6  3.22e+31
      33.2  3.04e+31
      32.7  2.85e+31
      32.2  2.67e+31
      31.7   2.5e+31
      31.3  2.33e+31
      30.8  2.17e+31
      30.3  2.01e+31
      29.8  1.86e+31
      29.4  1.71e+31
      28.9  1.57e+31
      28.4  1.44e+31
      27.9  1.32e+31
      27.4   1.2e+31
        27  1.09e+31
      26.5  9.84e+30
        26  8.86e+30
      25.5  7.96e+30
      25.1  7.11e+30
      24.6  6.34e+30
      24.1  5.62e+30
      23.6  4.97e+30
      23.2  4.37e+30
      22.7  3.83e+30
      22.2  3.34e+30
      21.7   2.9e+30
      21.2   2.5e+30
      20.8  2.15e+30
      20.3  1.83e+30
      19.8  1.56e+30
      19.3  1.32e+30
      18.9   1.1e+30
      18.4  9.22e+29
      17.9  7.64e+29
      17.4  6.29e+29
        17  5.14e+29
      16.5  4.17e+29
        16  3.35e+29
      15.5  2.67e+29
        15  2.11e+29
      14.6  1.66e+29
      14.1  1.28e+29
      13.6  9.85e+28
      13.1  7.47e+28
      12.7   5.6e+28
      12.2  4.14e+28
      11.7  3.02e+28
      11.2  2.17e+28
      10.8  1.54e+28
      10.3  1.06e+28
       9.8  7.23e+27
      9.32  4.79e+27
      8.85   3.1e+27
      8.37  1.94e+27
      7.89  1.18e+27
      7.42  6.99e+26
      6.94  3.99e+26
      6.46  2.21e+26
      5.99   1.2e+26
      5.51  6.56e+25
      5.03  3.69e+25
      4.56   2.2e+25
      4.08  1.41e+25
       3.6  9.68e+24
      3.12  6.95e+24
      2.65  5.15e+24
      2.17  3.84e+24
      1.69  2.89e+24
      1.22  2.17e+24
      0.74  1.62e+24
     0.263  1.21e+24
    -0.214  9.05e+23
    -0.691  6.67e+23
     -1.17  4.87e+23
     -1.64  3.61e+23
     -2.12  2.55e+23
      -2.6  1.94e+23
     -3.08  1.31e+23
     -3.55  9.77e+22
     -4.03   6.8e+22
     -4.51  4.58e+22
     -4.98  3.95e+22
     -5.46  2.22e+22
     -5.94  1.55e+22
     -6.41  1.01e+22
     -6.89  5.86e+21
     -7.37  5.57e+21
     -7.84   1.6e+21
     -8.32  2.87e+21
      -8.8  3.65e+20
     -9.28  9.23e+20
     -9.75  1.54e+20
     -10.2  3.51e+20
     -10.7  1.09e+20
     -11.2  3.96e+20
     -11.7 -3.61e+20
     -12.1 -2.18e+19
     -12.6  3.56e+20
     -13.1 -1.38e+20
     -13.6 -1.03e+20
       -14  1.05e+20
     -14.5 -8.32e+19
       -15  1.05e+19
     -15.5  1.25e+19
       -16 -2.75e+19
     -16.4  3.21e+19
     -16.9 -2.33e+19
     -17.4  1.35e+19
     -17.9 -6.42e+18
     -18.3  3.59e+18
     -18.8  2.18e+19
     -19.3 -5.03e+16
     -19.8  5.37e+16
     -20.2  -2.3e+16
     -20.7 -1.35e+15
     -21.2  3.71e+15
     -21.7  4.18e+15
     -22.2 -1.92e+17
     -22.6  3.72e+15
     -23.1  2.75e+13

pressure[atm]        = 10
temperature[K]           = 1200
energy step[1/cm]        = 167
maximum energy[kcal/mol] = 116

bimolecular PEDs:
   E, kcal    P1->P2
       116  3.33e+28
       116  3.65e+28
       115     4e+28
       115  4.38e+28
       114   4.8e+28
       114  5.25e+28
       113  5.74e+28
       113  6.28e+28
       112  6.86e+28
       112   7.5e+28
       111  8.18e+28
       111  8.93e+28
       110  9.74e+28
       110  1.06e+29
       109  1.16e+29
       109  1.26e+29
       109  1.37e+29
       108  1.49e+29
       108  1.63e+29
       107  1.77e+29
       107  1.92e+29
       106  2.09e+29
       106  2.27e+29
       105  2.47e+29
       105  2.68e+29
       104  2.91e+29
       104  3.15e+29
       103  3.42e+29
       103   3.7e+29
       102  4.01e+29
       102  4.34e+29
       101   4.7e+29
       101  5.09e+29
       100   5.5e+29
      99.9  5.95e+29
      99.5  6.43e+29
        99  6.94e+29
      98.5   7.5e+29
        98  8.09e+29
      97.6  8.73e+29
      97.1  9.41e+29
      96.6  1.01e+30
      96.1  1.09e+30
      95.6  1.18e+30
      95.2  1.27e+30
      94.7  1.36e+30
      94.2  1.47e+30
      93.7  1.57e+30
      93.3  1.69e+30
      92.8  1.82e+30
      92.3  1.95e+30
      91.8  2.09e+30
      91.4  2.24e+30
      90.9   2.4e+30
      90.4  2.57e+30
      89.9  2.76e+30
      89.4  2.95e+30
        89  3.15e+30
      88.5  3.37e+30
        88   3.6e+30
      87.5  3.85e+30
      87.1  4.11e+30
      86.6  4.38e+30
      86.1  4.67e+30
      85.6  4.98e+30
      85.2   5.3e+30
      84.7  5.64e+30
      84.2     6e+30
      83.7  6.38e+30
      83.2  6.78e+30
      82.8   7.2e+30
      82.3  7.65e+30
      81.8  8.11e+30
      81.3   8.6e+30
      80.9  9.11e+30
      80.4  9.65e+30
      79.9  1.02e+31
      79.4  1.08e+31
        79  1.14e+31
      78.5  1.21e+31
        78  1.27e+31
      77.5  1.34e+31
        77  1.42e+31
      76.6  1.49e+31
      76.1  1.57e+31
      75.6  1.65e+31
      75.1  1.74e+31
      74.7  1.83e+31
      74.2  1.92e+31
      73.7  2.01e+31
      73.2  2.11e+31
      72.8  2.21e+31
      72.3  2.32e+31
      71.8  2.43e+31
      71.3  2.54e+31
      70.8  2.65e+31
      70.4  2.77e+31
      69.9  2.89e+31
      69.4  3.01e+31
      68.9  3.14e+31
      68.5  3.27e+31
        68   3.4e+31
      67.5  3.53e+31
        67  3.67e+31
      66.6  3.81e+31
      66.1  3.95e+31
      65.6  4.09e+31
      65.1  4.23e+31
      64.6  4.38e+31
      64.2  4.53e+31
      63.7  4.67e+31
      63.2  4.82e+31
      62.7  4.97e+31
      62.3  5.12e+31
      61.8  5.27e+31
      61.3  5.41e+31
      60.8  5.56e+31
      60.4  5.71e+31
      59.9  5.85e+31
      59.4  5.99e+31
      58.9  6.13e+31
      58.4  6.27e+31
        58   6.4e+31
      57.5  6.53e+31
        57  6.65e+31
      56.5  6.77e+31
      56.1  6.88e+31
      55.6  6.99e+31
      55.1   7.1e+31
      54.6  7.19e+31
      54.2  7.28e+31
      53.7  7.37e+31
      53.2  7.44e+31
      52.7  7.51e+31
      52.2  7.57e+31
      51.8  7.62e+31
      51.3  7.66e+31
      50.8  7.69e+31
      50.3  7.71e+31
      49.9  7.73e+31
      49.4  7.73e+31
      48.9  7.72e+31
      48.4  7.71e+31
        48  7.68e+31
      47.5  7.64e+31
        47  7.59e+31
      46.5  7.53e+31
        46  7.47e+31
      45.6  7.39e+31
      45.1   7.3e+31
      44.6   7.2e+31
      44.1  7.09e+31
      43.7  6.98e+31
      43.2  6.85e+31
      42.7  6.71e+31
      42.2  6.57e+31
      41.8  6.42e+31
      41.3  6.26e+31
      40.8   6.1e+31
      40.3  5.93e+31
      39.8  5.75e+31
      39.4  5.57e+31
      38.9  5.39e+31
      38.4   5.2e+31
      37.9  5.01e+31
      37.5  4.81e+31
        37  4.61e+31
      36.5  4.42e+31
        36  4.22e+31
      35.6  4.02e+31
      35.1  3.82e+31
      34.6  3.63e+31
      34.1  3.44e+31
      33.6  3.25e+31
      33.2  3.06e+31
      32.7  2.87e+31
      32.2   2.7e+31
      31.7  2.52e+31
      31.3  2.35e+31
      30.8  2.19e+31
      30.3  2.03e+31
      29.8  1.88e+31
      29.4  1.73e+31
      28.9  1.59e+31
      28.4  1.46e+31
      27.9  1.33e+31
      27.4  1.22e+31
        27   1.1e+31
      26.5  9.98e+30
        26     9e+30
      25.5  8.09e+30
      25.1  7.24e+30
      24.6  6.45e+30
      24.1  5.73e+30
      23.6  5.07e+30
      23.2  4.46e+30
      22.7  3.91e+30
      22.2  3.42e+30
      21.7  2.97e+30
      21.2  2.57e+30
      20.8  2.21e+30
      20.3  1.89e+30
      19.8  1.61e+30
      19.3  1.36e+30
      18.9  1.15e+30
      18.4  9.58e+29
      17.9  7.96e+29
      17.4  6.57e+29
        17  5.39e+29
      16.5  4.39e+29
        16  3.54e+29
      15.5  2.84e+29
        15  2.26e+29
      14.6  1.78e+29
      14.1  1.39e+29
      13.6  1.07e+29
      13.1  8.23e+28
      12.7  6.24e+28
      12.2  4.68e+28
      11.7  3.47e+28
      11.2  2.54e+28
      10.8  1.84e+28
      10.3  1.31e+28
       9.8  9.25e+27
      9.32  6.42e+27
      8.85  4.41e+27
      8.37  2.99e+27
      7.89  2.02e+27
      7.42  1.36e+27
      6.94   9.2e+26
      6.46  6.29e+26
      5.99  4.39e+26
      5.51  3.13e+26
      5.03  2.29e+26
      4.56   1.7e+26
      4.08  1.28e+26
       3.6  9.74e+25
      3.12  7.43e+25
      2.65  5.66e+25
      2.17  4.31e+25
      1.69  3.28e+25
      1.22  2.48e+25
      0.74  1.88e+25
     0.263  1.41e+25
    -0.214  1.06e+25
    -0.691  7.89e+24
     -1.17  5.88e+24
     -1.64  4.34e+24
     -2.12   3.2e+24
      -2.6  2.35e+24
     -3.08  1.69e+24
     -3.55  1.23e+24
     -4.03  8.99e+23
     -4.51  6.22e+23
     -4.98   4.6e+23
     -5.46  3.16e+23
     -5.94  2.27e+23
     -6.41  1.57e+23
     -6.89  1.02e+23
     -7.37  7.72e+22
     -7.84  5.31e+22
     -8.32  3.09e+22
      -8.8  2.36e+22
     -9.28  1.48e+22
     -9.75  1.26e+22
     -10.2  8.25e+21
     -10.7  2.93e+21
     -11.2  3.14e+21
     -11.7  2.94e+21
     -12.1  1.68e+21
     -12.6  1.24e+21
     -13.1   7.6e+20
     -13.6  1.45e+19
       -14  3.46e+20
     -14.5 -2.36e+20
       -15  6.75e+19
     -15.5  1.36e+20
       -16     2e+20
     -16.4 -8.32e+19
     -16.9  1.54e+20
     -17.4 -6.52e+19
     -17.9  8.28e+19
     -18.3 -4.34e+19
     -18.8  2.48e+20
     -19.3  1.03e+19
     -19.8  1.17e+18
     -20.2  1.63e+18
     -20.7  6.58e+17
     -21.2  2.92e+17
     -21.7  8.95e+16
     -22.2  -1.9e+18
     -22.6  8.25e+16
     -23.1  3.37e+15

pressure[atm]        = 100
temperature[K]           = 1200
energy step[1/cm]        = 167
maximum energy[kcal/mol] = 116

bimolecular PEDs:
   E, kcal    P1->P2
       116  2.89e+28
       116  3.19e+28
       115  3.51e+28
       115  3.87e+28
       114  4.25e+28
       114  4.68e+28
       113  5.14e+28
       113  5.64e+28
       112  6.18e+28
       112  6.77e+28
       111  7.42e+28
       111  8.11e+28
       110  8.87e+28
       110  9.69e+28
       109  1.06e+29
       109  1.15e+29
       109  1.26e+29
       108  1.37e+29
       108  1.49e+29
       107  1.63e+29
       107  1.77e+29
       106  1.93e+29
       106  2.09e+29
       105  2.28e+29
       105  2.47e+29
       104  2.68e+29
       104  2.91e+29
       103  3.16e+29
       103  3.43e+29
       102  3.72e+29
       102  4.03e+29
       101  4.36e+29
       101  4.72e+29
       100  5.11e+29
      99.9  5.52e+29
      99.5  5.97e+29
        99  6.45e+29
      98.5  6.97e+29
        98  7.52e+29
      97.6  8.12e+29
      97.1  8.76e+29
      96.6  9.44e+29
      96.1  1.02e+30
      95.6   1.1e+30
      95.2  1.18e+30
      94.7  1.27e+30
      94.2  1.37e+30
      93.7  1.47e+30
      93.3  1.58e+30
      92.8   1.7e+30
      92.3  1.82e+30
      91.8  1.96e+30
      91.4   2.1e+30
      90.9  2.25e+30
      90.4  2.41e+30
      89.9  2.58e+30
      89.4  2.76e+30
        89  2.96e+30
      88.5  3.16e+30
        88  3.38e+30
      87.5  3.61e+30
      87.1  3.86e+30
      86.6  4.12e+30
      86.1  4.39e+30
      85.6  4.68e+30
      85.2  4.99e+30
      84.7  5.31e+30
      84.2  5.65e+30
      83.7  6.01e+30
      83.2  6.39e+30
      82.8  6.79e+30
      82.3  7.21e+30
      81.8  7.66e+30
      81.3  8.12e+30
      80.9  8.61e+30
      80.4  9.12e+30
      79.9  9.66e+30
      79.4  1.02e+31
        79  1.08e+31
      78.5  1.14e+31
        78  1.21e+31
      77.5  1.27e+31
        77  1.34e+31
      76.6  1.42e+31
      76.1  1.49e+31
      75.6  1.57e+31
      75.1  1.65e+31
      74.7  1.74e+31
      74.2  1.83e+31
      73.7  1.92e+31
      73.2  2.01e+31
      72.8  2.11e+31
      72.3  2.21e+31
      71.8  2.32e+31
      71.3  2.42e+31
      70.8  2.53e+31
      70.4  2.65e+31
      69.9  2.77e+31
      69.4  2.88e+31
      68.9  3.01e+31
      68.5  3.13e+31
        68  3.26e+31
      67.5  3.39e+31
        67  3.53e+31
      66.6  3.66e+31
      66.1   3.8e+31
      65.6  3.94e+31
      65.1  4.08e+31
      64.6  4.22e+31
      64.2  4.37e+31
      63.7  4.52e+31
      63.2  4.66e+31
      62.7  4.81e+31
      62.3  4.96e+31
      61.8   5.1e+31
      61.3  5.25e+31
      60.8   5.4e+31
      60.4  5.54e+31
      59.9  5.69e+31
      59.4  5.83e+31
      58.9  5.97e+31
      58.4  6.11e+31
        58  6.24e+31
      57.5  6.37e+31
        57   6.5e+31
      56.5  6.62e+31
      56.1  6.74e+31
      55.6  6.86e+31
      55.1  6.96e+31
      54.6  7.07e+31
      54.2  7.16e+31
      53.7  7.25e+31
      53.2  7.33e+31
      52.7  7.41e+31
      52.2  7.48e+31
      51.8  7.53e+31
      51.3  7.58e+31
      50.8  7.62e+31
      50.3  7.66e+31
      49.9  7.68e+31
      49.4  7.69e+31
      48.9   7.7e+31
      48.4  7.69e+31
        48  7.67e+31
      47.5  7.65e+31
        47  7.61e+31
      46.5  7.56e+31
        46   7.5e+31
      45.6  7.44e+31
      45.1  7.36e+31
      44.6  7.27e+31
      44.1  7.17e+31
      43.7  7.07e+31
      43.2  6.95e+31
      42.7  6.83e+31
      42.2   6.7e+31
      41.8  6.56e+31
      41.3  6.41e+31
      40.8  6.25e+31
      40.3  6.09e+31
      39.8  5.92e+31
      39.4  5.75e+31
      38.9  5.57e+31
      38.4  5.39e+31
      37.9   5.2e+31
      37.5  5.01e+31
        37  4.82e+31
      36.5  4.63e+31
        36  4.43e+31
      35.6  4.24e+31
      35.1  4.04e+31
      34.6  3.85e+31
      34.1  3.65e+31
      33.6  3.46e+31
      33.2  3.27e+31
      32.7  3.09e+31
      32.2  2.91e+31
      31.7  2.73e+31
      31.3  2.56e+31
      30.8  2.39e+31
      30.3  2.23e+31
      29.8  2.07e+31
      29.4  1.92e+31
      28.9  1.77e+31
      28.4  1.64e+31
      27.9   1.5e+31
      27.4  1.38e+31
        27  1.26e+31
      26.5  1.15e+31
        26  1.04e+31
      25.5  9.43e+30
      25.1  8.51e+30
      24.6  7.65e+30
      24.1  6.86e+30
      23.6  6.12e+30
      23.2  5.45e+30
      22.7  4.83e+30
      22.2  4.27e+30
      21.7  3.75e+30
      21.2  3.29e+30
      20.8  2.87e+30
      20.3   2.5e+30
      19.8  2.16e+30
      19.3  1.86e+30
      18.9   1.6e+30
      18.4  1.37e+30
      17.9  1.16e+30
      17.4  9.84e+29
        17   8.3e+29
      16.5  6.96e+29
        16  5.82e+29
      15.5  4.84e+29
        15     4e+29
      14.6   3.3e+29
      14.1  2.71e+29
      13.6  2.21e+29
      13.1   1.8e+29
      12.7  1.46e+29
      12.2  1.18e+29
      11.7  9.52e+28
      11.2  7.65e+28
      10.8  6.14e+28
      10.3  4.91e+28
       9.8  3.93e+28
      9.32  3.14e+28
      8.85   2.5e+28
      8.37     2e+28
      7.89   1.6e+28
      7.42  1.28e+28
      6.94  1.02e+28
      6.46   8.2e+27
      5.99  6.58e+27
      5.51  5.28e+27
      5.03  4.24e+27
      4.56   3.4e+27
      4.08  2.72e+27
       3.6  2.18e+27
      3.12  1.74e+27
      2.65  1.39e+27
      2.17  1.11e+27
      1.69  8.81e+26
      1.22  6.99e+26
      0.74  5.54e+26
     0.263  4.38e+26
    -0.214  3.46e+26
    -0.691  2.72e+26
     -1.17  2.14e+26
     -1.64  1.68e+26
     -2.12  1.31e+26
      -2.6  1.02e+26
     -3.08  7.96e+25
     -3.55  6.16e+25
     -4.03  4.76e+25
     -4.51  3.65e+25
     -4.98   2.8e+25
     -5.46  2.13e+25
     -5.94  1.62e+25
     -6.41  1.23e+25
     -6.89  9.26e+24
     -7.37  6.98e+24
     -7.84  5.24e+24
     -8.32  3.95e+24
      -8.8  2.96e+24
     -9.28  2.19e+24
     -9.75  1.65e+24
     -10.2  1.22e+24
     -10.7  9.07e+23
     -11.2  6.61e+23
     -11.7  5.01e+23
     -12.1  3.58e+23
     -12.6  2.64e+23
     -13.1  1.98e+23
     -13.6  1.35e+23
       -14  1.02e+23
     -14.5  7.44e+22
       -15  4.98e+22
     -15.5  3.46e+22
       -16  2.49e+22
     -16.4  1.81e+22
     -16.9  1.18e+22
     -17.4  8.43e+21
     -17.9  5.41e+21
     -18.3   3.6e+21
     -18.8   2.3e+21
     -19.3  1.37e+21
     -19.8  8.51e+20
     -20.2  4.91e+20
     -20.7  2.66e+20
     -21.2  1.33e+20
     -21.7  6.01e+19
     -22.2  2.44e+19
     -22.6  7.93e+18
     -23.1   1.4e+18

pressure[atm]        = 0.01
temperature[K]           = 1300
energy step[1/cm]        = 181
maximum energy[kcal/mol] = 129

bimolecular PEDs:
   E, kcal    P1->P2
       129  5.61e+29
       128  6.14e+29
       128  6.71e+29
       127  7.34e+29
       127  8.03e+29
       126  8.77e+29
       126  9.59e+29
       125  1.05e+30
       125  1.14e+30
       124  1.25e+30
       124  1.36e+30
       123  1.48e+30
       123  1.62e+30
       122  1.76e+30
       122  1.92e+30
       121  2.09e+30
       121  2.28e+30
       120  2.48e+30
       120   2.7e+30
       119  2.93e+30
       119  3.19e+30
       118  3.46e+30
       117  3.76e+30
       117  4.09e+30
       116  4.43e+30
       116  4.81e+30
       115  5.22e+30
       115  5.66e+30
       114  6.13e+30
       114  6.64e+30
       113  7.19e+30
       113  7.78e+30
       112  8.42e+30
       112   9.1e+30
       111  9.84e+30
       111  1.06e+31
       110  1.15e+31
       110  1.24e+31
       109  1.34e+31
       109  1.44e+31
       108  1.56e+31
       108  1.68e+31
       107  1.81e+31
       107  1.94e+31
       106  2.09e+31
       106  2.25e+31
       105  2.42e+31
       105   2.6e+31
       104  2.79e+31
       104     3e+31
       103  3.22e+31
       103  3.45e+31
       102   3.7e+31
       101  3.97e+31
       101  4.25e+31
       100  4.55e+31
      99.9  4.87e+31
      99.4  5.21e+31
      98.9  5.57e+31
      98.4  5.95e+31
      97.9  6.35e+31
      97.3  6.78e+31
      96.8  7.24e+31
      96.3  7.71e+31
      95.8  8.22e+31
      95.3  8.76e+31
      94.8  9.32e+31
      94.2  9.92e+31
      93.7  1.05e+32
      93.2  1.12e+32
      92.7  1.19e+32
      92.2  1.26e+32
      91.7  1.34e+32
      91.1  1.42e+32
      90.6  1.51e+32
      90.1   1.6e+32
      89.6  1.69e+32
      89.1  1.79e+32
      88.6  1.89e+32
        88     2e+32
      87.5  2.11e+32
        87  2.22e+32
      86.5  2.35e+32
        86  2.47e+32
      85.5   2.6e+32
      84.9  2.74e+32
      84.4  2.88e+32
      83.9  3.03e+32
      83.4  3.19e+32
      82.9  3.34e+32
      82.4  3.51e+32
      81.8  3.68e+32
      81.3  3.85e+32
      80.8  4.03e+32
      80.3  4.22e+32
      79.8  4.41e+32
      79.3  4.61e+32
      78.7  4.81e+32
      78.2  5.02e+32
      77.7  5.24e+32
      77.2  5.45e+32
      76.7  5.68e+32
      76.2   5.9e+32
      75.6  6.14e+32
      75.1  6.37e+32
      74.6  6.61e+32
      74.1  6.86e+32
      73.6   7.1e+32
      73.1  7.35e+32
      72.5  7.61e+32
        72  7.86e+32
      71.5  8.12e+32
        71  8.37e+32
      70.5  8.63e+32
        70  8.89e+32
      69.4  9.15e+32
      68.9   9.4e+32
      68.4  9.66e+32
      67.9  9.91e+32
      67.4  1.02e+33
      66.9  1.04e+33
      66.3  1.07e+33
      65.8  1.09e+33
      65.3  1.11e+33
      64.8  1.14e+33
      64.3  1.16e+33
      63.8  1.18e+33
      63.2   1.2e+33
      62.7  1.22e+33
      62.2  1.24e+33
      61.7  1.25e+33
      61.2  1.27e+33
      60.7  1.29e+33
      60.1   1.3e+33
      59.6  1.31e+33
      59.1  1.32e+33
      58.6  1.33e+33
      58.1  1.34e+33
      57.6  1.35e+33
        57  1.35e+33
      56.5  1.36e+33
        56  1.36e+33
      55.5  1.36e+33
        55  1.36e+33
      54.5  1.35e+33
      53.9  1.35e+33
      53.4  1.34e+33
      52.9  1.33e+33
      52.4  1.32e+33
      51.9  1.31e+33
      51.4   1.3e+33
      50.8  1.28e+33
      50.3  1.26e+33
      49.8  1.24e+33
      49.3  1.22e+33
      48.8   1.2e+33
      48.3  1.18e+33
      47.7  1.15e+33
      47.2  1.13e+33
      46.7   1.1e+33
      46.2  1.07e+33
      45.7  1.04e+33
      45.2  1.01e+33
      44.6   9.8e+32
      44.1  9.48e+32
      43.6  9.15e+32
      43.1  8.82e+32
      42.6  8.48e+32
      42.1  8.14e+32
      41.5   7.8e+32
        41  7.46e+32
      40.5  7.12e+32
        40  6.78e+32
      39.5  6.44e+32
        39  6.11e+32
      38.4  5.78e+32
      37.9  5.45e+32
      37.4  5.14e+32
      36.9  4.83e+32
      36.4  4.52e+32
      35.9  4.23e+32
      35.3  3.94e+32
      34.8  3.67e+32
      34.3   3.4e+32
      33.8  3.14e+32
      33.3   2.9e+32
      32.8  2.67e+32
      32.2  2.45e+32
      31.7  2.24e+32
      31.2  2.04e+32
      30.7  1.85e+32
      30.2  1.68e+32
      29.7  1.51e+32
      29.1  1.36e+32
      28.6  1.22e+32
      28.1  1.09e+32
      27.6  9.68e+31
      27.1  8.57e+31
      26.6  7.57e+31
        26  6.65e+31
      25.5  5.82e+31
        25  5.07e+31
      24.5  4.39e+31
        24  3.79e+31
      23.5  3.25e+31
      22.9  2.78e+31
      22.4  2.36e+31
      21.9     2e+31
      21.4  1.68e+31
      20.9   1.4e+31
      20.4  1.16e+31
      19.8  9.58e+30
      19.3  7.85e+30
      18.8  6.38e+30
      18.3  5.15e+30
      17.8  4.12e+30
      17.3  3.27e+30
      16.7  2.58e+30
      16.2  2.01e+30
      15.7  1.55e+30
      15.2  1.19e+30
      14.7  8.98e+29
      14.2  6.71e+29
      13.6  4.96e+29
      13.1  3.61e+29
      12.6  2.59e+29
      12.1  1.83e+29
      11.6  1.27e+29
      11.1  8.68e+28
      10.5  5.79e+28
        10  3.77e+28
      9.51  2.39e+28
      8.99  1.47e+28
      8.48  8.67e+27
      7.96  4.93e+27
      7.44  2.67e+27
      6.93  1.37e+27
      6.41   6.6e+26
      5.89  2.97e+26
      5.38  1.25e+26
      4.86  4.87e+25
      4.34   1.8e+25
      3.83  6.28e+24
      3.31  2.15e+24
      2.79  8.76e+23
      2.28  2.93e+23
      1.76   2.2e+23
      1.24  1.48e+23
     0.726  8.62e+22
     0.209  1.01e+23
    -0.307  5.79e+22
    -0.824  3.69e+22
     -1.34  3.48e+22
     -1.86  2.49e+22
     -2.37  1.15e+22
     -2.89  2.21e+22
     -3.41  1.06e+22
     -3.92   8.1e+20
     -4.44  3.63e+21
     -4.96  2.32e+21
     -5.47  2.07e+21
     -5.99  7.47e+20
     -6.51   3.2e+20
     -7.02  1.75e+21
     -7.54 -1.09e+21
     -8.06   1.1e+21
     -8.57 -4.65e+20
     -9.09   8.5e+20
     -9.61 -7.34e+20
     -10.1  2.55e+20
     -10.6  4.01e+20
     -11.2 -5.68e+20
     -11.7  3.94e+20
     -12.2 -1.51e+20
     -12.7 -7.42e+19
     -13.2   1.3e+20
     -13.7    -1e+20
     -14.3  6.38e+19
     -14.8 -4.04e+19
     -15.3  2.44e+19
     -15.8  1.66e+19
     -16.3 -2.02e+18
     -16.8  1.31e+18
     -17.4  2.96e+17
     -17.9  2.51e+17
     -18.4  1.81e+17
     -18.9  5.23e+16
     -19.4  5.89e+17
     -19.9  1.51e+16
     -20.5 -3.75e+16
       -21 -1.03e+16
     -21.5  1.38e+16
       -22 -1.45e+16
     -22.5 -6.17e+15
       -23 -1.74e+14

pressure[atm]        = 0.1
temperature[K]           = 1300
energy step[1/cm]        = 181
maximum energy[kcal/mol] = 129

bimolecular PEDs:
   E, kcal    P1->P2
       129  5.61e+29
       128  6.14e+29
       128  6.71e+29
       127  7.34e+29
       127  8.03e+29
       126  8.77e+29
       126  9.58e+29
       125  1.05e+30
       125  1.14e+30
       124  1.25e+30
       124  1.36e+30
       123  1.48e+30
       123  1.62e+30
       122  1.76e+30
       122  1.92e+30
       121  2.09e+30
       121  2.28e+30
       120  2.48e+30
       120   2.7e+30
       119  2.93e+30
       119  3.19e+30
       118  3.46e+30
       117  3.76e+30
       117  4.08e+30
       116  4.43e+30
       116  4.81e+30
       115  5.22e+30
       115  5.65e+30
       114  6.13e+30
       114  6.64e+30
       113  7.19e+30
       113  7.78e+30
       112  8.41e+30
       112   9.1e+30
       111  9.84e+30
       111  1.06e+31
       110  1.15e+31
       110  1.24e+31
       109  1.34e+31
       109  1.44e+31
       108  1.56e+31
       108  1.68e+31
       107  1.81e+31
       107  1.94e+31
       106  2.09e+31
       106  2.25e+31
       105  2.42e+31
       105   2.6e+31
       104  2.79e+31
       104     3e+31
       103  3.22e+31
       103  3.45e+31
       102   3.7e+31
       101  3.97e+31
       101  4.25e+31
       100  4.55e+31
      99.9  4.87e+31
      99.4  5.21e+31
      98.9  5.57e+31
      98.4  5.95e+31
      97.9  6.35e+31
      97.3  6.78e+31
      96.8  7.23e+31
      96.3  7.71e+31
      95.8  8.22e+31
      95.3  8.76e+31
      94.8  9.32e+31
      94.2  9.92e+31
      93.7  1.05e+32
      93.2  1.12e+32
      92.7  1.19e+32
      92.2  1.26e+32
      91.7  1.34e+32
      91.1  1.42e+32
      90.6  1.51e+32
      90.1   1.6e+32
      89.6  1.69e+32
      89.1  1.79e+32
      88.6  1.89e+32
        88     2e+32
      87.5  2.11e+32
        87  2.22e+32
      86.5  2.35e+32
        86  2.47e+32
      85.5   2.6e+32
      84.9  2.74e+32
      84.4  2.88e+32
      83.9  3.03e+32
      83.4  3.19e+32
      82.9  3.34e+32
      82.4  3.51e+32
      81.8  3.68e+32
      81.3  3.85e+32
      80.8  4.03e+32
      80.3  4.22e+32
      79.8  4.41e+32
      79.3  4.61e+32
      78.7  4.81e+32
      78.2  5.02e+32
      77.7  5.24e+32
      77.2  5.45e+32
      76.7  5.68e+32
      76.2   5.9e+32
      75.6  6.14e+32
      75.1  6.37e+32
      74.6  6.61e+32
      74.1  6.86e+32
      73.6   7.1e+32
      73.1  7.35e+32
      72.5  7.61e+32
        72  7.86e+32
      71.5  8.12e+32
        71  8.37e+32
      70.5  8.63e+32
        70  8.89e+32
      69.4  9.15e+32
      68.9   9.4e+32
      68.4  9.66e+32
      67.9  9.91e+32
      67.4  1.02e+33
      66.9  1.04e+33
      66.3  1.07e+33
      65.8  1.09e+33
      65.3  1.11e+33
      64.8  1.14e+33
      64.3  1.16e+33
      63.8  1.18e+33
      63.2   1.2e+33
      62.7  1.22e+33
      62.2  1.24e+33
      61.7  1.25e+33
      61.2  1.27e+33
      60.7  1.29e+33
      60.1   1.3e+33
      59.6  1.31e+33
      59.1  1.32e+33
      58.6  1.33e+33
      58.1  1.34e+33
      57.6  1.35e+33
        57  1.35e+33
      56.5  1.36e+33
        56  1.36e+33
      55.5  1.36e+33
        55  1.36e+33
      54.5  1.35e+33
      53.9  1.35e+33
      53.4  1.34e+33
      52.9  1.33e+33
      52.4  1.32e+33
      51.9  1.31e+33
      51.4   1.3e+33
      50.8  1.28e+33
      50.3  1.26e+33
      49.8  1.24e+33
      49.3  1.22e+33
      48.8   1.2e+33
      48.3  1.18e+33
      47.7  1.15e+33
      47.2  1.13e+33
      46.7   1.1e+33
      46.2  1.07e+33
      45.7  1.04e+33
      45.2  1.01e+33
      44.6   9.8e+32
      44.1  9.48e+32
      43.6  9.15e+32
      43.1  8.82e+32
      42.6  8.48e+32
      42.1  8.14e+32
      41.5   7.8e+32
        41  7.46e+32
      40.5  7.12e+32
        40  6.78e+32
      39.5  6.44e+32
        39  6.11e+32
      38.4  5.78e+32
      37.9  5.45e+32
      37.4  5.14e+32
      36.9  4.83e+32
      36.4  4.52e+32
      35.9  4.23e+32
      35.3  3.94e+32
      34.8  3.67e+32
      34.3   3.4e+32
      33.8  3.14e+32
      33.3   2.9e+32
      32.8  2.67e+32
      32.2  2.45e+32
      31.7  2.24e+32
      31.2  2.04e+32
      30.7  1.85e+32
      30.2  1.68e+32
      29.7  1.51e+32
      29.1  1.36e+32
      28.6  1.22e+32
      28.1  1.09e+32
      27.6  9.68e+31
      27.1  8.58e+31
      26.6  7.57e+31
        26  6.65e+31
      25.5  5.82e+31
        25  5.07e+31
      24.5  4.39e+31
        24  3.79e+31
      23.5  3.25e+31
      22.9  2.78e+31
      22.4  2.36e+31
      21.9     2e+31
      21.4  1.68e+31
      20.9   1.4e+31
      20.4  1.16e+31
      19.8  9.59e+30
      19.3  7.85e+30
      18.8  6.38e+30
      18.3  5.15e+30
      17.8  4.13e+30
      17.3  3.28e+30
      16.7  2.58e+30
      16.2  2.01e+30
      15.7  1.55e+30
      15.2  1.19e+30
      14.7  8.99e+29
      14.2  6.72e+29
      13.6  4.96e+29
      13.1  3.61e+29
      12.6   2.6e+29
      12.1  1.83e+29
      11.6  1.28e+29
      11.1   8.7e+28
      10.5  5.81e+28
        10  3.79e+28
      9.51   2.4e+28
      8.99  1.47e+28
      8.48  8.74e+27
      7.96  4.98e+27
      7.44  2.71e+27
      6.93   1.4e+27
      6.41  6.83e+26
      5.89  3.15e+26
      5.38  1.38e+26
      4.86  5.88e+25
      4.34  2.56e+25
      3.83   1.2e+25
      3.31  6.48e+24
      2.79  4.06e+24
      2.28  2.74e+24
      1.76  1.99e+24
      1.24  1.45e+24
     0.726  1.09e+24
     0.209  7.99e+23
    -0.307  5.67e+23
    -0.824  4.29e+23
     -1.34  3.03e+23
     -1.86  2.11e+23
     -2.37   1.4e+23
     -2.89  1.18e+23
     -3.41  8.06e+22
     -3.92  5.62e+22
     -4.44  3.66e+22
     -4.96  2.35e+22
     -5.47  1.79e+22
     -5.99  1.17e+22
     -6.51  3.76e+21
     -7.02  7.97e+21
     -7.54   2.4e+21
     -8.06  6.79e+20
     -8.57  2.01e+21
     -9.09 -2.06e+20
     -9.61  2.07e+21
     -10.1 -1.22e+21
     -10.6 -8.15e+18
     -11.2  1.39e+21
     -11.7 -1.04e+21
     -12.2  9.63e+19
     -12.7  7.05e+20
     -13.2 -8.49e+20
     -13.7  6.27e+20
     -14.3 -3.58e+20
     -14.8  1.73e+20
     -15.3 -9.36e+19
     -15.8 -5.97e+19
     -16.3  3.75e+18
     -16.8  1.99e+18
     -17.4 -2.09e+18
     -17.9  2.12e+18
     -18.4  3.03e+17
     -18.9 -2.28e+17
     -19.4  1.28e+18
     -19.9 -2.32e+17
     -20.5 -2.21e+17
       -21 -3.73e+14
     -21.5  5.81e+15
       -22 -1.48e+15
     -22.5  1.64e+16
       -23  5.36e+13

pressure[atm]        = 1
temperature[K]           = 1300
energy step[1/cm]        = 181
maximum energy[kcal/mol] = 129

bimolecular PEDs:
   E, kcal    P1->P2
       129  5.59e+29
       128  6.12e+29
       128   6.7e+29
       127  7.33e+29
       127  8.01e+29
       126  8.76e+29
       126  9.57e+29
       125  1.05e+30
       125  1.14e+30
       124  1.25e+30
       124  1.36e+30
       123  1.48e+30
       123  1.62e+30
       122  1.76e+30
       122  1.92e+30
       121  2.09e+30
       121  2.28e+30
       120  2.48e+30
       120  2.69e+30
       119  2.93e+30
       119  3.19e+30
       118  3.46e+30
       117  3.76e+30
       117  4.08e+30
       116  4.43e+30
       116  4.81e+30
       115  5.21e+30
       115  5.65e+30
       114  6.12e+30
       114  6.63e+30
       113  7.18e+30
       113  7.77e+30
       112  8.41e+30
       112  9.09e+30
       111  9.83e+30
       111  1.06e+31
       110  1.15e+31
       110  1.24e+31
       109  1.34e+31
       109  1.44e+31
       108  1.55e+31
       108  1.67e+31
       107   1.8e+31
       107  1.94e+31
       106  2.09e+31
       106  2.25e+31
       105  2.42e+31
       105   2.6e+31
       104  2.79e+31
       104     3e+31
       103  3.22e+31
       103  3.45e+31
       102   3.7e+31
       101  3.97e+31
       101  4.25e+31
       100  4.55e+31
      99.9  4.87e+31
      99.4  5.21e+31
      98.9  5.56e+31
      98.4  5.95e+31
      97.9  6.35e+31
      97.3  6.78e+31
      96.8  7.23e+31
      96.3  7.71e+31
      95.8  8.22e+31
      95.3  8.75e+31
      94.8  9.32e+31
      94.2  9.91e+31
      93.7  1.05e+32
      93.2  1.12e+32
      92.7  1.19e+32
      92.2  1.26e+32
      91.7  1.34e+32
      91.1  1.42e+32
      90.6  1.51e+32
      90.1   1.6e+32
      89.6  1.69e+32
      89.1  1.79e+32
      88.6  1.89e+32
        88     2e+32
      87.5  2.11e+32
        87  2.22e+32
      86.5  2.34e+32
        86  2.47e+32
      85.5   2.6e+32
      84.9  2.74e+32
      84.4  2.88e+32
      83.9  3.03e+32
      83.4  3.18e+32
      82.9  3.34e+32
      82.4  3.51e+32
      81.8  3.68e+32
      81.3  3.85e+32
      80.8  4.03e+32
      80.3  4.22e+32
      79.8  4.41e+32
      79.3  4.61e+32
      78.7  4.81e+32
      78.2  5.02e+32
      77.7  5.23e+32
      77.2  5.45e+32
      76.7  5.67e+32
      76.2   5.9e+32
      75.6  6.13e+32
      75.1  6.37e+32
      74.6  6.61e+32
      74.1  6.85e+32
      73.6   7.1e+32
      73.1  7.35e+32
      72.5   7.6e+32
        72  7.86e+32
      71.5  8.11e+32
        71  8.37e+32
      70.5  8.63e+32
        70  8.89e+32
      69.4  9.14e+32
      68.9   9.4e+32
      68.4  9.66e+32
      67.9  9.91e+32
      67.4  1.02e+33
      66.9  1.04e+33
      66.3  1.07e+33
      65.8  1.09e+33
      65.3  1.11e+33
      64.8  1.13e+33
      64.3  1.16e+33
      63.8  1.18e+33
      63.2   1.2e+33
      62.7  1.22e+33
      62.2  1.24e+33
      61.7  1.25e+33
      61.2  1.27e+33
      60.7  1.29e+33
      60.1   1.3e+33
      59.6  1.31e+33
      59.1  1.32e+33
      58.6  1.33e+33
      58.1  1.34e+33
      57.6  1.35e+33
        57  1.35e+33
      56.5  1.36e+33
        56  1.36e+33
      55.5  1.36e+33
        55  1.36e+33
      54.5  1.35e+33
      53.9  1.35e+33
      53.4  1.34e+33
      52.9  1.33e+33
      52.4  1.32e+33
      51.9  1.31e+33
      51.4   1.3e+33
      50.8  1.28e+33
      50.3  1.26e+33
      49.8  1.24e+33
      49.3  1.22e+33
      48.8   1.2e+33
      48.3  1.18e+33
      47.7  1.15e+33
      47.2  1.13e+33
      46.7   1.1e+33
      46.2  1.07e+33
      45.7  1.04e+33
      45.2  1.01e+33
      44.6   9.8e+32
      44.1  9.48e+32
      43.6  9.15e+32
      43.1  8.82e+32
      42.6  8.49e+32
      42.1  8.15e+32
      41.5  7.81e+32
        41  7.47e+32
      40.5  7.12e+32
        40  6.78e+32
      39.5  6.45e+32
        39  6.11e+32
      38.4  5.78e+32
      37.9  5.46e+32
      37.4  5.14e+32
      36.9  4.83e+32
      36.4  4.53e+32
      35.9  4.23e+32
      35.3  3.94e+32
      34.8  3.67e+32
      34.3   3.4e+32
      33.8  3.15e+32
      33.3   2.9e+32
      32.8  2.67e+32
      32.2  2.45e+32
      31.7  2.24e+32
      31.2  2.04e+32
      30.7  1.85e+32
      30.2  1.68e+32
      29.7  1.52e+32
      29.1  1.36e+32
      28.6  1.22e+32
      28.1  1.09e+32
      27.6   9.7e+31
      27.1  8.59e+31
      26.6  7.58e+31
        26  6.66e+31
      25.5  5.83e+31
        25  5.08e+31
      24.5   4.4e+31
        24   3.8e+31
      23.5  3.26e+31
      22.9  2.79e+31
      22.4  2.37e+31
      21.9     2e+31
      21.4  1.68e+31
      20.9  1.41e+31
      20.4  1.17e+31
      19.8  9.63e+30
      19.3  7.89e+30
      18.8  6.41e+30
      18.3  5.18e+30
      17.8  4.15e+30
      17.3   3.3e+30
      16.7   2.6e+30
      16.2  2.03e+30
      15.7  1.57e+30
      15.2   1.2e+30
      14.7  9.08e+29
      14.2  6.79e+29
      13.6  5.02e+29
      13.1  3.66e+29
      12.6  2.64e+29
      12.1  1.87e+29
      11.6   1.3e+29
      11.1  8.91e+28
      10.5  5.98e+28
        10  3.92e+28
      9.51  2.51e+28
      8.99  1.56e+28
      8.48  9.39e+27
      7.96  5.48e+27
      7.44   3.1e+27
      6.93   1.7e+27
      6.41  9.14e+26
      5.89  4.91e+26
      5.38  2.72e+26
      4.86   1.6e+26
      4.34  1.02e+26
      3.83  6.98e+25
      3.31  5.01e+25
      2.79  3.65e+25
      2.28  2.71e+25
      1.76     2e+25
      1.24  1.49e+25
     0.726   1.1e+25
     0.209  8.07e+24
    -0.307  5.85e+24
    -0.824  4.25e+24
     -1.34  3.11e+24
     -1.86   2.2e+24
     -2.37   1.6e+24
     -2.89  1.06e+24
     -3.41  7.54e+23
     -3.92  5.86e+23
     -4.44  3.73e+23
     -4.96  2.55e+23
     -5.47  1.74e+23
     -5.99  1.15e+23
     -6.51  7.07e+22
     -7.02  5.25e+22
     -7.54   3.3e+22
     -8.06  2.01e+22
     -8.57  6.91e+21
     -9.09  1.07e+22
     -9.61  6.46e+21
     -10.1  6.79e+20
     -10.6  9.69e+19
     -11.2  2.58e+21
     -11.7  8.24e+20
     -12.2 -9.01e+20
     -12.7  1.18e+20
     -13.2  1.24e+21
     -13.7 -1.46e+21
     -14.3   1.1e+21
     -14.8 -5.28e+20
     -15.3  2.36e+20
     -15.8  1.81e+19
     -16.3  1.47e+19
     -16.8    -1e+18
     -17.4  2.28e+18
     -17.9  6.62e+17
     -18.4 -8.85e+17
     -18.9  2.76e+17
     -19.4 -3.07e+16
     -19.9  1.04e+18
     -20.5 -4.36e+16
       -21  1.44e+17
     -21.5 -7.07e+15
       -22 -4.22e+16
     -22.5 -1.21e+16
       -23  1.43e+15

pressure[atm]        = 10
temperature[K]           = 1300
energy step[1/cm]        = 181
maximum energy[kcal/mol] = 129

bimolecular PEDs:
   E, kcal    P1->P2
       129  5.49e+29
       128  6.01e+29
       128  6.59e+29
       127  7.22e+29
       127   7.9e+29
       126  8.64e+29
       126  9.45e+29
       125  1.03e+30
       125  1.13e+30
       124  1.23e+30
       124  1.35e+30
       123  1.47e+30
       123   1.6e+30
       122  1.75e+30
       122   1.9e+30
       121  2.07e+30
       121  2.26e+30
       120  2.46e+30
       120  2.67e+30
       119  2.91e+30
       119  3.16e+30
       118  3.43e+30
       117  3.73e+30
       117  4.05e+30
       116  4.39e+30
       116  4.77e+30
       115  5.17e+30
       115  5.61e+30
       114  6.08e+30
       114  6.58e+30
       113  7.13e+30
       113  7.71e+30
       112  8.34e+30
       112  9.02e+30
       111  9.75e+30
       111  1.05e+31
       110  1.14e+31
       110  1.23e+31
       109  1.33e+31
       109  1.43e+31
       108  1.54e+31
       108  1.66e+31
       107  1.79e+31
       107  1.93e+31
       106  2.08e+31
       106  2.23e+31
       105   2.4e+31
       105  2.58e+31
       104  2.77e+31
       104  2.98e+31
       103   3.2e+31
       103  3.43e+31
       102  3.68e+31
       101  3.94e+31
       101  4.22e+31
       100  4.52e+31
      99.9  4.83e+31
      99.4  5.17e+31
      98.9  5.53e+31
      98.4  5.91e+31
      97.9  6.31e+31
      97.3  6.73e+31
      96.8  7.18e+31
      96.3  7.66e+31
      95.8  8.16e+31
      95.3   8.7e+31
      94.8  9.26e+31
      94.2  9.85e+31
      93.7  1.05e+32
      93.2  1.11e+32
      92.7  1.18e+32
      92.2  1.26e+32
      91.7  1.33e+32
      91.1  1.41e+32
      90.6   1.5e+32
      90.1  1.59e+32
      89.6  1.68e+32
      89.1  1.78e+32
      88.6  1.88e+32
        88  1.98e+32
      87.5   2.1e+32
        87  2.21e+32
      86.5  2.33e+32
        86  2.46e+32
      85.5  2.59e+32
      84.9  2.73e+32
      84.4  2.87e+32
      83.9  3.02e+32
      83.4  3.17e+32
      82.9  3.33e+32
      82.4  3.49e+32
      81.8  3.66e+32
      81.3  3.83e+32
      80.8  4.01e+32
      80.3   4.2e+32
      79.8  4.39e+32
      79.3  4.59e+32
      78.7  4.79e+32
      78.2     5e+32
      77.7  5.21e+32
      77.2  5.43e+32
      76.7  5.65e+32
      76.2  5.88e+32
      75.6  6.11e+32
      75.1  6.35e+32
      74.6  6.58e+32
      74.1  6.83e+32
      73.6  7.07e+32
      73.1  7.32e+32
      72.5  7.58e+32
        72  7.83e+32
      71.5  8.09e+32
        71  8.34e+32
      70.5   8.6e+32
        70  8.86e+32
      69.4  9.12e+32
      68.9  9.37e+32
      68.4  9.63e+32
      67.9  9.88e+32
      67.4  1.01e+33
      66.9  1.04e+33
      66.3  1.06e+33
      65.8  1.09e+33
      65.3  1.11e+33
      64.8  1.13e+33
      64.3  1.15e+33
      63.8  1.18e+33
      63.2   1.2e+33
      62.7  1.22e+33
      62.2  1.23e+33
      61.7  1.25e+33
      61.2  1.27e+33
      60.7  1.28e+33
      60.1   1.3e+33
      59.6  1.31e+33
      59.1  1.32e+33
      58.6  1.33e+33
      58.1  1.34e+33
      57.6  1.35e+33
        57  1.35e+33
      56.5  1.36e+33
        56  1.36e+33
      55.5  1.36e+33
        55  1.36e+33
      54.5  1.35e+33
      53.9  1.35e+33
      53.4  1.34e+33
      52.9  1.33e+33
      52.4  1.32e+33
      51.9  1.31e+33
      51.4   1.3e+33
      50.8  1.28e+33
      50.3  1.26e+33
      49.8  1.25e+33
      49.3  1.22e+33
      48.8   1.2e+33
      48.3  1.18e+33
      47.7  1.16e+33
      47.2  1.13e+33
      46.7   1.1e+33
      46.2  1.07e+33
      45.7  1.04e+33
      45.2  1.01e+33
      44.6  9.83e+32
      44.1  9.51e+32
      43.6  9.19e+32
      43.1  8.86e+32
      42.6  8.52e+32
      42.1  8.18e+32
      41.5  7.84e+32
        41   7.5e+32
      40.5  7.16e+32
        40  6.82e+32
      39.5  6.48e+32
        39  6.15e+32
      38.4  5.82e+32
      37.9   5.5e+32
      37.4  5.18e+32
      36.9  4.86e+32
      36.4  4.56e+32
      35.9  4.27e+32
      35.3  3.98e+32
      34.8   3.7e+32
      34.3  3.44e+32
      33.8  3.18e+32
      33.3  2.93e+32
      32.8   2.7e+32
      32.2  2.48e+32
      31.7  2.27e+32
      31.2  2.07e+32
      30.7  1.88e+32
      30.2   1.7e+32
      29.7  1.54e+32
      29.1  1.38e+32
      28.6  1.24e+32
      28.1  1.11e+32
      27.6  9.87e+31
      27.1  8.75e+31
      26.6  7.73e+31
        26   6.8e+31
      25.5  5.95e+31
        25  5.19e+31
      24.5  4.51e+31
        24   3.9e+31
      23.5  3.35e+31
      22.9  2.87e+31
      22.4  2.44e+31
      21.9  2.07e+31
      21.4  1.74e+31
      20.9  1.46e+31
      20.4  1.21e+31
      19.8     1e+31
      19.3  8.23e+30
      18.8  6.72e+30
      18.3  5.44e+30
      17.8  4.38e+30
      17.3  3.49e+30
      16.7  2.77e+30
      16.2  2.17e+30
      15.7  1.69e+30
      15.2   1.3e+30
      14.7  9.95e+29
      14.2  7.52e+29
      13.6  5.62e+29
      13.1  4.16e+29
      12.6  3.04e+29
      12.1   2.2e+29
      11.6  1.57e+29
      11.1  1.11e+29
      10.5  7.74e+28
        10  5.32e+28
      9.51  3.62e+28
      8.99  2.44e+28
      8.48  1.63e+28
      7.96  1.09e+28
      7.44  7.29e+27
      6.93  4.95e+27
      6.41  3.42e+27
      5.89  2.41e+27
      5.38  1.74e+27
      4.86  1.28e+27
      4.34  9.55e+26
      3.83  7.17e+26
      3.31  5.39e+26
      2.79  4.06e+26
      2.28  3.04e+26
      1.76  2.28e+26
      1.24   1.7e+26
     0.726  1.26e+26
     0.209  9.38e+25
    -0.307   6.9e+25
    -0.824  5.07e+25
     -1.34  3.71e+25
     -1.86  2.68e+25
     -2.37  1.94e+25
     -2.89  1.39e+25
     -3.41  9.96e+24
     -3.92  7.02e+24
     -4.44  4.98e+24
     -4.96   3.4e+24
     -5.47  2.43e+24
     -5.99  1.67e+24
     -6.51  1.11e+24
     -7.02  7.94e+23
     -7.54  4.92e+23
     -8.06  3.65e+23
     -8.57  2.24e+23
     -9.09  1.64e+23
     -9.61  8.93e+22
     -10.1  7.87e+22
     -10.6  3.35e+22
     -11.2  4.03e+22
     -11.7  1.26e+22
     -12.2  1.39e+22
     -12.7  1.17e+22
     -13.2  2.53e+21
     -13.7  6.19e+21
     -14.3  2.84e+21
     -14.8  2.06e+21
     -15.3  1.08e+21
     -15.8 -2.39e+21
     -16.3  5.06e+20
     -16.8  3.29e+20
     -17.4  2.16e+20
     -17.9  1.31e+20
     -18.4  7.71e+19
     -18.9  4.55e+19
     -19.4  2.89e+19
     -19.9  1.32e+19
     -20.5  7.09e+18
       -21  3.19e+18
     -21.5  1.06e+18
       -22  3.76e+17
     -22.5  8.31e+17
       -23  2.66e+16

pressure[atm]        = 100
temperature[K]           = 1300
energy step[1/cm]        = 181
maximum energy[kcal/mol] = 129

bimolecular PEDs:
   E, kcal    P1->P2
       129  4.77e+29
       128  5.26e+29
       128  5.79e+29
       127  6.37e+29
       127  7.01e+29
       126  7.71e+29
       126  8.47e+29
       125  9.29e+29
       125  1.02e+30
       124  1.12e+30
       124  1.22e+30
       123  1.34e+30
       123  1.46e+30
       122  1.59e+30
       122  1.74e+30
       121   1.9e+30
       121  2.07e+30
       120  2.26e+30
       120  2.46e+30
       119  2.68e+30
       119  2.91e+30
       118  3.17e+30
       117  3.44e+30
       117  3.74e+30
       116  4.06e+30
       116  4.41e+30
       115  4.79e+30
       115  5.19e+30
       114  5.63e+30
       114   6.1e+30
       113  6.61e+30
       113  7.16e+30
       112  7.75e+30
       112  8.38e+30
       111  9.06e+30
       111   9.8e+30
       110  1.06e+31
       110  1.14e+31
       109  1.23e+31
       109  1.33e+31
       108  1.44e+31
       108  1.55e+31
       107  1.67e+31
       107   1.8e+31
       106  1.94e+31
       106  2.08e+31
       105  2.24e+31
       105  2.41e+31
       104  2.59e+31
       104  2.78e+31
       103  2.99e+31
       103  3.21e+31
       102  3.44e+31
       101  3.69e+31
       101  3.95e+31
       100  4.24e+31
      99.9  4.53e+31
      99.4  4.85e+31
      98.9  5.19e+31
      98.4  5.55e+31
      97.9  5.93e+31
      97.3  6.33e+31
      96.8  6.76e+31
      96.3  7.21e+31
      95.8  7.69e+31
      95.3  8.19e+31
      94.8  8.72e+31
      94.2  9.29e+31
      93.7  9.88e+31
      93.2  1.05e+32
      92.7  1.12e+32
      92.2  1.19e+32
      91.7  1.26e+32
      91.1  1.34e+32
      90.6  1.42e+32
      90.1   1.5e+32
      89.6  1.59e+32
      89.1  1.68e+32
      88.6  1.78e+32
        88  1.88e+32
      87.5  1.99e+32
        87   2.1e+32
      86.5  2.22e+32
        86  2.34e+32
      85.5  2.46e+32
      84.9  2.59e+32
      84.4  2.73e+32
      83.9  2.87e+32
      83.4  3.02e+32
      82.9  3.17e+32
      82.4  3.33e+32
      81.8  3.49e+32
      81.3  3.66e+32
      80.8  3.84e+32
      80.3  4.02e+32
      79.8   4.2e+32
      79.3  4.39e+32
      78.7  4.59e+32
      78.2  4.79e+32
      77.7     5e+32
      77.2  5.21e+32
      76.7  5.43e+32
      76.2  5.65e+32
      75.6  5.88e+32
      75.1  6.11e+32
      74.6  6.34e+32
      74.1  6.58e+32
      73.6  6.82e+32
      73.1  7.07e+32
      72.5  7.32e+32
        72  7.57e+32
      71.5  7.82e+32
        71  8.08e+32
      70.5  8.33e+32
        70  8.59e+32
      69.4  8.84e+32
      68.9   9.1e+32
      68.4  9.36e+32
      67.9  9.61e+32
      67.4  9.86e+32
      66.9  1.01e+33
      66.3  1.04e+33
      65.8  1.06e+33
      65.3  1.08e+33
      64.8  1.11e+33
      64.3  1.13e+33
      63.8  1.15e+33
      63.2  1.17e+33
      62.7  1.19e+33
      62.2  1.21e+33
      61.7  1.23e+33
      61.2  1.25e+33
      60.7  1.26e+33
      60.1  1.28e+33
      59.6  1.29e+33
      59.1  1.31e+33
      58.6  1.32e+33
      58.1  1.33e+33
      57.6  1.33e+33
        57  1.34e+33
      56.5  1.35e+33
        56  1.35e+33
      55.5  1.35e+33
        55  1.35e+33
      54.5  1.35e+33
      53.9  1.35e+33
      53.4  1.34e+33
      52.9  1.34e+33
      52.4  1.33e+33
      51.9  1.32e+33
      51.4  1.31e+33
      50.8  1.29e+33
      50.3  1.28e+33
      49.8  1.26e+33
      49.3  1.24e+33
      48.8  1.22e+33
      48.3   1.2e+33
      47.7  1.18e+33
      47.2  1.15e+33
      46.7  1.13e+33
      46.2   1.1e+33
      45.7  1.07e+33
      45.2  1.04e+33
      44.6  1.01e+33
      44.1  9.82e+32
      43.6  9.51e+32
      43.1  9.18e+32
      42.6  8.86e+32
      42.1  8.53e+32
      41.5  8.19e+32
        41  7.86e+32
      40.5  7.52e+32
        40  7.18e+32
      39.5  6.85e+32
        39  6.51e+32
      38.4  6.18e+32
      37.9  5.85e+32
      37.4  5.53e+32
      36.9  5.22e+32
      36.4  4.91e+32
      35.9  4.61e+32
      35.3  4.31e+32
      34.8  4.03e+32
      34.3  3.76e+32
      33.8  3.49e+32
      33.3  3.24e+32
      32.8  2.99e+32
      32.2  2.76e+32
      31.7  2.54e+32
      31.2  2.33e+32
      30.7  2.13e+32
      30.2  1.94e+32
      29.7  1.76e+32
      29.1   1.6e+32
      28.6  1.44e+32
      28.1   1.3e+32
      27.6  1.16e+32
      27.1  1.04e+32
      26.6  9.28e+31
        26  8.24e+31
      25.5  7.29e+31
        25  6.42e+31
      24.5  5.64e+31
        24  4.94e+31
      23.5   4.3e+31
      22.9  3.73e+31
      22.4  3.22e+31
      21.9  2.78e+31
      21.4  2.38e+31
      20.9  2.03e+31
      20.4  1.72e+31
      19.8  1.46e+31
      19.3  1.23e+31
      18.8  1.03e+31
      18.3  8.57e+30
      17.8  7.12e+30
      17.3  5.88e+30
      16.7  4.84e+30
      16.2  3.96e+30
      15.7  3.23e+30
      15.2  2.62e+30
      14.7  2.12e+30
      14.2  1.71e+30
      13.6  1.37e+30
      13.1   1.1e+30
      12.6  8.73e+29
      12.1  6.94e+29
      11.6  5.51e+29
      11.1  4.36e+29
      10.5  3.45e+29
        10  2.73e+29
      9.51  2.16e+29
      8.99   1.7e+29
      8.48  1.35e+29
      7.96  1.06e+29
      7.44  8.43e+28
      6.93  6.68e+28
      6.41  5.29e+28
      5.89  4.19e+28
      5.38  3.32e+28
      4.86  2.63e+28
      4.34  2.08e+28
      3.83  1.64e+28
      3.31   1.3e+28
      2.79  1.02e+28
      2.28     8e+27
      1.76  6.27e+27
      1.24   4.9e+27
     0.726  3.83e+27
     0.209  2.98e+27
    -0.307  2.31e+27
    -0.824  1.79e+27
     -1.34  1.38e+27
     -1.86  1.06e+27
     -2.37   8.1e+26
     -2.89  6.17e+26
     -3.41  4.68e+26
     -3.92  3.54e+26
     -4.44  2.66e+26
     -4.96     2e+26
     -5.47   1.5e+26
     -5.99  1.11e+26
     -6.51  8.29e+25
     -7.02  6.14e+25
     -7.54  4.55e+25
     -8.06  3.35e+25
     -8.57  2.47e+25
     -9.09  1.81e+25
     -9.61  1.32e+25
     -10.1  9.67e+24
     -10.6     7e+24
     -11.2  5.07e+24
     -11.7  3.67e+24
     -12.2  2.62e+24
     -12.7  1.89e+24
     -13.2  1.32e+24
     -13.7  9.56e+23
     -14.3   6.5e+23
     -14.8  4.62e+23
     -15.3  3.15e+23
     -15.8  2.15e+23
     -16.3  1.46e+23
     -16.8  9.69e+22
     -17.4  6.22e+22
     -17.9  3.97e+22
     -18.4  2.46e+22
     -18.9  1.48e+22
     -19.4  8.52e+21
     -19.9  4.67e+21
     -20.5  2.41e+21
       -21  1.14e+21
     -21.5  4.83e+20
       -22  1.78e+20
     -22.5   5.2e+19
       -23     1e+19

pressure[atm]        = 0.01
temperature[K]           = 1400
energy step[1/cm]        = 195
maximum energy[kcal/mol] = 142

bimolecular PEDs:
   E, kcal    P1->P2
       142  7.78e+30
       141  8.51e+30
       141  9.31e+30
       140  1.02e+31
       139  1.11e+31
       139  1.22e+31
       138  1.33e+31
       138  1.45e+31
       137  1.58e+31
       137  1.73e+31
       136  1.89e+31
       136  2.06e+31
       135  2.24e+31
       134  2.44e+31
       134  2.66e+31
       133   2.9e+31
       133  3.15e+31
       132  3.43e+31
       132  3.73e+31
       131  4.06e+31
       131  4.41e+31
       130  4.79e+31
       129  5.21e+31
       129  5.65e+31
       128  6.13e+31
       128  6.66e+31
       127  7.22e+31
       127  7.82e+31
       126  8.48e+31
       126  9.18e+31
       125  9.94e+31
       124  1.08e+32
       124  1.16e+32
       123  1.26e+32
       123  1.36e+32
       122  1.47e+32
       122  1.59e+32
       121  1.71e+32
       121  1.85e+32
       120  1.99e+32
       119  2.15e+32
       119  2.32e+32
       118   2.5e+32
       118  2.69e+32
       117  2.89e+32
       117  3.11e+32
       116  3.34e+32
       116  3.59e+32
       115  3.86e+32
       114  4.15e+32
       114  4.45e+32
       113  4.77e+32
       113  5.12e+32
       112  5.49e+32
       112  5.88e+32
       111  6.29e+32
       111  6.73e+32
       110   7.2e+32
       109   7.7e+32
       109  8.23e+32
       108  8.79e+32
       108  9.38e+32
       107     1e+33
       107  1.07e+33
       106  1.14e+33
       106  1.21e+33
       105  1.29e+33
       104  1.37e+33
       104  1.46e+33
       103  1.55e+33
       103  1.65e+33
       102  1.75e+33
       102  1.86e+33
       101  1.97e+33
       101  2.09e+33
       100  2.21e+33
      99.4  2.34e+33
      98.9  2.48e+33
      98.3  2.62e+33
      97.8  2.77e+33
      97.2  2.93e+33
      96.7  3.09e+33
      96.1  3.26e+33
      95.5  3.44e+33
        95  3.62e+33
      94.4  3.81e+33
      93.9  4.01e+33
      93.3  4.22e+33
      92.8  4.43e+33
      92.2  4.65e+33
      91.6  4.89e+33
      91.1  5.12e+33
      90.5  5.37e+33
        90  5.63e+33
      89.4  5.89e+33
      88.9  6.16e+33
      88.3  6.44e+33
      87.7  6.72e+33
      87.2  7.02e+33
      86.6  7.32e+33
      86.1  7.63e+33
      85.5  7.95e+33
        85  8.27e+33
      84.4   8.6e+33
      83.9  8.94e+33
      83.3  9.28e+33
      82.7  9.63e+33
      82.2  9.98e+33
      81.6  1.03e+34
      81.1  1.07e+34
      80.5  1.11e+34
        80  1.14e+34
      79.4  1.18e+34
      78.8  1.22e+34
      78.3  1.26e+34
      77.7  1.29e+34
      77.2  1.33e+34
      76.6  1.37e+34
      76.1  1.41e+34
      75.5  1.44e+34
        75  1.48e+34
      74.4  1.52e+34
      73.8  1.55e+34
      73.3  1.59e+34
      72.7  1.62e+34
      72.2  1.65e+34
      71.6  1.69e+34
      71.1  1.72e+34
      70.5  1.75e+34
      69.9  1.78e+34
      69.4   1.8e+34
      68.8  1.83e+34
      68.3  1.85e+34
      67.7  1.88e+34
      67.2   1.9e+34
      66.6  1.92e+34
        66  1.93e+34
      65.5  1.95e+34
      64.9  1.96e+34
      64.4  1.97e+34
      63.8  1.98e+34
      63.3  1.99e+34
      62.7  1.99e+34
      62.2  1.99e+34
      61.6  1.99e+34
        61  1.99e+34
      60.5  1.98e+34
      59.9  1.97e+34
      59.4  1.96e+34
      58.8  1.95e+34
      58.3  1.93e+34
      57.7  1.91e+34
      57.1  1.89e+34
      56.6  1.87e+34
        56  1.84e+34
      55.5  1.82e+34
      54.9  1.79e+34
      54.4  1.75e+34
      53.8  1.72e+34
      53.3  1.68e+34
      52.7  1.64e+34
      52.1   1.6e+34
      51.6  1.56e+34
        51  1.52e+34
      50.5  1.48e+34
      49.9  1.43e+34
      49.4  1.38e+34
      48.8  1.34e+34
      48.2  1.29e+34
      47.7  1.24e+34
      47.1  1.19e+34
      46.6  1.14e+34
        46  1.09e+34
      45.5  1.04e+34
      44.9  9.94e+33
      44.3  9.45e+33
      43.8  8.97e+33
      43.2   8.5e+33
      42.7  8.03e+33
      42.1  7.57e+33
      41.6  7.12e+33
        41  6.68e+33
      40.5  6.25e+33
      39.9  5.84e+33
      39.3  5.44e+33
      38.8  5.06e+33
      38.2  4.69e+33
      37.7  4.33e+33
      37.1  3.99e+33
      36.6  3.67e+33
        36  3.36e+33
      35.4  3.07e+33
      34.9   2.8e+33
      34.3  2.54e+33
      33.8   2.3e+33
      33.2  2.08e+33
      32.7  1.87e+33
      32.1  1.68e+33
      31.6   1.5e+33
        31  1.33e+33
      30.4  1.18e+33
      29.9  1.04e+33
      29.3  9.17e+32
      28.8  8.03e+32
      28.2  7.01e+32
      27.7  6.09e+32
      27.1  5.26e+32
      26.5  4.53e+32
        26  3.88e+32
      25.4  3.31e+32
      24.9   2.8e+32
      24.3  2.36e+32
      23.8  1.98e+32
      23.2  1.65e+32
      22.6  1.37e+32
      22.1  1.13e+32
      21.5  9.21e+31
        21  7.48e+31
      20.4  6.04e+31
      19.9  4.83e+31
      19.3  3.84e+31
      18.8  3.02e+31
      18.2  2.36e+31
      17.6  1.83e+31
      17.1   1.4e+31
      16.5  1.06e+31
        16  7.95e+30
      15.4   5.9e+30
      14.9  4.32e+30
      14.3  3.12e+30
      13.7  2.22e+30
      13.2  1.56e+30
      12.6  1.08e+30
      12.1   7.3e+29
      11.5  4.85e+29
        11  3.15e+29
      10.4     2e+29
      9.85  1.23e+29
      9.29   7.3e+28
      8.74  4.18e+28
      8.18  2.29e+28
      7.62  1.19e+28
      7.07  5.81e+27
      6.51  2.65e+27
      5.96  1.12e+27
       5.4  4.37e+26
      4.84  1.58e+26
      4.29  5.41e+25
      3.73  1.77e+25
      3.17  6.35e+24
      2.62  2.82e+24
      2.06  1.36e+24
       1.5  1.08e+24
     0.948  7.44e+23
     0.392   4.3e+23
    -0.165   4.8e+23
    -0.721  1.75e+23
     -1.28  2.07e+23
     -1.83  1.36e+23
     -2.39  4.67e+22
     -2.95  7.91e+22
      -3.5   4.4e+22
     -4.06  2.25e+22
     -4.62  3.35e+22
     -5.17  4.42e+21
     -5.73  7.89e+21
     -6.29  8.17e+21
     -6.84  2.41e+21
      -7.4  2.09e+21
     -7.95  5.52e+21
     -8.51 -3.24e+21
     -9.07  3.29e+21
     -9.62 -1.73e+20
     -10.2  4.17e+21
     -10.7  7.35e+20
     -11.3  -9.3e+20
     -11.8  1.89e+21
     -12.4 -1.83e+21
       -13  4.62e+20
     -13.5  3.42e+20
     -14.1  9.22e+18
     -14.6 -3.13e+20
     -15.2  1.07e+20
     -15.7  8.09e+19
     -16.3  2.86e+19
     -16.9     1e+20
     -17.4  3.23e+19
       -18    -3e+19
     -18.5  8.81e+17
     -19.1  6.79e+18
     -19.6  2.88e+19
     -20.2  4.43e+18
     -20.8  1.02e+19
     -21.3  -3.3e+18
     -21.9 -1.59e+18
     -22.4 -9.03e+16
       -23  1.99e+13
     -23.5  2.17e+12

pressure[atm]        = 0.1
temperature[K]           = 1400
energy step[1/cm]        = 195
maximum energy[kcal/mol] = 142

bimolecular PEDs:
   E, kcal    P1->P2
       142  7.78e+30
       141  8.51e+30
       141  9.31e+30
       140  1.02e+31
       139  1.11e+31
       139  1.22e+31
       138  1.33e+31
       138  1.45e+31
       137  1.58e+31
       137  1.73e+31
       136  1.89e+31
       136  2.06e+31
       135  2.24e+31
       134  2.44e+31
       134  2.66e+31
       133   2.9e+31
       133  3.15e+31
       132  3.43e+31
       132  3.73e+31
       131  4.06e+31
       131  4.41e+31
       130  4.79e+31
       129  5.21e+31
       129  5.65e+31
       128  6.13e+31
       128  6.65e+31
       127  7.22e+31
       127  7.82e+31
       126  8.48e+31
       126  9.18e+31
       125  9.94e+31
       124  1.08e+32
       124  1.16e+32
       123  1.26e+32
       123  1.36e+32
       122  1.47e+32
       122  1.59e+32
       121  1.71e+32
       121  1.85e+32
       120  1.99e+32
       119  2.15e+32
       119  2.32e+32
       118   2.5e+32
       118  2.69e+32
       117  2.89e+32
       117  3.11e+32
       116  3.34e+32
       116  3.59e+32
       115  3.86e+32
       114  4.15e+32
       114  4.45e+32
       113  4.77e+32
       113  5.12e+32
       112  5.49e+32
       112  5.88e+32
       111  6.29e+32
       111  6.73e+32
       110   7.2e+32
       109   7.7e+32
       109  8.23e+32
       108  8.79e+32
       108  9.38e+32
       107     1e+33
       107  1.07e+33
       106  1.14e+33
       106  1.21e+33
       105  1.29e+33
       104  1.37e+33
       104  1.46e+33
       103  1.55e+33
       103  1.65e+33
       102  1.75e+33
       102  1.86e+33
       101  1.97e+33
       101  2.09e+33
       100  2.21e+33
      99.4  2.34e+33
      98.9  2.48e+33
      98.3  2.62e+33
      97.8  2.77e+33
      97.2  2.93e+33
      96.7  3.09e+33
      96.1  3.26e+33
      95.5  3.43e+33
        95  3.62e+33
      94.4  3.81e+33
      93.9  4.01e+33
      93.3  4.22e+33
      92.8  4.43e+33
      92.2  4.65e+33
      91.6  4.89e+33
      91.1  5.12e+33
      90.5  5.37e+33
        90  5.63e+33
      89.4  5.89e+33
      88.9  6.16e+33
      88.3  6.44e+33
      87.7  6.72e+33
      87.2  7.02e+33
      86.6  7.32e+33
      86.1  7.63e+33
      85.5  7.95e+33
        85  8.27e+33
      84.4   8.6e+33
      83.9  8.94e+33
      83.3  9.28e+33
      82.7  9.63e+33
      82.2  9.98e+33
      81.6  1.03e+34
      81.1  1.07e+34
      80.5  1.11e+34
        80  1.14e+34
      79.4  1.18e+34
      78.8  1.22e+34
      78.3  1.26e+34
      77.7  1.29e+34
      77.2  1.33e+34
      76.6  1.37e+34
      76.1  1.41e+34
      75.5  1.44e+34
        75  1.48e+34
      74.4  1.52e+34
      73.8  1.55e+34
      73.3  1.59e+34
      72.7  1.62e+34
      72.2  1.65e+34
      71.6  1.69e+34
      71.1  1.72e+34
      70.5  1.75e+34
      69.9  1.78e+34
      69.4   1.8e+34
      68.8  1.83e+34
      68.3  1.85e+34
      67.7  1.88e+34
      67.2   1.9e+34
      66.6  1.92e+34
        66  1.93e+34
      65.5  1.95e+34
      64.9  1.96e+34
      64.4  1.97e+34
      63.8  1.98e+34
      63.3  1.99e+34
      62.7  1.99e+34
      62.2  1.99e+34
      61.6  1.99e+34
        61  1.99e+34
      60.5  1.98e+34
      59.9  1.97e+34
      59.4  1.96e+34
      58.8  1.95e+34
      58.3  1.93e+34
      57.7  1.91e+34
      57.1  1.89e+34
      56.6  1.87e+34
        56  1.84e+34
      55.5  1.82e+34
      54.9  1.79e+34
      54.4  1.75e+34
      53.8  1.72e+34
      53.3  1.68e+34
      52.7  1.64e+34
      52.1   1.6e+34
      51.6  1.56e+34
        51  1.52e+34
      50.5  1.48e+34
      49.9  1.43e+34
      49.4  1.38e+34
      48.8  1.34e+34
      48.2  1.29e+34
      47.7  1.24e+34
      47.1  1.19e+34
      46.6  1.14e+34
        46  1.09e+34
      45.5  1.04e+34
      44.9  9.94e+33
      44.3  9.46e+33
      43.8  8.97e+33
      43.2   8.5e+33
      42.7  8.03e+33
      42.1  7.57e+33
      41.6  7.12e+33
        41  6.68e+33
      40.5  6.25e+33
      39.9  5.84e+33
      39.3  5.44e+33
      38.8  5.06e+33
      38.2  4.69e+33
      37.7  4.33e+33
      37.1  3.99e+33
      36.6  3.67e+33
        36  3.36e+33
      35.4  3.07e+33
      34.9   2.8e+33
      34.3  2.54e+33
      33.8   2.3e+33
      33.2  2.08e+33
      32.7  1.87e+33
      32.1  1.68e+33
      31.6   1.5e+33
        31  1.33e+33
      30.4  1.18e+33
      29.9  1.04e+33
      29.3  9.17e+32
      28.8  8.04e+32
      28.2  7.01e+32
      27.7  6.09e+32
      27.1  5.26e+32
      26.5  4.53e+32
        26  3.88e+32
      25.4  3.31e+32
      24.9   2.8e+32
      24.3  2.36e+32
      23.8  1.98e+32
      23.2  1.65e+32
      22.6  1.37e+32
      22.1  1.13e+32
      21.5  9.22e+31
        21  7.49e+31
      20.4  6.04e+31
      19.9  4.83e+31
      19.3  3.84e+31
      18.8  3.02e+31
      18.2  2.36e+31
      17.6  1.83e+31
      17.1   1.4e+31
      16.5  1.06e+31
        16  7.96e+30
      15.4   5.9e+30
      14.9  4.32e+30
      14.3  3.13e+30
      13.7  2.23e+30
      13.2  1.56e+30
      12.6  1.08e+30
      12.1  7.31e+29
      11.5  4.86e+29
        11  3.16e+29
      10.4  2.01e+29
      9.85  1.23e+29
      9.29  7.35e+28
      8.74  4.22e+28
      8.18  2.32e+28
      7.62  1.21e+28
      7.07  5.99e+27
      6.51  2.78e+27
      5.96  1.22e+27
       5.4  5.11e+26
      4.84  2.12e+26
      4.29  9.48e+25
      3.73  4.79e+25
      3.17  2.86e+25
      2.62   1.9e+25
      2.06  1.34e+25
       1.5  9.79e+24
     0.948  7.14e+24
     0.392  4.96e+24
    -0.165  3.66e+24
    -0.721  2.62e+24
     -1.28  1.83e+24
     -1.83  1.37e+24
     -2.39  9.39e+23
     -2.95  7.07e+23
      -3.5  4.36e+23
     -4.06  3.13e+23
     -4.62   1.9e+23
     -5.17  1.36e+23
     -5.73  8.04e+22
     -6.29  7.72e+22
     -6.84  1.72e+22
      -7.4  2.87e+22
     -7.95  1.47e+22
     -8.51  9.06e+21
     -9.07 -9.95e+20
     -9.62   1.1e+22
     -10.2 -1.72e+21
     -10.7 -6.79e+21
     -11.3 -1.68e+21
     -11.8  3.23e+21
     -12.4 -1.73e+21
       -13  2.13e+21
     -13.5 -1.35e+21
     -14.1     4e+20
     -14.6 -2.04e+20
     -15.2 -5.01e+17
     -15.7  4.48e+18
     -16.3  1.21e+20
     -16.9 -2.31e+20
     -17.4 -1.28e+20
       -18  1.99e+19
     -18.5  1.44e+19
     -19.1  1.55e+19
     -19.6  -1.7e+19
     -20.2  8.25e+18
     -20.8 -1.81e+18
     -21.3  2.82e+17
     -21.9 -1.16e+17
     -22.4  1.55e+17
       -23  -6.2e+14
     -23.5  2.19e+12

pressure[atm]        = 1
temperature[K]           = 1400
energy step[1/cm]        = 195
maximum energy[kcal/mol] = 142

bimolecular PEDs:
   E, kcal    P1->P2
       142  7.76e+30
       141   8.5e+30
       141   9.3e+30
       140  1.02e+31
       139  1.11e+31
       139  1.21e+31
       138  1.33e+31
       138  1.45e+31
       137  1.58e+31
       137  1.73e+31
       136  1.88e+31
       136  2.05e+31
       135  2.24e+31
       134  2.44e+31
       134  2.66e+31
       133   2.9e+31
       133  3.15e+31
       132  3.43e+31
       132  3.73e+31
       131  4.06e+31
       131  4.41e+31
       130  4.79e+31
       129   5.2e+31
       129  5.65e+31
       128  6.13e+31
       128  6.65e+31
       127  7.21e+31
       127  7.82e+31
       126  8.47e+31
       126  9.17e+31
       125  9.93e+31
       124  1.07e+32
       124  1.16e+32
       123  1.26e+32
       123  1.36e+32
       122  1.47e+32
       122  1.59e+32
       121  1.71e+32
       121  1.85e+32
       120  1.99e+32
       119  2.15e+32
       119  2.31e+32
       118  2.49e+32
       118  2.68e+32
       117  2.89e+32
       117  3.11e+32
       116  3.34e+32
       116  3.59e+32
       115  3.86e+32
       114  4.14e+32
       114  4.45e+32
       113  4.77e+32
       113  5.12e+32
       112  5.48e+32
       112  5.87e+32
       111  6.29e+32
       111  6.73e+32
       110   7.2e+32
       109   7.7e+32
       109  8.22e+32
       108  8.78e+32
       108  9.37e+32
       107     1e+33
       107  1.07e+33
       106  1.14e+33
       106  1.21e+33
       105  1.29e+33
       104  1.37e+33
       104  1.46e+33
       103  1.55e+33
       103  1.65e+33
       102  1.75e+33
       102  1.86e+33
       101  1.97e+33
       101  2.09e+33
       100  2.21e+33
      99.4  2.34e+33
      98.9  2.48e+33
      98.3  2.62e+33
      97.8  2.77e+33
      97.2  2.92e+33
      96.7  3.09e+33
      96.1  3.26e+33
      95.5  3.43e+33
        95  3.62e+33
      94.4  3.81e+33
      93.9  4.01e+33
      93.3  4.22e+33
      92.8  4.43e+33
      92.2  4.65e+33
      91.6  4.88e+33
      91.1  5.12e+33
      90.5  5.37e+33
        90  5.62e+33
      89.4  5.89e+33
      88.9  6.16e+33
      88.3  6.44e+33
      87.7  6.72e+33
      87.2  7.02e+33
      86.6  7.32e+33
      86.1  7.63e+33
      85.5  7.94e+33
        85  8.27e+33
      84.4   8.6e+33
      83.9  8.93e+33
      83.3  9.28e+33
      82.7  9.62e+33
      82.2  9.98e+33
      81.6  1.03e+34
      81.1  1.07e+34
      80.5  1.11e+34
        80  1.14e+34
      79.4  1.18e+34
      78.8  1.22e+34
      78.3  1.26e+34
      77.7  1.29e+34
      77.2  1.33e+34
      76.6  1.37e+34
      76.1  1.41e+34
      75.5  1.44e+34
        75  1.48e+34
      74.4  1.51e+34
      73.8  1.55e+34
      73.3  1.59e+34
      72.7  1.62e+34
      72.2  1.65e+34
      71.6  1.69e+34
      71.1  1.72e+34
      70.5  1.75e+34
      69.9  1.78e+34
      69.4   1.8e+34
      68.8  1.83e+34
      68.3  1.85e+34
      67.7  1.88e+34
      67.2   1.9e+34
      66.6  1.92e+34
        66  1.93e+34
      65.5  1.95e+34
      64.9  1.96e+34
      64.4  1.97e+34
      63.8  1.98e+34
      63.3  1.99e+34
      62.7  1.99e+34
      62.2  1.99e+34
      61.6  1.99e+34
        61  1.99e+34
      60.5  1.98e+34
      59.9  1.97e+34
      59.4  1.96e+34
      58.8  1.95e+34
      58.3  1.93e+34
      57.7  1.91e+34
      57.1  1.89e+34
      56.6  1.87e+34
        56  1.84e+34
      55.5  1.82e+34
      54.9  1.79e+34
      54.4  1.75e+34
      53.8  1.72e+34
      53.3  1.68e+34
      52.7  1.64e+34
      52.1   1.6e+34
      51.6  1.56e+34
        51  1.52e+34
      50.5  1.48e+34
      49.9  1.43e+34
      49.4  1.38e+34
      48.8  1.34e+34
      48.2  1.29e+34
      47.7  1.24e+34
      47.1  1.19e+34
      46.6  1.14e+34
        46  1.09e+34
      45.5  1.04e+34
      44.9  9.95e+33
      44.3  9.46e+33
      43.8  8.98e+33
      43.2   8.5e+33
      42.7  8.03e+33
      42.1  7.57e+33
      41.6  7.12e+33
        41  6.69e+33
      40.5  6.26e+33
      39.9  5.85e+33
      39.3  5.45e+33
      38.8  5.06e+33
      38.2  4.69e+33
      37.7  4.34e+33
      37.1     4e+33
      36.6  3.67e+33
        36  3.37e+33
      35.4  3.08e+33
      34.9   2.8e+33
      34.3  2.55e+33
      33.8  2.31e+33
      33.2  2.08e+33
      32.7  1.87e+33
      32.1  1.68e+33
      31.6   1.5e+33
        31  1.33e+33
      30.4  1.18e+33
      29.9  1.04e+33
      29.3  9.19e+32
      28.8  8.05e+32
      28.2  7.02e+32
      27.7   6.1e+32
      27.1  5.28e+32
      26.5  4.54e+32
        26  3.89e+32
      25.4  3.32e+32
      24.9  2.81e+32
      24.3  2.37e+32
      23.8  1.99e+32
      23.2  1.66e+32
      22.6  1.37e+32
      22.1  1.13e+32
      21.5  9.25e+31
        21  7.52e+31
      20.4  6.07e+31
      19.9  4.86e+31
      19.3  3.86e+31
      18.8  3.04e+31
      18.2  2.38e+31
      17.6  1.84e+31
      17.1  1.41e+31
      16.5  1.07e+31
        16  8.04e+30
      15.4  5.97e+30
      14.9  4.37e+30
      14.3  3.17e+30
      13.7  2.26e+30
      13.2  1.59e+30
      12.6   1.1e+30
      12.1  7.49e+29
      11.5     5e+29
        11  3.27e+29
      10.4  2.09e+29
      9.85   1.3e+29
      9.29  7.86e+28
      8.74  4.61e+28
      8.18  2.61e+28
      7.62  1.44e+28
      7.07  7.72e+27
      6.51  4.09e+27
      5.96   2.2e+27
       5.4  1.25e+27
      4.84  7.64e+26
      4.29  5.05e+26
      3.73  3.53e+26
      3.17  2.54e+26
      2.62  1.85e+26
      2.06  1.35e+26
       1.5  9.83e+25
     0.948  7.18e+25
     0.392  5.18e+25
    -0.165  3.75e+25
    -0.721  2.67e+25
     -1.28  1.91e+25
     -1.83  1.31e+25
     -2.39  9.43e+24
     -2.95  6.37e+24
      -3.5  4.51e+24
     -4.06  3.03e+24
     -4.62  2.06e+24
     -5.17  1.39e+24
     -5.73  8.83e+23
     -6.29  6.32e+23
     -6.84  3.56e+23
      -7.4  2.41e+23
     -7.95  1.73e+23
     -8.51  7.55e+22
     -9.07  5.71e+22
     -9.62  4.45e+22
     -10.2  3.36e+21
     -10.7  2.31e+22
     -11.3 -1.87e+21
     -11.8  6.86e+21
     -12.4  4.55e+20
       -13  7.99e+20
     -13.5  4.25e+19
     -14.1  1.29e+21
     -14.6  2.52e+20
     -15.2 -2.61e+20
     -15.7  9.56e+19
     -16.3 -3.05e+19
     -16.9  3.76e+19
     -17.4 -5.39e+19
       -18  4.45e+19
     -18.5  2.14e+18
     -19.1  2.17e+19
     -19.6 -1.04e+20
     -20.2 -7.64e+19
     -20.8  2.57e+19
     -21.3 -6.51e+18
     -21.9  6.85e+18
     -22.4  3.54e+16
       -23  2.54e+14
     -23.5  2.28e+12

pressure[atm]        = 10
temperature[K]           = 1400
energy step[1/cm]        = 195
maximum energy[kcal/mol] = 142

bimolecular PEDs:
   E, kcal    P1->P2
       142  7.61e+30
       141  8.34e+30
       141  9.14e+30
       140     1e+31
       139   1.1e+31
       139   1.2e+31
       138  1.31e+31
       138  1.43e+31
       137  1.57e+31
       137  1.71e+31
       136  1.87e+31
       136  2.04e+31
       135  2.22e+31
       134  2.42e+31
       134  2.64e+31
       133  2.87e+31
       133  3.13e+31
       132   3.4e+31
       132   3.7e+31
       131  4.02e+31
       131  4.37e+31
       130  4.75e+31
       129  5.16e+31
       129   5.6e+31
       128  6.08e+31
       128   6.6e+31
       127  7.15e+31
       127  7.76e+31
       126   8.4e+31
       126   9.1e+31
       125  9.86e+31
       124  1.07e+32
       124  1.15e+32
       123  1.25e+32
       123  1.35e+32
       122  1.46e+32
       122  1.57e+32
       121   1.7e+32
       121  1.83e+32
       120  1.98e+32
       119  2.13e+32
       119   2.3e+32
       118  2.48e+32
       118  2.67e+32
       117  2.87e+32
       117  3.09e+32
       116  3.32e+32
       116  3.57e+32
       115  3.83e+32
       114  4.12e+32
       114  4.42e+32
       113  4.74e+32
       113  5.08e+32
       112  5.45e+32
       112  5.83e+32
       111  6.25e+32
       111  6.69e+32
       110  7.15e+32
       109  7.65e+32
       109  8.17e+32
       108  8.73e+32
       108  9.32e+32
       107  9.94e+32
       107  1.06e+33
       106  1.13e+33
       106   1.2e+33
       105  1.28e+33
       104  1.36e+33
       104  1.45e+33
       103  1.54e+33
       103  1.64e+33
       102  1.74e+33
       102  1.85e+33
       101  1.96e+33
       101  2.08e+33
       100   2.2e+33
      99.4  2.33e+33
      98.9  2.46e+33
      98.3  2.61e+33
      97.8  2.75e+33
      97.2  2.91e+33
      96.7  3.07e+33
      96.1  3.24e+33
      95.5  3.42e+33
        95   3.6e+33
      94.4  3.79e+33
      93.9  3.99e+33
      93.3  4.19e+33
      92.8  4.41e+33
      92.2  4.63e+33
      91.6  4.86e+33
      91.1   5.1e+33
      90.5  5.34e+33
        90   5.6e+33
      89.4  5.86e+33
      88.9  6.13e+33
      88.3  6.41e+33
      87.7  6.69e+33
      87.2  6.99e+33
      86.6  7.29e+33
      86.1   7.6e+33
      85.5  7.91e+33
        85  8.23e+33
      84.4  8.56e+33
      83.9   8.9e+33
      83.3  9.24e+33
      82.7  9.59e+33
      82.2  9.94e+33
      81.6  1.03e+34
      81.1  1.07e+34
      80.5   1.1e+34
        80  1.14e+34
      79.4  1.18e+34
      78.8  1.21e+34
      78.3  1.25e+34
      77.7  1.29e+34
      77.2  1.33e+34
      76.6  1.36e+34
      76.1   1.4e+34
      75.5  1.44e+34
        75  1.47e+34
      74.4  1.51e+34
      73.8  1.55e+34
      73.3  1.58e+34
      72.7  1.62e+34
      72.2  1.65e+34
      71.6  1.68e+34
      71.1  1.71e+34
      70.5  1.74e+34
      69.9  1.77e+34
      69.4   1.8e+34
      68.8  1.83e+34
      68.3  1.85e+34
      67.7  1.87e+34
      67.2  1.89e+34
      66.6  1.91e+34
        66  1.93e+34
      65.5  1.95e+34
      64.9  1.96e+34
      64.4  1.97e+34
      63.8  1.98e+34
      63.3  1.99e+34
      62.7  1.99e+34
      62.2  1.99e+34
      61.6  1.99e+34
        61  1.99e+34
      60.5  1.98e+34
      59.9  1.97e+34
      59.4  1.96e+34
      58.8  1.95e+34
      58.3  1.93e+34
      57.7  1.92e+34
      57.1   1.9e+34
      56.6  1.87e+34
        56  1.85e+34
      55.5  1.82e+34
      54.9  1.79e+34
      54.4  1.76e+34
      53.8  1.72e+34
      53.3  1.69e+34
      52.7  1.65e+34
      52.1  1.61e+34
      51.6  1.57e+34
        51  1.52e+34
      50.5  1.48e+34
      49.9  1.44e+34
      49.4  1.39e+34
      48.8  1.34e+34
      48.2  1.29e+34
      47.7  1.25e+34
      47.1   1.2e+34
      46.6  1.15e+34
        46   1.1e+34
      45.5  1.05e+34
      44.9     1e+34
      44.3  9.51e+33
      43.8  9.03e+33
      43.2  8.55e+33
      42.7  8.08e+33
      42.1  7.62e+33
      41.6  7.17e+33
        41  6.73e+33
      40.5  6.31e+33
      39.9  5.89e+33
      39.3  5.49e+33
      38.8   5.1e+33
      38.2  4.73e+33
      37.7  4.38e+33
      37.1  4.04e+33
      36.6  3.71e+33
        36   3.4e+33
      35.4  3.11e+33
      34.9  2.84e+33
      34.3  2.58e+33
      33.8  2.34e+33
      33.2  2.11e+33
      32.7   1.9e+33
      32.1   1.7e+33
      31.6  1.52e+33
        31  1.36e+33
      30.4   1.2e+33
      29.9  1.06e+33
      29.3  9.37e+32
      28.8  8.21e+32
      28.2  7.17e+32
      27.7  6.24e+32
      27.1   5.4e+32
      26.5  4.65e+32
        26  3.99e+32
      25.4  3.41e+32
      24.9  2.89e+32
      24.3  2.44e+32
      23.8  2.05e+32
      23.2  1.71e+32
      22.6  1.42e+32
      22.1  1.18e+32
      21.5  9.64e+31
        21  7.86e+31
      20.4  6.36e+31
      19.9  5.11e+31
      19.3  4.08e+31
      18.8  3.23e+31
      18.2  2.53e+31
      17.6  1.97e+31
      17.1  1.52e+31
      16.5  1.16e+31
        16  8.81e+30
      15.4   6.6e+30
      14.9   4.9e+30
      14.3   3.6e+30
      13.7  2.61e+30
      13.2  1.87e+30
      12.6  1.33e+30
      12.1   9.3e+29
      11.5  6.43e+29
        11   4.4e+29
      10.4  2.98e+29
      9.85     2e+29
      9.29  1.33e+29
      8.74  8.79e+28
      8.18  5.83e+28
      7.62   3.9e+28
      7.07  2.65e+28
      6.51  1.84e+28
      5.96   1.3e+28
       5.4  9.39e+27
      4.84  6.89e+27
      4.29  5.09e+27
      3.73  3.78e+27
      3.17  2.81e+27
      2.62  2.08e+27
      2.06  1.54e+27
       1.5  1.13e+27
     0.948  8.28e+26
     0.392  6.04e+26
    -0.165  4.38e+26
    -0.721  3.16e+26
     -1.28  2.26e+26
     -1.83  1.62e+26
     -2.39  1.15e+26
     -2.95  8.11e+25
      -3.5  5.71e+25
     -4.06  3.93e+25
     -4.62  2.74e+25
     -5.17  1.87e+25
     -5.73  1.26e+25
     -6.29  8.63e+24
     -6.84   5.7e+24
      -7.4  3.84e+24
     -7.95  2.46e+24
     -8.51  1.67e+24
     -9.07  1.07e+24
     -9.62  6.83e+23
     -10.2  4.49e+23
     -10.7  2.95e+23
     -11.3  1.76e+23
     -11.8  1.25e+23
     -12.4   7.2e+22
       -13  5.11e+22
     -13.5  3.21e+22
     -14.1  2.07e+22
     -14.6  1.37e+22
     -15.2  8.65e+21
     -15.7  5.45e+21
     -16.3  3.57e+21
     -16.9  2.07e+21
     -17.4  1.25e+21
       -18  7.33e+20
     -18.5  4.32e+20
     -19.1   2.3e+20
     -19.6   1.1e+20
     -20.2  6.49e+19
     -20.8  1.44e+19
     -21.3  1.18e+19
     -21.9  2.91e+18
     -22.4  9.22e+17
       -23  1.44e+17
     -23.5  8.81e+11

pressure[atm]        = 100
temperature[K]           = 1400
energy step[1/cm]        = 195
maximum energy[kcal/mol] = 142

bimolecular PEDs:
   E, kcal    P1->P2
       142  6.63e+30
       141   7.3e+30
       141  8.04e+30
       140  8.85e+30
       139  9.74e+30
       139  1.07e+31
       138  1.17e+31
       138  1.29e+31
       137  1.41e+31
       137  1.55e+31
       136  1.69e+31
       136  1.85e+31
       135  2.02e+31
       134  2.21e+31
       134  2.41e+31
       133  2.63e+31
       133  2.87e+31
       132  3.13e+31
       132  3.41e+31
       131  3.71e+31
       131  4.03e+31
       130  4.39e+31
       129  4.77e+31
       129  5.18e+31
       128  5.63e+31
       128  6.11e+31
       127  6.63e+31
       127  7.19e+31
       126  7.79e+31
       126  8.45e+31
       125  9.15e+31
       124  9.91e+31
       124  1.07e+32
       123  1.16e+32
       123  1.25e+32
       122  1.36e+32
       122  1.47e+32
       121  1.58e+32
       121  1.71e+32
       120  1.84e+32
       119  1.99e+32
       119  2.14e+32
       118  2.31e+32
       118  2.49e+32
       117  2.68e+32
       117  2.88e+32
       116   3.1e+32
       116  3.34e+32
       115  3.59e+32
       114  3.85e+32
       114  4.14e+32
       113  4.44e+32
       113  4.76e+32
       112  5.11e+32
       112  5.47e+32
       111  5.86e+32
       111  6.28e+32
       110  6.72e+32
       109  7.18e+32
       109  7.68e+32
       108  8.21e+32
       108  8.77e+32
       107  9.36e+32
       107  9.98e+32
       106  1.06e+33
       106  1.13e+33
       105  1.21e+33
       104  1.29e+33
       104  1.37e+33
       103  1.46e+33
       103  1.55e+33
       102  1.64e+33
       102  1.75e+33
       101  1.85e+33
       101  1.96e+33
       100  2.08e+33
      99.4  2.21e+33
      98.9  2.34e+33
      98.3  2.47e+33
      97.8  2.61e+33
      97.2  2.76e+33
      96.7  2.92e+33
      96.1  3.08e+33
      95.5  3.25e+33
        95  3.42e+33
      94.4  3.61e+33
      93.9   3.8e+33
      93.3     4e+33
      92.8   4.2e+33
      92.2  4.42e+33
      91.6  4.64e+33
      91.1  4.87e+33
      90.5  5.11e+33
        90  5.35e+33
      89.4  5.61e+33
      88.9  5.87e+33
      88.3  6.14e+33
      87.7  6.42e+33
      87.2   6.7e+33
      86.6     7e+33
      86.1   7.3e+33
      85.5   7.6e+33
        85  7.92e+33
      84.4  8.24e+33
      83.9  8.57e+33
      83.3  8.91e+33
      82.7  9.25e+33
      82.2  9.59e+33
      81.6  9.95e+33
      81.1  1.03e+34
      80.5  1.07e+34
        80   1.1e+34
      79.4  1.14e+34
      78.8  1.18e+34
      78.3  1.21e+34
      77.7  1.25e+34
      77.2  1.29e+34
      76.6  1.33e+34
      76.1  1.36e+34
      75.5   1.4e+34
        75  1.44e+34
      74.4  1.47e+34
      73.8  1.51e+34
      73.3  1.54e+34
      72.7  1.58e+34
      72.2  1.61e+34
      71.6  1.65e+34
      71.1  1.68e+34
      70.5  1.71e+34
      69.9  1.74e+34
      69.4  1.77e+34
      68.8   1.8e+34
      68.3  1.82e+34
      67.7  1.85e+34
      67.2  1.87e+34
      66.6  1.89e+34
        66  1.91e+34
      65.5  1.93e+34
      64.9  1.94e+34
      64.4  1.95e+34
      63.8  1.97e+34
      63.3  1.97e+34
      62.7  1.98e+34
      62.2  1.98e+34
      61.6  1.99e+34
        61  1.99e+34
      60.5  1.98e+34
      59.9  1.98e+34
      59.4  1.97e+34
      58.8  1.96e+34
      58.3  1.94e+34
      57.7  1.93e+34
      57.1  1.91e+34
      56.6  1.89e+34
        56  1.87e+34
      55.5  1.84e+34
      54.9  1.81e+34
      54.4  1.78e+34
      53.8  1.75e+34
      53.3  1.72e+34
      52.7  1.68e+34
      52.1  1.64e+34
      51.6  1.61e+34
        51  1.56e+34
      50.5  1.52e+34
      49.9  1.48e+34
      49.4  1.43e+34
      48.8  1.39e+34
      48.2  1.34e+34
      47.7  1.29e+34
      47.1  1.25e+34
      46.6   1.2e+34
        46  1.15e+34
      45.5   1.1e+34
      44.9  1.05e+34
      44.3     1e+34
      43.8  9.54e+33
      43.2  9.06e+33
      42.7  8.59e+33
      42.1  8.12e+33
      41.6  7.67e+33
        41  7.22e+33
      40.5  6.78e+33
      39.9  6.36e+33
      39.3  5.95e+33
      38.8  5.55e+33
      38.2  5.17e+33
      37.7   4.8e+33
      37.1  4.44e+33
      36.6   4.1e+33
        36  3.78e+33
      35.4  3.47e+33
      34.9  3.18e+33
      34.3  2.91e+33
      33.8  2.65e+33
      33.2   2.4e+33
      32.7  2.18e+33
      32.1  1.97e+33
      31.6  1.77e+33
        31  1.59e+33
      30.4  1.42e+33
      29.9  1.26e+33
      29.3  1.12e+33
      28.8  9.93e+32
      28.2  8.76e+32
      27.7  7.69e+32
      27.1  6.73e+32
      26.5  5.87e+32
        26  5.09e+32
      25.4  4.41e+32
      24.9  3.79e+32
      24.3  3.25e+32
      23.8  2.78e+32
      23.2  2.36e+32
      22.6     2e+32
      22.1  1.69e+32
      21.5  1.41e+32
        21  1.18e+32
      20.4  9.81e+31
      19.9  8.11e+31
      19.3  6.68e+31
      18.8  5.47e+31
      18.2  4.47e+31
      17.6  3.63e+31
      17.1  2.93e+31
      16.5  2.36e+31
        16  1.89e+31
      15.4  1.51e+31
      14.9   1.2e+31
      14.3   9.5e+30
      13.7   7.5e+30
      13.2  5.91e+30
      12.6  4.65e+30
      12.1  3.64e+30
      11.5  2.86e+30
        11  2.23e+30
      10.4  1.75e+30
      9.85  1.37e+30
      9.29  1.07e+30
      8.74  8.36e+29
      8.18  6.54e+29
      7.62  5.12e+29
      7.07  4.01e+29
      6.51  3.14e+29
      5.96  2.46e+29
       5.4  1.92e+29
      4.84   1.5e+29
      4.29  1.17e+29
      3.73   9.1e+28
      3.17  7.06e+28
      2.62  5.47e+28
      2.06  4.22e+28
       1.5  3.25e+28
     0.948   2.5e+28
     0.392  1.91e+28
    -0.165  1.46e+28
    -0.721  1.11e+28
     -1.28  8.36e+27
     -1.83  6.29e+27
     -2.39  4.72e+27
     -2.95  3.52e+27
      -3.5  2.62e+27
     -4.06  1.94e+27
     -4.62  1.43e+27
     -5.17  1.05e+27
     -5.73  7.73e+26
     -6.29  5.66e+26
     -6.84  4.13e+26
      -7.4     3e+26
     -7.95  2.17e+26
     -8.51  1.57e+26
     -9.07  1.13e+26
     -9.62   8.1e+25
     -10.2  5.76e+25
     -10.7   4.1e+25
     -11.3   2.9e+25
     -11.8  2.05e+25
     -12.4  1.43e+25
       -13  9.87e+24
     -13.5  6.88e+24
     -14.1  4.64e+24
     -14.6  3.17e+24
     -15.2  2.11e+24
     -15.7  1.38e+24
     -16.3  8.97e+23
     -16.9  5.76e+23
     -17.4   3.5e+23
       -18  2.17e+23
     -18.5  1.22e+23
     -19.1  6.94e+22
     -19.6  3.36e+22
     -20.2  1.47e+22
     -20.8  7.24e+21
     -21.3   3.3e+21
     -21.9  1.36e+21
     -22.4  2.97e+20
       -23  5.59e+19
     -23.5   6.2e+13

pressure[atm]        = 0.01
temperature[K]           = 1500
energy step[1/cm]        = 209
maximum energy[kcal/mol] = 155

bimolecular PEDs:
   E, kcal    P1->P2
       155  9.26e+31
       154  1.01e+32
       154  1.11e+32
       153  1.21e+32
       152  1.32e+32
       152  1.45e+32
       151  1.58e+32
       151  1.73e+32
       150  1.88e+32
       149  2.06e+32
       149  2.24e+32
       148  2.44e+32
       148  2.66e+32
       147   2.9e+32
       146  3.16e+32
       146  3.44e+32
       145  3.75e+32
       145  4.08e+32
       144  4.44e+32
       143  4.82e+32
       143  5.24e+32
       142  5.69e+32
       142  6.18e+32
       141  6.71e+32
       140  7.28e+32
       140   7.9e+32
       139  8.57e+32
       139  9.29e+32
       138  1.01e+33
       137  1.09e+33
       137  1.18e+33
       136  1.28e+33
       136  1.38e+33
       135  1.49e+33
       134  1.61e+33
       134  1.74e+33
       133  1.88e+33
       133  2.03e+33
       132  2.19e+33
       131  2.37e+33
       131  2.55e+33
       130  2.75e+33
       130  2.96e+33
       129  3.19e+33
       128  3.43e+33
       128  3.69e+33
       127  3.97e+33
       127  4.27e+33
       126  4.58e+33
       125  4.92e+33
       125  5.28e+33
       124  5.67e+33
       124  6.08e+33
       123  6.51e+33
       123  6.98e+33
       122  7.47e+33
       121  7.99e+33
       121  8.55e+33
       120  9.14e+33
       120  9.77e+33
       119  1.04e+34
       118  1.11e+34
       118  1.19e+34
       117  1.27e+34
       117  1.35e+34
       116  1.44e+34
       115  1.53e+34
       115  1.63e+34
       114  1.74e+34
       114  1.85e+34
       113  1.96e+34
       112  2.08e+34
       112  2.21e+34
       111  2.34e+34
       111  2.48e+34
       110  2.63e+34
       109  2.79e+34
       109  2.95e+34
       108  3.12e+34
       108   3.3e+34
       107  3.49e+34
       106  3.68e+34
       106  3.88e+34
       105   4.1e+34
       105  4.32e+34
       104  4.55e+34
       103  4.79e+34
       103  5.03e+34
       102  5.29e+34
       102  5.56e+34
       101  5.84e+34
       100  6.12e+34
      99.9  6.42e+34
      99.3  6.73e+34
      98.7  7.05e+34
      98.1  7.37e+34
      97.5  7.71e+34
      96.9  8.06e+34
      96.3  8.41e+34
      95.7  8.78e+34
      95.1  9.15e+34
      94.5  9.54e+34
      93.9  9.93e+34
      93.3  1.03e+35
      92.7  1.07e+35
      92.1  1.12e+35
      91.5  1.16e+35
      90.9   1.2e+35
      90.3  1.25e+35
      89.7  1.29e+35
      89.1  1.34e+35
      88.5  1.38e+35
      87.9  1.43e+35
      87.3  1.47e+35
      86.7  1.52e+35
      86.2  1.57e+35
      85.6  1.61e+35
        85  1.66e+35
      84.4  1.71e+35
      83.8  1.75e+35
      83.2   1.8e+35
      82.6  1.84e+35
        82  1.89e+35
      81.4  1.93e+35
      80.8  1.98e+35
      80.2  2.02e+35
      79.6  2.06e+35
        79   2.1e+35
      78.4  2.14e+35
      77.8  2.18e+35
      77.2  2.21e+35
      76.6  2.25e+35
        76  2.28e+35
      75.4  2.31e+35
      74.8  2.34e+35
      74.2  2.37e+35
      73.6  2.39e+35
        73  2.41e+35
      72.4  2.43e+35
      71.8  2.45e+35
      71.2  2.46e+35
      70.7  2.47e+35
      70.1  2.48e+35
      69.5  2.49e+35
      68.9  2.49e+35
      68.3  2.49e+35
      67.7  2.49e+35
      67.1  2.48e+35
      66.5  2.47e+35
      65.9  2.46e+35
      65.3  2.44e+35
      64.7  2.43e+35
      64.1   2.4e+35
      63.5  2.38e+35
      62.9  2.35e+35
      62.3  2.32e+35
      61.7  2.29e+35
      61.1  2.25e+35
      60.5  2.21e+35
      59.9  2.17e+35
      59.3  2.13e+35
      58.7  2.08e+35
      58.1  2.03e+35
      57.5  1.98e+35
      56.9  1.93e+35
      56.3  1.88e+35
      55.7  1.82e+35
      55.2  1.77e+35
      54.6  1.71e+35
        54  1.65e+35
      53.4  1.59e+35
      52.8  1.53e+35
      52.2  1.47e+35
      51.6  1.41e+35
        51  1.35e+35
      50.4  1.29e+35
      49.8  1.23e+35
      49.2  1.17e+35
      48.6  1.11e+35
        48  1.05e+35
      47.4   9.9e+34
      46.8  9.34e+34
      46.2  8.79e+34
      45.6  8.25e+34
        45  7.73e+34
      44.4  7.22e+34
      43.8  6.73e+34
      43.2  6.26e+34
      42.6  5.81e+34
        42  5.38e+34
      41.4  4.96e+34
      40.8  4.56e+34
      40.2  4.19e+34
      39.7  3.83e+34
      39.1   3.5e+34
      38.5  3.18e+34
      37.9  2.89e+34
      37.3  2.61e+34
      36.7  2.35e+34
      36.1  2.11e+34
      35.5  1.89e+34
      34.9  1.69e+34
      34.3   1.5e+34
      33.7  1.33e+34
      33.1  1.17e+34
      32.5  1.03e+34
      31.9  9.04e+33
      31.3  7.88e+33
      30.7  6.85e+33
      30.1  5.92e+33
      29.5  5.09e+33
      28.9  4.36e+33
      28.3  3.72e+33
      27.7  3.16e+33
      27.1  2.66e+33
      26.5  2.24e+33
      25.9  1.87e+33
      25.3  1.55e+33
      24.7  1.28e+33
      24.2  1.05e+33
      23.6  8.53e+32
        23   6.9e+32
      22.4  5.55e+32
      21.8  4.42e+32
      21.2   3.5e+32
      20.6  2.75e+32
        20  2.14e+32
      19.4  1.65e+32
      18.8  1.26e+32
      18.2  9.53e+31
      17.6  7.13e+31
        17  5.28e+31
      16.4  3.86e+31
      15.8  2.79e+31
      15.2  1.99e+31
      14.6  1.39e+31
        14  9.64e+30
      13.4  6.55e+30
      12.8  4.37e+30
      12.2  2.86e+30
      11.6  1.83e+30
        11  1.14e+30
      10.4  6.91e+29
      9.85  4.05e+29
      9.25  2.28e+29
      8.65  1.23e+29
      8.06   6.3e+28
      7.46  3.03e+28
      6.86  1.36e+28
      6.27  5.61e+27
      5.67  2.12e+27
      5.08  7.37e+26
      4.48  2.35e+26
      3.88  7.64e+25
      3.29  2.91e+25
      2.69  9.35e+24
       2.1  7.37e+24
       1.5  6.44e+24
     0.903 -4.96e+22
     0.307  5.33e+24
    -0.289 -7.83e+23
    -0.885  2.58e+24
     -1.48  2.63e+22
     -2.08  5.68e+23
     -2.67 -6.64e+22
     -3.27  2.36e+23
     -3.87   1.7e+23
     -4.46  5.01e+22
     -5.06  3.09e+22
     -5.65  6.14e+22
     -6.25  5.81e+21
     -6.85  3.17e+22
     -7.44  1.05e+22
     -8.04 -9.59e+21
     -8.64  6.82e+22
     -9.23 -3.36e+21
     -9.83 -5.09e+21
     -10.4  8.92e+21
       -11  -2.4e+21
     -11.6 -1.03e+21
     -12.2  6.84e+19
     -12.8  2.75e+20
     -13.4  1.34e+20
       -14  1.01e+21
     -14.6 -1.46e+21
     -15.2  5.24e+20
     -15.8  2.02e+20
     -16.4 -9.68e+19
       -17 -1.46e+20
     -17.6  2.04e+17
     -18.2 -1.07e+20
     -18.8   5.9e+19
     -19.4 -2.63e+19
       -20   1.5e+19
     -20.6  1.61e+18
     -21.2 -1.88e+17
     -21.8    -7e+17
     -22.3  1.87e+17
     -22.9  6.99e+15

pressure[atm]        = 0.1
temperature[K]           = 1500
energy step[1/cm]        = 209
maximum energy[kcal/mol] = 155

bimolecular PEDs:
   E, kcal    P1->P2
       155  9.26e+31
       154  1.01e+32
       154  1.11e+32
       153  1.21e+32
       152  1.32e+32
       152  1.45e+32
       151  1.58e+32
       151  1.73e+32
       150  1.88e+32
       149  2.06e+32
       149  2.24e+32
       148  2.44e+32
       148  2.66e+32
       147   2.9e+32
       146  3.16e+32
       146  3.44e+32
       145  3.75e+32
       145  4.08e+32
       144  4.43e+32
       143  4.82e+32
       143  5.24e+32
       142  5.69e+32
       142  6.18e+32
       141  6.71e+32
       140  7.28e+32
       140   7.9e+32
       139  8.57e+32
       139  9.29e+32
       138  1.01e+33
       137  1.09e+33
       137  1.18e+33
       136  1.28e+33
       136  1.38e+33
       135  1.49e+33
       134  1.61e+33
       134  1.74e+33
       133  1.88e+33
       133  2.03e+33
       132  2.19e+33
       131  2.37e+33
       131  2.55e+33
       130  2.75e+33
       130  2.96e+33
       129  3.19e+33
       128  3.43e+33
       128  3.69e+33
       127  3.97e+33
       127  4.27e+33
       126  4.58e+33
       125  4.92e+33
       125  5.28e+33
       124  5.67e+33
       124  6.08e+33
       123  6.51e+33
       123  6.98e+33
       122  7.47e+33
       121  7.99e+33
       121  8.55e+33
       120  9.14e+33
       120  9.77e+33
       119  1.04e+34
       118  1.11e+34
       118  1.19e+34
       117  1.27e+34
       117  1.35e+34
       116  1.44e+34
       115  1.53e+34
       115  1.63e+34
       114  1.74e+34
       114  1.84e+34
       113  1.96e+34
       112  2.08e+34
       112  2.21e+34
       111  2.34e+34
       111  2.48e+34
       110  2.63e+34
       109  2.79e+34
       109  2.95e+34
       108  3.12e+34
       108   3.3e+34
       107  3.49e+34
       106  3.68e+34
       106  3.88e+34
       105   4.1e+34
       105  4.32e+34
       104  4.55e+34
       103  4.78e+34
       103  5.03e+34
       102  5.29e+34
       102  5.56e+34
       101  5.84e+34
       100  6.12e+34
      99.9  6.42e+34
      99.3  6.73e+34
      98.7  7.04e+34
      98.1  7.37e+34
      97.5  7.71e+34
      96.9  8.06e+34
      96.3  8.41e+34
      95.7  8.78e+34
      95.1  9.15e+34
      94.5  9.54e+34
      93.9  9.93e+34
      93.3  1.03e+35
      92.7  1.07e+35
      92.1  1.12e+35
      91.5  1.16e+35
      90.9   1.2e+35
      90.3  1.25e+35
      89.7  1.29e+35
      89.1  1.33e+35
      88.5  1.38e+35
      87.9  1.43e+35
      87.3  1.47e+35
      86.7  1.52e+35
      86.2  1.57e+35
      85.6  1.61e+35
        85  1.66e+35
      84.4  1.71e+35
      83.8  1.75e+35
      83.2   1.8e+35
      82.6  1.84e+35
        82  1.89e+35
      81.4  1.93e+35
      80.8  1.98e+35
      80.2  2.02e+35
      79.6  2.06e+35
        79   2.1e+35
      78.4  2.14e+35
      77.8  2.18e+35
      77.2  2.21e+35
      76.6  2.25e+35
        76  2.28e+35
      75.4  2.31e+35
      74.8  2.34e+35
      74.2  2.37e+35
      73.6  2.39e+35
        73  2.41e+35
      72.4  2.43e+35
      71.8  2.45e+35
      71.2  2.46e+35
      70.7  2.47e+35
      70.1  2.48e+35
      69.5  2.49e+35
      68.9  2.49e+35
      68.3  2.49e+35
      67.7  2.49e+35
      67.1  2.48e+35
      66.5  2.47e+35
      65.9  2.46e+35
      65.3  2.44e+35
      64.7  2.43e+35
      64.1   2.4e+35
      63.5  2.38e+35
      62.9  2.35e+35
      62.3  2.32e+35
      61.7  2.29e+35
      61.1  2.25e+35
      60.5  2.21e+35
      59.9  2.17e+35
      59.3  2.13e+35
      58.7  2.08e+35
      58.1  2.03e+35
      57.5  1.98e+35
      56.9  1.93e+35
      56.3  1.88e+35
      55.7  1.82e+35
      55.2  1.77e+35
      54.6  1.71e+35
        54  1.65e+35
      53.4  1.59e+35
      52.8  1.53e+35
      52.2  1.47e+35
      51.6  1.41e+35
        51  1.35e+35
      50.4  1.29e+35
      49.8  1.23e+35
      49.2  1.17e+35
      48.6  1.11e+35
        48  1.05e+35
      47.4  9.91e+34
      46.8  9.34e+34
      46.2  8.79e+34
      45.6  8.25e+34
        45  7.73e+34
      44.4  7.22e+34
      43.8  6.74e+34
      43.2  6.26e+34
      42.6  5.81e+34
        42  5.38e+34
      41.4  4.96e+34
      40.8  4.57e+34
      40.2  4.19e+34
      39.7  3.83e+34
      39.1   3.5e+34
      38.5  3.18e+34
      37.9  2.89e+34
      37.3  2.61e+34
      36.7  2.35e+34
      36.1  2.11e+34
      35.5  1.89e+34
      34.9  1.69e+34
      34.3   1.5e+34
      33.7  1.33e+34
      33.1  1.17e+34
      32.5  1.03e+34
      31.9  9.04e+33
      31.3  7.88e+33
      30.7  6.85e+33
      30.1  5.92e+33
      29.5   5.1e+33
      28.9  4.36e+33
      28.3  3.72e+33
      27.7  3.16e+33
      27.1  2.66e+33
      26.5  2.24e+33
      25.9  1.87e+33
      25.3  1.55e+33
      24.7  1.28e+33
      24.2  1.05e+33
      23.6  8.54e+32
        23  6.91e+32
      22.4  5.55e+32
      21.8  4.43e+32
      21.2   3.5e+32
      20.6  2.75e+32
        20  2.14e+32
      19.4  1.65e+32
      18.8  1.26e+32
      18.2  9.54e+31
      17.6  7.14e+31
        17  5.28e+31
      16.4  3.86e+31
      15.8  2.79e+31
      15.2  1.99e+31
      14.6   1.4e+31
        14  9.65e+30
      13.4  6.56e+30
      12.8  4.38e+30
      12.2  2.86e+30
      11.6  1.83e+30
        11  1.14e+30
      10.4  6.95e+29
      9.85  4.08e+29
      9.25  2.31e+29
      8.65  1.25e+29
      8.06  6.43e+28
      7.46  3.13e+28
      6.86  1.43e+28
      6.27  6.14e+27
      5.67  2.51e+27
      5.08  1.02e+27
      4.48  4.46e+26
      3.88  2.28e+26
      3.29  1.37e+26
      2.69  9.12e+25
       2.1   6.4e+25
       1.5   4.5e+25
     0.903  3.28e+25
     0.307  2.24e+25
    -0.289  1.57e+25
    -0.885   1.1e+25
     -1.48  7.07e+24
     -2.08  5.52e+24
     -2.67  3.32e+24
     -3.27  2.36e+24
     -3.87  1.59e+24
     -4.46  9.68e+23
     -5.06  7.59e+23
     -5.65   3.9e+23
     -6.25  2.73e+23
     -6.85  1.56e+23
     -7.44  1.07e+23
     -8.04  7.09e+22
     -8.64  1.07e+22
     -9.23  1.41e+23
     -9.83 -6.21e+21
     -10.4  1.29e+21
       -11  1.39e+22
     -11.6 -5.28e+21
     -12.2  3.86e+21
     -12.8 -1.84e+21
     -13.4  4.14e+20
       -14  2.58e+20
     -14.6  6.16e+20
     -15.2 -2.32e+20
     -15.8 -4.98e+20
     -16.4  4.26e+20
       -17 -9.46e+19
     -17.6  7.14e+19
     -18.2 -2.05e+19
     -18.8  2.63e+19
     -19.4 -2.15e+19
       -20  1.84e+19
     -20.6  2.11e+17
     -21.2  1.54e+17
     -21.8 -7.93e+17
     -22.3 -7.54e+16
     -22.9 -3.04e+15

pressure[atm]        = 1
temperature[K]           = 1500
energy step[1/cm]        = 209
maximum energy[kcal/mol] = 155

bimolecular PEDs:
   E, kcal    P1->P2
       155  9.24e+31
       154  1.01e+32
       154  1.11e+32
       153  1.21e+32
       152  1.32e+32
       152  1.44e+32
       151  1.58e+32
       151  1.72e+32
       150  1.88e+32
       149  2.05e+32
       149  2.24e+32
       148  2.44e+32
       148  2.66e+32
       147   2.9e+32
       146  3.16e+32
       146  3.44e+32
       145  3.74e+32
       145  4.07e+32
       144  4.43e+32
       143  4.82e+32
       143  5.24e+32
       142  5.69e+32
       142  6.18e+32
       141  6.71e+32
       140  7.28e+32
       140   7.9e+32
       139  8.56e+32
       139  9.28e+32
       138  1.01e+33
       137  1.09e+33
       137  1.18e+33
       136  1.28e+33
       136  1.38e+33
       135  1.49e+33
       134  1.61e+33
       134  1.74e+33
       133  1.88e+33
       133  2.03e+33
       132  2.19e+33
       131  2.36e+33
       131  2.55e+33
       130  2.75e+33
       130  2.96e+33
       129  3.19e+33
       128  3.43e+33
       128  3.69e+33
       127  3.97e+33
       127  4.26e+33
       126  4.58e+33
       125  4.92e+33
       125  5.28e+33
       124  5.66e+33
       124  6.07e+33
       123  6.51e+33
       123  6.97e+33
       122  7.46e+33
       121  7.99e+33
       121  8.55e+33
       120  9.14e+33
       120  9.76e+33
       119  1.04e+34
       118  1.11e+34
       118  1.19e+34
       117  1.27e+34
       117  1.35e+34
       116  1.44e+34
       115  1.53e+34
       115  1.63e+34
       114  1.73e+34
       114  1.84e+34
       113  1.96e+34
       112  2.08e+34
       112  2.21e+34
       111  2.34e+34
       111  2.48e+34
       110  2.63e+34
       109  2.79e+34
       109  2.95e+34
       108  3.12e+34
       108   3.3e+34
       107  3.48e+34
       106  3.68e+34
       106  3.88e+34
       105  4.09e+34
       105  4.31e+34
       104  4.54e+34
       103  4.78e+34
       103  5.03e+34
       102  5.29e+34
       102  5.56e+34
       101  5.83e+34
       100  6.12e+34
      99.9  6.42e+34
      99.3  6.72e+34
      98.7  7.04e+34
      98.1  7.37e+34
      97.5  7.71e+34
      96.9  8.05e+34
      96.3  8.41e+34
      95.7  8.77e+34
      95.1  9.15e+34
      94.5  9.53e+34
      93.9  9.93e+34
      93.3  1.03e+35
      92.7  1.07e+35
      92.1  1.12e+35
      91.5  1.16e+35
      90.9   1.2e+35
      90.3  1.25e+35
      89.7  1.29e+35
      89.1  1.33e+35
      88.5  1.38e+35
      87.9  1.43e+35
      87.3  1.47e+35
      86.7  1.52e+35
      86.2  1.56e+35
      85.6  1.61e+35
        85  1.66e+35
      84.4   1.7e+35
      83.8  1.75e+35
      83.2   1.8e+35
      82.6  1.84e+35
        82  1.89e+35
      81.4  1.93e+35
      80.8  1.97e+35
      80.2  2.02e+35
      79.6  2.06e+35
        79   2.1e+35
      78.4  2.14e+35
      77.8  2.18e+35
      77.2  2.21e+35
      76.6  2.25e+35
        76  2.28e+35
      75.4  2.31e+35
      74.8  2.34e+35
      74.2  2.37e+35
      73.6  2.39e+35
        73  2.41e+35
      72.4  2.43e+35
      71.8  2.45e+35
      71.2  2.46e+35
      70.7  2.47e+35
      70.1  2.48e+35
      69.5  2.49e+35
      68.9  2.49e+35
      68.3  2.49e+35
      67.7  2.49e+35
      67.1  2.48e+35
      66.5  2.47e+35
      65.9  2.46e+35
      65.3  2.44e+35
      64.7  2.43e+35
      64.1   2.4e+35
      63.5  2.38e+35
      62.9  2.35e+35
      62.3  2.32e+35
      61.7  2.29e+35
      61.1  2.25e+35
      60.5  2.21e+35
      59.9  2.17e+35
      59.3  2.13e+35
      58.7  2.08e+35
      58.1  2.03e+35
      57.5  1.98e+35
      56.9  1.93e+35
      56.3  1.88e+35
      55.7  1.82e+35
      55.2  1.77e+35
      54.6  1.71e+35
        54  1.65e+35
      53.4  1.59e+35
      52.8  1.53e+35
      52.2  1.47e+35
      51.6  1.41e+35
        51  1.35e+35
      50.4  1.29e+35
      49.8  1.23e+35
      49.2  1.17e+35
      48.6  1.11e+35
        48  1.05e+35
      47.4  9.91e+34
      46.8  9.35e+34
      46.2   8.8e+34
      45.6  8.26e+34
        45  7.74e+34
      44.4  7.23e+34
      43.8  6.74e+34
      43.2  6.27e+34
      42.6  5.82e+34
        42  5.38e+34
      41.4  4.97e+34
      40.8  4.57e+34
      40.2  4.19e+34
      39.7  3.84e+34
      39.1   3.5e+34
      38.5  3.19e+34
      37.9  2.89e+34
      37.3  2.61e+34
      36.7  2.36e+34
      36.1  2.12e+34
      35.5   1.9e+34
      34.9  1.69e+34
      34.3   1.5e+34
      33.7  1.33e+34
      33.1  1.18e+34
      32.5  1.03e+34
      31.9  9.06e+33
      31.3   7.9e+33
      30.7  6.86e+33
      30.1  5.93e+33
      29.5  5.11e+33
      28.9  4.38e+33
      28.3  3.73e+33
      27.7  3.17e+33
      27.1  2.67e+33
      26.5  2.24e+33
      25.9  1.87e+33
      25.3  1.55e+33
      24.7  1.28e+33
      24.2  1.05e+33
      23.6  8.57e+32
        23  6.94e+32
      22.4  5.58e+32
      21.8  4.45e+32
      21.2  3.52e+32
      20.6  2.76e+32
        20  2.15e+32
      19.4  1.66e+32
      18.8  1.27e+32
      18.2  9.61e+31
      17.6   7.2e+31
        17  5.33e+31
      16.4  3.91e+31
      15.8  2.83e+31
      15.2  2.02e+31
      14.6  1.42e+31
        14  9.83e+30
      13.4   6.7e+30
      12.8  4.49e+30
      12.2  2.95e+30
      11.6   1.9e+30
        11   1.2e+30
      10.4  7.34e+29
      9.85  4.38e+29
      9.25  2.53e+29
      8.65  1.42e+29
      8.06  7.72e+28
      7.46   4.1e+28
      6.86  2.15e+28
      6.27  1.15e+28
      5.67  6.43e+27
      5.08   3.9e+27
      4.48  2.56e+27
      3.88  1.77e+27
      3.29  1.25e+27
      2.69  8.97e+26
       2.1  6.43e+26
       1.5  4.59e+26
     0.903  3.26e+26
     0.307   2.3e+26
    -0.289  1.62e+26
    -0.885  1.12e+26
     -1.48  7.81e+25
     -2.08  5.34e+25
     -2.67  3.53e+25
     -3.27  2.43e+25
     -3.87  1.63e+25
     -4.46  1.02e+25
     -5.06  6.62e+24
     -5.65  4.29e+24
     -6.25   2.9e+24
     -6.85  1.69e+24
     -7.44  1.13e+24
     -8.04  5.85e+23
     -8.64  4.25e+23
     -9.23  2.02e+23
     -9.83  1.34e+23
     -10.4   5.4e+22
       -11  4.59e+22
     -11.6  1.41e+22
     -12.2  1.58e+22
     -12.8  3.05e+20
     -13.4   5.9e+21
       -14 -1.03e+20
     -14.6  1.37e+21
     -15.2 -3.49e+20
     -15.8  1.22e+21
     -16.4 -2.69e+20
       -17 -4.12e+20
     -17.6 -7.44e+20
     -18.2 -3.82e+20
     -18.8  2.37e+20
     -19.4 -9.75e+19
       -20  7.01e+19
     -20.6  9.57e+18
     -21.2 -2.74e+17
     -21.8 -3.51e+18
     -22.3  1.62e+18
     -22.9  7.78e+16

pressure[atm]        = 10
temperature[K]           = 1500
energy step[1/cm]        = 209
maximum energy[kcal/mol] = 155

bimolecular PEDs:
   E, kcal    P1->P2
       155  9.06e+31
       154  9.92e+31
       154  1.09e+32
       153  1.19e+32
       152   1.3e+32
       152  1.43e+32
       151  1.56e+32
       151   1.7e+32
       150  1.86e+32
       149  2.03e+32
       149  2.22e+32
       148  2.42e+32
       148  2.64e+32
       147  2.88e+32
       146  3.13e+32
       146  3.41e+32
       145  3.71e+32
       145  4.04e+32
       144   4.4e+32
       143  4.78e+32
       143  5.19e+32
       142  5.64e+32
       142  6.13e+32
       141  6.65e+32
       140  7.22e+32
       140  7.83e+32
       139   8.5e+32
       139  9.21e+32
       138  9.98e+32
       137  1.08e+33
       137  1.17e+33
       136  1.27e+33
       136  1.37e+33
       135  1.48e+33
       134   1.6e+33
       134  1.73e+33
       133  1.87e+33
       133  2.02e+33
       132  2.18e+33
       131  2.35e+33
       131  2.53e+33
       130  2.73e+33
       130  2.94e+33
       129  3.16e+33
       128  3.41e+33
       128  3.66e+33
       127  3.94e+33
       127  4.23e+33
       126  4.55e+33
       125  4.88e+33
       125  5.24e+33
       124  5.62e+33
       124  6.03e+33
       123  6.47e+33
       123  6.93e+33
       122  7.42e+33
       121  7.94e+33
       121  8.49e+33
       120  9.08e+33
       120   9.7e+33
       119  1.04e+34
       118  1.11e+34
       118  1.18e+34
       117  1.26e+34
       117  1.34e+34
       116  1.43e+34
       115  1.52e+34
       115  1.62e+34
       114  1.72e+34
       114  1.83e+34
       113  1.95e+34
       112  2.07e+34
       112   2.2e+34
       111  2.33e+34
       111  2.47e+34
       110  2.62e+34
       109  2.77e+34
       109  2.93e+34
       108   3.1e+34
       108  3.28e+34
       107  3.47e+34
       106  3.66e+34
       106  3.86e+34
       105  4.07e+34
       105  4.29e+34
       104  4.52e+34
       103  4.76e+34
       103  5.01e+34
       102  5.26e+34
       102  5.53e+34
       101  5.81e+34
       100  6.09e+34
      99.9  6.39e+34
      99.3  6.69e+34
      98.7  7.01e+34
      98.1  7.34e+34
      97.5  7.67e+34
      96.9  8.02e+34
      96.3  8.37e+34
      95.7  8.74e+34
      95.1  9.11e+34
      94.5  9.49e+34
      93.9  9.89e+34
      93.3  1.03e+35
      92.7  1.07e+35
      92.1  1.11e+35
      91.5  1.15e+35
      90.9   1.2e+35
      90.3  1.24e+35
      89.7  1.29e+35
      89.1  1.33e+35
      88.5  1.38e+35
      87.9  1.42e+35
      87.3  1.47e+35
      86.7  1.51e+35
      86.2  1.56e+35
      85.6  1.61e+35
        85  1.65e+35
      84.4   1.7e+35
      83.8  1.75e+35
      83.2  1.79e+35
      82.6  1.84e+35
        82  1.88e+35
      81.4  1.93e+35
      80.8  1.97e+35
      80.2  2.01e+35
      79.6  2.05e+35
        79  2.09e+35
      78.4  2.13e+35
      77.8  2.17e+35
      77.2  2.21e+35
      76.6  2.24e+35
        76  2.28e+35
      75.4  2.31e+35
      74.8  2.34e+35
      74.2  2.36e+35
      73.6  2.39e+35
        73  2.41e+35
      72.4  2.43e+35
      71.8  2.45e+35
      71.2  2.46e+35
      70.7  2.47e+35
      70.1  2.48e+35
      69.5  2.49e+35
      68.9  2.49e+35
      68.3  2.49e+35
      67.7  2.49e+35
      67.1  2.48e+35
      66.5  2.47e+35
      65.9  2.46e+35
      65.3  2.45e+35
      64.7  2.43e+35
      64.1  2.41e+35
      63.5  2.38e+35
      62.9  2.35e+35
      62.3  2.32e+35
      61.7  2.29e+35
      61.1  2.26e+35
      60.5  2.22e+35
      59.9  2.18e+35
      59.3  2.13e+35
      58.7  2.09e+35
      58.1  2.04e+35
      57.5  1.99e+35
      56.9  1.94e+35
      56.3  1.88e+35
      55.7  1.83e+35
      55.2  1.77e+35
      54.6  1.71e+35
        54  1.66e+35
      53.4   1.6e+35
      52.8  1.54e+35
      52.2  1.48e+35
      51.6  1.41e+35
        51  1.35e+35
      50.4  1.29e+35
      49.8  1.23e+35
      49.2  1.17e+35
      48.6  1.11e+35
        48  1.05e+35
      47.4  9.97e+34
      46.8  9.41e+34
      46.2  8.86e+34
      45.6  8.32e+34
        45  7.79e+34
      44.4  7.29e+34
      43.8  6.79e+34
      43.2  6.32e+34
      42.6  5.87e+34
        42  5.43e+34
      41.4  5.01e+34
      40.8  4.62e+34
      40.2  4.24e+34
      39.7  3.88e+34
      39.1  3.54e+34
      38.5  3.22e+34
      37.9  2.93e+34
      37.3  2.65e+34
      36.7  2.39e+34
      36.1  2.15e+34
      35.5  1.92e+34
      34.9  1.72e+34
      34.3  1.53e+34
      33.7  1.36e+34
      33.1   1.2e+34
      32.5  1.05e+34
      31.9  9.23e+33
      31.3  8.06e+33
      30.7  7.01e+33
      30.1  6.06e+33
      29.5  5.23e+33
      28.9  4.48e+33
      28.3  3.83e+33
      27.7  3.25e+33
      27.1  2.75e+33
      26.5  2.31e+33
      25.9  1.93e+33
      25.3  1.61e+33
      24.7  1.33e+33
      24.2  1.09e+33
      23.6  8.92e+32
        23  7.24e+32
      22.4  5.84e+32
      21.8  4.67e+32
      21.2  3.71e+32
      20.6  2.93e+32
        20  2.29e+32
      19.4  1.78e+32
      18.8  1.37e+32
      18.2  1.04e+32
      17.6  7.86e+31
        17  5.87e+31
      16.4  4.35e+31
      15.8  3.18e+31
      15.2   2.3e+31
      14.6  1.65e+31
        14  1.17e+31
      13.4  8.16e+30
      12.8  5.64e+30
      12.2  3.85e+30
      11.6   2.6e+30
        11  1.74e+30
      10.4  1.15e+30
      9.85  7.59e+29
      9.25  4.98e+29
      8.65  3.27e+29
      8.06  2.17e+29
      7.46  1.46e+29
      6.86     1e+29
      6.27  7.01e+28
      5.67  4.99e+28
      5.08  3.61e+28
      4.48  2.63e+28
      3.88  1.92e+28
      3.29   1.4e+28
      2.69  1.02e+28
       2.1  7.35e+27
       1.5   5.3e+27
     0.903  3.79e+27
     0.307  2.71e+27
    -0.289  1.92e+27
    -0.885  1.35e+27
     -1.48  9.47e+26
     -2.08  6.56e+26
     -2.67  4.54e+26
     -3.27  3.11e+26
     -3.87  2.11e+26
     -4.46  1.42e+26
     -5.06  9.49e+25
     -5.65  6.24e+25
     -6.25  4.17e+25
     -6.85  2.69e+25
     -7.44  1.76e+25
     -8.04  1.11e+25
     -8.64  7.21e+24
     -9.23  4.46e+24
     -9.83  2.84e+24
     -10.4  1.83e+24
       -11   1.1e+24
     -11.6  7.06e+23
     -12.2  4.36e+23
     -12.8  2.72e+23
     -13.4  1.69e+23
       -14  1.05e+23
     -14.6  7.52e+22
     -15.2  3.83e+22
     -15.8  2.18e+22
     -16.4  1.42e+22
       -17  1.29e+22
     -17.6  5.78e+21
     -18.2  4.32e+21
     -18.8  8.13e+20
     -19.4  6.97e+20
       -20  2.94e+20
     -20.6  1.22e+20
     -21.2  3.98e+19
     -21.8  1.04e+19
     -22.3 -2.44e+18
     -22.9  6.55e+17

pressure[atm]        = 100
temperature[K]           = 1500
energy step[1/cm]        = 209
maximum energy[kcal/mol] = 155

bimolecular PEDs:
   E, kcal    P1->P2
       155   7.9e+31
       154  8.69e+31
       154  9.57e+31
       153  1.05e+32
       152  1.16e+32
       152  1.27e+32
       151   1.4e+32
       151  1.53e+32
       150  1.68e+32
       149  1.84e+32
       149  2.01e+32
       148   2.2e+32
       148  2.41e+32
       147  2.63e+32
       146  2.87e+32
       146  3.13e+32
       145  3.41e+32
       145  3.72e+32
       144  4.05e+32
       143  4.41e+32
       143  4.79e+32
       142  5.21e+32
       142  5.67e+32
       141  6.16e+32
       140  6.69e+32
       140  7.26e+32
       139  7.87e+32
       139  8.54e+32
       138  9.26e+32
       137     1e+33
       137  1.09e+33
       136  1.18e+33
       136  1.27e+33
       135  1.38e+33
       134  1.49e+33
       134  1.61e+33
       133  1.74e+33
       133  1.88e+33
       132  2.03e+33
       131  2.19e+33
       131  2.36e+33
       130  2.55e+33
       130  2.74e+33
       129  2.96e+33
       128  3.18e+33
       128  3.43e+33
       127  3.68e+33
       127  3.96e+33
       126  4.26e+33
       125  4.58e+33
       125  4.91e+33
       124  5.27e+33
       124  5.66e+33
       123  6.07e+33
       123   6.5e+33
       122  6.96e+33
       121  7.46e+33
       121  7.98e+33
       120  8.54e+33
       120  9.13e+33
       119  9.75e+33
       118  1.04e+34
       118  1.11e+34
       117  1.19e+34
       117  1.27e+34
       116  1.35e+34
       115  1.44e+34
       115  1.53e+34
       114  1.63e+34
       114  1.73e+34
       113  1.84e+34
       112  1.96e+34
       112  2.08e+34
       111  2.21e+34
       111  2.34e+34
       110  2.48e+34
       109  2.63e+34
       109  2.78e+34
       108  2.95e+34
       108  3.12e+34
       107  3.29e+34
       106  3.48e+34
       106  3.67e+34
       105  3.88e+34
       105  4.09e+34
       104  4.31e+34
       103  4.54e+34
       103  4.78e+34
       102  5.02e+34
       102  5.28e+34
       101  5.55e+34
       100  5.82e+34
      99.9  6.11e+34
      99.3  6.41e+34
      98.7  6.71e+34
      98.1  7.03e+34
      97.5  7.36e+34
      96.9  7.69e+34
      96.3  8.04e+34
      95.7  8.39e+34
      95.1  8.76e+34
      94.5  9.13e+34
      93.9  9.51e+34
      93.3  9.91e+34
      92.7  1.03e+35
      92.1  1.07e+35
      91.5  1.11e+35
      90.9  1.16e+35
      90.3   1.2e+35
      89.7  1.24e+35
      89.1  1.29e+35
      88.5  1.33e+35
      87.9  1.38e+35
      87.3  1.42e+35
      86.7  1.47e+35
      86.2  1.51e+35
      85.6  1.56e+35
        85  1.61e+35
      84.4  1.65e+35
      83.8   1.7e+35
      83.2  1.75e+35
      82.6  1.79e+35
        82  1.84e+35
      81.4  1.88e+35
      80.8  1.93e+35
      80.2  1.97e+35
      79.6  2.01e+35
        79  2.05e+35
      78.4  2.09e+35
      77.8  2.13e+35
      77.2  2.17e+35
      76.6  2.21e+35
        76  2.24e+35
      75.4  2.27e+35
      74.8   2.3e+35
      74.2  2.33e+35
      73.6  2.36e+35
        73  2.38e+35
      72.4   2.4e+35
      71.8  2.42e+35
      71.2  2.44e+35
      70.7  2.46e+35
      70.1  2.47e+35
      69.5  2.48e+35
      68.9  2.48e+35
      68.3  2.48e+35
      67.7  2.48e+35
      67.1  2.48e+35
      66.5  2.48e+35
      65.9  2.47e+35
      65.3  2.45e+35
      64.7  2.44e+35
      64.1  2.42e+35
      63.5   2.4e+35
      62.9  2.38e+35
      62.3  2.35e+35
      61.7  2.32e+35
      61.1  2.28e+35
      60.5  2.25e+35
      59.9  2.21e+35
      59.3  2.17e+35
      58.7  2.13e+35
      58.1  2.08e+35
      57.5  2.03e+35
      56.9  1.98e+35
      56.3  1.93e+35
      55.7  1.88e+35
      55.2  1.82e+35
      54.6  1.77e+35
        54  1.71e+35
      53.4  1.65e+35
      52.8  1.59e+35
      52.2  1.53e+35
      51.6  1.47e+35
        51  1.41e+35
      50.4  1.35e+35
      49.8  1.29e+35
      49.2  1.23e+35
      48.6  1.17e+35
        48  1.12e+35
      47.4  1.06e+35
      46.8     1e+35
      46.2  9.44e+34
      45.6  8.89e+34
        45  8.36e+34
      44.4  7.84e+34
      43.8  7.34e+34
      43.2  6.85e+34
      42.6  6.38e+34
        42  5.92e+34
      41.4  5.49e+34
      40.8  5.07e+34
      40.2  4.68e+34
      39.7   4.3e+34
      39.1  3.95e+34
      38.5  3.61e+34
      37.9  3.29e+34
      37.3  2.99e+34
      36.7  2.72e+34
      36.1  2.45e+34
      35.5  2.21e+34
      34.9  1.99e+34
      34.3  1.78e+34
      33.7  1.59e+34
      33.1  1.41e+34
      32.5  1.25e+34
      31.9  1.11e+34
      31.3  9.76e+33
      30.7  8.57e+33
      30.1  7.49e+33
      29.5  6.52e+33
      28.9  5.66e+33
      28.3  4.89e+33
      27.7   4.2e+33
      27.1   3.6e+33
      26.5  3.07e+33
      25.9  2.61e+33
      25.3  2.21e+33
      24.7  1.86e+33
      24.2  1.56e+33
      23.6   1.3e+33
        23  1.08e+33
      22.4  8.93e+32
      21.8  7.35e+32
      21.2  6.02e+32
      20.6   4.9e+32
        20  3.98e+32
      19.4  3.21e+32
      18.8  2.58e+32
      18.2  2.06e+32
      17.6  1.64e+32
        17   1.3e+32
      16.4  1.03e+32
      15.8  8.08e+31
      15.2  6.34e+31
      14.6  4.95e+31
        14  3.86e+31
      13.4     3e+31
      12.8  2.33e+31
      12.2   1.8e+31
      11.6   1.4e+31
        11  1.08e+31
      10.4  8.35e+30
      9.85  6.46e+30
      9.25  4.99e+30
      8.65  3.86e+30
      8.06  2.98e+30
      7.46  2.31e+30
      6.86  1.78e+30
      6.27  1.37e+30
      5.67  1.06e+30
      5.08  8.14e+29
      4.48  6.25e+29
      3.88  4.79e+29
      3.29  3.65e+29
      2.69  2.78e+29
       2.1  2.11e+29
       1.5  1.59e+29
     0.903   1.2e+29
     0.307  8.99e+28
    -0.289  6.71e+28
    -0.885  4.98e+28
     -1.48  3.68e+28
     -2.08  2.71e+28
     -2.67  1.99e+28
     -3.27  1.45e+28
     -3.87  1.06e+28
     -4.46  7.67e+27
     -5.06  5.54e+27
     -5.65  3.99e+27
     -6.25  2.86e+27
     -6.85  2.04e+27
     -7.44  1.46e+27
     -8.04  1.03e+27
     -8.64  7.28e+26
     -9.23   5.1e+26
     -9.83  3.57e+26
     -10.4  2.48e+26
       -11  1.71e+26
     -11.6  1.18e+26
     -12.2  7.98e+25
     -12.8  5.41e+25
     -13.4   3.6e+25
       -14  2.36e+25
     -14.6  1.55e+25
     -15.2  9.97e+24
     -15.8   6.2e+24
     -16.4  3.74e+24
       -17   2.3e+24
     -17.6  1.29e+24
     -18.2  6.94e+23
     -18.8  3.87e+23
     -19.4  1.89e+23
       -20  8.76e+22
     -20.6  3.69e+22
     -21.2  1.39e+22
     -21.8  4.52e+21
     -22.3  1.22e+21
     -22.9     2e+20

pressure[atm]        = 0.01
temperature[K]           = 1600
energy step[1/cm]        = 222
maximum energy[kcal/mol] = 168

bimolecular PEDs:
   E, kcal    P1->P2
       168  9.59e+32
       167  1.05e+33
       167  1.15e+33
       166  1.25e+33
       165  1.37e+33
       165   1.5e+33
       164  1.64e+33
       163  1.79e+33
       163  1.95e+33
       162  2.13e+33
       161  2.32e+33
       161  2.53e+33
       160  2.76e+33
       160  3.01e+33
       159  3.27e+33
       158  3.56e+33
       158  3.88e+33
       157  4.22e+33
       156  4.59e+33
       156  4.99e+33
       155  5.42e+33
       154  5.89e+33
       154   6.4e+33
       153  6.95e+33
       153  7.54e+33
       152  8.18e+33
       151  8.87e+33
       151  9.61e+33
       150  1.04e+34
       149  1.13e+34
       149  1.22e+34
       148  1.32e+34
       147  1.43e+34
       147  1.54e+34
       146  1.67e+34
       146   1.8e+34
       145  1.95e+34
       144   2.1e+34
       144  2.27e+34
       143  2.45e+34
       142  2.64e+34
       142  2.84e+34
       141  3.06e+34
       140   3.3e+34
       140  3.55e+34
       139  3.82e+34
       139  4.11e+34
       138  4.41e+34
       137  4.74e+34
       137  5.09e+34
       136  5.47e+34
       135  5.86e+34
       135  6.29e+34
       134  6.74e+34
       133  7.22e+34
       133  7.73e+34
       132  8.27e+34
       132  8.85e+34
       131  9.46e+34
       130  1.01e+35
       130  1.08e+35
       129  1.15e+35
       128  1.23e+35
       128  1.31e+35
       127   1.4e+35
       126  1.49e+35
       126  1.59e+35
       125  1.69e+35
       125   1.8e+35
       124  1.91e+35
       123  2.03e+35
       123  2.16e+35
       122  2.29e+35
       121  2.43e+35
       121  2.58e+35
       120  2.73e+35
       119  2.89e+35
       119  3.06e+35
       118  3.24e+35
       118  3.42e+35
       117  3.62e+35
       116  3.82e+35
       116  4.03e+35
       115  4.25e+35
       114  4.48e+35
       114  4.72e+35
       113  4.97e+35
       112  5.23e+35
       112   5.5e+35
       111  5.78e+35
       111  6.07e+35
       110  6.38e+35
       109  6.69e+35
       109  7.01e+35
       108  7.34e+35
       107  7.68e+35
       107  8.04e+35
       106   8.4e+35
       105  8.78e+35
       105  9.16e+35
       104  9.56e+35
       104  9.96e+35
       103  1.04e+36
       102  1.08e+36
       102  1.12e+36
       101  1.17e+36
       100  1.21e+36
      99.8  1.26e+36
      99.1  1.31e+36
      98.5  1.35e+36
      97.9   1.4e+36
      97.2  1.45e+36
      96.6   1.5e+36
        96  1.55e+36
      95.3   1.6e+36
      94.7  1.65e+36
        94   1.7e+36
      93.4  1.75e+36
      92.8   1.8e+36
      92.1  1.85e+36
      91.5   1.9e+36
      90.9  1.95e+36
      90.2     2e+36
      89.6  2.04e+36
        89  2.09e+36
      88.3  2.14e+36
      87.7  2.18e+36
      87.1  2.23e+36
      86.4  2.27e+36
      85.8  2.31e+36
      85.1  2.35e+36
      84.5  2.39e+36
      83.9  2.43e+36
      83.2  2.47e+36
      82.6   2.5e+36
        82  2.53e+36
      81.3  2.56e+36
      80.7  2.59e+36
      80.1  2.61e+36
      79.4  2.63e+36
      78.8  2.65e+36
      78.2  2.66e+36
      77.5  2.68e+36
      76.9  2.69e+36
      76.2  2.69e+36
      75.6   2.7e+36
        75   2.7e+36
      74.3   2.7e+36
      73.7  2.69e+36
      73.1  2.68e+36
      72.4  2.67e+36
      71.8  2.65e+36
      71.2  2.63e+36
      70.5  2.61e+36
      69.9  2.58e+36
      69.2  2.55e+36
      68.6  2.52e+36
        68  2.49e+36
      67.3  2.45e+36
      66.7  2.41e+36
      66.1  2.37e+36
      65.4  2.32e+36
      64.8  2.27e+36
      64.2  2.22e+36
      63.5  2.17e+36
      62.9  2.11e+36
      62.3  2.05e+36
      61.6     2e+36
        61  1.94e+36
      60.3  1.87e+36
      59.7  1.81e+36
      59.1  1.75e+36
      58.4  1.68e+36
      57.8  1.62e+36
      57.2  1.55e+36
      56.5  1.49e+36
      55.9  1.42e+36
      55.3  1.36e+36
      54.6  1.29e+36
        54  1.23e+36
      53.4  1.17e+36
      52.7  1.11e+36
      52.1  1.04e+36
      51.4  9.85e+35
      50.8  9.26e+35
      50.2   8.7e+35
      49.5  8.15e+35
      48.9  7.61e+35
      48.3   7.1e+35
      47.6   6.6e+35
        47  6.12e+35
      46.4  5.67e+35
      45.7  5.23e+35
      45.1  4.81e+35
      44.4  4.42e+35
      43.8  4.05e+35
      43.2   3.7e+35
      42.5  3.36e+35
      41.9  3.05e+35
      41.3  2.76e+35
      40.6  2.49e+35
        40  2.24e+35
      39.4  2.01e+35
      38.7   1.8e+35
      38.1   1.6e+35
      37.5  1.42e+35
      36.8  1.25e+35
      36.2  1.11e+35
      35.5   9.7e+34
      34.9  8.48e+34
      34.3  7.38e+34
      33.6   6.4e+34
        33  5.52e+34
      32.4  4.75e+34
      31.7  4.06e+34
      31.1  3.46e+34
      30.5  2.93e+34
      29.8  2.47e+34
      29.2  2.07e+34
      28.5  1.73e+34
      27.9  1.43e+34
      27.3  1.18e+34
      26.6  9.69e+33
        26  7.89e+33
      25.4  6.38e+33
      24.7  5.13e+33
      24.1   4.1e+33
      23.5  3.24e+33
      22.8  2.55e+33
      22.2  1.99e+33
      21.6  1.54e+33
      20.9  1.18e+33
      20.3  8.94e+32
      19.6  6.71e+32
        19  4.99e+32
      18.4  3.67e+32
      17.7  2.67e+32
      17.1  1.91e+32
      16.5  1.36e+32
      15.8  9.46e+31
      15.2   6.5e+31
      14.6   4.4e+31
      13.9  2.92e+31
      13.3   1.9e+31
      12.7  1.21e+31
        12  7.54e+30
      11.4  4.57e+30
      10.7  2.69e+30
      10.1  1.53e+30
      9.47  8.34e+29
      8.84  4.33e+29
       8.2  2.13e+29
      7.57  9.77e+28
      6.93  4.15e+28
      6.29  1.61e+28
      5.66  5.64e+27
      5.02  1.82e+27
      4.39  5.56e+26
      3.75   1.8e+26
      3.11  7.35e+25
      2.48  3.56e+25
      1.84  2.62e+25
      1.21  1.46e+25
      0.57  1.37e+25
   -0.0656  6.37e+24
    -0.702  4.77e+24
     -1.34  3.72e+24
     -1.97  2.45e+24
     -2.61  1.65e+24
     -3.25  1.04e+24
     -3.88     1e+24
     -4.52  5.99e+23
     -5.15  1.86e+23
     -5.79  2.72e+23
     -6.42  4.02e+22
     -7.06   9.4e+22
      -7.7 -2.69e+22
     -8.33 -7.79e+21
     -8.97  3.24e+22
      -9.6   2.3e+22
     -10.2 -1.81e+22
     -10.9  1.19e+22
     -11.5  -8.5e+21
     -12.1  1.05e+22
     -12.8 -4.13e+21
     -13.4  2.03e+21
     -14.1 -3.69e+21
     -14.7  3.49e+21
     -15.3 -9.24e+20
       -16 -8.63e+20
     -16.6  1.34e+21
     -17.2 -1.16e+21
     -17.9    -1e+21
     -18.5  4.82e+19
     -19.1 -1.13e+19
     -19.8  9.82e+18
     -20.4  1.34e+18
     -21.1 -7.11e+17
     -21.7 -1.18e+17
     -22.3  1.88e+18
       -23 -2.02e+16

pressure[atm]        = 0.1
temperature[K]           = 1600
energy step[1/cm]        = 222
maximum energy[kcal/mol] = 168

bimolecular PEDs:
   E, kcal    P1->P2
       168  9.59e+32
       167  1.05e+33
       167  1.15e+33
       166  1.25e+33
       165  1.37e+33
       165   1.5e+33
       164  1.64e+33
       163  1.79e+33
       163  1.95e+33
       162  2.13e+33
       161  2.32e+33
       161  2.53e+33
       160  2.76e+33
       160  3.01e+33
       159  3.27e+33
       158  3.56e+33
       158  3.88e+33
       157  4.22e+33
       156  4.59e+33
       156  4.99e+33
       155  5.42e+33
       154  5.89e+33
       154   6.4e+33
       153  6.95e+33
       153  7.54e+33
       152  8.18e+33
       151  8.86e+33
       151  9.61e+33
       150  1.04e+34
       149  1.13e+34
       149  1.22e+34
       148  1.32e+34
       147  1.43e+34
       147  1.54e+34
       146  1.67e+34
       146   1.8e+34
       145  1.95e+34
       144   2.1e+34
       144  2.27e+34
       143  2.45e+34
       142  2.64e+34
       142  2.84e+34
       141  3.06e+34
       140   3.3e+34
       140  3.55e+34
       139  3.82e+34
       139  4.11e+34
       138  4.41e+34
       137  4.74e+34
       137  5.09e+34
       136  5.46e+34
       135  5.86e+34
       135  6.29e+34
       134  6.74e+34
       133  7.22e+34
       133  7.73e+34
       132  8.27e+34
       132  8.85e+34
       131  9.46e+34
       130  1.01e+35
       130  1.08e+35
       129  1.15e+35
       128  1.23e+35
       128  1.31e+35
       127   1.4e+35
       126  1.49e+35
       126  1.59e+35
       125  1.69e+35
       125   1.8e+35
       124  1.91e+35
       123  2.03e+35
       123  2.16e+35
       122  2.29e+35
       121  2.43e+35
       121  2.58e+35
       120  2.73e+35
       119  2.89e+35
       119  3.06e+35
       118  3.24e+35
       118  3.42e+35
       117  3.62e+35
       116  3.82e+35
       116  4.03e+35
       115  4.25e+35
       114  4.48e+35
       114  4.72e+35
       113  4.97e+35
       112  5.23e+35
       112   5.5e+35
       111  5.78e+35
       111  6.07e+35
       110  6.38e+35
       109  6.69e+35
       109  7.01e+35
       108  7.34e+35
       107  7.68e+35
       107  8.04e+35
       106   8.4e+35
       105  8.78e+35
       105  9.16e+35
       104  9.56e+35
       104  9.96e+35
       103  1.04e+36
       102  1.08e+36
       102  1.12e+36
       101  1.17e+36
       100  1.21e+36
      99.8  1.26e+36
      99.1  1.31e+36
      98.5  1.35e+36
      97.9   1.4e+36
      97.2  1.45e+36
      96.6   1.5e+36
        96  1.55e+36
      95.3   1.6e+36
      94.7  1.65e+36
        94   1.7e+36
      93.4  1.75e+36
      92.8   1.8e+36
      92.1  1.85e+36
      91.5   1.9e+36
      90.9  1.95e+36
      90.2     2e+36
      89.6  2.04e+36
        89  2.09e+36
      88.3  2.14e+36
      87.7  2.18e+36
      87.1  2.23e+36
      86.4  2.27e+36
      85.8  2.31e+36
      85.1  2.35e+36
      84.5  2.39e+36
      83.9  2.43e+36
      83.2  2.47e+36
      82.6   2.5e+36
        82  2.53e+36
      81.3  2.56e+36
      80.7  2.59e+36
      80.1  2.61e+36
      79.4  2.63e+36
      78.8  2.65e+36
      78.2  2.66e+36
      77.5  2.68e+36
      76.9  2.69e+36
      76.2  2.69e+36
      75.6   2.7e+36
        75   2.7e+36
      74.3   2.7e+36
      73.7  2.69e+36
      73.1  2.68e+36
      72.4  2.67e+36
      71.8  2.65e+36
      71.2  2.63e+36
      70.5  2.61e+36
      69.9  2.58e+36
      69.2  2.55e+36
      68.6  2.52e+36
        68  2.49e+36
      67.3  2.45e+36
      66.7  2.41e+36
      66.1  2.37e+36
      65.4  2.32e+36
      64.8  2.27e+36
      64.2  2.22e+36
      63.5  2.17e+36
      62.9  2.11e+36
      62.3  2.05e+36
      61.6     2e+36
        61  1.94e+36
      60.3  1.87e+36
      59.7  1.81e+36
      59.1  1.75e+36
      58.4  1.68e+36
      57.8  1.62e+36
      57.2  1.55e+36
      56.5  1.49e+36
      55.9  1.42e+36
      55.3  1.36e+36
      54.6  1.29e+36
        54  1.23e+36
      53.4  1.17e+36
      52.7  1.11e+36
      52.1  1.04e+36
      51.4  9.85e+35
      50.8  9.26e+35
      50.2   8.7e+35
      49.5  8.15e+35
      48.9  7.61e+35
      48.3   7.1e+35
      47.6   6.6e+35
        47  6.12e+35
      46.4  5.67e+35
      45.7  5.23e+35
      45.1  4.81e+35
      44.4  4.42e+35
      43.8  4.05e+35
      43.2   3.7e+35
      42.5  3.36e+35
      41.9  3.05e+35
      41.3  2.76e+35
      40.6  2.49e+35
        40  2.24e+35
      39.4  2.01e+35
      38.7   1.8e+35
      38.1   1.6e+35
      37.5  1.42e+35
      36.8  1.26e+35
      36.2  1.11e+35
      35.5   9.7e+34
      34.9  8.48e+34
      34.3  7.38e+34
      33.6   6.4e+34
        33  5.52e+34
      32.4  4.75e+34
      31.7  4.06e+34
      31.1  3.46e+34
      30.5  2.93e+34
      29.8  2.47e+34
      29.2  2.07e+34
      28.5  1.73e+34
      27.9  1.43e+34
      27.3  1.18e+34
      26.6  9.69e+33
        26  7.89e+33
      25.4  6.39e+33
      24.7  5.13e+33
      24.1   4.1e+33
      23.5  3.25e+33
      22.8  2.55e+33
      22.2  1.99e+33
      21.6  1.54e+33
      20.9  1.18e+33
      20.3  8.94e+32
      19.6  6.72e+32
        19     5e+32
      18.4  3.67e+32
      17.7  2.67e+32
      17.1  1.92e+32
      16.5  1.36e+32
      15.8  9.48e+31
      15.2  6.52e+31
      14.6  4.41e+31
      13.9  2.93e+31
      13.3  1.91e+31
      12.7  1.22e+31
        12  7.58e+30
      11.4   4.6e+30
      10.7  2.71e+30
      10.1  1.54e+30
      9.47  8.45e+29
      8.84  4.41e+29
       8.2  2.18e+29
      7.57  1.02e+29
      6.93  4.45e+28
      6.29  1.83e+28
      5.66  7.26e+27
      5.02  2.98e+27
      4.39   1.4e+27
      3.75  7.75e+26
      3.11  4.97e+26
      2.48  3.41e+26
      1.84  2.36e+26
      1.21  1.66e+26
      0.57  1.14e+26
   -0.0656  8.04e+25
    -0.702  5.45e+25
     -1.34  3.69e+25
     -1.97  2.46e+25
     -2.61  1.64e+25
     -3.25  1.06e+25
     -3.88   7.2e+24
     -4.52  4.25e+24
     -5.15  2.79e+24
     -5.79  1.78e+24
     -6.42  1.16e+24
     -7.06   6.7e+23
      -7.7  3.17e+23
     -8.33  2.28e+23
     -8.97  1.25e+23
      -9.6  4.05e+22
     -10.2  6.87e+22
     -10.9  7.82e+21
     -11.5 -1.72e+21
     -12.1  2.17e+22
     -12.8 -8.44e+21
     -13.4  3.71e+21
     -14.1  1.76e+21
     -14.7 -4.03e+21
     -15.3  4.66e+21
       -16 -2.88e+21
     -16.6  9.92e+20
     -17.2   2.5e+19
     -17.9  3.39e+20
     -18.5 -7.22e+18
     -19.1  2.65e+18
     -19.8 -1.47e+18
     -20.4  2.29e+18
     -21.1  9.65e+16
     -21.7 -2.85e+17
     -22.3 -5.93e+17
       -23  1.43e+16

pressure[atm]        = 1
temperature[K]           = 1600
energy step[1/cm]        = 222
maximum energy[kcal/mol] = 168

bimolecular PEDs:
   E, kcal    P1->P2
       168  9.57e+32
       167  1.05e+33
       167  1.15e+33
       166  1.25e+33
       165  1.37e+33
       165   1.5e+33
       164  1.63e+33
       163  1.78e+33
       163  1.95e+33
       162  2.13e+33
       161  2.32e+33
       161  2.53e+33
       160  2.76e+33
       160     3e+33
       159  3.27e+33
       158  3.56e+33
       158  3.88e+33
       157  4.22e+33
       156  4.59e+33
       156  4.99e+33
       155  5.42e+33
       154  5.89e+33
       154  6.39e+33
       153  6.94e+33
       153  7.53e+33
       152  8.17e+33
       151  8.86e+33
       151   9.6e+33
       150  1.04e+34
       149  1.13e+34
       149  1.22e+34
       148  1.32e+34
       147  1.43e+34
       147  1.54e+34
       146  1.67e+34
       146   1.8e+34
       145  1.95e+34
       144   2.1e+34
       144  2.27e+34
       143  2.45e+34
       142  2.64e+34
       142  2.84e+34
       141  3.06e+34
       140   3.3e+34
       140  3.55e+34
       139  3.82e+34
       139   4.1e+34
       138  4.41e+34
       137  4.74e+34
       137  5.09e+34
       136  5.46e+34
       135  5.86e+34
       135  6.28e+34
       134  6.73e+34
       133  7.21e+34
       133  7.73e+34
       132  8.27e+34
       132  8.85e+34
       131  9.46e+34
       130  1.01e+35
       130  1.08e+35
       129  1.15e+35
       128  1.23e+35
       128  1.31e+35
       127   1.4e+35
       126  1.49e+35
       126  1.59e+35
       125  1.69e+35
       125   1.8e+35
       124  1.91e+35
       123  2.03e+35
       123  2.16e+35
       122  2.29e+35
       121  2.43e+35
       121  2.58e+35
       120  2.73e+35
       119  2.89e+35
       119  3.06e+35
       118  3.24e+35
       118  3.42e+35
       117  3.62e+35
       116  3.82e+35
       116  4.03e+35
       115  4.25e+35
       114  4.48e+35
       114  4.72e+35
       113  4.97e+35
       112  5.23e+35
       112   5.5e+35
       111  5.78e+35
       111  6.07e+35
       110  6.37e+35
       109  6.68e+35
       109  7.01e+35
       108  7.34e+35
       107  7.68e+35
       107  8.03e+35
       106   8.4e+35
       105  8.77e+35
       105  9.16e+35
       104  9.55e+35
       104  9.96e+35
       103  1.04e+36
       102  1.08e+36
       102  1.12e+36
       101  1.17e+36
       100  1.21e+36
      99.8  1.26e+36
      99.1  1.31e+36
      98.5  1.35e+36
      97.9   1.4e+36
      97.2  1.45e+36
      96.6   1.5e+36
        96  1.55e+36
      95.3   1.6e+36
      94.7  1.65e+36
        94   1.7e+36
      93.4  1.75e+36
      92.8   1.8e+36
      92.1  1.85e+36
      91.5   1.9e+36
      90.9  1.95e+36
      90.2     2e+36
      89.6  2.04e+36
        89  2.09e+36
      88.3  2.14e+36
      87.7  2.18e+36
      87.1  2.23e+36
      86.4  2.27e+36
      85.8  2.31e+36
      85.1  2.35e+36
      84.5  2.39e+36
      83.9  2.43e+36
      83.2  2.47e+36
      82.6   2.5e+36
        82  2.53e+36
      81.3  2.56e+36
      80.7  2.59e+36
      80.1  2.61e+36
      79.4  2.63e+36
      78.8  2.65e+36
      78.2  2.66e+36
      77.5  2.68e+36
      76.9  2.69e+36
      76.2  2.69e+36
      75.6   2.7e+36
        75   2.7e+36
      74.3   2.7e+36
      73.7  2.69e+36
      73.1  2.68e+36
      72.4  2.67e+36
      71.8  2.65e+36
      71.2  2.63e+36
      70.5  2.61e+36
      69.9  2.58e+36
      69.2  2.56e+36
      68.6  2.52e+36
        68  2.49e+36
      67.3  2.45e+36
      66.7  2.41e+36
      66.1  2.37e+36
      65.4  2.32e+36
      64.8  2.27e+36
      64.2  2.22e+36
      63.5  2.17e+36
      62.9  2.11e+36
      62.3  2.05e+36
      61.6     2e+36
        61  1.94e+36
      60.3  1.87e+36
      59.7  1.81e+36
      59.1  1.75e+36
      58.4  1.68e+36
      57.8  1.62e+36
      57.2  1.55e+36
      56.5  1.49e+36
      55.9  1.42e+36
      55.3  1.36e+36
      54.6  1.29e+36
        54  1.23e+36
      53.4  1.17e+36
      52.7  1.11e+36
      52.1  1.05e+36
      51.4  9.85e+35
      50.8  9.27e+35
      50.2   8.7e+35
      49.5  8.15e+35
      48.9  7.62e+35
      48.3   7.1e+35
      47.6   6.6e+35
        47  6.13e+35
      46.4  5.67e+35
      45.7  5.23e+35
      45.1  4.82e+35
      44.4  4.42e+35
      43.8  4.05e+35
      43.2   3.7e+35
      42.5  3.37e+35
      41.9  3.06e+35
      41.3  2.77e+35
      40.6   2.5e+35
        40  2.25e+35
      39.4  2.01e+35
      38.7   1.8e+35
      38.1   1.6e+35
      37.5  1.42e+35
      36.8  1.26e+35
      36.2  1.11e+35
      35.5  9.72e+34
      34.9   8.5e+34
      34.3   7.4e+34
      33.6  6.41e+34
        33  5.54e+34
      32.4  4.76e+34
      31.7  4.07e+34
      31.1  3.47e+34
      30.5  2.94e+34
      29.8  2.48e+34
      29.2  2.08e+34
      28.5  1.73e+34
      27.9  1.44e+34
      27.3  1.19e+34
      26.6  9.72e+33
        26  7.92e+33
      25.4  6.41e+33
      24.7  5.16e+33
      24.1  4.12e+33
      23.5  3.26e+33
      22.8  2.56e+33
      22.2     2e+33
      21.6  1.55e+33
      20.9  1.19e+33
      20.3  9.01e+32
      19.6  6.77e+32
        19  5.04e+32
      18.4  3.71e+32
      17.7   2.7e+32
      17.1  1.94e+32
      16.5  1.38e+32
      15.8  9.62e+31
      15.2  6.63e+31
      14.6   4.5e+31
      13.9     3e+31
      13.3  1.96e+31
      12.7  1.26e+31
        12   7.9e+30
      11.4  4.84e+30
      10.7   2.9e+30
      10.1  1.68e+30
      9.47  9.48e+29
      8.84  5.18e+29
       8.2  2.75e+29
      7.57  1.44e+29
      6.93  7.53e+28
      6.29  4.07e+28
      5.66  2.35e+28
      5.02  1.48e+28
      4.39  9.86e+27
      3.75  6.85e+27
      3.11  4.82e+27
      2.48   3.4e+27
      1.84  2.39e+27
      1.21  1.67e+27
      0.57  1.17e+27
   -0.0656  8.04e+26
    -0.702  5.61e+26
     -1.34  3.72e+26
     -1.97  2.52e+26
     -2.61  1.68e+26
     -3.25   1.1e+26
     -3.88  7.22e+25
     -4.52  4.49e+25
     -5.15  3.03e+25
     -5.79  1.81e+25
     -6.42  1.14e+25
     -7.06  7.04e+24
      -7.7  4.05e+24
     -8.33  2.35e+24
     -8.97  1.45e+24
      -9.6  6.89e+23
     -10.2  4.93e+23
     -10.9  1.66e+23
     -11.5  1.55e+23
     -12.1  3.35e+22
     -12.8  3.82e+22
     -13.4  3.35e+22
     -14.1 -2.61e+22
     -14.7  2.94e+22
     -15.3 -8.83e+21
       -16  8.24e+20
     -16.6  4.36e+21
     -17.2 -4.18e+21
     -17.9 -4.03e+21
     -18.5  2.12e+20
     -19.1  1.04e+19
     -19.8  1.53e+19
     -20.4   1.4e+19
     -21.1  7.48e+17
     -21.7 -4.65e+17
     -22.3  8.23e+18
       -23  8.28e+16

pressure[atm]        = 10
temperature[K]           = 1600
energy step[1/cm]        = 222
maximum energy[kcal/mol] = 168

bimolecular PEDs:
   E, kcal    P1->P2
       168  9.38e+32
       167  1.03e+33
       167  1.13e+33
       166  1.23e+33
       165  1.35e+33
       165  1.48e+33
       164  1.61e+33
       163  1.76e+33
       163  1.93e+33
       162   2.1e+33
       161   2.3e+33
       161  2.51e+33
       160  2.73e+33
       160  2.98e+33
       159  3.24e+33
       158  3.53e+33
       158  3.84e+33
       157  4.18e+33
       156  4.55e+33
       156  4.95e+33
       155  5.38e+33
       154  5.84e+33
       154  6.34e+33
       153  6.89e+33
       153  7.47e+33
       152  8.11e+33
       151  8.79e+33
       151  9.53e+33
       150  1.03e+34
       149  1.12e+34
       149  1.21e+34
       148  1.31e+34
       147  1.42e+34
       147  1.53e+34
       146  1.66e+34
       146  1.79e+34
       145  1.93e+34
       144  2.09e+34
       144  2.25e+34
       143  2.43e+34
       142  2.62e+34
       142  2.82e+34
       141  3.04e+34
       140  3.27e+34
       140  3.52e+34
       139  3.79e+34
       139  4.08e+34
       138  4.38e+34
       137  4.71e+34
       137  5.05e+34
       136  5.42e+34
       135  5.82e+34
       135  6.24e+34
       134  6.69e+34
       133  7.17e+34
       133  7.68e+34
       132  8.22e+34
       132  8.79e+34
       131   9.4e+34
       130     1e+35
       130  1.07e+35
       129  1.15e+35
       128  1.22e+35
       128   1.3e+35
       127  1.39e+35
       126  1.48e+35
       126  1.58e+35
       125  1.68e+35
       125  1.79e+35
       124   1.9e+35
       123  2.02e+35
       123  2.14e+35
       122  2.28e+35
       121  2.42e+35
       121  2.56e+35
       120  2.71e+35
       119  2.88e+35
       119  3.04e+35
       118  3.22e+35
       118   3.4e+35
       117   3.6e+35
       116   3.8e+35
       116  4.01e+35
       115  4.23e+35
       114  4.46e+35
       114   4.7e+35
       113  4.95e+35
       112  5.21e+35
       112  5.48e+35
       111  5.75e+35
       111  6.04e+35
       110  6.34e+35
       109  6.65e+35
       109  6.97e+35
       108  7.31e+35
       107  7.65e+35
       107     8e+35
       106  8.36e+35
       105  8.74e+35
       105  9.12e+35
       104  9.52e+35
       104  9.92e+35
       103  1.03e+36
       102  1.08e+36
       102  1.12e+36
       101  1.16e+36
       100  1.21e+36
      99.8  1.25e+36
      99.1   1.3e+36
      98.5  1.35e+36
      97.9   1.4e+36
      97.2  1.44e+36
      96.6  1.49e+36
        96  1.54e+36
      95.3  1.59e+36
      94.7  1.64e+36
        94  1.69e+36
      93.4  1.74e+36
      92.8  1.79e+36
      92.1  1.84e+36
      91.5  1.89e+36
      90.9  1.94e+36
      90.2  1.99e+36
      89.6  2.04e+36
        89  2.09e+36
      88.3  2.13e+36
      87.7  2.18e+36
      87.1  2.22e+36
      86.4  2.27e+36
      85.8  2.31e+36
      85.1  2.35e+36
      84.5  2.39e+36
      83.9  2.43e+36
      83.2  2.46e+36
      82.6   2.5e+36
        82  2.53e+36
      81.3  2.56e+36
      80.7  2.58e+36
      80.1  2.61e+36
      79.4  2.63e+36
      78.8  2.65e+36
      78.2  2.66e+36
      77.5  2.68e+36
      76.9  2.69e+36
      76.2  2.69e+36
      75.6   2.7e+36
        75   2.7e+36
      74.3   2.7e+36
      73.7  2.69e+36
      73.1  2.68e+36
      72.4  2.67e+36
      71.8  2.65e+36
      71.2  2.63e+36
      70.5  2.61e+36
      69.9  2.59e+36
      69.2  2.56e+36
      68.6  2.53e+36
        68  2.49e+36
      67.3  2.45e+36
      66.7  2.41e+36
      66.1  2.37e+36
      65.4  2.32e+36
      64.8  2.28e+36
      64.2  2.22e+36
      63.5  2.17e+36
      62.9  2.12e+36
      62.3  2.06e+36
      61.6     2e+36
        61  1.94e+36
      60.3  1.88e+36
      59.7  1.82e+36
      59.1  1.75e+36
      58.4  1.69e+36
      57.8  1.63e+36
      57.2  1.56e+36
      56.5   1.5e+36
      55.9  1.43e+36
      55.3  1.37e+36
      54.6   1.3e+36
        54  1.24e+36
      53.4  1.17e+36
      52.7  1.11e+36
      52.1  1.05e+36
      51.4  9.92e+35
      50.8  9.33e+35
      50.2  8.76e+35
      49.5  8.21e+35
      48.9  7.67e+35
      48.3  7.16e+35
      47.6  6.66e+35
        47  6.18e+35
      46.4  5.72e+35
      45.7  5.28e+35
      45.1  4.87e+35
      44.4  4.47e+35
      43.8  4.09e+35
      43.2  3.74e+35
      42.5  3.41e+35
      41.9  3.09e+35
      41.3   2.8e+35
      40.6  2.53e+35
        40  2.28e+35
      39.4  2.04e+35
      38.7  1.83e+35
      38.1  1.63e+35
      37.5  1.44e+35
      36.8  1.28e+35
      36.2  1.13e+35
      35.5  9.89e+34
      34.9  8.65e+34
      34.3  7.54e+34
      33.6  6.54e+34
        33  5.66e+34
      32.4  4.87e+34
      31.7  4.17e+34
      31.1  3.55e+34
      30.5  3.01e+34
      29.8  2.55e+34
      29.2  2.14e+34
      28.5  1.79e+34
      27.9  1.48e+34
      27.3  1.23e+34
      26.6  1.01e+34
        26  8.23e+33
      25.4  6.68e+33
      24.7  5.38e+33
      24.1  4.31e+33
      23.5  3.43e+33
      22.8   2.7e+33
      22.2  2.12e+33
      21.6  1.65e+33
      20.9  1.27e+33
      20.3  9.68e+32
      19.6  7.33e+32
        19   5.5e+32
      18.4  4.08e+32
      17.7     3e+32
      17.1  2.18e+32
      16.5  1.57e+32
      15.8  1.12e+32
      15.2  7.84e+31
      14.6  5.45e+31
      13.9  3.74e+31
      13.3  2.54e+31
      12.7   1.7e+31
        12  1.13e+31
      11.4  7.44e+30
      10.7  4.87e+30
      10.1  3.17e+30
      9.47  2.07e+30
      8.84  1.35e+30
       8.2  8.96e+29
      7.57  6.04e+29
      6.93  4.14e+29
      6.29  2.89e+29
      5.66  2.05e+29
      5.02  1.47e+29
      4.39  1.06e+29
      3.75  7.59e+28
      3.11  5.44e+28
      2.48  3.88e+28
      1.84  2.75e+28
      1.21  1.95e+28
      0.57  1.37e+28
   -0.0656  9.53e+27
    -0.702  6.59e+27
     -1.34  4.54e+27
     -1.97   3.1e+27
     -2.61  2.09e+27
     -3.25  1.42e+27
     -3.88  9.35e+26
     -4.52  6.24e+26
     -5.15  4.06e+26
     -5.79  2.66e+26
     -6.42  1.68e+26
     -7.06   1.1e+26
      -7.7  6.67e+25
     -8.33  4.28e+25
     -8.97  2.61e+25
      -9.6  1.69e+25
     -10.2  1.02e+25
     -10.9  5.85e+24
     -11.5  3.42e+24
     -12.1  2.45e+24
     -12.8   1.3e+24
     -13.4  9.19e+23
     -14.1  2.36e+23
     -14.7  4.68e+23
     -15.3  1.13e+23
       -16  7.88e+22
     -16.6  7.47e+22
     -17.2  1.57e+22
     -17.9 -3.03e+22
     -18.5   6.8e+21
     -19.1  3.34e+21
     -19.8  1.37e+21
     -20.4  4.22e+20
     -21.1  1.83e+20
     -21.7  6.57e+19
     -22.3  8.45e+19
       -23   2.3e+18

pressure[atm]        = 100
temperature[K]           = 1600
energy step[1/cm]        = 222
maximum energy[kcal/mol] = 168

bimolecular PEDs:
   E, kcal    P1->P2
       168  8.18e+32
       167  9.01e+32
       167  9.92e+32
       166  1.09e+33
       165   1.2e+33
       165  1.32e+33
       164  1.45e+33
       163  1.59e+33
       163  1.74e+33
       162  1.91e+33
       161  2.09e+33
       161  2.28e+33
       160  2.49e+33
       160  2.72e+33
       159  2.97e+33
       158  3.24e+33
       158  3.53e+33
       157  3.85e+33
       156  4.19e+33
       156  4.56e+33
       155  4.96e+33
       154   5.4e+33
       154  5.87e+33
       153  6.37e+33
       153  6.92e+33
       152  7.51e+33
       151  8.15e+33
       151  8.84e+33
       150  9.58e+33
       149  1.04e+34
       149  1.12e+34
       148  1.22e+34
       147  1.32e+34
       147  1.43e+34
       146  1.54e+34
       146  1.67e+34
       145   1.8e+34
       144  1.95e+34
       144   2.1e+34
       143  2.27e+34
       142  2.44e+34
       142  2.64e+34
       141  2.84e+34
       140  3.06e+34
       140  3.29e+34
       139  3.55e+34
       139  3.81e+34
       138   4.1e+34
       137  4.41e+34
       137  4.74e+34
       136  5.09e+34
       135  5.46e+34
       135  5.86e+34
       134  6.28e+34
       133  6.73e+34
       133  7.21e+34
       132  7.72e+34
       132  8.27e+34
       131  8.84e+34
       130  9.45e+34
       130  1.01e+35
       129  1.08e+35
       128  1.15e+35
       128  1.23e+35
       127  1.31e+35
       126   1.4e+35
       126  1.49e+35
       125  1.59e+35
       125  1.69e+35
       124   1.8e+35
       123  1.91e+35
       123  2.03e+35
       122  2.16e+35
       121  2.29e+35
       121  2.43e+35
       120  2.57e+35
       119  2.73e+35
       119  2.89e+35
       118  3.06e+35
       118  3.24e+35
       117  3.42e+35
       116  3.61e+35
       116  3.82e+35
       115  4.03e+35
       114  4.25e+35
       114  4.48e+35
       113  4.72e+35
       112  4.97e+35
       112  5.23e+35
       111   5.5e+35
       111  5.78e+35
       110  6.07e+35
       109  6.37e+35
       109  6.68e+35
       108     7e+35
       107  7.33e+35
       107  7.67e+35
       106  8.03e+35
       105  8.39e+35
       105  8.76e+35
       104  9.15e+35
       104  9.54e+35
       103  9.95e+35
       102  1.04e+36
       102  1.08e+36
       101  1.12e+36
       100  1.17e+36
      99.8  1.21e+36
      99.1  1.26e+36
      98.5   1.3e+36
      97.9  1.35e+36
      97.2   1.4e+36
      96.6  1.45e+36
        96   1.5e+36
      95.3  1.54e+36
      94.7  1.59e+36
        94  1.64e+36
      93.4  1.69e+36
      92.8  1.74e+36
      92.1  1.79e+36
      91.5  1.84e+36
      90.9  1.89e+36
      90.2  1.94e+36
      89.6  1.99e+36
        89  2.04e+36
      88.3  2.09e+36
      87.7  2.13e+36
      87.1  2.18e+36
      86.4  2.22e+36
      85.8  2.27e+36
      85.1  2.31e+36
      84.5  2.35e+36
      83.9  2.39e+36
      83.2  2.43e+36
      82.6  2.46e+36
        82  2.49e+36
      81.3  2.52e+36
      80.7  2.55e+36
      80.1  2.58e+36
      79.4   2.6e+36
      78.8  2.62e+36
      78.2  2.64e+36
      77.5  2.66e+36
      76.9  2.67e+36
      76.2  2.68e+36
      75.6  2.69e+36
        75  2.69e+36
      74.3  2.69e+36
      73.7  2.69e+36
      73.1  2.68e+36
      72.4  2.67e+36
      71.8  2.66e+36
      71.2  2.65e+36
      70.5  2.63e+36
      69.9  2.61e+36
      69.2  2.58e+36
      68.6  2.55e+36
        68  2.52e+36
      67.3  2.48e+36
      66.7  2.45e+36
      66.1  2.41e+36
      65.4  2.36e+36
      64.8  2.32e+36
      64.2  2.27e+36
      63.5  2.22e+36
      62.9  2.17e+36
      62.3  2.11e+36
      61.6  2.06e+36
        61     2e+36
      60.3  1.94e+36
      59.7  1.88e+36
      59.1  1.81e+36
      58.4  1.75e+36
      57.8  1.69e+36
      57.2  1.62e+36
      56.5  1.56e+36
      55.9  1.49e+36
      55.3  1.43e+36
      54.6  1.37e+36
        54   1.3e+36
      53.4  1.24e+36
      52.7  1.18e+36
      52.1  1.11e+36
      51.4  1.05e+36
      50.8  9.94e+35
      50.2  9.36e+35
      49.5  8.79e+35
      48.9  8.24e+35
      48.3  7.71e+35
      47.6   7.2e+35
        47   6.7e+35
      46.4  6.23e+35
      45.7  5.77e+35
      45.1  5.33e+35
      44.4  4.92e+35
      43.8  4.52e+35
      43.2  4.15e+35
      42.5   3.8e+35
      41.9  3.46e+35
      41.3  3.15e+35
      40.6  2.86e+35
        40  2.59e+35
      39.4  2.33e+35
      38.7   2.1e+35
      38.1  1.88e+35
      37.5  1.68e+35
      36.8   1.5e+35
      36.2  1.33e+35
      35.5  1.18e+35
      34.9  1.04e+35
      34.3   9.1e+34
      33.6  7.97e+34
        33  6.95e+34
      32.4  6.04e+34
      31.7  5.23e+34
      31.1   4.5e+34
      30.5  3.87e+34
      29.8  3.31e+34
      29.2  2.82e+34
      28.5  2.39e+34
      27.9  2.02e+34
      27.3  1.69e+34
      26.6  1.42e+34
        26  1.18e+34
      25.4  9.78e+33
      24.7  8.07e+33
      24.1  6.62e+33
      23.5  5.41e+33
      22.8   4.4e+33
      22.2  3.56e+33
      21.6  2.86e+33
      20.9   2.3e+33
      20.3  1.83e+33
      19.6  1.45e+33
        19  1.15e+33
      18.4  9.02e+32
      17.7  7.07e+32
      17.1  5.51e+32
      16.5  4.29e+32
      15.8  3.32e+32
      15.2  2.57e+32
      14.6  1.98e+32
      13.9  1.52e+32
      13.3  1.17e+32
      12.7  8.94e+31
        12  6.85e+31
      11.4  5.24e+31
      10.7  4.01e+31
      10.1  3.07e+31
      9.47  2.34e+31
      8.84  1.79e+31
       8.2  1.37e+31
      7.57  1.04e+31
      6.93  7.95e+30
      6.29  6.05e+30
      5.66  4.59e+30
      5.02  3.48e+30
      4.39  2.63e+30
      3.75  1.98e+30
      3.11  1.48e+30
      2.48  1.11e+30
      1.84  8.22e+29
      1.21  6.09e+29
      0.57  4.48e+29
   -0.0656  3.29e+29
    -0.702   2.4e+29
     -1.34  1.74e+29
     -1.97  1.26e+29
     -2.61   9.1e+28
     -3.25  6.53e+28
     -3.88  4.67e+28
     -4.52  3.33e+28
     -5.15  2.36e+28
     -5.79  1.66e+28
     -6.42  1.17e+28
     -7.06  8.18e+27
      -7.7  5.69e+27
     -8.33  3.94e+27
     -8.97  2.71e+27
      -9.6  1.86e+27
     -10.2  1.26e+27
     -10.9  8.51e+26
     -11.5  5.68e+26
     -12.1  3.77e+26
     -12.8  2.45e+26
     -13.4   1.6e+26
     -14.1  1.01e+26
     -14.7  6.24e+25
     -15.3  3.88e+25
       -16  2.26e+25
     -16.6  1.33e+25
     -17.2  7.31e+24
     -17.9  3.91e+24
     -18.5  1.97e+24
     -19.1  9.31e+23
     -19.8   4.1e+23
     -20.4  1.64e+23
     -21.1  5.83e+22
     -21.7  1.81e+22
     -22.3  4.69e+21
       -23  7.48e+20

pressure[atm]        = 0.01
temperature[K]           = 1700
energy step[1/cm]        = 236
maximum energy[kcal/mol] = 181

bimolecular PEDs:
   E, kcal    P1->P2
       181  8.77e+33
       180   9.6e+33
       180  1.05e+34
       179  1.15e+34
       178  1.25e+34
       178  1.37e+34
       177   1.5e+34
       176  1.63e+34
       176  1.78e+34
       175  1.95e+34
       174  2.12e+34
       174  2.31e+34
       173  2.52e+34
       172  2.75e+34
       172  2.99e+34
       171  3.26e+34
       170  3.55e+34
       170  3.86e+34
       169  4.19e+34
       168  4.56e+34
       167  4.96e+34
       167  5.38e+34
       166  5.85e+34
       165  6.35e+34
       165  6.89e+34
       164  7.47e+34
       163   8.1e+34
       163  8.78e+34
       162  9.51e+34
       161  1.03e+35
       161  1.12e+35
       160  1.21e+35
       159  1.31e+35
       159  1.41e+35
       158  1.53e+35
       157  1.65e+35
       157  1.78e+35
       156  1.92e+35
       155  2.07e+35
       155  2.24e+35
       154  2.41e+35
       153   2.6e+35
       153   2.8e+35
       152  3.01e+35
       151  3.24e+35
       151  3.49e+35
       150  3.75e+35
       149  4.03e+35
       149  4.33e+35
       148  4.65e+35
       147  4.99e+35
       147  5.36e+35
       146  5.75e+35
       145  6.16e+35
       145   6.6e+35
       144  7.07e+35
       143  7.56e+35
       142  8.09e+35
       142  8.65e+35
       141  9.25e+35
       140  9.88e+35
       140  1.06e+36
       139  1.13e+36
       138   1.2e+36
       138  1.28e+36
       137  1.36e+36
       136  1.45e+36
       136  1.55e+36
       135  1.65e+36
       134  1.75e+36
       134  1.86e+36
       133  1.98e+36
       132   2.1e+36
       132  2.23e+36
       131  2.36e+36
       130   2.5e+36
       130  2.65e+36
       129  2.81e+36
       128  2.97e+36
       128  3.14e+36
       127  3.32e+36
       126   3.5e+36
       126   3.7e+36
       125   3.9e+36
       124  4.12e+36
       124  4.34e+36
       123  4.57e+36
       122  4.81e+36
       122  5.05e+36
       121  5.31e+36
       120  5.58e+36
       120  5.86e+36
       119  6.15e+36
       118  6.45e+36
       117  6.75e+36
       117  7.07e+36
       116   7.4e+36
       115  7.74e+36
       115  8.08e+36
       114  8.44e+36
       113  8.81e+36
       113  9.19e+36
       112  9.57e+36
       111  9.97e+36
       111  1.04e+37
       110  1.08e+37
       109  1.12e+37
       109  1.16e+37
       108  1.21e+37
       107  1.25e+37
       107   1.3e+37
       106  1.34e+37
       105  1.39e+37
       105  1.43e+37
       104  1.48e+37
       103  1.53e+37
       103  1.58e+37
       102  1.62e+37
       101  1.67e+37
       101  1.72e+37
      99.9  1.76e+37
      99.3  1.81e+37
      98.6  1.86e+37
      97.9   1.9e+37
      97.2  1.95e+37
      96.6     2e+37
      95.9  2.04e+37
      95.2  2.08e+37
      94.5  2.12e+37
      93.8  2.17e+37
      93.2  2.21e+37
      92.5  2.24e+37
      91.8  2.28e+37
      91.1  2.32e+37
      90.5  2.35e+37
      89.8  2.38e+37
      89.1  2.41e+37
      88.4  2.44e+37
      87.8  2.46e+37
      87.1  2.48e+37
      86.4   2.5e+37
      85.7  2.52e+37
      85.1  2.54e+37
      84.4  2.55e+37
      83.7  2.56e+37
        83  2.56e+37
      82.4  2.57e+37
      81.7  2.57e+37
        81  2.56e+37
      80.3  2.56e+37
      79.7  2.55e+37
        79  2.54e+37
      78.3  2.52e+37
      77.6  2.51e+37
        77  2.48e+37
      76.3  2.46e+37
      75.6  2.43e+37
      74.9   2.4e+37
      74.3  2.37e+37
      73.6  2.34e+37
      72.9   2.3e+37
      72.2  2.26e+37
      71.6  2.21e+37
      70.9  2.17e+37
      70.2  2.12e+37
      69.5  2.07e+37
      68.8  2.02e+37
      68.2  1.96e+37
      67.5  1.91e+37
      66.8  1.85e+37
      66.1   1.8e+37
      65.5  1.74e+37
      64.8  1.68e+37
      64.1  1.62e+37
      63.4  1.56e+37
      62.8  1.49e+37
      62.1  1.43e+37
      61.4  1.37e+37
      60.7  1.31e+37
      60.1  1.25e+37
      59.4  1.19e+37
      58.7  1.13e+37
        58  1.07e+37
      57.4  1.01e+37
      56.7  9.57e+36
        56  9.01e+36
      55.3  8.47e+36
      54.7  7.95e+36
        54  7.44e+36
      53.3  6.95e+36
      52.6  6.47e+36
        52  6.02e+36
      51.3  5.58e+36
      50.6  5.16e+36
      49.9  4.76e+36
      49.3  4.38e+36
      48.6  4.02e+36
      47.9  3.68e+36
      47.2  3.36e+36
      46.6  3.06e+36
      45.9  2.78e+36
      45.2  2.51e+36
      44.5  2.27e+36
      43.8  2.04e+36
      43.2  1.83e+36
      42.5  1.63e+36
      41.8  1.46e+36
      41.1  1.29e+36
      40.5  1.14e+36
      39.8  1.01e+36
      39.1  8.85e+35
      38.4  7.75e+35
      37.8  6.75e+35
      37.1  5.86e+35
      36.4  5.07e+35
      35.7  4.36e+35
      35.1  3.74e+35
      34.4  3.19e+35
      33.7  2.71e+35
        33  2.29e+35
      32.4  1.92e+35
      31.7  1.61e+35
        31  1.34e+35
      30.3  1.11e+35
      29.7  9.11e+34
        29  7.45e+34
      28.3  6.06e+34
      27.6  4.89e+34
        27  3.93e+34
      26.3  3.13e+34
      25.6  2.47e+34
      24.9  1.94e+34
      24.3  1.51e+34
      23.6  1.17e+34
      22.9  8.94e+33
      22.2  6.78e+33
      21.6   5.1e+33
      20.9  3.79e+33
      20.2  2.79e+33
      19.5  2.03e+33
      18.9  1.46e+33
      18.2  1.04e+33
      17.5  7.26e+32
      16.8  5.01e+32
      16.1  3.41e+32
      15.5  2.28e+32
      14.8  1.49e+32
      14.1  9.61e+31
      13.4  6.05e+31
      12.8  3.72e+31
      12.1  2.23e+31
      11.4   1.3e+31
      10.7  7.31e+30
      10.1  3.96e+30
      9.39  2.04e+30
      8.72  9.96e+29
      8.04  4.56e+29
      7.37  1.93e+29
      6.69  7.43e+28
      6.01  2.58e+28
      5.34  8.13e+27
      4.66  2.41e+27
      3.99  7.48e+26
      3.31  2.93e+26
      2.64   1.5e+26
      1.96  1.04e+26
      1.28   7.5e+25
     0.609  3.92e+25
    -0.067  3.09e+25
    -0.743  1.95e+25
     -1.42  1.34e+25
     -2.09  8.97e+24
     -2.77  5.55e+24
     -3.45  3.94e+24
     -4.12  2.23e+24
      -4.8  1.47e+24
     -5.47  8.09e+23
     -6.15  6.71e+23
     -6.82  2.29e+23
      -7.5  9.65e+22
     -8.17  1.32e+23
     -8.85  2.27e+23
     -9.53  -7.5e+22
     -10.2  3.29e+22
     -10.9 -8.17e+21
     -11.6 -8.46e+22
     -12.2  1.69e+23
     -12.9 -8.93e+22
     -13.6  2.87e+21
     -14.3  6.56e+21
     -14.9   6.7e+21
     -15.6 -5.21e+21
     -16.3  1.83e+20
       -17   9.1e+19
     -17.6  -2.9e+21
     -18.3  5.54e+20
       -19  -1.2e+20
     -19.7  4.07e+19
     -20.3 -2.64e+20
       -21  1.65e+20
     -21.7  2.66e+19
     -22.4  2.21e+18
       -23  1.91e+14

pressure[atm]        = 0.1
temperature[K]           = 1700
energy step[1/cm]        = 236
maximum energy[kcal/mol] = 181

bimolecular PEDs:
   E, kcal    P1->P2
       181  8.77e+33
       180   9.6e+33
       180  1.05e+34
       179  1.15e+34
       178  1.25e+34
       178  1.37e+34
       177   1.5e+34
       176  1.63e+34
       176  1.78e+34
       175  1.95e+34
       174  2.12e+34
       174  2.31e+34
       173  2.52e+34
       172  2.75e+34
       172  2.99e+34
       171  3.26e+34
       170  3.55e+34
       170  3.86e+34
       169  4.19e+34
       168  4.56e+34
       167  4.96e+34
       167  5.38e+34
       166  5.85e+34
       165  6.35e+34
       165  6.89e+34
       164  7.47e+34
       163   8.1e+34
       163  8.78e+34
       162  9.51e+34
       161  1.03e+35
       161  1.12e+35
       160  1.21e+35
       159  1.31e+35
       159  1.41e+35
       158  1.53e+35
       157  1.65e+35
       157  1.78e+35
       156  1.92e+35
       155  2.07e+35
       155  2.24e+35
       154  2.41e+35
       153   2.6e+35
       153   2.8e+35
       152  3.01e+35
       151  3.24e+35
       151  3.49e+35
       150  3.75e+35
       149  4.03e+35
       149  4.33e+35
       148  4.65e+35
       147  4.99e+35
       147  5.36e+35
       146  5.75e+35
       145  6.16e+35
       145   6.6e+35
       144  7.07e+35
       143  7.56e+35
       142  8.09e+35
       142  8.65e+35
       141  9.25e+35
       140  9.88e+35
       140  1.05e+36
       139  1.13e+36
       138   1.2e+36
       138  1.28e+36
       137  1.36e+36
       136  1.45e+36
       136  1.55e+36
       135  1.65e+36
       134  1.75e+36
       134  1.86e+36
       133  1.98e+36
       132   2.1e+36
       132  2.23e+36
       131  2.36e+36
       130   2.5e+36
       130  2.65e+36
       129  2.81e+36
       128  2.97e+36
       128  3.14e+36
       127  3.32e+36
       126   3.5e+36
       126   3.7e+36
       125   3.9e+36
       124  4.11e+36
       124  4.34e+36
       123  4.57e+36
       122  4.81e+36
       122  5.05e+36
       121  5.31e+36
       120  5.58e+36
       120  5.86e+36
       119  6.15e+36
       118  6.44e+36
       117  6.75e+36
       117  7.07e+36
       116   7.4e+36
       115  7.74e+36
       115  8.08e+36
       114  8.44e+36
       113  8.81e+36
       113  9.19e+36
       112  9.57e+36
       111  9.97e+36
       111  1.04e+37
       110  1.08e+37
       109  1.12e+37
       109  1.16e+37
       108  1.21e+37
       107  1.25e+37
       107   1.3e+37
       106  1.34e+37
       105  1.39e+37
       105  1.43e+37
       104  1.48e+37
       103  1.53e+37
       103  1.58e+37
       102  1.62e+37
       101  1.67e+37
       101  1.72e+37
      99.9  1.76e+37
      99.3  1.81e+37
      98.6  1.86e+37
      97.9   1.9e+37
      97.2  1.95e+37
      96.6     2e+37
      95.9  2.04e+37
      95.2  2.08e+37
      94.5  2.12e+37
      93.8  2.17e+37
      93.2  2.21e+37
      92.5  2.24e+37
      91.8  2.28e+37
      91.1  2.32e+37
      90.5  2.35e+37
      89.8  2.38e+37
      89.1  2.41e+37
      88.4  2.44e+37
      87.8  2.46e+37
      87.1  2.48e+37
      86.4   2.5e+37
      85.7  2.52e+37
      85.1  2.54e+37
      84.4  2.55e+37
      83.7  2.56e+37
        83  2.56e+37
      82.4  2.57e+37
      81.7  2.57e+37
        81  2.56e+37
      80.3  2.56e+37
      79.7  2.55e+37
        79  2.54e+37
      78.3  2.52e+37
      77.6  2.51e+37
        77  2.48e+37
      76.3  2.46e+37
      75.6  2.43e+37
      74.9   2.4e+37
      74.3  2.37e+37
      73.6  2.34e+37
      72.9   2.3e+37
      72.2  2.26e+37
      71.6  2.21e+37
      70.9  2.17e+37
      70.2  2.12e+37
      69.5  2.07e+37
      68.8  2.02e+37
      68.2  1.96e+37
      67.5  1.91e+37
      66.8  1.85e+37
      66.1   1.8e+37
      65.5  1.74e+37
      64.8  1.68e+37
      64.1  1.62e+37
      63.4  1.56e+37
      62.8  1.49e+37
      62.1  1.43e+37
      61.4  1.37e+37
      60.7  1.31e+37
      60.1  1.25e+37
      59.4  1.19e+37
      58.7  1.13e+37
        58  1.07e+37
      57.4  1.01e+37
      56.7  9.57e+36
        56  9.01e+36
      55.3  8.47e+36
      54.7  7.95e+36
        54  7.44e+36
      53.3  6.95e+36
      52.6  6.47e+36
        52  6.02e+36
      51.3  5.58e+36
      50.6  5.16e+36
      49.9  4.76e+36
      49.3  4.38e+36
      48.6  4.02e+36
      47.9  3.68e+36
      47.2  3.36e+36
      46.6  3.06e+36
      45.9  2.78e+36
      45.2  2.51e+36
      44.5  2.27e+36
      43.8  2.04e+36
      43.2  1.83e+36
      42.5  1.63e+36
      41.8  1.46e+36
      41.1  1.29e+36
      40.5  1.14e+36
      39.8  1.01e+36
      39.1  8.86e+35
      38.4  7.75e+35
      37.8  6.75e+35
      37.1  5.86e+35
      36.4  5.07e+35
      35.7  4.36e+35
      35.1  3.74e+35
      34.4  3.19e+35
      33.7  2.71e+35
        33  2.29e+35
      32.4  1.92e+35
      31.7  1.61e+35
        31  1.34e+35
      30.3  1.11e+35
      29.7  9.12e+34
        29  7.46e+34
      28.3  6.06e+34
      27.6  4.89e+34
        27  3.93e+34
      26.3  3.13e+34
      25.6  2.47e+34
      24.9  1.94e+34
      24.3  1.51e+34
      23.6  1.17e+34
      22.9  8.95e+33
      22.2  6.79e+33
      21.6   5.1e+33
      20.9   3.8e+33
      20.2  2.79e+33
      19.5  2.03e+33
      18.9  1.46e+33
      18.2  1.04e+33
      17.5  7.27e+32
      16.8  5.02e+32
      16.1  3.41e+32
      15.5  2.28e+32
      14.8   1.5e+32
      14.1  9.64e+31
      13.4  6.07e+31
      12.8  3.74e+31
      12.1  2.24e+31
      11.4  1.31e+31
      10.7  7.38e+30
      10.1  4.01e+30
      9.39  2.08e+30
      8.72  1.02e+30
      8.04  4.75e+29
      7.37  2.07e+29
      6.69  8.44e+28
      6.01   3.3e+28
      5.34  1.33e+28
      4.66  6.04e+27
      3.99  3.32e+27
      3.31  2.08e+27
      2.64  1.41e+27
      1.96  9.76e+26
      1.28   6.5e+26
     0.609  4.59e+26
    -0.067  3.06e+26
    -0.743  2.03e+26
     -1.42  1.35e+26
     -2.09  8.84e+25
     -2.77  5.79e+25
     -3.45  3.71e+25
     -4.12  2.35e+25
      -4.8  1.39e+25
     -5.47  9.52e+24
     -6.15  5.09e+24
     -6.82  2.61e+24
      -7.5  2.09e+24
     -8.17  1.05e+24
     -8.85   7.8e+23
     -9.53  1.78e+23
     -10.2  7.75e+22
     -10.9  2.31e+23
     -11.6 -2.49e+22
     -12.2 -5.18e+21
     -12.9  6.92e+22
     -13.6 -3.77e+22
     -14.3  1.16e+22
     -14.9  -2.4e+19
     -15.6  3.71e+21
     -16.3 -4.97e+21
       -17  3.24e+21
     -17.6 -1.15e+21
     -18.3  3.36e+20
       -19 -6.46e+19
     -19.7  1.41e+19
     -20.3 -1.41e+20
       -21  8.68e+19
     -21.7  1.55e+19
     -22.4 -1.26e+17
       -23  5.43e+14

pressure[atm]        = 1
temperature[K]           = 1700
energy step[1/cm]        = 236
maximum energy[kcal/mol] = 181

bimolecular PEDs:
   E, kcal    P1->P2
       181  8.75e+33
       180  9.58e+33
       180  1.05e+34
       179  1.15e+34
       178  1.25e+34
       178  1.37e+34
       177  1.49e+34
       176  1.63e+34
       176  1.78e+34
       175  1.94e+34
       174  2.12e+34
       174  2.31e+34
       173  2.52e+34
       172  2.74e+34
       172  2.99e+34
       171  3.25e+34
       170  3.54e+34
       170  3.85e+34
       169  4.19e+34
       168  4.56e+34
       167  4.95e+34
       167  5.38e+34
       166  5.84e+34
       165  6.34e+34
       165  6.88e+34
       164  7.46e+34
       163  8.09e+34
       163  8.77e+34
       162   9.5e+34
       161  1.03e+35
       161  1.11e+35
       160  1.21e+35
       159   1.3e+35
       159  1.41e+35
       158  1.52e+35
       157  1.65e+35
       157  1.78e+35
       156  1.92e+35
       155  2.07e+35
       155  2.23e+35
       154  2.41e+35
       153   2.6e+35
       153   2.8e+35
       152  3.01e+35
       151  3.24e+35
       151  3.49e+35
       150  3.75e+35
       149  4.03e+35
       149  4.33e+35
       148  4.65e+35
       147  4.99e+35
       147  5.35e+35
       146  5.74e+35
       145  6.16e+35
       145  6.59e+35
       144  7.06e+35
       143  7.56e+35
       142  8.09e+35
       142  8.65e+35
       141  9.24e+35
       140  9.87e+35
       140  1.05e+36
       139  1.13e+36
       138   1.2e+36
       138  1.28e+36
       137  1.36e+36
       136  1.45e+36
       136  1.55e+36
       135  1.64e+36
       134  1.75e+36
       134  1.86e+36
       133  1.97e+36
       132   2.1e+36
       132  2.22e+36
       131  2.36e+36
       130   2.5e+36
       130  2.65e+36
       129   2.8e+36
       128  2.97e+36
       128  3.14e+36
       127  3.32e+36
       126   3.5e+36
       126   3.7e+36
       125   3.9e+36
       124  4.11e+36
       124  4.33e+36
       123  4.56e+36
       122   4.8e+36
       122  5.05e+36
       121  5.31e+36
       120  5.58e+36
       120  5.86e+36
       119  6.14e+36
       118  6.44e+36
       117  6.75e+36
       117  7.07e+36
       116   7.4e+36
       115  7.73e+36
       115  8.08e+36
       114  8.44e+36
       113  8.81e+36
       113  9.18e+36
       112  9.57e+36
       111  9.96e+36
       111  1.04e+37
       110  1.08e+37
       109  1.12e+37
       109  1.16e+37
       108  1.21e+37
       107  1.25e+37
       107   1.3e+37
       106  1.34e+37
       105  1.39e+37
       105  1.43e+37
       104  1.48e+37
       103  1.53e+37
       103  1.57e+37
       102  1.62e+37
       101  1.67e+37
       101  1.72e+37
      99.9  1.76e+37
      99.3  1.81e+37
      98.6  1.86e+37
      97.9   1.9e+37
      97.2  1.95e+37
      96.6  1.99e+37
      95.9  2.04e+37
      95.2  2.08e+37
      94.5  2.12e+37
      93.8  2.17e+37
      93.2  2.21e+37
      92.5  2.24e+37
      91.8  2.28e+37
      91.1  2.32e+37
      90.5  2.35e+37
      89.8  2.38e+37
      89.1  2.41e+37
      88.4  2.44e+37
      87.8  2.46e+37
      87.1  2.48e+37
      86.4   2.5e+37
      85.7  2.52e+37
      85.1  2.54e+37
      84.4  2.55e+37
      83.7  2.56e+37
        83  2.56e+37
      82.4  2.57e+37
      81.7  2.57e+37
        81  2.56e+37
      80.3  2.56e+37
      79.7  2.55e+37
        79  2.54e+37
      78.3  2.52e+37
      77.6  2.51e+37
        77  2.48e+37
      76.3  2.46e+37
      75.6  2.43e+37
      74.9   2.4e+37
      74.3  2.37e+37
      73.6  2.34e+37
      72.9   2.3e+37
      72.2  2.26e+37
      71.6  2.21e+37
      70.9  2.17e+37
      70.2  2.12e+37
      69.5  2.07e+37
      68.8  2.02e+37
      68.2  1.97e+37
      67.5  1.91e+37
      66.8  1.85e+37
      66.1   1.8e+37
      65.5  1.74e+37
      64.8  1.68e+37
      64.1  1.62e+37
      63.4  1.56e+37
      62.8  1.49e+37
      62.1  1.43e+37
      61.4  1.37e+37
      60.7  1.31e+37
      60.1  1.25e+37
      59.4  1.19e+37
      58.7  1.13e+37
        58  1.07e+37
      57.4  1.01e+37
      56.7  9.57e+36
        56  9.02e+36
      55.3  8.48e+36
      54.7  7.95e+36
        54  7.45e+36
      53.3  6.95e+36
      52.6  6.48e+36
        52  6.02e+36
      51.3  5.58e+36
      50.6  5.17e+36
      49.9  4.77e+36
      49.3  4.39e+36
      48.6  4.03e+36
      47.9  3.69e+36
      47.2  3.36e+36
      46.6  3.06e+36
      45.9  2.78e+36
      45.2  2.52e+36
      44.5  2.27e+36
      43.8  2.04e+36
      43.2  1.83e+36
      42.5  1.64e+36
      41.8  1.46e+36
      41.1  1.29e+36
      40.5  1.15e+36
      39.8  1.01e+36
      39.1  8.87e+35
      38.4  7.76e+35
      37.8  6.77e+35
      37.1  5.87e+35
      36.4  5.08e+35
      35.7  4.37e+35
      35.1  3.75e+35
      34.4   3.2e+35
      33.7  2.71e+35
        33  2.29e+35
      32.4  1.93e+35
      31.7  1.61e+35
        31  1.34e+35
      30.3  1.11e+35
      29.7  9.15e+34
        29  7.48e+34
      28.3  6.08e+34
      27.6  4.91e+34
        27  3.94e+34
      26.3  3.14e+34
      25.6  2.49e+34
      24.9  1.95e+34
      24.3  1.52e+34
      23.6  1.18e+34
      22.9     9e+33
      22.2  6.84e+33
      21.6  5.14e+33
      20.9  3.83e+33
      20.2  2.82e+33
      19.5  2.05e+33
      18.9  1.48e+33
      18.2  1.05e+33
      17.5  7.37e+32
      16.8   5.1e+32
      16.1  3.47e+32
      15.5  2.33e+32
      14.8  1.53e+32
      14.1  9.92e+31
      13.4  6.29e+31
      12.8   3.9e+31
      12.1  2.37e+31
      11.4   1.4e+31
      10.7  8.06e+30
      10.1  4.51e+30
      9.39  2.45e+30
      8.72  1.29e+30
      8.04  6.71e+29
      7.37  3.48e+29
      6.69  1.86e+29
      6.01  1.06e+29
      5.34  6.52e+28
      4.66  4.29e+28
      3.99  2.93e+28
      3.31  2.03e+28
      2.64  1.41e+28
      1.96  9.73e+27
      1.28  6.68e+27
     0.609  4.58e+27
    -0.067  3.09e+27
    -0.743  2.08e+27
     -1.42  1.38e+27
     -2.09  9.05e+26
     -2.77  5.93e+26
     -3.45  3.81e+26
     -4.12  2.41e+26
      -4.8  1.51e+26
     -5.47  9.23e+25
     -6.15  5.84e+25
     -6.82  3.22e+25
      -7.5  2.13e+25
     -8.17  9.88e+24
     -8.85  6.61e+24
     -9.53  4.12e+24
     -10.2  1.89e+24
     -10.9  1.16e+23
     -11.6  1.37e+24
     -12.2 -1.38e+23
     -12.9  1.04e+23
     -13.6  1.76e+23
     -14.3 -5.61e+22
     -14.9  4.18e+22
     -15.6 -1.37e+21
     -16.3  4.42e+21
       -17  -3.8e+20
     -17.6 -3.03e+20
     -18.3  2.79e+20
       -19  1.28e+20
     -19.7  4.62e+19
     -20.3  4.28e+19
       -21  6.49e+18
     -21.7 -1.57e+18
     -22.4  1.77e+18
       -23  4.89e+16

pressure[atm]        = 10
temperature[K]           = 1700
energy step[1/cm]        = 236
maximum energy[kcal/mol] = 181

bimolecular PEDs:
   E, kcal    P1->P2
       181  8.58e+33
       180   9.4e+33
       180  1.03e+34
       179  1.13e+34
       178  1.23e+34
       178  1.35e+34
       177  1.48e+34
       176  1.61e+34
       176  1.76e+34
       175  1.92e+34
       174   2.1e+34
       174  2.29e+34
       173   2.5e+34
       172  2.72e+34
       172  2.96e+34
       171  3.23e+34
       170  3.51e+34
       170  3.82e+34
       169  4.16e+34
       168  4.52e+34
       167  4.91e+34
       167  5.34e+34
       166   5.8e+34
       165  6.29e+34
       165  6.83e+34
       164  7.41e+34
       163  8.03e+34
       163  8.71e+34
       162  9.43e+34
       161  1.02e+35
       161  1.11e+35
       160   1.2e+35
       159  1.29e+35
       159   1.4e+35
       158  1.51e+35
       157  1.64e+35
       157  1.77e+35
       156  1.91e+35
       155  2.06e+35
       155  2.22e+35
       154  2.39e+35
       153  2.58e+35
       153  2.78e+35
       152  2.99e+35
       151  3.22e+35
       151  3.46e+35
       150  3.72e+35
       149     4e+35
       149   4.3e+35
       148  4.62e+35
       147  4.96e+35
       147  5.32e+35
       146  5.71e+35
       145  6.12e+35
       145  6.55e+35
       144  7.02e+35
       143  7.51e+35
       142  8.04e+35
       142  8.59e+35
       141  9.19e+35
       140  9.81e+35
       140  1.05e+36
       139  1.12e+36
       138  1.19e+36
       138  1.27e+36
       137  1.36e+36
       136  1.44e+36
       136  1.54e+36
       135  1.64e+36
       134  1.74e+36
       134  1.85e+36
       133  1.96e+36
       132  2.08e+36
       132  2.21e+36
       131  2.35e+36
       130  2.49e+36
       130  2.63e+36
       129  2.79e+36
       128  2.95e+36
       128  3.12e+36
       127   3.3e+36
       126  3.48e+36
       126  3.68e+36
       125  3.88e+36
       124  4.09e+36
       124  4.31e+36
       123  4.54e+36
       122  4.78e+36
       122  5.03e+36
       121  5.29e+36
       120  5.55e+36
       120  5.83e+36
       119  6.12e+36
       118  6.41e+36
       117  6.72e+36
       117  7.04e+36
       116  7.36e+36
       115   7.7e+36
       115  8.05e+36
       114   8.4e+36
       113  8.77e+36
       113  9.15e+36
       112  9.53e+36
       111  9.93e+36
       111  1.03e+37
       110  1.07e+37
       109  1.12e+37
       109  1.16e+37
       108   1.2e+37
       107  1.25e+37
       107  1.29e+37
       106  1.34e+37
       105  1.38e+37
       105  1.43e+37
       104  1.48e+37
       103  1.52e+37
       103  1.57e+37
       102  1.62e+37
       101  1.67e+37
       101  1.71e+37
      99.9  1.76e+37
      99.3  1.81e+37
      98.6  1.85e+37
      97.9   1.9e+37
      97.2  1.95e+37
      96.6  1.99e+37
      95.9  2.03e+37
      95.2  2.08e+37
      94.5  2.12e+37
      93.8  2.16e+37
      93.2   2.2e+37
      92.5  2.24e+37
      91.8  2.28e+37
      91.1  2.31e+37
      90.5  2.34e+37
      89.8  2.38e+37
      89.1  2.41e+37
      88.4  2.43e+37
      87.8  2.46e+37
      87.1  2.48e+37
      86.4   2.5e+37
      85.7  2.52e+37
      85.1  2.53e+37
      84.4  2.55e+37
      83.7  2.56e+37
        83  2.56e+37
      82.4  2.57e+37
      81.7  2.57e+37
        81  2.57e+37
      80.3  2.56e+37
      79.7  2.55e+37
        79  2.54e+37
      78.3  2.53e+37
      77.6  2.51e+37
        77  2.49e+37
      76.3  2.46e+37
      75.6  2.44e+37
      74.9  2.41e+37
      74.3  2.37e+37
      73.6  2.34e+37
      72.9   2.3e+37
      72.2  2.26e+37
      71.6  2.22e+37
      70.9  2.17e+37
      70.2  2.12e+37
      69.5  2.08e+37
      68.8  2.02e+37
      68.2  1.97e+37
      67.5  1.92e+37
      66.8  1.86e+37
      66.1   1.8e+37
      65.5  1.74e+37
      64.8  1.68e+37
      64.1  1.62e+37
      63.4  1.56e+37
      62.8   1.5e+37
      62.1  1.44e+37
      61.4  1.38e+37
      60.7  1.32e+37
      60.1  1.26e+37
      59.4   1.2e+37
      58.7  1.14e+37
        58  1.08e+37
      57.4  1.02e+37
      56.7  9.63e+36
        56  9.08e+36
      55.3  8.53e+36
      54.7  8.01e+36
        54   7.5e+36
      53.3     7e+36
      52.6  6.53e+36
        52  6.07e+36
      51.3  5.63e+36
      50.6  5.21e+36
      49.9  4.81e+36
      49.3  4.43e+36
      48.6  4.07e+36
      47.9  3.72e+36
      47.2   3.4e+36
      46.6   3.1e+36
      45.9  2.81e+36
      45.2  2.55e+36
      44.5   2.3e+36
      43.8  2.07e+36
      43.2  1.86e+36
      42.5  1.66e+36
      41.8  1.48e+36
      41.1  1.31e+36
      40.5  1.16e+36
      39.8  1.03e+36
      39.1  9.02e+35
      38.4   7.9e+35
      37.8  6.89e+35
      37.1  5.99e+35
      36.4  5.18e+35
      35.7  4.46e+35
      35.1  3.83e+35
      34.4  3.27e+35
      33.7  2.78e+35
        33  2.35e+35
      32.4  1.98e+35
      31.7  1.66e+35
        31  1.38e+35
      30.3  1.15e+35
      29.7  9.45e+34
        29  7.75e+34
      28.3  6.31e+34
      27.6  5.11e+34
        27  4.11e+34
      26.3  3.28e+34
      25.6  2.61e+34
      24.9  2.05e+34
      24.3  1.61e+34
      23.6  1.25e+34
      22.9  9.59e+33
      22.2  7.32e+33
      21.6  5.53e+33
      20.9  4.15e+33
      20.2  3.08e+33
      19.5  2.26e+33
      18.9  1.65e+33
      18.2  1.18e+33
      17.5  8.43e+32
      16.8  5.93e+32
      16.1  4.12e+32
      15.5  2.83e+32
      14.8  1.92e+32
      14.1  1.29e+32
      13.4  8.57e+31
      12.8  5.63e+31
      12.1  3.67e+31
      11.4  2.38e+31
      10.7  1.54e+31
      10.1  9.93e+30
      9.39  6.44e+30
      8.72  4.23e+30
      8.04  2.82e+30
      7.37  1.91e+30
      6.69  1.32e+30
      6.01   9.2e+29
      5.34  6.49e+29
      4.66   4.6e+29
      3.99  3.26e+29
      3.31   2.3e+29
      2.64  1.61e+29
      1.96  1.13e+29
      1.28  7.81e+28
     0.609  5.37e+28
    -0.067  3.69e+28
    -0.743   2.5e+28
     -1.42  1.68e+28
     -2.09  1.13e+28
     -2.77  7.46e+27
     -3.45  4.88e+27
     -4.12   3.2e+27
      -4.8  2.05e+27
     -5.47   1.3e+27
     -6.15   8.2e+26
     -6.82  5.18e+26
      -7.5  3.25e+26
     -8.17  1.89e+26
     -8.85  1.19e+26
     -9.53  7.23e+25
     -10.2  4.17e+25
     -10.9  2.49e+25
     -11.6  1.48e+25
     -12.2  8.26e+24
     -12.9   5.3e+24
     -13.6  2.53e+24
     -14.3  1.78e+24
     -14.9  8.27e+23
     -15.6  5.22e+23
     -16.3  2.56e+23
       -17  1.39e+23
     -17.6  6.83e+22
     -18.3   3.1e+22
       -19  1.34e+22
     -19.7  5.32e+21
     -20.3  1.96e+21
       -21  6.08e+20
     -21.7   1.6e+20
     -22.4  3.32e+19
       -23  5.74e+18

pressure[atm]        = 100
temperature[K]           = 1700
energy step[1/cm]        = 236
maximum energy[kcal/mol] = 181

bimolecular PEDs:
   E, kcal    P1->P2
       181  7.49e+33
       180  8.25e+33
       180  9.08e+33
       179  9.99e+33
       178   1.1e+34
       178  1.21e+34
       177  1.33e+34
       176  1.45e+34
       176  1.59e+34
       175  1.74e+34
       174  1.91e+34
       174  2.09e+34
       173  2.28e+34
       172  2.49e+34
       172  2.72e+34
       171  2.96e+34
       170  3.23e+34
       170  3.52e+34
       169  3.83e+34
       168  4.17e+34
       167  4.54e+34
       167  4.93e+34
       166  5.36e+34
       165  5.83e+34
       165  6.33e+34
       164  6.87e+34
       163  7.45e+34
       163  8.08e+34
       162  8.76e+34
       161  9.49e+34
       161  1.03e+35
       160  1.11e+35
       159   1.2e+35
       159   1.3e+35
       158  1.41e+35
       157  1.52e+35
       157  1.65e+35
       156  1.78e+35
       155  1.92e+35
       155  2.07e+35
       154  2.23e+35
       153  2.41e+35
       153   2.6e+35
       152   2.8e+35
       151  3.01e+35
       151  3.24e+35
       150  3.49e+35
       149  3.75e+35
       149  4.03e+35
       148  4.33e+35
       147  4.65e+35
       147  4.99e+35
       146  5.36e+35
       145  5.74e+35
       145  6.16e+35
       144   6.6e+35
       143  7.06e+35
       142  7.56e+35
       142  8.09e+35
       141  8.65e+35
       140  9.24e+35
       140  9.88e+35
       139  1.05e+36
       138  1.13e+36
       138   1.2e+36
       137  1.28e+36
       136  1.36e+36
       136  1.45e+36
       135  1.55e+36
       134  1.64e+36
       134  1.75e+36
       133  1.86e+36
       132  1.97e+36
       132   2.1e+36
       131  2.22e+36
       130  2.36e+36
       130   2.5e+36
       129  2.65e+36
       128   2.8e+36
       128  2.97e+36
       127  3.14e+36
       126  3.32e+36
       126   3.5e+36
       125   3.7e+36
       124   3.9e+36
       124  4.11e+36
       123  4.33e+36
       122  4.56e+36
       122   4.8e+36
       121  5.05e+36
       120  5.31e+36
       120  5.58e+36
       119  5.86e+36
       118  6.14e+36
       117  6.44e+36
       117  6.75e+36
       116  7.07e+36
       115  7.39e+36
       115  7.73e+36
       114  8.08e+36
       113  8.43e+36
       113   8.8e+36
       112  9.18e+36
       111  9.56e+36
       111  9.96e+36
       110  1.04e+37
       109  1.08e+37
       109  1.12e+37
       108  1.16e+37
       107  1.21e+37
       107  1.25e+37
       106  1.29e+37
       105  1.34e+37
       105  1.39e+37
       104  1.43e+37
       103  1.48e+37
       103  1.53e+37
       102  1.57e+37
       101  1.62e+37
       101  1.67e+37
      99.9  1.72e+37
      99.3  1.76e+37
      98.6  1.81e+37
      97.9  1.86e+37
      97.2   1.9e+37
      96.6  1.95e+37
      95.9  1.99e+37
      95.2  2.04e+37
      94.5  2.08e+37
      93.8  2.12e+37
      93.2  2.16e+37
      92.5   2.2e+37
      91.8  2.24e+37
      91.1  2.28e+37
      90.5  2.31e+37
      89.8  2.34e+37
      89.1  2.38e+37
      88.4   2.4e+37
      87.8  2.43e+37
      87.1  2.46e+37
      86.4  2.48e+37
      85.7   2.5e+37
      85.1  2.52e+37
      84.4  2.53e+37
      83.7  2.54e+37
        83  2.55e+37
      82.4  2.56e+37
      81.7  2.56e+37
        81  2.56e+37
      80.3  2.56e+37
      79.7  2.56e+37
        79  2.55e+37
      78.3  2.53e+37
      77.6  2.52e+37
        77   2.5e+37
      76.3  2.48e+37
      75.6  2.46e+37
      74.9  2.43e+37
      74.3   2.4e+37
      73.6  2.37e+37
      72.9  2.33e+37
      72.2   2.3e+37
      71.6  2.25e+37
      70.9  2.21e+37
      70.2  2.17e+37
      69.5  2.12e+37
      68.8  2.07e+37
      68.2  2.02e+37
      67.5  1.97e+37
      66.8  1.91e+37
      66.1  1.85e+37
      65.5   1.8e+37
      64.8  1.74e+37
      64.1  1.68e+37
      63.4  1.62e+37
      62.8  1.56e+37
      62.1   1.5e+37
      61.4  1.44e+37
      60.7  1.38e+37
      60.1  1.32e+37
      59.4  1.26e+37
      58.7   1.2e+37
        58  1.14e+37
      57.4  1.08e+37
      56.7  1.02e+37
        56  9.64e+36
      55.3  9.09e+36
      54.7  8.55e+36
        54  8.03e+36
      53.3  7.52e+36
      52.6  7.03e+36
        52  6.55e+36
      51.3   6.1e+36
      50.6  5.66e+36
      49.9  5.24e+36
      49.3  4.84e+36
      48.6  4.46e+36
      47.9   4.1e+36
      47.2  3.76e+36
      46.6  3.44e+36
      45.9  3.14e+36
      45.2  2.85e+36
      44.5  2.59e+36
      43.8  2.34e+36
      43.2  2.11e+36
      42.5   1.9e+36
      41.8   1.7e+36
      41.1  1.52e+36
      40.5  1.35e+36
      39.8   1.2e+36
      39.1  1.06e+36
      38.4  9.38e+35
      37.8  8.24e+35
      37.1  7.22e+35
      36.4   6.3e+35
      35.7  5.48e+35
      35.1  4.74e+35
      34.4  4.09e+35
      33.7  3.52e+35
        33  3.01e+35
      32.4  2.56e+35
      31.7  2.18e+35
        31  1.84e+35
      30.3  1.55e+35
      29.7   1.3e+35
        29  1.08e+35
      28.3  8.97e+34
      27.6  7.41e+34
        27  6.09e+34
      26.3  4.98e+34
      25.6  4.05e+34
      24.9  3.28e+34
      24.3  2.65e+34
      23.6  2.12e+34
      22.9  1.69e+34
      22.2  1.35e+34
      21.6  1.06e+34
      20.9  8.36e+33
      20.2  6.55e+33
      19.5   5.1e+33
      18.9  3.96e+33
      18.2  3.06e+33
      17.5  2.36e+33
      16.8  1.81e+33
      16.1  1.38e+33
      15.5  1.06e+33
      14.8  8.04e+32
      14.1  6.11e+32
      13.4  4.63e+32
      12.8  3.51e+32
      12.1  2.66e+32
      11.4  2.01e+32
      10.7  1.52e+32
      10.1  1.15e+32
      9.39  8.69e+31
      8.72  6.55e+31
      8.04  4.94e+31
      7.37  3.71e+31
      6.69  2.79e+31
      6.01  2.09e+31
      5.34  1.56e+31
      4.66  1.16e+31
      3.99  8.57e+30
      3.31  6.32e+30
      2.64  4.64e+30
      1.96  3.39e+30
      1.28  2.46e+30
     0.609  1.78e+30
    -0.067  1.28e+30
    -0.743   9.2e+29
     -1.42  6.56e+29
     -2.09  4.66e+29
     -2.77   3.3e+29
     -3.45  2.32e+29
     -4.12  1.63e+29
      -4.8  1.14e+29
     -5.47  7.87e+28
     -6.15  5.44e+28
     -6.82  3.73e+28
      -7.5  2.55e+28
     -8.17  1.73e+28
     -8.85  1.16e+28
     -9.53  7.76e+27
     -10.2  5.14e+27
     -10.9  3.35e+27
     -11.6  2.19e+27
     -12.2  1.39e+27
     -12.9  8.85e+26
     -13.6  5.45e+26
     -14.3  3.31e+26
     -14.9  1.97e+26
     -15.6  1.13e+26
     -16.3  6.28e+25
       -17  3.35e+25
     -17.6   1.7e+25
     -18.3  8.19e+24
       -19  3.67e+24
     -19.7  1.52e+24
     -20.3  5.68e+23
       -21  1.88e+23
     -21.7  5.27e+22
     -22.4  1.19e+22
       -23  1.48e+21

pressure[atm]        = 0.01
temperature[K]           = 1800
energy step[1/cm]        = 250
maximum energy[kcal/mol] = 194

bimolecular PEDs:
   E, kcal    P1->P2
       194  7.17e+34
       194  7.84e+34
       193  8.57e+34
       192  9.37e+34
       191  1.02e+35
       191  1.12e+35
       190  1.22e+35
       189  1.33e+35
       189  1.46e+35
       188  1.59e+35
       187  1.73e+35
       186  1.89e+35
       186  2.06e+35
       185  2.24e+35
       184  2.44e+35
       184  2.66e+35
       183  2.89e+35
       182  3.15e+35
       181  3.42e+35
       181  3.72e+35
       180  4.05e+35
       179  4.39e+35
       179  4.77e+35
       178  5.18e+35
       177  5.62e+35
       176   6.1e+35
       176  6.61e+35
       175  7.17e+35
       174  7.76e+35
       174  8.41e+35
       173   9.1e+35
       172  9.85e+35
       171  1.07e+36
       171  1.15e+36
       170  1.25e+36
       169  1.35e+36
       169  1.45e+36
       168  1.57e+36
       167  1.69e+36
       166  1.83e+36
       166  1.97e+36
       165  2.12e+36
       164  2.29e+36
       164  2.46e+36
       163  2.65e+36
       162  2.85e+36
       161  3.06e+36
       161  3.29e+36
       160  3.54e+36
       159   3.8e+36
       159  4.08e+36
       158  4.38e+36
       157  4.69e+36
       156  5.03e+36
       156  5.39e+36
       155  5.77e+36
       154  6.18e+36
       154  6.61e+36
       153  7.07e+36
       152  7.56e+36
       151  8.07e+36
       151  8.62e+36
       150   9.2e+36
       149  9.82e+36
       148  1.05e+37
       148  1.12e+37
       147  1.19e+37
       146  1.26e+37
       146  1.35e+37
       145  1.43e+37
       144  1.52e+37
       143  1.62e+37
       143  1.72e+37
       142  1.82e+37
       141  1.93e+37
       141  2.05e+37
       140  2.17e+37
       139   2.3e+37
       138  2.43e+37
       138  2.57e+37
       137  2.72e+37
       136  2.87e+37
       136  3.03e+37
       135   3.2e+37
       134  3.37e+37
       133  3.56e+37
       133  3.74e+37
       132  3.94e+37
       131  4.15e+37
       131  4.36e+37
       130  4.58e+37
       129  4.81e+37
       128  5.05e+37
       128  5.29e+37
       127  5.55e+37
       126  5.81e+37
       126  6.08e+37
       125  6.36e+37
       124  6.65e+37
       123  6.94e+37
       123  7.25e+37
       122  7.56e+37
       121  7.88e+37
       121  8.21e+37
       120  8.54e+37
       119  8.89e+37
       118  9.24e+37
       118  9.59e+37
       117  9.96e+37
       116  1.03e+38
       116  1.07e+38
       115  1.11e+38
       114  1.15e+38
       113  1.19e+38
       113  1.22e+38
       112  1.26e+38
       111   1.3e+38
       111  1.34e+38
       110  1.38e+38
       109  1.42e+38
       108  1.46e+38
       108   1.5e+38
       107  1.54e+38
       106  1.58e+38
       106  1.62e+38
       105  1.66e+38
       104   1.7e+38
       103  1.73e+38
       103  1.77e+38
       102  1.81e+38
       101  1.84e+38
       101  1.87e+38
      99.8  1.91e+38
      99.1  1.94e+38
      98.4  1.97e+38
      97.7  1.99e+38
        97  2.02e+38
      96.3  2.04e+38
      95.6  2.07e+38
      94.8  2.09e+38
      94.1  2.11e+38
      93.4  2.12e+38
      92.7  2.14e+38
        92  2.15e+38
      91.3  2.16e+38
      90.5  2.17e+38
      89.8  2.17e+38
      89.1  2.17e+38
      88.4  2.17e+38
      87.7  2.17e+38
        87  2.17e+38
      86.3  2.16e+38
      85.5  2.15e+38
      84.8  2.14e+38
      84.1  2.12e+38
      83.4   2.1e+38
      82.7  2.08e+38
        82  2.06e+38
      81.2  2.03e+38
      80.5  2.01e+38
      79.8  1.98e+38
      79.1  1.94e+38
      78.4  1.91e+38
      77.7  1.87e+38
        77  1.83e+38
      76.2  1.79e+38
      75.5  1.75e+38
      74.8  1.71e+38
      74.1  1.66e+38
      73.4  1.62e+38
      72.7  1.57e+38
      71.9  1.52e+38
      71.2  1.47e+38
      70.5  1.42e+38
      69.8  1.37e+38
      69.1  1.32e+38
      68.4  1.27e+38
      67.7  1.22e+38
      66.9  1.17e+38
      66.2  1.12e+38
      65.5  1.06e+38
      64.8  1.01e+38
      64.1  9.64e+37
      63.4  9.14e+37
      62.6  8.66e+37
      61.9  8.18e+37
      61.2  7.72e+37
      60.5  7.26e+37
      59.8  6.82e+37
      59.1  6.39e+37
      58.4  5.97e+37
      57.6  5.57e+37
      56.9  5.19e+37
      56.2  4.82e+37
      55.5  4.46e+37
      54.8  4.12e+37
      54.1   3.8e+37
      53.3  3.49e+37
      52.6   3.2e+37
      51.9  2.93e+37
      51.2  2.67e+37
      50.5  2.43e+37
      49.8  2.21e+37
      49.1  1.99e+37
      48.3   1.8e+37
      47.6  1.62e+37
      46.9  1.45e+37
      46.2  1.29e+37
      45.5  1.15e+37
      44.8  1.02e+37
        44  9.05e+36
      43.3  7.97e+36
      42.6     7e+36
      41.9  6.12e+36
      41.2  5.34e+36
      40.5  4.63e+36
      39.8  4.01e+36
        39  3.45e+36
      38.3  2.96e+36
      37.6  2.53e+36
      36.9  2.15e+36
      36.2  1.81e+36
      35.5  1.53e+36
      34.7  1.28e+36
        34  1.07e+36
      33.3  8.83e+35
      32.6  7.28e+35
      31.9  5.97e+35
      31.2  4.86e+35
      30.5  3.94e+35
      29.7  3.17e+35
        29  2.53e+35
      28.3  2.01e+35
      27.6  1.58e+35
      26.9  1.24e+35
      26.2  9.61e+34
      25.4   7.4e+34
      24.7  5.65e+34
        24  4.27e+34
      23.3   3.2e+34
      22.6  2.37e+34
      21.9  1.74e+34
      21.2  1.26e+34
      20.4  9.07e+33
      19.7  6.43e+33
        19  4.49e+33
      18.3   3.1e+33
      17.6  2.11e+33
      16.9  1.41e+33
      16.1  9.24e+32
      15.4  5.96e+32
      14.7  3.76e+32
        14  2.32e+32
      13.3   1.4e+32
      12.6  8.22e+31
      11.9  4.68e+31
      11.1  2.57e+31
      10.4  1.36e+31
      9.71  6.85e+30
      8.99  3.25e+30
      8.28  1.44e+30
      7.56  5.91e+29
      6.85   2.2e+29
      6.13   7.3e+28
      5.42  2.19e+28
       4.7  6.29e+27
      3.99  2.01e+27
      3.27  8.51e+26
      2.55  4.77e+26
      1.84   3.1e+26
      1.12  2.16e+26
     0.408  1.38e+26
    -0.307  8.86e+25
     -1.02  5.96e+25
     -1.74  3.85e+25
     -2.45  2.39e+25
     -3.17  1.63e+25
     -3.88  9.41e+24
      -4.6   5.1e+24
     -5.32  4.84e+24
     -6.03  1.26e+24
     -6.75  9.67e+23
     -7.46  1.26e+24
     -8.18 -5.63e+22
     -8.89  3.36e+23
     -9.61  9.62e+22
     -10.3 -6.31e+22
       -11     1e+23
     -11.8 -2.34e+22
     -12.5  1.65e+22
     -13.2 -2.43e+22
     -13.9 -8.42e+21
     -14.6 -1.34e+22
     -15.3 -8.41e+21
       -16 -6.38e+21
     -16.8 -1.12e+21
     -17.5  3.05e+21
     -18.2  1.85e+19
     -18.9 -1.64e+20
     -19.6 -8.58e+19
     -20.3  2.21e+20
     -21.1 -1.55e+19
     -21.8 -1.84e+19
     -22.5  -1.6e+18
     -23.2  1.07e+18

pressure[atm]        = 0.1
temperature[K]           = 1800
energy step[1/cm]        = 250
maximum energy[kcal/mol] = 194

bimolecular PEDs:
   E, kcal    P1->P2
       194  7.16e+34
       194  7.84e+34
       193  8.57e+34
       192  9.37e+34
       191  1.02e+35
       191  1.12e+35
       190  1.22e+35
       189  1.33e+35
       189  1.46e+35
       188  1.59e+35
       187  1.73e+35
       186  1.89e+35
       186  2.06e+35
       185  2.24e+35
       184  2.44e+35
       184  2.66e+35
       183  2.89e+35
       182  3.15e+35
       181  3.42e+35
       181  3.72e+35
       180  4.05e+35
       179  4.39e+35
       179  4.77e+35
       178  5.18e+35
       177  5.62e+35
       176   6.1e+35
       176  6.61e+35
       175  7.17e+35
       174  7.76e+35
       174  8.41e+35
       173   9.1e+35
       172  9.85e+35
       171  1.07e+36
       171  1.15e+36
       170  1.25e+36
       169  1.35e+36
       169  1.45e+36
       168  1.57e+36
       167  1.69e+36
       166  1.83e+36
       166  1.97e+36
       165  2.12e+36
       164  2.28e+36
       164  2.46e+36
       163  2.65e+36
       162  2.85e+36
       161  3.06e+36
       161  3.29e+36
       160  3.54e+36
       159   3.8e+36
       159  4.08e+36
       158  4.38e+36
       157  4.69e+36
       156  5.03e+36
       156  5.39e+36
       155  5.77e+36
       154  6.18e+36
       154  6.61e+36
       153  7.07e+36
       152  7.56e+36
       151  8.07e+36
       151  8.62e+36
       150   9.2e+36
       149  9.82e+36
       148  1.05e+37
       148  1.12e+37
       147  1.19e+37
       146  1.26e+37
       146  1.35e+37
       145  1.43e+37
       144  1.52e+37
       143  1.62e+37
       143  1.72e+37
       142  1.82e+37
       141  1.93e+37
       141  2.05e+37
       140  2.17e+37
       139   2.3e+37
       138  2.43e+37
       138  2.57e+37
       137  2.72e+37
       136  2.87e+37
       136  3.03e+37
       135   3.2e+37
       134  3.37e+37
       133  3.55e+37
       133  3.74e+37
       132  3.94e+37
       131  4.15e+37
       131  4.36e+37
       130  4.58e+37
       129  4.81e+37
       128  5.05e+37
       128  5.29e+37
       127  5.55e+37
       126  5.81e+37
       126  6.08e+37
       125  6.36e+37
       124  6.65e+37
       123  6.94e+37
       123  7.25e+37
       122  7.56e+37
       121  7.88e+37
       121  8.21e+37
       120  8.54e+37
       119  8.89e+37
       118  9.24e+37
       118  9.59e+37
       117  9.96e+37
       116  1.03e+38
       116  1.07e+38
       115  1.11e+38
       114  1.15e+38
       113  1.19e+38
       113  1.22e+38
       112  1.26e+38
       111   1.3e+38
       111  1.34e+38
       110  1.38e+38
       109  1.42e+38
       108  1.46e+38
       108   1.5e+38
       107  1.54e+38
       106  1.58e+38
       106  1.62e+38
       105  1.66e+38
       104   1.7e+38
       103  1.73e+38
       103  1.77e+38
       102  1.81e+38
       101  1.84e+38
       101  1.87e+38
      99.8  1.91e+38
      99.1  1.94e+38
      98.4  1.97e+38
      97.7  1.99e+38
        97  2.02e+38
      96.3  2.04e+38
      95.6  2.07e+38
      94.8  2.09e+38
      94.1  2.11e+38
      93.4  2.12e+38
      92.7  2.14e+38
        92  2.15e+38
      91.3  2.16e+38
      90.5  2.17e+38
      89.8  2.17e+38
      89.1  2.17e+38
      88.4  2.17e+38
      87.7  2.17e+38
        87  2.17e+38
      86.3  2.16e+38
      85.5  2.15e+38
      84.8  2.14e+38
      84.1  2.12e+38
      83.4   2.1e+38
      82.7  2.08e+38
        82  2.06e+38
      81.2  2.03e+38
      80.5  2.01e+38
      79.8  1.98e+38
      79.1  1.94e+38
      78.4  1.91e+38
      77.7  1.87e+38
        77  1.84e+38
      76.2  1.79e+38
      75.5  1.75e+38
      74.8  1.71e+38
      74.1  1.66e+38
      73.4  1.62e+38
      72.7  1.57e+38
      71.9  1.52e+38
      71.2  1.47e+38
      70.5  1.42e+38
      69.8  1.37e+38
      69.1  1.32e+38
      68.4  1.27e+38
      67.7  1.22e+38
      66.9  1.17e+38
      66.2  1.12e+38
      65.5  1.06e+38
      64.8  1.01e+38
      64.1  9.64e+37
      63.4  9.14e+37
      62.6  8.66e+37
      61.9  8.18e+37
      61.2  7.72e+37
      60.5  7.26e+37
      59.8  6.82e+37
      59.1  6.39e+37
      58.4  5.97e+37
      57.6  5.57e+37
      56.9  5.19e+37
      56.2  4.82e+37
      55.5  4.46e+37
      54.8  4.12e+37
      54.1   3.8e+37
      53.3  3.49e+37
      52.6   3.2e+37
      51.9  2.93e+37
      51.2  2.67e+37
      50.5  2.43e+37
      49.8  2.21e+37
      49.1  1.99e+37
      48.3   1.8e+37
      47.6  1.62e+37
      46.9  1.45e+37
      46.2  1.29e+37
      45.5  1.15e+37
      44.8  1.02e+37
        44  9.05e+36
      43.3  7.97e+36
      42.6     7e+36
      41.9  6.13e+36
      41.2  5.34e+36
      40.5  4.63e+36
      39.8  4.01e+36
        39  3.45e+36
      38.3  2.96e+36
      37.6  2.53e+36
      36.9  2.15e+36
      36.2  1.82e+36
      35.5  1.53e+36
      34.7  1.28e+36
        34  1.07e+36
      33.3  8.84e+35
      32.6  7.28e+35
      31.9  5.97e+35
      31.2  4.86e+35
      30.5  3.94e+35
      29.7  3.17e+35
        29  2.53e+35
      28.3  2.01e+35
      27.6  1.58e+35
      26.9  1.24e+35
      26.2  9.62e+34
      25.4   7.4e+34
      24.7  5.65e+34
        24  4.27e+34
      23.3   3.2e+34
      22.6  2.37e+34
      21.9  1.74e+34
      21.2  1.27e+34
      20.4  9.08e+33
      19.7  6.43e+33
        19   4.5e+33
      18.3   3.1e+33
      17.6  2.11e+33
      16.9  1.41e+33
      16.1  9.26e+32
      15.4  5.97e+32
      14.7  3.77e+32
        14  2.33e+32
      13.3  1.41e+32
      12.6  8.27e+31
      11.9  4.71e+31
      11.1   2.6e+31
      10.4  1.38e+31
      9.71  6.99e+30
      8.99  3.36e+30
      8.28  1.52e+30
      7.56  6.43e+29
      6.85  2.56e+29
      6.13  9.88e+28
      5.42     4e+28
       4.7   1.9e+28
      3.99  1.07e+28
      3.27  6.88e+27
      2.55  4.55e+27
      1.84  3.09e+27
      1.12  2.05e+27
     0.408  1.35e+27
    -0.307  8.93e+26
     -1.02  5.96e+26
     -1.74  3.85e+26
     -2.45  2.45e+26
     -3.17  1.57e+26
     -3.88  9.12e+25
      -4.6  5.95e+25
     -5.32   3.7e+25
     -6.03  1.95e+25
     -6.75   1.2e+25
     -7.46  8.36e+24
     -8.18  2.54e+24
     -8.89  2.53e+24
     -9.61  9.49e+23
     -10.3  3.52e+23
       -11  2.93e+23
     -11.8  8.01e+22
     -12.5  4.34e+21
     -13.2  4.08e+22
     -13.9  2.05e+22
     -14.6  -1.9e+22
     -15.3  2.02e+21
       -16 -1.06e+22
     -16.8 -1.31e+21
     -17.5  2.56e+21
     -18.2 -1.75e+21
     -18.9  8.23e+20
     -19.6  3.61e+20
     -20.3 -1.19e+21
     -21.1  2.55e+19
     -21.8  1.63e+20
     -22.5  5.46e+18
     -23.2 -6.07e+18

pressure[atm]        = 1
temperature[K]           = 1800
energy step[1/cm]        = 250
maximum energy[kcal/mol] = 194

bimolecular PEDs:
   E, kcal    P1->P2
       194  7.15e+34
       194  7.82e+34
       193  8.56e+34
       192  9.36e+34
       191  1.02e+35
       191  1.12e+35
       190  1.22e+35
       189  1.33e+35
       189  1.45e+35
       188  1.59e+35
       187  1.73e+35
       186  1.89e+35
       186  2.06e+35
       185  2.24e+35
       184  2.44e+35
       184  2.66e+35
       183  2.89e+35
       182  3.15e+35
       181  3.42e+35
       181  3.72e+35
       180  4.04e+35
       179  4.39e+35
       179  4.77e+35
       178  5.18e+35
       177  5.62e+35
       176  6.09e+35
       176  6.61e+35
       175  7.16e+35
       174  7.76e+35
       174   8.4e+35
       173   9.1e+35
       172  9.84e+35
       171  1.06e+36
       171  1.15e+36
       170  1.24e+36
       169  1.34e+36
       169  1.45e+36
       168  1.57e+36
       167  1.69e+36
       166  1.82e+36
       166  1.97e+36
       165  2.12e+36
       164  2.28e+36
       164  2.46e+36
       163  2.65e+36
       162  2.85e+36
       161  3.06e+36
       161  3.29e+36
       160  3.54e+36
       159   3.8e+36
       159  4.08e+36
       158  4.37e+36
       157  4.69e+36
       156  5.03e+36
       156  5.39e+36
       155  5.77e+36
       154  6.18e+36
       154  6.61e+36
       153  7.07e+36
       152  7.55e+36
       151  8.07e+36
       151  8.62e+36
       150   9.2e+36
       149  9.81e+36
       148  1.05e+37
       148  1.11e+37
       147  1.19e+37
       146  1.26e+37
       146  1.35e+37
       145  1.43e+37
       144  1.52e+37
       143  1.62e+37
       143  1.72e+37
       142  1.82e+37
       141  1.93e+37
       141  2.05e+37
       140  2.17e+37
       139   2.3e+37
       138  2.43e+37
       138  2.57e+37
       137  2.72e+37
       136  2.87e+37
       136  3.03e+37
       135   3.2e+37
       134  3.37e+37
       133  3.55e+37
       133  3.74e+37
       132  3.94e+37
       131  4.14e+37
       131  4.36e+37
       130  4.58e+37
       129  4.81e+37
       128  5.05e+37
       128  5.29e+37
       127  5.54e+37
       126  5.81e+37
       126  6.08e+37
       125  6.36e+37
       124  6.65e+37
       123  6.94e+37
       123  7.25e+37
       122  7.56e+37
       121  7.88e+37
       121  8.21e+37
       120  8.54e+37
       119  8.88e+37
       118  9.23e+37
       118  9.59e+37
       117  9.95e+37
       116  1.03e+38
       116  1.07e+38
       115  1.11e+38
       114  1.15e+38
       113  1.19e+38
       113  1.22e+38
       112  1.26e+38
       111   1.3e+38
       111  1.34e+38
       110  1.38e+38
       109  1.42e+38
       108  1.46e+38
       108   1.5e+38
       107  1.54e+38
       106  1.58e+38
       106  1.62e+38
       105  1.66e+38
       104   1.7e+38
       103  1.73e+38
       103  1.77e+38
       102  1.81e+38
       101  1.84e+38
       101  1.87e+38
      99.8   1.9e+38
      99.1  1.94e+38
      98.4  1.96e+38
      97.7  1.99e+38
        97  2.02e+38
      96.3  2.04e+38
      95.6  2.07e+38
      94.8  2.09e+38
      94.1   2.1e+38
      93.4  2.12e+38
      92.7  2.14e+38
        92  2.15e+38
      91.3  2.16e+38
      90.5  2.17e+38
      89.8  2.17e+38
      89.1  2.17e+38
      88.4  2.17e+38
      87.7  2.17e+38
        87  2.17e+38
      86.3  2.16e+38
      85.5  2.15e+38
      84.8  2.14e+38
      84.1  2.12e+38
      83.4   2.1e+38
      82.7  2.08e+38
        82  2.06e+38
      81.2  2.03e+38
      80.5  2.01e+38
      79.8  1.98e+38
      79.1  1.94e+38
      78.4  1.91e+38
      77.7  1.87e+38
        77  1.84e+38
      76.2   1.8e+38
      75.5  1.75e+38
      74.8  1.71e+38
      74.1  1.67e+38
      73.4  1.62e+38
      72.7  1.57e+38
      71.9  1.52e+38
      71.2  1.47e+38
      70.5  1.42e+38
      69.8  1.37e+38
      69.1  1.32e+38
      68.4  1.27e+38
      67.7  1.22e+38
      66.9  1.17e+38
      66.2  1.12e+38
      65.5  1.07e+38
      64.8  1.01e+38
      64.1  9.64e+37
      63.4  9.15e+37
      62.6  8.66e+37
      61.9  8.19e+37
      61.2  7.72e+37
      60.5  7.27e+37
      59.8  6.82e+37
      59.1  6.39e+37
      58.4  5.98e+37
      57.6  5.58e+37
      56.9  5.19e+37
      56.2  4.82e+37
      55.5  4.47e+37
      54.8  4.13e+37
      54.1   3.8e+37
      53.3   3.5e+37
      52.6  3.21e+37
      51.9  2.93e+37
      51.2  2.68e+37
      50.5  2.43e+37
      49.8  2.21e+37
      49.1     2e+37
      48.3   1.8e+37
      47.6  1.62e+37
      46.9  1.45e+37
      46.2   1.3e+37
      45.5  1.15e+37
      44.8  1.02e+37
        44  9.06e+36
      43.3  7.99e+36
      42.6  7.01e+36
      41.9  6.14e+36
      41.2  5.35e+36
      40.5  4.64e+36
      39.8  4.02e+36
        39  3.46e+36
      38.3  2.96e+36
      37.6  2.53e+36
      36.9  2.15e+36
      36.2  1.82e+36
      35.5  1.53e+36
      34.7  1.28e+36
        34  1.07e+36
      33.3  8.86e+35
      32.6  7.31e+35
      31.9  5.99e+35
      31.2  4.88e+35
      30.5  3.95e+35
      29.7  3.18e+35
        29  2.54e+35
      28.3  2.02e+35
      27.6  1.59e+35
      26.9  1.25e+35
      26.2  9.67e+34
      25.4  7.44e+34
      24.7  5.68e+34
        24   4.3e+34
      23.3  3.22e+34
      22.6  2.39e+34
      21.9  1.76e+34
      21.2  1.28e+34
      20.4  9.18e+33
      19.7  6.51e+33
        19  4.56e+33
      18.3  3.15e+33
      17.6  2.14e+33
      16.9  1.44e+33
      16.1  9.47e+32
      15.4  6.13e+32
      14.7   3.9e+32
        14  2.42e+32
      13.3  1.47e+32
      12.6  8.77e+31
      11.9  5.08e+31
      11.1  2.87e+31
      10.4  1.58e+31
      9.71  8.41e+30
      8.99  4.38e+30
      8.28  2.25e+30
      7.56  1.17e+30
      6.85  6.27e+29
      6.13   3.6e+29
      5.42  2.23e+29
       4.7  1.47e+29
      3.99  9.92e+28
      3.27  6.78e+28
      2.55  4.62e+28
      1.84  3.14e+28
      1.12   2.1e+28
     0.408  1.41e+28
    -0.307  9.31e+27
     -1.02  6.08e+27
     -1.74  3.93e+27
     -2.45  2.53e+27
     -3.17  1.58e+27
     -3.88  9.89e+26
      -4.6  6.19e+26
     -5.32  3.59e+26
     -6.03  2.24e+26
     -6.75  1.27e+26
     -7.46  6.86e+25
     -8.18  4.65e+25
     -8.89   1.7e+25
     -9.61  1.54e+25
     -10.3  4.34e+24
       -11  3.87e+24
     -11.8  1.17e+24
     -12.5  8.02e+23
     -13.2  3.09e+23
     -13.9  1.76e+23
     -14.6  6.58e+22
     -15.3  4.91e+22
       -16   4.7e+22
     -16.8  6.06e+21
     -17.5 -6.29e+20
     -18.2  3.01e+20
     -18.9   1.1e+21
     -19.6 -1.11e+20
     -20.3  2.65e+20
     -21.1 -3.62e+19
     -21.8  1.21e+21
     -22.5  2.18e+18
     -23.2  6.92e+16

pressure[atm]        = 10
temperature[K]           = 1800
energy step[1/cm]        = 250
maximum energy[kcal/mol] = 194

bimolecular PEDs:
   E, kcal    P1->P2
       194     7e+34
       194  7.67e+34
       193  8.41e+34
       192  9.21e+34
       191  1.01e+35
       191   1.1e+35
       190  1.21e+35
       189  1.32e+35
       189  1.44e+35
       188  1.57e+35
       187  1.71e+35
       186  1.87e+35
       186  2.04e+35
       185  2.22e+35
       184  2.42e+35
       184  2.64e+35
       183  2.87e+35
       182  3.12e+35
       181  3.39e+35
       181  3.69e+35
       180  4.01e+35
       179  4.36e+35
       179  4.73e+35
       178  5.14e+35
       177  5.57e+35
       176  6.05e+35
       176  6.56e+35
       175  7.11e+35
       174   7.7e+35
       174  8.34e+35
       173  9.03e+35
       172  9.77e+35
       171  1.06e+36
       171  1.14e+36
       170  1.24e+36
       169  1.33e+36
       169  1.44e+36
       168  1.56e+36
       167  1.68e+36
       166  1.81e+36
       166  1.95e+36
       165   2.1e+36
       164  2.27e+36
       164  2.44e+36
       163  2.63e+36
       162  2.83e+36
       161  3.04e+36
       161  3.27e+36
       160  3.51e+36
       159  3.77e+36
       159  4.05e+36
       158  4.34e+36
       157  4.66e+36
       156     5e+36
       156  5.35e+36
       155  5.73e+36
       154  6.14e+36
       154  6.57e+36
       153  7.02e+36
       152  7.51e+36
       151  8.02e+36
       151  8.56e+36
       150  9.14e+36
       149  9.75e+36
       148  1.04e+37
       148  1.11e+37
       147  1.18e+37
       146  1.26e+37
       146  1.34e+37
       145  1.42e+37
       144  1.51e+37
       143  1.61e+37
       143  1.71e+37
       142  1.81e+37
       141  1.92e+37
       141  2.04e+37
       140  2.16e+37
       139  2.28e+37
       138  2.42e+37
       138  2.56e+37
       137   2.7e+37
       136  2.86e+37
       136  3.01e+37
       135  3.18e+37
       134  3.36e+37
       133  3.54e+37
       133  3.72e+37
       132  3.92e+37
       131  4.13e+37
       131  4.34e+37
       130  4.56e+37
       129  4.79e+37
       128  5.02e+37
       128  5.27e+37
       127  5.52e+37
       126  5.78e+37
       126  6.05e+37
       125  6.33e+37
       124  6.62e+37
       123  6.91e+37
       123  7.22e+37
       122  7.53e+37
       121  7.85e+37
       121  8.18e+37
       120  8.51e+37
       119  8.85e+37
       118   9.2e+37
       118  9.56e+37
       117  9.92e+37
       116  1.03e+38
       116  1.07e+38
       115   1.1e+38
       114  1.14e+38
       113  1.18e+38
       113  1.22e+38
       112  1.26e+38
       111   1.3e+38
       111  1.34e+38
       110  1.38e+38
       109  1.42e+38
       108  1.46e+38
       108   1.5e+38
       107  1.54e+38
       106  1.58e+38
       106  1.62e+38
       105  1.66e+38
       104  1.69e+38
       103  1.73e+38
       103  1.77e+38
       102   1.8e+38
       101  1.84e+38
       101  1.87e+38
      99.8   1.9e+38
      99.1  1.93e+38
      98.4  1.96e+38
      97.7  1.99e+38
        97  2.02e+38
      96.3  2.04e+38
      95.6  2.06e+38
      94.8  2.08e+38
      94.1   2.1e+38
      93.4  2.12e+38
      92.7  2.13e+38
        92  2.15e+38
      91.3  2.16e+38
      90.5  2.16e+38
      89.8  2.17e+38
      89.1  2.17e+38
      88.4  2.17e+38
      87.7  2.17e+38
        87  2.17e+38
      86.3  2.16e+38
      85.5  2.15e+38
      84.8  2.14e+38
      84.1  2.12e+38
      83.4   2.1e+38
      82.7  2.08e+38
        82  2.06e+38
      81.2  2.04e+38
      80.5  2.01e+38
      79.8  1.98e+38
      79.1  1.95e+38
      78.4  1.91e+38
      77.7  1.88e+38
        77  1.84e+38
      76.2   1.8e+38
      75.5  1.76e+38
      74.8  1.71e+38
      74.1  1.67e+38
      73.4  1.62e+38
      72.7  1.58e+38
      71.9  1.53e+38
      71.2  1.48e+38
      70.5  1.43e+38
      69.8  1.38e+38
      69.1  1.33e+38
      68.4  1.28e+38
      67.7  1.22e+38
      66.9  1.17e+38
      66.2  1.12e+38
      65.5  1.07e+38
      64.8  1.02e+38
      64.1  9.69e+37
      63.4   9.2e+37
      62.6  8.71e+37
      61.9  8.23e+37
      61.2  7.77e+37
      60.5  7.31e+37
      59.8  6.87e+37
      59.1  6.44e+37
      58.4  6.02e+37
      57.6  5.62e+37
      56.9  5.23e+37
      56.2  4.86e+37
      55.5   4.5e+37
      54.8  4.16e+37
      54.1  3.84e+37
      53.3  3.53e+37
      52.6  3.24e+37
      51.9  2.96e+37
      51.2   2.7e+37
      50.5  2.46e+37
      49.8  2.23e+37
      49.1  2.02e+37
      48.3  1.82e+37
      47.6  1.64e+37
      46.9  1.47e+37
      46.2  1.31e+37
      45.5  1.17e+37
      44.8  1.04e+37
        44   9.2e+36
      43.3  8.11e+36
      42.6  7.13e+36
      41.9  6.24e+36
      41.2  5.44e+36
      40.5  4.73e+36
      39.8  4.09e+36
        39  3.53e+36
      38.3  3.03e+36
      37.6  2.59e+36
      36.9   2.2e+36
      36.2  1.86e+36
      35.5  1.57e+36
      34.7  1.32e+36
        34   1.1e+36
      33.3  9.13e+35
      32.6  7.54e+35
      31.9  6.19e+35
      31.2  5.05e+35
      30.5   4.1e+35
      29.7  3.31e+35
        29  2.65e+35
      28.3  2.11e+35
      27.6  1.67e+35
      26.9  1.31e+35
      26.2  1.02e+35
      25.4  7.88e+34
      24.7  6.04e+34
        24  4.59e+34
      23.3  3.46e+34
      22.6  2.59e+34
      21.9  1.91e+34
      21.2   1.4e+34
      20.4  1.02e+34
      19.7   7.3e+33
        19  5.18e+33
      18.3  3.63e+33
      17.6  2.52e+33
      16.9  1.73e+33
      16.1  1.17e+33
      15.4  7.82e+32
      14.7  5.18e+32
        14  3.39e+32
      13.3   2.2e+32
      12.6  1.41e+32
      11.9  9.05e+31
      11.1  5.79e+31
      10.4  3.71e+31
      9.71  2.39e+31
      8.99  1.56e+31
      8.28  1.03e+31
      7.56  6.96e+30
      6.85  4.76e+30
      6.13  3.29e+30
      5.42  2.29e+30
       4.7   1.6e+30
      3.99  1.11e+30
      3.27  7.71e+29
      2.55  5.31e+29
      1.84  3.64e+29
      1.12  2.47e+29
     0.408  1.67e+29
    -0.307  1.11e+29
     -1.02  7.38e+28
     -1.74  4.86e+28
     -2.45  3.16e+28
     -3.17  2.04e+28
     -3.88   1.3e+28
      -4.6  8.23e+27
     -5.32  5.14e+27
     -6.03  3.15e+27
     -6.75  1.95e+27
     -7.46  1.16e+27
     -8.18  7.04e+26
     -8.89  4.07e+26
     -9.61  2.41e+26
     -10.3  1.38e+26
       -11  7.86e+25
     -11.8  4.49e+25
     -12.5  2.48e+25
     -13.2  1.38e+25
     -13.9  7.54e+24
     -14.6  4.02e+24
     -15.3  2.12e+24
       -16  1.11e+24
     -16.8  4.94e+23
     -17.5  2.43e+23
     -18.2  1.05e+23
     -18.9  4.42e+22
     -19.6  1.63e+22
     -20.3  5.58e+21
     -21.1  1.75e+21
     -21.8  3.44e+20
     -22.5  5.86e+19
     -23.2  7.49e+18

pressure[atm]        = 100
temperature[K]           = 1800
energy step[1/cm]        = 250
maximum energy[kcal/mol] = 194

bimolecular PEDs:
   E, kcal    P1->P2
       194  6.12e+34
       194  6.74e+34
       193  7.42e+34
       192  8.16e+34
       191  8.98e+34
       191  9.86e+34
       190  1.08e+35
       189  1.19e+35
       189   1.3e+35
       188  1.42e+35
       187  1.56e+35
       186   1.7e+35
       186  1.86e+35
       185  2.03e+35
       184  2.22e+35
       184  2.42e+35
       183  2.64e+35
       182  2.87e+35
       181  3.13e+35
       181  3.41e+35
       180   3.7e+35
       179  4.03e+35
       179  4.38e+35
       178  4.76e+35
       177  5.17e+35
       176  5.61e+35
       176  6.08e+35
       175   6.6e+35
       174  7.15e+35
       174  7.75e+35
       173   8.4e+35
       172  9.09e+35
       171  9.84e+35
       171  1.06e+36
       170  1.15e+36
       169  1.24e+36
       169  1.34e+36
       168  1.45e+36
       167  1.57e+36
       166  1.69e+36
       166  1.82e+36
       165  1.97e+36
       164  2.12e+36
       164  2.28e+36
       163  2.46e+36
       162  2.65e+36
       161  2.85e+36
       161  3.06e+36
       160  3.29e+36
       159  3.54e+36
       159   3.8e+36
       158  4.08e+36
       157  4.38e+36
       156  4.69e+36
       156  5.03e+36
       155  5.39e+36
       154  5.77e+36
       154  6.18e+36
       153  6.61e+36
       152  7.07e+36
       151  7.56e+36
       151  8.07e+36
       150  8.62e+36
       149   9.2e+36
       148  9.82e+36
       148  1.05e+37
       147  1.12e+37
       146  1.19e+37
       146  1.26e+37
       145  1.35e+37
       144  1.43e+37
       143  1.52e+37
       143  1.62e+37
       142  1.72e+37
       141  1.82e+37
       141  1.93e+37
       140  2.05e+37
       139  2.17e+37
       138   2.3e+37
       138  2.43e+37
       137  2.57e+37
       136  2.72e+37
       136  2.87e+37
       135  3.03e+37
       134   3.2e+37
       133  3.37e+37
       133  3.55e+37
       132  3.74e+37
       131  3.94e+37
       131  4.15e+37
       130  4.36e+37
       129  4.58e+37
       128  4.81e+37
       128  5.05e+37
       127  5.29e+37
       126  5.55e+37
       126  5.81e+37
       125  6.08e+37
       124  6.36e+37
       123  6.65e+37
       123  6.94e+37
       122  7.25e+37
       121  7.56e+37
       121  7.88e+37
       120  8.21e+37
       119  8.54e+37
       118  8.88e+37
       118  9.23e+37
       117  9.59e+37
       116  9.95e+37
       116  1.03e+38
       115  1.07e+38
       114  1.11e+38
       113  1.15e+38
       113  1.18e+38
       112  1.22e+38
       111  1.26e+38
       111   1.3e+38
       110  1.34e+38
       109  1.38e+38
       108  1.42e+38
       108  1.46e+38
       107   1.5e+38
       106  1.54e+38
       106  1.58e+38
       105  1.62e+38
       104  1.66e+38
       103   1.7e+38
       103  1.73e+38
       102  1.77e+38
       101   1.8e+38
       101  1.84e+38
      99.8  1.87e+38
      99.1   1.9e+38
      98.4  1.93e+38
      97.7  1.96e+38
        97  1.99e+38
      96.3  2.02e+38
      95.6  2.04e+38
      94.8  2.06e+38
      94.1  2.08e+38
      93.4   2.1e+38
      92.7  2.12e+38
        92  2.13e+38
      91.3  2.15e+38
      90.5  2.16e+38
      89.8  2.16e+38
      89.1  2.17e+38
      88.4  2.17e+38
      87.7  2.17e+38
        87  2.17e+38
      86.3  2.16e+38
      85.5  2.16e+38
      84.8  2.15e+38
      84.1  2.13e+38
      83.4  2.12e+38
      82.7   2.1e+38
        82  2.08e+38
      81.2  2.06e+38
      80.5  2.03e+38
      79.8     2e+38
      79.1  1.97e+38
      78.4  1.94e+38
      77.7  1.91e+38
        77  1.87e+38
      76.2  1.83e+38
      75.5  1.79e+38
      74.8  1.75e+38
      74.1  1.71e+38
      73.4  1.67e+38
      72.7  1.62e+38
      71.9  1.57e+38
      71.2  1.52e+38
      70.5  1.47e+38
      69.8  1.43e+38
      69.1  1.37e+38
      68.4  1.32e+38
      67.7  1.27e+38
      66.9  1.22e+38
      66.2  1.17e+38
      65.5  1.12e+38
      64.8  1.07e+38
      64.1  1.02e+38
      63.4  9.68e+37
      62.6  9.19e+37
      61.9  8.71e+37
      61.2  8.23e+37
      60.5  7.77e+37
      59.8  7.31e+37
      59.1  6.87e+37
      58.4  6.45e+37
      57.6  6.03e+37
      56.9  5.63e+37
      56.2  5.25e+37
      55.5  4.88e+37
      54.8  4.52e+37
      54.1  4.18e+37
      53.3  3.86e+37
      52.6  3.55e+37
      51.9  3.26e+37
      51.2  2.99e+37
      50.5  2.73e+37
      49.8  2.49e+37
      49.1  2.26e+37
      48.3  2.05e+37
      47.6  1.85e+37
      46.9  1.67e+37
      46.2   1.5e+37
      45.5  1.34e+37
      44.8   1.2e+37
        44  1.07e+37
      43.3  9.46e+36
      42.6  8.37e+36
      41.9  7.37e+36
      41.2  6.48e+36
      40.5  5.67e+36
      39.8  4.94e+36
        39   4.3e+36
      38.3  3.72e+36
      37.6  3.21e+36
      36.9  2.76e+36
      36.2  2.36e+36
      35.5  2.01e+36
      34.7  1.71e+36
        34  1.44e+36
      33.3  1.21e+36
      32.6  1.02e+36
      31.9  8.47e+35
      31.2  7.03e+35
      30.5  5.81e+35
      29.7  4.77e+35
        29  3.91e+35
      28.3  3.18e+35
      27.6  2.58e+35
      26.9  2.08e+35
      26.2  1.67e+35
      25.4  1.33e+35
      24.7  1.06e+35
        24  8.34e+34
      23.3  6.56e+34
      22.6  5.13e+34
      21.9  3.99e+34
      21.2  3.09e+34
      20.4  2.38e+34
      19.7  1.83e+34
        19   1.4e+34
      18.3  1.07e+34
      17.6   8.1e+33
      16.9  6.13e+33
      16.1  4.63e+33
      15.4  3.49e+33
      14.7  2.62e+33
        14  1.97e+33
      13.3  1.48e+33
      12.6  1.11e+33
      11.9  8.28e+32
      11.1  6.19e+32
      10.4  4.62e+32
      9.71  3.45e+32
      8.99  2.57e+32
      8.28  1.91e+32
      7.56  1.41e+32
      6.85  1.05e+32
      6.13  7.71e+31
      5.42  5.66e+31
       4.7  4.13e+31
      3.99  3.01e+31
      3.27  2.18e+31
      2.55  1.57e+31
      1.84  1.12e+31
      1.12  8.01e+30
     0.408  5.69e+30
    -0.307  4.02e+30
     -1.02  2.82e+30
     -1.74  1.98e+30
     -2.45  1.38e+30
     -3.17  9.52e+29
     -3.88  6.56e+29
      -4.6  4.49e+29
     -5.32  3.06e+29
     -6.03  2.07e+29
     -6.75  1.39e+29
     -7.46  9.27e+28
     -8.18  6.14e+28
     -8.89  4.02e+28
     -9.61  2.61e+28
     -10.3  1.68e+28
       -11  1.06e+28
     -11.8  6.66e+27
     -12.5  4.08e+27
     -13.2  2.46e+27
     -13.9  1.45e+27
     -14.6  8.28e+26
     -15.3  4.59e+26
       -16  2.45e+26
     -16.8  1.25e+26
     -17.5  6.04e+25
     -18.2  2.75e+25
     -18.9  1.16e+25
     -19.6  4.49e+24
     -20.3  1.56e+24
     -21.1  4.71e+23
     -21.8  1.17e+23
     -22.5  2.19e+22
     -23.2  1.44e+21

pressure[atm]        = 0.01
temperature[K]           = 1900
energy step[1/cm]        = 264
maximum energy[kcal/mol] = 208

bimolecular PEDs:
   E, kcal    P1->P2
       208  5.28e+35
       207  5.78e+35
       206  6.32e+35
       205  6.91e+35
       205  7.55e+35
       204  8.24e+35
       203     9e+35
       202  9.83e+35
       202  1.07e+36
       201  1.17e+36
       200  1.28e+36
       199  1.39e+36
       199  1.52e+36
       198  1.65e+36
       197   1.8e+36
       196  1.96e+36
       196  2.13e+36
       195  2.32e+36
       194  2.52e+36
       193  2.74e+36
       193  2.98e+36
       192  3.24e+36
       191  3.52e+36
       190  3.82e+36
       189  4.14e+36
       189  4.49e+36
       188  4.87e+36
       187  5.28e+36
       186  5.72e+36
       186  6.19e+36
       185  6.71e+36
       184  7.26e+36
       183  7.85e+36
       183  8.49e+36
       182  9.17e+36
       181  9.91e+36
       180  1.07e+37
       180  1.16e+37
       179  1.25e+37
       178  1.35e+37
       177  1.45e+37
       177  1.56e+37
       176  1.68e+37
       175  1.81e+37
       174  1.95e+37
       174   2.1e+37
       173  2.26e+37
       172  2.43e+37
       171  2.61e+37
       171   2.8e+37
       170  3.01e+37
       169  3.23e+37
       168  3.46e+37
       168  3.71e+37
       167  3.97e+37
       166  4.26e+37
       165  4.56e+37
       165  4.88e+37
       164  5.21e+37
       163  5.57e+37
       162  5.96e+37
       162  6.36e+37
       161  6.79e+37
       160  7.24e+37
       159  7.72e+37
       159  8.23e+37
       158  8.77e+37
       157  9.34e+37
       156  9.93e+37
       156  1.06e+38
       155  1.12e+38
       154  1.19e+38
       153  1.27e+38
       152  1.35e+38
       152  1.43e+38
       151  1.51e+38
       150   1.6e+38
       149   1.7e+38
       149   1.8e+38
       148   1.9e+38
       147  2.01e+38
       146  2.12e+38
       146  2.24e+38
       145  2.37e+38
       144   2.5e+38
       143  2.63e+38
       143  2.77e+38
       142  2.92e+38
       141  3.07e+38
       140  3.23e+38
       140  3.39e+38
       139  3.56e+38
       138  3.74e+38
       137  3.92e+38
       137  4.11e+38
       136  4.31e+38
       135  4.51e+38
       134  4.72e+38
       134  4.93e+38
       133  5.15e+38
       132  5.38e+38
       131  5.61e+38
       131  5.85e+38
       130   6.1e+38
       129  6.35e+38
       128  6.61e+38
       128  6.87e+38
       127  7.14e+38
       126  7.41e+38
       125  7.69e+38
       125  7.97e+38
       124  8.25e+38
       123  8.54e+38
       122  8.84e+38
       122  9.13e+38
       121  9.43e+38
       120  9.73e+38
       119     1e+39
       119  1.03e+39
       118  1.06e+39
       117  1.09e+39
       116  1.12e+39
       115  1.15e+39
       115  1.18e+39
       114  1.21e+39
       113  1.24e+39
       112  1.27e+39
       112   1.3e+39
       111  1.33e+39
       110  1.36e+39
       109  1.38e+39
       109  1.41e+39
       108  1.43e+39
       107  1.46e+39
       106  1.48e+39
       106   1.5e+39
       105  1.52e+39
       104  1.54e+39
       103  1.56e+39
       103  1.58e+39
       102  1.59e+39
       101  1.61e+39
       100  1.62e+39
      99.6  1.63e+39
      98.9  1.64e+39
      98.1  1.64e+39
      97.4  1.65e+39
      96.6  1.65e+39
      95.9  1.65e+39
      95.1  1.65e+39
      94.3  1.65e+39
      93.6  1.65e+39
      92.8  1.64e+39
      92.1  1.63e+39
      91.3  1.62e+39
      90.6  1.61e+39
      89.8   1.6e+39
      89.1  1.58e+39
      88.3  1.56e+39
      87.6  1.55e+39
      86.8  1.52e+39
        86   1.5e+39
      85.3  1.48e+39
      84.5  1.45e+39
      83.8  1.42e+39
        83  1.39e+39
      82.3  1.36e+39
      81.5  1.33e+39
      80.8   1.3e+39
        80  1.26e+39
      79.2  1.23e+39
      78.5  1.19e+39
      77.7  1.16e+39
        77  1.12e+39
      76.2  1.08e+39
      75.5  1.04e+39
      74.7     1e+39
        74  9.65e+38
      73.2  9.26e+38
      72.5  8.88e+38
      71.7  8.49e+38
      70.9   8.1e+38
      70.2  7.72e+38
      69.4  7.34e+38
      68.7  6.97e+38
      67.9   6.6e+38
      67.2  6.24e+38
      66.4  5.89e+38
      65.7  5.54e+38
      64.9  5.21e+38
      64.1  4.89e+38
      63.4  4.57e+38
      62.6  4.27e+38
      61.9  3.98e+38
      61.1  3.69e+38
      60.4  3.43e+38
      59.6  3.17e+38
      58.9  2.92e+38
      58.1  2.69e+38
      57.3  2.47e+38
      56.6  2.26e+38
      55.8  2.07e+38
      55.1  1.88e+38
      54.3  1.71e+38
      53.6  1.55e+38
      52.8   1.4e+38
      52.1  1.26e+38
      51.3  1.13e+38
      50.6  1.01e+38
      49.8  9.04e+37
        49  8.04e+37
      48.3  7.13e+37
      47.5   6.3e+37
      46.8  5.55e+37
        46  4.86e+37
      45.3  4.25e+37
      44.5   3.7e+37
      43.8  3.21e+37
        43  2.78e+37
      42.2  2.39e+37
      41.5  2.05e+37
      40.7  1.75e+37
        40  1.48e+37
      39.2  1.25e+37
      38.5  1.06e+37
      37.7  8.84e+36
        37  7.37e+36
      36.2  6.11e+36
      35.4  5.04e+36
      34.7  4.13e+36
      33.9  3.37e+36
      33.2  2.73e+36
      32.4   2.2e+36
      31.7  1.76e+36
      30.9   1.4e+36
      30.2   1.1e+36
      29.4  8.65e+35
      28.7  6.73e+35
      27.9  5.19e+35
      27.1  3.97e+35
      26.4  3.02e+35
      25.6  2.27e+35
      24.9  1.69e+35
      24.1  1.25e+35
      23.4   9.1e+34
      22.6  6.57e+34
      21.9  4.69e+34
      21.1   3.3e+34
      20.3   2.3e+34
      19.6  1.58e+34
      18.8  1.07e+34
      18.1  7.09e+33
      17.3  4.64e+33
      16.6  2.98e+33
      15.8  1.87e+33
      15.1  1.15e+33
      14.3  6.93e+32
      13.5  4.06e+32
      12.8  2.31e+32
        12  1.27e+32
      11.3  6.76e+31
      10.5  3.44e+31
      9.77  1.66e+31
      9.02  7.51e+30
      8.26  3.16e+30
      7.51  1.21e+30
      6.75  4.19e+29
         6  1.29e+29
      5.24  3.65e+28
      4.49  1.07e+28
      3.73  4.11e+27
      2.98  2.11e+27
      2.22  1.31e+27
      1.47  8.61e+26
     0.712  5.68e+26
   -0.0427  3.72e+26
    -0.798  2.32e+26
     -1.55  1.63e+26
     -2.31  6.62e+25
     -3.06  7.06e+25
     -3.82  3.32e+25
     -4.57  2.59e+25
     -5.33  1.27e+25
     -6.08  7.43e+24
     -6.84  4.69e+24
     -7.59  2.01e+24
     -8.35  3.06e+24
      -9.1 -1.26e+24
     -9.86  1.68e+24
     -10.6 -4.05e+23
     -11.4  6.11e+23
     -12.1 -1.08e+23
     -12.9  2.01e+24
     -13.6  2.89e+22
     -14.4  1.82e+22
     -15.1  2.29e+22
     -15.9 -3.22e+22
     -16.7  1.93e+22
     -17.4 -4.54e+21
     -18.2  5.28e+21
     -18.9 -5.95e+21
     -19.7  6.42e+21
     -20.4 -1.58e+21
     -21.2  2.43e+20
     -21.9 -6.71e+19
     -22.7 -1.34e+19
     -23.5  7.88e+12

pressure[atm]        = 0.1
temperature[K]           = 1900
energy step[1/cm]        = 264
maximum energy[kcal/mol] = 208

bimolecular PEDs:
   E, kcal    P1->P2
       208  5.28e+35
       207  5.78e+35
       206  6.32e+35
       205   6.9e+35
       205  7.55e+35
       204  8.24e+35
       203     9e+35
       202  9.83e+35
       202  1.07e+36
       201  1.17e+36
       200  1.28e+36
       199  1.39e+36
       199  1.52e+36
       198  1.65e+36
       197   1.8e+36
       196  1.96e+36
       196  2.13e+36
       195  2.32e+36
       194  2.52e+36
       193  2.74e+36
       193  2.98e+36
       192  3.24e+36
       191  3.52e+36
       190  3.82e+36
       189  4.14e+36
       189  4.49e+36
       188  4.87e+36
       187  5.28e+36
       186  5.72e+36
       186  6.19e+36
       185  6.71e+36
       184  7.26e+36
       183  7.85e+36
       183  8.49e+36
       182  9.17e+36
       181  9.91e+36
       180  1.07e+37
       180  1.16e+37
       179  1.25e+37
       178  1.35e+37
       177  1.45e+37
       177  1.56e+37
       176  1.68e+37
       175  1.81e+37
       174  1.95e+37
       174   2.1e+37
       173  2.26e+37
       172  2.43e+37
       171  2.61e+37
       171   2.8e+37
       170  3.01e+37
       169  3.23e+37
       168  3.46e+37
       168  3.71e+37
       167  3.97e+37
       166  4.26e+37
       165  4.56e+37
       165  4.88e+37
       164  5.21e+37
       163  5.57e+37
       162  5.96e+37
       162  6.36e+37
       161  6.79e+37
       160  7.24e+37
       159  7.72e+37
       159  8.23e+37
       158  8.77e+37
       157  9.34e+37
       156  9.93e+37
       156  1.06e+38
       155  1.12e+38
       154  1.19e+38
       153  1.27e+38
       152  1.34e+38
       152  1.43e+38
       151  1.51e+38
       150   1.6e+38
       149   1.7e+38
       149   1.8e+38
       148   1.9e+38
       147  2.01e+38
       146  2.12e+38
       146  2.24e+38
       145  2.37e+38
       144   2.5e+38
       143  2.63e+38
       143  2.77e+38
       142  2.92e+38
       141  3.07e+38
       140  3.23e+38
       140  3.39e+38
       139  3.56e+38
       138  3.74e+38
       137  3.92e+38
       137  4.11e+38
       136  4.31e+38
       135  4.51e+38
       134  4.72e+38
       134  4.93e+38
       133  5.15e+38
       132  5.38e+38
       131  5.61e+38
       131  5.85e+38
       130   6.1e+38
       129  6.35e+38
       128  6.61e+38
       128  6.87e+38
       127  7.14e+38
       126  7.41e+38
       125  7.69e+38
       125  7.97e+38
       124  8.25e+38
       123  8.54e+38
       122  8.84e+38
       122  9.13e+38
       121  9.43e+38
       120  9.73e+38
       119     1e+39
       119  1.03e+39
       118  1.06e+39
       117  1.09e+39
       116  1.12e+39
       115  1.15e+39
       115  1.18e+39
       114  1.21e+39
       113  1.24e+39
       112  1.27e+39
       112   1.3e+39
       111  1.33e+39
       110  1.36e+39
       109  1.38e+39
       109  1.41e+39
       108  1.43e+39
       107  1.46e+39
       106  1.48e+39
       106   1.5e+39
       105  1.52e+39
       104  1.54e+39
       103  1.56e+39
       103  1.58e+39
       102  1.59e+39
       101  1.61e+39
       100  1.62e+39
      99.6  1.63e+39
      98.9  1.64e+39
      98.1  1.64e+39
      97.4  1.65e+39
      96.6  1.65e+39
      95.9  1.65e+39
      95.1  1.65e+39
      94.3  1.65e+39
      93.6  1.65e+39
      92.8  1.64e+39
      92.1  1.63e+39
      91.3  1.62e+39
      90.6  1.61e+39
      89.8   1.6e+39
      89.1  1.58e+39
      88.3  1.56e+39
      87.6  1.55e+39
      86.8  1.52e+39
        86   1.5e+39
      85.3  1.48e+39
      84.5  1.45e+39
      83.8  1.42e+39
        83  1.39e+39
      82.3  1.36e+39
      81.5  1.33e+39
      80.8   1.3e+39
        80  1.26e+39
      79.2  1.23e+39
      78.5  1.19e+39
      77.7  1.16e+39
        77  1.12e+39
      76.2  1.08e+39
      75.5  1.04e+39
      74.7     1e+39
        74  9.65e+38
      73.2  9.27e+38
      72.5  8.88e+38
      71.7  8.49e+38
      70.9   8.1e+38
      70.2  7.72e+38
      69.4  7.34e+38
      68.7  6.97e+38
      67.9   6.6e+38
      67.2  6.24e+38
      66.4  5.89e+38
      65.7  5.54e+38
      64.9  5.21e+38
      64.1  4.89e+38
      63.4  4.57e+38
      62.6  4.27e+38
      61.9  3.98e+38
      61.1  3.69e+38
      60.4  3.43e+38
      59.6  3.17e+38
      58.9  2.92e+38
      58.1  2.69e+38
      57.3  2.47e+38
      56.6  2.26e+38
      55.8  2.07e+38
      55.1  1.88e+38
      54.3  1.71e+38
      53.6  1.55e+38
      52.8   1.4e+38
      52.1  1.26e+38
      51.3  1.13e+38
      50.6  1.01e+38
      49.8  9.04e+37
        49  8.04e+37
      48.3  7.13e+37
      47.5   6.3e+37
      46.8  5.55e+37
        46  4.87e+37
      45.3  4.25e+37
      44.5   3.7e+37
      43.8  3.21e+37
        43  2.78e+37
      42.2  2.39e+37
      41.5  2.05e+37
      40.7  1.75e+37
        40  1.48e+37
      39.2  1.25e+37
      38.5  1.06e+37
      37.7  8.84e+36
        37  7.37e+36
      36.2  6.11e+36
      35.4  5.04e+36
      34.7  4.13e+36
      33.9  3.37e+36
      33.2  2.73e+36
      32.4   2.2e+36
      31.7  1.76e+36
      30.9   1.4e+36
      30.2   1.1e+36
      29.4  8.65e+35
      28.7  6.73e+35
      27.9  5.19e+35
      27.1  3.98e+35
      26.4  3.02e+35
      25.6  2.27e+35
      24.9  1.69e+35
      24.1  1.25e+35
      23.4  9.11e+34
      22.6  6.58e+34
      21.9  4.69e+34
      21.1  3.31e+34
      20.3   2.3e+34
      19.6  1.58e+34
      18.8  1.07e+34
      18.1   7.1e+33
      17.3  4.65e+33
      16.6  2.98e+33
      15.8  1.88e+33
      15.1  1.16e+33
      14.3  6.96e+32
      13.5  4.08e+32
      12.8  2.33e+32
        12  1.28e+32
      11.3  6.85e+31
      10.5   3.5e+31
      9.77   1.7e+31
      9.02  7.84e+30
      8.26  3.39e+30
      7.51  1.38e+30
      6.75  5.33e+29
         6  2.08e+29
      5.24  9.09e+28
      4.49  4.82e+28
      3.73  2.95e+28
      2.98  1.94e+28
      2.22  1.28e+28
      1.47  8.57e+27
     0.712  5.69e+27
   -0.0427  3.72e+27
    -0.798  2.41e+27
     -1.55  1.55e+27
     -2.31  9.62e+26
     -3.06  6.06e+26
     -3.82  3.78e+26
     -4.57  2.12e+26
     -5.33  1.52e+26
     -6.08  6.61e+25
     -6.84  5.13e+25
     -7.59  2.32e+25
     -8.35  1.31e+25
      -9.1  8.48e+24
     -9.86  3.02e+24
     -10.6  2.22e+24
     -11.4  4.47e+23
     -12.1  5.48e+23
     -12.9 -5.64e+23
     -13.6  1.55e+23
     -14.4 -1.72e+22
     -15.1  -1.3e+23
     -15.9  6.34e+22
     -16.7 -3.33e+22
     -17.4   1.4e+22
     -18.2   4.1e+21
     -18.9  1.54e+19
     -19.7  1.33e+22
     -20.4  1.79e+20
     -21.2 -1.39e+19
     -21.9 -3.51e+20
     -22.7  6.15e+18
     -23.5  4.08e+14

pressure[atm]        = 1
temperature[K]           = 1900
energy step[1/cm]        = 264
maximum energy[kcal/mol] = 208

bimolecular PEDs:
   E, kcal    P1->P2
       208  5.27e+35
       207  5.76e+35
       206   6.3e+35
       205  6.89e+35
       205  7.53e+35
       204  8.23e+35
       203  8.99e+35
       202  9.82e+35
       202  1.07e+36
       201  1.17e+36
       200  1.28e+36
       199  1.39e+36
       199  1.52e+36
       198  1.65e+36
       197   1.8e+36
       196  1.96e+36
       196  2.13e+36
       195  2.32e+36
       194  2.52e+36
       193  2.74e+36
       193  2.98e+36
       192  3.23e+36
       191  3.51e+36
       190  3.81e+36
       189  4.14e+36
       189  4.49e+36
       188  4.87e+36
       187  5.27e+36
       186  5.71e+36
       186  6.19e+36
       185   6.7e+36
       184  7.25e+36
       183  7.84e+36
       183  8.48e+36
       182  9.17e+36
       181  9.91e+36
       180  1.07e+37
       180  1.15e+37
       179  1.25e+37
       178  1.34e+37
       177  1.45e+37
       177  1.56e+37
       176  1.68e+37
       175  1.81e+37
       174  1.95e+37
       174   2.1e+37
       173  2.26e+37
       172  2.43e+37
       171  2.61e+37
       171   2.8e+37
       170     3e+37
       169  3.22e+37
       168  3.46e+37
       168  3.71e+37
       167  3.97e+37
       166  4.25e+37
       165  4.55e+37
       165  4.87e+37
       164  5.21e+37
       163  5.57e+37
       162  5.95e+37
       162  6.36e+37
       161  6.78e+37
       160  7.24e+37
       159  7.72e+37
       159  8.23e+37
       158  8.76e+37
       157  9.33e+37
       156  9.93e+37
       156  1.06e+38
       155  1.12e+38
       154  1.19e+38
       153  1.27e+38
       152  1.34e+38
       152  1.43e+38
       151  1.51e+38
       150   1.6e+38
       149   1.7e+38
       149   1.8e+38
       148   1.9e+38
       147  2.01e+38
       146  2.12e+38
       146  2.24e+38
       145  2.36e+38
       144  2.49e+38
       143  2.63e+38
       143  2.77e+38
       142  2.92e+38
       141  3.07e+38
       140  3.23e+38
       140  3.39e+38
       139  3.56e+38
       138  3.74e+38
       137  3.92e+38
       137  4.11e+38
       136  4.31e+38
       135  4.51e+38
       134  4.72e+38
       134  4.93e+38
       133  5.15e+38
       132  5.38e+38
       131  5.61e+38
       131  5.85e+38
       130   6.1e+38
       129  6.35e+38
       128   6.6e+38
       128  6.87e+38
       127  7.13e+38
       126  7.41e+38
       125  7.68e+38
       125  7.97e+38
       124  8.25e+38
       123  8.54e+38
       122  8.83e+38
       122  9.13e+38
       121  9.43e+38
       120  9.73e+38
       119     1e+39
       119  1.03e+39
       118  1.06e+39
       117  1.09e+39
       116  1.12e+39
       115  1.15e+39
       115  1.18e+39
       114  1.21e+39
       113  1.24e+39
       112  1.27e+39
       112   1.3e+39
       111  1.33e+39
       110  1.36e+39
       109  1.38e+39
       109  1.41e+39
       108  1.43e+39
       107  1.46e+39
       106  1.48e+39
       106   1.5e+39
       105  1.52e+39
       104  1.54e+39
       103  1.56e+39
       103  1.58e+39
       102  1.59e+39
       101  1.61e+39
       100  1.62e+39
      99.6  1.63e+39
      98.9  1.64e+39
      98.1  1.64e+39
      97.4  1.65e+39
      96.6  1.65e+39
      95.9  1.65e+39
      95.1  1.65e+39
      94.3  1.65e+39
      93.6  1.65e+39
      92.8  1.64e+39
      92.1  1.63e+39
      91.3  1.62e+39
      90.6  1.61e+39
      89.8   1.6e+39
      89.1  1.58e+39
      88.3  1.56e+39
      87.6  1.55e+39
      86.8  1.52e+39
        86   1.5e+39
      85.3  1.48e+39
      84.5  1.45e+39
      83.8  1.42e+39
        83  1.39e+39
      82.3  1.36e+39
      81.5  1.33e+39
      80.8   1.3e+39
        80  1.26e+39
      79.2  1.23e+39
      78.5  1.19e+39
      77.7  1.16e+39
        77  1.12e+39
      76.2  1.08e+39
      75.5  1.04e+39
      74.7     1e+39
        74  9.66e+38
      73.2  9.27e+38
      72.5  8.88e+38
      71.7  8.49e+38
      70.9  8.11e+38
      70.2  7.72e+38
      69.4  7.34e+38
      68.7  6.97e+38
      67.9   6.6e+38
      67.2  6.24e+38
      66.4  5.89e+38
      65.7  5.55e+38
      64.9  5.21e+38
      64.1  4.89e+38
      63.4  4.57e+38
      62.6  4.27e+38
      61.9  3.98e+38
      61.1   3.7e+38
      60.4  3.43e+38
      59.6  3.17e+38
      58.9  2.93e+38
      58.1  2.69e+38
      57.3  2.47e+38
      56.6  2.27e+38
      55.8  2.07e+38
      55.1  1.89e+38
      54.3  1.71e+38
      53.6  1.55e+38
      52.8   1.4e+38
      52.1  1.26e+38
      51.3  1.13e+38
      50.6  1.01e+38
      49.8  9.05e+37
        49  8.05e+37
      48.3  7.14e+37
      47.5  6.31e+37
      46.8  5.55e+37
        46  4.87e+37
      45.3  4.26e+37
      44.5  3.71e+37
      43.8  3.22e+37
        43  2.78e+37
      42.2  2.39e+37
      41.5  2.05e+37
      40.7  1.75e+37
        40  1.49e+37
      39.2  1.26e+37
      38.5  1.06e+37
      37.7  8.87e+36
        37  7.39e+36
      36.2  6.13e+36
      35.4  5.05e+36
      34.7  4.14e+36
      33.9  3.38e+36
      33.2  2.74e+36
      32.4  2.21e+36
      31.7  1.77e+36
      30.9   1.4e+36
      30.2  1.11e+36
      29.4  8.69e+35
      28.7  6.76e+35
      27.9  5.22e+35
      27.1     4e+35
      26.4  3.04e+35
      25.6  2.28e+35
      24.9   1.7e+35
      24.1  1.26e+35
      23.4  9.18e+34
      22.6  6.64e+34
      21.9  4.74e+34
      21.1  3.35e+34
      20.3  2.33e+34
      19.6   1.6e+34
      18.8  1.09e+34
      18.1  7.24e+33
      17.3  4.75e+33
      16.6  3.06e+33
      15.8  1.94e+33
      15.1   1.2e+33
      14.3  7.29e+32
      13.5  4.32e+32
      12.8   2.5e+32
        12  1.41e+32
      11.3  7.75e+31
      10.5  4.15e+31
      9.77  2.17e+31
      9.02  1.11e+31
      8.26  5.73e+30
      7.51  3.02e+30
      6.75  1.68e+30
         6  1.01e+30
      5.24  6.43e+29
      4.49  4.28e+29
      3.73  2.89e+29
      2.98  1.95e+29
      2.22  1.31e+29
      1.47  8.74e+28
     0.712  5.79e+28
   -0.0427  3.79e+28
    -0.798  2.46e+28
     -1.55  1.58e+28
     -2.31  9.96e+27
     -3.06  6.21e+27
     -3.82  3.87e+27
     -4.57  2.29e+27
     -5.33  1.43e+27
     -6.08  8.04e+26
     -6.84  4.81e+26
     -7.59  2.63e+26
     -8.35  1.45e+26
      -9.1  8.01e+25
     -9.86  3.98e+25
     -10.6  2.08e+25
     -11.4  1.07e+25
     -12.1  4.23e+24
     -12.9  2.84e+24
     -13.6  1.02e+24
     -14.4  5.52e+23
     -15.1  1.69e+23
     -15.9  9.52e+22
     -16.7   5.8e+22
     -17.4 -2.47e+22
     -18.2  6.12e+20
     -18.9 -7.37e+21
     -19.7 -1.55e+22
     -20.4 -7.58e+21
     -21.2  1.17e+21
     -21.9  7.48e+20
     -22.7 -6.58e+18
     -23.5  1.04e+17

pressure[atm]        = 10
temperature[K]           = 1900
energy step[1/cm]        = 264
maximum energy[kcal/mol] = 208

bimolecular PEDs:
   E, kcal    P1->P2
       208  5.16e+35
       207  5.65e+35
       206  6.19e+35
       205  6.78e+35
       205  7.43e+35
       204  8.13e+35
       203  8.88e+35
       202  9.71e+35
       202  1.06e+36
       201  1.16e+36
       200  1.26e+36
       199  1.38e+36
       199   1.5e+36
       198  1.64e+36
       197  1.78e+36
       196  1.94e+36
       196  2.11e+36
       195   2.3e+36
       194   2.5e+36
       193  2.72e+36
       193  2.95e+36
       192  3.21e+36
       191  3.49e+36
       190  3.78e+36
       189  4.11e+36
       189  4.45e+36
       188  4.83e+36
       187  5.24e+36
       186  5.67e+36
       186  6.14e+36
       185  6.65e+36
       184   7.2e+36
       183  7.79e+36
       183  8.42e+36
       182   9.1e+36
       181  9.83e+36
       180  1.06e+37
       180  1.15e+37
       179  1.24e+37
       178  1.33e+37
       177  1.44e+37
       177  1.55e+37
       176  1.67e+37
       175   1.8e+37
       174  1.94e+37
       174  2.08e+37
       173  2.24e+37
       172  2.41e+37
       171  2.59e+37
       171  2.78e+37
       170  2.99e+37
       169   3.2e+37
       168  3.44e+37
       168  3.68e+37
       167  3.95e+37
       166  4.23e+37
       165  4.53e+37
       165  4.84e+37
       164  5.18e+37
       163  5.54e+37
       162  5.92e+37
       162  6.32e+37
       161  6.74e+37
       160   7.2e+37
       159  7.67e+37
       159  8.18e+37
       158  8.71e+37
       157  9.28e+37
       156  9.87e+37
       156  1.05e+38
       155  1.12e+38
       154  1.19e+38
       153  1.26e+38
       152  1.34e+38
       152  1.42e+38
       151   1.5e+38
       150  1.59e+38
       149  1.69e+38
       149  1.79e+38
       148  1.89e+38
       147     2e+38
       146  2.11e+38
       146  2.23e+38
       145  2.35e+38
       144  2.48e+38
       143  2.62e+38
       143  2.76e+38
       142   2.9e+38
       141  3.05e+38
       140  3.21e+38
       140  3.38e+38
       139  3.55e+38
       138  3.72e+38
       137   3.9e+38
       137  4.09e+38
       136  4.29e+38
       135  4.49e+38
       134   4.7e+38
       134  4.91e+38
       133  5.13e+38
       132  5.36e+38
       131  5.59e+38
       131  5.83e+38
       130  6.07e+38
       129  6.32e+38
       128  6.58e+38
       128  6.84e+38
       127  7.11e+38
       126  7.38e+38
       125  7.66e+38
       125  7.94e+38
       124  8.22e+38
       123  8.51e+38
       122  8.81e+38
       122   9.1e+38
       121   9.4e+38
       120   9.7e+38
       119     1e+39
       119  1.03e+39
       118  1.06e+39
       117  1.09e+39
       116  1.12e+39
       115  1.15e+39
       115  1.18e+39
       114  1.21e+39
       113  1.24e+39
       112  1.27e+39
       112   1.3e+39
       111  1.33e+39
       110  1.35e+39
       109  1.38e+39
       109  1.41e+39
       108  1.43e+39
       107  1.45e+39
       106  1.48e+39
       106   1.5e+39
       105  1.52e+39
       104  1.54e+39
       103  1.56e+39
       103  1.57e+39
       102  1.59e+39
       101   1.6e+39
       100  1.62e+39
      99.6  1.63e+39
      98.9  1.64e+39
      98.1  1.64e+39
      97.4  1.65e+39
      96.6  1.65e+39
      95.9  1.65e+39
      95.1  1.65e+39
      94.3  1.65e+39
      93.6  1.65e+39
      92.8  1.64e+39
      92.1  1.63e+39
      91.3  1.62e+39
      90.6  1.61e+39
      89.8   1.6e+39
      89.1  1.58e+39
      88.3  1.57e+39
      87.6  1.55e+39
      86.8  1.53e+39
        86   1.5e+39
      85.3  1.48e+39
      84.5  1.45e+39
      83.8  1.43e+39
        83   1.4e+39
      82.3  1.37e+39
      81.5  1.33e+39
      80.8   1.3e+39
        80  1.27e+39
      79.2  1.23e+39
      78.5   1.2e+39
      77.7  1.16e+39
        77  1.12e+39
      76.2  1.09e+39
      75.5  1.05e+39
      74.7  1.01e+39
        74   9.7e+38
      73.2  9.31e+38
      72.5  8.92e+38
      71.7  8.53e+38
      70.9  8.14e+38
      70.2  7.76e+38
      69.4  7.38e+38
      68.7  7.01e+38
      67.9  6.64e+38
      67.2  6.28e+38
      66.4  5.93e+38
      65.7  5.58e+38
      64.9  5.25e+38
      64.1  4.92e+38
      63.4  4.61e+38
      62.6   4.3e+38
      61.9  4.01e+38
      61.1  3.73e+38
      60.4  3.46e+38
      59.6   3.2e+38
      58.9  2.95e+38
      58.1  2.72e+38
      57.3   2.5e+38
      56.6  2.29e+38
      55.8  2.09e+38
      55.1   1.9e+38
      54.3  1.73e+38
      53.6  1.57e+38
      52.8  1.42e+38
      52.1  1.28e+38
      51.3  1.15e+38
      50.6  1.03e+38
      49.8  9.17e+37
        49  8.16e+37
      48.3  7.24e+37
      47.5   6.4e+37
      46.8  5.64e+37
        46  4.95e+37
      45.3  4.33e+37
      44.5  3.78e+37
      43.8  3.28e+37
        43  2.83e+37
      42.2  2.44e+37
      41.5  2.09e+37
      40.7  1.79e+37
        40  1.52e+37
      39.2  1.29e+37
      38.5  1.08e+37
      37.7   9.1e+36
        37  7.59e+36
      36.2   6.3e+36
      35.4   5.2e+36
      34.7  4.27e+36
      33.9  3.49e+36
      33.2  2.83e+36
      32.4  2.29e+36
      31.7  1.84e+36
      30.9  1.46e+36
      30.2  1.16e+36
      29.4   9.1e+35
      28.7   7.1e+35
      27.9   5.5e+35
      27.1  4.23e+35
      26.4  3.23e+35
      25.6  2.44e+35
      24.9  1.83e+35
      24.1  1.36e+35
      23.4  9.99e+34
      22.6  7.28e+34
      21.9  5.25e+34
      21.1  3.74e+34
      20.3  2.64e+34
      19.6  1.84e+34
      18.8  1.27e+34
      18.1  8.66e+33
      17.3  5.83e+33
      16.6  3.88e+33
      15.8  2.55e+33
      15.1  1.66e+33
      14.3  1.07e+33
      13.5  6.84e+32
      12.8  4.35e+32
        12  2.76e+32
      11.3  1.76e+32
      10.5  1.12e+32
      9.77  7.25e+31
      9.02  4.74e+31
      8.26  3.15e+31
      7.51  2.13e+31
      6.75  1.45e+31
         6  9.98e+30
      5.24  6.89e+30
      4.49  4.75e+30
      3.73  3.26e+30
      2.98  2.22e+30
      2.22  1.51e+30
      1.47  1.02e+30
     0.712  6.78e+29
   -0.0427  4.49e+29
    -0.798  2.95e+29
     -1.55  1.92e+29
     -2.31  1.24e+29
     -3.06  7.86e+28
     -3.82  4.96e+28
     -4.57  3.08e+28
     -5.33   1.9e+28
     -6.08  1.15e+28
     -6.84  6.96e+27
     -7.59  4.07e+27
     -8.35  2.39e+27
      -9.1  1.37e+27
     -9.86  7.79e+26
     -10.6  4.31e+26
     -11.4  2.39e+26
     -12.1  1.28e+26
     -12.9  6.87e+25
     -13.6  3.61e+25
     -14.4  1.82e+25
     -15.1   9.1e+24
     -15.9  4.41e+24
     -16.7  2.02e+24
     -17.4  9.01e+23
     -18.2  3.49e+23
     -18.9  1.44e+23
     -19.7  5.17e+22
     -20.4  1.13e+22
     -21.2   4.2e+21
     -21.9  8.76e+20
     -22.7  1.66e+20
     -23.5  7.98e+17

pressure[atm]        = 100
temperature[K]           = 1900
energy step[1/cm]        = 264
maximum energy[kcal/mol] = 208

bimolecular PEDs:
   E, kcal    P1->P2
       208  4.51e+35
       207  4.97e+35
       206  5.47e+35
       205  6.02e+35
       205  6.62e+35
       204  7.27e+35
       203  7.98e+35
       202  8.75e+35
       202  9.59e+35
       201  1.05e+36
       200  1.15e+36
       199  1.26e+36
       199  1.37e+36
       198   1.5e+36
       197  1.63e+36
       196  1.78e+36
       196  1.94e+36
       195  2.12e+36
       194  2.31e+36
       193  2.51e+36
       193  2.73e+36
       192  2.97e+36
       191  3.23e+36
       190   3.5e+36
       189  3.81e+36
       189  4.13e+36
       188  4.48e+36
       187  4.86e+36
       186  5.27e+36
       186  5.71e+36
       185  6.19e+36
       184   6.7e+36
       183  7.25e+36
       183  7.84e+36
       182  8.48e+36
       181  9.17e+36
       180  9.91e+36
       180  1.07e+37
       179  1.16e+37
       178  1.25e+37
       177  1.34e+37
       177  1.45e+37
       176  1.56e+37
       175  1.68e+37
       174  1.81e+37
       174  1.95e+37
       173   2.1e+37
       172  2.26e+37
       171  2.43e+37
       171  2.61e+37
       170   2.8e+37
       169  3.01e+37
       168  3.23e+37
       168  3.46e+37
       167  3.71e+37
       166  3.97e+37
       165  4.26e+37
       165  4.56e+37
       164  4.88e+37
       163  5.22e+37
       162  5.58e+37
       162  5.96e+37
       161  6.36e+37
       160  6.79e+37
       159  7.24e+37
       159  7.73e+37
       158  8.23e+37
       157  8.77e+37
       156  9.34e+37
       156  9.94e+37
       155  1.06e+38
       154  1.12e+38
       153  1.19e+38
       152  1.27e+38
       152  1.35e+38
       151  1.43e+38
       150  1.51e+38
       149   1.6e+38
       149   1.7e+38
       148   1.8e+38
       147   1.9e+38
       146  2.01e+38
       146  2.12e+38
       145  2.24e+38
       144  2.37e+38
       143   2.5e+38
       143  2.63e+38
       142  2.77e+38
       141  2.92e+38
       140  3.07e+38
       140  3.23e+38
       139  3.39e+38
       138  3.56e+38
       137  3.74e+38
       137  3.92e+38
       136  4.11e+38
       135  4.31e+38
       134  4.51e+38
       134  4.72e+38
       133  4.93e+38
       132  5.15e+38
       131  5.38e+38
       131  5.61e+38
       130  5.85e+38
       129   6.1e+38
       128  6.35e+38
       128  6.61e+38
       127  6.87e+38
       126  7.14e+38
       125  7.41e+38
       125  7.69e+38
       124  7.97e+38
       123  8.25e+38
       122  8.54e+38
       122  8.84e+38
       121  9.13e+38
       120  9.43e+38
       119  9.73e+38
       119     1e+39
       118  1.03e+39
       117  1.06e+39
       116  1.09e+39
       115  1.12e+39
       115  1.15e+39
       114  1.18e+39
       113  1.21e+39
       112  1.24e+39
       112  1.27e+39
       111   1.3e+39
       110  1.33e+39
       109  1.36e+39
       109  1.38e+39
       108  1.41e+39
       107  1.43e+39
       106  1.46e+39
       106  1.48e+39
       105   1.5e+39
       104  1.52e+39
       103  1.54e+39
       103  1.56e+39
       102  1.58e+39
       101  1.59e+39
       100   1.6e+39
      99.6  1.62e+39
      98.9  1.63e+39
      98.1  1.64e+39
      97.4  1.64e+39
      96.6  1.65e+39
      95.9  1.65e+39
      95.1  1.65e+39
      94.3  1.65e+39
      93.6  1.65e+39
      92.8  1.65e+39
      92.1  1.64e+39
      91.3  1.63e+39
      90.6  1.62e+39
      89.8  1.61e+39
      89.1   1.6e+39
      88.3  1.58e+39
      87.6  1.56e+39
      86.8  1.54e+39
        86  1.52e+39
      85.3   1.5e+39
      84.5  1.48e+39
      83.8  1.45e+39
        83  1.42e+39
      82.3  1.39e+39
      81.5  1.36e+39
      80.8  1.33e+39
        80   1.3e+39
      79.2  1.26e+39
      78.5  1.23e+39
      77.7  1.19e+39
        77  1.16e+39
      76.2  1.12e+39
      75.5  1.08e+39
      74.7  1.04e+39
        74  1.01e+39
      73.2  9.67e+38
      72.5  9.28e+38
      71.7   8.9e+38
      70.9  8.51e+38
      70.2  8.12e+38
      69.4  7.74e+38
      68.7  7.37e+38
      67.9     7e+38
      67.2  6.63e+38
      66.4  6.27e+38
      65.7  5.92e+38
      64.9  5.58e+38
      64.1  5.24e+38
      63.4  4.92e+38
      62.6  4.61e+38
      61.9   4.3e+38
      61.1  4.01e+38
      60.4  3.73e+38
      59.6  3.46e+38
      58.9  3.21e+38
      58.1  2.96e+38
      57.3  2.73e+38
      56.6  2.51e+38
      55.8   2.3e+38
      55.1   2.1e+38
      54.3  1.92e+38
      53.6  1.75e+38
      52.8  1.58e+38
      52.1  1.43e+38
      51.3  1.29e+38
      50.6  1.16e+38
      49.8  1.04e+38
        49  9.34e+37
      48.3  8.33e+37
      47.5  7.41e+37
      46.8  6.56e+37
        46   5.8e+37
      45.3   5.1e+37
      44.5  4.48e+37
      43.8  3.91e+37
        43  3.41e+37
      42.2  2.96e+37
      41.5  2.56e+37
      40.7   2.2e+37
        40  1.89e+37
      39.2  1.62e+37
      38.5  1.38e+37
      37.7  1.17e+37
        37  9.85e+36
      36.2  8.28e+36
      35.4  6.93e+36
      34.7  5.78e+36
      33.9  4.79e+36
      33.2  3.96e+36
      32.4  3.25e+36
      31.7  2.66e+36
      30.9  2.16e+36
      30.2  1.75e+36
      29.4  1.41e+36
      28.7  1.13e+36
      27.9  9.01e+35
      27.1  7.15e+35
      26.4  5.64e+35
      25.6  4.43e+35
      24.9  3.46e+35
      24.1  2.69e+35
      23.4  2.08e+35
      22.6   1.6e+35
      21.9  1.23e+35
      21.1  9.34e+34
      20.3   7.1e+34
      19.6  5.37e+34
      18.8  4.05e+34
      18.1  3.04e+34
      17.3  2.28e+34
      16.6   1.7e+34
      15.8  1.27e+34
      15.1  9.45e+33
      14.3  7.02e+33
      13.5  5.21e+33
      12.8  3.86e+33
        12  2.86e+33
      11.3  2.12e+33
      10.5  1.56e+33
      9.77  1.15e+33
      9.02  8.46e+32
      8.26   6.2e+32
      7.51  4.53e+32
      6.75   3.3e+32
         6  2.39e+32
      5.24  1.73e+32
      4.49  1.24e+32
      3.73  8.86e+31
      2.98   6.3e+31
      2.22  4.46e+31
      1.47  3.14e+31
     0.712   2.2e+31
   -0.0427  1.53e+31
    -0.798  1.06e+31
     -1.55  7.33e+30
     -2.31  5.03e+30
     -3.06  3.43e+30
     -3.82  2.32e+30
     -4.57  1.56e+30
     -5.33  1.05e+30
     -6.08  6.94e+29
     -6.84  4.57e+29
     -7.59  2.98e+29
     -8.35  1.93e+29
      -9.1  1.23e+29
     -9.86  7.76e+28
     -10.6  4.82e+28
     -11.4  2.95e+28
     -12.1  1.77e+28
     -12.9  1.04e+28
     -13.6  5.94e+27
     -14.4  3.29e+27
     -15.1  1.76e+27
     -15.9  9.03e+26
     -16.7  4.41e+26
     -17.4  2.03e+26
     -18.2  8.73e+25
     -18.9  3.46e+25
     -19.7  1.25e+25
     -20.4     4e+24
     -21.2  1.06e+24
     -21.9  2.64e+23
     -22.7  4.81e+22
     -23.5  4.39e+19

pressure[atm]        = 0.01
temperature[K]           = 2000
energy step[1/cm]        = 278
maximum energy[kcal/mol] = 221

bimolecular PEDs:
   E, kcal    P1->P2
       221  3.54e+36
       220  3.88e+36
       219  4.24e+36
       219  4.63e+36
       218  5.06e+36
       217  5.53e+36
       216  6.04e+36
       215  6.59e+36
       215   7.2e+36
       214  7.85e+36
       213  8.56e+36
       212  9.34e+36
       211  1.02e+37
       211  1.11e+37
       210  1.21e+37
       209  1.31e+37
       208  1.43e+37
       208  1.56e+37
       207  1.69e+37
       206  1.84e+37
       205     2e+37
       204  2.17e+37
       204  2.36e+37
       203  2.56e+37
       202  2.78e+37
       201  3.01e+37
       200  3.27e+37
       200  3.54e+37
       199  3.84e+37
       198  4.16e+37
       197   4.5e+37
       196  4.87e+37
       196  5.27e+37
       195   5.7e+37
       194  6.16e+37
       193  6.65e+37
       192  7.18e+37
       192  7.76e+37
       191  8.37e+37
       190  9.03e+37
       189  9.73e+37
       188  1.05e+38
       188  1.13e+38
       187  1.22e+38
       186  1.31e+38
       185  1.41e+38
       184  1.52e+38
       184  1.63e+38
       183  1.75e+38
       182  1.88e+38
       181  2.02e+38
       180  2.17e+38
       180  2.32e+38
       179  2.49e+38
       178  2.67e+38
       177  2.86e+38
       177  3.06e+38
       176  3.27e+38
       175   3.5e+38
       174  3.74e+38
       173     4e+38
       173  4.27e+38
       172  4.56e+38
       171  4.87e+38
       170  5.19e+38
       169  5.53e+38
       169  5.89e+38
       168  6.28e+38
       167  6.68e+38
       166   7.1e+38
       165  7.55e+38
       165  8.03e+38
       164  8.52e+38
       163  9.05e+38
       162   9.6e+38
       161  1.02e+39
       161  1.08e+39
       160  1.14e+39
       159  1.21e+39
       158  1.28e+39
       157  1.35e+39
       157  1.43e+39
       156  1.51e+39
       155  1.59e+39
       154  1.68e+39
       153  1.77e+39
       153  1.87e+39
       152  1.97e+39
       151  2.07e+39
       150  2.18e+39
       149  2.29e+39
       149   2.4e+39
       148  2.52e+39
       147  2.65e+39
       146  2.77e+39
       146  2.91e+39
       145  3.04e+39
       144  3.19e+39
       143  3.33e+39
       142  3.48e+39
       142  3.64e+39
       141  3.79e+39
       140  3.96e+39
       139  4.12e+39
       138  4.29e+39
       138  4.47e+39
       137  4.65e+39
       136  4.83e+39
       135  5.02e+39
       134  5.21e+39
       134   5.4e+39
       133  5.59e+39
       132  5.79e+39
       131  5.99e+39
       130  6.19e+39
       130   6.4e+39
       129  6.61e+39
       128  6.81e+39
       127  7.02e+39
       126  7.23e+39
       126  7.44e+39
       125  7.65e+39
       124  7.86e+39
       123  8.06e+39
       122  8.27e+39
       122  8.47e+39
       121  8.67e+39
       120  8.87e+39
       119  9.06e+39
       118  9.26e+39
       118  9.44e+39
       117  9.62e+39
       116   9.8e+39
       115  9.97e+39
       115  1.01e+40
       114  1.03e+40
       113  1.04e+40
       112  1.06e+40
       111  1.07e+40
       111  1.08e+40
       110  1.09e+40
       109   1.1e+40
       108  1.11e+40
       107  1.12e+40
       107  1.13e+40
       106  1.13e+40
       105  1.14e+40
       104  1.14e+40
       103  1.14e+40
       103  1.14e+40
       102  1.14e+40
       101  1.14e+40
       100  1.14e+40
      99.4  1.13e+40
      98.6  1.13e+40
      97.8  1.12e+40
        97  1.11e+40
      96.2   1.1e+40
      95.4  1.09e+40
      94.6  1.08e+40
      93.8  1.06e+40
        93  1.05e+40
      92.2  1.03e+40
      91.5  1.02e+40
      90.7  9.98e+39
      89.9  9.79e+39
      89.1  9.58e+39
      88.3  9.37e+39
      87.5  9.15e+39
      86.7  8.92e+39
      85.9  8.69e+39
      85.1  8.45e+39
      84.3   8.2e+39
      83.5  7.95e+39
      82.7  7.69e+39
      81.9  7.43e+39
      81.1  7.17e+39
      80.3   6.9e+39
      79.5  6.63e+39
      78.7  6.36e+39
      77.9   6.1e+39
      77.1  5.83e+39
      76.3  5.57e+39
      75.6   5.3e+39
      74.8  5.04e+39
        74  4.79e+39
      73.2  4.54e+39
      72.4  4.29e+39
      71.6  4.05e+39
      70.8  3.81e+39
        70  3.59e+39
      69.2  3.36e+39
      68.4  3.15e+39
      67.6  2.94e+39
      66.8  2.74e+39
        66  2.55e+39
      65.2  2.36e+39
      64.4  2.19e+39
      63.6  2.02e+39
      62.8  1.86e+39
        62  1.71e+39
      61.2  1.57e+39
      60.5  1.43e+39
      59.7  1.31e+39
      58.9  1.19e+39
      58.1  1.08e+39
      57.3  9.74e+38
      56.5  8.78e+38
      55.7   7.9e+38
      54.9  7.08e+38
      54.1  6.33e+38
      53.3  5.64e+38
      52.5     5e+38
      51.7  4.43e+38
      50.9  3.91e+38
      50.1  3.43e+38
      49.3  3.01e+38
      48.5  2.63e+38
      47.7  2.28e+38
      46.9  1.98e+38
      46.1  1.71e+38
      45.3  1.47e+38
      44.6  1.25e+38
      43.8  1.07e+38
        43  9.07e+37
      42.2  7.66e+37
      41.4  6.44e+37
      40.6  5.39e+37
      39.8  4.48e+37
        39  3.71e+37
      38.2  3.06e+37
      37.4  2.51e+37
      36.6  2.04e+37
      35.8  1.65e+37
        35  1.33e+37
      34.2  1.07e+37
      33.4  8.47e+36
      32.6  6.69e+36
      31.8  5.24e+36
        31  4.08e+36
      30.2  3.15e+36
      29.5  2.41e+36
      28.7  1.83e+36
      27.9  1.38e+36
      27.1  1.03e+36
      26.3  7.62e+35
      25.5  5.58e+35
      24.7  4.04e+35
      23.9  2.89e+35
      23.1  2.05e+35
      22.3  1.43e+35
      21.5  9.87e+34
      20.7  6.72e+34
      19.9   4.5e+34
      19.1  2.97e+34
      18.3  1.92e+34
      17.5  1.22e+34
      16.7  7.63e+33
      15.9  4.66e+33
      15.1  2.77e+33
      14.3  1.61e+33
      13.6  9.08e+32
      12.8  4.96e+32
        12  2.61e+32
      11.2  1.32e+32
      10.4  6.36e+31
      9.58  2.88e+31
      8.79  1.22e+31
      7.99   4.7e+30
       7.2  1.64e+30
       6.4  5.06e+29
      5.61  1.41e+29
      4.81  3.95e+28
      4.02  1.41e+28
      3.22  6.86e+27
      2.43  4.13e+27
      1.63  2.57e+27
     0.837  1.74e+27
    0.0418  1.12e+27
    -0.753  6.82e+26
     -1.55  4.44e+26
     -2.34  2.89e+26
     -3.14  1.52e+26
     -3.93  1.01e+26
     -4.73  4.92e+25
     -5.52  3.53e+25
     -6.32   2.1e+25
     -7.11  1.15e+25
     -7.91  4.28e+24
      -8.7  3.92e+24
      -9.5  1.21e+24
     -10.3 -4.62e+22
     -11.1  8.22e+23
     -11.9 -2.38e+23
     -12.7  2.12e+23
     -13.5  9.57e+22
     -14.3 -1.21e+22
     -15.1 -5.83e+21
     -15.9 -1.23e+22
     -16.7  2.31e+20
     -17.4  1.37e+22
     -18.2 -1.32e+22
       -19 -4.27e+21
     -19.8 -5.89e+20
     -20.6   2.5e+20
     -21.4 -4.51e+19
     -22.2  1.33e+21
       -23 -7.24e+20

pressure[atm]        = 0.1
temperature[K]           = 2000
energy step[1/cm]        = 278
maximum energy[kcal/mol] = 221

bimolecular PEDs:
   E, kcal    P1->P2
       221  3.54e+36
       220  3.87e+36
       219  4.24e+36
       219  4.63e+36
       218  5.06e+36
       217  5.53e+36
       216  6.04e+36
       215  6.59e+36
       215   7.2e+36
       214  7.85e+36
       213  8.56e+36
       212  9.33e+36
       211  1.02e+37
       211  1.11e+37
       210  1.21e+37
       209  1.31e+37
       208  1.43e+37
       208  1.56e+37
       207  1.69e+37
       206  1.84e+37
       205     2e+37
       204  2.17e+37
       204  2.36e+37
       203  2.56e+37
       202  2.78e+37
       201  3.01e+37
       200  3.27e+37
       200  3.54e+37
       199  3.84e+37
       198  4.16e+37
       197   4.5e+37
       196  4.87e+37
       196  5.27e+37
       195  5.69e+37
       194  6.16e+37
       193  6.65e+37
       192  7.18e+37
       192  7.75e+37
       191  8.37e+37
       190  9.03e+37
       189  9.73e+37
       188  1.05e+38
       188  1.13e+38
       187  1.22e+38
       186  1.31e+38
       185  1.41e+38
       184  1.52e+38
       184  1.63e+38
       183  1.75e+38
       182  1.88e+38
       181  2.02e+38
       180  2.17e+38
       180  2.32e+38
       179  2.49e+38
       178  2.67e+38
       177  2.86e+38
       177  3.06e+38
       176  3.27e+38
       175   3.5e+38
       174  3.74e+38
       173     4e+38
       173  4.27e+38
       172  4.56e+38
       171  4.87e+38
       170  5.19e+38
       169  5.53e+38
       169  5.89e+38
       168  6.27e+38
       167  6.68e+38
       166   7.1e+38
       165  7.55e+38
       165  8.02e+38
       164  8.52e+38
       163  9.05e+38
       162   9.6e+38
       161  1.02e+39
       161  1.08e+39
       160  1.14e+39
       159  1.21e+39
       158  1.28e+39
       157  1.35e+39
       157  1.43e+39
       156  1.51e+39
       155  1.59e+39
       154  1.68e+39
       153  1.77e+39
       153  1.87e+39
       152  1.97e+39
       151  2.07e+39
       150  2.18e+39
       149  2.29e+39
       149   2.4e+39
       148  2.52e+39
       147  2.65e+39
       146  2.77e+39
       146  2.91e+39
       145  3.04e+39
       144  3.19e+39
       143  3.33e+39
       142  3.48e+39
       142  3.64e+39
       141  3.79e+39
       140  3.96e+39
       139  4.12e+39
       138  4.29e+39
       138  4.47e+39
       137  4.65e+39
       136  4.83e+39
       135  5.02e+39
       134  5.21e+39
       134   5.4e+39
       133  5.59e+39
       132  5.79e+39
       131  5.99e+39
       130  6.19e+39
       130   6.4e+39
       129  6.61e+39
       128  6.81e+39
       127  7.02e+39
       126  7.23e+39
       126  7.44e+39
       125  7.65e+39
       124  7.86e+39
       123  8.06e+39
       122  8.27e+39
       122  8.47e+39
       121  8.67e+39
       120  8.87e+39
       119  9.06e+39
       118  9.25e+39
       118  9.44e+39
       117  9.62e+39
       116   9.8e+39
       115  9.97e+39
       115  1.01e+40
       114  1.03e+40
       113  1.04e+40
       112  1.06e+40
       111  1.07e+40
       111  1.08e+40
       110  1.09e+40
       109   1.1e+40
       108  1.11e+40
       107  1.12e+40
       107  1.13e+40
       106  1.13e+40
       105  1.14e+40
       104  1.14e+40
       103  1.14e+40
       103  1.14e+40
       102  1.14e+40
       101  1.14e+40
       100  1.14e+40
      99.4  1.13e+40
      98.6  1.13e+40
      97.8  1.12e+40
        97  1.11e+40
      96.2   1.1e+40
      95.4  1.09e+40
      94.6  1.08e+40
      93.8  1.06e+40
        93  1.05e+40
      92.2  1.03e+40
      91.5  1.02e+40
      90.7  9.98e+39
      89.9  9.79e+39
      89.1  9.58e+39
      88.3  9.37e+39
      87.5  9.15e+39
      86.7  8.92e+39
      85.9  8.69e+39
      85.1  8.45e+39
      84.3   8.2e+39
      83.5  7.95e+39
      82.7  7.69e+39
      81.9  7.43e+39
      81.1  7.17e+39
      80.3   6.9e+39
      79.5  6.63e+39
      78.7  6.37e+39
      77.9   6.1e+39
      77.1  5.83e+39
      76.3  5.57e+39
      75.6   5.3e+39
      74.8  5.05e+39
        74  4.79e+39
      73.2  4.54e+39
      72.4  4.29e+39
      71.6  4.05e+39
      70.8  3.82e+39
        70  3.59e+39
      69.2  3.36e+39
      68.4  3.15e+39
      67.6  2.94e+39
      66.8  2.74e+39
        66  2.55e+39
      65.2  2.36e+39
      64.4  2.19e+39
      63.6  2.02e+39
      62.8  1.86e+39
        62  1.71e+39
      61.2  1.57e+39
      60.5  1.43e+39
      59.7  1.31e+39
      58.9  1.19e+39
      58.1  1.08e+39
      57.3  9.74e+38
      56.5  8.78e+38
      55.7   7.9e+38
      54.9  7.08e+38
      54.1  6.33e+38
      53.3  5.64e+38
      52.5     5e+38
      51.7  4.43e+38
      50.9  3.91e+38
      50.1  3.43e+38
      49.3  3.01e+38
      48.5  2.63e+38
      47.7  2.28e+38
      46.9  1.98e+38
      46.1  1.71e+38
      45.3  1.47e+38
      44.6  1.25e+38
      43.8  1.07e+38
        43  9.07e+37
      42.2  7.66e+37
      41.4  6.44e+37
      40.6  5.39e+37
      39.8  4.49e+37
        39  3.71e+37
      38.2  3.06e+37
      37.4  2.51e+37
      36.6  2.04e+37
      35.8  1.65e+37
        35  1.33e+37
      34.2  1.07e+37
      33.4  8.47e+36
      32.6  6.69e+36
      31.8  5.24e+36
        31  4.08e+36
      30.2  3.15e+36
      29.5  2.41e+36
      28.7  1.83e+36
      27.9  1.38e+36
      27.1  1.03e+36
      26.3  7.63e+35
      25.5  5.58e+35
      24.7  4.04e+35
      23.9   2.9e+35
      23.1  2.05e+35
      22.3  1.43e+35
      21.5  9.89e+34
      20.7  6.73e+34
      19.9  4.51e+34
      19.1  2.97e+34
      18.3  1.93e+34
      17.5  1.23e+34
      16.7  7.65e+33
      15.9  4.67e+33
      15.1  2.79e+33
      14.3  1.62e+33
      13.6  9.15e+32
      12.8  5.01e+32
        12  2.65e+32
      11.2  1.35e+32
      10.4  6.53e+31
      9.58     3e+31
      8.79   1.3e+31
      7.99  5.28e+30
       7.2  2.04e+30
       6.4  7.81e+29
      5.61  3.28e+29
      4.81  1.66e+29
      4.02  9.84e+28
      3.22  6.33e+28
      2.43  4.13e+28
      1.63   2.7e+28
     0.837  1.75e+28
    0.0418  1.12e+28
    -0.753  6.96e+27
     -1.55  4.45e+27
     -2.34  2.71e+27
     -3.14  1.67e+27
     -3.93  9.99e+26
     -4.73   5.6e+26
     -5.52  3.52e+26
     -6.32   1.8e+26
     -7.11  1.04e+26
     -7.91  5.84e+25
      -8.7  2.89e+25
      -9.5  1.32e+25
     -10.3  6.93e+24
     -11.1  2.75e+24
     -11.9  1.56e+24
     -12.7  1.05e+24
     -13.5  1.54e+23
     -14.3 -4.16e+22
     -15.1  1.79e+23
     -15.9 -1.51e+23
     -16.7   7.2e+22
     -17.4  9.11e+21
     -18.2 -1.42e+22
       -19  -2.2e+21
     -19.8 -2.23e+21
     -20.6  9.58e+20
     -21.4 -1.74e+20
     -22.2  2.27e+21
       -23  5.89e+20

pressure[atm]        = 1
temperature[K]           = 2000
energy step[1/cm]        = 278
maximum energy[kcal/mol] = 221

bimolecular PEDs:
   E, kcal    P1->P2
       221  3.53e+36
       220  3.87e+36
       219  4.23e+36
       219  4.62e+36
       218  5.05e+36
       217  5.52e+36
       216  6.03e+36
       215  6.59e+36
       215  7.19e+36
       214  7.84e+36
       213  8.55e+36
       212  9.33e+36
       211  1.02e+37
       211  1.11e+37
       210  1.21e+37
       209  1.31e+37
       208  1.43e+37
       208  1.55e+37
       207  1.69e+37
       206  1.84e+37
       205     2e+37
       204  2.17e+37
       204  2.36e+37
       203  2.56e+37
       202  2.78e+37
       201  3.01e+37
       200  3.26e+37
       200  3.54e+37
       199  3.83e+37
       198  4.15e+37
       197   4.5e+37
       196  4.87e+37
       196  5.26e+37
       195  5.69e+37
       194  6.15e+37
       193  6.65e+37
       192  7.18e+37
       192  7.75e+37
       191  8.36e+37
       190  9.02e+37
       189  9.73e+37
       188  1.05e+38
       188  1.13e+38
       187  1.22e+38
       186  1.31e+38
       185  1.41e+38
       184  1.51e+38
       184  1.63e+38
       183  1.75e+38
       182  1.88e+38
       181  2.02e+38
       180  2.16e+38
       180  2.32e+38
       179  2.49e+38
       178  2.67e+38
       177  2.86e+38
       177  3.06e+38
       176  3.27e+38
       175   3.5e+38
       174  3.74e+38
       173     4e+38
       173  4.27e+38
       172  4.56e+38
       171  4.86e+38
       170  5.19e+38
       169  5.53e+38
       169  5.89e+38
       168  6.27e+38
       167  6.67e+38
       166   7.1e+38
       165  7.55e+38
       165  8.02e+38
       164  8.52e+38
       163  9.04e+38
       162  9.59e+38
       161  1.02e+39
       161  1.08e+39
       160  1.14e+39
       159  1.21e+39
       158  1.28e+39
       157  1.35e+39
       157  1.43e+39
       156  1.51e+39
       155  1.59e+39
       154  1.68e+39
       153  1.77e+39
       153  1.87e+39
       152  1.97e+39
       151  2.07e+39
       150  2.18e+39
       149  2.29e+39
       149   2.4e+39
       148  2.52e+39
       147  2.65e+39
       146  2.77e+39
       146  2.91e+39
       145  3.04e+39
       144  3.18e+39
       143  3.33e+39
       142  3.48e+39
       142  3.63e+39
       141  3.79e+39
       140  3.96e+39
       139  4.12e+39
       138  4.29e+39
       138  4.47e+39
       137  4.65e+39
       136  4.83e+39
       135  5.01e+39
       134   5.2e+39
       134   5.4e+39
       133  5.59e+39
       132  5.79e+39
       131  5.99e+39
       130  6.19e+39
       130   6.4e+39
       129   6.6e+39
       128  6.81e+39
       127  7.02e+39
       126  7.23e+39
       126  7.44e+39
       125  7.65e+39
       124  7.85e+39
       123  8.06e+39
       122  8.27e+39
       122  8.47e+39
       121  8.67e+39
       120  8.87e+39
       119  9.06e+39
       118  9.25e+39
       118  9.44e+39
       117  9.62e+39
       116  9.79e+39
       115  9.96e+39
       115  1.01e+40
       114  1.03e+40
       113  1.04e+40
       112  1.06e+40
       111  1.07e+40
       111  1.08e+40
       110  1.09e+40
       109   1.1e+40
       108  1.11e+40
       107  1.12e+40
       107  1.13e+40
       106  1.13e+40
       105  1.14e+40
       104  1.14e+40
       103  1.14e+40
       103  1.14e+40
       102  1.14e+40
       101  1.14e+40
       100  1.14e+40
      99.4  1.13e+40
      98.6  1.13e+40
      97.8  1.12e+40
        97  1.11e+40
      96.2   1.1e+40
      95.4  1.09e+40
      94.6  1.08e+40
      93.8  1.06e+40
        93  1.05e+40
      92.2  1.03e+40
      91.5  1.02e+40
      90.7  9.98e+39
      89.9  9.79e+39
      89.1  9.59e+39
      88.3  9.37e+39
      87.5  9.15e+39
      86.7  8.93e+39
      85.9  8.69e+39
      85.1  8.45e+39
      84.3   8.2e+39
      83.5  7.95e+39
      82.7  7.69e+39
      81.9  7.43e+39
      81.1  7.17e+39
      80.3   6.9e+39
      79.5  6.64e+39
      78.7  6.37e+39
      77.9   6.1e+39
      77.1  5.83e+39
      76.3  5.57e+39
      75.6  5.31e+39
      74.8  5.05e+39
        74  4.79e+39
      73.2  4.54e+39
      72.4  4.29e+39
      71.6  4.05e+39
      70.8  3.82e+39
        70  3.59e+39
      69.2  3.37e+39
      68.4  3.15e+39
      67.6  2.94e+39
      66.8  2.74e+39
        66  2.55e+39
      65.2  2.37e+39
      64.4  2.19e+39
      63.6  2.02e+39
      62.8  1.86e+39
        62  1.71e+39
      61.2  1.57e+39
      60.5  1.43e+39
      59.7  1.31e+39
      58.9  1.19e+39
      58.1  1.08e+39
      57.3  9.75e+38
      56.5  8.79e+38
      55.7  7.91e+38
      54.9  7.09e+38
      54.1  6.33e+38
      53.3  5.64e+38
      52.5  5.01e+38
      51.7  4.44e+38
      50.9  3.91e+38
      50.1  3.44e+38
      49.3  3.01e+38
      48.5  2.63e+38
      47.7  2.29e+38
      46.9  1.98e+38
      46.1  1.71e+38
      45.3  1.47e+38
      44.6  1.26e+38
      43.8  1.07e+38
        43  9.09e+37
      42.2  7.68e+37
      41.4  6.46e+37
      40.6   5.4e+37
      39.8   4.5e+37
        39  3.72e+37
      38.2  3.07e+37
      37.4  2.52e+37
      36.6  2.05e+37
      35.8  1.66e+37
        35  1.34e+37
      34.2  1.07e+37
      33.4  8.51e+36
      32.6  6.72e+36
      31.8  5.27e+36
        31   4.1e+36
      30.2  3.17e+36
      29.5  2.43e+36
      28.7  1.85e+36
      27.9  1.39e+36
      27.1  1.04e+36
      26.3  7.68e+35
      25.5  5.63e+35
      24.7  4.08e+35
      23.9  2.92e+35
      23.1  2.07e+35
      22.3  1.45e+35
      21.5     1e+35
      20.7  6.82e+34
      19.9  4.58e+34
      19.1  3.03e+34
      18.3  1.97e+34
      17.5  1.26e+34
      16.7  7.89e+33
      15.9  4.85e+33
      15.1  2.92e+33
      14.3  1.71e+33
      13.6  9.82e+32
      12.8  5.49e+32
        12  2.99e+32
      11.2  1.59e+32
      10.4  8.27e+31
      9.58  4.22e+31
      8.79  2.15e+31
      7.99  1.12e+31
       7.2  6.09e+30
       6.4  3.56e+30
      5.61  2.22e+30
      4.81  1.45e+30
      4.02  9.58e+29
      3.22  6.37e+29
      2.43   4.2e+29
      1.63  2.75e+29
     0.837  1.78e+29
    0.0418  1.14e+29
    -0.753  7.21e+28
     -1.55  4.52e+28
     -2.34   2.8e+28
     -3.14   1.7e+28
     -3.93  1.02e+28
     -4.73  5.97e+27
     -5.52  3.48e+27
     -6.32  1.96e+27
     -7.11  1.09e+27
     -7.91  5.84e+26
      -8.7  3.12e+26
      -9.5  1.54e+26
     -10.3  7.95e+25
     -11.1  3.54e+25
     -11.9  1.72e+25
     -12.7  7.64e+24
     -13.5  2.91e+24
     -14.3   1.3e+24
     -15.1  4.54e+23
     -15.9  2.37e+23
     -16.7 -4.19e+22
     -17.4   1.1e+23
     -18.2  -6.9e+22
       -19  4.06e+21
     -19.8  9.67e+20
     -20.6  4.57e+20
     -21.4   9.4e+18
     -22.2  1.27e+20
       -23   1.1e+20

pressure[atm]        = 10
temperature[K]           = 2000
energy step[1/cm]        = 278
maximum energy[kcal/mol] = 221

bimolecular PEDs:
   E, kcal    P1->P2
       221  3.46e+36
       220  3.79e+36
       219  4.16e+36
       219  4.55e+36
       218  4.98e+36
       217  5.45e+36
       216  5.96e+36
       215  6.51e+36
       215  7.11e+36
       214  7.77e+36
       213  8.47e+36
       212  9.24e+36
       211  1.01e+37
       211   1.1e+37
       210   1.2e+37
       209   1.3e+37
       208  1.42e+37
       208  1.54e+37
       207  1.68e+37
       206  1.82e+37
       205  1.98e+37
       204  2.15e+37
       204  2.34e+37
       203  2.54e+37
       202  2.75e+37
       201  2.99e+37
       200  3.24e+37
       200  3.51e+37
       199  3.81e+37
       198  4.12e+37
       197  4.46e+37
       196  4.83e+37
       196  5.22e+37
       195  5.65e+37
       194  6.11e+37
       193   6.6e+37
       192  7.13e+37
       192  7.69e+37
       191   8.3e+37
       190  8.96e+37
       189  9.66e+37
       188  1.04e+38
       188  1.12e+38
       187  1.21e+38
       186   1.3e+38
       185   1.4e+38
       184   1.5e+38
       184  1.62e+38
       183  1.74e+38
       182  1.87e+38
       181     2e+38
       180  2.15e+38
       180  2.31e+38
       179  2.47e+38
       178  2.65e+38
       177  2.84e+38
       177  3.04e+38
       176  3.25e+38
       175  3.48e+38
       174  3.72e+38
       173  3.97e+38
       173  4.24e+38
       172  4.53e+38
       171  4.84e+38
       170  5.16e+38
       169   5.5e+38
       169  5.86e+38
       168  6.24e+38
       167  6.64e+38
       166  7.06e+38
       165  7.51e+38
       165  7.98e+38
       164  8.47e+38
       163  8.99e+38
       162  9.54e+38
       161  1.01e+39
       161  1.07e+39
       160  1.14e+39
       159   1.2e+39
       158  1.27e+39
       157  1.34e+39
       157  1.42e+39
       156   1.5e+39
       155  1.58e+39
       154  1.67e+39
       153  1.76e+39
       153  1.86e+39
       152  1.96e+39
       151  2.06e+39
       150  2.17e+39
       149  2.28e+39
       149  2.39e+39
       148  2.51e+39
       147  2.63e+39
       146  2.76e+39
       146  2.89e+39
       145  3.03e+39
       144  3.17e+39
       143  3.32e+39
       142  3.47e+39
       142  3.62e+39
       141  3.78e+39
       140  3.94e+39
       139  4.11e+39
       138  4.28e+39
       138  4.45e+39
       137  4.63e+39
       136  4.81e+39
       135     5e+39
       134  5.19e+39
       134  5.38e+39
       133  5.57e+39
       132  5.77e+39
       131  5.97e+39
       130  6.17e+39
       130  6.38e+39
       129  6.58e+39
       128  6.79e+39
       127     7e+39
       126  7.21e+39
       126  7.42e+39
       125  7.63e+39
       124  7.84e+39
       123  8.04e+39
       122  8.25e+39
       122  8.45e+39
       121  8.65e+39
       120  8.85e+39
       119  9.05e+39
       118  9.24e+39
       118  9.42e+39
       117   9.6e+39
       116  9.78e+39
       115  9.95e+39
       115  1.01e+40
       114  1.03e+40
       113  1.04e+40
       112  1.06e+40
       111  1.07e+40
       111  1.08e+40
       110  1.09e+40
       109   1.1e+40
       108  1.11e+40
       107  1.12e+40
       107  1.13e+40
       106  1.13e+40
       105  1.14e+40
       104  1.14e+40
       103  1.14e+40
       103  1.14e+40
       102  1.14e+40
       101  1.14e+40
       100  1.14e+40
      99.4  1.13e+40
      98.6  1.13e+40
      97.8  1.12e+40
        97  1.11e+40
      96.2   1.1e+40
      95.4  1.09e+40
      94.6  1.08e+40
      93.8  1.07e+40
        93  1.05e+40
      92.2  1.04e+40
      91.5  1.02e+40
      90.7     1e+40
      89.9  9.81e+39
      89.1  9.61e+39
      88.3  9.39e+39
      87.5  9.18e+39
      86.7  8.95e+39
      85.9  8.71e+39
      85.1  8.47e+39
      84.3  8.23e+39
      83.5  7.97e+39
      82.7  7.72e+39
      81.9  7.46e+39
      81.1  7.19e+39
      80.3  6.93e+39
      79.5  6.66e+39
      78.7  6.39e+39
      77.9  6.13e+39
      77.1  5.86e+39
      76.3  5.59e+39
      75.6  5.33e+39
      74.8  5.07e+39
        74  4.82e+39
      73.2  4.56e+39
      72.4  4.32e+39
      71.6  4.08e+39
      70.8  3.84e+39
        70  3.61e+39
      69.2  3.39e+39
      68.4  3.17e+39
      67.6  2.96e+39
      66.8  2.76e+39
        66  2.57e+39
      65.2  2.38e+39
      64.4  2.21e+39
      63.6  2.04e+39
      62.8  1.88e+39
        62  1.73e+39
      61.2  1.58e+39
      60.5  1.45e+39
      59.7  1.32e+39
      58.9   1.2e+39
      58.1  1.09e+39
      57.3  9.86e+38
      56.5   8.9e+38
      55.7     8e+38
      54.9  7.18e+38
      54.1  6.42e+38
      53.3  5.72e+38
      52.5  5.08e+38
      51.7   4.5e+38
      50.9  3.97e+38
      50.1  3.49e+38
      49.3  3.06e+38
      48.5  2.67e+38
      47.7  2.33e+38
      46.9  2.02e+38
      46.1  1.74e+38
      45.3   1.5e+38
      44.6  1.28e+38
      43.8  1.09e+38
        43  9.29e+37
      42.2  7.86e+37
      41.4  6.61e+37
      40.6  5.54e+37
      39.8  4.62e+37
        39  3.83e+37
      38.2  3.16e+37
      37.4  2.59e+37
      36.6  2.12e+37
      35.8  1.72e+37
        35  1.38e+37
      34.2  1.11e+37
      33.4  8.85e+36
      32.6     7e+36
      31.8   5.5e+36
        31   4.3e+36
      30.2  3.33e+36
      29.5  2.56e+36
      28.7  1.95e+36
      27.9  1.48e+36
      27.1  1.11e+36
      26.3  8.25e+35
      25.5  6.08e+35
      24.7  4.44e+35
      23.9  3.21e+35
      23.1  2.29e+35
      22.3  1.62e+35
      21.5  1.14e+35
      20.7  7.86e+34
      19.9  5.37e+34
      19.1  3.63e+34
      18.3  2.42e+34
      17.5   1.6e+34
      16.7  1.04e+34
      15.9  6.71e+33
      15.1  4.28e+33
      14.3  2.71e+33
      13.6  1.71e+33
      12.8  1.07e+33
        12  6.74e+32
      11.2  4.26e+32
      10.4  2.72e+32
      9.58  1.76e+32
      8.79  1.15e+32
      7.99  7.65e+31
       7.2  5.14e+31
       6.4  3.48e+31
      5.61  2.36e+31
      4.81   1.6e+31
      4.02  1.08e+31
      3.22  7.27e+30
      2.43  4.84e+30
      1.63   3.2e+30
     0.837  2.09e+30
    0.0418  1.36e+30
    -0.753  8.73e+29
     -1.55  5.55e+29
     -2.34   3.5e+29
     -3.14  2.17e+29
     -3.93  1.33e+29
     -4.73  8.07e+28
     -5.52  4.81e+28
     -6.32  2.84e+28
     -7.11  1.64e+28
     -7.91  9.37e+27
      -8.7  5.28e+27
      -9.5  2.92e+27
     -10.3  1.58e+27
     -11.1  8.35e+26
     -11.9  4.39e+26
     -12.7  2.24e+26
     -13.5  1.12e+26
     -14.3  5.57e+25
     -15.1  2.53e+25
     -15.9   1.2e+25
     -16.7  4.79e+24
     -17.4  2.35e+24
     -18.2  8.06e+23
       -19  3.35e+23
     -19.8  9.58e+22
     -20.6  2.67e+22
     -21.4  5.46e+21
     -22.2  7.09e+20
       -23  8.29e+21

pressure[atm]        = 100
temperature[K]           = 2000
energy step[1/cm]        = 278
maximum energy[kcal/mol] = 221

bimolecular PEDs:
   E, kcal    P1->P2
       221  3.03e+36
       220  3.33e+36
       219  3.67e+36
       219  4.04e+36
       218  4.44e+36
       217  4.88e+36
       216  5.35e+36
       215  5.87e+36
       215  6.43e+36
       214  7.04e+36
       213  7.71e+36
       212  8.42e+36
       211   9.2e+36
       211  1.01e+37
       210   1.1e+37
       209   1.2e+37
       208   1.3e+37
       208  1.42e+37
       207  1.55e+37
       206  1.68e+37
       205  1.83e+37
       204  1.99e+37
       204  2.16e+37
       203  2.35e+37
       202  2.55e+37
       201  2.77e+37
       200  3.01e+37
       200  3.26e+37
       199  3.54e+37
       198  3.83e+37
       197  4.15e+37
       196  4.49e+37
       196  4.86e+37
       195  5.26e+37
       194  5.69e+37
       193  6.15e+37
       192  6.65e+37
       192  7.18e+37
       191  7.75e+37
       190  8.37e+37
       189  9.03e+37
       188  9.73e+37
       188  1.05e+38
       187  1.13e+38
       186  1.22e+38
       185  1.31e+38
       184  1.41e+38
       184  1.52e+38
       183  1.63e+38
       182  1.75e+38
       181  1.88e+38
       180  2.02e+38
       180  2.17e+38
       179  2.32e+38
       178  2.49e+38
       177  2.67e+38
       177  2.86e+38
       176  3.06e+38
       175  3.28e+38
       174   3.5e+38
       173  3.75e+38
       173     4e+38
       172  4.28e+38
       171  4.56e+38
       170  4.87e+38
       169  5.19e+38
       169  5.54e+38
       168   5.9e+38
       167  6.28e+38
       166  6.68e+38
       165  7.11e+38
       165  7.56e+38
       164  8.03e+38
       163  8.53e+38
       162  9.05e+38
       161   9.6e+38
       161  1.02e+39
       160  1.08e+39
       159  1.14e+39
       158  1.21e+39
       157  1.28e+39
       157  1.35e+39
       156  1.43e+39
       155  1.51e+39
       154  1.59e+39
       153  1.68e+39
       153  1.77e+39
       152  1.87e+39
       151  1.97e+39
       150  2.07e+39
       149  2.18e+39
       149  2.29e+39
       148   2.4e+39
       147  2.52e+39
       146  2.65e+39
       146  2.78e+39
       145  2.91e+39
       144  3.05e+39
       143  3.19e+39
       142  3.33e+39
       142  3.48e+39
       141  3.64e+39
       140   3.8e+39
       139  3.96e+39
       138  4.13e+39
       138   4.3e+39
       137  4.47e+39
       136  4.65e+39
       135  4.83e+39
       134  5.02e+39
       134  5.21e+39
       133   5.4e+39
       132   5.6e+39
       131  5.79e+39
       130  5.99e+39
       130   6.2e+39
       129   6.4e+39
       128  6.61e+39
       127  6.81e+39
       126  7.02e+39
       126  7.23e+39
       125  7.44e+39
       124  7.65e+39
       123  7.86e+39
       122  8.06e+39
       122  8.27e+39
       121  8.47e+39
       120  8.67e+39
       119  8.87e+39
       118  9.06e+39
       118  9.25e+39
       117  9.44e+39
       116  9.62e+39
       115  9.79e+39
       115  9.96e+39
       114  1.01e+40
       113  1.03e+40
       112  1.04e+40
       111  1.06e+40
       111  1.07e+40
       110  1.08e+40
       109  1.09e+40
       108   1.1e+40
       107  1.11e+40
       107  1.12e+40
       106  1.13e+40
       105  1.13e+40
       104  1.14e+40
       103  1.14e+40
       103  1.14e+40
       102  1.14e+40
       101  1.14e+40
       100  1.14e+40
      99.4  1.14e+40
      98.6  1.13e+40
      97.8  1.13e+40
        97  1.12e+40
      96.2  1.11e+40
      95.4   1.1e+40
      94.6  1.09e+40
      93.8  1.08e+40
        93  1.06e+40
      92.2  1.05e+40
      91.5  1.03e+40
      90.7  1.02e+40
      89.9  9.98e+39
      89.1  9.78e+39
      88.3  9.58e+39
      87.5  9.37e+39
      86.7  9.15e+39
      85.9  8.92e+39
      85.1  8.69e+39
      84.3  8.45e+39
      83.5   8.2e+39
      82.7  7.95e+39
      81.9  7.69e+39
      81.1  7.43e+39
      80.3  7.17e+39
      79.5  6.91e+39
      78.7  6.64e+39
      77.9  6.38e+39
      77.1  6.11e+39
      76.3  5.84e+39
      75.6  5.58e+39
      74.8  5.32e+39
        74  5.06e+39
      73.2  4.81e+39
      72.4  4.56e+39
      71.6  4.31e+39
      70.8  4.07e+39
        70  3.83e+39
      69.2  3.61e+39
      68.4  3.38e+39
      67.6  3.17e+39
      66.8  2.96e+39
        66  2.76e+39
      65.2  2.57e+39
      64.4  2.39e+39
      63.6  2.21e+39
      62.8  2.04e+39
        62  1.88e+39
      61.2  1.73e+39
      60.5  1.59e+39
      59.7  1.46e+39
      58.9  1.33e+39
      58.1  1.21e+39
      57.3   1.1e+39
      56.5  9.95e+38
      55.7  8.98e+38
      54.9  8.09e+38
      54.1  7.27e+38
      53.3  6.51e+38
      52.5  5.81e+38
      51.7  5.17e+38
      50.9  4.59e+38
      50.1  4.06e+38
      49.3  3.58e+38
      48.5  3.14e+38
      47.7  2.75e+38
      46.9   2.4e+38
      46.1  2.09e+38
      45.3  1.81e+38
      44.6  1.56e+38
      43.8  1.34e+38
        43  1.15e+38
      42.2  9.82e+37
      41.4  8.35e+37
      40.6  7.07e+37
      39.8  5.96e+37
        39     5e+37
      38.2  4.18e+37
      37.4  3.47e+37
      36.6  2.88e+37
      35.8  2.37e+37
        35  1.94e+37
      34.2  1.59e+37
      33.4  1.29e+37
      32.6  1.04e+37
      31.8  8.38e+36
        31   6.7e+36
      30.2  5.33e+36
      29.5  4.22e+36
      28.7  3.33e+36
      27.9  2.61e+36
      27.1  2.03e+36
      26.3  1.57e+36
      25.5  1.21e+36
      24.7  9.31e+35
      23.9  7.11e+35
      23.1   5.4e+35
      22.3  4.09e+35
      21.5  3.08e+35
      20.7  2.31e+35
      19.9  1.72e+35
      19.1  1.28e+35
      18.3  9.53e+34
      17.5  7.06e+34
      16.7  5.21e+34
      15.9  3.84e+34
      15.1  2.83e+34
      14.3  2.08e+34
      13.6  1.52e+34
      12.8  1.11e+34
        12  8.15e+33
      11.2  5.94e+33
      10.4  4.33e+33
      9.58  3.14e+33
      8.79  2.27e+33
      7.99  1.64e+33
       7.2  1.17e+33
       6.4  8.39e+32
      5.61  5.97e+32
      4.81  4.22e+32
      4.02  2.97e+32
      3.22  2.08e+32
      2.43  1.45e+32
      1.63     1e+32
     0.837  6.91e+31
    0.0418  4.73e+31
    -0.753  3.23e+31
     -1.55  2.18e+31
     -2.34  1.47e+31
     -3.14   9.8e+30
     -3.93   6.5e+30
     -4.73  4.28e+30
     -5.52  2.79e+30
     -6.32   1.8e+30
     -7.11  1.15e+30
     -7.91   7.3e+29
      -8.7  4.56e+29
      -9.5  2.81e+29
     -10.3   1.7e+29
     -11.1  1.01e+29
     -11.9  5.86e+28
     -12.7  3.32e+28
     -13.5  1.82e+28
     -14.3  9.72e+27
     -15.1  4.92e+27
     -15.9  2.42e+27
     -16.7   1.1e+27
     -17.4  4.78e+26
     -18.2  1.94e+26
       -19  7.17e+25
     -19.8  2.31e+25
     -20.6  6.84e+24
     -21.4  1.57e+24
     -22.2  2.79e+23
       -23  2.95e+22

pressure[atm]        = 0.01
temperature[K]           = 2100
energy step[1/cm]        = 292
maximum energy[kcal/mol] = 234

bimolecular PEDs:
   E, kcal    P1->P2
       234  2.18e+37
       234  2.39e+37
       233  2.61e+37
       232  2.85e+37
       231  3.12e+37
       230   3.4e+37
       229  3.72e+37
       229  4.06e+37
       228  4.43e+37
       227  4.83e+37
       226  5.27e+37
       225  5.75e+37
       224  6.26e+37
       224  6.82e+37
       223  7.43e+37
       222  8.09e+37
       221  8.81e+37
       220  9.58e+37
       219  1.04e+38
       219  1.13e+38
       218  1.23e+38
       217  1.34e+38
       216  1.45e+38
       215  1.58e+38
       214  1.71e+38
       214  1.86e+38
       213  2.01e+38
       212  2.18e+38
       211  2.36e+38
       210  2.56e+38
       209  2.77e+38
       209     3e+38
       208  3.24e+38
       207  3.51e+38
       206  3.79e+38
       205   4.1e+38
       204  4.42e+38
       204  4.78e+38
       203  5.15e+38
       202  5.56e+38
       201     6e+38
       200  6.46e+38
       199  6.96e+38
       199   7.5e+38
       198  8.07e+38
       197  8.68e+38
       196  9.34e+38
       195     1e+39
       194  1.08e+39
       194  1.16e+39
       193  1.24e+39
       192  1.33e+39
       191  1.43e+39
       190  1.54e+39
       189  1.65e+39
       189  1.76e+39
       188  1.89e+39
       187  2.02e+39
       186  2.16e+39
       185  2.31e+39
       184  2.47e+39
       184  2.64e+39
       183  2.81e+39
       182     3e+39
       181   3.2e+39
       180  3.41e+39
       179  3.64e+39
       179  3.87e+39
       178  4.12e+39
       177  4.38e+39
       176  4.66e+39
       175  4.95e+39
       174  5.26e+39
       174  5.59e+39
       173  5.93e+39
       172  6.28e+39
       171  6.66e+39
       170  7.05e+39
       169  7.47e+39
       169   7.9e+39
       168  8.36e+39
       167  8.83e+39
       166  9.33e+39
       165  9.85e+39
       164  1.04e+40
       164   1.1e+40
       163  1.15e+40
       162  1.22e+40
       161  1.28e+40
       160  1.35e+40
       159  1.42e+40
       159  1.49e+40
       158  1.56e+40
       157  1.64e+40
       156  1.72e+40
       155   1.8e+40
       154  1.89e+40
       154  1.97e+40
       153  2.06e+40
       152  2.16e+40
       151  2.25e+40
       150  2.35e+40
       149  2.45e+40
       149  2.56e+40
       148  2.66e+40
       147  2.77e+40
       146  2.89e+40
       145     3e+40
       144  3.12e+40
       143  3.23e+40
       143  3.35e+40
       142  3.48e+40
       141   3.6e+40
       140  3.73e+40
       139  3.85e+40
       138  3.98e+40
       138  4.11e+40
       137  4.24e+40
       136  4.37e+40
       135  4.51e+40
       134  4.64e+40
       133  4.77e+40
       133   4.9e+40
       132  5.03e+40
       131  5.16e+40
       130  5.29e+40
       129  5.42e+40
       128  5.54e+40
       128  5.67e+40
       127  5.79e+40
       126  5.91e+40
       125  6.02e+40
       124  6.14e+40
       123  6.24e+40
       123  6.35e+40
       122  6.45e+40
       121  6.55e+40
       120  6.64e+40
       119  6.72e+40
       118   6.8e+40
       118  6.88e+40
       117  6.94e+40
       116     7e+40
       115  7.06e+40
       114  7.11e+40
       113  7.15e+40
       113  7.18e+40
       112   7.2e+40
       111  7.22e+40
       110  7.23e+40
       109  7.23e+40
       108  7.23e+40
       108  7.21e+40
       107  7.19e+40
       106  7.16e+40
       105  7.12e+40
       104  7.07e+40
       103  7.01e+40
       103  6.94e+40
       102  6.87e+40
       101  6.79e+40
       100   6.7e+40
      99.3  6.61e+40
      98.4   6.5e+40
      97.6  6.39e+40
      96.8  6.28e+40
      95.9  6.15e+40
      95.1  6.02e+40
      94.3  5.89e+40
      93.4  5.75e+40
      92.6   5.6e+40
      91.7  5.45e+40
      90.9   5.3e+40
      90.1  5.14e+40
      89.2  4.98e+40
      88.4  4.82e+40
      87.6  4.66e+40
      86.7  4.49e+40
      85.9  4.32e+40
      85.1  4.16e+40
      84.2  3.99e+40
      83.4  3.82e+40
      82.6  3.65e+40
      81.7  3.49e+40
      80.9  3.32e+40
      80.1  3.16e+40
      79.2     3e+40
      78.4  2.84e+40
      77.6  2.69e+40
      76.7  2.54e+40
      75.9  2.39e+40
      75.1  2.24e+40
      74.2  2.11e+40
      73.4  1.97e+40
      72.6  1.84e+40
      71.7  1.72e+40
      70.9   1.6e+40
        70  1.48e+40
      69.2  1.37e+40
      68.4  1.27e+40
      67.5  1.17e+40
      66.7  1.07e+40
      65.9  9.84e+39
        65     9e+39
      64.2  8.21e+39
      63.4  7.47e+39
      62.5  6.78e+39
      61.7  6.13e+39
      60.9  5.53e+39
        60  4.98e+39
      59.2  4.47e+39
      58.4  3.99e+39
      57.5  3.56e+39
      56.7  3.17e+39
      55.9  2.81e+39
        55  2.48e+39
      54.2  2.18e+39
      53.4  1.91e+39
      52.5  1.67e+39
      51.7  1.46e+39
      50.9  1.26e+39
        50  1.09e+39
      49.2   9.4e+38
      48.3  8.06e+38
      47.5  6.89e+38
      46.7  5.86e+38
      45.8  4.96e+38
        45  4.18e+38
      44.2  3.51e+38
      43.3  2.93e+38
      42.5  2.43e+38
      41.7  2.01e+38
      40.8  1.65e+38
        40  1.35e+38
      39.2   1.1e+38
      38.3   8.9e+37
      37.5  7.15e+37
      36.7  5.71e+37
      35.8  4.53e+37
        35  3.57e+37
      34.2   2.8e+37
      33.3  2.18e+37
      32.5  1.68e+37
      31.7  1.29e+37
      30.8  9.76e+36
        30  7.35e+36
      29.2  5.48e+36
      28.3  4.05e+36
      27.5  2.97e+36
      26.6  2.15e+36
      25.8  1.54e+36
        25  1.09e+36
      24.1  7.65e+35
      23.3  5.29e+35
      22.5  3.61e+35
      21.6  2.42e+35
      20.8   1.6e+35
        20  1.04e+35
      19.1  6.69e+34
      18.3   4.2e+34
      17.5  2.58e+34
      16.6  1.55e+34
      15.8  9.12e+33
        15  5.22e+33
      14.1   2.9e+33
      13.3  1.56e+33
      12.5  8.06e+32
      11.6     4e+32
      10.8   1.9e+32
      9.95  8.45e+31
      9.12   3.5e+31
      8.28  1.33e+31
      7.45  4.54e+30
      6.62  1.38e+30
      5.78  3.75e+29
      4.95  1.03e+29
      4.11  3.67e+28
      3.28  1.84e+28
      2.44  1.11e+28
      1.61  7.02e+27
     0.773  4.46e+27
   -0.0616   2.8e+27
    -0.896  1.64e+27
     -1.73  1.09e+27
     -2.57  5.75e+26
      -3.4  4.03e+26
     -4.23  1.89e+26
     -5.07  1.22e+26
      -5.9  6.82e+25
     -6.74  2.86e+25
     -7.57  1.95e+25
     -8.41  1.12e+25
     -9.24  4.31e+24
     -10.1  1.57e+24
     -10.9  5.85e+23
     -11.7 -1.02e+23
     -12.6  1.56e+24
     -13.4 -4.66e+23
     -14.3 -7.92e+23
     -15.1  4.09e+23
     -15.9 -3.14e+23
     -16.8  1.06e+23
     -17.6  -2.2e+22
     -18.4  2.47e+22
     -19.3 -9.02e+20
     -20.1  4.83e+20
     -20.9 -4.39e+19
     -21.8 -1.18e+19
     -22.6  1.26e+19
     -23.4  2.55e+13

pressure[atm]        = 0.1
temperature[K]           = 2100
energy step[1/cm]        = 292
maximum energy[kcal/mol] = 234

bimolecular PEDs:
   E, kcal    P1->P2
       234  2.18e+37
       234  2.39e+37
       233  2.61e+37
       232  2.85e+37
       231  3.12e+37
       230   3.4e+37
       229  3.72e+37
       229  4.06e+37
       228  4.43e+37
       227  4.83e+37
       226  5.27e+37
       225  5.75e+37
       224  6.26e+37
       224  6.82e+37
       223  7.43e+37
       222  8.09e+37
       221  8.81e+37
       220  9.58e+37
       219  1.04e+38
       219  1.13e+38
       218  1.23e+38
       217  1.34e+38
       216  1.45e+38
       215  1.58e+38
       214  1.71e+38
       214  1.86e+38
       213  2.01e+38
       212  2.18e+38
       211  2.36e+38
       210  2.56e+38
       209  2.77e+38
       209     3e+38
       208  3.24e+38
       207  3.51e+38
       206  3.79e+38
       205   4.1e+38
       204  4.42e+38
       204  4.78e+38
       203  5.15e+38
       202  5.56e+38
       201     6e+38
       200  6.46e+38
       199  6.96e+38
       199   7.5e+38
       198  8.07e+38
       197  8.68e+38
       196  9.34e+38
       195     1e+39
       194  1.08e+39
       194  1.16e+39
       193  1.24e+39
       192  1.33e+39
       191  1.43e+39
       190  1.54e+39
       189  1.65e+39
       189  1.76e+39
       188  1.89e+39
       187  2.02e+39
       186  2.16e+39
       185  2.31e+39
       184  2.47e+39
       184  2.64e+39
       183  2.81e+39
       182     3e+39
       181   3.2e+39
       180  3.41e+39
       179  3.64e+39
       179  3.87e+39
       178  4.12e+39
       177  4.38e+39
       176  4.66e+39
       175  4.95e+39
       174  5.26e+39
       174  5.58e+39
       173  5.93e+39
       172  6.28e+39
       171  6.66e+39
       170  7.05e+39
       169  7.47e+39
       169   7.9e+39
       168  8.36e+39
       167  8.83e+39
       166  9.33e+39
       165  9.85e+39
       164  1.04e+40
       164   1.1e+40
       163  1.15e+40
       162  1.22e+40
       161  1.28e+40
       160  1.35e+40
       159  1.42e+40
       159  1.49e+40
       158  1.56e+40
       157  1.64e+40
       156  1.72e+40
       155   1.8e+40
       154  1.89e+40
       154  1.97e+40
       153  2.06e+40
       152  2.16e+40
       151  2.25e+40
       150  2.35e+40
       149  2.45e+40
       149  2.56e+40
       148  2.66e+40
       147  2.77e+40
       146  2.89e+40
       145     3e+40
       144  3.12e+40
       143  3.23e+40
       143  3.35e+40
       142  3.48e+40
       141   3.6e+40
       140  3.73e+40
       139  3.85e+40
       138  3.98e+40
       138  4.11e+40
       137  4.24e+40
       136  4.37e+40
       135  4.51e+40
       134  4.64e+40
       133  4.77e+40
       133   4.9e+40
       132  5.03e+40
       131  5.16e+40
       130  5.29e+40
       129  5.42e+40
       128  5.54e+40
       128  5.67e+40
       127  5.79e+40
       126  5.91e+40
       125  6.02e+40
       124  6.14e+40
       123  6.24e+40
       123  6.35e+40
       122  6.45e+40
       121  6.55e+40
       120  6.64e+40
       119  6.72e+40
       118   6.8e+40
       118  6.88e+40
       117  6.94e+40
       116     7e+40
       115  7.06e+40
       114  7.11e+40
       113  7.15e+40
       113  7.18e+40
       112   7.2e+40
       111  7.22e+40
       110  7.23e+40
       109  7.23e+40
       108  7.23e+40
       108  7.21e+40
       107  7.19e+40
       106  7.16e+40
       105  7.12e+40
       104  7.07e+40
       103  7.01e+40
       103  6.94e+40
       102  6.87e+40
       101  6.79e+40
       100   6.7e+40
      99.3  6.61e+40
      98.4   6.5e+40
      97.6  6.39e+40
      96.8  6.28e+40
      95.9  6.15e+40
      95.1  6.02e+40
      94.3  5.89e+40
      93.4  5.75e+40
      92.6   5.6e+40
      91.7  5.45e+40
      90.9   5.3e+40
      90.1  5.14e+40
      89.2  4.98e+40
      88.4  4.82e+40
      87.6  4.66e+40
      86.7  4.49e+40
      85.9  4.32e+40
      85.1  4.16e+40
      84.2  3.99e+40
      83.4  3.82e+40
      82.6  3.65e+40
      81.7  3.49e+40
      80.9  3.32e+40
      80.1  3.16e+40
      79.2     3e+40
      78.4  2.84e+40
      77.6  2.69e+40
      76.7  2.54e+40
      75.9  2.39e+40
      75.1  2.24e+40
      74.2  2.11e+40
      73.4  1.97e+40
      72.6  1.84e+40
      71.7  1.72e+40
      70.9   1.6e+40
        70  1.48e+40
      69.2  1.37e+40
      68.4  1.27e+40
      67.5  1.17e+40
      66.7  1.07e+40
      65.9  9.84e+39
        65     9e+39
      64.2  8.21e+39
      63.4  7.47e+39
      62.5  6.78e+39
      61.7  6.13e+39
      60.9  5.53e+39
        60  4.98e+39
      59.2  4.47e+39
      58.4  3.99e+39
      57.5  3.56e+39
      56.7  3.17e+39
      55.9  2.81e+39
        55  2.48e+39
      54.2  2.18e+39
      53.4  1.91e+39
      52.5  1.67e+39
      51.7  1.46e+39
      50.9  1.26e+39
        50  1.09e+39
      49.2   9.4e+38
      48.3  8.06e+38
      47.5  6.89e+38
      46.7  5.86e+38
      45.8  4.96e+38
        45  4.18e+38
      44.2  3.51e+38
      43.3  2.93e+38
      42.5  2.43e+38
      41.7  2.01e+38
      40.8  1.65e+38
        40  1.35e+38
      39.2   1.1e+38
      38.3   8.9e+37
      37.5  7.15e+37
      36.7  5.71e+37
      35.8  4.54e+37
        35  3.58e+37
      34.2   2.8e+37
      33.3  2.18e+37
      32.5  1.68e+37
      31.7  1.29e+37
      30.8  9.77e+36
        30  7.35e+36
      29.2  5.49e+36
      28.3  4.06e+36
      27.5  2.97e+36
      26.6  2.15e+36
      25.8  1.54e+36
        25  1.09e+36
      24.1  7.66e+35
      23.3  5.29e+35
      22.5  3.61e+35
      21.6  2.43e+35
      20.8  1.61e+35
        20  1.05e+35
      19.1   6.7e+34
      18.3  4.21e+34
      17.5  2.59e+34
      16.6  1.56e+34
      15.8  9.17e+33
        15  5.25e+33
      14.1  2.92e+33
      13.3  1.57e+33
      12.5  8.17e+32
      11.6  4.08e+32
      10.8  1.95e+32
      9.95  8.83e+31
      9.12  3.76e+31
      8.28  1.51e+31
      7.45  5.74e+30
      6.62  2.18e+30
      5.78  9.13e+29
      4.95  4.63e+29
      4.11  2.72e+29
      3.28  1.72e+29
      2.44   1.1e+29
      1.61  7.04e+28
     0.773  4.47e+28
   -0.0616  2.78e+28
    -0.896  1.71e+28
     -1.73  1.04e+28
     -2.57  6.22e+27
      -3.4  3.61e+27
     -4.23   2.1e+27
     -5.07   1.2e+27
      -5.9  6.39e+26
     -6.74  3.51e+26
     -7.57  1.86e+26
     -8.41  8.82e+25
     -9.24  4.73e+25
     -10.1  2.11e+25
     -10.9  9.26e+24
     -11.7  3.69e+24
     -12.6  2.06e+24
     -13.4  1.45e+23
     -14.3  7.05e+23
     -15.1 -2.39e+23
     -15.9  2.28e+23
     -16.8 -8.59e+22
     -17.6  2.84e+22
     -18.4  6.32e+22
     -19.3  3.71e+20
     -20.1 -8.57e+20
     -20.9  9.94e+18
     -21.8  4.11e+19
     -22.6 -2.62e+18
     -23.4  1.25e+15

pressure[atm]        = 1
temperature[K]           = 2100
energy step[1/cm]        = 292
maximum energy[kcal/mol] = 234

bimolecular PEDs:
   E, kcal    P1->P2
       234  2.18e+37
       234  2.38e+37
       233   2.6e+37
       232  2.85e+37
       231  3.11e+37
       230   3.4e+37
       229  3.71e+37
       229  4.05e+37
       228  4.43e+37
       227  4.83e+37
       226  5.27e+37
       225  5.74e+37
       224  6.26e+37
       224  6.82e+37
       223  7.43e+37
       222  8.08e+37
       221   8.8e+37
       220  9.57e+37
       219  1.04e+38
       219  1.13e+38
       218  1.23e+38
       217  1.34e+38
       216  1.45e+38
       215  1.58e+38
       214  1.71e+38
       214  1.85e+38
       213  2.01e+38
       212  2.18e+38
       211  2.36e+38
       210  2.56e+38
       209  2.77e+38
       209     3e+38
       208  3.24e+38
       207   3.5e+38
       206  3.79e+38
       205  4.09e+38
       204  4.42e+38
       204  4.77e+38
       203  5.15e+38
       202  5.56e+38
       201  5.99e+38
       200  6.46e+38
       199  6.96e+38
       199  7.49e+38
       198  8.06e+38
       197  8.68e+38
       196  9.33e+38
       195     1e+39
       194  1.08e+39
       194  1.16e+39
       193  1.24e+39
       192  1.33e+39
       191  1.43e+39
       190  1.53e+39
       189  1.64e+39
       189  1.76e+39
       188  1.89e+39
       187  2.02e+39
       186  2.16e+39
       185  2.31e+39
       184  2.47e+39
       184  2.63e+39
       183  2.81e+39
       182     3e+39
       181   3.2e+39
       180  3.41e+39
       179  3.63e+39
       179  3.87e+39
       178  4.12e+39
       177  4.38e+39
       176  4.66e+39
       175  4.95e+39
       174  5.26e+39
       174  5.58e+39
       173  5.92e+39
       172  6.28e+39
       171  6.66e+39
       170  7.05e+39
       169  7.46e+39
       169   7.9e+39
       168  8.35e+39
       167  8.83e+39
       166  9.32e+39
       165  9.84e+39
       164  1.04e+40
       164   1.1e+40
       163  1.15e+40
       162  1.22e+40
       161  1.28e+40
       160  1.35e+40
       159  1.41e+40
       159  1.49e+40
       158  1.56e+40
       157  1.64e+40
       156  1.72e+40
       155   1.8e+40
       154  1.88e+40
       154  1.97e+40
       153  2.06e+40
       152  2.16e+40
       151  2.25e+40
       150  2.35e+40
       149  2.45e+40
       149  2.56e+40
       148  2.66e+40
       147  2.77e+40
       146  2.88e+40
       145     3e+40
       144  3.11e+40
       143  3.23e+40
       143  3.35e+40
       142  3.48e+40
       141   3.6e+40
       140  3.73e+40
       139  3.85e+40
       138  3.98e+40
       138  4.11e+40
       137  4.24e+40
       136  4.37e+40
       135   4.5e+40
       134  4.64e+40
       133  4.77e+40
       133   4.9e+40
       132  5.03e+40
       131  5.16e+40
       130  5.29e+40
       129  5.42e+40
       128  5.54e+40
       128  5.67e+40
       127  5.79e+40
       126  5.91e+40
       125  6.02e+40
       124  6.13e+40
       123  6.24e+40
       123  6.35e+40
       122  6.45e+40
       121  6.54e+40
       120  6.64e+40
       119  6.72e+40
       118   6.8e+40
       118  6.87e+40
       117  6.94e+40
       116     7e+40
       115  7.06e+40
       114  7.11e+40
       113  7.15e+40
       113  7.18e+40
       112   7.2e+40
       111  7.22e+40
       110  7.23e+40
       109  7.23e+40
       108  7.23e+40
       108  7.21e+40
       107  7.19e+40
       106  7.16e+40
       105  7.12e+40
       104  7.07e+40
       103  7.01e+40
       103  6.95e+40
       102  6.87e+40
       101  6.79e+40
       100   6.7e+40
      99.3  6.61e+40
      98.4   6.5e+40
      97.6  6.39e+40
      96.8  6.28e+40
      95.9  6.15e+40
      95.1  6.02e+40
      94.3  5.89e+40
      93.4  5.75e+40
      92.6  5.61e+40
      91.7  5.46e+40
      90.9   5.3e+40
      90.1  5.15e+40
      89.2  4.99e+40
      88.4  4.82e+40
      87.6  4.66e+40
      86.7  4.49e+40
      85.9  4.33e+40
      85.1  4.16e+40
      84.2  3.99e+40
      83.4  3.82e+40
      82.6  3.65e+40
      81.7  3.49e+40
      80.9  3.32e+40
      80.1  3.16e+40
      79.2     3e+40
      78.4  2.84e+40
      77.6  2.69e+40
      76.7  2.54e+40
      75.9  2.39e+40
      75.1  2.25e+40
      74.2  2.11e+40
      73.4  1.97e+40
      72.6  1.84e+40
      71.7  1.72e+40
      70.9   1.6e+40
        70  1.48e+40
      69.2  1.37e+40
      68.4  1.27e+40
      67.5  1.17e+40
      66.7  1.07e+40
      65.9  9.85e+39
        65  9.01e+39
      64.2  8.22e+39
      63.4  7.47e+39
      62.5  6.78e+39
      61.7  6.14e+39
      60.9  5.54e+39
        60  4.98e+39
      59.2  4.47e+39
      58.4     4e+39
      57.5  3.57e+39
      56.7  3.17e+39
      55.9  2.81e+39
        55  2.48e+39
      54.2  2.18e+39
      53.4  1.92e+39
      52.5  1.67e+39
      51.7  1.46e+39
      50.9  1.27e+39
        50  1.09e+39
      49.2  9.42e+38
      48.3  8.08e+38
      47.5   6.9e+38
      46.7  5.87e+38
      45.8  4.97e+38
        45  4.19e+38
      44.2  3.52e+38
      43.3  2.94e+38
      42.5  2.44e+38
      41.7  2.02e+38
      40.8  1.66e+38
        40  1.36e+38
      39.2   1.1e+38
      38.3  8.93e+37
      37.5  7.18e+37
      36.7  5.73e+37
      35.8  4.55e+37
        35  3.59e+37
      34.2  2.81e+37
      33.3  2.19e+37
      32.5  1.69e+37
      31.7  1.29e+37
      30.8  9.82e+36
        30   7.4e+36
      29.2  5.52e+36
      28.3  4.08e+36
      27.5  2.99e+36
      26.6  2.17e+36
      25.8  1.56e+36
        25   1.1e+36
      24.1  7.74e+35
      23.3  5.36e+35
      22.5  3.66e+35
      21.6  2.46e+35
      20.8  1.64e+35
        20  1.07e+35
      19.1  6.86e+34
      18.3  4.32e+34
      17.5  2.67e+34
      16.6  1.62e+34
      15.8  9.61e+33
        15  5.56e+33
      14.1  3.14e+33
      13.3  1.73e+33
      12.5   9.3e+32
      11.6  4.87e+32
      10.8   2.5e+32
      9.95  1.26e+32
      9.12  6.38e+31
      8.28  3.29e+31
      7.45  1.79e+31
      6.62  1.04e+31
      5.78  6.38e+30
      4.95  4.09e+30
      4.11  2.67e+30
      3.28  1.73e+30
      2.44  1.12e+30
      1.61  7.16e+29
     0.773  4.53e+29
   -0.0616  2.83e+29
    -0.896  1.74e+29
     -1.73  1.06e+29
     -2.57  6.36e+28
      -3.4  3.73e+28
     -4.23  2.17e+28
     -5.07  1.22e+28
      -5.9  6.82e+27
     -6.74  3.66e+27
     -7.57  1.94e+27
     -8.41  9.85e+26
     -9.24  5.01e+26
     -10.1  2.24e+26
     -10.9  1.06e+26
     -11.7  4.66e+25
     -12.6   2.1e+25
     -13.4  9.68e+24
     -14.3  2.64e+24
     -15.1  2.81e+24
     -15.9  1.13e+24
     -16.8 -4.55e+23
     -17.6  2.48e+23
     -18.4 -3.39e+22
     -19.3  6.85e+21
     -20.1 -5.12e+21
     -20.9  3.06e+20
     -21.8  3.49e+20
     -22.6  -7.4e+19
     -23.4  1.13e+18

pressure[atm]        = 10
temperature[K]           = 2100
energy step[1/cm]        = 292
maximum energy[kcal/mol] = 234

bimolecular PEDs:
   E, kcal    P1->P2
       234  2.13e+37
       234  2.33e+37
       233  2.56e+37
       232   2.8e+37
       231  3.07e+37
       230  3.36e+37
       229  3.67e+37
       229  4.01e+37
       228  4.38e+37
       227  4.78e+37
       226  5.22e+37
       225  5.69e+37
       224   6.2e+37
       224  6.76e+37
       223  7.36e+37
       222  8.02e+37
       221  8.73e+37
       220   9.5e+37
       219  1.03e+38
       219  1.12e+38
       218  1.22e+38
       217  1.33e+38
       216  1.44e+38
       215  1.56e+38
       214   1.7e+38
       214  1.84e+38
       213     2e+38
       212  2.16e+38
       211  2.34e+38
       210  2.54e+38
       209  2.75e+38
       209  2.97e+38
       208  3.22e+38
       207  3.48e+38
       206  3.76e+38
       205  4.06e+38
       204  4.39e+38
       204  4.74e+38
       203  5.11e+38
       202  5.52e+38
       201  5.95e+38
       200  6.41e+38
       199  6.91e+38
       199  7.44e+38
       198  8.01e+38
       197  8.62e+38
       196  9.27e+38
       195  9.97e+38
       194  1.07e+39
       194  1.15e+39
       193  1.24e+39
       192  1.33e+39
       191  1.42e+39
       190  1.52e+39
       189  1.63e+39
       189  1.75e+39
       188  1.87e+39
       187  2.01e+39
       186  2.14e+39
       185  2.29e+39
       184  2.45e+39
       184  2.62e+39
       183  2.79e+39
       182  2.98e+39
       181  3.18e+39
       180  3.39e+39
       179  3.61e+39
       179  3.85e+39
       178   4.1e+39
       177  4.36e+39
       176  4.63e+39
       175  4.92e+39
       174  5.23e+39
       174  5.55e+39
       173  5.89e+39
       172  6.25e+39
       171  6.62e+39
       170  7.01e+39
       169  7.43e+39
       169  7.86e+39
       168  8.31e+39
       167  8.78e+39
       166  9.28e+39
       165   9.8e+39
       164  1.03e+40
       164  1.09e+40
       163  1.15e+40
       162  1.21e+40
       161  1.27e+40
       160  1.34e+40
       159  1.41e+40
       159  1.48e+40
       158  1.55e+40
       157  1.63e+40
       156  1.71e+40
       155  1.79e+40
       154  1.88e+40
       154  1.96e+40
       153  2.06e+40
       152  2.15e+40
       151  2.24e+40
       150  2.34e+40
       149  2.44e+40
       149  2.55e+40
       148  2.65e+40
       147  2.76e+40
       146  2.87e+40
       145  2.99e+40
       144   3.1e+40
       143  3.22e+40
       143  3.34e+40
       142  3.46e+40
       141  3.59e+40
       140  3.71e+40
       139  3.84e+40
       138  3.97e+40
       138   4.1e+40
       137  4.23e+40
       136  4.36e+40
       135  4.49e+40
       134  4.62e+40
       133  4.76e+40
       133  4.89e+40
       132  5.02e+40
       131  5.15e+40
       130  5.28e+40
       129  5.41e+40
       128  5.53e+40
       128  5.66e+40
       127  5.78e+40
       126   5.9e+40
       125  6.01e+40
       124  6.13e+40
       123  6.23e+40
       123  6.34e+40
       122  6.44e+40
       121  6.54e+40
       120  6.63e+40
       119  6.71e+40
       118  6.79e+40
       118  6.87e+40
       117  6.94e+40
       116     7e+40
       115  7.05e+40
       114   7.1e+40
       113  7.14e+40
       113  7.18e+40
       112   7.2e+40
       111  7.22e+40
       110  7.23e+40
       109  7.23e+40
       108  7.23e+40
       108  7.21e+40
       107  7.19e+40
       106  7.16e+40
       105  7.12e+40
       104  7.07e+40
       103  7.02e+40
       103  6.95e+40
       102  6.88e+40
       101   6.8e+40
       100  6.71e+40
      99.3  6.62e+40
      98.4  6.51e+40
      97.6   6.4e+40
      96.8  6.29e+40
      95.9  6.17e+40
      95.1  6.04e+40
      94.3   5.9e+40
      93.4  5.76e+40
      92.6  5.62e+40
      91.7  5.47e+40
      90.9  5.32e+40
      90.1  5.16e+40
      89.2     5e+40
      88.4  4.84e+40
      87.6  4.67e+40
      86.7  4.51e+40
      85.9  4.34e+40
      85.1  4.17e+40
      84.2     4e+40
      83.4  3.84e+40
      82.6  3.67e+40
      81.7   3.5e+40
      80.9  3.34e+40
      80.1  3.18e+40
      79.2  3.01e+40
      78.4  2.86e+40
      77.6   2.7e+40
      76.7  2.55e+40
      75.9   2.4e+40
      75.1  2.26e+40
      74.2  2.12e+40
      73.4  1.99e+40
      72.6  1.86e+40
      71.7  1.73e+40
      70.9  1.61e+40
        70  1.49e+40
      69.2  1.38e+40
      68.4  1.28e+40
      67.5  1.18e+40
      66.7  1.08e+40
      65.9  9.94e+39
        65  9.09e+39
      64.2   8.3e+39
      63.4  7.55e+39
      62.5  6.85e+39
      61.7   6.2e+39
      60.9   5.6e+39
        60  5.04e+39
      59.2  4.52e+39
      58.4  4.05e+39
      57.5  3.61e+39
      56.7  3.21e+39
      55.9  2.85e+39
        55  2.52e+39
      54.2  2.22e+39
      53.4  1.95e+39
      52.5   1.7e+39
      51.7  1.48e+39
      50.9  1.29e+39
        50  1.11e+39
      49.2   9.6e+38
      48.3  8.24e+38
      47.5  7.04e+38
      46.7  5.99e+38
      45.8  5.08e+38
        45  4.28e+38
      44.2   3.6e+38
      43.3  3.01e+38
      42.5   2.5e+38
      41.7  2.07e+38
      40.8  1.71e+38
        40   1.4e+38
      39.2  1.14e+38
      38.3  9.22e+37
      37.5  7.43e+37
      36.7  5.95e+37
      35.8  4.73e+37
        35  3.74e+37
      34.2  2.93e+37
      33.3  2.29e+37
      32.5  1.77e+37
      31.7  1.36e+37
      30.8  1.04e+37
        30  7.84e+36
      29.2  5.88e+36
      28.3  4.37e+36
      27.5  3.22e+36
      26.6  2.35e+36
      25.8   1.7e+36
        25  1.21e+36
      24.1   8.6e+35
      23.3  6.02e+35
      22.5  4.17e+35
      21.6  2.85e+35
      20.8  1.93e+35
        20  1.29e+35
      19.1  8.49e+34
      18.3  5.53e+34
      17.5  3.56e+34
      16.6  2.27e+34
      15.8  1.43e+34
        15  8.96e+33
      14.1  5.58e+33
      13.3  3.46e+33
      12.5  2.16e+33
      11.6  1.35e+33
      10.8  8.53e+32
      9.95  5.46e+32
      9.12  3.54e+32
      8.28  2.32e+32
      7.45  1.54e+32
      6.62  1.03e+32
      5.78  6.85e+31
      4.95  4.56e+31
      4.11  3.03e+31
      3.28  1.99e+31
      2.44   1.3e+31
      1.61  8.39e+30
     0.773  5.37e+30
   -0.0616   3.4e+30
    -0.896  2.13e+30
     -1.73  1.32e+30
     -2.57  8.07e+29
      -3.4  4.86e+29
     -4.23  2.89e+29
     -5.07  1.69e+29
      -5.9  9.77e+28
     -6.74  5.52e+28
     -7.57  3.08e+28
     -8.41  1.68e+28
     -9.24  9.02e+27
     -10.1  4.76e+27
     -10.9  2.42e+27
     -11.7  1.22e+27
     -12.6   5.9e+26
     -13.4  3.03e+26
     -14.3  1.28e+26
     -15.1  6.57e+25
     -15.9  2.21e+25
     -16.8  1.34e+25
     -17.6  2.64e+24
     -18.4  1.79e+24
     -19.3  2.42e+23
     -20.1  1.86e+23
     -20.9  3.17e+22
     -21.8   3.9e+21
     -22.6  8.78e+20
     -23.4  8.07e+18

pressure[atm]        = 100
temperature[K]           = 2100
energy step[1/cm]        = 292
maximum energy[kcal/mol] = 234

bimolecular PEDs:
   E, kcal    P1->P2
       234  1.86e+37
       234  2.05e+37
       233  2.26e+37
       232  2.49e+37
       231  2.73e+37
       230     3e+37
       229   3.3e+37
       229  3.61e+37
       228  3.96e+37
       227  4.34e+37
       226  4.74e+37
       225  5.19e+37
       224  5.67e+37
       224  6.19e+37
       223  6.75e+37
       222  7.36e+37
       221  8.03e+37
       220  8.75e+37
       219  9.52e+37
       219  1.04e+38
       218  1.13e+38
       217  1.23e+38
       216  1.33e+38
       215  1.45e+38
       214  1.57e+38
       214  1.71e+38
       213  1.85e+38
       212  2.01e+38
       211  2.18e+38
       210  2.36e+38
       209  2.56e+38
       209  2.77e+38
       208     3e+38
       207  3.24e+38
       206  3.51e+38
       205  3.79e+38
       204  4.09e+38
       204  4.42e+38
       203  4.78e+38
       202  5.15e+38
       201  5.56e+38
       200     6e+38
       199  6.46e+38
       199  6.96e+38
       198   7.5e+38
       197  8.07e+38
       196  8.69e+38
       195  9.34e+38
       194     1e+39
       194  1.08e+39
       193  1.16e+39
       192  1.24e+39
       191  1.34e+39
       190  1.43e+39
       189  1.54e+39
       189  1.65e+39
       188  1.76e+39
       187  1.89e+39
       186  2.02e+39
       185  2.16e+39
       184  2.31e+39
       184  2.47e+39
       183  2.64e+39
       182  2.82e+39
       181     3e+39
       180   3.2e+39
       179  3.42e+39
       179  3.64e+39
       178  3.88e+39
       177  4.12e+39
       176  4.39e+39
       175  4.67e+39
       174  4.96e+39
       174  5.27e+39
       173  5.59e+39
       172  5.93e+39
       171  6.29e+39
       170  6.67e+39
       169  7.06e+39
       169  7.48e+39
       168  7.91e+39
       167  8.37e+39
       166  8.84e+39
       165  9.34e+39
       164  9.86e+39
       164  1.04e+40
       163   1.1e+40
       162  1.16e+40
       161  1.22e+40
       160  1.28e+40
       159  1.35e+40
       159  1.42e+40
       158  1.49e+40
       157  1.56e+40
       156  1.64e+40
       155  1.72e+40
       154   1.8e+40
       154  1.89e+40
       153  1.98e+40
       152  2.07e+40
       151  2.16e+40
       150  2.26e+40
       149  2.35e+40
       149  2.46e+40
       148  2.56e+40
       147  2.67e+40
       146  2.78e+40
       145  2.89e+40
       144     3e+40
       143  3.12e+40
       143  3.24e+40
       142  3.36e+40
       141  3.48e+40
       140   3.6e+40
       139  3.73e+40
       138  3.86e+40
       138  3.99e+40
       137  4.11e+40
       136  4.25e+40
       135  4.38e+40
       134  4.51e+40
       133  4.64e+40
       133  4.77e+40
       132   4.9e+40
       131  5.03e+40
       130  5.16e+40
       129  5.29e+40
       128  5.42e+40
       128  5.55e+40
       127  5.67e+40
       126  5.79e+40
       125  5.91e+40
       124  6.02e+40
       123  6.14e+40
       123  6.25e+40
       122  6.35e+40
       121  6.45e+40
       120  6.55e+40
       119  6.64e+40
       118  6.72e+40
       118   6.8e+40
       117  6.87e+40
       116  6.94e+40
       115     7e+40
       114  7.06e+40
       113   7.1e+40
       113  7.14e+40
       112  7.18e+40
       111   7.2e+40
       110  7.22e+40
       109  7.23e+40
       108  7.23e+40
       108  7.22e+40
       107  7.21e+40
       106  7.18e+40
       105  7.15e+40
       104  7.11e+40
       103  7.06e+40
       103  7.01e+40
       102  6.94e+40
       101  6.87e+40
       100  6.79e+40
      99.3   6.7e+40
      98.4   6.6e+40
      97.6   6.5e+40
      96.8  6.39e+40
      95.9  6.27e+40
      95.1  6.15e+40
      94.3  6.02e+40
      93.4  5.89e+40
      92.6  5.75e+40
      91.7   5.6e+40
      90.9  5.45e+40
      90.1   5.3e+40
      89.2  5.15e+40
      88.4  4.99e+40
      87.6  4.82e+40
      86.7  4.66e+40
      85.9  4.49e+40
      85.1  4.33e+40
      84.2  4.16e+40
      83.4  3.99e+40
      82.6  3.82e+40
      81.7  3.66e+40
      80.9  3.49e+40
      80.1  3.33e+40
      79.2  3.17e+40
      78.4  3.01e+40
      77.6  2.85e+40
      76.7   2.7e+40
      75.9  2.54e+40
      75.1   2.4e+40
      74.2  2.26e+40
      73.4  2.12e+40
      72.6  1.98e+40
      71.7  1.85e+40
      70.9  1.73e+40
        70  1.61e+40
      69.2  1.49e+40
      68.4  1.38e+40
      67.5  1.28e+40
      66.7  1.18e+40
      65.9  1.08e+40
        65  9.96e+39
      64.2  9.12e+39
      63.4  8.33e+39
      62.5  7.58e+39
      61.7  6.89e+39
      60.9  6.24e+39
        60  5.64e+39
      59.2  5.08e+39
      58.4  4.57e+39
      57.5  4.09e+39
      56.7  3.66e+39
      55.9  3.26e+39
        55  2.89e+39
      54.2  2.56e+39
      53.4  2.26e+39
      52.5  1.99e+39
      51.7  1.74e+39
      50.9  1.52e+39
        50  1.33e+39
      49.2  1.15e+39
      48.3  9.94e+38
      47.5  8.56e+38
      46.7  7.35e+38
      45.8  6.28e+38
        45  5.34e+38
      44.2  4.53e+38
      43.3  3.83e+38
      42.5  3.22e+38
      41.7  2.69e+38
      40.8  2.25e+38
        40  1.86e+38
      39.2  1.54e+38
      38.3  1.27e+38
      37.5  1.04e+38
      36.7  8.43e+37
      35.8  6.83e+37
        35  5.51e+37
      34.2  4.42e+37
      33.3  3.52e+37
      32.5   2.8e+37
      31.7  2.21e+37
      30.8  1.73e+37
        30  1.35e+37
      29.2  1.05e+37
      28.3  8.13e+36
      27.5  6.25e+36
      26.6  4.78e+36
      25.8  3.63e+36
        25  2.75e+36
      24.1  2.07e+36
      23.3  1.55e+36
      22.5  1.16e+36
      21.6   8.6e+35
      20.8  6.36e+35
        20  4.69e+35
      19.1  3.45e+35
      18.3  2.53e+35
      17.5  1.85e+35
      16.6  1.35e+35
      15.8  9.82e+34
        15  7.13e+34
      14.1  5.17e+34
      13.3  3.74e+34
      12.5   2.7e+34
      11.6  1.95e+34
      10.8   1.4e+34
      9.95     1e+34
      9.12  7.13e+33
      8.28  5.06e+33
      7.45  3.58e+33
      6.62  2.52e+33
      5.78  1.76e+33
      4.95  1.23e+33
      4.11  8.49e+32
      3.28  5.85e+32
      2.44     4e+32
      1.61  2.72e+32
     0.773  1.84e+32
   -0.0616  1.24e+32
    -0.896  8.25e+31
     -1.73  5.46e+31
     -2.57  3.59e+31
      -3.4  2.34e+31
     -4.23  1.51e+31
     -5.07   9.7e+30
      -5.9  6.14e+30
     -6.74  3.85e+30
     -7.57  2.37e+30
     -8.41  1.45e+30
     -9.24  8.66e+29
     -10.1  5.09e+29
     -10.9  2.92e+29
     -11.7  1.64e+29
     -12.6  8.92e+28
     -13.4  4.69e+28
     -14.3  2.37e+28
     -15.1  1.15e+28
     -15.9  5.26e+27
     -16.8  2.27e+27
     -17.6  9.27e+26
     -18.4   3.4e+26
     -19.3  1.14e+26
     -20.1  3.19e+25
     -20.9  8.63e+24
     -21.8  1.87e+24
     -22.6  3.09e+23
     -23.4  4.48e+20

pressure[atm]        = 0.01
temperature[K]           = 2200
energy step[1/cm]        = 306
maximum energy[kcal/mol] = 248

bimolecular PEDs:
   E, kcal    P1->P2
       248  1.24e+38
       247  1.36e+38
       246  1.48e+38
       245  1.62e+38
       244  1.77e+38
       244  1.94e+38
       243  2.12e+38
       242  2.31e+38
       241  2.52e+38
       240  2.75e+38
       239     3e+38
       238  3.27e+38
       237  3.56e+38
       237  3.88e+38
       236  4.23e+38
       235   4.6e+38
       234  5.01e+38
       233  5.45e+38
       232  5.93e+38
       231  6.45e+38
       230     7e+38
       230  7.61e+38
       229  8.26e+38
       228  8.97e+38
       227  9.74e+38
       226  1.06e+39
       225  1.15e+39
       224  1.24e+39
       223  1.34e+39
       223  1.46e+39
       222  1.58e+39
       221  1.71e+39
       220  1.85e+39
       219     2e+39
       218  2.16e+39
       217  2.33e+39
       216  2.52e+39
       216  2.72e+39
       215  2.93e+39
       214  3.17e+39
       213  3.41e+39
       212  3.68e+39
       211  3.96e+39
       210  4.27e+39
       209   4.6e+39
       209  4.95e+39
       208  5.32e+39
       207  5.72e+39
       206  6.14e+39
       205   6.6e+39
       204  7.09e+39
       203   7.6e+39
       202  8.16e+39
       202  8.75e+39
       201  9.37e+39
       200     1e+40
       199  1.08e+40
       198  1.15e+40
       197  1.23e+40
       196  1.32e+40
       195  1.41e+40
       195   1.5e+40
       194   1.6e+40
       193  1.71e+40
       192  1.83e+40
       191  1.95e+40
       190  2.07e+40
       189  2.21e+40
       189  2.35e+40
       188   2.5e+40
       187  2.66e+40
       186  2.83e+40
       185     3e+40
       184  3.19e+40
       183  3.38e+40
       182  3.59e+40
       182   3.8e+40
       181  4.03e+40
       180  4.26e+40
       179  4.51e+40
       178  4.77e+40
       177  5.04e+40
       176  5.33e+40
       175  5.63e+40
       175  5.94e+40
       174  6.26e+40
       173   6.6e+40
       172  6.95e+40
       171  7.32e+40
       170   7.7e+40
       169  8.09e+40
       168   8.5e+40
       168  8.93e+40
       167  9.37e+40
       166  9.83e+40
       165  1.03e+41
       164  1.08e+41
       163  1.13e+41
       162  1.18e+41
       161  1.24e+41
       161  1.29e+41
       160  1.35e+41
       159  1.41e+41
       158  1.47e+41
       157  1.53e+41
       156  1.59e+41
       155  1.65e+41
       154  1.72e+41
       154  1.79e+41
       153  1.86e+41
       152  1.93e+41
       151     2e+41
       150  2.07e+41
       149  2.14e+41
       148  2.21e+41
       147  2.29e+41
       147  2.36e+41
       146  2.44e+41
       145  2.52e+41
       144  2.59e+41
       143  2.67e+41
       142  2.75e+41
       141  2.82e+41
       140   2.9e+41
       140  2.97e+41
       139  3.05e+41
       138  3.12e+41
       137   3.2e+41
       136  3.27e+41
       135  3.34e+41
       134  3.41e+41
       133  3.48e+41
       133  3.55e+41
       132  3.61e+41
       131  3.67e+41
       130  3.73e+41
       129  3.79e+41
       128  3.84e+41
       127   3.9e+41
       126  3.94e+41
       126  3.99e+41
       125  4.03e+41
       124  4.07e+41
       123   4.1e+41
       122  4.13e+41
       121  4.16e+41
       120  4.18e+41
       119   4.2e+41
       119  4.21e+41
       118  4.22e+41
       117  4.22e+41
       116  4.22e+41
       115  4.21e+41
       114   4.2e+41
       113  4.19e+41
       112  4.16e+41
       112  4.14e+41
       111  4.11e+41
       110  4.07e+41
       109  4.03e+41
       108  3.99e+41
       107  3.94e+41
       106  3.89e+41
       105  3.83e+41
       105  3.77e+41
       104   3.7e+41
       103  3.63e+41
       102  3.56e+41
       101  3.48e+41
       100  3.41e+41
      99.3  3.32e+41
      98.4  3.24e+41
      97.6  3.15e+41
      96.7  3.06e+41
      95.8  2.97e+41
      94.9  2.88e+41
      94.1  2.78e+41
      93.2  2.68e+41
      92.3  2.59e+41
      91.4  2.49e+41
      90.6  2.39e+41
      89.7  2.29e+41
      88.8   2.2e+41
        88   2.1e+41
      87.1     2e+41
      86.2  1.91e+41
      85.3  1.82e+41
      84.5  1.72e+41
      83.6  1.63e+41
      82.7  1.54e+41
      81.8  1.46e+41
        81  1.37e+41
      80.1  1.29e+41
      79.2  1.21e+41
      78.3  1.13e+41
      77.5  1.06e+41
      76.6  9.85e+40
      75.7  9.16e+40
      74.8   8.5e+40
        74  7.87e+40
      73.1  7.27e+40
      72.2   6.7e+40
      71.3  6.15e+40
      70.5  5.64e+40
      69.6  5.16e+40
      68.7  4.71e+40
      67.8  4.29e+40
        67  3.89e+40
      66.1  3.52e+40
      65.2  3.18e+40
      64.3  2.86e+40
      63.5  2.57e+40
      62.6   2.3e+40
      61.7  2.05e+40
      60.8  1.82e+40
        60  1.62e+40
      59.1  1.43e+40
      58.2  1.26e+40
      57.3  1.11e+40
      56.5  9.67e+39
      55.6  8.43e+39
      54.7  7.32e+39
      53.9  6.34e+39
        53  5.46e+39
      52.1  4.69e+39
      51.2  4.01e+39
      50.4  3.42e+39
      49.5   2.9e+39
      48.6  2.45e+39
      47.7  2.06e+39
      46.9  1.72e+39
        46  1.43e+39
      45.1  1.19e+39
      44.2  9.79e+38
      43.4  8.03e+38
      42.5  6.55e+38
      41.6  5.31e+38
      40.7  4.29e+38
      39.9  3.44e+38
        39  2.74e+38
      38.1  2.17e+38
      37.2  1.71e+38
      36.4  1.33e+38
      35.5  1.03e+38
      34.6  7.95e+37
      33.7  6.08e+37
      32.9   4.6e+37
        32  3.46e+37
      31.1  2.58e+37
      30.2   1.9e+37
      29.4  1.39e+37
      28.5  1.01e+37
      27.6   7.2e+36
      26.7   5.1e+36
      25.9  3.56e+36
        25  2.46e+36
      24.1  1.68e+36
      23.2  1.13e+36
      22.4  7.48e+35
      21.5  4.88e+35
      20.6  3.13e+35
      19.8  1.97e+35
      18.9  1.21e+35
        18  7.33e+34
      17.1  4.33e+34
      16.3  2.49e+34
      15.4  1.39e+34
      14.5  7.57e+33
      13.6  3.97e+33
      12.8  2.01e+33
      11.9  9.69e+32
        11  4.45e+32
      10.1  1.93e+32
      9.26  7.71e+31
      8.38  2.82e+31
      7.51  9.21e+30
      6.64  2.67e+30
      5.76  7.12e+29
      4.89  2.04e+29
      4.01  8.35e+28
      3.14  4.47e+28
      2.26  2.75e+28
      1.39  1.73e+28
     0.515  1.07e+28
     -0.36  6.64e+27
     -1.23   3.8e+27
     -2.11  2.53e+27
     -2.98  1.28e+27
     -3.86  7.76e+26
     -4.73  4.98e+26
     -5.61  2.08e+26
     -6.48  1.26e+26
     -7.35  7.03e+25
     -8.23  3.54e+25
      -9.1   1.8e+25
     -9.98  2.01e+24
     -10.9  5.77e+24
     -11.7  1.99e+24
     -12.6 -6.48e+23
     -13.5  7.95e+23
     -14.3 -1.31e+23
     -15.2   6.1e+22
     -16.1  4.74e+21
       -17  7.67e+23
     -17.8  -2.4e+22
     -18.7     3e+21
     -19.6    -1e+21
     -20.5  3.03e+20
     -21.3 -3.69e+19
     -22.2  7.24e+17
     -23.1 -2.24e+22

pressure[atm]        = 0.1
temperature[K]           = 2200
energy step[1/cm]        = 306
maximum energy[kcal/mol] = 248

bimolecular PEDs:
   E, kcal    P1->P2
       248  1.24e+38
       247  1.36e+38
       246  1.48e+38
       245  1.62e+38
       244  1.77e+38
       244  1.94e+38
       243  2.12e+38
       242  2.31e+38
       241  2.52e+38
       240  2.75e+38
       239     3e+38
       238  3.27e+38
       237  3.56e+38
       237  3.88e+38
       236  4.23e+38
       235   4.6e+38
       234  5.01e+38
       233  5.45e+38
       232  5.93e+38
       231  6.45e+38
       230     7e+38
       230  7.61e+38
       229  8.26e+38
       228  8.97e+38
       227  9.73e+38
       226  1.06e+39
       225  1.14e+39
       224  1.24e+39
       223  1.34e+39
       223  1.46e+39
       222  1.58e+39
       221  1.71e+39
       220  1.85e+39
       219     2e+39
       218  2.16e+39
       217  2.33e+39
       216  2.52e+39
       216  2.72e+39
       215  2.93e+39
       214  3.17e+39
       213  3.41e+39
       212  3.68e+39
       211  3.96e+39
       210  4.27e+39
       209   4.6e+39
       209  4.94e+39
       208  5.32e+39
       207  5.72e+39
       206  6.14e+39
       205   6.6e+39
       204  7.09e+39
       203   7.6e+39
       202  8.16e+39
       202  8.75e+39
       201  9.37e+39
       200     1e+40
       199  1.08e+40
       198  1.15e+40
       197  1.23e+40
       196  1.32e+40
       195  1.41e+40
       195   1.5e+40
       194   1.6e+40
       193  1.71e+40
       192  1.83e+40
       191  1.95e+40
       190  2.07e+40
       189  2.21e+40
       189  2.35e+40
       188   2.5e+40
       187  2.66e+40
       186  2.83e+40
       185     3e+40
       184  3.19e+40
       183  3.38e+40
       182  3.59e+40
       182   3.8e+40
       181  4.03e+40
       180  4.26e+40
       179  4.51e+40
       178  4.77e+40
       177  5.04e+40
       176  5.33e+40
       175  5.63e+40
       175  5.94e+40
       174  6.26e+40
       173   6.6e+40
       172  6.95e+40
       171  7.32e+40
       170   7.7e+40
       169  8.09e+40
       168   8.5e+40
       168  8.93e+40
       167  9.37e+40
       166  9.83e+40
       165  1.03e+41
       164  1.08e+41
       163  1.13e+41
       162  1.18e+41
       161  1.24e+41
       161  1.29e+41
       160  1.35e+41
       159  1.41e+41
       158  1.47e+41
       157  1.53e+41
       156  1.59e+41
       155  1.65e+41
       154  1.72e+41
       154  1.79e+41
       153  1.86e+41
       152  1.93e+41
       151     2e+41
       150  2.07e+41
       149  2.14e+41
       148  2.21e+41
       147  2.29e+41
       147  2.36e+41
       146  2.44e+41
       145  2.52e+41
       144  2.59e+41
       143  2.67e+41
       142  2.75e+41
       141  2.82e+41
       140   2.9e+41
       140  2.97e+41
       139  3.05e+41
       138  3.12e+41
       137   3.2e+41
       136  3.27e+41
       135  3.34e+41
       134  3.41e+41
       133  3.48e+41
       133  3.55e+41
       132  3.61e+41
       131  3.67e+41
       130  3.73e+41
       129  3.79e+41
       128  3.84e+41
       127   3.9e+41
       126  3.94e+41
       126  3.99e+41
       125  4.03e+41
       124  4.07e+41
       123   4.1e+41
       122  4.13e+41
       121  4.16e+41
       120  4.18e+41
       119   4.2e+41
       119  4.21e+41
       118  4.22e+41
       117  4.22e+41
       116  4.22e+41
       115  4.21e+41
       114   4.2e+41
       113  4.19e+41
       112  4.17e+41
       112  4.14e+41
       111  4.11e+41
       110  4.07e+41
       109  4.03e+41
       108  3.99e+41
       107  3.94e+41
       106  3.89e+41
       105  3.83e+41
       105  3.77e+41
       104   3.7e+41
       103  3.63e+41
       102  3.56e+41
       101  3.48e+41
       100  3.41e+41
      99.3  3.32e+41
      98.4  3.24e+41
      97.6  3.15e+41
      96.7  3.06e+41
      95.8  2.97e+41
      94.9  2.88e+41
      94.1  2.78e+41
      93.2  2.68e+41
      92.3  2.59e+41
      91.4  2.49e+41
      90.6  2.39e+41
      89.7   2.3e+41
      88.8   2.2e+41
        88   2.1e+41
      87.1     2e+41
      86.2  1.91e+41
      85.3  1.82e+41
      84.5  1.72e+41
      83.6  1.63e+41
      82.7  1.54e+41
      81.8  1.46e+41
        81  1.37e+41
      80.1  1.29e+41
      79.2  1.21e+41
      78.3  1.13e+41
      77.5  1.06e+41
      76.6  9.85e+40
      75.7  9.16e+40
      74.8   8.5e+40
        74  7.87e+40
      73.1  7.27e+40
      72.2   6.7e+40
      71.3  6.16e+40
      70.5  5.64e+40
      69.6  5.16e+40
      68.7  4.71e+40
      67.8  4.29e+40
        67  3.89e+40
      66.1  3.52e+40
      65.2  3.18e+40
      64.3  2.86e+40
      63.5  2.57e+40
      62.6   2.3e+40
      61.7  2.05e+40
      60.8  1.82e+40
        60  1.62e+40
      59.1  1.43e+40
      58.2  1.26e+40
      57.3  1.11e+40
      56.5  9.67e+39
      55.6  8.43e+39
      54.7  7.32e+39
      53.9  6.34e+39
        53  5.46e+39
      52.1  4.69e+39
      51.2  4.01e+39
      50.4  3.42e+39
      49.5   2.9e+39
      48.6  2.45e+39
      47.7  2.06e+39
      46.9  1.72e+39
        46  1.43e+39
      45.1  1.19e+39
      44.2  9.79e+38
      43.4  8.03e+38
      42.5  6.55e+38
      41.6  5.32e+38
      40.7  4.29e+38
      39.9  3.44e+38
        39  2.74e+38
      38.1  2.17e+38
      37.2  1.71e+38
      36.4  1.33e+38
      35.5  1.03e+38
      34.6  7.96e+37
      33.7  6.08e+37
      32.9  4.61e+37
        32  3.46e+37
      31.1  2.58e+37
      30.2   1.9e+37
      29.4  1.39e+37
      28.5  1.01e+37
      27.6   7.2e+36
      26.7   5.1e+36
      25.9  3.57e+36
        25  2.47e+36
      24.1  1.68e+36
      23.2  1.13e+36
      22.4  7.49e+35
      21.5  4.89e+35
      20.6  3.13e+35
      19.8  1.97e+35
      18.9  1.22e+35
        18  7.36e+34
      17.1  4.35e+34
      16.3   2.5e+34
      15.4   1.4e+34
      14.5  7.64e+33
      13.6  4.02e+33
      12.8  2.04e+33
      11.9  9.92e+32
        11  4.61e+32
      10.1  2.03e+32
      9.26  8.43e+31
      8.38   3.3e+31
      7.51  1.25e+31
      6.64  4.84e+30
      5.76  2.14e+30
      4.89  1.14e+30
      4.01  6.87e+29
      3.14  4.35e+29
      2.26  2.77e+29
      1.39  1.73e+29
     0.515  1.07e+29
     -0.36  6.58e+28
     -1.23  3.96e+28
     -2.11  2.36e+28
     -2.98  1.37e+28
     -3.86  7.86e+27
     -4.73  4.41e+27
     -5.61  2.42e+27
     -6.48  1.28e+27
     -7.35  6.59e+26
     -8.23  3.42e+26
      -9.1  1.55e+26
     -9.98  7.67e+25
     -10.9  3.21e+25
     -11.7  1.44e+25
     -12.6   4.6e+24
     -13.5  2.49e+24
     -14.3  4.14e+23
     -15.2  2.84e+23
     -16.1   3.7e+22
       -17  1.71e+22
     -17.8 -9.12e+22
     -18.7 -2.16e+21
     -19.6  4.72e+19
     -20.5  5.93e+18
     -21.3  1.03e+19
     -22.2  3.05e+19
     -23.1  3.93e+16

pressure[atm]        = 1
temperature[K]           = 2200
energy step[1/cm]        = 306
maximum energy[kcal/mol] = 248

bimolecular PEDs:
   E, kcal    P1->P2
       248  1.24e+38
       247  1.35e+38
       246  1.48e+38
       245  1.62e+38
       244  1.77e+38
       244  1.93e+38
       243  2.11e+38
       242  2.31e+38
       241  2.52e+38
       240  2.75e+38
       239     3e+38
       238  3.27e+38
       237  3.56e+38
       237  3.88e+38
       236  4.23e+38
       235   4.6e+38
       234  5.01e+38
       233  5.45e+38
       232  5.92e+38
       231  6.44e+38
       230     7e+38
       230   7.6e+38
       229  8.26e+38
       228  8.96e+38
       227  9.73e+38
       226  1.06e+39
       225  1.14e+39
       224  1.24e+39
       223  1.34e+39
       223  1.46e+39
       222  1.58e+39
       221  1.71e+39
       220  1.84e+39
       219  1.99e+39
       218  2.16e+39
       217  2.33e+39
       216  2.52e+39
       216  2.72e+39
       215  2.93e+39
       214  3.16e+39
       213  3.41e+39
       212  3.68e+39
       211  3.96e+39
       210  4.27e+39
       209  4.59e+39
       209  4.94e+39
       208  5.31e+39
       207  5.71e+39
       206  6.14e+39
       205   6.6e+39
       204  7.08e+39
       203   7.6e+39
       202  8.15e+39
       202  8.74e+39
       201  9.37e+39
       200     1e+40
       199  1.07e+40
       198  1.15e+40
       197  1.23e+40
       196  1.32e+40
       195  1.41e+40
       195   1.5e+40
       194   1.6e+40
       193  1.71e+40
       192  1.82e+40
       191  1.94e+40
       190  2.07e+40
       189  2.21e+40
       189  2.35e+40
       188   2.5e+40
       187  2.66e+40
       186  2.82e+40
       185     3e+40
       184  3.19e+40
       183  3.38e+40
       182  3.58e+40
       182   3.8e+40
       181  4.02e+40
       180  4.26e+40
       179  4.51e+40
       178  4.77e+40
       177  5.04e+40
       176  5.33e+40
       175  5.62e+40
       175  5.93e+40
       174  6.26e+40
       173  6.59e+40
       172  6.95e+40
       171  7.31e+40
       170  7.69e+40
       169  8.09e+40
       168   8.5e+40
       168  8.93e+40
       167  9.37e+40
       166  9.83e+40
       165  1.03e+41
       164  1.08e+41
       163  1.13e+41
       162  1.18e+41
       161  1.24e+41
       161  1.29e+41
       160  1.35e+41
       159  1.41e+41
       158  1.47e+41
       157  1.53e+41
       156  1.59e+41
       155  1.65e+41
       154  1.72e+41
       154  1.79e+41
       153  1.86e+41
       152  1.93e+41
       151     2e+41
       150  2.07e+41
       149  2.14e+41
       148  2.21e+41
       147  2.29e+41
       147  2.36e+41
       146  2.44e+41
       145  2.52e+41
       144  2.59e+41
       143  2.67e+41
       142  2.75e+41
       141  2.82e+41
       140   2.9e+41
       140  2.97e+41
       139  3.05e+41
       138  3.12e+41
       137   3.2e+41
       136  3.27e+41
       135  3.34e+41
       134  3.41e+41
       133  3.48e+41
       133  3.55e+41
       132  3.61e+41
       131  3.67e+41
       130  3.73e+41
       129  3.79e+41
       128  3.84e+41
       127   3.9e+41
       126  3.94e+41
       126  3.99e+41
       125  4.03e+41
       124  4.07e+41
       123   4.1e+41
       122  4.13e+41
       121  4.16e+41
       120  4.18e+41
       119   4.2e+41
       119  4.21e+41
       118  4.22e+41
       117  4.22e+41
       116  4.22e+41
       115  4.21e+41
       114   4.2e+41
       113  4.19e+41
       112  4.17e+41
       112  4.14e+41
       111  4.11e+41
       110  4.07e+41
       109  4.04e+41
       108  3.99e+41
       107  3.94e+41
       106  3.89e+41
       105  3.83e+41
       105  3.77e+41
       104   3.7e+41
       103  3.63e+41
       102  3.56e+41
       101  3.49e+41
       100  3.41e+41
      99.3  3.32e+41
      98.4  3.24e+41
      97.6  3.15e+41
      96.7  3.06e+41
      95.8  2.97e+41
      94.9  2.88e+41
      94.1  2.78e+41
      93.2  2.69e+41
      92.3  2.59e+41
      91.4  2.49e+41
      90.6  2.39e+41
      89.7   2.3e+41
      88.8   2.2e+41
        88   2.1e+41
      87.1  2.01e+41
      86.2  1.91e+41
      85.3  1.82e+41
      84.5  1.72e+41
      83.6  1.63e+41
      82.7  1.54e+41
      81.8  1.46e+41
        81  1.37e+41
      80.1  1.29e+41
      79.2  1.21e+41
      78.3  1.13e+41
      77.5  1.06e+41
      76.6  9.85e+40
      75.7  9.16e+40
      74.8   8.5e+40
        74  7.87e+40
      73.1  7.27e+40
      72.2   6.7e+40
      71.3  6.16e+40
      70.5  5.65e+40
      69.6  5.17e+40
      68.7  4.72e+40
      67.8  4.29e+40
        67  3.89e+40
      66.1  3.53e+40
      65.2  3.18e+40
      64.3  2.86e+40
      63.5  2.57e+40
      62.6   2.3e+40
      61.7  2.05e+40
      60.8  1.83e+40
        60  1.62e+40
      59.1  1.43e+40
      58.2  1.26e+40
      57.3  1.11e+40
      56.5  9.68e+39
      55.6  8.44e+39
      54.7  7.33e+39
      53.9  6.35e+39
        53  5.47e+39
      52.1   4.7e+39
      51.2  4.02e+39
      50.4  3.42e+39
      49.5   2.9e+39
      48.6  2.45e+39
      47.7  2.06e+39
      46.9  1.73e+39
        46  1.44e+39
      45.1  1.19e+39
      44.2  9.82e+38
      43.4  8.06e+38
      42.5  6.57e+38
      41.6  5.33e+38
      40.7   4.3e+38
      39.9  3.45e+38
        39  2.75e+38
      38.1  2.18e+38
      37.2  1.71e+38
      36.4  1.34e+38
      35.5  1.04e+38
      34.6     8e+37
      33.7  6.11e+37
      32.9  4.63e+37
        32  3.48e+37
      31.1  2.59e+37
      30.2  1.92e+37
      29.4   1.4e+37
      28.5  1.01e+37
      27.6  7.27e+36
      26.7  5.15e+36
      25.9  3.61e+36
        25  2.49e+36
      24.1   1.7e+36
      23.2  1.15e+36
      22.4  7.61e+35
      21.5  4.98e+35
      20.6   3.2e+35
      19.8  2.02e+35
      18.9  1.25e+35
        18  7.62e+34
      17.1  4.53e+34
      16.3  2.64e+34
      15.4   1.5e+34
      14.5  8.31e+33
      13.6  4.49e+33
      12.8  2.37e+33
      11.9  1.22e+33
        11  6.17e+32
      10.1   3.1e+32
      9.26  1.57e+32
      8.38  8.21e+31
      7.51  4.54e+31
      6.64  2.67e+31
      5.76  1.66e+31
      4.89  1.06e+31
      4.01  6.84e+30
      3.14  4.39e+30
      2.26  2.79e+30
      1.39  1.75e+30
     0.515  1.09e+30
     -0.36   6.7e+29
     -1.23  4.05e+29
     -2.11  2.41e+29
     -2.98  1.41e+29
     -3.86  8.09e+28
     -4.73  4.56e+28
     -5.61   2.5e+28
     -6.48  1.35e+28
     -7.35  6.98e+27
     -8.23  3.56e+27
      -9.1  1.69e+27
     -9.98  8.35e+26
     -10.9  3.65e+26
     -11.7  1.44e+26
     -12.6  7.41e+25
     -13.5  1.95e+25
     -14.3  1.06e+25
     -15.2  2.63e+24
     -16.1  1.07e+24
       -17  2.96e+23
     -17.8 -1.12e+23
     -18.7  2.08e+22
     -19.6  6.66e+21
     -20.5  1.69e+21
     -21.3  3.06e+20
     -22.2  1.07e+20
     -23.1  3.83e+18

pressure[atm]        = 10
temperature[K]           = 2200
energy step[1/cm]        = 306
maximum energy[kcal/mol] = 248

bimolecular PEDs:
   E, kcal    P1->P2
       248  1.21e+38
       247  1.33e+38
       246  1.45e+38
       245  1.59e+38
       244  1.74e+38
       244  1.91e+38
       243  2.09e+38
       242  2.28e+38
       241  2.49e+38
       240  2.72e+38
       239  2.97e+38
       238  3.24e+38
       237  3.53e+38
       237  3.85e+38
       236  4.19e+38
       235  4.56e+38
       234  4.97e+38
       233   5.4e+38
       232  5.88e+38
       231  6.39e+38
       230  6.94e+38
       230  7.54e+38
       229  8.19e+38
       228   8.9e+38
       227  9.65e+38
       226  1.05e+39
       225  1.14e+39
       224  1.23e+39
       223  1.33e+39
       223  1.44e+39
       222  1.56e+39
       221  1.69e+39
       220  1.83e+39
       219  1.98e+39
       218  2.14e+39
       217  2.31e+39
       216   2.5e+39
       216   2.7e+39
       215  2.91e+39
       214  3.14e+39
       213  3.39e+39
       212  3.65e+39
       211  3.93e+39
       210  4.24e+39
       209  4.56e+39
       209  4.91e+39
       208  5.28e+39
       207  5.68e+39
       206   6.1e+39
       205  6.55e+39
       204  7.04e+39
       203  7.55e+39
       202   8.1e+39
       202  8.69e+39
       201  9.31e+39
       200  9.97e+39
       199  1.07e+40
       198  1.14e+40
       197  1.22e+40
       196  1.31e+40
       195   1.4e+40
       195  1.49e+40
       194  1.59e+40
       193   1.7e+40
       192  1.81e+40
       191  1.93e+40
       190  2.06e+40
       189  2.19e+40
       189  2.34e+40
       188  2.49e+40
       187  2.64e+40
       186  2.81e+40
       185  2.98e+40
       184  3.17e+40
       183  3.36e+40
       182  3.57e+40
       182  3.78e+40
       181     4e+40
       180  4.24e+40
       179  4.49e+40
       178  4.75e+40
       177  5.02e+40
       176   5.3e+40
       175   5.6e+40
       175  5.91e+40
       174  6.23e+40
       173  6.56e+40
       172  6.91e+40
       171  7.28e+40
       170  7.66e+40
       169  8.05e+40
       168  8.46e+40
       168  8.89e+40
       167  9.33e+40
       166  9.78e+40
       165  1.03e+41
       164  1.07e+41
       163  1.12e+41
       162  1.18e+41
       161  1.23e+41
       161  1.29e+41
       160  1.34e+41
       159   1.4e+41
       158  1.46e+41
       157  1.52e+41
       156  1.58e+41
       155  1.65e+41
       154  1.71e+41
       154  1.78e+41
       153  1.85e+41
       152  1.92e+41
       151  1.99e+41
       150  2.06e+41
       149  2.13e+41
       148  2.21e+41
       147  2.28e+41
       147  2.36e+41
       146  2.43e+41
       145  2.51e+41
       144  2.59e+41
       143  2.66e+41
       142  2.74e+41
       141  2.82e+41
       140  2.89e+41
       140  2.97e+41
       139  3.04e+41
       138  3.12e+41
       137  3.19e+41
       136  3.26e+41
       135  3.34e+41
       134  3.41e+41
       133  3.47e+41
       133  3.54e+41
       132  3.61e+41
       131  3.67e+41
       130  3.73e+41
       129  3.79e+41
       128  3.84e+41
       127  3.89e+41
       126  3.94e+41
       126  3.98e+41
       125  4.03e+41
       124  4.06e+41
       123   4.1e+41
       122  4.13e+41
       121  4.16e+41
       120  4.18e+41
       119  4.19e+41
       119  4.21e+41
       118  4.22e+41
       117  4.22e+41
       116  4.22e+41
       115  4.21e+41
       114   4.2e+41
       113  4.19e+41
       112  4.17e+41
       112  4.14e+41
       111  4.11e+41
       110  4.08e+41
       109  4.04e+41
       108     4e+41
       107  3.95e+41
       106  3.89e+41
       105  3.84e+41
       105  3.78e+41
       104  3.71e+41
       103  3.64e+41
       102  3.57e+41
       101  3.49e+41
       100  3.41e+41
      99.3  3.33e+41
      98.4  3.25e+41
      97.6  3.16e+41
      96.7  3.07e+41
      95.8  2.98e+41
      94.9  2.88e+41
      94.1  2.79e+41
      93.2  2.69e+41
      92.3   2.6e+41
      91.4   2.5e+41
      90.6   2.4e+41
      89.7  2.31e+41
      88.8  2.21e+41
        88  2.11e+41
      87.1  2.01e+41
      86.2  1.92e+41
      85.3  1.83e+41
      84.5  1.73e+41
      83.6  1.64e+41
      82.7  1.55e+41
      81.8  1.46e+41
        81  1.38e+41
      80.1   1.3e+41
      79.2  1.22e+41
      78.3  1.14e+41
      77.5  1.06e+41
      76.6  9.92e+40
      75.7  9.23e+40
      74.8  8.57e+40
        74  7.93e+40
      73.1  7.33e+40
      72.2  6.76e+40
      71.3  6.21e+40
      70.5   5.7e+40
      69.6  5.22e+40
      68.7  4.76e+40
      67.8  4.33e+40
        67  3.93e+40
      66.1  3.56e+40
      65.2  3.22e+40
      64.3   2.9e+40
      63.5   2.6e+40
      62.6  2.33e+40
      61.7  2.08e+40
      60.8  1.85e+40
        60  1.64e+40
      59.1  1.45e+40
      58.2  1.28e+40
      57.3  1.12e+40
      56.5  9.83e+39
      55.6  8.58e+39
      54.7  7.46e+39
      53.9  6.46e+39
        53  5.57e+39
      52.1  4.79e+39
      51.2   4.1e+39
      50.4  3.49e+39
      49.5  2.96e+39
      48.6  2.51e+39
      47.7  2.11e+39
      46.9  1.77e+39
        46  1.47e+39
      45.1  1.22e+39
      44.2  1.01e+39
      43.4  8.28e+38
      42.5  6.77e+38
      41.6   5.5e+38
      40.7  4.44e+38
      39.9  3.57e+38
        39  2.85e+38
      38.1  2.26e+38
      37.2  1.78e+38
      36.4   1.4e+38
      35.5  1.09e+38
      34.6  8.38e+37
      33.7  6.42e+37
      32.9  4.89e+37
        32  3.69e+37
      31.1  2.76e+37
      30.2  2.05e+37
      29.4   1.5e+37
      28.5   1.1e+37
      27.6   7.9e+36
      26.7  5.64e+36
      25.9  3.99e+36
        25  2.79e+36
      24.1  1.93e+36
      23.2  1.32e+36
      22.4  8.89e+35
      21.5  5.93e+35
      20.6  3.91e+35
      19.8  2.54e+35
      18.9  1.63e+35
        18  1.04e+35
      17.1  6.54e+34
      16.3  4.07e+34
      15.4  2.52e+34
      14.5  1.56e+34
      13.6  9.59e+33
      12.8  5.94e+33
      11.9   3.7e+33
        11  2.33e+33
      10.1  1.49e+33
      9.26  9.62e+32
      8.38  6.29e+32
      7.51  4.14e+32
      6.64  2.74e+32
      5.76  1.81e+32
      4.89  1.19e+32
      4.01  7.78e+31
      3.14  5.04e+31
      2.26  3.24e+31
      1.39  2.06e+31
     0.515  1.29e+31
     -0.36  8.05e+30
     -1.23  4.94e+30
     -2.11     3e+30
     -2.98  1.79e+30
     -3.86  1.05e+30
     -4.73   6.1e+29
     -5.61  3.46e+29
     -6.48  1.93e+29
     -7.35  1.06e+29
     -8.23  5.69e+28
      -9.1  2.96e+28
     -9.98  1.51e+28
     -10.9  7.56e+27
     -11.7   3.6e+27
     -12.6  1.71e+27
     -13.5  7.95e+26
     -14.3  3.19e+26
     -15.2  1.51e+26
     -16.1  5.37e+25
       -17  2.22e+25
     -17.8  7.41e+24
     -18.7  2.61e+24
     -19.6   7.1e+23
     -20.5  1.75e+23
     -21.3  3.57e+22
     -22.2  2.89e+21
     -23.1  4.26e+20

pressure[atm]        = 100
temperature[K]           = 2200
energy step[1/cm]        = 306
maximum energy[kcal/mol] = 248

bimolecular PEDs:
   E, kcal    P1->P2
       248  1.06e+38
       247  1.17e+38
       246  1.29e+38
       245  1.41e+38
       244  1.56e+38
       244  1.71e+38
       243  1.88e+38
       242  2.06e+38
       241  2.25e+38
       240  2.47e+38
       239   2.7e+38
       238  2.95e+38
       237  3.22e+38
       237  3.52e+38
       236  3.84e+38
       235  4.19e+38
       234  4.57e+38
       233  4.98e+38
       232  5.42e+38
       231   5.9e+38
       230  6.42e+38
       230  6.98e+38
       229  7.58e+38
       228  8.24e+38
       227  8.95e+38
       226  9.71e+38
       225  1.05e+39
       224  1.14e+39
       223  1.24e+39
       223  1.34e+39
       222  1.46e+39
       221  1.58e+39
       220  1.71e+39
       219  1.85e+39
       218     2e+39
       217  2.16e+39
       216  2.33e+39
       216  2.52e+39
       215  2.72e+39
       214  2.93e+39
       213  3.17e+39
       212  3.41e+39
       211  3.68e+39
       210  3.97e+39
       209  4.27e+39
       209   4.6e+39
       208  4.95e+39
       207  5.32e+39
       206  5.72e+39
       205  6.15e+39
       204   6.6e+39
       203  7.09e+39
       202  7.61e+39
       202  8.16e+39
       201  8.75e+39
       200  9.38e+39
       199     1e+40
       198  1.08e+40
       197  1.15e+40
       196  1.23e+40
       195  1.32e+40
       195  1.41e+40
       194   1.5e+40
       193  1.61e+40
       192  1.71e+40
       191  1.83e+40
       190  1.95e+40
       189  2.08e+40
       189  2.21e+40
       188  2.35e+40
       187   2.5e+40
       186  2.66e+40
       185  2.83e+40
       184  3.01e+40
       183  3.19e+40
       182  3.39e+40
       182  3.59e+40
       181  3.81e+40
       180  4.03e+40
       179  4.27e+40
       178  4.52e+40
       177  4.78e+40
       176  5.05e+40
       175  5.34e+40
       175  5.63e+40
       174  5.94e+40
       173  6.27e+40
       172  6.61e+40
       171  6.96e+40
       170  7.33e+40
       169  7.71e+40
       168   8.1e+40
       168  8.52e+40
       167  8.94e+40
       166  9.39e+40
       165  9.84e+40
       164  1.03e+41
       163  1.08e+41
       162  1.13e+41
       161  1.18e+41
       161  1.24e+41
       160  1.29e+41
       159  1.35e+41
       158  1.41e+41
       157  1.47e+41
       156  1.53e+41
       155  1.59e+41
       154  1.66e+41
       154  1.72e+41
       153  1.79e+41
       152  1.86e+41
       151  1.93e+41
       150     2e+41
       149  2.07e+41
       148  2.14e+41
       147  2.22e+41
       147  2.29e+41
       146  2.37e+41
       145  2.44e+41
       144  2.52e+41
       143  2.59e+41
       142  2.67e+41
       141  2.75e+41
       140  2.82e+41
       140   2.9e+41
       139  2.98e+41
       138  3.05e+41
       137  3.13e+41
       136   3.2e+41
       135  3.27e+41
       134  3.34e+41
       133  3.41e+41
       133  3.48e+41
       132  3.55e+41
       131  3.61e+41
       130  3.68e+41
       129  3.73e+41
       128  3.79e+41
       127  3.85e+41
       126   3.9e+41
       126  3.95e+41
       125  3.99e+41
       124  4.03e+41
       123  4.07e+41
       122   4.1e+41
       121  4.13e+41
       120  4.16e+41
       119  4.18e+41
       119   4.2e+41
       118  4.21e+41
       117  4.22e+41
       116  4.22e+41
       115  4.22e+41
       114  4.21e+41
       113   4.2e+41
       112  4.18e+41
       112  4.16e+41
       111  4.14e+41
       110  4.11e+41
       109  4.07e+41
       108  4.03e+41
       107  3.99e+41
       106  3.94e+41
       105  3.89e+41
       105  3.83e+41
       104  3.77e+41
       103   3.7e+41
       102  3.63e+41
       101  3.56e+41
       100  3.48e+41
      99.3  3.41e+41
      98.4  3.32e+41
      97.6  3.24e+41
      96.7  3.15e+41
      95.8  3.06e+41
      94.9  2.97e+41
      94.1  2.88e+41
      93.2  2.78e+41
      92.3  2.69e+41
      91.4  2.59e+41
      90.6  2.49e+41
      89.7  2.39e+41
      88.8   2.3e+41
        88   2.2e+41
      87.1   2.1e+41
      86.2  2.01e+41
      85.3  1.91e+41
      84.5  1.82e+41
      83.6  1.73e+41
      82.7  1.64e+41
      81.8  1.55e+41
        81  1.46e+41
      80.1  1.38e+41
      79.2  1.29e+41
      78.3  1.21e+41
      77.5  1.14e+41
      76.6  1.06e+41
      75.7   9.9e+40
      74.8  9.22e+40
        74  8.56e+40
      73.1  7.93e+40
      72.2  7.33e+40
      71.3  6.76e+40
      70.5  6.22e+40
      69.6   5.7e+40
      68.7  5.22e+40
      67.8  4.77e+40
        67  4.35e+40
      66.1  3.95e+40
      65.2  3.58e+40
      64.3  3.23e+40
      63.5  2.92e+40
      62.6  2.62e+40
      61.7  2.35e+40
      60.8   2.1e+40
        60  1.87e+40
      59.1  1.66e+40
      58.2  1.47e+40
      57.3   1.3e+40
      56.5  1.14e+40
      55.6     1e+40
      54.7  8.77e+39
      53.9  7.64e+39
        53  6.63e+39
      52.1  5.74e+39
      51.2  4.95e+39
      50.4  4.25e+39
      49.5  3.63e+39
      48.6   3.1e+39
      47.7  2.63e+39
      46.9  2.22e+39
        46  1.87e+39
      45.1  1.57e+39
      44.2  1.31e+39
      43.4  1.09e+39
      42.5     9e+38
      41.6  7.41e+38
      40.7  6.08e+38
      39.9  4.96e+38
        39  4.02e+38
      38.1  3.25e+38
      37.2  2.61e+38
      36.4  2.09e+38
      35.5  1.66e+38
      34.6  1.31e+38
      33.7  1.03e+38
      32.9  8.09e+37
        32  6.29e+37
      31.1  4.87e+37
      30.2  3.75e+37
      29.4  2.87e+37
      28.5  2.19e+37
      27.6  1.66e+37
      26.7  1.25e+37
      25.9  9.35e+36
        25  6.98e+36
      24.1  5.18e+36
      23.2  3.83e+36
      22.4  2.82e+36
      21.5  2.07e+36
      20.6  1.51e+36
      19.8   1.1e+36
      18.9  7.98e+35
        18  5.78e+35
      17.1  4.17e+35
      16.3  3.01e+35
      15.4  2.16e+35
      14.5  1.55e+35
      13.6  1.11e+35
      12.8  7.93e+34
      11.9  5.64e+34
        11     4e+34
      10.1  2.83e+34
      9.26  1.99e+34
      8.38  1.39e+34
      7.51   9.7e+33
      6.64  6.72e+33
      5.76  4.64e+33
      4.89  3.18e+33
      4.01  2.17e+33
      3.14  1.47e+33
      2.26   9.9e+32
      1.39  6.63e+32
     0.515   4.4e+32
     -0.36  2.91e+32
     -1.23   1.9e+32
     -2.11  1.23e+32
     -2.98  7.94e+31
     -3.86  5.05e+31
     -4.73  3.18e+31
     -5.61  1.98e+31
     -6.48  1.22e+31
     -7.35  7.37e+30
     -8.23  4.38e+30
      -9.1  2.56e+30
     -9.98  1.46e+30
     -10.9  8.14e+29
     -11.7   4.4e+29
     -12.6   2.3e+29
     -13.5  1.16e+29
     -14.3  5.59e+28
     -15.2  2.54e+28
     -16.1   1.1e+28
       -17  4.42e+27
     -17.8  1.65e+27
     -18.7  5.58e+26
     -19.6  1.69e+26
     -20.5  4.37e+25
     -21.3  9.17e+24
     -22.2   3.1e+24
     -23.1 -1.98e+23

pressure[atm]        = 0.01
temperature[K]           = 2300
energy step[1/cm]        = 320
maximum energy[kcal/mol] = 261

bimolecular PEDs:
   E, kcal    P1->P2
       261  6.56e+38
       261  7.18e+38
       260  7.85e+38
       259  8.58e+38
       258  9.38e+38
       257  1.02e+39
       256  1.12e+39
       255  1.22e+39
       254  1.33e+39
       253  1.46e+39
       252  1.59e+39
       251  1.73e+39
       251  1.89e+39
       250  2.05e+39
       249  2.24e+39
       248  2.44e+39
       247  2.65e+39
       246  2.88e+39
       245  3.14e+39
       244  3.41e+39
       243  3.71e+39
       242  4.03e+39
       241  4.37e+39
       240  4.75e+39
       240  5.15e+39
       239  5.59e+39
       238  6.06e+39
       237  6.57e+39
       236  7.12e+39
       235  7.71e+39
       234  8.35e+39
       233  9.03e+39
       232  9.77e+39
       231  1.06e+40
       230  1.14e+40
       229  1.23e+40
       229  1.33e+40
       228  1.44e+40
       227  1.55e+40
       226  1.68e+40
       225  1.81e+40
       224  1.95e+40
       223   2.1e+40
       222  2.26e+40
       221  2.43e+40
       220  2.62e+40
       219  2.82e+40
       219  3.03e+40
       218  3.26e+40
       217   3.5e+40
       216  3.75e+40
       215  4.03e+40
       214  4.32e+40
       213  4.63e+40
       212  4.97e+40
       211  5.32e+40
       210   5.7e+40
       209   6.1e+40
       208  6.52e+40
       208  6.98e+40
       207  7.46e+40
       206  7.96e+40
       205   8.5e+40
       204  9.07e+40
       203  9.68e+40
       202  1.03e+41
       201   1.1e+41
       200  1.17e+41
       199  1.25e+41
       198  1.33e+41
       198  1.41e+41
       197   1.5e+41
       196  1.59e+41
       195  1.69e+41
       194  1.79e+41
       193   1.9e+41
       192  2.02e+41
       191  2.14e+41
       190  2.26e+41
       189   2.4e+41
       188  2.53e+41
       187  2.68e+41
       187  2.83e+41
       186  2.99e+41
       185  3.15e+41
       184  3.33e+41
       183  3.51e+41
       182  3.69e+41
       181  3.89e+41
       180  4.09e+41
       179   4.3e+41
       178  4.52e+41
       177  4.75e+41
       176  4.99e+41
       176  5.23e+41
       175  5.48e+41
       174  5.74e+41
       173  6.01e+41
       172  6.29e+41
       171  6.58e+41
       170  6.88e+41
       169  7.18e+41
       168  7.49e+41
       167  7.81e+41
       166  8.14e+41
       166  8.48e+41
       165  8.82e+41
       164  9.18e+41
       163  9.54e+41
       162   9.9e+41
       161  1.03e+42
       160  1.07e+42
       159   1.1e+42
       158  1.14e+42
       157  1.18e+42
       156  1.22e+42
       155  1.26e+42
       155   1.3e+42
       154  1.35e+42
       153  1.39e+42
       152  1.43e+42
       151  1.47e+42
       150  1.51e+42
       149  1.55e+42
       148  1.59e+42
       147  1.63e+42
       146  1.67e+42
       145  1.71e+42
       144  1.75e+42
       144  1.79e+42
       143  1.83e+42
       142  1.87e+42
       141   1.9e+42
       140  1.94e+42
       139  1.97e+42
       138  2.01e+42
       137  2.04e+42
       136  2.07e+42
       135   2.1e+42
       134  2.12e+42
       134  2.15e+42
       133  2.17e+42
       132  2.19e+42
       131  2.21e+42
       130  2.23e+42
       129  2.24e+42
       128  2.26e+42
       127  2.27e+42
       126  2.28e+42
       125  2.28e+42
       124  2.28e+42
       123  2.29e+42
       123  2.28e+42
       122  2.28e+42
       121  2.27e+42
       120  2.26e+42
       119  2.25e+42
       118  2.23e+42
       117  2.22e+42
       116   2.2e+42
       115  2.17e+42
       114  2.15e+42
       113  2.12e+42
       112  2.09e+42
       112  2.06e+42
       111  2.03e+42
       110  1.99e+42
       109  1.95e+42
       108  1.91e+42
       107  1.87e+42
       106  1.82e+42
       105  1.78e+42
       104  1.73e+42
       103  1.69e+42
       102  1.64e+42
       102  1.59e+42
       101  1.54e+42
      99.7  1.48e+42
      98.8  1.43e+42
      97.9  1.38e+42
        97  1.33e+42
        96  1.28e+42
      95.1  1.22e+42
      94.2  1.17e+42
      93.3  1.12e+42
      92.4  1.07e+42
      91.5  1.02e+42
      90.6  9.65e+41
      89.6  9.15e+41
      88.7  8.67e+41
      87.8  8.19e+41
      86.9  7.72e+41
        86  7.27e+41
      85.1  6.83e+41
      84.2  6.41e+41
      83.2  5.99e+41
      82.3   5.6e+41
      81.4  5.21e+41
      80.5  4.85e+41
      79.6   4.5e+41
      78.7  4.16e+41
      77.8  3.84e+41
      76.8  3.54e+41
      75.9  3.25e+41
        75  2.98e+41
      74.1  2.73e+41
      73.2  2.49e+41
      72.3  2.27e+41
      71.4  2.06e+41
      70.4  1.86e+41
      69.5  1.68e+41
      68.6  1.51e+41
      67.7  1.36e+41
      66.8  1.21e+41
      65.9  1.08e+41
        65  9.64e+40
        64  8.55e+40
      63.1  7.56e+40
      62.2  6.66e+40
      61.3  5.85e+40
      60.4  5.12e+40
      59.5  4.47e+40
      58.6  3.88e+40
      57.6  3.36e+40
      56.7   2.9e+40
      55.8  2.49e+40
      54.9  2.13e+40
        54  1.82e+40
      53.1  1.54e+40
      52.2  1.31e+40
      51.2   1.1e+40
      50.3  9.21e+39
      49.4  7.68e+39
      48.5  6.37e+39
      47.6  5.26e+39
      46.7  4.33e+39
      45.8  3.54e+39
      44.8  2.87e+39
      43.9  2.32e+39
        43  1.87e+39
      42.1  1.49e+39
      41.2  1.19e+39
      40.3  9.35e+38
      39.4  7.33e+38
      38.4  5.71e+38
      37.5  4.41e+38
      36.6  3.38e+38
      35.7  2.58e+38
      34.8  1.95e+38
      33.9  1.46e+38
        33  1.08e+38
      32.1  7.96e+37
      31.1   5.8e+37
      30.2  4.18e+37
      29.3  2.98e+37
      28.4  2.11e+37
      27.5  1.47e+37
      26.6  1.01e+37
      25.7  6.88e+36
      24.7  4.62e+36
      23.8  3.05e+36
      22.9  1.99e+36
        22  1.27e+36
      21.1  7.99e+35
      20.2  4.93e+35
      19.3  2.98e+35
      18.3  1.76e+35
      17.4  1.01e+35
      16.5  5.68e+34
      15.6  3.09e+34
      14.7  1.63e+34
      13.8  8.29e+33
      12.9  4.05e+33
      11.9  1.88e+33
        11   8.3e+32
      10.1  3.43e+32
       9.2   1.3e+32
      8.28  4.46e+31
      7.37  1.36e+31
      6.46   3.7e+30
      5.54  9.66e+29
      4.63  3.13e+29
      3.71  1.46e+29
       2.8  8.48e+28
      1.89  5.17e+28
     0.971  3.15e+28
    0.0568  1.87e+28
    -0.857  1.13e+28
     -1.77  6.38e+27
     -2.69  3.71e+27
      -3.6  2.08e+27
     -4.51  1.03e+27
     -5.43  6.77e+26
     -6.34  2.56e+26
     -7.26  1.62e+26
     -8.17  7.53e+25
     -9.08  3.33e+25
       -10  5.51e+24
     -10.9 -1.66e+24
     -11.8  3.12e+24
     -12.7  8.89e+23
     -13.7  2.37e+23
     -14.6   1.1e+23
     -15.5  1.94e+22
     -16.4  5.79e+23
     -17.3 -6.42e+21
     -18.2 -5.31e+19
     -19.1    -2e+19
     -20.1  1.44e+20
       -21 -1.03e+19
     -21.9 -2.96e+18
     -22.8  7.85e+18

pressure[atm]        = 0.1
temperature[K]           = 2300
energy step[1/cm]        = 320
maximum energy[kcal/mol] = 261

bimolecular PEDs:
   E, kcal    P1->P2
       261  6.56e+38
       261  7.18e+38
       260  7.85e+38
       259  8.58e+38
       258  9.38e+38
       257  1.02e+39
       256  1.12e+39
       255  1.22e+39
       254  1.33e+39
       253  1.45e+39
       252  1.59e+39
       251  1.73e+39
       251  1.89e+39
       250  2.05e+39
       249  2.24e+39
       248  2.44e+39
       247  2.65e+39
       246  2.88e+39
       245  3.14e+39
       244  3.41e+39
       243  3.71e+39
       242  4.03e+39
       241  4.37e+39
       240  4.75e+39
       240  5.15e+39
       239  5.59e+39
       238  6.06e+39
       237  6.57e+39
       236  7.12e+39
       235  7.71e+39
       234  8.35e+39
       233  9.03e+39
       232  9.77e+39
       231  1.06e+40
       230  1.14e+40
       229  1.23e+40
       229  1.33e+40
       228  1.44e+40
       227  1.55e+40
       226  1.68e+40
       225  1.81e+40
       224  1.95e+40
       223   2.1e+40
       222  2.26e+40
       221  2.43e+40
       220  2.62e+40
       219  2.82e+40
       219  3.03e+40
       218  3.25e+40
       217   3.5e+40
       216  3.75e+40
       215  4.03e+40
       214  4.32e+40
       213  4.63e+40
       212  4.97e+40
       211  5.32e+40
       210   5.7e+40
       209   6.1e+40
       208  6.52e+40
       208  6.98e+40
       207  7.45e+40
       206  7.96e+40
       205   8.5e+40
       204  9.07e+40
       203  9.68e+40
       202  1.03e+41
       201   1.1e+41
       200  1.17e+41
       199  1.25e+41
       198  1.33e+41
       198  1.41e+41
       197   1.5e+41
       196  1.59e+41
       195  1.69e+41
       194  1.79e+41
       193   1.9e+41
       192  2.02e+41
       191  2.14e+41
       190  2.26e+41
       189   2.4e+41
       188  2.53e+41
       187  2.68e+41
       187  2.83e+41
       186  2.99e+41
       185  3.15e+41
       184  3.33e+41
       183  3.51e+41
       182  3.69e+41
       181  3.89e+41
       180  4.09e+41
       179   4.3e+41
       178  4.52e+41
       177  4.75e+41
       176  4.99e+41
       176  5.23e+41
       175  5.48e+41
       174  5.74e+41
       173  6.01e+41
       172  6.29e+41
       171  6.58e+41
       170  6.88e+41
       169  7.18e+41
       168  7.49e+41
       167  7.81e+41
       166  8.14e+41
       166  8.48e+41
       165  8.82e+41
       164  9.18e+41
       163  9.54e+41
       162   9.9e+41
       161  1.03e+42
       160  1.07e+42
       159   1.1e+42
       158  1.14e+42
       157  1.18e+42
       156  1.22e+42
       155  1.26e+42
       155   1.3e+42
       154  1.35e+42
       153  1.39e+42
       152  1.43e+42
       151  1.47e+42
       150  1.51e+42
       149  1.55e+42
       148  1.59e+42
       147  1.63e+42
       146  1.67e+42
       145  1.71e+42
       144  1.75e+42
       144  1.79e+42
       143  1.83e+42
       142  1.87e+42
       141   1.9e+42
       140  1.94e+42
       139  1.97e+42
       138  2.01e+42
       137  2.04e+42
       136  2.07e+42
       135   2.1e+42
       134  2.12e+42
       134  2.15e+42
       133  2.17e+42
       132  2.19e+42
       131  2.21e+42
       130  2.23e+42
       129  2.24e+42
       128  2.26e+42
       127  2.27e+42
       126  2.28e+42
       125  2.28e+42
       124  2.28e+42
       123  2.29e+42
       123  2.28e+42
       122  2.28e+42
       121  2.27e+42
       120  2.26e+42
       119  2.25e+42
       118  2.23e+42
       117  2.22e+42
       116   2.2e+42
       115  2.17e+42
       114  2.15e+42
       113  2.12e+42
       112  2.09e+42
       112  2.06e+42
       111  2.03e+42
       110  1.99e+42
       109  1.95e+42
       108  1.91e+42
       107  1.87e+42
       106  1.82e+42
       105  1.78e+42
       104  1.73e+42
       103  1.69e+42
       102  1.64e+42
       102  1.59e+42
       101  1.54e+42
      99.7  1.48e+42
      98.8  1.43e+42
      97.9  1.38e+42
        97  1.33e+42
        96  1.28e+42
      95.1  1.22e+42
      94.2  1.17e+42
      93.3  1.12e+42
      92.4  1.07e+42
      91.5  1.02e+42
      90.6  9.65e+41
      89.6  9.15e+41
      88.7  8.67e+41
      87.8  8.19e+41
      86.9  7.72e+41
        86  7.27e+41
      85.1  6.83e+41
      84.2  6.41e+41
      83.2  5.99e+41
      82.3   5.6e+41
      81.4  5.21e+41
      80.5  4.85e+41
      79.6   4.5e+41
      78.7  4.16e+41
      77.8  3.84e+41
      76.8  3.54e+41
      75.9  3.25e+41
        75  2.98e+41
      74.1  2.73e+41
      73.2  2.49e+41
      72.3  2.27e+41
      71.4  2.06e+41
      70.4  1.86e+41
      69.5  1.68e+41
      68.6  1.51e+41
      67.7  1.36e+41
      66.8  1.21e+41
      65.9  1.08e+41
        65  9.64e+40
        64  8.55e+40
      63.1  7.56e+40
      62.2  6.66e+40
      61.3  5.85e+40
      60.4  5.12e+40
      59.5  4.47e+40
      58.6  3.88e+40
      57.6  3.36e+40
      56.7   2.9e+40
      55.8  2.49e+40
      54.9  2.13e+40
        54  1.82e+40
      53.1  1.54e+40
      52.2  1.31e+40
      51.2   1.1e+40
      50.3  9.21e+39
      49.4  7.68e+39
      48.5  6.37e+39
      47.6  5.27e+39
      46.7  4.33e+39
      45.8  3.54e+39
      44.8  2.88e+39
      43.9  2.32e+39
        43  1.87e+39
      42.1  1.49e+39
      41.2  1.19e+39
      40.3  9.36e+38
      39.4  7.34e+38
      38.4  5.71e+38
      37.5  4.41e+38
      36.6  3.39e+38
      35.7  2.58e+38
      34.8  1.95e+38
      33.9  1.46e+38
        33  1.08e+38
      32.1  7.96e+37
      31.1   5.8e+37
      30.2  4.18e+37
      29.3  2.99e+37
      28.4  2.11e+37
      27.5  1.47e+37
      26.6  1.01e+37
      25.7  6.89e+36
      24.7  4.62e+36
      23.8  3.06e+36
      22.9  1.99e+36
        22  1.27e+36
      21.1  8.01e+35
      20.2  4.94e+35
      19.3  2.99e+35
      18.3  1.76e+35
      17.4  1.02e+35
      16.5  5.71e+34
      15.6  3.12e+34
      14.7  1.65e+34
      13.8  8.41e+33
      12.9  4.13e+33
      11.9  1.94e+33
        11  8.67e+32
      10.1  3.67e+32
       9.2  1.46e+32
      8.28  5.55e+31
      7.37  2.08e+31
      6.46  8.33e+30
      5.54  3.96e+30
      4.63  2.22e+30
      3.71  1.35e+30
       2.8  8.39e+29
      1.89  5.17e+29
     0.971  3.15e+29
    0.0568  1.89e+29
    -0.857  1.12e+29
     -1.77  6.47e+28
     -2.69  3.69e+28
      -3.6  2.06e+28
     -4.51  1.13e+28
     -5.43  5.87e+27
     -6.34  3.01e+27
     -7.26  1.57e+27
     -8.17  7.45e+26
     -9.08   2.9e+26
       -10  1.97e+26
     -10.9  4.64e+25
     -11.8  3.71e+25
     -12.7  2.43e+24
     -13.7   5.3e+24
     -14.6  3.18e+23
     -15.5   3.7e+23
     -16.4  5.22e+22
     -17.3 -6.57e+22
     -18.2  2.52e+21
     -19.1  1.44e+21
     -20.1 -1.55e+20
       -21  2.17e+19
     -21.9  5.53e+18
     -22.8 -8.84e+18

pressure[atm]        = 1
temperature[K]           = 2300
energy step[1/cm]        = 320
maximum energy[kcal/mol] = 261

bimolecular PEDs:
   E, kcal    P1->P2
       261  6.55e+38
       261  7.16e+38
       260  7.84e+38
       259  8.57e+38
       258  9.37e+38
       257  1.02e+39
       256  1.12e+39
       255  1.22e+39
       254  1.33e+39
       253  1.45e+39
       252  1.59e+39
       251  1.73e+39
       251  1.88e+39
       250  2.05e+39
       249  2.24e+39
       248  2.43e+39
       247  2.65e+39
       246  2.88e+39
       245  3.13e+39
       244  3.41e+39
       243   3.7e+39
       242  4.02e+39
       241  4.37e+39
       240  4.74e+39
       240  5.15e+39
       239  5.58e+39
       238  6.06e+39
       237  6.56e+39
       236  7.11e+39
       235   7.7e+39
       234  8.34e+39
       233  9.03e+39
       232  9.77e+39
       231  1.06e+40
       230  1.14e+40
       229  1.23e+40
       229  1.33e+40
       228  1.44e+40
       227  1.55e+40
       226  1.68e+40
       225  1.81e+40
       224  1.95e+40
       223   2.1e+40
       222  2.26e+40
       221  2.43e+40
       220  2.62e+40
       219  2.82e+40
       219  3.03e+40
       218  3.25e+40
       217  3.49e+40
       216  3.75e+40
       215  4.03e+40
       214  4.32e+40
       213  4.63e+40
       212  4.96e+40
       211  5.32e+40
       210  5.69e+40
       209  6.09e+40
       208  6.52e+40
       208  6.97e+40
       207  7.45e+40
       206  7.96e+40
       205   8.5e+40
       204  9.07e+40
       203  9.67e+40
       202  1.03e+41
       201   1.1e+41
       200  1.17e+41
       199  1.25e+41
       198  1.33e+41
       198  1.41e+41
       197   1.5e+41
       196  1.59e+41
       195  1.69e+41
       194  1.79e+41
       193   1.9e+41
       192  2.02e+41
       191  2.14e+41
       190  2.26e+41
       189  2.39e+41
       188  2.53e+41
       187  2.68e+41
       187  2.83e+41
       186  2.99e+41
       185  3.15e+41
       184  3.33e+41
       183  3.51e+41
       182  3.69e+41
       181  3.89e+41
       180  4.09e+41
       179   4.3e+41
       178  4.52e+41
       177  4.75e+41
       176  4.98e+41
       176  5.23e+41
       175  5.48e+41
       174  5.74e+41
       173  6.01e+41
       172  6.29e+41
       171  6.58e+41
       170  6.87e+41
       169  7.18e+41
       168  7.49e+41
       167  7.81e+41
       166  8.14e+41
       166  8.48e+41
       165  8.82e+41
       164  9.17e+41
       163  9.53e+41
       162   9.9e+41
       161  1.03e+42
       160  1.07e+42
       159   1.1e+42
       158  1.14e+42
       157  1.18e+42
       156  1.22e+42
       155  1.26e+42
       155   1.3e+42
       154  1.34e+42
       153  1.39e+42
       152  1.43e+42
       151  1.47e+42
       150  1.51e+42
       149  1.55e+42
       148  1.59e+42
       147  1.63e+42
       146  1.67e+42
       145  1.71e+42
       144  1.75e+42
       144  1.79e+42
       143  1.83e+42
       142  1.87e+42
       141   1.9e+42
       140  1.94e+42
       139  1.97e+42
       138  2.01e+42
       137  2.04e+42
       136  2.07e+42
       135   2.1e+42
       134  2.12e+42
       134  2.15e+42
       133  2.17e+42
       132  2.19e+42
       131  2.21e+42
       130  2.23e+42
       129  2.24e+42
       128  2.26e+42
       127  2.27e+42
       126  2.28e+42
       125  2.28e+42
       124  2.28e+42
       123  2.29e+42
       123  2.28e+42
       122  2.28e+42
       121  2.27e+42
       120  2.26e+42
       119  2.25e+42
       118  2.23e+42
       117  2.22e+42
       116   2.2e+42
       115  2.17e+42
       114  2.15e+42
       113  2.12e+42
       112  2.09e+42
       112  2.06e+42
       111  2.03e+42
       110  1.99e+42
       109  1.95e+42
       108  1.91e+42
       107  1.87e+42
       106  1.83e+42
       105  1.78e+42
       104  1.73e+42
       103  1.69e+42
       102  1.64e+42
       102  1.59e+42
       101  1.54e+42
      99.7  1.49e+42
      98.8  1.43e+42
      97.9  1.38e+42
        97  1.33e+42
        96  1.28e+42
      95.1  1.22e+42
      94.2  1.17e+42
      93.3  1.12e+42
      92.4  1.07e+42
      91.5  1.02e+42
      90.6  9.65e+41
      89.6  9.16e+41
      88.7  8.67e+41
      87.8  8.19e+41
      86.9  7.73e+41
        86  7.28e+41
      85.1  6.84e+41
      84.2  6.41e+41
      83.2     6e+41
      82.3   5.6e+41
      81.4  5.22e+41
      80.5  4.85e+41
      79.6   4.5e+41
      78.7  4.17e+41
      77.8  3.85e+41
      76.8  3.54e+41
      75.9  3.26e+41
        75  2.99e+41
      74.1  2.73e+41
      73.2  2.49e+41
      72.3  2.27e+41
      71.4  2.06e+41
      70.4  1.86e+41
      69.5  1.68e+41
      68.6  1.51e+41
      67.7  1.36e+41
      66.8  1.22e+41
      65.9  1.09e+41
        65  9.66e+40
        64  8.56e+40
      63.1  7.57e+40
      62.2  6.67e+40
      61.3  5.86e+40
      60.4  5.13e+40
      59.5  4.47e+40
      58.6  3.89e+40
      57.6  3.37e+40
      56.7  2.91e+40
      55.8   2.5e+40
      54.9  2.14e+40
        54  1.82e+40
      53.1  1.55e+40
      52.2  1.31e+40
      51.2   1.1e+40
      50.3  9.23e+39
      49.4   7.7e+39
      48.5  6.39e+39
      47.6  5.28e+39
      46.7  4.34e+39
      45.8  3.55e+39
      44.8  2.88e+39
      43.9  2.33e+39
        43  1.87e+39
      42.1   1.5e+39
      41.2  1.19e+39
      40.3  9.39e+38
      39.4  7.36e+38
      38.4  5.73e+38
      37.5  4.43e+38
      36.6   3.4e+38
      35.7  2.59e+38
      34.8  1.96e+38
      33.9  1.47e+38
        33  1.09e+38
      32.1  8.01e+37
      31.1  5.84e+37
      30.2  4.22e+37
      29.3  3.01e+37
      28.4  2.13e+37
      27.5  1.49e+37
      26.6  1.02e+37
      25.7  6.98e+36
      24.7  4.69e+36
      23.8   3.1e+36
      22.9  2.02e+36
        22   1.3e+36
      21.1   8.2e+35
      20.2  5.08e+35
      19.3  3.08e+35
      18.3  1.83e+35
      17.4  1.07e+35
      16.5  6.06e+34
      15.6  3.36e+34
      14.7  1.82e+34
      13.8  9.58e+33
      12.9  4.93e+33
      11.9  2.48e+33
        11  1.24e+33
      10.1  6.16e+32
       9.2  3.12e+32
      8.28  1.65e+32
      7.37  9.28e+31
      6.46  5.53e+31
      5.54  3.42e+31
      4.63  2.16e+31
      3.71  1.36e+31
       2.8  8.51e+30
      1.89  5.26e+30
     0.971  3.21e+30
    0.0568  1.93e+30
    -0.857  1.14e+30
     -1.77  6.64e+29
     -2.69  3.78e+29
      -3.6  2.12e+29
     -4.51  1.15e+29
     -5.43  6.15e+28
     -6.34  3.23e+28
     -7.26  1.57e+28
     -8.17  7.91e+27
     -9.08  3.66e+27
       -10   1.6e+27
     -10.9  7.97e+26
     -11.8  2.53e+26
     -12.7  1.13e+26
     -13.7  3.75e+25
     -14.6  1.32e+25
     -15.5  4.13e+24
     -16.4  1.29e+24
     -17.3 -9.79e+22
     -18.2  1.08e+23
     -19.1  2.13e+22
     -20.1   5.6e+21
       -21  1.12e+21
     -21.9  2.81e+20
     -22.8 -3.05e+19

pressure[atm]        = 10
temperature[K]           = 2300
energy step[1/cm]        = 320
maximum energy[kcal/mol] = 261

bimolecular PEDs:
   E, kcal    P1->P2
       261  6.41e+38
       261  7.02e+38
       260   7.7e+38
       259  8.43e+38
       258  9.23e+38
       257  1.01e+39
       256   1.1e+39
       255  1.21e+39
       254  1.32e+39
       253  1.44e+39
       252  1.57e+39
       251  1.71e+39
       251  1.87e+39
       250  2.04e+39
       249  2.22e+39
       248  2.41e+39
       247  2.63e+39
       246  2.86e+39
       245  3.11e+39
       244  3.38e+39
       243  3.68e+39
       242  3.99e+39
       241  4.34e+39
       240  4.71e+39
       240  5.11e+39
       239  5.54e+39
       238  6.01e+39
       237  6.52e+39
       236  7.06e+39
       235  7.65e+39
       234  8.28e+39
       233  8.96e+39
       232   9.7e+39
       231  1.05e+40
       230  1.13e+40
       229  1.22e+40
       229  1.32e+40
       228  1.43e+40
       227  1.54e+40
       226  1.66e+40
       225  1.79e+40
       224  1.93e+40
       223  2.08e+40
       222  2.24e+40
       221  2.42e+40
       220   2.6e+40
       219   2.8e+40
       219  3.01e+40
       218  3.23e+40
       217  3.47e+40
       216  3.73e+40
       215     4e+40
       214  4.29e+40
       213   4.6e+40
       212  4.93e+40
       211  5.28e+40
       210  5.66e+40
       209  6.06e+40
       208  6.48e+40
       208  6.93e+40
       207  7.41e+40
       206  7.91e+40
       205  8.45e+40
       204  9.02e+40
       203  9.62e+40
       202  1.03e+41
       201  1.09e+41
       200  1.16e+41
       199  1.24e+41
       198  1.32e+41
       198   1.4e+41
       197  1.49e+41
       196  1.58e+41
       195  1.68e+41
       194  1.78e+41
       193  1.89e+41
       192  2.01e+41
       191  2.13e+41
       190  2.25e+41
       189  2.38e+41
       188  2.52e+41
       187  2.66e+41
       187  2.82e+41
       186  2.97e+41
       185  3.14e+41
       184  3.31e+41
       183  3.49e+41
       182  3.68e+41
       181  3.87e+41
       180  4.07e+41
       179  4.28e+41
       178   4.5e+41
       177  4.73e+41
       176  4.96e+41
       176  5.21e+41
       175  5.46e+41
       174  5.72e+41
       173  5.99e+41
       172  6.27e+41
       171  6.55e+41
       170  6.85e+41
       169  7.15e+41
       168  7.46e+41
       167  7.78e+41
       166  8.11e+41
       166  8.45e+41
       165  8.79e+41
       164  9.14e+41
       163   9.5e+41
       162  9.87e+41
       161  1.02e+42
       160  1.06e+42
       159   1.1e+42
       158  1.14e+42
       157  1.18e+42
       156  1.22e+42
       155  1.26e+42
       155   1.3e+42
       154  1.34e+42
       153  1.38e+42
       152  1.42e+42
       151  1.47e+42
       150  1.51e+42
       149  1.55e+42
       148  1.59e+42
       147  1.63e+42
       146  1.67e+42
       145  1.71e+42
       144  1.75e+42
       144  1.79e+42
       143  1.83e+42
       142  1.87e+42
       141   1.9e+42
       140  1.94e+42
       139  1.97e+42
       138     2e+42
       137  2.04e+42
       136  2.07e+42
       135  2.09e+42
       134  2.12e+42
       134  2.15e+42
       133  2.17e+42
       132  2.19e+42
       131  2.21e+42
       130  2.23e+42
       129  2.24e+42
       128  2.26e+42
       127  2.27e+42
       126  2.28e+42
       125  2.28e+42
       124  2.28e+42
       123  2.29e+42
       123  2.28e+42
       122  2.28e+42
       121  2.27e+42
       120  2.26e+42
       119  2.25e+42
       118  2.24e+42
       117  2.22e+42
       116   2.2e+42
       115  2.18e+42
       114  2.15e+42
       113  2.12e+42
       112  2.09e+42
       112  2.06e+42
       111  2.03e+42
       110  1.99e+42
       109  1.95e+42
       108  1.91e+42
       107  1.87e+42
       106  1.83e+42
       105  1.78e+42
       104  1.74e+42
       103  1.69e+42
       102  1.64e+42
       102  1.59e+42
       101  1.54e+42
      99.7  1.49e+42
      98.8  1.44e+42
      97.9  1.39e+42
        97  1.33e+42
        96  1.28e+42
      95.1  1.23e+42
      94.2  1.18e+42
      93.3  1.12e+42
      92.4  1.07e+42
      91.5  1.02e+42
      90.6   9.7e+41
      89.6   9.2e+41
      88.7  8.72e+41
      87.8  8.24e+41
      86.9  7.77e+41
        86  7.32e+41
      85.1  6.88e+41
      84.2  6.45e+41
      83.2  6.04e+41
      82.3  5.64e+41
      81.4  5.25e+41
      80.5  4.89e+41
      79.6  4.53e+41
      78.7   4.2e+41
      77.8  3.88e+41
      76.8  3.57e+41
      75.9  3.29e+41
        75  3.01e+41
      74.1  2.76e+41
      73.2  2.52e+41
      72.3  2.29e+41
      71.4  2.08e+41
      70.4  1.88e+41
      69.5   1.7e+41
      68.6  1.53e+41
      67.7  1.37e+41
      66.8  1.23e+41
      65.9   1.1e+41
        65  9.78e+40
        64  8.68e+40
      63.1  7.67e+40
      62.2  6.77e+40
      61.3  5.95e+40
      60.4  5.21e+40
      59.5  4.54e+40
      58.6  3.95e+40
      57.6  3.42e+40
      56.7  2.96e+40
      55.8  2.54e+40
      54.9  2.18e+40
        54  1.86e+40
      53.1  1.58e+40
      52.2  1.34e+40
      51.2  1.13e+40
      50.3  9.44e+39
      49.4  7.88e+39
      48.5  6.55e+39
      47.6  5.41e+39
      46.7  4.45e+39
      45.8  3.65e+39
      44.8  2.97e+39
      43.9   2.4e+39
        43  1.94e+39
      42.1  1.55e+39
      41.2  1.23e+39
      40.3  9.75e+38
      39.4  7.66e+38
      38.4  5.98e+38
      37.5  4.63e+38
      36.6  3.56e+38
      35.7  2.72e+38
      34.8  2.06e+38
      33.9  1.55e+38
        33  1.16e+38
      32.1  8.55e+37
      31.1  6.26e+37
      30.2  4.55e+37
      29.3  3.27e+37
      28.4  2.33e+37
      27.5  1.64e+37
      26.6  1.14e+37
      25.7  7.86e+36
      24.7  5.35e+36
      23.8   3.6e+36
      22.9  2.39e+36
        22  1.57e+36
      21.1  1.02e+36
      20.2  6.52e+35
      19.3  4.12e+35
      18.3  2.58e+35
      17.4   1.6e+35
      16.5  9.82e+34
      15.6     6e+34
      14.7  3.66e+34
      13.8  2.23e+34
      12.9  1.37e+34
      11.9  8.48e+33
        11  5.31e+33
      10.1  3.37e+33
       9.2  2.16e+33
      8.28  1.39e+33
      7.37  9.05e+32
      6.46  5.88e+32
      5.54  3.81e+32
      4.63  2.45e+32
      3.71  1.56e+32
       2.8  9.88e+31
      1.89  6.17e+31
     0.971  3.81e+31
    0.0568  2.32e+31
    -0.857   1.4e+31
     -1.77  8.29e+30
     -2.69  4.84e+30
      -3.6  2.78e+30
     -4.51  1.56e+30
     -5.43  8.65e+29
     -6.34   4.7e+29
     -7.26  2.47e+29
     -8.17  1.28e+29
     -9.08   6.5e+28
       -10  3.12e+28
     -10.9  1.51e+28
     -11.8  6.89e+27
     -12.7   3.1e+27
     -13.7  1.32e+27
     -14.6  5.46e+26
     -15.5  2.15e+26
     -16.4  8.03e+25
     -17.3  2.78e+25
     -18.2  8.88e+24
     -19.1  2.56e+24
     -20.1  6.41e+23
       -21  1.37e+23
     -21.9  2.26e+22
     -22.8  2.38e+21

pressure[atm]        = 100
temperature[K]           = 2300
energy step[1/cm]        = 320
maximum energy[kcal/mol] = 261

bimolecular PEDs:
   E, kcal    P1->P2
       261  5.61e+38
       261  6.18e+38
       260   6.8e+38
       259  7.48e+38
       258  8.23e+38
       257  9.04e+38
       256  9.92e+38
       255  1.09e+39
       254  1.19e+39
       253  1.31e+39
       252  1.43e+39
       251  1.56e+39
       251  1.71e+39
       250  1.86e+39
       249  2.03e+39
       248  2.22e+39
       247  2.42e+39
       246  2.63e+39
       245  2.87e+39
       244  3.12e+39
       243   3.4e+39
       242  3.69e+39
       241  4.01e+39
       240  4.36e+39
       240  4.74e+39
       239  5.14e+39
       238  5.58e+39
       237  6.05e+39
       236  6.56e+39
       235  7.11e+39
       234   7.7e+39
       233  8.34e+39
       232  9.03e+39
       231  9.77e+39
       230  1.06e+40
       229  1.14e+40
       229  1.23e+40
       228  1.33e+40
       227  1.44e+40
       226  1.55e+40
       225  1.68e+40
       224  1.81e+40
       223  1.95e+40
       222   2.1e+40
       221  2.26e+40
       220  2.44e+40
       219  2.62e+40
       219  2.82e+40
       218  3.03e+40
       217  3.26e+40
       216   3.5e+40
       215  3.76e+40
       214  4.03e+40
       213  4.33e+40
       212  4.64e+40
       211  4.97e+40
       210  5.33e+40
       209   5.7e+40
       208   6.1e+40
       208  6.53e+40
       207  6.98e+40
       206  7.46e+40
       205  7.97e+40
       204  8.51e+40
       203  9.09e+40
       202  9.69e+40
       201  1.03e+41
       200   1.1e+41
       199  1.17e+41
       198  1.25e+41
       198  1.33e+41
       197  1.41e+41
       196   1.5e+41
       195   1.6e+41
       194  1.69e+41
       193   1.8e+41
       192  1.91e+41
       191  2.02e+41
       190  2.14e+41
       189  2.27e+41
       188   2.4e+41
       187  2.54e+41
       187  2.68e+41
       186  2.84e+41
       185  2.99e+41
       184  3.16e+41
       183  3.33e+41
       182  3.51e+41
       181   3.7e+41
       180   3.9e+41
       179   4.1e+41
       178  4.31e+41
       177  4.53e+41
       176  4.76e+41
       176  4.99e+41
       175  5.24e+41
       174  5.49e+41
       173  5.75e+41
       172  6.02e+41
       171   6.3e+41
       170  6.59e+41
       169  6.89e+41
       168  7.19e+41
       167   7.5e+41
       166  7.82e+41
       166  8.15e+41
       165  8.49e+41
       164  8.84e+41
       163  9.19e+41
       162  9.55e+41
       161  9.92e+41
       160  1.03e+42
       159  1.07e+42
       158  1.11e+42
       157  1.14e+42
       156  1.18e+42
       155  1.22e+42
       155  1.27e+42
       154  1.31e+42
       153  1.35e+42
       152  1.39e+42
       151  1.43e+42
       150  1.47e+42
       149  1.51e+42
       148  1.55e+42
       147  1.59e+42
       146  1.64e+42
       145  1.68e+42
       144  1.72e+42
       144  1.76e+42
       143  1.79e+42
       142  1.83e+42
       141  1.87e+42
       140  1.91e+42
       139  1.94e+42
       138  1.98e+42
       137  2.01e+42
       136  2.04e+42
       135  2.07e+42
       134   2.1e+42
       134  2.12e+42
       133  2.15e+42
       132  2.17e+42
       131  2.19e+42
       130  2.21e+42
       129  2.23e+42
       128  2.25e+42
       127  2.26e+42
       126  2.27e+42
       125  2.28e+42
       124  2.28e+42
       123  2.28e+42
       123  2.29e+42
       122  2.28e+42
       121  2.28e+42
       120  2.27e+42
       119  2.26e+42
       118  2.25e+42
       117  2.23e+42
       116  2.22e+42
       115   2.2e+42
       114  2.17e+42
       113  2.15e+42
       112  2.12e+42
       112  2.09e+42
       111  2.06e+42
       110  2.02e+42
       109  1.99e+42
       108  1.95e+42
       107  1.91e+42
       106  1.87e+42
       105  1.82e+42
       104  1.78e+42
       103  1.73e+42
       102  1.69e+42
       102  1.64e+42
       101  1.59e+42
      99.7  1.54e+42
      98.8  1.49e+42
      97.9  1.43e+42
        97  1.38e+42
        96  1.33e+42
      95.1  1.28e+42
      94.2  1.22e+42
      93.3  1.17e+42
      92.4  1.12e+42
      91.5  1.07e+42
      90.6  1.02e+42
      89.6  9.66e+41
      88.7  9.17e+41
      87.8  8.68e+41
      86.9  8.21e+41
        86  7.75e+41
      85.1  7.29e+41
      84.2  6.86e+41
      83.2  6.43e+41
      82.3  6.02e+41
      81.4  5.62e+41
      80.5  5.24e+41
      79.6  4.87e+41
      78.7  4.52e+41
      77.8  4.19e+41
      76.8  3.87e+41
      75.9  3.57e+41
        75  3.28e+41
      74.1  3.01e+41
      73.2  2.76e+41
      72.3  2.52e+41
      71.4  2.29e+41
      70.4  2.08e+41
      69.5  1.89e+41
      68.6  1.71e+41
      67.7  1.54e+41
      66.8  1.38e+41
      65.9  1.24e+41
        65  1.11e+41
        64  9.86e+40
      63.1  8.76e+40
      62.2  7.76e+40
      61.3  6.85e+40
      60.4  6.03e+40
      59.5  5.29e+40
      58.6  4.63e+40
      57.6  4.03e+40
      56.7   3.5e+40
      55.8  3.03e+40
      54.9  2.61e+40
        54  2.25e+40
      53.1  1.92e+40
      52.2  1.64e+40
      51.2  1.39e+40
      50.3  1.18e+40
      49.4  9.92e+39
      48.5  8.33e+39
      47.6  6.96e+39
      46.7  5.79e+39
      45.8  4.79e+39
      44.8  3.95e+39
      43.9  3.24e+39
        43  2.65e+39
      42.1  2.15e+39
      41.2  1.74e+39
      40.3   1.4e+39
      39.4  1.12e+39
      38.4  8.91e+38
      37.5  7.06e+38
      36.6  5.56e+38
      35.7  4.36e+38
      34.8  3.39e+38
      33.9  2.63e+38
        33  2.03e+38
      32.1  1.55e+38
      31.1  1.18e+38
      30.2  8.96e+37
      29.3  6.75e+37
      28.4  5.06e+37
      27.5  3.77e+37
      26.6   2.8e+37
      25.7  2.07e+37
      24.7  1.52e+37
      23.8  1.11e+37
      22.9  8.07e+36
        22  5.85e+36
      21.1  4.23e+36
      20.2  3.05e+36
      19.3  2.19e+36
      18.3  1.57e+36
      17.4  1.12e+36
      16.5  7.96e+35
      15.6  5.65e+35
      14.7     4e+35
      13.8  2.83e+35
      12.9  1.99e+35
      11.9   1.4e+35
        11  9.74e+34
      10.1  6.78e+34
       9.2  4.69e+34
      8.28  3.23e+34
      7.37  2.21e+34
      6.46  1.51e+34
      5.54  1.02e+34
      4.63  6.86e+33
      3.71  4.59e+33
       2.8  3.05e+33
      1.89  2.01e+33
     0.971  1.31e+33
    0.0568  8.52e+32
    -0.857  5.48e+32
     -1.77  3.49e+32
     -2.69   2.2e+32
      -3.6  1.37e+32
     -4.51  8.44e+31
     -5.43  5.12e+31
     -6.34  3.07e+31
     -7.26   1.8e+31
     -8.17  1.04e+31
     -9.08  5.86e+30
       -10  3.21e+30
     -10.9  1.72e+30
     -11.8  8.85e+29
     -12.7   4.4e+29
     -13.7  2.09e+29
     -14.6  9.46e+28
     -15.5  4.04e+28
     -16.4  1.62e+28
     -17.3     6e+27
     -18.2  2.03e+27
     -19.1  6.13e+26
     -20.1  1.61e+26
       -21  3.55e+25
     -21.9  5.96e+24
     -22.8  6.31e+23

pressure[atm]        = 0.01
temperature[K]           = 2400
energy step[1/cm]        = 334
maximum energy[kcal/mol] = 275

bimolecular PEDs:
   E, kcal    P1->P2
       275  3.25e+39
       274  3.55e+39
       273  3.88e+39
       272  4.25e+39
       271  4.64e+39
       270  5.07e+39
       269  5.54e+39
       268  6.05e+39
       267   6.6e+39
       266   7.2e+39
       266  7.85e+39
       265  8.56e+39
       264  9.33e+39
       263  1.02e+40
       262  1.11e+40
       261  1.21e+40
       260  1.31e+40
       259  1.43e+40
       258  1.55e+40
       257  1.69e+40
       256  1.83e+40
       255  1.99e+40
       254  2.16e+40
       253  2.35e+40
       252  2.55e+40
       251  2.77e+40
       250     3e+40
       249  3.25e+40
       248  3.52e+40
       247  3.82e+40
       246  4.13e+40
       245  4.47e+40
       245  4.84e+40
       244  5.23e+40
       243  5.66e+40
       242  6.11e+40
       241   6.6e+40
       240  7.13e+40
       239   7.7e+40
       238   8.3e+40
       237  8.95e+40
       236  9.65e+40
       235  1.04e+41
       234  1.12e+41
       233  1.21e+41
       232   1.3e+41
       231   1.4e+41
       230   1.5e+41
       229  1.61e+41
       228  1.73e+41
       227  1.86e+41
       226     2e+41
       225  2.14e+41
       225   2.3e+41
       224  2.46e+41
       223  2.64e+41
       222  2.82e+41
       221  3.02e+41
       220  3.23e+41
       219  3.46e+41
       218   3.7e+41
       217  3.95e+41
       216  4.22e+41
       215   4.5e+41
       214   4.8e+41
       213  5.12e+41
       212  5.45e+41
       211  5.81e+41
       210  6.19e+41
       209  6.58e+41
       208     7e+41
       207  7.44e+41
       206  7.91e+41
       205  8.39e+41
       204  8.91e+41
       204  9.45e+41
       203     1e+42
       202  1.06e+42
       201  1.12e+42
       200  1.19e+42
       199  1.26e+42
       198  1.33e+42
       197  1.41e+42
       196  1.48e+42
       195  1.57e+42
       194  1.65e+42
       193  1.74e+42
       192  1.84e+42
       191  1.93e+42
       190  2.03e+42
       189  2.14e+42
       188  2.25e+42
       187  2.36e+42
       186  2.48e+42
       185   2.6e+42
       184  2.73e+42
       183  2.86e+42
       183  2.99e+42
       182  3.13e+42
       181  3.28e+42
       180  3.42e+42
       179  3.58e+42
       178  3.73e+42
       177  3.89e+42
       176  4.06e+42
       175  4.23e+42
       174   4.4e+42
       173  4.58e+42
       172  4.76e+42
       171  4.94e+42
       170  5.13e+42
       169  5.32e+42
       168  5.51e+42
       167  5.71e+42
       166  5.91e+42
       165  6.11e+42
       164  6.31e+42
       163  6.52e+42
       163  6.72e+42
       162  6.93e+42
       161  7.14e+42
       160  7.35e+42
       159  7.56e+42
       158  7.77e+42
       157  7.97e+42
       156  8.18e+42
       155  8.39e+42
       154  8.59e+42
       153  8.79e+42
       152  8.99e+42
       151  9.18e+42
       150  9.37e+42
       149  9.56e+42
       148  9.74e+42
       147  9.91e+42
       146  1.01e+43
       145  1.02e+43
       144  1.04e+43
       143  1.05e+43
       142  1.07e+43
       142  1.08e+43
       141  1.09e+43
       140   1.1e+43
       139  1.11e+43
       138  1.12e+43
       137  1.13e+43
       136  1.14e+43
       135  1.14e+43
       134  1.15e+43
       133  1.15e+43
       132  1.15e+43
       131  1.16e+43
       130  1.15e+43
       129  1.15e+43
       128  1.15e+43
       127  1.15e+43
       126  1.14e+43
       125  1.13e+43
       124  1.12e+43
       123  1.12e+43
       122   1.1e+43
       121  1.09e+43
       121  1.08e+43
       120  1.06e+43
       119  1.05e+43
       118  1.03e+43
       117  1.01e+43
       116  9.96e+42
       115  9.76e+42
       114  9.56e+42
       113  9.34e+42
       112  9.12e+42
       111  8.88e+42
       110  8.65e+42
       109   8.4e+42
       108  8.16e+42
       107   7.9e+42
       106  7.64e+42
       105  7.38e+42
       104  7.12e+42
       103  6.86e+42
       102  6.59e+42
       101  6.33e+42
       101  6.06e+42
      99.5   5.8e+42
      98.6  5.54e+42
      97.6  5.28e+42
      96.7  5.02e+42
      95.7  4.77e+42
      94.8  4.52e+42
      93.8  4.28e+42
      92.9  4.04e+42
      91.9  3.81e+42
        91  3.59e+42
        90  3.37e+42
      89.1  3.16e+42
      88.1  2.95e+42
      87.1  2.75e+42
      86.2  2.56e+42
      85.2  2.38e+42
      84.3  2.21e+42
      83.3  2.04e+42
      82.4  1.89e+42
      81.4  1.74e+42
      80.5   1.6e+42
      79.5  1.46e+42
      78.6  1.34e+42
      77.6  1.22e+42
      76.7  1.11e+42
      75.7  1.01e+42
      74.7  9.11e+41
      73.8  8.22e+41
      72.8   7.4e+41
      71.9  6.64e+41
      70.9  5.94e+41
        70   5.3e+41
        69  4.72e+41
      68.1  4.18e+41
      67.1   3.7e+41
      66.2  3.26e+41
      65.2  2.86e+41
      64.3   2.5e+41
      63.3  2.18e+41
      62.3   1.9e+41
      61.4  1.64e+41
      60.4  1.42e+41
      59.5  1.22e+41
      58.5  1.04e+41
      57.6  8.91e+40
      56.6  7.57e+40
      55.7   6.4e+40
      54.7  5.39e+40
      53.8  4.52e+40
      52.8  3.77e+40
      51.9  3.14e+40
      50.9  2.59e+40
      49.9  2.13e+40
        49  1.75e+40
        48  1.42e+40
      47.1  1.15e+40
      46.1  9.27e+39
      45.2  7.42e+39
      44.2   5.9e+39
      43.3  4.67e+39
      42.3  3.67e+39
      41.4  2.86e+39
      40.4  2.22e+39
      39.5  1.71e+39
      38.5   1.3e+39
      37.5  9.88e+38
      36.6  7.43e+38
      35.6  5.54e+38
      34.7  4.09e+38
      33.7     3e+38
      32.8  2.17e+38
      31.8  1.56e+38
      30.9  1.11e+38
      29.9  7.79e+37
        29  5.41e+37
        28  3.71e+37
      27.1  2.51e+37
      26.1  1.68e+37
      25.1   1.1e+37
      24.2  7.15e+36
      23.2  4.55e+36
      22.3  2.85e+36
      21.3  1.75e+36
      20.4  1.05e+36
      19.4   6.2e+35
      18.5  3.56e+35
      17.5  1.99e+35
      16.6  1.08e+35
      15.6  5.71e+34
      14.7   2.9e+34
      13.7  1.42e+34
      12.7  6.61e+33
      11.8  2.93e+33
      10.8  1.22e+33
      9.89  4.73e+32
      8.93  1.67e+32
      7.98  5.25e+31
      7.03  1.46e+31
      6.07  3.72e+30
      5.12  1.05e+30
      4.16  4.24e+29
      3.21  2.29e+29
      2.26  1.35e+29
       1.3  8.05e+28
     0.348  4.68e+28
    -0.606  2.72e+28
     -1.56  1.54e+28
     -2.51   8.3e+27
     -3.47  4.66e+27
     -4.42  2.37e+27
     -5.37  1.21e+27
     -6.33  6.18e+26
     -7.28  2.77e+26
     -8.24  1.35e+26
     -9.19  5.54e+25
     -10.1  2.37e+25
     -11.1  9.12e+24
     -12.1  3.26e+24
       -13  1.13e+24
       -14  3.17e+23
     -14.9  1.22e+23
     -15.9  3.06e+22
     -16.8 -1.74e+22
     -17.8  7.65e+20
     -18.7 -1.16e+21
     -19.7  4.23e+20
     -20.6  2.47e+18
     -21.6  5.76e+19
     -22.5 -1.45e+21
     -23.5  2.29e+14

pressure[atm]        = 0.1
temperature[K]           = 2400
energy step[1/cm]        = 334
maximum energy[kcal/mol] = 275

bimolecular PEDs:
   E, kcal    P1->P2
       275  3.25e+39
       274  3.55e+39
       273  3.88e+39
       272  4.25e+39
       271  4.64e+39
       270  5.07e+39
       269  5.54e+39
       268  6.04e+39
       267   6.6e+39
       266   7.2e+39
       266  7.85e+39
       265  8.56e+39
       264  9.33e+39
       263  1.02e+40
       262  1.11e+40
       261  1.21e+40
       260  1.31e+40
       259  1.43e+40
       258  1.55e+40
       257  1.69e+40
       256  1.83e+40
       255  1.99e+40
       254  2.16e+40
       253  2.35e+40
       252  2.55e+40
       251  2.77e+40
       250     3e+40
       249  3.25e+40
       248  3.52e+40
       247  3.82e+40
       246  4.13e+40
       245  4.47e+40
       245  4.84e+40
       244  5.23e+40
       243  5.66e+40
       242  6.11e+40
       241   6.6e+40
       240  7.13e+40
       239  7.69e+40
       238   8.3e+40
       237  8.95e+40
       236  9.65e+40
       235  1.04e+41
       234  1.12e+41
       233  1.21e+41
       232   1.3e+41
       231   1.4e+41
       230   1.5e+41
       229  1.61e+41
       228  1.73e+41
       227  1.86e+41
       226     2e+41
       225  2.14e+41
       225   2.3e+41
       224  2.46e+41
       223  2.64e+41
       222  2.82e+41
       221  3.02e+41
       220  3.23e+41
       219  3.46e+41
       218   3.7e+41
       217  3.95e+41
       216  4.22e+41
       215   4.5e+41
       214   4.8e+41
       213  5.12e+41
       212  5.45e+41
       211  5.81e+41
       210  6.19e+41
       209  6.58e+41
       208     7e+41
       207  7.44e+41
       206   7.9e+41
       205  8.39e+41
       204  8.91e+41
       204  9.45e+41
       203     1e+42
       202  1.06e+42
       201  1.12e+42
       200  1.19e+42
       199  1.26e+42
       198  1.33e+42
       197  1.41e+42
       196  1.48e+42
       195  1.57e+42
       194  1.65e+42
       193  1.74e+42
       192  1.84e+42
       191  1.93e+42
       190  2.03e+42
       189  2.14e+42
       188  2.25e+42
       187  2.36e+42
       186  2.48e+42
       185   2.6e+42
       184  2.73e+42
       183  2.86e+42
       183  2.99e+42
       182  3.13e+42
       181  3.28e+42
       180  3.42e+42
       179  3.58e+42
       178  3.73e+42
       177  3.89e+42
       176  4.06e+42
       175  4.23e+42
       174   4.4e+42
       173  4.57e+42
       172  4.76e+42
       171  4.94e+42
       170  5.13e+42
       169  5.32e+42
       168  5.51e+42
       167  5.71e+42
       166  5.91e+42
       165  6.11e+42
       164  6.31e+42
       163  6.52e+42
       163  6.72e+42
       162  6.93e+42
       161  7.14e+42
       160  7.35e+42
       159  7.56e+42
       158  7.77e+42
       157  7.97e+42
       156  8.18e+42
       155  8.39e+42
       154  8.59e+42
       153  8.79e+42
       152  8.99e+42
       151  9.18e+42
       150  9.37e+42
       149  9.56e+42
       148  9.74e+42
       147  9.91e+42
       146  1.01e+43
       145  1.02e+43
       144  1.04e+43
       143  1.05e+43
       142  1.07e+43
       142  1.08e+43
       141  1.09e+43
       140   1.1e+43
       139  1.11e+43
       138  1.12e+43
       137  1.13e+43
       136  1.14e+43
       135  1.14e+43
       134  1.15e+43
       133  1.15e+43
       132  1.15e+43
       131  1.16e+43
       130  1.15e+43
       129  1.15e+43
       128  1.15e+43
       127  1.15e+43
       126  1.14e+43
       125  1.13e+43
       124  1.12e+43
       123  1.12e+43
       122   1.1e+43
       121  1.09e+43
       121  1.08e+43
       120  1.06e+43
       119  1.05e+43
       118  1.03e+43
       117  1.01e+43
       116  9.96e+42
       115  9.76e+42
       114  9.56e+42
       113  9.34e+42
       112  9.12e+42
       111  8.89e+42
       110  8.65e+42
       109   8.4e+42
       108  8.16e+42
       107   7.9e+42
       106  7.64e+42
       105  7.38e+42
       104  7.12e+42
       103  6.86e+42
       102  6.59e+42
       101  6.33e+42
       101  6.06e+42
      99.5   5.8e+42
      98.6  5.54e+42
      97.6  5.28e+42
      96.7  5.02e+42
      95.7  4.77e+42
      94.8  4.52e+42
      93.8  4.28e+42
      92.9  4.04e+42
      91.9  3.81e+42
        91  3.59e+42
        90  3.37e+42
      89.1  3.16e+42
      88.1  2.95e+42
      87.1  2.75e+42
      86.2  2.56e+42
      85.2  2.38e+42
      84.3  2.21e+42
      83.3  2.04e+42
      82.4  1.89e+42
      81.4  1.74e+42
      80.5   1.6e+42
      79.5  1.46e+42
      78.6  1.34e+42
      77.6  1.22e+42
      76.7  1.11e+42
      75.7  1.01e+42
      74.7  9.11e+41
      73.8  8.22e+41
      72.8   7.4e+41
      71.9  6.64e+41
      70.9  5.94e+41
        70   5.3e+41
        69  4.72e+41
      68.1  4.18e+41
      67.1   3.7e+41
      66.2  3.26e+41
      65.2  2.86e+41
      64.3   2.5e+41
      63.3  2.18e+41
      62.3   1.9e+41
      61.4  1.65e+41
      60.4  1.42e+41
      59.5  1.22e+41
      58.5  1.05e+41
      57.6  8.91e+40
      56.6  7.57e+40
      55.7   6.4e+40
      54.7  5.39e+40
      53.8  4.52e+40
      52.8  3.78e+40
      51.9  3.14e+40
      50.9  2.59e+40
      49.9  2.13e+40
        49  1.75e+40
        48  1.42e+40
      47.1  1.15e+40
      46.1  9.27e+39
      45.2  7.42e+39
      44.2   5.9e+39
      43.3  4.67e+39
      42.3  3.67e+39
      41.4  2.86e+39
      40.4  2.22e+39
      39.5  1.71e+39
      38.5   1.3e+39
      37.5  9.89e+38
      36.6  7.43e+38
      35.6  5.54e+38
      34.7   4.1e+38
      33.7     3e+38
      32.8  2.18e+38
      31.8  1.56e+38
      30.9  1.11e+38
      29.9  7.79e+37
        29  5.41e+37
        28  3.71e+37
      27.1  2.51e+37
      26.1  1.68e+37
      25.1   1.1e+37
      24.2  7.16e+36
      23.2  4.56e+36
      22.3  2.86e+36
      21.3  1.76e+36
      20.4  1.06e+36
      19.4  6.22e+35
      18.5  3.58e+35
      17.5     2e+35
      16.6  1.09e+35
      15.6  5.76e+34
      14.7  2.94e+34
      13.7  1.44e+34
      12.7  6.78e+33
      11.8  3.04e+33
      10.8   1.3e+33
      9.89  5.22e+32
      8.93  1.99e+32
      7.98  7.32e+31
      7.03  2.79e+31
      6.07  1.21e+31
      5.12  6.33e+30
      4.16   3.7e+30
      3.21  2.24e+30
      2.26  1.35e+30
       1.3  8.03e+29
     0.348  4.72e+29
    -0.606  2.71e+29
     -1.56  1.53e+29
     -2.51  8.48e+28
     -3.47  4.59e+28
     -4.42  2.39e+28
     -5.37  1.23e+28
     -6.33  6.11e+27
     -7.28  2.81e+27
     -8.24  1.38e+27
     -9.19   5.5e+26
     -10.1  2.39e+26
     -11.1  9.77e+25
     -12.1  2.99e+25
       -13  1.26e+25
       -14  3.31e+24
     -14.9  8.86e+23
     -15.9  1.99e+23
     -16.8  1.16e+22
     -17.8   1.4e+22
     -18.7  3.46e+21
     -19.7  9.39e+20
     -20.6  1.95e+21
     -21.6 -3.69e+20
     -22.5 -3.59e+21
     -23.5  5.22e+15

pressure[atm]        = 1
temperature[K]           = 2400
energy step[1/cm]        = 334
maximum energy[kcal/mol] = 275

bimolecular PEDs:
   E, kcal    P1->P2
       275  3.24e+39
       274  3.54e+39
       273  3.88e+39
       272  4.24e+39
       271  4.63e+39
       270  5.06e+39
       269  5.53e+39
       268  6.04e+39
       267  6.59e+39
       266  7.19e+39
       266  7.84e+39
       265  8.55e+39
       264  9.32e+39
       263  1.02e+40
       262  1.11e+40
       261   1.2e+40
       260  1.31e+40
       259  1.43e+40
       258  1.55e+40
       257  1.69e+40
       256  1.83e+40
       255  1.99e+40
       254  2.16e+40
       253  2.35e+40
       252  2.55e+40
       251  2.76e+40
       250     3e+40
       249  3.25e+40
       248  3.52e+40
       247  3.81e+40
       246  4.13e+40
       245  4.47e+40
       245  4.84e+40
       244  5.23e+40
       243  5.65e+40
       242  6.11e+40
       241   6.6e+40
       240  7.12e+40
       239  7.69e+40
       238   8.3e+40
       237  8.95e+40
       236  9.64e+40
       235  1.04e+41
       234  1.12e+41
       233   1.2e+41
       232   1.3e+41
       231  1.39e+41
       230   1.5e+41
       229  1.61e+41
       228  1.73e+41
       227  1.86e+41
       226     2e+41
       225  2.14e+41
       225   2.3e+41
       224  2.46e+41
       223  2.64e+41
       222  2.82e+41
       221  3.02e+41
       220  3.23e+41
       219  3.46e+41
       218  3.69e+41
       217  3.95e+41
       216  4.21e+41
       215   4.5e+41
       214   4.8e+41
       213  5.12e+41
       212  5.45e+41
       211  5.81e+41
       210  6.18e+41
       209  6.58e+41
       208     7e+41
       207  7.44e+41
       206   7.9e+41
       205  8.39e+41
       204   8.9e+41
       204  9.44e+41
       203     1e+42
       202  1.06e+42
       201  1.12e+42
       200  1.19e+42
       199  1.26e+42
       198  1.33e+42
       197  1.41e+42
       196  1.48e+42
       195  1.57e+42
       194  1.65e+42
       193  1.74e+42
       192  1.84e+42
       191  1.93e+42
       190  2.03e+42
       189  2.14e+42
       188  2.25e+42
       187  2.36e+42
       186  2.48e+42
       185   2.6e+42
       184  2.73e+42
       183  2.86e+42
       183  2.99e+42
       182  3.13e+42
       181  3.27e+42
       180  3.42e+42
       179  3.57e+42
       178  3.73e+42
       177  3.89e+42
       176  4.06e+42
       175  4.22e+42
       174   4.4e+42
       173  4.57e+42
       172  4.75e+42
       171  4.94e+42
       170  5.12e+42
       169  5.32e+42
       168  5.51e+42
       167  5.71e+42
       166   5.9e+42
       165  6.11e+42
       164  6.31e+42
       163  6.51e+42
       163  6.72e+42
       162  6.93e+42
       161  7.14e+42
       160  7.35e+42
       159  7.56e+42
       158  7.76e+42
       157  7.97e+42
       156  8.18e+42
       155  8.38e+42
       154  8.59e+42
       153  8.79e+42
       152  8.99e+42
       151  9.18e+42
       150  9.37e+42
       149  9.55e+42
       148  9.73e+42
       147  9.91e+42
       146  1.01e+43
       145  1.02e+43
       144  1.04e+43
       143  1.05e+43
       142  1.07e+43
       142  1.08e+43
       141  1.09e+43
       140   1.1e+43
       139  1.11e+43
       138  1.12e+43
       137  1.13e+43
       136  1.14e+43
       135  1.14e+43
       134  1.15e+43
       133  1.15e+43
       132  1.15e+43
       131  1.16e+43
       130  1.15e+43
       129  1.15e+43
       128  1.15e+43
       127  1.15e+43
       126  1.14e+43
       125  1.13e+43
       124  1.13e+43
       123  1.12e+43
       122   1.1e+43
       121  1.09e+43
       121  1.08e+43
       120  1.07e+43
       119  1.05e+43
       118  1.03e+43
       117  1.01e+43
       116  9.96e+42
       115  9.76e+42
       114  9.56e+42
       113  9.34e+42
       112  9.12e+42
       111  8.89e+42
       110  8.65e+42
       109  8.41e+42
       108  8.16e+42
       107   7.9e+42
       106  7.65e+42
       105  7.39e+42
       104  7.12e+42
       103  6.86e+42
       102   6.6e+42
       101  6.33e+42
       101  6.06e+42
      99.5   5.8e+42
      98.6  5.54e+42
      97.6  5.28e+42
      96.7  5.03e+42
      95.7  4.77e+42
      94.8  4.53e+42
      93.8  4.28e+42
      92.9  4.05e+42
      91.9  3.81e+42
        91  3.59e+42
        90  3.37e+42
      89.1  3.16e+42
      88.1  2.95e+42
      87.1  2.76e+42
      86.2  2.57e+42
      85.2  2.39e+42
      84.3  2.21e+42
      83.3  2.05e+42
      82.4  1.89e+42
      81.4  1.74e+42
      80.5   1.6e+42
      79.5  1.46e+42
      78.6  1.34e+42
      77.6  1.22e+42
      76.7  1.11e+42
      75.7  1.01e+42
      74.7  9.12e+41
      73.8  8.23e+41
      72.8  7.41e+41
      71.9  6.65e+41
      70.9  5.95e+41
        70  5.31e+41
        69  4.72e+41
      68.1  4.19e+41
      67.1   3.7e+41
      66.2  3.26e+41
      65.2  2.87e+41
      64.3  2.51e+41
      63.3  2.19e+41
      62.3   1.9e+41
      61.4  1.65e+41
      60.4  1.42e+41
      59.5  1.22e+41
      58.5  1.05e+41
      57.6  8.93e+40
      56.6  7.59e+40
      55.7  6.42e+40
      54.7  5.41e+40
      53.8  4.53e+40
      52.8  3.78e+40
      51.9  3.14e+40
      50.9   2.6e+40
      49.9  2.14e+40
        49  1.75e+40
        48  1.43e+40
      47.1  1.15e+40
      46.1   9.3e+39
      45.2  7.44e+39
      44.2  5.92e+39
      43.3  4.69e+39
      42.3  3.68e+39
      41.4  2.87e+39
      40.4  2.23e+39
      39.5  1.72e+39
      38.5  1.31e+39
      37.5  9.94e+38
      36.6  7.47e+38
      35.6  5.57e+38
      34.7  4.12e+38
      33.7  3.02e+38
      32.8  2.19e+38
      31.8  1.57e+38
      30.9  1.12e+38
      29.9  7.86e+37
        29  5.47e+37
        28  3.75e+37
      27.1  2.54e+37
      26.1   1.7e+37
      25.1  1.12e+37
      24.2  7.28e+36
      23.2  4.65e+36
      22.3  2.92e+36
      21.3   1.8e+36
      20.4  1.09e+36
      19.4  6.46e+35
      18.5  3.74e+35
      17.5  2.12e+35
      16.6  1.17e+35
      15.6  6.31e+34
      14.7  3.31e+34
      13.7  1.69e+34
      12.7  8.48e+33
      11.8  4.18e+33
      10.8  2.05e+33
      9.89  1.02e+33
      8.93  5.22e+32
      7.98  2.83e+32
      7.03  1.62e+32
      6.07  9.75e+31
      5.12     6e+31
      4.16   3.7e+31
      3.21  2.27e+31
      2.26  1.37e+31
       1.3  8.19e+30
     0.348  4.82e+30
    -0.606  2.77e+30
     -1.56  1.57e+30
     -2.51  8.71e+29
     -3.47  4.71e+29
     -4.42   2.5e+29
     -5.37  1.28e+29
     -6.33  6.34e+28
     -7.28  3.12e+28
     -8.24  1.37e+28
     -9.19  6.49e+27
     -10.1  2.55e+27
     -11.1  1.08e+27
     -12.1  3.95e+26
       -13  1.42e+26
       -14  4.79e+25
     -14.9  1.43e+25
     -15.9  4.16e+24
     -16.8 -2.28e+23
     -17.8  3.41e+23
     -18.7  8.68e+22
     -19.7   1.8e+22
     -20.6  5.04e+21
     -21.6   3.6e+19
     -22.5  1.14e+20
     -23.5  5.51e+17

pressure[atm]        = 10
temperature[K]           = 2400
energy step[1/cm]        = 334
maximum energy[kcal/mol] = 275

bimolecular PEDs:
   E, kcal    P1->P2
       275  3.17e+39
       274  3.47e+39
       273  3.81e+39
       272  4.17e+39
       271  4.57e+39
       270     5e+39
       269  5.46e+39
       268  5.97e+39
       267  6.52e+39
       266  7.12e+39
       266  7.77e+39
       265  8.48e+39
       264  9.24e+39
       263  1.01e+40
       262   1.1e+40
       261  1.19e+40
       260   1.3e+40
       259  1.41e+40
       258  1.54e+40
       257  1.67e+40
       256  1.82e+40
       255  1.98e+40
       254  2.15e+40
       253  2.33e+40
       252  2.53e+40
       251  2.74e+40
       250  2.98e+40
       249  3.23e+40
       248  3.49e+40
       247  3.79e+40
       246   4.1e+40
       245  4.44e+40
       245   4.8e+40
       244  5.19e+40
       243  5.61e+40
       242  6.07e+40
       241  6.55e+40
       240  7.07e+40
       239  7.64e+40
       238  8.24e+40
       237  8.88e+40
       236  9.58e+40
       235  1.03e+41
       234  1.11e+41
       233   1.2e+41
       232  1.29e+41
       231  1.39e+41
       230  1.49e+41
       229   1.6e+41
       228  1.72e+41
       227  1.85e+41
       226  1.98e+41
       225  2.13e+41
       225  2.28e+41
       224  2.44e+41
       223  2.62e+41
       222  2.81e+41
       221     3e+41
       220  3.21e+41
       219  3.44e+41
       218  3.67e+41
       217  3.92e+41
       216  4.19e+41
       215  4.47e+41
       214  4.77e+41
       213  5.09e+41
       212  5.42e+41
       211  5.77e+41
       210  6.15e+41
       209  6.54e+41
       208  6.96e+41
       207   7.4e+41
       206  7.86e+41
       205  8.34e+41
       204  8.86e+41
       204   9.4e+41
       203  9.96e+41
       202  1.06e+42
       201  1.12e+42
       200  1.18e+42
       199  1.25e+42
       198  1.32e+42
       197   1.4e+42
       196  1.48e+42
       195  1.56e+42
       194  1.64e+42
       193  1.73e+42
       192  1.83e+42
       191  1.92e+42
       190  2.02e+42
       189  2.13e+42
       188  2.24e+42
       187  2.35e+42
       186  2.47e+42
       185  2.59e+42
       184  2.72e+42
       183  2.85e+42
       183  2.98e+42
       182  3.12e+42
       181  3.26e+42
       180  3.41e+42
       179  3.56e+42
       178  3.72e+42
       177  3.88e+42
       176  4.04e+42
       175  4.21e+42
       174  4.38e+42
       173  4.56e+42
       172  4.74e+42
       171  4.92e+42
       170  5.11e+42
       169   5.3e+42
       168  5.49e+42
       167  5.69e+42
       166  5.89e+42
       165  6.09e+42
       164  6.29e+42
       163   6.5e+42
       163   6.7e+42
       162  6.91e+42
       161  7.12e+42
       160  7.33e+42
       159  7.54e+42
       158  7.75e+42
       157  7.95e+42
       156  8.16e+42
       155  8.37e+42
       154  8.57e+42
       153  8.77e+42
       152  8.97e+42
       151  9.16e+42
       150  9.35e+42
       149  9.54e+42
       148  9.72e+42
       147   9.9e+42
       146  1.01e+43
       145  1.02e+43
       144  1.04e+43
       143  1.05e+43
       142  1.07e+43
       142  1.08e+43
       141  1.09e+43
       140   1.1e+43
       139  1.11e+43
       138  1.12e+43
       137  1.13e+43
       136  1.14e+43
       135  1.14e+43
       134  1.15e+43
       133  1.15e+43
       132  1.15e+43
       131  1.16e+43
       130  1.16e+43
       129  1.15e+43
       128  1.15e+43
       127  1.15e+43
       126  1.14e+43
       125  1.13e+43
       124  1.13e+43
       123  1.12e+43
       122  1.11e+43
       121  1.09e+43
       121  1.08e+43
       120  1.07e+43
       119  1.05e+43
       118  1.03e+43
       117  1.02e+43
       116  9.98e+42
       115  9.78e+42
       114  9.58e+42
       113  9.36e+42
       112  9.14e+42
       111  8.91e+42
       110  8.67e+42
       109  8.43e+42
       108  8.18e+42
       107  7.93e+42
       106  7.67e+42
       105  7.41e+42
       104  7.15e+42
       103  6.88e+42
       102  6.62e+42
       101  6.35e+42
       101  6.09e+42
      99.5  5.83e+42
      98.6  5.56e+42
      97.6   5.3e+42
      96.7  5.05e+42
      95.7   4.8e+42
      94.8  4.55e+42
      93.8  4.31e+42
      92.9  4.07e+42
      91.9  3.84e+42
        91  3.61e+42
        90  3.39e+42
      89.1  3.18e+42
      88.1  2.97e+42
      87.1  2.77e+42
      86.2  2.58e+42
      85.2   2.4e+42
      84.3  2.23e+42
      83.3  2.06e+42
      82.4   1.9e+42
      81.4  1.75e+42
      80.5  1.61e+42
      79.5  1.48e+42
      78.6  1.35e+42
      77.6  1.23e+42
      76.7  1.12e+42
      75.7  1.02e+42
      74.7  9.22e+41
      73.8  8.32e+41
      72.8  7.49e+41
      71.9  6.72e+41
      70.9  6.02e+41
        70  5.37e+41
        69  4.78e+41
      68.1  4.24e+41
      67.1  3.75e+41
      66.2  3.31e+41
      65.2  2.91e+41
      64.3  2.55e+41
      63.3  2.22e+41
      62.3  1.93e+41
      61.4  1.67e+41
      60.4  1.45e+41
      59.5  1.24e+41
      58.5  1.07e+41
      57.6   9.1e+40
      56.6  7.73e+40
      55.7  6.55e+40
      54.7  5.52e+40
      53.8  4.63e+40
      52.8  3.87e+40
      51.9  3.22e+40
      50.9  2.66e+40
      49.9  2.19e+40
        49   1.8e+40
        48  1.47e+40
      47.1  1.19e+40
      46.1  9.59e+39
      45.2  7.69e+39
      44.2  6.13e+39
      43.3  4.85e+39
      42.3  3.82e+39
      41.4  2.99e+39
      40.4  2.32e+39
      39.5  1.79e+39
      38.5  1.37e+39
      37.5  1.04e+39
      36.6  7.87e+38
      35.6  5.89e+38
      34.7  4.37e+38
      33.7  3.22e+38
      32.8  2.35e+38
      31.8  1.69e+38
      30.9  1.21e+38
      29.9  8.59e+37
        29  6.02e+37
        28  4.17e+37
      27.1  2.86e+37
      26.1  1.94e+37
      25.1   1.3e+37
      24.2  8.57e+36
      23.2  5.59e+36
      22.3   3.6e+36
      21.3  2.29e+36
      20.4  1.44e+36
      19.4  8.96e+35
      18.5   5.5e+35
      17.5  3.35e+35
      16.6  2.03e+35
      15.6  1.22e+35
      14.7  7.37e+34
      13.7  4.46e+34
      12.7  2.72e+34
      11.8  1.67e+34
      10.8  1.04e+34
      9.89  6.55e+33
      8.93  4.16e+33
      7.98  2.65e+33
      7.03  1.69e+33
      6.07  1.08e+33
      5.12   6.8e+32
      4.16  4.27e+32
      3.21  2.64e+32
      2.26  1.62e+32
       1.3   9.8e+31
     0.348  5.84e+31
    -0.606  3.43e+31
     -1.56  1.99e+31
     -2.51  1.13e+31
     -3.47  6.29e+30
     -4.42  3.44e+30
     -5.37  1.84e+30
     -6.33  9.65e+29
     -7.28  4.87e+29
     -8.24  2.44e+29
     -9.19  1.17e+29
     -10.1  5.47e+28
     -11.1  2.49e+28
     -12.1  1.08e+28
       -13  4.58e+27
       -14  1.85e+27
     -14.9  7.15e+26
     -15.9  2.63e+26
     -16.8  8.98e+25
     -17.8  2.84e+25
     -18.7  8.21e+24
     -19.7  2.04e+24
     -20.6   4.3e+23
     -21.6  7.48e+22
     -22.5  8.89e+21
     -23.5   3.7e+18

pressure[atm]        = 100
temperature[K]           = 2400
energy step[1/cm]        = 334
maximum energy[kcal/mol] = 275

bimolecular PEDs:
   E, kcal    P1->P2
       275  2.78e+39
       274  3.06e+39
       273  3.37e+39
       272   3.7e+39
       271  4.07e+39
       270  4.47e+39
       269  4.91e+39
       268  5.38e+39
       267   5.9e+39
       266  6.46e+39
       266  7.07e+39
       265  7.73e+39
       264  8.44e+39
       263  9.22e+39
       262  1.01e+40
       261   1.1e+40
       260   1.2e+40
       259   1.3e+40
       258  1.42e+40
       257  1.54e+40
       256  1.68e+40
       255  1.83e+40
       254  1.99e+40
       253  2.16e+40
       252  2.34e+40
       251  2.54e+40
       250  2.76e+40
       249     3e+40
       248  3.25e+40
       247  3.52e+40
       246  3.81e+40
       245  4.13e+40
       245  4.47e+40
       244  4.84e+40
       243  5.23e+40
       242  5.66e+40
       241  6.11e+40
       240   6.6e+40
       239  7.13e+40
       238   7.7e+40
       237   8.3e+40
       236  8.96e+40
       235  9.65e+40
       234  1.04e+41
       233  1.12e+41
       232  1.21e+41
       231   1.3e+41
       230   1.4e+41
       229   1.5e+41
       228  1.61e+41
       227  1.73e+41
       226  1.86e+41
       225     2e+41
       225  2.14e+41
       224   2.3e+41
       223  2.46e+41
       222  2.64e+41
       221  2.83e+41
       220  3.03e+41
       219  3.24e+41
       218  3.46e+41
       217   3.7e+41
       216  3.95e+41
       215  4.22e+41
       214  4.51e+41
       213  4.81e+41
       212  5.13e+41
       211  5.46e+41
       210  5.82e+41
       209  6.19e+41
       208  6.59e+41
       207  7.01e+41
       206  7.45e+41
       205  7.92e+41
       204  8.41e+41
       204  8.92e+41
       203  9.47e+41
       202     1e+42
       201  1.06e+42
       200  1.13e+42
       199  1.19e+42
       198  1.26e+42
       197  1.33e+42
       196  1.41e+42
       195  1.49e+42
       194  1.57e+42
       193  1.66e+42
       192  1.75e+42
       191  1.84e+42
       190  1.94e+42
       189  2.04e+42
       188  2.14e+42
       187  2.25e+42
       186  2.37e+42
       185  2.48e+42
       184  2.61e+42
       183  2.73e+42
       183  2.86e+42
       182     3e+42
       181  3.14e+42
       180  3.28e+42
       179  3.43e+42
       178  3.58e+42
       177  3.74e+42
       176   3.9e+42
       175  4.06e+42
       174  4.23e+42
       173  4.41e+42
       172  4.58e+42
       171  4.76e+42
       170  4.95e+42
       169  5.13e+42
       168  5.33e+42
       167  5.52e+42
       166  5.72e+42
       165  5.92e+42
       164  6.12e+42
       163  6.32e+42
       163  6.53e+42
       162  6.73e+42
       161  6.94e+42
       160  7.15e+42
       159  7.36e+42
       158  7.57e+42
       157  7.78e+42
       156  7.99e+42
       155  8.19e+42
       154   8.4e+42
       153   8.6e+42
       152   8.8e+42
       151     9e+42
       150  9.19e+42
       149  9.38e+42
       148  9.57e+42
       147  9.75e+42
       146  9.92e+42
       145  1.01e+43
       144  1.03e+43
       143  1.04e+43
       142  1.06e+43
       142  1.07e+43
       141  1.08e+43
       140  1.09e+43
       139  1.11e+43
       138  1.12e+43
       137  1.12e+43
       136  1.13e+43
       135  1.14e+43
       134  1.14e+43
       133  1.15e+43
       132  1.15e+43
       131  1.15e+43
       130  1.16e+43
       129  1.16e+43
       128  1.15e+43
       127  1.15e+43
       126  1.15e+43
       125  1.14e+43
       124  1.13e+43
       123  1.13e+43
       122  1.12e+43
       121   1.1e+43
       121  1.09e+43
       120  1.08e+43
       119  1.06e+43
       118  1.05e+43
       117  1.03e+43
       116  1.01e+43
       115  9.96e+42
       114  9.76e+42
       113  9.55e+42
       112  9.34e+42
       111  9.12e+42
       110  8.88e+42
       109  8.65e+42
       108   8.4e+42
       107  8.16e+42
       106   7.9e+42
       105  7.65e+42
       104  7.39e+42
       103  7.12e+42
       102  6.86e+42
       101   6.6e+42
       101  6.33e+42
      99.5  6.07e+42
      98.6   5.8e+42
      97.6  5.54e+42
      96.7  5.28e+42
      95.7  5.03e+42
      94.8  4.78e+42
      93.8  4.53e+42
      92.9  4.29e+42
      91.9  4.05e+42
        91  3.82e+42
        90   3.6e+42
      89.1  3.38e+42
      88.1  3.17e+42
      87.1  2.96e+42
      86.2  2.77e+42
      85.2  2.58e+42
      84.3  2.39e+42
      83.3  2.22e+42
      82.4  2.06e+42
      81.4   1.9e+42
      80.5  1.75e+42
      79.5  1.61e+42
      78.6  1.48e+42
      77.6  1.35e+42
      76.7  1.23e+42
      75.7  1.12e+42
      74.7  1.02e+42
      73.8  9.23e+41
      72.8  8.34e+41
      71.9  7.51e+41
      70.9  6.75e+41
        70  6.05e+41
        69   5.4e+41
      68.1  4.81e+41
      67.1  4.27e+41
      66.2  3.78e+41
      65.2  3.34e+41
      64.3  2.94e+41
      63.3  2.58e+41
      62.3  2.26e+41
      61.4  1.97e+41
      60.4  1.71e+41
      59.5  1.48e+41
      58.5  1.27e+41
      57.6  1.09e+41
      56.6  9.37e+40
      55.7  7.99e+40
      54.7  6.79e+40
      53.8  5.74e+40
      52.8  4.84e+40
      51.9  4.06e+40
      50.9  3.39e+40
      49.9  2.82e+40
        49  2.34e+40
        48  1.93e+40
      47.1  1.58e+40
      46.1  1.29e+40
      45.2  1.05e+40
      44.2  8.51e+39
      43.3  6.85e+39
      42.3  5.49e+39
      41.4  4.37e+39
      40.4  3.46e+39
      39.5  2.73e+39
      38.5  2.14e+39
      37.5  1.67e+39
      36.6  1.29e+39
      35.6  9.97e+38
      34.7  7.64e+38
      33.7  5.83e+38
      32.8  4.41e+38
      31.8  3.33e+38
      30.9  2.49e+38
      29.9  1.86e+38
        29  1.37e+38
        28  1.01e+38
      27.1  7.43e+37
      26.1  5.42e+37
      25.1  3.93e+37
      24.2  2.84e+37
      23.2  2.04e+37
      22.3  1.46e+37
      21.3  1.05e+37
      20.4  7.44e+36
      19.4  5.28e+36
      18.5  3.73e+36
      17.5  2.63e+36
      16.6  1.85e+36
      15.6   1.3e+36
      14.7  9.05e+35
      13.7   6.3e+35
      12.7  4.37e+35
      11.8  3.01e+35
      10.8  2.07e+35
      9.89  1.42e+35
      8.93  9.62e+34
      7.98  6.51e+34
      7.03  4.37e+34
      6.07  2.92e+34
      5.12  1.94e+34
      4.16  1.27e+34
      3.21  8.33e+33
      2.26   5.4e+33
       1.3  3.47e+33
     0.348  2.21e+33
    -0.606  1.39e+33
     -1.56  8.68e+32
     -2.51  5.35e+32
     -3.47  3.26e+32
     -4.42  1.95e+32
     -5.37  1.15e+32
     -6.33   6.7e+31
     -7.28  3.81e+31
     -8.24  2.12e+31
     -9.19  1.15e+31
     -10.1  6.03e+30
     -11.1  3.07e+30
     -12.1   1.5e+30
       -13  7.04e+29
       -14  3.14e+29
     -14.9  1.33e+29
     -15.9  5.24e+28
     -16.8  1.93e+28
     -17.8  6.48e+27
     -18.7  1.95e+27
     -19.7   5.2e+26
     -20.6  1.16e+26
     -21.6  2.03e+25
     -22.5  2.65e+24
     -23.5  1.91e+20

pressure[atm]        = 0.01
temperature[K]           = 2500
energy step[1/cm]        = 348
maximum energy[kcal/mol] = 289

bimolecular PEDs:
   E, kcal    P1->P2
       289  1.51e+40
       288  1.65e+40
       287  1.81e+40
       286  1.97e+40
       285  2.16e+40
       284  2.36e+40
       283  2.57e+40
       282  2.81e+40
       281  3.07e+40
       280  3.35e+40
       279  3.65e+40
       278  3.98e+40
       277  4.34e+40
       276  4.73e+40
       275  5.15e+40
       274  5.61e+40
       273   6.1e+40
       272  6.64e+40
       271  7.22e+40
       270  7.85e+40
       269  8.53e+40
       268  9.27e+40
       267  1.01e+41
       266  1.09e+41
       265  1.19e+41
       264  1.29e+41
       263   1.4e+41
       262  1.51e+41
       261  1.64e+41
       260  1.78e+41
       259  1.92e+41
       258  2.08e+41
       257  2.25e+41
       256  2.44e+41
       255  2.63e+41
       254  2.84e+41
       253  3.07e+41
       252  3.32e+41
       251  3.58e+41
       250  3.86e+41
       249  4.17e+41
       248  4.49e+41
       247  4.84e+41
       246  5.21e+41
       245  5.61e+41
       244  6.04e+41
       243   6.5e+41
       242  6.99e+41
       241  7.51e+41
       240  8.07e+41
       239  8.66e+41
       238   9.3e+41
       237  9.98e+41
       236  1.07e+42
       235  1.15e+42
       234  1.23e+42
       233  1.32e+42
       232  1.41e+42
       231  1.51e+42
       230  1.61e+42
       229  1.72e+42
       228  1.84e+42
       227  1.97e+42
       226   2.1e+42
       225  2.24e+42
       224  2.39e+42
       223  2.54e+42
       222  2.71e+42
       221  2.88e+42
       220  3.07e+42
       219  3.26e+42
       218  3.47e+42
       217  3.69e+42
       216  3.92e+42
       215  4.16e+42
       214  4.41e+42
       213  4.67e+42
       212  4.95e+42
       211  5.25e+42
       210  5.55e+42
       209  5.88e+42
       208  6.21e+42
       207  6.56e+42
       206  6.93e+42
       205  7.32e+42
       204  7.72e+42
       203  8.14e+42
       202  8.58e+42
       201  9.03e+42
       200  9.51e+42
       199     1e+43
       198  1.05e+43
       197   1.1e+43
       196  1.16e+43
       195  1.22e+43
       194  1.28e+43
       193  1.34e+43
       192   1.4e+43
       191  1.47e+43
       190  1.53e+43
       189   1.6e+43
       188  1.67e+43
       187  1.75e+43
       186  1.82e+43
       185   1.9e+43
       184  1.98e+43
       183  2.06e+43
       182  2.14e+43
       181  2.23e+43
       180  2.31e+43
       179   2.4e+43
       178  2.49e+43
       177  2.58e+43
       176  2.68e+43
       175  2.77e+43
       174  2.87e+43
       173  2.96e+43
       172  3.06e+43
       171  3.16e+43
       170  3.25e+43
       169  3.35e+43
       168  3.45e+43
       167  3.55e+43
       166  3.65e+43
       165  3.75e+43
       164  3.85e+43
       163  3.94e+43
       162  4.04e+43
       161  4.14e+43
       160  4.23e+43
       159  4.32e+43
       158  4.41e+43
       157   4.5e+43
       157  4.59e+43
       156  4.67e+43
       155  4.75e+43
       154  4.83e+43
       153  4.91e+43
       152  4.98e+43
       151  5.04e+43
       150  5.11e+43
       149  5.17e+43
       148  5.22e+43
       147  5.27e+43
       146  5.32e+43
       145  5.36e+43
       144  5.39e+43
       143  5.42e+43
       142  5.44e+43
       141  5.46e+43
       140  5.47e+43
       139  5.48e+43
       138  5.48e+43
       137  5.48e+43
       136  5.46e+43
       135  5.45e+43
       134  5.42e+43
       133  5.39e+43
       132  5.36e+43
       131  5.31e+43
       130  5.26e+43
       129  5.21e+43
       128  5.15e+43
       127  5.08e+43
       126  5.01e+43
       125  4.94e+43
       124  4.85e+43
       123  4.77e+43
       122  4.67e+43
       121  4.58e+43
       120  4.48e+43
       119  4.37e+43
       118  4.27e+43
       117  4.16e+43
       116  4.04e+43
       115  3.93e+43
       114  3.81e+43
       113  3.69e+43
       112  3.56e+43
       111  3.44e+43
       110  3.32e+43
       109  3.19e+43
       108  3.06e+43
       107  2.94e+43
       106  2.81e+43
       105  2.69e+43
       104  2.57e+43
       103  2.45e+43
       102  2.33e+43
       101  2.21e+43
      99.9  2.09e+43
      98.9  1.98e+43
      97.9  1.87e+43
      96.9  1.76e+43
      95.9  1.65e+43
      94.9  1.55e+43
      93.9  1.45e+43
      92.9  1.36e+43
      91.9  1.27e+43
      90.9  1.18e+43
      89.9  1.09e+43
      88.9  1.01e+43
      87.9  9.38e+42
        87  8.65e+42
        86  7.96e+42
        85  7.31e+42
        84   6.7e+42
        83  6.12e+42
        82  5.58e+42
        81  5.07e+42
        80   4.6e+42
        79  4.16e+42
        78  3.75e+42
        77  3.37e+42
        76  3.03e+42
        75  2.71e+42
        74  2.41e+42
        73  2.15e+42
        72   1.9e+42
      71.1  1.68e+42
      70.1  1.48e+42
      69.1   1.3e+42
      68.1  1.14e+42
      67.1  9.93e+41
      66.1  8.63e+41
      65.1  7.47e+41
      64.1  6.45e+41
      63.1  5.54e+41
      62.1  4.74e+41
      61.1  4.05e+41
      60.1  3.44e+41
      59.1  2.91e+41
      58.1  2.45e+41
      57.1  2.05e+41
      56.2  1.72e+41
      55.2  1.43e+41
      54.2  1.18e+41
      53.2  9.71e+40
      52.2  7.95e+40
      51.2  6.48e+40
      50.2  5.25e+40
      49.2  4.23e+40
      48.2  3.39e+40
      47.2   2.7e+40
      46.2  2.14e+40
      45.2  1.68e+40
      44.2  1.32e+40
      43.2  1.02e+40
      42.2  7.88e+39
      41.2  6.03e+39
      40.3  4.58e+39
      39.3  3.45e+39
      38.3  2.58e+39
      37.3  1.91e+39
      36.3  1.41e+39
      35.3  1.02e+39
      34.3  7.38e+38
      33.3  5.27e+38
      32.3  3.72e+38
      31.3   2.6e+38
      30.3  1.79e+38
      29.3  1.22e+38
      28.3  8.22e+37
      27.3  5.45e+37
      26.3  3.57e+37
      25.4  2.29e+37
      24.4  1.45e+37
      23.4  9.03e+36
      22.4  5.51e+36
      21.4  3.29e+36
      20.4  1.92e+36
      19.4   1.1e+36
      18.4  6.11e+35
      17.4   3.3e+35
      16.4  1.73e+35
      15.4  8.72e+34
      14.4  4.23e+34
      13.4  1.97e+34
      12.4  8.68e+33
      11.4  3.62e+33
      10.4   1.4e+33
      9.45  4.99e+32
      8.46  1.59e+32
      7.47  4.49e+31
      6.47  1.15e+31
      5.48  3.11e+30
      4.48  1.18e+30
      3.49  6.15e+29
       2.5  3.58e+29
       1.5   2.1e+29
      0.51  1.22e+29
    -0.483  6.78e+28
     -1.48  3.93e+28
     -2.47  2.02e+28
     -3.46  1.13e+28
     -4.46  5.58e+27
     -5.45  2.84e+27
     -6.44  1.36e+27
     -7.44  6.26e+26
     -8.43  2.76e+26
     -9.43  1.15e+26
     -10.4  4.43e+25
     -11.4   1.7e+25
     -12.4   7.7e+24
     -13.4  2.18e+24
     -14.4  3.35e+23
     -15.4  1.84e+23
     -16.4  1.94e+23
     -17.4  2.78e+22
     -18.4  5.78e+22
     -19.4 -1.09e+22
     -20.4  2.39e+21
     -21.3  2.67e+20
     -22.3 -4.29e+19
     -23.3 -7.46e+15

pressure[atm]        = 0.1
temperature[K]           = 2500
energy step[1/cm]        = 348
maximum energy[kcal/mol] = 289

bimolecular PEDs:
   E, kcal    P1->P2
       289  1.51e+40
       288  1.65e+40
       287  1.81e+40
       286  1.97e+40
       285  2.16e+40
       284  2.36e+40
       283  2.57e+40
       282  2.81e+40
       281  3.07e+40
       280  3.35e+40
       279  3.65e+40
       278  3.98e+40
       277  4.34e+40
       276  4.73e+40
       275  5.15e+40
       274  5.61e+40
       273   6.1e+40
       272  6.64e+40
       271  7.22e+40
       270  7.85e+40
       269  8.53e+40
       268  9.27e+40
       267  1.01e+41
       266  1.09e+41
       265  1.19e+41
       264  1.29e+41
       263   1.4e+41
       262  1.51e+41
       261  1.64e+41
       260  1.78e+41
       259  1.92e+41
       258  2.08e+41
       257  2.25e+41
       256  2.44e+41
       255  2.63e+41
       254  2.84e+41
       253  3.07e+41
       252  3.32e+41
       251  3.58e+41
       250  3.86e+41
       249  4.17e+41
       248  4.49e+41
       247  4.84e+41
       246  5.21e+41
       245  5.61e+41
       244  6.04e+41
       243   6.5e+41
       242  6.99e+41
       241  7.51e+41
       240  8.07e+41
       239  8.66e+41
       238   9.3e+41
       237  9.98e+41
       236  1.07e+42
       235  1.15e+42
       234  1.23e+42
       233  1.32e+42
       232  1.41e+42
       231  1.51e+42
       230  1.61e+42
       229  1.72e+42
       228  1.84e+42
       227  1.97e+42
       226   2.1e+42
       225  2.24e+42
       224  2.39e+42
       223  2.54e+42
       222  2.71e+42
       221  2.88e+42
       220  3.07e+42
       219  3.26e+42
       218  3.47e+42
       217  3.69e+42
       216  3.92e+42
       215  4.16e+42
       214  4.41e+42
       213  4.67e+42
       212  4.95e+42
       211  5.25e+42
       210  5.55e+42
       209  5.87e+42
       208  6.21e+42
       207  6.56e+42
       206  6.93e+42
       205  7.32e+42
       204  7.72e+42
       203  8.14e+42
       202  8.58e+42
       201  9.03e+42
       200  9.51e+42
       199     1e+43
       198  1.05e+43
       197   1.1e+43
       196  1.16e+43
       195  1.22e+43
       194  1.28e+43
       193  1.34e+43
       192   1.4e+43
       191  1.47e+43
       190  1.53e+43
       189   1.6e+43
       188  1.67e+43
       187  1.75e+43
       186  1.82e+43
       185   1.9e+43
       184  1.98e+43
       183  2.06e+43
       182  2.14e+43
       181  2.23e+43
       180  2.31e+43
       179   2.4e+43
       178  2.49e+43
       177  2.58e+43
       176  2.68e+43
       175  2.77e+43
       174  2.87e+43
       173  2.96e+43
       172  3.06e+43
       171  3.16e+43
       170  3.25e+43
       169  3.35e+43
       168  3.45e+43
       167  3.55e+43
       166  3.65e+43
       165  3.75e+43
       164  3.85e+43
       163  3.94e+43
       162  4.04e+43
       161  4.14e+43
       160  4.23e+43
       159  4.32e+43
       158  4.41e+43
       157   4.5e+43
       157  4.59e+43
       156  4.67e+43
       155  4.75e+43
       154  4.83e+43
       153  4.91e+43
       152  4.98e+43
       151  5.04e+43
       150  5.11e+43
       149  5.17e+43
       148  5.22e+43
       147  5.27e+43
       146  5.32e+43
       145  5.36e+43
       144  5.39e+43
       143  5.42e+43
       142  5.44e+43
       141  5.46e+43
       140  5.47e+43
       139  5.48e+43
       138  5.48e+43
       137  5.48e+43
       136  5.46e+43
       135  5.45e+43
       134  5.42e+43
       133  5.39e+43
       132  5.36e+43
       131  5.31e+43
       130  5.26e+43
       129  5.21e+43
       128  5.15e+43
       127  5.08e+43
       126  5.01e+43
       125  4.94e+43
       124  4.85e+43
       123  4.77e+43
       122  4.67e+43
       121  4.58e+43
       120  4.48e+43
       119  4.37e+43
       118  4.27e+43
       117  4.16e+43
       116  4.04e+43
       115  3.93e+43
       114  3.81e+43
       113  3.69e+43
       112  3.56e+43
       111  3.44e+43
       110  3.32e+43
       109  3.19e+43
       108  3.06e+43
       107  2.94e+43
       106  2.81e+43
       105  2.69e+43
       104  2.57e+43
       103  2.45e+43
       102  2.33e+43
       101  2.21e+43
      99.9  2.09e+43
      98.9  1.98e+43
      97.9  1.87e+43
      96.9  1.76e+43
      95.9  1.65e+43
      94.9  1.55e+43
      93.9  1.45e+43
      92.9  1.36e+43
      91.9  1.27e+43
      90.9  1.18e+43
      89.9  1.09e+43
      88.9  1.01e+43
      87.9  9.38e+42
        87  8.65e+42
        86  7.96e+42
        85  7.31e+42
        84   6.7e+42
        83  6.12e+42
        82  5.58e+42
        81  5.07e+42
        80   4.6e+42
        79  4.16e+42
        78  3.75e+42
        77  3.37e+42
        76  3.03e+42
        75  2.71e+42
        74  2.41e+42
        73  2.15e+42
        72   1.9e+42
      71.1  1.68e+42
      70.1  1.48e+42
      69.1   1.3e+42
      68.1  1.14e+42
      67.1  9.93e+41
      66.1  8.63e+41
      65.1  7.47e+41
      64.1  6.45e+41
      63.1  5.54e+41
      62.1  4.75e+41
      61.1  4.05e+41
      60.1  3.44e+41
      59.1  2.91e+41
      58.1  2.45e+41
      57.1  2.06e+41
      56.2  1.72e+41
      55.2  1.43e+41
      54.2  1.18e+41
      53.2  9.71e+40
      52.2  7.95e+40
      51.2  6.48e+40
      50.2  5.25e+40
      49.2  4.23e+40
      48.2  3.39e+40
      47.2   2.7e+40
      46.2  2.14e+40
      45.2  1.68e+40
      44.2  1.32e+40
      43.2  1.02e+40
      42.2  7.88e+39
      41.2  6.03e+39
      40.3  4.58e+39
      39.3  3.46e+39
      38.3  2.58e+39
      37.3  1.92e+39
      36.3  1.41e+39
      35.3  1.02e+39
      34.3  7.39e+38
      33.3  5.27e+38
      32.3  3.72e+38
      31.3   2.6e+38
      30.3  1.79e+38
      29.3  1.22e+38
      28.3  8.23e+37
      27.3  5.46e+37
      26.3  3.57e+37
      25.4   2.3e+37
      24.4  1.46e+37
      23.4  9.05e+36
      22.4  5.52e+36
      21.4   3.3e+36
      20.4  1.93e+36
      19.4   1.1e+36
      18.4  6.14e+35
      17.4  3.32e+35
      16.4  1.74e+35
      15.4  8.83e+34
      14.4  4.31e+34
      13.4  2.02e+34
      12.4  9.01e+33
      11.4  3.83e+33
      10.4  1.54e+33
      9.45  5.89e+32
      8.46  2.17e+32
      7.47  8.19e+31
      6.47  3.47e+31
      5.48  1.76e+31
      4.48  1.01e+31
      3.49     6e+30
       2.5  3.57e+30
       1.5   2.1e+30
      0.51  1.22e+30
    -0.483  6.88e+29
     -1.48  3.85e+29
     -2.47  2.08e+29
     -3.46  1.11e+29
     -4.46  5.66e+28
     -5.45  2.85e+28
     -6.44  1.36e+28
     -7.44  6.34e+27
     -8.43  2.76e+27
     -9.43  1.18e+27
     -10.4  4.59e+26
     -11.4   1.7e+26
     -12.4  5.49e+25
     -13.4  2.07e+25
     -14.4  5.37e+24
     -15.4  1.99e+24
     -16.4  6.36e+23
     -17.4  9.76e+22
     -18.4     1e+23
     -19.4  7.05e+21
     -20.4 -2.54e+21
     -21.3  8.66e+20
     -22.3 -9.04e+19
     -23.3 -8.05e+17

pressure[atm]        = 1
temperature[K]           = 2500
energy step[1/cm]        = 348
maximum energy[kcal/mol] = 289

bimolecular PEDs:
   E, kcal    P1->P2
       289  1.51e+40
       288  1.65e+40
       287   1.8e+40
       286  1.97e+40
       285  2.15e+40
       284  2.35e+40
       283  2.57e+40
       282  2.81e+40
       281  3.06e+40
       280  3.34e+40
       279  3.65e+40
       278  3.98e+40
       277  4.33e+40
       276  4.72e+40
       275  5.14e+40
       274   5.6e+40
       273   6.1e+40
       272  6.63e+40
       271  7.21e+40
       270  7.84e+40
       269  8.53e+40
       268  9.26e+40
       267  1.01e+41
       266  1.09e+41
       265  1.19e+41
       264  1.29e+41
       263  1.39e+41
       262  1.51e+41
       261  1.64e+41
       260  1.77e+41
       259  1.92e+41
       258  2.08e+41
       257  2.25e+41
       256  2.43e+41
       255  2.63e+41
       254  2.84e+41
       253  3.07e+41
       252  3.32e+41
       251  3.58e+41
       250  3.86e+41
       249  4.16e+41
       248  4.49e+41
       247  4.84e+41
       246  5.21e+41
       245  5.61e+41
       244  6.04e+41
       243  6.49e+41
       242  6.98e+41
       241   7.5e+41
       240  8.06e+41
       239  8.66e+41
       238  9.29e+41
       237  9.97e+41
       236  1.07e+42
       235  1.15e+42
       234  1.23e+42
       233  1.31e+42
       232  1.41e+42
       231  1.51e+42
       230  1.61e+42
       229  1.72e+42
       228  1.84e+42
       227  1.96e+42
       226   2.1e+42
       225  2.24e+42
       224  2.38e+42
       223  2.54e+42
       222  2.71e+42
       221  2.88e+42
       220  3.07e+42
       219  3.26e+42
       218  3.47e+42
       217  3.68e+42
       216  3.91e+42
       215  4.15e+42
       214  4.41e+42
       213  4.67e+42
       212  4.95e+42
       211  5.24e+42
       210  5.55e+42
       209  5.87e+42
       208  6.21e+42
       207  6.56e+42
       206  6.93e+42
       205  7.31e+42
       204  7.72e+42
       203  8.14e+42
       202  8.57e+42
       201  9.03e+42
       200   9.5e+42
       199  9.99e+42
       198  1.05e+43
       197   1.1e+43
       196  1.16e+43
       195  1.22e+43
       194  1.28e+43
       193  1.34e+43
       192   1.4e+43
       191  1.46e+43
       190  1.53e+43
       189   1.6e+43
       188  1.67e+43
       187  1.75e+43
       186  1.82e+43
       185   1.9e+43
       184  1.98e+43
       183  2.06e+43
       182  2.14e+43
       181  2.23e+43
       180  2.31e+43
       179   2.4e+43
       178  2.49e+43
       177  2.58e+43
       176  2.68e+43
       175  2.77e+43
       174  2.86e+43
       173  2.96e+43
       172  3.06e+43
       171  3.16e+43
       170  3.25e+43
       169  3.35e+43
       168  3.45e+43
       167  3.55e+43
       166  3.65e+43
       165  3.75e+43
       164  3.85e+43
       163  3.94e+43
       162  4.04e+43
       161  4.14e+43
       160  4.23e+43
       159  4.32e+43
       158  4.41e+43
       157   4.5e+43
       157  4.59e+43
       156  4.67e+43
       155  4.75e+43
       154  4.83e+43
       153   4.9e+43
       152  4.98e+43
       151  5.04e+43
       150  5.11e+43
       149  5.17e+43
       148  5.22e+43
       147  5.27e+43
       146  5.32e+43
       145  5.36e+43
       144  5.39e+43
       143  5.42e+43
       142  5.44e+43
       141  5.46e+43
       140  5.47e+43
       139  5.48e+43
       138  5.48e+43
       137  5.48e+43
       136  5.46e+43
       135  5.45e+43
       134  5.42e+43
       133  5.39e+43
       132  5.36e+43
       131  5.31e+43
       130  5.26e+43
       129  5.21e+43
       128  5.15e+43
       127  5.08e+43
       126  5.01e+43
       125  4.94e+43
       124  4.85e+43
       123  4.77e+43
       122  4.68e+43
       121  4.58e+43
       120  4.48e+43
       119  4.38e+43
       118  4.27e+43
       117  4.16e+43
       116  4.04e+43
       115  3.93e+43
       114  3.81e+43
       113  3.69e+43
       112  3.56e+43
       111  3.44e+43
       110  3.32e+43
       109  3.19e+43
       108  3.07e+43
       107  2.94e+43
       106  2.82e+43
       105  2.69e+43
       104  2.57e+43
       103  2.45e+43
       102  2.33e+43
       101  2.21e+43
      99.9  2.09e+43
      98.9  1.98e+43
      97.9  1.87e+43
      96.9  1.76e+43
      95.9  1.65e+43
      94.9  1.55e+43
      93.9  1.45e+43
      92.9  1.36e+43
      91.9  1.27e+43
      90.9  1.18e+43
      89.9   1.1e+43
      88.9  1.02e+43
      87.9  9.39e+42
        87  8.66e+42
        86  7.97e+42
        85  7.32e+42
        84   6.7e+42
        83  6.12e+42
        82  5.58e+42
        81  5.08e+42
        80   4.6e+42
        79  4.16e+42
        78  3.76e+42
        77  3.38e+42
        76  3.03e+42
        75  2.71e+42
        74  2.42e+42
        73  2.15e+42
        72  1.91e+42
      71.1  1.68e+42
      70.1  1.48e+42
      69.1   1.3e+42
      68.1  1.14e+42
      67.1  9.94e+41
      66.1  8.64e+41
      65.1  7.48e+41
      64.1  6.46e+41
      63.1  5.55e+41
      62.1  4.75e+41
      61.1  4.05e+41
      60.1  3.44e+41
      59.1  2.91e+41
      58.1  2.46e+41
      57.1  2.06e+41
      56.2  1.72e+41
      55.2  1.43e+41
      54.2  1.18e+41
      53.2  9.73e+40
      52.2  7.97e+40
      51.2   6.5e+40
      50.2  5.27e+40
      49.2  4.24e+40
      48.2   3.4e+40
      47.2  2.71e+40
      46.2  2.15e+40
      45.2  1.69e+40
      44.2  1.32e+40
      43.2  1.03e+40
      42.2  7.91e+39
      41.2  6.06e+39
      40.3  4.61e+39
      39.3  3.47e+39
      38.3   2.6e+39
      37.3  1.93e+39
      36.3  1.42e+39
      35.3  1.03e+39
      34.3  7.44e+38
      33.3  5.31e+38
      32.3  3.75e+38
      31.3  2.62e+38
      30.3  1.81e+38
      29.3  1.24e+38
      28.3  8.33e+37
      27.3  5.53e+37
      26.3  3.62e+37
      25.4  2.34e+37
      24.4  1.48e+37
      23.4  9.26e+36
      22.4  5.67e+36
      21.4  3.41e+36
      20.4     2e+36
      19.4  1.15e+36
      18.4  6.49e+35
      17.4  3.56e+35
      16.4  1.91e+35
      15.4  9.94e+34
      14.4  5.06e+34
      13.4  2.52e+34
      12.4  1.23e+34
      11.4  6.01e+33
      10.4  2.96e+33
      9.45  1.51e+33
      8.46  8.07e+32
      7.47  4.57e+32
      6.47   2.7e+32
      5.48  1.64e+32
      4.48     1e+32
      3.49  6.07e+31
       2.5  3.63e+31
       1.5  2.14e+31
      0.51  1.24e+31
    -0.483  7.06e+30
     -1.48  3.93e+30
     -2.47  2.14e+30
     -3.46  1.14e+30
     -4.46  5.87e+29
     -5.45  2.96e+29
     -6.44  1.43e+29
     -7.44  6.68e+28
     -8.43  2.98e+28
     -9.43  1.27e+28
     -10.4  5.14e+27
     -11.4  1.95e+27
     -12.4  7.06e+26
     -13.4  2.33e+26
     -14.4  7.44e+25
     -15.4  2.19e+25
     -16.4   7.5e+24
     -17.4  1.25e+24
     -18.4  1.29e+23
     -19.4  1.12e+23
     -20.4  2.09e+21
     -21.3  3.37e+21
     -22.3  2.51e+20
     -23.3  8.59e+19

pressure[atm]        = 10
temperature[K]           = 2500
energy step[1/cm]        = 348
maximum energy[kcal/mol] = 289

bimolecular PEDs:
   E, kcal    P1->P2
       289  1.47e+40
       288  1.61e+40
       287  1.77e+40
       286  1.94e+40
       285  2.12e+40
       284  2.32e+40
       283  2.54e+40
       282  2.78e+40
       281  3.03e+40
       280  3.31e+40
       279  3.61e+40
       278  3.94e+40
       277   4.3e+40
       276  4.68e+40
       275   5.1e+40
       274  5.56e+40
       273  6.05e+40
       272  6.58e+40
       271  7.16e+40
       270  7.78e+40
       269  8.46e+40
       268  9.19e+40
       267  9.98e+40
       266  1.08e+41
       265  1.18e+41
       264  1.28e+41
       263  1.38e+41
       262   1.5e+41
       261  1.63e+41
       260  1.76e+41
       259  1.91e+41
       258  2.06e+41
       257  2.23e+41
       256  2.42e+41
       255  2.61e+41
       254  2.82e+41
       253  3.05e+41
       252  3.29e+41
       251  3.55e+41
       250  3.83e+41
       249  4.14e+41
       248  4.46e+41
       247   4.8e+41
       246  5.17e+41
       245  5.57e+41
       244     6e+41
       243  6.45e+41
       242  6.94e+41
       241  7.46e+41
       240  8.01e+41
       239   8.6e+41
       238  9.23e+41
       237  9.91e+41
       236  1.06e+42
       235  1.14e+42
       234  1.22e+42
       233  1.31e+42
       232   1.4e+42
       231   1.5e+42
       230   1.6e+42
       229  1.71e+42
       228  1.83e+42
       227  1.95e+42
       226  2.08e+42
       225  2.22e+42
       224  2.37e+42
       223  2.53e+42
       222  2.69e+42
       221  2.87e+42
       220  3.05e+42
       219  3.24e+42
       218  3.45e+42
       217  3.67e+42
       216  3.89e+42
       215  4.13e+42
       214  4.38e+42
       213  4.65e+42
       212  4.93e+42
       211  5.22e+42
       210  5.52e+42
       209  5.84e+42
       208  6.18e+42
       207  6.53e+42
       206   6.9e+42
       205  7.28e+42
       204  7.68e+42
       203   8.1e+42
       202  8.53e+42
       201  8.99e+42
       200  9.46e+42
       199  9.95e+42
       198  1.05e+43
       197   1.1e+43
       196  1.15e+43
       195  1.21e+43
       194  1.27e+43
       193  1.33e+43
       192  1.39e+43
       191  1.46e+43
       190  1.53e+43
       189   1.6e+43
       188  1.67e+43
       187  1.74e+43
       186  1.81e+43
       185  1.89e+43
       184  1.97e+43
       183  2.05e+43
       182  2.14e+43
       181  2.22e+43
       180  2.31e+43
       179  2.39e+43
       178  2.48e+43
       177  2.57e+43
       176  2.67e+43
       175  2.76e+43
       174  2.86e+43
       173  2.95e+43
       172  3.05e+43
       171  3.15e+43
       170  3.24e+43
       169  3.34e+43
       168  3.44e+43
       167  3.54e+43
       166  3.64e+43
       165  3.74e+43
       164  3.84e+43
       163  3.94e+43
       162  4.03e+43
       161  4.13e+43
       160  4.22e+43
       159  4.31e+43
       158  4.41e+43
       157  4.49e+43
       157  4.58e+43
       156  4.66e+43
       155  4.75e+43
       154  4.82e+43
       153   4.9e+43
       152  4.97e+43
       151  5.04e+43
       150   5.1e+43
       149  5.16e+43
       148  5.22e+43
       147  5.27e+43
       146  5.31e+43
       145  5.35e+43
       144  5.39e+43
       143  5.42e+43
       142  5.44e+43
       141  5.46e+43
       140  5.47e+43
       139  5.48e+43
       138  5.48e+43
       137  5.48e+43
       136  5.47e+43
       135  5.45e+43
       134  5.42e+43
       133   5.4e+43
       132  5.36e+43
       131  5.32e+43
       130  5.27e+43
       129  5.22e+43
       128  5.16e+43
       127  5.09e+43
       126  5.02e+43
       125  4.94e+43
       124  4.86e+43
       123  4.78e+43
       122  4.68e+43
       121  4.59e+43
       120  4.49e+43
       119  4.39e+43
       118  4.28e+43
       117  4.17e+43
       116  4.05e+43
       115  3.94e+43
       114  3.82e+43
       113   3.7e+43
       112  3.58e+43
       111  3.45e+43
       110  3.33e+43
       109   3.2e+43
       108  3.08e+43
       107  2.95e+43
       106  2.83e+43
       105   2.7e+43
       104  2.58e+43
       103  2.46e+43
       102  2.34e+43
       101  2.22e+43
      99.9   2.1e+43
      98.9  1.99e+43
      97.9  1.88e+43
      96.9  1.77e+43
      95.9  1.66e+43
      94.9  1.56e+43
      93.9  1.46e+43
      92.9  1.37e+43
      91.9  1.28e+43
      90.9  1.19e+43
      89.9   1.1e+43
      88.9  1.02e+43
      87.9  9.46e+42
        87  8.73e+42
        86  8.03e+42
        85  7.38e+42
        84  6.76e+42
        83  6.18e+42
        82  5.63e+42
        81  5.12e+42
        80  4.65e+42
        79  4.21e+42
        78  3.79e+42
        77  3.41e+42
        76  3.06e+42
        75  2.74e+42
        74  2.45e+42
        73  2.18e+42
        72  1.93e+42
      71.1  1.71e+42
      70.1   1.5e+42
      69.1  1.32e+42
      68.1  1.16e+42
      67.1  1.01e+42
      66.1  8.77e+41
      65.1   7.6e+41
      64.1  6.56e+41
      63.1  5.65e+41
      62.1  4.84e+41
      61.1  4.13e+41
      60.1  3.51e+41
      59.1  2.97e+41
      58.1  2.51e+41
      57.1   2.1e+41
      56.2  1.76e+41
      55.2  1.46e+41
      54.2  1.21e+41
      53.2  9.98e+40
      52.2  8.18e+40
      51.2  6.67e+40
      50.2  5.42e+40
      49.2  4.37e+40
      48.2  3.51e+40
      47.2   2.8e+40
      46.2  2.22e+40
      45.2  1.75e+40
      44.2  1.37e+40
      43.2  1.07e+40
      42.2  8.25e+39
      41.2  6.33e+39
      40.3  4.82e+39
      39.3  3.65e+39
      38.3  2.74e+39
      37.3  2.04e+39
      36.3   1.5e+39
      35.3   1.1e+39
      34.3  7.97e+38
      33.3  5.73e+38
      32.3  4.07e+38
      31.3  2.87e+38
      30.3     2e+38
      29.3  1.37e+38
      28.3  9.36e+37
      27.3   6.3e+37
      26.3  4.19e+37
      25.4  2.75e+37
      24.4  1.78e+37
      23.4  1.14e+37
      22.4  7.22e+36
      21.4   4.5e+36
      20.4  2.78e+36
      19.4   1.7e+36
      18.4  1.02e+36
      17.4  6.15e+35
      16.4  3.68e+35
      15.4   2.2e+35
      14.4  1.32e+35
      13.4  7.98e+34
      12.4  4.87e+34
      11.4  3.01e+34
      10.4  1.87e+34
      9.45  1.18e+34
      8.46  7.44e+33
      7.47   4.7e+33
      6.47  2.96e+33
      5.48  1.85e+33
      4.48  1.15e+33
      3.49  7.04e+32
       2.5  4.26e+32
       1.5  2.54e+32
      0.51   1.5e+32
    -0.483  8.65e+31
     -1.48  4.93e+31
     -2.47  2.74e+31
     -3.46   1.5e+31
     -4.46  8.03e+30
     -5.45  4.18e+30
     -6.44  2.13e+30
     -7.44  1.05e+30
     -8.43  5.03e+29
     -9.43  2.32e+29
     -10.4  1.04e+29
     -11.4  4.47e+28
     -12.4  1.84e+28
     -13.4   7.3e+27
     -14.4  2.75e+27
     -15.4   9.9e+26
     -16.4  3.24e+26
     -17.4  1.06e+26
     -18.4  2.93e+25
     -19.4  7.12e+24
     -20.4  1.54e+24
     -21.3  2.27e+23
     -22.3  4.62e+21
     -23.3 -1.16e+23

pressure[atm]        = 100
temperature[K]           = 2500
energy step[1/cm]        = 348
maximum energy[kcal/mol] = 289

bimolecular PEDs:
   E, kcal    P1->P2
       289  1.29e+40
       288  1.42e+40
       287  1.56e+40
       286  1.72e+40
       285  1.89e+40
       284  2.08e+40
       283  2.28e+40
       282   2.5e+40
       281  2.74e+40
       280     3e+40
       279  3.29e+40
       278  3.59e+40
       277  3.92e+40
       276  4.29e+40
       275  4.68e+40
       274   5.1e+40
       273  5.56e+40
       272  6.06e+40
       271   6.6e+40
       270  7.18e+40
       269  7.81e+40
       268   8.5e+40
       267  9.24e+40
       266     1e+41
       265  1.09e+41
       264  1.18e+41
       263  1.28e+41
       262  1.39e+41
       261  1.51e+41
       260  1.64e+41
       259  1.77e+41
       258  1.92e+41
       257  2.08e+41
       256  2.25e+41
       255  2.43e+41
       254  2.63e+41
       253  2.84e+41
       252  3.07e+41
       251  3.32e+41
       250  3.58e+41
       249  3.87e+41
       248  4.17e+41
       247  4.49e+41
       246  4.84e+41
       245  5.22e+41
       244  5.62e+41
       243  6.05e+41
       242   6.5e+41
       241  6.99e+41
       240  7.52e+41
       239  8.07e+41
       238  8.67e+41
       237  9.31e+41
       236  9.99e+41
       235  1.07e+42
       234  1.15e+42
       233  1.23e+42
       232  1.32e+42
       231  1.41e+42
       230  1.51e+42
       229  1.61e+42
       228  1.72e+42
       227  1.84e+42
       226  1.97e+42
       225   2.1e+42
       224  2.24e+42
       223  2.39e+42
       222  2.55e+42
       221  2.71e+42
       220  2.89e+42
       219  3.07e+42
       218  3.27e+42
       217  3.48e+42
       216  3.69e+42
       215  3.92e+42
       214  4.16e+42
       213  4.42e+42
       212  4.68e+42
       211  4.96e+42
       210  5.26e+42
       209  5.56e+42
       208  5.89e+42
       207  6.22e+42
       206  6.58e+42
       205  6.95e+42
       204  7.33e+42
       203  7.74e+42
       202  8.16e+42
       201  8.59e+42
       200  9.05e+42
       199  9.53e+42
       198     1e+43
       197  1.05e+43
       196  1.11e+43
       195  1.16e+43
       194  1.22e+43
       193  1.28e+43
       192  1.34e+43
       191   1.4e+43
       190  1.47e+43
       189  1.54e+43
       188  1.61e+43
       187  1.68e+43
       186  1.75e+43
       185  1.83e+43
       184   1.9e+43
       183  1.98e+43
       182  2.06e+43
       181  2.15e+43
       180  2.23e+43
       179  2.32e+43
       178  2.41e+43
       177   2.5e+43
       176  2.59e+43
       175  2.68e+43
       174  2.78e+43
       173  2.87e+43
       172  2.97e+43
       171  3.06e+43
       170  3.16e+43
       169  3.26e+43
       168  3.36e+43
       167  3.46e+43
       166  3.56e+43
       165  3.66e+43
       164  3.75e+43
       163  3.85e+43
       162  3.95e+43
       161  4.05e+43
       160  4.14e+43
       159  4.24e+43
       158  4.33e+43
       157  4.42e+43
       157  4.51e+43
       156  4.59e+43
       155  4.68e+43
       154  4.76e+43
       153  4.84e+43
       152  4.91e+43
       151  4.98e+43
       150  5.05e+43
       149  5.11e+43
       148  5.17e+43
       147  5.22e+43
       146  5.27e+43
       145  5.32e+43
       144  5.36e+43
       143  5.39e+43
       142  5.42e+43
       141  5.45e+43
       140  5.47e+43
       139  5.48e+43
       138  5.48e+43
       137  5.48e+43
       136  5.48e+43
       135  5.47e+43
       134  5.45e+43
       133  5.42e+43
       132  5.39e+43
       131  5.36e+43
       130  5.31e+43
       129  5.26e+43
       128  5.21e+43
       127  5.15e+43
       126  5.08e+43
       125  5.01e+43
       124  4.94e+43
       123  4.85e+43
       122  4.77e+43
       121  4.67e+43
       120  4.58e+43
       119  4.48e+43
       118  4.37e+43
       117  4.27e+43
       116  4.16e+43
       115  4.04e+43
       114  3.93e+43
       113  3.81e+43
       112  3.69e+43
       111  3.56e+43
       110  3.44e+43
       109  3.32e+43
       108  3.19e+43
       107  3.07e+43
       106  2.94e+43
       105  2.82e+43
       104  2.69e+43
       103  2.57e+43
       102  2.45e+43
       101  2.33e+43
      99.9  2.21e+43
      98.9  2.09e+43
      97.9  1.98e+43
      96.9  1.87e+43
      95.9  1.76e+43
      94.9  1.66e+43
      93.9  1.56e+43
      92.9  1.46e+43
      91.9  1.36e+43
      90.9  1.27e+43
      89.9  1.18e+43
      88.9   1.1e+43
      87.9  1.02e+43
        87  9.43e+42
        86   8.7e+42
        85  8.01e+42
        84  7.36e+42
        83  6.75e+42
        82  6.17e+42
        81  5.63e+42
        80  5.12e+42
        79  4.65e+42
        78  4.21e+42
        77   3.8e+42
        76  3.42e+42
        75  3.07e+42
        74  2.75e+42
        73  2.46e+42
        72  2.19e+42
      71.1  1.94e+42
      70.1  1.72e+42
      69.1  1.52e+42
      68.1  1.33e+42
      67.1  1.17e+42
      66.1  1.02e+42
      65.1   8.9e+41
      64.1  7.73e+41
      63.1  6.69e+41
      62.1  5.76e+41
      61.1  4.95e+41
      60.1  4.24e+41
      59.1  3.61e+41
      58.1  3.07e+41
      57.1   2.6e+41
      56.2  2.19e+41
      55.2  1.83e+41
      54.2  1.53e+41
      53.2  1.28e+41
      52.2  1.06e+41
      51.2  8.71e+40
      50.2  7.15e+40
      49.2  5.84e+40
      48.2  4.75e+40
      47.2  3.84e+40
      46.2   3.1e+40
      45.2  2.48e+40
      44.2  1.98e+40
      43.2  1.57e+40
      42.2  1.24e+40
      41.2  9.69e+39
      40.3  7.55e+39
      39.3  5.86e+39
      38.3  4.52e+39
      37.3  3.46e+39
      36.3  2.64e+39
      35.3     2e+39
      34.3  1.51e+39
      33.3  1.13e+39
      32.3   8.4e+38
      31.3  6.22e+38
      30.3  4.58e+38
      29.3  3.35e+38
      28.3  2.44e+38
      27.3  1.77e+38
      26.3  1.27e+38
      25.4  9.15e+37
      24.4  6.53e+37
      23.4  4.65e+37
      22.4  3.29e+37
      21.4  2.32e+37
      20.4  1.64e+37
      19.4  1.15e+37
      18.4  8.01e+36
      17.4  5.58e+36
      16.4  3.87e+36
      15.4  2.68e+36
      14.4  1.85e+36
      13.4  1.27e+36
      12.4  8.66e+35
      11.4  5.89e+35
      10.4  3.98e+35
      9.45  2.68e+35
      8.46  1.79e+35
      7.47  1.19e+35
      6.47  7.86e+34
      5.48  5.15e+34
      4.48  3.35e+34
      3.49  2.16e+34
       2.5  1.38e+34
       1.5  8.75e+33
      0.51  5.48e+33
    -0.483   3.4e+33
     -1.48  2.08e+33
     -2.47  1.26e+33
     -3.46   7.5e+32
     -4.46   4.4e+32
     -5.45  2.53e+32
     -6.44  1.43e+32
     -7.44  7.85e+31
     -8.43  4.21e+31
     -9.43  2.19e+31
     -10.4   1.1e+31
     -11.4  5.33e+30
     -12.4  2.47e+30
     -13.4  1.09e+30
     -14.4  4.53e+29
     -15.4  1.77e+29
     -16.4  6.43e+28
     -17.4  2.05e+28
     -18.4  6.44e+27
     -19.4  1.69e+27
     -20.4  3.77e+26
     -21.3  6.77e+25
     -22.3  9.78e+24
     -23.3  5.97e+22

