Names Translation Tables (<short name> - <original name>):
Wells:
   W1 - WR
   W2 - WP
Bimolecular products:
   P1 - C5H5CH3-2+OH
   P2 - C5H4CH3+H2O
Inner Barriers:
   B1 - B2
Outer Barriers:
   C1 - B1
   C2 - B3
    E, kcal/mol    D, mol/kcal         W1->W2         W1->P1
            0.1         500813              0    9.85087e+13
            0.2      1.137e+06              0    3.89628e+14
            0.3    2.17728e+06              0    7.34718e+14
            0.4    3.54806e+06              0     1.1212e+15
            0.5     5.4073e+06              0    1.50038e+15
            0.6    7.91896e+06              0    1.86966e+15
            0.7    1.11993e+07              0    2.23245e+15
            0.8    1.53167e+07              0    2.60084e+15
            0.9      2.075e+07              0    2.93281e+15
              1    2.76131e+07              0    3.25749e+15
            1.1    3.62783e+07              0    3.56486e+15
            1.2    4.70737e+07              0    3.86177e+15
            1.3    6.05759e+07              0    4.14273e+15
            1.4    7.71296e+07              0    4.42065e+15
            1.5    9.74678e+07    2.59692e+09    4.68691e+15
            1.6    1.22152e+08    6.91431e+09    4.94838e+15
            1.7    1.51729e+08    1.41478e+10    5.20981e+15
            1.8    1.87793e+08    2.49428e+10    5.44357e+15
            1.9    2.30884e+08    3.94536e+10     5.6682e+15
              2    2.82879e+08    5.77046e+10    5.87013e+15
            2.1    3.44315e+08     7.9922e+10      6.071e+15
            2.2    4.18404e+08    1.06468e+11    6.24449e+15
            2.3    5.04877e+08    1.37245e+11    6.42696e+15
            2.4    6.07768e+08    1.72185e+11    6.59152e+15
            2.5    7.27829e+08    2.12729e+11    6.75781e+15
            2.6    8.69326e+08    2.57493e+11    6.91027e+15
            2.7    1.03429e+09    3.07972e+11    7.05896e+15
            2.8    1.22887e+09     3.6289e+11    7.18728e+15
            2.9    1.45379e+09    4.23493e+11    7.31763e+15
              3    1.71683e+09    4.88643e+11    7.43419e+15
            3.1    2.02228e+09     5.5867e+11    7.54476e+15
            3.2    2.37669e+09     6.3331e+11    7.64881e+15
            3.3    2.78656e+09    7.12319e+11    7.74877e+15
            3.4    3.26077e+09     7.9564e+11    7.84246e+15
            3.5    3.80603e+09    8.83625e+11    7.93534e+15
            3.6    4.43412e+09    9.75549e+11    8.02304e+15
            3.7    5.15683e+09    1.07139e+12    8.10548e+15
            3.8    5.98608e+09    1.17104e+12    8.18446e+15
            3.9     6.9369e+09    1.27408e+12    8.25933e+15
              4    8.02788e+09    1.38007e+12    8.32811e+15
            4.1    9.27264e+09    1.48958e+12     8.3964e+15
            4.2     1.0695e+10    1.60181e+12    8.46094e+15
            4.3    1.23171e+10    1.71679e+12    8.52288e+15
            4.4    1.41653e+10     1.8343e+12    8.58221e+15
            4.5    1.62665e+10    1.95451e+12     8.6399e+15
            4.6    1.86582e+10    2.07655e+12    8.69333e+15
            4.7    2.13685e+10    2.20139e+12    8.74647e+15
            4.8    2.44451e+10    2.32803e+12    8.79607e+15
            4.9    2.79287e+10     2.4567e+12    8.84398e+15
              5    3.18716e+10    2.58724e+12    8.88965e+15
            5.1    3.63258e+10    2.71978e+12    8.93422e+15
            5.2    4.13601e+10    2.85373e+12    8.97606e+15
            5.3    4.70346e+10    2.98969e+12    9.01726e+15
            5.4    5.34324e+10    3.12685e+12    9.05644e+15
            5.5    6.06345e+10    3.26482e+12    9.09435e+15
            5.6    6.87385e+10    3.40415e+12    9.13044e+15
            5.7    7.78446e+10    3.54504e+12    9.16535e+15
            5.8    8.80783e+10    3.68703e+12    9.19802e+15
            5.9    9.95565e+10    3.83051e+12    9.22983e+15
              6    1.12427e+11    3.97523e+12     9.2602e+15
            6.1    1.26846e+11    4.12116e+12    9.28926e+15
            6.2    1.42986e+11    4.26832e+12     9.3172e+15
            6.3    1.61037e+11     4.4167e+12    9.34409e+15
            6.4    1.81218e+11    4.56608e+12    9.36955e+15
            6.5    2.03753e+11    4.71664e+12     9.3941e+15
            6.6    2.28902e+11    4.86831e+12    9.41762e+15
            6.7    2.56955e+11     5.0209e+12    9.43991e+15
            6.8    2.88215e+11    5.17458e+12    9.46132e+15
            6.9    3.23033e+11    5.32918e+12     9.4817e+15
              7    3.61788e+11    5.48465e+12    9.50102e+15
            7.1    4.04891e+11    5.64104e+12    9.51951e+15
            7.2    4.52798e+11    5.79835e+12    9.53723e+15
            7.3    5.06022e+11    5.95639e+12    9.55394e+15
            7.4    5.65103e+11     6.1153e+12    9.56993e+15
            7.5    6.30652e+11    6.27497e+12    9.58509e+15
            7.6    7.03339e+11    6.43533e+12    9.59939e+15
            7.7    7.83885e+11    6.59643e+12    9.61295e+15
            7.8    8.73083e+11    6.75828e+12    9.62587e+15
            7.9    9.71828e+11    6.92068e+12    9.63792e+15
              8    1.08105e+12    7.08382e+12    9.64942e+15
            8.1    1.20182e+12    7.24753e+12    9.66018e+15
            8.2    1.33527e+12    7.41183e+12    9.67032e+15
            8.3    1.48267e+12    7.57664e+12    9.67976e+15
            8.4    1.64535e+12    7.74211e+12    9.68871e+15
            8.5    1.82487e+12    7.90797e+12    9.69689e+15
            8.6     2.0228e+12    8.07447e+12    9.70465e+15
            8.7    2.24097e+12    8.24135e+12    9.71173e+15
            8.8     2.4813e+12    8.40876e+12    9.71833e+15
            8.9    2.74595e+12    8.57652e+12    9.72428e+15
              9    3.03716e+12    8.74485e+12    9.72987e+15
            9.1    3.35756e+12    8.91343e+12    9.73478e+15
            9.2    3.70978e+12    9.08255e+12    9.73936e+15
            9.3    4.09693e+12    9.25194e+12    9.74334e+15
            9.4    4.52216e+12    9.42178e+12    9.74695e+15
            9.5    4.98913e+12    9.59185e+12    9.74998e+15
            9.6    5.50155e+12     9.7624e+12    9.75271e+15
            9.7     6.0638e+12    9.93311e+12    9.75486e+15
            9.8    6.68024e+12    1.01043e+13    9.75674e+15
            9.9      7.356e+12    1.02756e+13    9.75809e+15
             10    8.09632e+12    1.04473e+13    9.75914e+15
           10.1    8.90719e+12    1.06191e+13    9.75969e+15
           10.2    9.79477e+12    1.07914e+13    9.75999e+15
           10.3    1.07662e+13    1.09637e+13    9.75979e+15
           10.4    1.18286e+13    1.11364e+13    9.75935e+15
           10.5    1.29904e+13    1.13091e+13    9.75847e+15
           10.6    1.42601e+13    1.14822e+13    9.75732e+15
           10.7    1.56476e+13    1.16554e+13    9.75576e+15
           10.8    1.71627e+13    1.18288e+13    9.75397e+15
           10.9     1.8817e+13    1.20023e+13    9.75177e+15
             11    2.06222e+13     1.2176e+13    9.74934e+15
           11.1    2.25918e+13    1.23498e+13    9.74655e+15
           11.2    2.47396e+13    1.25238e+13    9.74352e+15
           11.3    2.70811e+13    1.26979e+13    9.74015e+15
           11.4    2.96327e+13    1.28721e+13    9.73656e+15
           11.5    3.24126e+13    1.30464e+13    9.73264e+15
           11.6    3.54397e+13    1.32208e+13    9.72851e+15
           11.7    3.87353e+13    1.33952e+13    9.72407e+15
           11.8    4.23216e+13    1.35698e+13    9.71942e+15
           11.9    4.62234e+13    1.37444e+13    9.71448e+15
             12    5.04665e+13    1.39191e+13    9.70935e+15
           12.1    5.50799e+13    1.40938e+13    9.70393e+15
           12.2    6.00936e+13    1.42686e+13    9.69833e+15
           12.3    6.55412e+13    1.44433e+13    9.69247e+15
           12.4    7.14577e+13    1.46182e+13    9.68643e+15
           12.5    7.78823e+13     1.4793e+13    9.68013e+15
           12.6    8.48555e+13    1.49678e+13    9.67367e+15
           12.7    9.24227e+13    1.51426e+13    9.66697e+15
           12.8    1.00631e+14    1.53175e+13     9.6601e+15
           12.9    1.09534e+14    1.54923e+13    9.65301e+15
             13    1.19185e+14    1.56671e+13    9.64576e+15
           13.1    1.29645e+14    1.58418e+13     9.6383e+15
           13.2    1.40979e+14    1.60166e+13    9.63069e+15
           13.3    1.53256e+14    1.61913e+13    9.62288e+15
           13.4     1.6655e+14    1.63659e+13    9.61492e+15
           13.5    1.80943e+14    1.65405e+13    9.60677e+15
           13.6    1.96519e+14    1.67151e+13    9.59848e+15
           13.7    2.13373e+14    1.68895e+13    9.59002e+15
           13.8    2.31602e+14     1.7064e+13    9.58141e+15
           13.9    2.51316e+14    1.72383e+13    9.57265e+15
             14    2.72628e+14    1.74125e+13    9.56374e+15
           14.1    2.95662e+14    1.75867e+13    9.55469e+15
           14.2     3.2055e+14    1.77608e+13     9.5455e+15
           14.3    3.47436e+14    1.79347e+13    9.53617e+15
           14.4     3.7647e+14    1.81086e+13    9.52671e+15
           14.5    4.07818e+14    1.82824e+13    9.51711e+15
           14.6    4.41654e+14     1.8456e+13     9.5074e+15
           14.7    4.78168e+14    1.86295e+13    9.49756e+15
           14.8     5.1756e+14     1.8803e+13     9.4876e+15
           14.9    5.60047e+14    1.89762e+13    9.47752e+15
             15    6.05862e+14    1.91494e+13    9.46733e+15
           15.1    6.55252e+14    1.93224e+13    9.45702e+15
           15.2    7.08484e+14    1.94953e+13    9.44661e+15
           15.3    7.65844e+14    1.96681e+13    9.43609e+15
           15.4    8.27634e+14    1.98407e+13    9.42547e+15
           15.5    8.94184e+14    2.00131e+13    9.41474e+15
           15.6    9.65842e+14    2.01854e+13    9.40392e+15
           15.7    1.04298e+15    2.03575e+13      9.393e+15
           15.8    1.12601e+15    2.05295e+13    9.38199e+15
           15.9    1.21534e+15    2.07013e+13    9.37089e+15
             16    1.31144e+15    2.08729e+13     9.3597e+15
           16.1    1.41481e+15    2.10444e+13    9.34842e+15
           16.2    1.52595e+15    2.12157e+13    9.33706e+15
           16.3    1.64544e+15    2.13868e+13    9.32561e+15
           16.4    1.77386e+15    2.15577e+13    9.31409e+15
           16.5    1.91187e+15    2.17284e+13    9.30249e+15
           16.6    2.06013e+15     2.1899e+13    9.29082e+15
           16.7    2.21938e+15    2.20693e+13    9.27907e+15
           16.8     2.3904e+15    2.22395e+13    9.26725e+15
           16.9    2.57402e+15    2.24095e+13    9.25536e+15
             17    2.77112e+15    2.25792e+13     9.2434e+15
           17.1    2.98266e+15    2.27488e+13    9.23138e+15
           17.2    3.20964e+15    2.29181e+13    9.21929e+15
           17.3    3.45313e+15    2.30873e+13    9.20714e+15
           17.4    3.71429e+15    2.32562e+13    9.19493e+15
           17.5    3.99435e+15    2.34214e+13    9.18267e+15
           17.6    4.29461e+15    2.35848e+13    9.17034e+15
           17.7    4.61646e+15    2.37479e+13    9.15796e+15
           17.8    4.96138e+15    2.39107e+13    9.14553e+15
           17.9    5.33097e+15    2.40733e+13    9.13304e+15
             18    5.72691e+15    2.42357e+13     9.1205e+15
           18.1    6.15099e+15    2.43978e+13    9.10792e+15
           18.2    6.60513e+15    2.45597e+13    9.09528e+15
           18.3    7.09136e+15    2.47214e+13     9.0826e+15
           18.4    7.61186e+15    2.48827e+13    9.06988e+15
           18.5    8.16894e+15    2.50439e+13    9.05711e+15
           18.6    8.76506e+15    2.52047e+13     9.0443e+15
           18.7    9.40283e+15    2.53654e+13    9.03145e+15
           18.8     1.0085e+16    2.55257e+13    9.01856e+15
           18.9    1.08147e+16    2.56858e+13    9.00563e+15
             19    1.15948e+16    2.58457e+13    8.99267e+15
           19.1    1.24289e+16    2.60053e+13    8.97966e+15
           19.2    1.33205e+16    2.61646e+13    8.96663e+15
           19.3    1.42733e+16    2.63236e+13    8.95356e+15
           19.4    1.52915e+16    2.64824e+13    8.94046e+15
           19.5    1.63792e+16     2.6641e+13    8.92733e+15
           19.6    1.75411e+16    2.67992e+13    8.91417e+15
           19.7    1.87819e+16    2.69572e+13    8.90098e+15
           19.8    2.01069e+16    2.71149e+13    8.88776e+15
           19.9    2.15215e+16    2.72724e+13    8.87452e+15
             20    2.30315e+16    2.74296e+13    8.86125e+15
           20.1    2.46431e+16    2.75865e+13    8.84796e+15
           20.2    2.63628e+16    2.77431e+13    8.83464e+15
           20.3    2.81975e+16    2.78995e+13     8.8213e+15
           20.4    3.01546e+16    2.80556e+13    8.80794e+15
           20.5    3.22421e+16    2.82114e+13    8.79456e+15
           20.6    3.44681e+16    2.83669e+13    8.78116e+15
           20.7    3.68415e+16    2.85222e+13    8.76774e+15
           20.8    3.93716e+16    2.86772e+13     8.7543e+15
           20.9    4.20685e+16    2.88319e+13    8.74084e+15
             21    4.49425e+16    2.89863e+13    8.72737e+15
           21.1    4.80049e+16    2.91404e+13    8.71388e+15
           21.2    5.12675e+16    2.92943e+13    8.70038e+15
           21.3    5.47429e+16    2.94478e+13    8.68687e+15
           21.4    5.84443e+16    2.96011e+13    8.67334e+15
           21.5    6.23859e+16    2.97541e+13     8.6598e+15
           21.6    6.65826e+16    2.99068e+13    8.64625e+15
           21.7    7.10502e+16    3.00593e+13    8.63268e+15
           21.8    7.58056e+16    3.02114e+13    8.61911e+15
           21.9    8.08665e+16    3.03633e+13    8.60553e+15
             22    8.62517e+16    3.05149e+13    8.59194e+15
           22.1    9.19811e+16    3.06662e+13    8.57834e+15
           22.2     9.8076e+16    3.08172e+13    8.56473e+15
           22.3    1.04559e+17    3.09679e+13    8.55112e+15
           22.4    1.11453e+17    3.11183e+13     8.5375e+15
           22.5    1.18783e+17    3.12685e+13    8.52388e+15
           22.6    1.26577e+17    3.14183e+13    8.51025e+15
           22.7    1.34861e+17    3.15679e+13    8.49662e+15
           22.8    1.43667e+17    3.17171e+13    8.48298e+15
           22.9    1.53025e+17    3.18661e+13    8.46934e+15
             23    1.62968e+17    3.20148e+13     8.4557e+15
           23.1    1.73531e+17    3.21632e+13    8.44206e+15
           23.2    1.84753e+17    3.23113e+13    8.42841e+15
           23.3    1.96671e+17    3.24591e+13    8.41477e+15
           23.4    2.09329e+17    3.26067e+13    8.40112e+15
           23.5    2.22769e+17    3.27539e+13    8.38748e+15
           23.6    2.37038e+17    3.29008e+13    8.37383e+15
           23.7    2.52186e+17    3.30475e+13    8.36019e+15
           23.8    2.68263e+17    3.31939e+13    8.34655e+15
           23.9    2.85326e+17    3.33399e+13    8.33291e+15
             24    3.03432e+17    3.34857e+13    8.31927e+15
           24.1    3.22642e+17    3.36312e+13    8.30564e+15
           24.2    3.43021e+17    3.37764e+13    8.29201e+15
           24.3    3.64638e+17    3.39213e+13    8.27839e+15
           24.4    3.87564e+17    3.40659e+13    8.26477e+15
           24.5    4.11876e+17    3.42102e+13    8.25115e+15
           24.6    4.37654e+17    3.43542e+13    8.23754e+15
           24.7    4.64983e+17    3.44979e+13    8.22394e+15
           24.8    4.93953e+17    3.46413e+13    8.21034e+15
           24.9    5.24659e+17    3.47845e+13    8.19675e+15
             25    5.57201e+17    3.49273e+13    8.18316e+15
           25.1    5.91683e+17    3.50698e+13    8.16958e+15
           25.2    6.28218e+17    3.52121e+13    8.15601e+15
           25.3    6.66922e+17    3.53541e+13    8.14245e+15
           25.4     7.0792e+17    3.54957e+13     8.1289e+15
           25.5    7.51342e+17    3.56371e+13    8.11535e+15
           25.6    7.97326e+17    3.57782e+13    8.10182e+15
           25.7    8.46017e+17     3.5919e+13    8.08829e+15
           25.8    8.97569e+17    3.60594e+13    8.07478e+15
           25.9    9.52143e+17    3.61996e+13    8.06127e+15
             26    1.00991e+18    3.63395e+13    8.04777e+15
           26.1    1.07105e+18    3.64792e+13    8.03429e+15
           26.2    1.13575e+18    3.66185e+13    8.02082e+15
           26.3    1.20421e+18    3.67575e+13    8.00735e+15
           26.4    1.27664e+18    3.68962e+13     7.9939e+15
           26.5    1.35327e+18    3.70347e+13    7.98046e+15
           26.6    1.43432e+18    3.71728e+13    7.96703e+15
           26.7    1.52004e+18    3.73107e+13    7.95362e+15
           26.8     1.6107e+18    3.74483e+13    7.94022e+15
           26.9    1.70655e+18    3.75855e+13    7.92683e+15
             27     1.8079e+18    3.77225e+13    7.91345e+15
           27.1    1.91505e+18    3.78592e+13    7.90009e+15
           27.2     2.0283e+18    3.79956e+13    7.88674e+15
           27.3    2.14801e+18    3.81317e+13    7.87341e+15
           27.4    2.27451e+18    3.82675e+13    7.86008e+15
           27.5    2.40819e+18     3.8403e+13    7.84678e+15
           27.6    2.54944e+18    3.85383e+13    7.83349e+15
           27.7    2.69866e+18    3.86732e+13    7.82021e+15
           27.8    2.85629e+18    3.88079e+13    7.80695e+15
           27.9    3.02279e+18    3.89422e+13     7.7937e+15
             28    3.19863e+18    3.90763e+13    7.78047e+15
           28.1    3.38433e+18    3.92101e+13    7.76725e+15
           28.2    3.58041e+18    3.93436e+13    7.75405e+15
           28.3    3.78743e+18    3.94768e+13    7.74087e+15
           28.4    4.00598e+18    3.96097e+13     7.7277e+15
           28.5    4.23667e+18    3.97424e+13    7.71455e+15
           28.6    4.48017e+18    3.98747e+13    7.70141e+15
           28.7    4.73714e+18    4.00068e+13     7.6883e+15
           28.8    5.00832e+18    4.01385e+13    7.67519e+15
           28.9    5.29445e+18      4.027e+13    7.66211e+15
             29    5.59632e+18    4.04012e+13    7.64904e+15
           29.1    5.91479e+18    4.05321e+13    7.63599e+15
           29.2    6.25071e+18    4.06628e+13    7.62296e+15
           29.3    6.60501e+18    4.07931e+13    7.60995e+15
           29.4    6.97867e+18    4.09231e+13    7.59695e+15
           29.5     7.3727e+18    4.10529e+13    7.58397e+15
           29.6    7.78816e+18    4.11824e+13    7.57101e+15
           29.7    8.22619e+18    4.13116e+13    7.55807e+15
           29.8    8.68796e+18    4.14405e+13    7.54515e+15
           29.9    9.17471e+18    4.15691e+13    7.53224e+15
             30    9.68774e+18    4.16975e+13    7.51936e+15
           30.1    1.02284e+19    4.18256e+13    7.50649e+15
           30.2    1.07982e+19    4.19533e+13    7.49364e+15
           30.3    1.13986e+19    4.20808e+13    7.48081e+15
           30.4    1.20311e+19    4.22081e+13      7.468e+15
           30.5    1.26975e+19     4.2335e+13    7.45521e+15
           30.6    1.33995e+19    4.24617e+13    7.44244e+15
           30.7    1.41388e+19     4.2588e+13    7.42969e+15
           30.8    1.49175e+19    4.27141e+13    7.41695e+15
           30.9    1.57376e+19      4.284e+13    7.40424e+15
             31    1.66011e+19    4.29655e+13    7.39155e+15
           31.1    1.75103e+19    4.30908e+13    7.37888e+15
           31.2    1.84676e+19    4.32157e+13    7.36622e+15
           31.3    1.94753e+19    4.33404e+13    7.35359e+15
           31.4     2.0536e+19    4.34649e+13    7.34098e+15
           31.5    2.16524e+19     4.3589e+13    7.32838e+15
           31.6    2.28273e+19    4.37129e+13    7.31581e+15
           31.7    2.40638e+19    4.38365e+13    7.30326e+15
           31.8    2.53648e+19    4.39598e+13    7.29073e+15
           31.9    2.67337e+19    4.40828e+13    7.27822e+15
             32    2.81738e+19    4.42056e+13    7.26573e+15
           32.1    2.96888e+19    4.43281e+13    7.25326e+15
           32.2    3.12824e+19    4.44503e+13    7.24081e+15
           32.3    3.29584e+19    4.45723e+13    7.22838e+15
           32.4    3.47211e+19    4.46939e+13    7.21598e+15
           32.5    3.65747e+19    4.48153e+13    7.20359e+15
           32.6    3.85238e+19    4.49365e+13    7.19123e+15
           32.7    4.05731e+19    4.50573e+13    7.17888e+15
           32.8    4.27276e+19    4.51779e+13    7.16656e+15
           32.9    4.49924e+19    4.52982e+13    7.15426e+15
             33    4.73731e+19    4.54183e+13    7.14198e+15
           33.1    4.98753e+19     4.5538e+13    7.12972e+15
           33.2    5.25051e+19    4.56575e+13    7.11749e+15
           33.3    5.52686e+19    4.57768e+13    7.10527e+15
           33.4    5.81726e+19    4.58957e+13    7.09308e+15
           33.5    6.12237e+19    4.60144e+13     7.0809e+15
           33.6    6.44293e+19    4.61329e+13    7.06875e+15
           33.7    6.77969e+19     4.6251e+13    7.05662e+15
           33.8    7.13344e+19    4.63689e+13    7.04452e+15
           33.9      7.505e+19    4.64865e+13    7.03243e+15
             34    7.89523e+19    4.66039e+13    7.02037e+15
           34.1    8.30506e+19     4.6721e+13    7.00832e+15
           34.2    8.73542e+19    4.68378e+13     6.9963e+15
           34.3     9.1873e+19    4.69544e+13    6.98431e+15
           34.4    9.66175e+19    4.70707e+13    6.97233e+15
           34.5    1.01598e+20    4.71867e+13    6.96037e+15
           34.6    1.06827e+20    4.73025e+13    6.94844e+15
           34.7    1.12316e+20     4.7418e+13    6.93653e+15
           34.8    1.18077e+20    4.75333e+13    6.92464e+15
           34.9    1.24123e+20    4.76483e+13    6.91277e+15
             35    1.30468e+20     4.7763e+13    6.90093e+15
           35.1    1.37127e+20    4.78775e+13    6.88911e+15
           35.2    1.44113e+20    4.79917e+13    6.87731e+15
           35.3    1.51443e+20    4.81056e+13    6.86553e+15
           35.4    1.59133e+20    4.82193e+13    6.85377e+15
           35.5      1.672e+20    4.83328e+13    6.84204e+15
           35.6    1.75662e+20    4.84459e+13    6.83033e+15
           35.7    1.84538e+20    4.85589e+13    6.81864e+15
           35.8    1.93846e+20    4.86715e+13    6.80697e+15
           35.9    2.03608e+20    4.87839e+13    6.79532e+15
             36    2.13845e+20    4.88961e+13     6.7837e+15
           36.1    2.24579e+20     4.9008e+13     6.7721e+15
           36.2    2.35834e+20    4.91196e+13    6.76052e+15
           36.3    2.47633e+20     4.9231e+13    6.74896e+15
           36.4    2.60002e+20    4.93421e+13    6.73743e+15
           36.5    2.72968e+20     4.9453e+13    6.72592e+15
           36.6    2.86558e+20    4.95636e+13    6.71443e+15
           36.7    3.00802e+20     4.9674e+13    6.70296e+15
           36.8     3.1573e+20    4.97841e+13    6.69152e+15
           36.9    3.31374e+20     4.9894e+13    6.68009e+15
             37    3.47767e+20    5.00036e+13    6.66869e+15
           37.1    3.64942e+20     5.0113e+13    6.65731e+15
           37.2    3.82938e+20    5.02221e+13    6.64596e+15
           37.3     4.0179e+20    5.03309e+13    6.63463e+15
           37.4     4.2154e+20    5.04395e+13    6.62331e+15
           37.5    4.42227e+20    5.05479e+13    6.61202e+15
           37.6    4.63895e+20     5.0656e+13    6.60076e+15
           37.7    4.86589e+20    5.07639e+13    6.58951e+15
           37.8    5.10356e+20    5.08715e+13    6.57829e+15
           37.9    5.35244e+20    5.09789e+13    6.56709e+15
             38    5.61305e+20    5.10861e+13    6.55591e+15
           38.1    5.88593e+20    5.11929e+13    6.54476e+15
           38.2    6.17162e+20    5.12996e+13    6.53362e+15
           38.3    6.47071e+20     5.1406e+13    6.52251e+15
           38.4    6.78381e+20    5.15121e+13    6.51142e+15
           38.5    7.11156e+20     5.1618e+13    6.50036e+15
           38.6     7.4546e+20    5.17237e+13    6.48931e+15
           38.7    7.81364e+20    5.18291e+13    6.47829e+15
           38.8    8.18938e+20    5.19343e+13    6.46729e+15
           38.9     8.5826e+20    5.20393e+13    6.45631e+15
             39    8.99406e+20     5.2144e+13    6.44536e+15
           39.1    9.42459e+20    5.22484e+13    6.43442e+15
           39.2    9.87504e+20    5.23527e+13    6.42351e+15
           39.3    1.03463e+21    5.24566e+13    6.41262e+15
           39.4    1.08393e+21     5.2557e+13    6.40175e+15
           39.5     1.1355e+21    5.26538e+13    6.39091e+15
           39.6    1.18944e+21    5.27504e+13    6.38008e+15
           39.7    1.24586e+21    5.28467e+13    6.36928e+15
           39.8    1.30487e+21    5.29429e+13     6.3585e+15
           39.9    1.36658e+21    5.30388e+13    6.34775e+15
             40    1.43111e+21    5.31345e+13    6.33701e+15
           40.1    1.49858e+21    5.32299e+13     6.3263e+15
           40.2    1.56913e+21    5.33251e+13    6.31561e+15
           40.3     1.6429e+21    5.34202e+13    6.30494e+15
           40.4    1.72001e+21    5.35149e+13    6.29429e+15
           40.5    1.80063e+21    5.36095e+13    6.28366e+15
           40.6    1.88489e+21    5.37039e+13    6.27306e+15
           40.7    1.97298e+21     5.3798e+13    6.26248e+15
           40.8    2.06504e+21    5.38919e+13    6.25192e+15
           40.9    2.16125e+21    5.39856e+13    6.24138e+15
             41     2.2618e+21     5.4079e+13    6.23086e+15
           41.1    2.36688e+21    5.41723e+13    6.22036e+15
           41.2    2.47667e+21    5.42653e+13    6.20989e+15
           41.3    2.59139e+21    5.43581e+13    6.19944e+15
           41.4    2.71125e+21    5.44507e+13    6.18901e+15
           41.5    2.83647e+21     5.4543e+13     6.1786e+15
           41.6    2.96729e+21    5.46352e+13    6.16821e+15
           41.7    3.10394e+21    5.47271e+13    6.15785e+15
           41.8    3.24667e+21    5.48188e+13     6.1475e+15
           41.9    3.39575e+21    5.49103e+13    6.13718e+15
             42    3.55146e+21    5.50016e+13    6.12688e+15
           42.1    3.71407e+21    5.50927e+13     6.1166e+15
           42.2    3.88388e+21    5.51836e+13    6.10634e+15
           42.3     4.0612e+21    5.52742e+13    6.09611e+15
           42.4    4.24636e+21    5.53647e+13    6.08589e+15
           42.5    4.43968e+21    5.54549e+13     6.0757e+15
           42.6    4.64151e+21    5.55449e+13    6.06552e+15
           42.7    4.85222e+21    5.56347e+13    6.05537e+15
           42.8    5.07218e+21    5.57243e+13    6.04524e+15
           42.9    5.30179e+21    5.58137e+13    6.03513e+15
             43    5.54145e+21    5.59028e+13    6.02505e+15
           43.1    5.79159e+21    5.59918e+13    6.01498e+15
           43.2    6.05266e+21    5.60806e+13    6.00493e+15
           43.3    6.32512e+21    5.61691e+13    5.99491e+15
           43.4    6.60944e+21    5.62574e+13     5.9849e+15
           43.5    6.90612e+21    5.63456e+13    5.97492e+15
           43.6    7.21569e+21    5.64335e+13    5.96496e+15
           43.7    7.53869e+21    5.65212e+13    5.95502e+15
           43.8    7.87568e+21    5.66087e+13     5.9451e+15
           43.9    8.22724e+21     5.6696e+13     5.9352e+15
             44    8.59399e+21    5.67831e+13    5.92532e+15
           44.1    8.97656e+21      5.687e+13    5.91547e+15
           44.2    9.37561e+21    5.69567e+13    5.90563e+15
           44.3    9.79182e+21    5.70432e+13    5.89582e+15
           44.4    1.02259e+22    5.71295e+13    5.88602e+15
           44.5    1.06786e+22    5.72156e+13    5.87625e+15
           44.6    1.11507e+22    5.73015e+13    5.86649e+15
           44.7    1.16431e+22    5.73872e+13    5.85676e+15
           44.8    1.21564e+22    5.74727e+13    5.84705e+15
           44.9    1.26917e+22     5.7558e+13    5.83736e+15
             45    1.32497e+22     5.7643e+13    5.82768e+15
           45.1    1.38315e+22    5.77279e+13    5.81803e+15
           45.2    1.44381e+22    5.78126e+13     5.8084e+15
           45.3    1.50704e+22    5.78971e+13    5.79879e+15
           45.4    1.57295e+22    5.79814e+13     5.7892e+15
           45.5    1.64164e+22    5.80655e+13    5.77963e+15
           45.6    1.71325e+22    5.81494e+13    5.77009e+15
           45.7    1.78787e+22    5.82331e+13    5.76056e+15
           45.8    1.86564e+22    5.83121e+13    5.75105e+15
           45.9    1.94669e+22    5.83899e+13    5.74156e+15
             46    2.03115e+22    5.84675e+13    5.73209e+15
           46.1    2.11915e+22     5.8545e+13    5.72264e+15
           46.2    2.21084e+22    5.86222e+13    5.71321e+15
           46.3    2.30637e+22    5.86992e+13    5.70381e+15
           46.4     2.4059e+22    5.87761e+13    5.69442e+15
           46.5    2.50959e+22    5.88528e+13    5.68505e+15
           46.6    2.61761e+22    5.89293e+13     5.6757e+15
           46.7    2.73012e+22    5.90056e+13    5.66637e+15
           46.8    2.84732e+22    5.90817e+13    5.65706e+15
           46.9    2.96939e+22    5.91577e+13    5.64778e+15
             47    3.09652e+22    5.92335e+13    5.63851e+15
           47.1    3.22893e+22    5.93091e+13    5.62926e+15
           47.2    3.36681e+22    5.93845e+13    5.62003e+15
           47.3     3.5104e+22    5.94597e+13    5.61082e+15
           47.4    3.65992e+22    5.95348e+13    5.60163e+15
           47.5     3.8156e+22    5.96096e+13    5.59246e+15
           47.6     3.9777e+22    5.96843e+13     5.5833e+15
           47.7    4.14646e+22    5.97588e+13    5.57417e+15
           47.8    4.32216e+22    5.98332e+13    5.56506e+15
           47.9    4.50507e+22    5.99073e+13    5.55597e+15
             48    4.69547e+22    5.99813e+13    5.54689e+15
           48.1    4.89367e+22    6.00551e+13    5.53784e+15
           48.2    5.09996e+22    6.01288e+13     5.5288e+15
           48.3    5.31468e+22    6.02022e+13    5.51979e+15
           48.4    5.53815e+22    6.02755e+13    5.51079e+15
           48.5    5.77073e+22    6.03486e+13    5.50181e+15
           48.6    6.01276e+22    6.04216e+13    5.49285e+15
           48.7    6.26462e+22    6.04943e+13    5.48392e+15
           48.8     6.5267e+22    6.05669e+13    5.47499e+15
           48.9     6.7994e+22    6.06394e+13    5.46609e+15
             49    7.08314e+22    6.07116e+13    5.45721e+15
           49.1    7.37834e+22    6.07837e+13    5.44835e+15
           49.2    7.68546e+22    6.08556e+13     5.4395e+15
           49.3    8.00496e+22    6.09273e+13    5.43068e+15
           49.4    8.33733e+22    6.09989e+13    5.42187e+15
           49.5    8.68306e+22    6.10703e+13    5.41308e+15
           49.6    9.04268e+22    6.11415e+13    5.40431e+15
           49.7    9.41672e+22    6.12126e+13    5.39556e+15
           49.8    9.80576e+22    6.12834e+13    5.38683e+15
           49.9    1.02104e+23    6.13542e+13    5.37812e+15
             50    1.06311e+23    6.14247e+13    5.36942e+15
           50.1    1.10687e+23    6.14951e+13    5.36075e+15
           50.2    1.15237e+23    6.15653e+13    5.35209e+15
           50.3    1.19969e+23    6.16354e+13    5.34345e+15
           50.4    1.24888e+23    6.17053e+13    5.33483e+15
           50.5    1.30003e+23     6.1775e+13    5.32622e+15
           50.6    1.35321e+23    6.18445e+13    5.31764e+15
           50.7     1.4085e+23    6.19139e+13    5.30907e+15
           50.8    1.46598e+23    6.19831e+13    5.30053e+15
           50.9    1.52572e+23    6.20522e+13      5.292e+15
             51    1.58783e+23    6.21211e+13    5.28349e+15
           51.1    1.65239e+23    6.21898e+13    5.27499e+15
           51.2    1.71949e+23    6.22584e+13    5.26652e+15
           51.3    1.78923e+23    6.23268e+13    5.25806e+15
           51.4    1.86171e+23    6.23951e+13    5.24962e+15
           51.5    1.93703e+23    6.24631e+13     5.2412e+15
           51.6    2.01531e+23    6.25311e+13     5.2328e+15
           51.7    2.09666e+23    6.25988e+13    5.22441e+15
           51.8    2.18118e+23    6.26664e+13    5.21604e+15
           51.9    2.26901e+23    6.27339e+13    5.20769e+15
             52    2.36026e+23    6.28012e+13    5.19936e+15
           52.1    2.45507e+23    6.28683e+13    5.19105e+15
           52.2    2.55357e+23    6.29352e+13    5.18275e+15
           52.3     2.6559e+23    6.30021e+13    5.17447e+15
           52.4     2.7622e+23    6.30687e+13    5.16621e+15
           52.5    2.87263e+23    6.31352e+13    5.15797e+15
           52.6    2.98733e+23    6.32015e+13    5.14974e+15
           52.7    3.10648e+23    6.32677e+13    5.14153e+15
           52.8    3.23022e+23    6.33337e+13    5.13334e+15
           52.9    3.35875e+23    6.33996e+13    5.12516e+15
             53    3.49223e+23    6.34653e+13    5.11701e+15
           53.1    3.63085e+23    6.35309e+13    5.10887e+15
           53.2    3.77481e+23    6.35963e+13    5.10075e+15
           53.3     3.9243e+23    6.36615e+13    5.09264e+15
           53.4    4.07952e+23    6.37266e+13    5.08455e+15
           53.5     4.2407e+23    6.37915e+13    5.07648e+15
           53.6    4.40805e+23    6.38563e+13    5.06843e+15
           53.7    4.58179e+23    6.39209e+13    5.06039e+15
           53.8    4.76218e+23    6.39854e+13    5.05238e+15
           53.9    4.94945e+23    6.40497e+13    5.04437e+15
             54    5.14386e+23    6.41139e+13    5.03639e+15
           54.1    5.34567e+23    6.41779e+13    5.02842e+15
           54.2    5.55515e+23    6.42418e+13    5.02047e+15
           54.3    5.77259e+23    6.43055e+13    5.01253e+15
           54.4    5.99829e+23    6.43691e+13    5.00462e+15
           54.5    6.23253e+23    6.44325e+13    4.99672e+15
           54.6    6.47564e+23    6.44958e+13    4.98883e+15
           54.7    6.72795e+23    6.45589e+13    4.98096e+15
           54.8    6.98978e+23    6.46219e+13    4.97311e+15
           54.9     7.2615e+23    6.46847e+13    4.96528e+15
             55    7.54345e+23    6.47474e+13    4.95746e+15
           55.1    7.83601e+23    6.48099e+13    4.94966e+15
           55.2    8.13958e+23    6.48723e+13    4.94187e+15
           55.3    8.45454e+23    6.49345e+13    4.93411e+15
           55.4    8.78133e+23    6.49966e+13    4.92635e+15
           55.5    9.12035e+23    6.50586e+13    4.91862e+15
           55.6    9.47207e+23    6.51204e+13     4.9109e+15
           55.7    9.83694e+23     6.5182e+13     4.9032e+15
           55.8    1.02154e+24    6.52435e+13    4.89551e+15
           55.9     1.0608e+24    6.53049e+13    4.88784e+15
             56    1.10153e+24    6.53661e+13    4.88019e+15
           56.1    1.14377e+24    6.54272e+13    4.87255e+15
           56.2    1.18758e+24    6.54881e+13    4.86493e+15
           56.3    1.23302e+24    6.55489e+13    4.85732e+15
           56.4    1.28014e+24    6.56095e+13    4.84973e+15
           56.5    1.32901e+24      6.567e+13    4.84216e+15
           56.6    1.37969e+24    6.57304e+13     4.8346e+15
           56.7    1.43224e+24    6.57906e+13    4.82706e+15
           56.8    1.48673e+24    6.58507e+13    4.81953e+15
           56.9    1.54324e+24    6.59106e+13    4.81202e+15
             57    1.60182e+24    6.59704e+13    4.80453e+15
           57.1    1.66257e+24      6.603e+13    4.79705e+15
           57.2    1.72554e+24    6.60895e+13    4.78958e+15
           57.3    1.79083e+24    6.61489e+13    4.78214e+15
           57.4    1.85852e+24    6.62081e+13    4.77471e+15
           57.5    1.92868e+24    6.62672e+13    4.76729e+15
           57.6    2.00142e+24    6.63262e+13    4.75989e+15
           57.7    2.07681e+24     6.6385e+13     4.7525e+15
           57.8    2.15496e+24    6.64436e+13    4.74513e+15
           57.9    2.23596e+24    6.65022e+13    4.73778e+15
             58    2.31992e+24    6.65606e+13    4.73044e+15
           58.1    2.40693e+24    6.66188e+13    4.72312e+15
           58.2     2.4971e+24     6.6677e+13    4.71581e+15
           58.3    2.59055e+24    6.67349e+13    4.70852e+15
           58.4     2.6874e+24    6.67928e+13    4.70124e+15
           58.5    2.78775e+24    6.68505e+13    4.69398e+15
           58.6    2.89174e+24    6.69081e+13    4.68673e+15
           58.7     2.9995e+24    6.69655e+13     4.6795e+15
           58.8    3.11114e+24    6.70228e+13    4.67228e+15
           58.9    3.22682e+24      6.708e+13    4.66508e+15
             59    3.34667e+24    6.71371e+13     4.6579e+15
           59.1    3.47084e+24     6.7194e+13    4.65073e+15
           59.2    3.59947e+24    6.72507e+13    4.64357e+15
           59.3    3.73273e+24    6.73074e+13    4.63643e+15
           59.4    3.87077e+24    6.73639e+13     4.6293e+15
           59.5    4.01377e+24    6.74202e+13    4.62219e+15
           59.6    4.16189e+24    6.74765e+13    4.61509e+15
           59.7    4.31531e+24    6.75326e+13    4.60801e+15
           59.8    4.47422e+24    6.75886e+13    4.60094e+15
           59.9     4.6388e+24    6.76444e+13    4.59389e+15
             60    4.80926e+24    6.77001e+13    4.58685e+15
           60.1    4.98579e+24    6.77557e+13    4.57983e+15
           60.2    5.16861e+24    6.78112e+13    4.57282e+15
           60.3    5.35794e+24    6.78665e+13    4.56583e+15
           60.4    5.55398e+24    6.79217e+13    4.55885e+15
           60.5    5.75699e+24    6.79767e+13    4.55188e+15
           60.6     5.9672e+24    6.80317e+13    4.54493e+15
           60.7    6.18485e+24    6.80865e+13      4.538e+15
           60.8    6.41021e+24    6.81411e+13    4.53108e+15
           60.9    6.64353e+24    6.81957e+13    4.52417e+15
             61    6.88509e+24    6.82501e+13    4.51728e+15
           61.1    7.13517e+24    6.83044e+13     4.5104e+15
           61.2    7.39406e+24    6.83586e+13    4.50353e+15
           61.3    7.66207e+24    6.84126e+13    4.49668e+15
           61.4     7.9395e+24    6.84665e+13    4.48985e+15
           61.5    8.22668e+24    6.85203e+13    4.48303e+15
           61.6    8.52393e+24    6.85739e+13    4.47622e+15
           61.7    8.83161e+24    6.86275e+13    4.46942e+15
           61.8    9.15006e+24    6.86809e+13    4.46265e+15
           61.9    9.47965e+24    6.87341e+13    4.45588e+15
             62    9.82076e+24    6.87873e+13    4.44913e+15
           62.1    1.01738e+25    6.88403e+13    4.44239e+15
           62.2    1.05391e+25    6.88932e+13    4.43567e+15
           62.3    1.09172e+25     6.8946e+13    4.42896e+15
           62.4    1.13084e+25    6.89987e+13    4.42226e+15
           62.5    1.17132e+25    6.90512e+13    4.41558e+15
           62.6    1.21321e+25    6.91036e+13    4.40891e+15
           62.7    1.25655e+25    6.91559e+13    4.40226e+15
           62.8     1.3014e+25    6.92081e+13    4.39562e+15
           62.9     1.3478e+25    6.92601e+13    4.38899e+15
             63     1.3958e+25     6.9312e+13    4.38238e+15
           63.1    1.44546e+25    6.93638e+13    4.37578e+15
           63.2    1.49684e+25    6.94155e+13    4.36919e+15
           63.3    1.54999e+25    6.94671e+13    4.36262e+15
           63.4    1.60497e+25    6.95185e+13    4.35606e+15
           63.5    1.66184e+25    6.95698e+13    4.34951e+15
           63.6    1.72067e+25     6.9621e+13    4.34298e+15
           63.7    1.78152e+25    6.96721e+13    4.33646e+15
           63.8    1.84445e+25     6.9723e+13    4.32996e+15
           63.9    1.90955e+25    6.97738e+13    4.32346e+15
             64    1.97687e+25    6.98246e+13    4.31699e+15
           64.1     2.0465e+25    6.98752e+13    4.31052e+15
           64.2    2.11851e+25    6.99256e+13    4.30407e+15
           64.3    2.19298e+25     6.9976e+13    4.29763e+15
           64.4    2.26998e+25    7.00262e+13     4.2912e+15
           64.5    2.34961e+25    7.00763e+13    4.28479e+15
           64.6    2.43196e+25    7.01263e+13    4.27839e+15
           64.7     2.5171e+25    7.01762e+13      4.272e+15
           64.8    2.60514e+25     7.0226e+13    4.26563e+15
           64.9    2.69616e+25    7.02757e+13    4.25927e+15
             65    2.79027e+25    7.03252e+13    4.25292e+15
           65.1    2.88758e+25    7.03746e+13    4.24659e+15
           65.2    2.98817e+25    7.04239e+13    4.24027e+15
           65.3    3.09216e+25    7.04731e+13    4.23396e+15
           65.4    3.19967e+25    7.05222e+13    4.22766e+15
           65.5    3.31081e+25    7.05711e+13    4.22138e+15
           65.6    3.42569e+25      7.062e+13    4.21511e+15
           65.7    3.54444e+25    7.06687e+13    4.20885e+15
           65.8    3.66719e+25    7.07173e+13    4.20261e+15
           65.9    3.79406e+25    7.07658e+13    4.19637e+15
             66     3.9252e+25    7.08142e+13    4.19015e+15
           66.1    4.06073e+25    7.08625e+13    4.18395e+15
           66.2    4.20081e+25    7.09106e+13    4.17775e+15
           66.3    4.34557e+25    7.09587e+13    4.17157e+15
           66.4    4.49518e+25    7.10066e+13     4.1654e+15
           66.5    4.64979e+25    7.10544e+13    4.15925e+15
           66.6    4.80956e+25    7.11021e+13     4.1531e+15
           66.7    4.97467e+25    7.11497e+13    4.14697e+15
           66.8    5.14527e+25    7.11972e+13    4.14085e+15
           66.9    5.32155e+25    7.12446e+13    4.13475e+15
             67    5.50369e+25    7.12918e+13    4.12865e+15
           67.1    5.69189e+25     7.1339e+13    4.12257e+15
           67.2    5.88634e+25     7.1386e+13     4.1165e+15
           67.3    6.08723e+25    7.14329e+13    4.11044e+15
           67.4    6.29478e+25    7.14798e+13     4.1044e+15
           67.5     6.5092e+25    7.15265e+13    4.09836e+15
           67.6     6.7307e+25    7.15731e+13    4.09234e+15
           67.7    6.95953e+25    7.16196e+13    4.08633e+15
           67.8    7.19591e+25    7.16659e+13    4.08034e+15
           67.9    7.44009e+25    7.17122e+13    4.07435e+15
             68     7.6923e+25    7.17584e+13    4.06838e+15
           68.1    7.95282e+25    7.18044e+13    4.06242e+15
           68.2    8.22191e+25    7.18504e+13    4.05647e+15
           68.3    8.49983e+25    7.18962e+13    4.05054e+15
           68.4    8.78688e+25    7.19419e+13    4.04461e+15
           68.5    9.08334e+25    7.19876e+13     4.0387e+15
           68.6     9.3895e+25    7.20331e+13     4.0328e+15
           68.7    9.70569e+25    7.20785e+13    4.02691e+15
           68.8    1.00322e+26    7.21238e+13    4.02103e+15
           68.9    1.03694e+26     7.2169e+13    4.01517e+15
             69    1.07176e+26    7.22141e+13    4.00931e+15
           69.1    1.10772e+26     7.2259e+13    4.00347e+15
           69.2    1.14484e+26    7.23039e+13    3.99764e+15
           69.3    1.18318e+26    7.23487e+13    3.99182e+15
           69.4    1.22276e+26    7.23934e+13    3.98602e+15
           69.5    1.26362e+26    7.24379e+13    3.98022e+15
           69.6    1.30581e+26    7.24824e+13    3.97444e+15
           69.7    1.34937e+26    7.25267e+13    3.96867e+15
           69.8    1.39435e+26     7.2571e+13    3.96291e+15
           69.9    1.44077e+26    7.26151e+13    3.95716e+15
             70     1.4887e+26    7.26592e+13    3.95142e+15
           70.1    1.53818e+26    7.27031e+13    3.94569e+15
           70.2    1.58925e+26    7.27469e+13    3.93998e+15
           70.3    1.64197e+26    7.27906e+13    3.93428e+15
           70.4    1.69639e+26    7.28343e+13    3.92858e+15
           70.5    1.75255e+26    7.28778e+13     3.9229e+15
           70.6    1.81053e+26    7.29212e+13    3.91723e+15
           70.7    1.87037e+26    7.29645e+13    3.91158e+15
           70.8    1.93212e+26    7.30077e+13    3.90593e+15
           70.9    1.99586e+26    7.30509e+13    3.90029e+15
             71    2.06164e+26    7.30939e+13    3.89467e+15
           71.1    2.12953e+26    7.31368e+13    3.88906e+15
           71.2    2.19958e+26    7.31796e+13    3.88345e+15
           71.3    2.27187e+26    7.32223e+13    3.87786e+15
           71.4    2.34648e+26    7.32649e+13    3.87228e+15
           71.5    2.42346e+26    7.33074e+13    3.86672e+15
           71.6    2.50289e+26    7.33498e+13    3.86116e+15
           71.7    2.58485e+26    7.33921e+13    3.85561e+15
           71.8    2.66942e+26    7.34344e+13    3.85008e+15
           71.9    2.75667e+26    7.34765e+13    3.84455e+15
             72     2.8467e+26    7.35185e+13    3.83904e+15
           72.1    2.93958e+26    7.35604e+13    3.83353e+15
           72.2     3.0354e+26    7.36022e+13    3.82804e+15
           72.3    3.13426e+26    7.36439e+13    3.82256e+15
           72.4    3.23624e+26    7.36855e+13    3.81709e+15
           72.5    3.34145e+26     7.3727e+13    3.81163e+15
           72.6    3.44998e+26    7.37685e+13    3.80618e+15
           72.7    3.56193e+26    7.38098e+13    3.80074e+15
           72.8    3.67741e+26     7.3851e+13    3.79532e+15
           72.9    3.79653e+26    7.38921e+13     3.7899e+15
             73     3.9194e+26    7.39332e+13    3.78449e+15
           73.1    4.04612e+26    7.39741e+13     3.7791e+15
           73.2    4.17683e+26    7.40149e+13    3.77371e+15
           73.3    4.31164e+26    7.40557e+13    3.76834e+15
           73.4    4.45067e+26    7.40963e+13    3.76298e+15
           73.5    4.59406e+26    7.41369e+13    3.75762e+15
           73.6    4.74194e+26    7.41773e+13    3.75228e+15
           73.7    4.89444e+26    7.42177e+13    3.74695e+15
           73.8     5.0517e+26    7.42579e+13    3.74163e+15
           73.9    5.21387e+26    7.42981e+13    3.73632e+15
             74     5.3811e+26    7.43382e+13    3.73102e+15
           74.1    5.55354e+26    7.43782e+13    3.72573e+15
           74.2    5.73135e+26     7.4418e+13    3.72045e+15
           74.3    5.91468e+26    7.44578e+13    3.71518e+15
           74.4    6.10372e+26    7.44975e+13    3.70992e+15
           74.5    6.29862e+26    7.45371e+13    3.70467e+15
           74.6    6.49956e+26    7.45766e+13    3.69943e+15
           74.7    6.70674e+26     7.4616e+13     3.6942e+15
           74.8    6.92033e+26    7.46554e+13    3.68898e+15
           74.9    7.14053e+26    7.46946e+13    3.68377e+15
             75    7.36753e+26    7.47337e+13    3.67857e+15
           75.1    7.60154e+26    7.47728e+13    3.67339e+15
           75.2    7.84278e+26    7.48117e+13    3.66821e+15
           75.3    8.09145e+26    7.48506e+13    3.66304e+15
           75.4    8.34778e+26    7.48893e+13    3.65788e+15
           75.5      8.612e+26     7.4928e+13    3.65274e+15
           75.6    8.88434e+26    7.49666e+13     3.6476e+15
           75.7    9.16506e+26    7.50051e+13    3.64247e+15
           75.8    9.45438e+26    7.50435e+13    3.63735e+15
           75.9    9.75259e+26    7.50818e+13    3.63224e+15
             76    1.00599e+27      7.512e+13    3.62715e+15
           76.1    1.03767e+27    7.51581e+13    3.62206e+15
           76.2    1.07031e+27    7.51962e+13    3.61698e+15
           76.3    1.10395e+27    7.52341e+13    3.61191e+15
           76.4    1.13862e+27     7.5272e+13    3.60685e+15
           76.5    1.17435e+27    7.53097e+13     3.6018e+15
           76.6    1.21116e+27    7.53474e+13    3.59676e+15
           76.7     1.2491e+27     7.5385e+13    3.59174e+15
           76.8    1.28819e+27    7.54225e+13    3.58672e+15
           76.9    1.32847e+27    7.54599e+13    3.58171e+15
             77    1.36998e+27    7.54972e+13    3.57671e+15
           77.1    1.41274e+27    7.55345e+13    3.57171e+15
           77.2     1.4568e+27    7.55716e+13    3.56673e+15
           77.3    1.50219e+27    7.56087e+13    3.56176e+15
           77.4    1.54896e+27    7.56456e+13     3.5568e+15
           77.5    1.59715e+27    7.56825e+13    3.55185e+15
           77.6    1.64679e+27    7.57193e+13    3.54691e+15
           77.7    1.69793e+27     7.5756e+13    3.54197e+15
           77.8    1.75061e+27    7.57926e+13    3.53705e+15
           77.9    1.80489e+27    7.58292e+13    3.53213e+15
             78    1.86079e+27    7.58656e+13    3.52723e+15
           78.1    1.91838e+27     7.5902e+13    3.52233e+15
           78.2     1.9777e+27    7.59382e+13    3.51745e+15
           78.3    2.03881e+27    7.59744e+13    3.51257e+15
           78.4    2.10174e+27    7.60105e+13     3.5077e+15
           78.5    2.16657e+27    7.60465e+13    3.50285e+15
           78.6    2.23334e+27    7.60825e+13      3.498e+15
           78.7     2.3021e+27    7.61183e+13    3.49316e+15
           78.8    2.37293e+27    7.61541e+13    3.48833e+15
           78.9    2.44587e+27    7.61897e+13    3.48351e+15
             79    2.52099e+27    7.62253e+13    3.47869e+15
           79.1    2.59836e+27    7.62608e+13    3.47389e+15
           79.2    2.67803e+27    7.62962e+13     3.4691e+15
           79.3    2.76007e+27    7.63316e+13    3.46431e+15
           79.4    2.84456e+27    7.63668e+13    3.45954e+15
           79.5    2.93156e+27     7.6402e+13    3.45477e+15
           79.6    3.02114e+27     7.6437e+13    3.45002e+15
           79.7    3.11339e+27     7.6472e+13    3.44527e+15
           79.8    3.20837e+27     7.6507e+13    3.44053e+15
           79.9    3.30617e+27    7.65418e+13     3.4358e+15
             80    3.40687e+27    7.65765e+13    3.43108e+15
           80.1    3.51054e+27    7.66112e+13    3.42637e+15
           80.2    3.61729e+27    7.66458e+13    3.42166e+15
           80.3    3.72718e+27    7.66803e+13    3.41697e+15
           80.4    3.84032e+27    7.67147e+13    3.41229e+15
           80.5     3.9568e+27     7.6749e+13    3.40761e+15
           80.6    4.07671e+27    7.67833e+13    3.40294e+15
           80.7    4.20016e+27    7.68174e+13    3.39828e+15
           80.8    4.32723e+27    7.68515e+13    3.39363e+15
           80.9    4.45805e+27    7.68855e+13    3.38899e+15
             81     4.5927e+27    7.69195e+13    3.38436e+15
           81.1    4.73131e+27    7.69533e+13    3.37974e+15
           81.2    4.87398e+27    7.69871e+13    3.37512e+15
           81.3    5.02084e+27    7.70208e+13    3.37052e+15
           81.4      5.172e+27    7.70544e+13    3.36592e+15
           81.5    5.32757e+27    7.70879e+13    3.36133e+15
           81.6     5.4877e+27    7.71213e+13    3.35675e+15
           81.7    5.65251e+27    7.71547e+13    3.35218e+15
           81.8    5.82212e+27     7.7188e+13    3.34762e+15
           81.9    5.99668e+27    7.72212e+13    3.34306e+15
             82    6.17633e+27    7.72543e+13    3.33852e+15
           82.1    6.36121e+27    7.72873e+13    3.33398e+15
           82.2    6.55147e+27    7.73203e+13    3.32945e+15
           82.3    6.74726e+27    7.73532e+13    3.32493e+15
           82.4    6.94873e+27     7.7386e+13    3.32042e+15
           82.5    7.15605e+27    7.74187e+13    3.31592e+15
           82.6    7.36939e+27    7.74513e+13    3.31142e+15
           82.7     7.5889e+27    7.74839e+13    3.30694e+15
           82.8    7.81478e+27    7.75164e+13    3.30246e+15
           82.9    8.04718e+27    7.75488e+13    3.29799e+15
             83    8.28631e+27    7.75811e+13    3.29353e+15
           83.1    8.53234e+27    7.76134e+13    3.28908e+15
           83.2    8.78547e+27    7.76456e+13    3.28463e+15
           83.3     9.0459e+27    7.76777e+13     3.2802e+15
           83.4    9.31383e+27    7.77097e+13    3.27577e+15
           83.5    9.58948e+27    7.77417e+13    3.27135e+15
           83.6    9.87306e+27    7.77735e+13    3.26694e+15
           83.7    1.01648e+28    7.78053e+13    3.26254e+15
           83.8    1.04649e+28     7.7837e+13    3.25814e+15
           83.9    1.07736e+28    7.78687e+13    3.25376e+15
             84    1.10912e+28    7.79002e+13    3.24938e+15
           84.1    1.14179e+28    7.79317e+13    3.24501e+15
           84.2    1.17539e+28    7.79631e+13    3.24065e+15
           84.3    1.20995e+28    7.79945e+13    3.23629e+15
           84.4     1.2455e+28    7.80257e+13    3.23195e+15
           84.5    1.28207e+28    7.80569e+13    3.22761e+15
           84.6    1.31968e+28     7.8088e+13    3.22328e+15
           84.7    1.35837e+28    7.81191e+13    3.21896e+15
           84.8    1.39815e+28      7.815e+13    3.21464e+15
           84.9    1.43907e+28    7.81809e+13    3.21034e+15
             85    1.48115e+28    7.82117e+13    3.20604e+15
           85.1    1.52443e+28    7.82425e+13    3.20175e+15
           85.2    1.56894e+28    7.82731e+13    3.19747e+15
           85.3    1.61471e+28    7.83037e+13     3.1932e+15
           85.4    1.66178e+28    7.83342e+13    3.18893e+15
           85.5    1.71018e+28    7.83647e+13    3.18467e+15
           85.6    1.75996e+28     7.8395e+13    3.18042e+15
           85.7    1.81114e+28    7.84253e+13    3.17618e+15
           85.8    1.86377e+28    7.84555e+13    3.17195e+15
           85.9    1.91789e+28    7.84857e+13    3.16772e+15
             86    1.97353e+28    7.85158e+13     3.1635e+15
           86.1    2.03074e+28    7.85458e+13    3.15929e+15
           86.2    2.08957e+28    7.85757e+13    3.15509e+15
           86.3    2.15005e+28    7.86055e+13    3.15089e+15
           86.4    2.21223e+28    7.86353e+13     3.1467e+15
           86.5    2.27617e+28     7.8665e+13    3.14252e+15
           86.6    2.34189e+28    7.86947e+13    3.13835e+15
           86.7    2.40947e+28    7.87242e+13    3.13419e+15
           86.8    2.47894e+28    7.87537e+13    3.13003e+15
           86.9    2.55036e+28    7.87832e+13    3.12588e+15
             87    2.62377e+28    7.88125e+13    3.12174e+15
           87.1    2.69924e+28    7.88418e+13    3.11761e+15
           87.2    2.77683e+28     7.8871e+13    3.11348e+15
           87.3    2.85658e+28    7.89001e+13    3.10936e+15
           87.4    2.93855e+28    7.89292e+13    3.10525e+15
           87.5    3.02282e+28    7.89582e+13    3.10114e+15
           87.6    3.10943e+28    7.89871e+13    3.09705e+15
           87.7    3.19846e+28     7.9016e+13    3.09296e+15
           87.8    3.28997e+28    7.90447e+13    3.08888e+15
           87.9    3.38402e+28    7.90735e+13     3.0848e+15
             88    3.48068e+28    7.91021e+13    3.08074e+15
           88.1    3.58003e+28    7.91307e+13    3.07668e+15
           88.2    3.68214e+28    7.91592e+13    3.07263e+15
           88.3    3.78707e+28    7.91876e+13    3.06858e+15
           88.4    3.89492e+28     7.9216e+13    3.06454e+15
           88.5    4.00575e+28    7.92443e+13    3.06052e+15
           88.6    4.11965e+28    7.92725e+13    3.05649e+15
           88.7    4.23669e+28    7.93007e+13    3.05248e+15
           88.8    4.35697e+28    7.93287e+13    3.04847e+15
           88.9    4.48058e+28    7.93568e+13    3.04447e+15
             89    4.60759e+28    7.93847e+13    3.04048e+15
           89.1     4.7381e+28    7.94126e+13    3.03649e+15
           89.2     4.8722e+28    7.94404e+13    3.03251e+15
           89.3       5.01e+28    7.94682e+13    3.02854e+15
           89.4    5.15158e+28    7.94958e+13    3.02458e+15
           89.5    5.29706e+28    7.95234e+13    3.02062e+15
           89.6    5.44653e+28     7.9551e+13    3.01667e+15
           89.7     5.6001e+28    7.95785e+13    3.01273e+15
           89.8    5.75788e+28    7.96059e+13    3.00879e+15
           89.9    5.91998e+28    7.96332e+13    3.00486e+15
             90    6.08653e+28    7.96605e+13    3.00094e+15
           90.1    6.25762e+28    7.96877e+13    2.99703e+15
           90.2     6.4334e+28    7.97148e+13    2.99312e+15
           90.3    6.61398e+28    7.97419e+13    2.98922e+15
           90.4    6.79948e+28    7.97689e+13    2.98533e+15
           90.5    6.99004e+28    7.97958e+13    2.98144e+15
           90.6     7.1858e+28    7.98227e+13    2.97756e+15
           90.7    7.38689e+28    7.98495e+13    2.97369e+15
           90.8    7.59345e+28    7.98763e+13    2.96983e+15
           90.9    7.80563e+28    7.99029e+13    2.96597e+15
             91    8.02357e+28    7.99295e+13    2.96212e+15
           91.1    8.24743e+28    7.99561e+13    2.95827e+15
           91.2    8.47736e+28    7.99826e+13    2.95444e+15
           91.3    8.71353e+28     8.0009e+13    2.95061e+15
           91.4     8.9561e+28    8.00353e+13    2.94678e+15
           91.5    9.20523e+28    8.00616e+13    2.94296e+15
           91.6     9.4611e+28    8.00878e+13    2.93916e+15
           91.7    9.72389e+28     8.0114e+13    2.93535e+15
           91.8    9.99378e+28    8.01401e+13    2.93156e+15
           91.9    1.02709e+29    8.01661e+13    2.92777e+15
             92    1.05556e+29     8.0192e+13    2.92398e+15
           92.1    1.08479e+29    8.02179e+13    2.92021e+15
           92.2    1.11481e+29    8.02438e+13    2.91644e+15
           92.3    1.14564e+29    8.02695e+13    2.91268e+15
           92.4    1.17729e+29    8.02952e+13    2.90892e+15
           92.5     1.2098e+29    8.03209e+13    2.90517e+15
           92.6    1.24318e+29    8.03464e+13    2.90143e+15
           92.7    1.27745e+29     8.0372e+13    2.89769e+15
           92.8    1.31265e+29    8.03974e+13    2.89397e+15
           92.9    1.34878e+29    8.04228e+13    2.89024e+15
             93    1.38589e+29    8.04481e+13    2.88653e+15
           93.1    1.42399e+29    8.04734e+13    2.88282e+15
           93.2     1.4631e+29    8.04986e+13    2.87912e+15
           93.3    1.50326e+29    8.05237e+13    2.87542e+15
           93.4     1.5445e+29    8.05488e+13    2.87173e+15
           93.5    1.58683e+29    8.05738e+13    2.86805e+15
           93.6    1.63029e+29    8.05987e+13    2.86437e+15
           93.7    1.67491e+29    8.06236e+13     2.8607e+15
           93.8    1.72072e+29    8.06484e+13    2.85704e+15
           93.9    1.76774e+29    8.06732e+13    2.85338e+15
             94    1.81602e+29    8.06979e+13    2.84973e+15
           94.1    1.86557e+29    8.07225e+13    2.84609e+15
           94.2    1.91645e+29    8.07471e+13    2.84245e+15
           94.3    1.96867e+29    8.07716e+13    2.83882e+15
           94.4    2.02227e+29     8.0796e+13     2.8352e+15
           94.5     2.0773e+29    8.08204e+13    2.83158e+15
           94.6    2.13378e+29    8.08448e+13    2.82797e+15
           94.7    2.19176e+29     8.0869e+13    2.82436e+15
           94.8    2.25126e+29    8.08932e+13    2.82076e+15
           94.9    2.31234e+29    8.09174e+13    2.81717e+15
             95    2.37503e+29    8.09415e+13    2.81359e+15
           95.1    2.43938e+29    8.09655e+13    2.81001e+15
           95.2    2.50542e+29    8.09895e+13    2.80643e+15
           95.3    2.57319e+29    8.10134e+13    2.80287e+15
           95.4    2.64275e+29    8.10372e+13    2.79931e+15
           95.5    2.71415e+29     8.1061e+13    2.79575e+15
           95.6    2.78741e+29    8.10847e+13     2.7922e+15
           95.7     2.8626e+29    8.11084e+13    2.78866e+15
           95.8    2.93976e+29     8.1132e+13    2.78512e+15
           95.9    3.01895e+29    8.11555e+13    2.78159e+15
             96    3.10021e+29     8.1179e+13    2.77807e+15
           96.1     3.1836e+29    8.12025e+13    2.77455e+15
           96.2    3.26917e+29    8.12258e+13    2.77104e+15
           96.3    3.35698e+29    8.12491e+13    2.76754e+15
           96.4    3.44708e+29    8.12724e+13    2.76404e+15
           96.5    3.53953e+29    8.12956e+13    2.76055e+15
           96.6     3.6344e+29    8.13187e+13    2.75706e+15
           96.7    3.73174e+29    8.13418e+13    2.75358e+15
           96.8    3.83161e+29    8.13648e+13     2.7501e+15
           96.9    3.93408e+29    8.13878e+13    2.74664e+15
             97    4.03922e+29    8.14107e+13    2.74317e+15
           97.1     4.1471e+29    8.14335e+13    2.73972e+15
           97.2    4.25777e+29    8.14563e+13    2.73627e+15
           97.3    4.37132e+29     8.1479e+13    2.73282e+15
           97.4    4.48782e+29    8.15017e+13    2.72939e+15
           97.5    4.60733e+29    8.15243e+13    2.72595e+15
           97.6    4.72994e+29    8.15468e+13    2.72253e+15
           97.7    4.85573e+29    8.15693e+13    2.71911e+15
           97.8    4.98477e+29    8.15918e+13    2.71569e+15
           97.9    5.11714e+29    8.16142e+13    2.71228e+15
             98    5.25294e+29    8.16365e+13    2.70888e+15
           98.1    5.39224e+29    8.16587e+13    2.70549e+15
           98.2    5.53513e+29     8.1681e+13    2.70209e+15
           98.3    5.68171e+29    8.17031e+13    2.69871e+15
           98.4    5.83206e+29    8.17252e+13    2.69533e+15
           98.5    5.98628e+29    8.17473e+13    2.69196e+15
           98.6    6.14447e+29    8.17692e+13    2.68859e+15
           98.7    6.30673e+29    8.17912e+13    2.68523e+15
           98.8    6.47316e+29     8.1813e+13    2.68187e+15
           98.9    6.64385e+29    8.18349e+13    2.67852e+15
             99    6.81893e+29    8.18566e+13    2.67518e+15
           99.1    6.99849e+29    8.18783e+13    2.67184e+15
           99.2    7.18266e+29       8.19e+13    2.66851e+15
           99.3    7.37154e+29    8.19216e+13    2.66518e+15
           99.4    7.56525e+29    8.19431e+13    2.66186e+15
           99.5    7.76391e+29    8.19646e+13    2.65855e+15
           99.6    7.96765e+29     8.1986e+13    2.65524e+15
           99.7    8.17659e+29    8.20074e+13    2.65193e+15
           99.8    8.39086e+29    8.20287e+13    2.64864e+15
           99.9    8.61059e+29      8.205e+13    2.64534e+15
            100    8.83592e+29    8.20712e+13    2.64206e+15
          100.1    9.06699e+29    8.20923e+13    2.63878e+15
          100.2    9.30394e+29    8.21134e+13     2.6355e+15
          100.3    9.54691e+29    8.21345e+13    2.63223e+15
          100.4    9.79605e+29    8.21555e+13    2.62897e+15
          100.5    1.00515e+30    8.21764e+13    2.62571e+15
          100.6    1.03135e+30    8.21973e+13    2.62246e+15
          100.7    1.05821e+30    8.22181e+13    2.61921e+15
          100.8    1.08575e+30    8.22389e+13    2.61597e+15
          100.9    1.11398e+30    8.22596e+13    2.61273e+15
            101    1.14293e+30    8.22803e+13     2.6095e+15
          101.1    1.17262e+30    8.23009e+13    2.60628e+15
          101.2    1.20305e+30    8.23215e+13    2.60306e+15
          101.3    1.23425e+30     8.2342e+13    2.59984e+15
          101.4    1.26624e+30    8.23624e+13    2.59663e+15
          101.5    1.29904e+30    8.23828e+13    2.59343e+15
          101.6    1.33266e+30    8.24032e+13    2.59023e+15
          101.7    1.36713e+30    8.24235e+13    2.58704e+15
          101.8    1.40247e+30    8.24437e+13    2.58385e+15
          101.9    1.43869e+30    8.24639e+13    2.58067e+15
            102    1.47583e+30     8.2484e+13     2.5775e+15
          102.1     1.5139e+30    8.25041e+13    2.57433e+15
          102.2    1.55292e+30    8.25242e+13    2.57116e+15
          102.3    1.59292e+30    8.25441e+13      2.568e+15
          102.4    1.63393e+30    8.25641e+13    2.56485e+15
          102.5    1.67596e+30    8.25839e+13     2.5617e+15
          102.6    1.71904e+30    8.26038e+13    2.55855e+15
          102.7     1.7632e+30    8.26235e+13    2.55542e+15
          102.8    1.80847e+30    8.26433e+13    2.55228e+15
          102.9    1.85486e+30    8.26629e+13    2.54916e+15
            103    1.90242e+30    8.26825e+13    2.54603e+15
          103.1    1.95116e+30    8.27021e+13    2.54292e+15
          103.2    2.00111e+30    8.27216e+13    2.53981e+15
          103.3    2.05231e+30    8.27411e+13     2.5367e+15
          103.4    2.10479e+30    8.27605e+13     2.5336e+15
          103.5    2.15857e+30    8.27799e+13     2.5305e+15
          103.6    2.21368e+30    8.27992e+13    2.52741e+15
          103.7    2.27017e+30    8.28184e+13    2.52433e+15
          103.8    2.32806e+30    8.28376e+13    2.52125e+15
          103.9    2.38738e+30    8.28568e+13    2.51817e+15
            104    2.44818e+30    8.28759e+13     2.5151e+15
          104.1    2.51048e+30     8.2895e+13    2.51204e+15
          104.2    2.57433e+30     8.2914e+13    2.50898e+15
          104.3    2.63975e+30    8.29329e+13    2.50592e+15
          104.4    2.70679e+30    8.29518e+13    2.50287e+15
          104.5    2.77549e+30    8.29707e+13    2.49983e+15
          104.6    2.84589e+30    8.29895e+13    2.49679e+15
          104.7    2.91802e+30    8.30083e+13    2.49376e+15
          104.8    2.99194e+30     8.3027e+13    2.49073e+15
          104.9    3.06767e+30    8.30456e+13     2.4877e+15
            105    3.14527e+30    8.30642e+13    2.48469e+15
          105.1    3.22478e+30    8.30828e+13    2.48167e+15
          105.2    3.30625e+30    8.31013e+13    2.47866e+15
          105.3    3.38972e+30    8.31198e+13    2.47566e+15
          105.4    3.47523e+30    8.31382e+13    2.47266e+15
          105.5    3.56285e+30    8.31565e+13    2.46967e+15
          105.6    3.65262e+30    8.31748e+13    2.46668e+15
          105.7    3.74459e+30    8.31931e+13     2.4637e+15
          105.8    3.83881e+30    8.32113e+13    2.46072e+15
          105.9    3.93534e+30    8.32295e+13    2.45775e+15
            106    4.03423e+30    8.32476e+13    2.45478e+15
          106.1    4.13554e+30    8.32657e+13    2.45181e+15
          106.2    4.23933e+30    8.32837e+13    2.44886e+15
          106.3    4.34565e+30    8.33017e+13     2.4459e+15
          106.4    4.45456e+30    8.33196e+13    2.44295e+15
          106.5    4.56613e+30    8.33375e+13    2.44001e+15
          106.6    4.68042e+30    8.33553e+13    2.43707e+15
          106.7     4.7975e+30    8.33731e+13    2.43414e+15
          106.8    4.91742e+30    8.33908e+13    2.43121e+15
          106.9    5.04026e+30    8.34085e+13    2.42829e+15
            107    5.16609e+30    8.34261e+13    2.42537e+15
          107.1    5.29498e+30    8.34437e+13    2.42245e+15
          107.2    5.42699e+30    8.34613e+13    2.41954e+15
          107.3    5.56221e+30    8.34788e+13    2.41664e+15
          107.4     5.7007e+30    8.34962e+13    2.41374e+15
          107.5    5.84255e+30    8.35136e+13    2.41084e+15
          107.6    5.98784e+30     8.3531e+13    2.40795e+15
          107.7    6.13664e+30    8.35483e+13    2.40507e+15
          107.8    6.28904e+30    8.35656e+13    2.40219e+15
          107.9    6.44512e+30    8.35828e+13    2.39931e+15
            108    6.60498e+30    8.35999e+13    2.39644e+15
          108.1    6.76869e+30    8.36171e+13    2.39357e+15
          108.2    6.93635e+30    8.36341e+13    2.39071e+15
          108.3    7.10805e+30    8.36512e+13    2.38786e+15
          108.4    7.28389e+30    8.36681e+13      2.385e+15
          108.5    7.46396e+30    8.36851e+13    2.38216e+15
          108.6    7.64837e+30     8.3702e+13    2.37931e+15
          108.7     7.8372e+30    8.37188e+13    2.37648e+15
          108.8    8.03058e+30    8.37356e+13    2.37364e+15
          108.9     8.2286e+30    8.37524e+13    2.37081e+15
            109    8.43137e+30    8.37691e+13    2.36799e+15
          109.1      8.639e+30    8.37857e+13    2.36517e+15
          109.2    8.85161e+30    8.38023e+13    2.36236e+15
          109.3    9.06932e+30    8.38189e+13    2.35955e+15
          109.4    9.29223e+30    8.38354e+13    2.35674e+15
          109.5    9.52048e+30    8.38519e+13    2.35394e+15
          109.6    9.75418e+30    8.38683e+13    2.35114e+15
          109.7    9.99347e+30    8.38847e+13    2.34835e+15
          109.8    1.02385e+31    8.39011e+13    2.34557e+15
          109.9    1.04893e+31    8.39174e+13    2.34278e+15
            110    1.07461e+31    8.39336e+13    2.34001e+15
          110.1    1.10091e+31    8.39498e+13    2.33723e+15
          110.2    1.12783e+31     8.3966e+13    2.33446e+15
          110.3    1.15539e+31    8.39821e+13     2.3317e+15
          110.4    1.18361e+31    8.39982e+13    2.32894e+15
          110.5     1.2125e+31    8.40142e+13    2.32618e+15
          110.6    1.24207e+31    8.40302e+13    2.32343e+15
          110.7    1.27235e+31    8.40461e+13    2.32069e+15
          110.8    1.30334e+31     8.4062e+13    2.31795e+15
          110.9    1.33507e+31    8.40779e+13    2.31521e+15
            111    1.36755e+31    8.40937e+13    2.31248e+15
          111.1     1.4008e+31    8.41095e+13    2.30975e+15
          111.2    1.43484e+31    8.41252e+13    2.30702e+15
          111.3    1.46968e+31    8.41409e+13    2.30431e+15
          111.4    1.50534e+31    8.41565e+13    2.30159e+15
          111.5    1.54185e+31    8.41721e+13    2.29888e+15
          111.6    1.57922e+31    8.41876e+13    2.29617e+15
          111.7    1.61747e+31    8.42031e+13    2.29347e+15
          111.8    1.65662e+31    8.42186e+13    2.29078e+15
          111.9     1.6967e+31     8.4234e+13    2.28808e+15
            112    1.73772e+31    8.42494e+13    2.28539e+15
          112.1     1.7797e+31    8.42647e+13    2.28271e+15
          112.2    1.82267e+31      8.428e+13    2.28003e+15
          112.3    1.86665e+31    8.42952e+13    2.27736e+15
          112.4    1.91167e+31    8.43104e+13    2.27468e+15
          112.5    1.95774e+31    8.43256e+13    2.27202e+15
          112.6    2.00489e+31    8.43407e+13    2.26936e+15
          112.7    2.05315e+31    8.43558e+13     2.2667e+15
          112.8    2.10253e+31    8.43708e+13    2.26404e+15
          112.9    2.15308e+31    8.43858e+13    2.26139e+15
            113     2.2048e+31    8.44008e+13    2.25875e+15
          113.1    2.25774e+31    8.44157e+13    2.25611e+15
          113.2    2.31191e+31    8.44305e+13    2.25347e+15
          113.3    2.36735e+31    8.44454e+13    2.25084e+15
          113.4    2.42408e+31    8.44601e+13    2.24821e+15
          113.5    2.48214e+31    8.44749e+13    2.24559e+15
          113.6    2.54155e+31    8.44896e+13    2.24297e+15
          113.7    2.60234e+31    8.45042e+13    2.24035e+15
          113.8    2.66455e+31    8.45188e+13    2.23774e+15
          113.9     2.7282e+31    8.45334e+13    2.23513e+15
            114    2.79334e+31    8.45479e+13    2.23253e+15
          114.1    2.85999e+31    8.45624e+13    2.22993e+15
          114.2    2.92819e+31    8.45769e+13    2.22734e+15
          114.3    2.99797e+31    8.45913e+13    2.22475e+15
          114.4    3.06937e+31    8.46056e+13    2.22216e+15
          114.5    3.14242e+31    8.46199e+13    2.21958e+15
          114.6    3.21717e+31    8.46342e+13      2.217e+15
          114.7    3.29365e+31    8.46485e+13    2.21443e+15
          114.8    3.37189e+31    8.46627e+13    2.21186e+15
          114.9    3.45195e+31    8.46768e+13    2.20929e+15
            115    3.53386e+31    8.46909e+13    2.20673e+15
          115.1    3.61766e+31     8.4705e+13    2.20418e+15
          115.2    3.70339e+31     8.4719e+13    2.20162e+15
          115.3     3.7911e+31     8.4733e+13    2.19907e+15
          115.4    3.88084e+31     8.4747e+13    2.19653e+15
          115.5    3.97264e+31    8.47609e+13    2.19399e+15
          115.6    4.06655e+31    8.47748e+13    2.19145e+15
          115.7    4.16263e+31    8.47886e+13    2.18892e+15
          115.8    4.26091e+31    8.48024e+13    2.18639e+15
          115.9    4.36146e+31    8.48162e+13    2.18387e+15
            116    4.46431e+31    8.48299e+13    2.18135e+15
          116.1    4.56953e+31    8.48436e+13    2.17883e+15
          116.2    4.67716e+31    8.48572e+13    2.17632e+15
          116.3    4.78726e+31    8.48708e+13    2.17381e+15
          116.4    4.89988e+31    8.48843e+13     2.1713e+15
          116.5    5.01507e+31    8.48979e+13     2.1688e+15
          116.6    5.13291e+31    8.49113e+13    2.16631e+15
          116.7    5.25344e+31    8.49248e+13    2.16381e+15
          116.8    5.37673e+31    8.49382e+13    2.16133e+15
          116.9    5.50283e+31    8.49515e+13    2.15884e+15
            117    5.63181e+31    8.49648e+13    2.15636e+15
          117.1    5.76374e+31    8.49781e+13    2.15388e+15
          117.2    5.89867e+31    8.49914e+13    2.15141e+15
          117.3    6.03668e+31    8.50046e+13    2.14894e+15
          117.4    6.17783e+31    8.50177e+13    2.14648e+15
          117.5     6.3222e+31    8.50308e+13    2.14402e+15
          117.6    6.46984e+31    8.50439e+13    2.14156e+15
          117.7    6.62085e+31     8.5057e+13    2.13911e+15
          117.8    6.77529e+31      8.507e+13    2.13666e+15
          117.9    6.93323e+31     8.5083e+13    2.13421e+15
            118    7.09476e+31    8.50959e+13    2.13177e+15
          118.1    7.25995e+31    8.51088e+13    2.12933e+15
          118.2    7.42889e+31    8.51216e+13     2.1269e+15
          118.3    7.60165e+31    8.51344e+13    2.12447e+15
          118.4    7.77833e+31    8.51472e+13    2.12204e+15
          118.5      7.959e+31      8.516e+13    2.11962e+15
          118.6    8.14376e+31    8.51727e+13     2.1172e+15
          118.7    8.33269e+31    8.51853e+13    2.11479e+15
          118.8    8.52589e+31     8.5198e+13    2.11237e+15
          118.9    8.72345e+31    8.52105e+13    2.10997e+15
            119    8.92547e+31    8.52231e+13    2.10756e+15
          119.1    9.13204e+31    8.52356e+13    2.10516e+15
          119.2    9.34327e+31    8.52481e+13    2.10277e+15
          119.3    9.55925e+31    8.52605e+13    2.10038e+15
          119.4     9.7801e+31    8.52729e+13    2.09799e+15
          119.5    1.00059e+32    8.52853e+13     2.0956e+15
          119.6    1.02368e+32    8.52976e+13    2.09322e+15
          119.7    1.04729e+32    8.53099e+13    2.09085e+15
          119.8    1.07142e+32    8.53221e+13    2.08847e+15
          119.9     1.0961e+32    8.53344e+13     2.0861e+15
            120    1.12134e+32    8.53465e+13    2.08374e+15
          120.1    1.14713e+32    8.53587e+13    2.08138e+15
          120.2    1.17351e+32    8.53708e+13    2.07902e+15
          120.3    1.20048e+32    8.53828e+13    2.07666e+15
          120.4    1.22805e+32    8.53949e+13    2.07431e+15
          120.5    1.25623e+32    8.54069e+13    2.07196e+15
          120.6    1.28505e+32    8.54188e+13    2.06962e+15
          120.7    1.31451e+32    8.54307e+13    2.06728e+15
          120.8    1.34462e+32    8.54426e+13    2.06494e+15
          120.9    1.37541e+32    8.54545e+13    2.06261e+15
            121    1.40689e+32    8.54663e+13    2.06028e+15
          121.1    1.43907e+32    8.54781e+13    2.05796e+15
          121.2    1.47196e+32    8.54898e+13    2.05564e+15
          121.3    1.50558e+32    8.55015e+13    2.05332e+15
          121.4    1.53996e+32    8.55132e+13      2.051e+15
          121.5    1.57509e+32    8.55248e+13    2.04869e+15
          121.6    1.61101e+32    8.55364e+13    2.04638e+15
          121.7    1.64773e+32     8.5548e+13    2.04408e+15
          121.8    1.68525e+32    8.55595e+13    2.04178e+15
          121.9    1.72362e+32     8.5571e+13    2.03948e+15
            122    1.76283e+32    8.55824e+13    2.03719e+15
          122.1    1.80291e+32    8.55938e+13     2.0349e+15
          122.2    1.84388e+32    8.56052e+13    2.03261e+15
          122.3    1.88575e+32    8.56166e+13    2.03033e+15
          122.4    1.92855e+32    8.56279e+13    2.02805e+15
          122.5     1.9723e+32    8.56391e+13    2.02578e+15
          122.6    2.01701e+32    8.56504e+13    2.02351e+15
          122.7    2.06271e+32    8.56616e+13    2.02124e+15
          122.8    2.10941e+32    8.56728e+13    2.01897e+15
          122.9    2.15715e+32    8.56839e+13    2.01671e+15
            123    2.20594e+32     8.5695e+13    2.01445e+15
          123.1     2.2558e+32     8.5706e+13     2.0122e+15
          123.2    2.30676e+32    8.57171e+13    2.00995e+15
          123.3    2.35884e+32    8.57281e+13     2.0077e+15
          123.4    2.41207e+32     8.5739e+13    2.00546e+15
          123.5    2.46647e+32      8.575e+13    2.00322e+15
          123.6    2.52206e+32    8.57608e+13    2.00098e+15
          123.7    2.57887e+32    8.57717e+13    1.99875e+15
          123.8    2.63692e+32    8.57825e+13    1.99652e+15
          123.9    2.69625e+32    8.57933e+13    1.99429e+15
            124    2.75688e+32    8.58041e+13    1.99207e+15
          124.1    2.81884e+32    8.58148e+13    1.98985e+15
          124.2    2.88215e+32    8.58255e+13    1.98763e+15
          124.3    2.94684e+32    8.58361e+13    1.98542e+15
          124.4    3.01295e+32    8.58467e+13    1.98321e+15
          124.5    3.08051e+32    8.58573e+13      1.981e+15
          124.6    3.14954e+32    8.58679e+13     1.9788e+15
          124.7    3.22007e+32    8.58784e+13     1.9766e+15
          124.8    3.29215e+32    8.58889e+13    1.97441e+15
          124.9    3.36579e+32    8.58993e+13    1.97221e+15
            125    3.44104e+32    8.59097e+13    1.97002e+15
          125.1    3.51793e+32    8.59201e+13    1.96784e+15
          125.2    3.59649e+32    8.59304e+13    1.96566e+15
          125.3    3.67675e+32    8.59408e+13    1.96348e+15
          125.4    3.75877e+32     8.5951e+13     1.9613e+15
          125.5    3.84256e+32    8.59613e+13    1.95913e+15
          125.6    3.92817e+32    8.59715e+13    1.95696e+15
          125.7    4.01564e+32    8.59817e+13    1.95479e+15
          125.8    4.10501e+32    8.59918e+13    1.95263e+15
          125.9    4.19631e+32    8.60019e+13    1.95047e+15
            126    4.28959e+32     8.6012e+13    1.94832e+15
          126.1    4.38489e+32    8.60221e+13    1.94616e+15
          126.2    4.48225e+32    8.60321e+13    1.94401e+15
          126.3    4.58171e+32    8.60421e+13    1.94187e+15
          126.4    4.68333e+32     8.6052e+13    1.93972e+15
          126.5    4.78714e+32    8.60619e+13    1.93759e+15
          126.6    4.89319e+32    8.60718e+13    1.93545e+15
          126.7    5.00153e+32    8.60817e+13    1.93332e+15
          126.8     5.1122e+32    8.60915e+13    1.93119e+15
          126.9    5.22526e+32    8.61013e+13    1.92906e+15
            127    5.34075e+32     8.6111e+13    1.92694e+15
          127.1    5.45873e+32    8.61207e+13    1.92482e+15
          127.2    5.57925e+32    8.61304e+13     1.9227e+15
          127.3    5.70236e+32    8.61401e+13    1.92059e+15
          127.4    5.82811e+32    8.61497e+13    1.91848e+15
          127.5    5.95656e+32    8.61593e+13    1.91637e+15
          127.6    6.08777e+32    8.61689e+13    1.91426e+15
          127.7     6.2218e+32    8.61784e+13    1.91216e+15
          127.8     6.3587e+32    8.61879e+13    1.91007e+15
          127.9    6.49853e+32    8.61973e+13    1.90797e+15
            128    6.64136e+32    8.62068e+13    1.90588e+15
          128.1    6.78724e+32    8.62162e+13    1.90379e+15
          128.2    6.93624e+32    8.62255e+13    1.90171e+15
          128.3    7.08843e+32    8.62349e+13    1.89962e+15
          128.4    7.24387e+32    8.62442e+13    1.89755e+15
          128.5    7.40263e+32    8.62535e+13    1.89547e+15
          128.6    7.56478e+32    8.62627e+13     1.8934e+15
          128.7    7.73039e+32    8.62719e+13    1.89133e+15
          128.8    7.89953e+32    8.62811e+13    1.88926e+15
          128.9    8.07227e+32    8.62902e+13     1.8872e+15
            129    8.24869e+32    8.62994e+13    1.88514e+15
          129.1    8.42886e+32    8.63084e+13    1.88308e+15
          129.2    8.61287e+32    8.63175e+13    1.88103e+15
          129.3    8.80079e+32    8.63265e+13    1.87898e+15
          129.4     8.9927e+32    8.63355e+13    1.87693e+15
          129.5    9.18869e+32    8.63445e+13    1.87489e+15
          129.6    9.38883e+32    8.63534e+13    1.87285e+15
          129.7    9.59323e+32    8.63623e+13    1.87081e+15
          129.8    9.80195e+32    8.63712e+13    1.86877e+15
          129.9    1.00151e+33      8.638e+13    1.86674e+15
            130    1.02328e+33    8.63888e+13    1.86471e+15
          130.1     1.0455e+33    8.63976e+13    1.86268e+15
          130.2     1.0682e+33    8.64064e+13    1.86066e+15
          130.3    1.09138e+33    8.64151e+13    1.85864e+15
          130.4    1.11504e+33    8.64238e+13    1.85662e+15
          130.5    1.13921e+33    8.64324e+13    1.85461e+15
          130.6    1.16389e+33     8.6441e+13     1.8526e+15
          130.7    1.18908e+33    8.64496e+13    1.85059e+15
          130.8    1.21481e+33    8.64582e+13    1.84859e+15
          130.9    1.24108e+33    8.64667e+13    1.84658e+15
            131    1.26791e+33    8.64752e+13    1.84459e+15
          131.1    1.29529e+33    8.64837e+13    1.84259e+15
          131.2    1.32326e+33    8.64922e+13     1.8406e+15
          131.3    1.35181e+33    8.65006e+13    1.83861e+15
          131.4    1.38096e+33     8.6509e+13    1.83662e+15
          131.5    1.41073e+33    8.65173e+13    1.83464e+15
          131.6    1.44112e+33    8.65256e+13    1.83265e+15
          131.7    1.47215e+33    8.65339e+13    1.83068e+15
          131.8    1.50382e+33    8.65422e+13     1.8287e+15
          131.9    1.53616e+33    8.65504e+13    1.82673e+15
            132    1.56918e+33    8.65586e+13    1.82476e+15
          132.1    1.60289e+33    8.65668e+13    1.82279e+15
          132.2    1.63731e+33     8.6575e+13    1.82083e+15
          132.3    1.67244e+33    8.65831e+13    1.81887e+15
          132.4    1.70831e+33    8.65912e+13    1.81691e+15
          132.5    1.74493e+33    8.65992e+13    1.81496e+15
          132.6    1.78232e+33    8.66073e+13      1.813e+15
          132.7    1.82048e+33    8.66153e+13    1.81106e+15
          132.8    1.85944e+33    8.66232e+13    1.80911e+15
          132.9    1.89921e+33    8.66312e+13    1.80717e+15
            133    1.93981e+33    8.66391e+13    1.80523e+15
          133.1    1.98125e+33     8.6647e+13    1.80329e+15
          133.2    2.02356e+33    8.66548e+13    1.80135e+15
          133.3    2.06675e+33    8.66627e+13    1.79942e+15
          133.4    2.11083e+33    8.66705e+13    1.79749e+15
          133.5    2.15583e+33    8.66782e+13    1.79557e+15
          133.6    2.20176e+33     8.6686e+13    1.79364e+15
          133.7    2.24865e+33    8.66937e+13    1.79172e+15
          133.8    2.29651e+33    8.67014e+13    1.78981e+15
          133.9    2.34537e+33     8.6709e+13    1.78789e+15
            134    2.39523e+33    8.67167e+13    1.78598e+15
          134.1    2.44613e+33    8.67243e+13    1.78407e+15
          134.2    2.49808e+33    8.67318e+13    1.78216e+15
          134.3     2.5511e+33    8.67394e+13    1.78026e+15
          134.4    2.60522e+33    8.67469e+13    1.77836e+15
          134.5    2.66046e+33    8.67544e+13    1.77646e+15
          134.6    2.71684e+33    8.67618e+13    1.77457e+15
          134.7    2.77439e+33    8.67693e+13    1.77268e+15
          134.8    2.83312e+33    8.67767e+13    1.77079e+15
          134.9    2.89306e+33     8.6784e+13     1.7689e+15
            135    2.95424e+33    8.67914e+13    1.76702e+15
          135.1    3.01668e+33    8.67987e+13    1.76513e+15
          135.2     3.0804e+33     8.6806e+13    1.76326e+15
          135.3    3.14543e+33    8.68132e+13    1.76138e+15
          135.4     3.2118e+33    8.68205e+13    1.75951e+15
          135.5    3.27954e+33    8.68277e+13    1.75764e+15
          135.6    3.34867e+33    8.68349e+13    1.75577e+15
          135.7    3.41921e+33     8.6842e+13    1.75391e+15
          135.8     3.4912e+33    8.68491e+13    1.75204e+15
          135.9    3.56467e+33    8.68562e+13    1.75019e+15
            136    3.63965e+33    8.68633e+13    1.74833e+15
          136.1    3.71616e+33    8.68703e+13    1.74648e+15
          136.2    3.79424e+33    8.68774e+13    1.74462e+15
          136.3    3.87391e+33    8.68843e+13    1.74278e+15
          136.4    3.95522e+33    8.68913e+13    1.74093e+15
          136.5    4.03819e+33    8.68982e+13    1.73909e+15
          136.6    4.12285e+33    8.69051e+13    1.73725e+15
          136.7    4.20924e+33     8.6912e+13    1.73541e+15
          136.8    4.29739e+33    8.69189e+13    1.73358e+15
          136.9    4.38735e+33    8.69257e+13    1.73174e+15
            137    4.47913e+33    8.69325e+13    1.72991e+15
          137.1    4.57279e+33    8.69393e+13    1.72809e+15
          137.2    4.66835e+33     8.6946e+13    1.72626e+15
          137.3    4.76586e+33    8.69527e+13    1.72444e+15
          137.4    4.86536e+33    8.69594e+13    1.72262e+15
          137.5    4.96687e+33    8.69661e+13    1.72081e+15
          137.6    5.07045e+33    8.69727e+13    1.71899e+15
          137.7    5.17614e+33    8.69793e+13    1.71718e+15
          137.8    5.28397e+33    8.69859e+13    1.71537e+15
          137.9    5.39398e+33    8.69925e+13    1.71357e+15
            138    5.50623e+33     8.6999e+13    1.71176e+15
          138.1    5.62076e+33    8.70055e+13    1.70996e+15
          138.2     5.7376e+33     8.7012e+13    1.70817e+15
          138.3    5.85681e+33    8.70184e+13    1.70637e+15
          138.4    5.97843e+33    8.70249e+13    1.70458e+15
          138.5    6.10252e+33    8.70312e+13    1.70279e+15
          138.6    6.22911e+33    8.70376e+13      1.701e+15
          138.7    6.35826e+33     8.7044e+13    1.69922e+15
          138.8    6.49001e+33    8.70503e+13    1.69743e+15
          138.9    6.62443e+33    8.70566e+13    1.69565e+15
            139    6.76156e+33    8.70629e+13    1.69388e+15
          139.1    6.90145e+33    8.70691e+13     1.6921e+15
          139.2    7.04417e+33    8.70753e+13    1.69033e+15
          139.3    7.18975e+33    8.70815e+13    1.68856e+15
          139.4    7.33827e+33    8.70877e+13    1.68679e+15
          139.5    7.48978e+33    8.70938e+13    1.68503e+15
          139.6    7.64433e+33    8.70999e+13    1.68327e+15
          139.7    7.80199e+33     8.7106e+13    1.68151e+15
          139.8    7.96282e+33    8.71121e+13    1.67975e+15
          139.9    8.12688e+33    8.71181e+13      1.678e+15
            140    8.29423e+33    8.71241e+13    1.67625e+15
          140.1    8.46493e+33    8.71301e+13     1.6745e+15
          140.2    8.63906e+33    8.71361e+13    1.67275e+15
          140.3    8.81668e+33     8.7142e+13    1.67101e+15
          140.4    8.99785e+33    8.71479e+13    1.66927e+15
          140.5    9.18265e+33    8.71538e+13    1.66753e+15
          140.6    9.37115e+33    8.71597e+13    1.66579e+15
          140.7    9.56342e+33    8.71655e+13    1.66406e+15
          140.8    9.75953e+33    8.71713e+13    1.66232e+15
          140.9    9.95956e+33    8.71771e+13     1.6606e+15
            141    1.01636e+34    8.71828e+13    1.65887e+15
          141.1    1.03717e+34    8.71886e+13    1.65714e+15
          141.2    1.05839e+34    8.71943e+13    1.65542e+15
          141.3    1.08004e+34       8.72e+13     1.6537e+15
          141.4    1.10212e+34    8.72056e+13    1.65199e+15
          141.5    1.12464e+34    8.72113e+13    1.65027e+15
          141.6     1.1476e+34    8.72169e+13    1.64856e+15
          141.7    1.17103e+34    8.72225e+13    1.64685e+15
          141.8    1.19491e+34     8.7228e+13    1.64514e+15
          141.9    1.21928e+34    8.72336e+13    1.64344e+15
            142    1.24413e+34    8.72391e+13    1.64174e+15
          142.1    1.26947e+34    8.72446e+13    1.64004e+15
          142.2    1.29531e+34      8.725e+13    1.63834e+15
          142.3    1.32167e+34    8.72555e+13    1.63665e+15
          142.4    1.34855e+34    8.72609e+13    1.63495e+15
          142.5    1.37596e+34    8.72663e+13    1.63326e+15
          142.6    1.40391e+34    8.72716e+13    1.63158e+15
          142.7    1.43242e+34     8.7277e+13    1.62989e+15
          142.8    1.46149e+34    8.72823e+13    1.62821e+15
          142.9    1.49114e+34    8.72876e+13    1.62653e+15
            143    1.52137e+34    8.72928e+13    1.62485e+15
          143.1     1.5522e+34    8.72981e+13    1.62317e+15
          143.2    1.58363e+34    8.73033e+13     1.6215e+15
          143.3    1.61569e+34    8.73085e+13    1.61983e+15
          143.4    1.64838e+34    8.73137e+13    1.61816e+15
          143.5    1.68171e+34    8.73188e+13     1.6165e+15
          143.6     1.7157e+34     8.7324e+13    1.61483e+15
          143.7    1.75036e+34    8.73291e+13    1.61317e+15
          143.8    1.78571e+34    8.73341e+13    1.61151e+15
          143.9    1.82174e+34    8.73392e+13    1.60986e+15
            144    1.85849e+34    8.73442e+13     1.6082e+15
          144.1    1.89596e+34    8.73492e+13    1.60655e+15
          144.2    1.93416e+34    8.73542e+13     1.6049e+15
          144.3    1.97311e+34    8.73592e+13    1.60325e+15
          144.4    2.01283e+34    8.73641e+13    1.60161e+15
          144.5    2.05333e+34     8.7369e+13    1.59996e+15
          144.6    2.09462e+34    8.73739e+13    1.59832e+15
          144.7    2.13672e+34    8.73788e+13    1.59669e+15
          144.8    2.17964e+34    8.73836e+13    1.59505e+15
          144.9    2.22341e+34    8.73884e+13    1.59342e+15
            145    2.26803e+34    8.73932e+13    1.59179e+15
          145.1    2.31352e+34     8.7398e+13    1.59016e+15
          145.2     2.3599e+34    8.74027e+13    1.58853e+15
          145.3    2.40718e+34    8.74075e+13    1.58691e+15
          145.4    2.45539e+34    8.74122e+13    1.58528e+15
          145.5    2.50454e+34    8.74168e+13    1.58367e+15
          145.6    2.55465e+34    8.74215e+13    1.58205e+15
          145.7    2.60574e+34    8.74261e+13    1.58043e+15
          145.8    2.65782e+34    8.74307e+13    1.57882e+15
          145.9    2.71091e+34    8.74353e+13    1.57721e+15
            146    2.76504e+34    8.74399e+13     1.5756e+15
          146.1    2.82022e+34    8.74444e+13      1.574e+15
          146.2    2.87648e+34    8.74489e+13    1.57239e+15
          146.3    2.93382e+34    8.74534e+13    1.57079e+15
          146.4    2.99228e+34    8.74579e+13    1.56919e+15
          146.5    3.05188e+34    8.74624e+13    1.56759e+15
          146.6    3.11263e+34    8.74668e+13      1.566e+15
          146.7    3.17456e+34    8.74712e+13    1.56441e+15
          146.8    3.23769e+34    8.74756e+13    1.56282e+15
          146.9    3.30205e+34    8.74799e+13    1.56123e+15
            147    3.36765e+34    8.74843e+13    1.55964e+15
          147.1    3.43452e+34    8.74886e+13    1.55806e+15
          147.2    3.50268e+34    8.74929e+13    1.55648e+15
          147.3    3.57216e+34    8.74972e+13     1.5549e+15
          147.4    3.64298e+34    8.75014e+13    1.55332e+15
          147.5    3.71517e+34    8.75056e+13    1.55175e+15
          147.6    3.78876e+34    8.75098e+13    1.55017e+15
          147.7    3.86377e+34     8.7514e+13     1.5486e+15
          147.8    3.94022e+34    8.75182e+13    1.54703e+15
          147.9    4.01814e+34    8.75223e+13    1.54547e+15
            148    4.09757e+34    8.75264e+13    1.54391e+15
          148.1    4.17853e+34    8.75305e+13    1.54234e+15
          148.2    4.26104e+34    8.75346e+13    1.54078e+15
          148.3    4.34515e+34    8.75386e+13    1.53923e+15
          148.4    4.43087e+34    8.75427e+13    1.53767e+15
          148.5    4.51823e+34    8.75467e+13    1.53612e+15
          148.6    4.60728e+34    8.75507e+13    1.53457e+15
          148.7    4.69803e+34    8.75546e+13    1.53302e+15
          148.8    4.79053e+34    8.75586e+13    1.53147e+15
          148.9     4.8848e+34    8.75625e+13    1.52993e+15
            149    4.98088e+34    8.75664e+13    1.52839e+15
          149.1     5.0788e+34    8.75703e+13    1.52685e+15
          149.2     5.1786e+34    8.75741e+13    1.52531e+15
          149.3     5.2803e+34    8.75779e+13    1.52377e+15
          149.4    5.38396e+34    8.75818e+13    1.52224e+15
          149.5    5.48959e+34    8.75855e+13    1.52071e+15
          149.6    5.59725e+34    8.75893e+13    1.51918e+15
          149.7    5.70696e+34    8.75931e+13    1.51765e+15
          149.8    5.81876e+34    8.75968e+13    1.51612e+15
          149.9     5.9327e+34    8.76005e+13     1.5146e+15
            150    6.04882e+34    8.76042e+13    1.51308e+15
          150.1    6.16714e+34    8.76078e+13    1.51156e+15
          150.2    6.28773e+34    8.76115e+13    1.51005e+15
          150.3    6.41061e+34    8.76151e+13    1.50853e+15
          150.4    6.53583e+34    8.76187e+13    1.50702e+15
          150.5    6.66343e+34    8.76223e+13    1.50551e+15
          150.6    6.79346e+34    8.76258e+13      1.504e+15
          150.7    6.92596e+34    8.76294e+13    1.50249e+15
          150.8    7.06098e+34    8.76329e+13    1.50099e+15
          150.9    7.19857e+34    8.76364e+13    1.49949e+15
            151    7.33876e+34    8.76398e+13    1.49799e+15
          151.1    7.48162e+34    8.76433e+13    1.49649e+15
          151.2    7.62719e+34    8.76467e+13    1.49499e+15
          151.3    7.77551e+34    8.76501e+13     1.4935e+15
          151.4    7.92665e+34    8.76535e+13    1.49201e+15
          151.5    8.08065e+34    8.76569e+13    1.49052e+15
          151.6    8.23756e+34    8.76602e+13    1.48903e+15
          151.7    8.39744e+34    8.76636e+13    1.48754e+15
          151.8    8.56035e+34    8.76669e+13    1.48606e+15
          151.9    8.72633e+34    8.76702e+13    1.48458e+15
            152    8.89546e+34    8.76734e+13     1.4831e+15
          152.1    9.06777e+34    8.76767e+13    1.48162e+15
          152.2    9.24334e+34    8.76799e+13    1.48014e+15
          152.3    9.42221e+34    8.76831e+13    1.47867e+15
          152.4    9.60447e+34    8.76863e+13     1.4772e+15
          152.5    9.79015e+34    8.76894e+13    1.47573e+15
          152.6    9.97934e+34    8.76926e+13    1.47426e+15
          152.7    1.01721e+35    8.76957e+13     1.4728e+15
          152.8    1.03685e+35    8.76988e+13    1.47133e+15
          152.9    1.05685e+35    8.77019e+13    1.46987e+15
            153    1.07723e+35     8.7705e+13    1.46841e+15
          153.1      1.098e+35     8.7708e+13    1.46696e+15
          153.2    1.11916e+35     8.7711e+13     1.4655e+15
          153.3    1.14071e+35     8.7714e+13    1.46405e+15
          153.4    1.16267e+35     8.7717e+13    1.46259e+15
          153.5    1.18504e+35      8.772e+13    1.46115e+15
          153.6    1.20783e+35    8.77229e+13     1.4597e+15
          153.7    1.23104e+35    8.77258e+13    1.45825e+15
          153.8    1.25469e+35    8.77287e+13    1.45681e+15
          153.9    1.27878e+35    8.77316e+13    1.45537e+15
            154    1.30333e+35    8.77345e+13    1.45393e+15
          154.1    1.32833e+35    8.77373e+13    1.45249e+15
          154.2     1.3538e+35    8.77401e+13    1.45105e+15
          154.3    1.37975e+35     8.7743e+13    1.44962e+15
          154.4    1.40618e+35    8.77457e+13    1.44819e+15
          154.5     1.4331e+35    8.77485e+13    1.44676e+15
          154.6    1.46053e+35    8.77512e+13    1.44533e+15
          154.7    1.48847e+35     8.7754e+13     1.4439e+15
          154.8    1.51692e+35    8.77567e+13    1.44248e+15
          154.9    1.54591e+35    8.77594e+13    1.44106e+15
            155    1.57544e+35     8.7762e+13    1.43964e+15
          155.1    1.60552e+35    8.77647e+13    1.43822e+15
          155.2    1.63616e+35    8.77673e+13     1.4368e+15
          155.3    1.66736e+35    8.77699e+13    1.43539e+15
          155.4    1.69915e+35    8.77725e+13    1.43398e+15
          155.5    1.73153e+35    8.77751e+13    1.43257e+15
          155.6    1.76451e+35    8.77776e+13    1.43116e+15
          155.7     1.7981e+35    8.77802e+13    1.42975e+15
          155.8    1.83231e+35    8.77827e+13    1.42834e+15
          155.9    1.86716e+35    8.77852e+13    1.42694e+15
            156    1.90265e+35    8.77876e+13    1.42554e+15
          156.1     1.9388e+35    8.77901e+13    1.42414e+15
          156.2    1.97563e+35    8.77925e+13    1.42274e+15
          156.3    2.01313e+35     8.7795e+13    1.42135e+15
          156.4    2.05132e+35    8.77974e+13    1.41995e+15
          156.5    2.09023e+35    8.77997e+13    1.41856e+15
          156.6    2.12985e+35    8.78021e+13    1.41717e+15
          156.7     2.1702e+35    8.78044e+13    1.41579e+15
          156.8     2.2113e+35    8.78068e+13     1.4144e+15
          156.9    2.25315e+35    8.78091e+13    1.41302e+15
            157    2.29578e+35    8.78113e+13    1.41163e+15
          157.1    2.33919e+35    8.78136e+13    1.41025e+15
          157.2    2.38341e+35    8.78159e+13    1.40887e+15
          157.3    2.42844e+35    8.78181e+13     1.4075e+15
          157.4    2.47429e+35    8.78203e+13    1.40612e+15
          157.5    2.52099e+35    8.78225e+13    1.40475e+15
          157.6    2.56855e+35    8.78247e+13    1.40338e+15
          157.7    2.61699e+35    8.78268e+13    1.40201e+15
          157.8    2.66631e+35     8.7829e+13    1.40064e+15
          157.9    2.71654e+35    8.78311e+13    1.39927e+15
            158    2.76769e+35    8.78332e+13    1.39791e+15
          158.1    2.81978e+35    8.78353e+13    1.39655e+15
          158.2    2.87283e+35    8.78373e+13    1.39519e+15
          158.3    2.92684e+35    8.78394e+13    1.39383e+15
          158.4    2.98185e+35    8.78414e+13    1.39247e+15
          158.5    3.03787e+35    8.78434e+13    1.39112e+15
          158.6    3.09491e+35    8.78454e+13    1.38977e+15
          158.7    3.15299e+35    8.78474e+13    1.38841e+15
          158.8    3.21214e+35    8.78493e+13    1.38707e+15
          158.9    3.27237e+35    8.78513e+13    1.38572e+15
            159    3.33369e+35    8.78532e+13    1.38437e+15
          159.1    3.39614e+35    8.78551e+13    1.38303e+15
          159.2    3.45973e+35     8.7857e+13    1.38169e+15
          159.3    3.52448e+35    8.78588e+13    1.38035e+15
          159.4    3.59041e+35    8.78607e+13    1.37901e+15
          159.5    3.65754e+35    8.78625e+13    1.37767e+15
          159.6    3.72589e+35    8.78643e+13    1.37634e+15
          159.7    3.79549e+35    8.78661e+13      1.375e+15
          159.8    3.86635e+35    8.78679e+13    1.37367e+15
          159.9    3.93851e+35    8.78696e+13    1.37234e+15
            160    4.01197e+35    8.78714e+13    1.37101e+15
          160.1    4.08678e+35    8.78731e+13    1.36969e+15
          160.2    4.16294e+35    8.78748e+13    1.36836e+15
          160.3    4.24048e+35    8.78765e+13    1.36704e+15
          160.4    4.31943e+35    8.78781e+13    1.36572e+15
          160.5    4.39982e+35    8.78798e+13     1.3644e+15
          160.6    4.48166e+35    8.78814e+13    1.36308e+15
          160.7    4.56499e+35     8.7883e+13    1.36177e+15
          160.8    4.64982e+35    8.78846e+13    1.36045e+15
          160.9    4.73619e+35    8.78862e+13    1.35914e+15
            161    4.82413e+35    8.78878e+13    1.35783e+15
          161.1    4.91365e+35    8.78893e+13    1.35652e+15
          161.2     5.0048e+35    8.78909e+13    1.35522e+15
          161.3    5.09759e+35    8.78924e+13    1.35391e+15
          161.4    5.19206e+35    8.78939e+13    1.35261e+15
          161.5    5.28823e+35    8.78953e+13    1.35131e+15
          161.6    5.38615e+35    8.78968e+13    1.35001e+15
          161.7    5.48582e+35    8.78982e+13    1.34871e+15
          161.8     5.5873e+35    8.78997e+13    1.34741e+15
          161.9     5.6906e+35    8.79011e+13    1.34612e+15
            162    5.79577e+35    8.79025e+13    1.34482e+15
          162.1    5.90283e+35    8.79038e+13    1.34353e+15
          162.2    6.01182e+35    8.79052e+13    1.34224e+15
          162.3    6.12276e+35    8.79065e+13    1.34095e+15
          162.4    6.23571e+35    8.79078e+13    1.33967e+15
          162.5    6.35068e+35    8.79091e+13    1.33838e+15
          162.6    6.46772e+35    8.79104e+13     1.3371e+15
          162.7    6.58686e+35    8.79117e+13    1.33582e+15
          162.8    6.70814e+35     8.7913e+13    1.33454e+15
          162.9     6.8316e+35    8.79142e+13    1.33326e+15
            163    6.95727e+35    8.79154e+13    1.33198e+15
          163.1    7.08519e+35    8.79166e+13    1.33071e+15
          163.2     7.2154e+35    8.79178e+13    1.32944e+15
          163.3    7.34795e+35     8.7919e+13    1.32817e+15
          163.4    7.48287e+35    8.79201e+13     1.3269e+15
          163.5    7.62021e+35    8.79213e+13    1.32563e+15
          163.6       7.76e+35    8.79224e+13    1.32436e+15
          163.7    7.90229e+35    8.79235e+13     1.3231e+15
          163.8    8.04712e+35    8.79246e+13    1.32184e+15
          163.9    8.19454e+35    8.79256e+13    1.32057e+15
            164    8.34459e+35    8.79267e+13    1.31931e+15
          164.1    8.49732e+35    8.79277e+13    1.31806e+15
          164.2    8.65277e+35    8.79287e+13     1.3168e+15
          164.3      8.811e+35    8.79298e+13    1.31555e+15
          164.4    8.97204e+35    8.79307e+13    1.31429e+15
          164.5    9.13595e+35    8.79317e+13    1.31304e+15
          164.6    9.30278e+35    8.79327e+13    1.31179e+15
          164.7    9.47258e+35    8.79336e+13    1.31054e+15
          164.8     9.6454e+35    8.79345e+13     1.3093e+15
          164.9    9.82129e+35    8.79354e+13    1.30805e+15
            165    1.00003e+36    8.79363e+13    1.30681e+15
          165.1    1.01825e+36    8.79372e+13    1.30557e+15
          165.2    1.03679e+36     8.7938e+13    1.30433e+15
          165.3    1.05567e+36    8.79389e+13    1.30309e+15
          165.4    1.07487e+36    8.79397e+13    1.30185e+15
          165.5    1.09442e+36    8.79405e+13    1.30062e+15
          165.6    1.11432e+36    8.79413e+13    1.29939e+15
          165.7    1.13456e+36    8.79421e+13    1.29815e+15
          165.8    1.15517e+36    8.79428e+13    1.29692e+15
          165.9    1.17614e+36    8.79436e+13    1.29569e+15
            166    1.19748e+36    8.79443e+13    1.29447e+15
          166.1     1.2192e+36     8.7945e+13    1.29324e+15
          166.2     1.2413e+36    8.79457e+13    1.29202e+15
          166.3    1.26379e+36    8.79464e+13     1.2908e+15
          166.4    1.28668e+36    8.79471e+13    1.28958e+15
          166.5    1.30998e+36    8.79477e+13    1.28836e+15
          166.6    1.33368e+36    8.79484e+13    1.28714e+15
          166.7     1.3578e+36     8.7949e+13    1.28592e+15
          166.8    1.38235e+36    8.79496e+13    1.28471e+15
          166.9    1.40733e+36    8.79502e+13     1.2835e+15
            167    1.43275e+36    8.79507e+13    1.28228e+15
          167.1    1.45862e+36    8.79513e+13    1.28108e+15
          167.2    1.48494e+36    8.79518e+13    1.27987e+15
          167.3    1.51173e+36    8.79523e+13    1.27866e+15
          167.4    1.53899e+36    8.79529e+13    1.27746e+15
          167.5    1.56672e+36    8.79533e+13    1.27625e+15
          167.6    1.59495e+36    8.79538e+13    1.27505e+15
          167.7    1.62367e+36    8.79543e+13    1.27385e+15
          167.8    1.65289e+36    8.79547e+13    1.27265e+15
          167.9    1.68262e+36    8.79552e+13    1.27145e+15
            168    1.71288e+36    8.79556e+13    1.27026e+15
          168.1    1.74367e+36     8.7956e+13    1.26907e+15
          168.2    1.77499e+36    8.79564e+13    1.26787e+15
          168.3    1.80687e+36    8.79567e+13    1.26668e+15
          168.4     1.8393e+36    8.79571e+13    1.26549e+15
          168.5     1.8723e+36    8.79574e+13     1.2643e+15
          168.6    1.90588e+36    8.79577e+13    1.26312e+15
          168.7    1.94004e+36     8.7958e+13    1.26193e+15
          168.8     1.9748e+36    8.79583e+13    1.26075e+15
          168.9    2.01017e+36    8.79586e+13    1.25957e+15
            169    2.04615e+36    8.79589e+13    1.25839e+15
          169.1    2.08277e+36    8.79591e+13    1.25721e+15
          169.2    2.12002e+36    8.79594e+13    1.25603e+15
          169.3    2.15792e+36    8.79596e+13    1.25486e+15
          169.4    2.19648e+36    8.79598e+13    1.25368e+15
          169.5    2.23571e+36      8.796e+13    1.25251e+15
          169.6    2.27563e+36    8.79601e+13    1.25134e+15
          169.7    2.31624e+36    8.79603e+13    1.25017e+15
          169.8    2.35755e+36    8.79604e+13      1.249e+15
          169.9    2.39959e+36    8.79606e+13    1.24783e+15
            170    2.44235e+36    8.79607e+13    1.24667e+15
          170.1    2.48586e+36    8.79608e+13    1.24551e+15
          170.2    2.53012e+36    8.79609e+13    1.24434e+15
          170.3    2.57515e+36    8.79609e+13    1.24318e+15
          170.4    2.62097e+36     8.7961e+13    1.24202e+15
          170.5    2.66757e+36     8.7961e+13    1.24087e+15
          170.6    2.71499e+36     8.7961e+13    1.23971e+15
          170.7    2.76322e+36     8.7961e+13    1.23855e+15
          170.8     2.8123e+36     8.7961e+13     1.2374e+15
          170.9    2.86222e+36     8.7961e+13    1.23625e+15
            171      2.913e+36     8.7961e+13     1.2351e+15
          171.1    2.96466e+36    8.79609e+13    1.23395e+15
          171.2    3.01722e+36    8.79609e+13     1.2328e+15
          171.3    3.07068e+36    8.79608e+13    1.23166e+15
          171.4    3.12507e+36    8.79607e+13    1.23051e+15
          171.5    3.18039e+36    8.79606e+13    1.22937e+15
          171.6    3.23667e+36    8.79605e+13    1.22823e+15
          171.7    3.29392e+36    8.79603e+13    1.22709e+15
          171.8    3.35216e+36    8.79602e+13    1.22595e+15
          171.9     3.4114e+36      8.796e+13    1.22481e+15
            172    3.47166e+36    8.79598e+13    1.22368e+15
          172.1    3.53296e+36    8.79596e+13    1.22254e+15
          172.2    3.59532e+36    8.79594e+13    1.22141e+15
          172.3    3.65874e+36    8.79592e+13    1.22028e+15
          172.4    3.72326e+36     8.7959e+13    1.21915e+15
          172.5    3.78889e+36    8.79587e+13    1.21802e+15
          172.6    3.85564e+36    8.79585e+13    1.21689e+15
          172.7    3.92354e+36    8.79582e+13    1.21577e+15
          172.8    3.99261e+36    8.79579e+13    1.21464e+15
          172.9    4.06286e+36    8.79576e+13    1.21352e+15
            173    4.13431e+36    8.79573e+13     1.2124e+15
          173.1    4.20699e+36    8.79569e+13    1.21128e+15
          173.2    4.28092e+36    8.79566e+13    1.21016e+15
          173.3    4.35611e+36    8.79562e+13    1.20904e+15
          173.4    4.43258e+36    8.79558e+13    1.20793e+15
          173.5    4.51037e+36    8.79554e+13    1.20681e+15
          173.6    4.58949e+36     8.7955e+13     1.2057e+15
          173.7    4.66996e+36    8.79546e+13    1.20459e+15
          173.8     4.7518e+36    8.79542e+13    1.20348e+15
          173.9    4.83505e+36    8.79537e+13    1.20237e+15
            174    4.91971e+36    8.79533e+13    1.20126e+15
          174.1    5.00582e+36    8.79528e+13    1.20016e+15
          174.2     5.0934e+36    8.79523e+13    1.19905e+15
          174.3    5.18247e+36    8.79518e+13    1.19795e+15
          174.4    5.27306e+36    8.79513e+13    1.19685e+15
          174.5     5.3652e+36    8.79507e+13    1.19575e+15
          174.6     5.4589e+36    8.79502e+13    1.19465e+15
          174.7     5.5542e+36    8.79496e+13    1.19355e+15
          174.8    5.65112e+36    8.79491e+13    1.19246e+15
          174.9    5.74968e+36    8.79485e+13    1.19136e+15
            175    5.84993e+36    8.79479e+13    1.19027e+15
          175.1    5.95187e+36    8.79473e+13    1.18918e+15
          175.2    6.05555e+36    8.79466e+13    1.18808e+15
          175.3    6.16099e+36     8.7946e+13      1.187e+15
          175.4    6.26822e+36    8.79454e+13    1.18591e+15
          175.5    6.37727e+36    8.79447e+13    1.18482e+15
          175.6    6.48816e+36     8.7944e+13    1.18374e+15
          175.7    6.60094e+36    8.79433e+13    1.18265e+15
          175.8    6.71563e+36    8.79426e+13    1.18157e+15
          175.9    6.83226e+36    8.79419e+13    1.18049e+15
            176    6.95086e+36    8.79412e+13    1.17941e+15
          176.1    7.07147e+36    8.79404e+13    1.17833e+15
          176.2    7.19412e+36    8.79396e+13    1.17725e+15
          176.3    7.31884e+36    8.79389e+13    1.17618e+15
          176.4    7.44567e+36    8.79381e+13     1.1751e+15
          176.5    7.57465e+36    8.79373e+13    1.17403e+15
          176.6     7.7058e+36    8.79365e+13    1.17296e+15
          176.7    7.83916e+36    8.79356e+13    1.17189e+15
          176.8    7.97477e+36    8.79348e+13    1.17082e+15
          176.9    8.11267e+36    8.79339e+13    1.16975e+15
            177     8.2529e+36    8.79331e+13    1.16869e+15
          177.1    8.39549e+36    8.79322e+13    1.16762e+15
          177.2    8.54047e+36    8.79313e+13    1.16656e+15
          177.3     8.6879e+36    8.79304e+13     1.1655e+15
          177.4    8.83781e+36    8.79295e+13    1.16444e+15
          177.5    8.99024e+36    8.79286e+13    1.16338e+15
          177.6    9.14524e+36    8.79276e+13    1.16232e+15
          177.7    9.30283e+36    8.79267e+13    1.16126e+15
          177.8    9.46308e+36    8.79257e+13    1.16021e+15
          177.9    9.62601e+36    8.79247e+13    1.15915e+15
            178    9.79168e+36    8.79237e+13     1.1581e+15
          178.1    9.96013e+36    8.79227e+13    1.15705e+15
          178.2    1.01314e+37    8.79217e+13      1.156e+15
          178.3    1.03056e+37    8.79206e+13    1.15495e+15
          178.4    1.04826e+37    8.79196e+13     1.1539e+15
          178.5    1.06626e+37    8.79185e+13    1.15285e+15
          178.6    1.08457e+37    8.79175e+13    1.15181e+15
          178.7    1.10318e+37    8.79164e+13    1.15076e+15
          178.8     1.1221e+37    8.79153e+13    1.14972e+15
          178.9    1.14134e+37    8.79142e+13    1.14868e+15
            179     1.1609e+37     8.7913e+13    1.14764e+15
          179.1    1.18078e+37    8.79119e+13     1.1466e+15
          179.2      1.201e+37    8.79107e+13    1.14556e+15
          179.3    1.22156e+37    8.79096e+13    1.14453e+15
          179.4    1.24246e+37    8.79084e+13    1.14349e+15
          179.5     1.2637e+37    8.79072e+13    1.14246e+15
          179.6    1.28531e+37     8.7906e+13    1.14143e+15
          179.7    1.30727e+37    8.79048e+13     1.1404e+15
          179.8    1.32959e+37    8.79036e+13    1.13937e+15
          179.9    1.35229e+37    8.79023e+13    1.13834e+15
            180    1.37537e+37    8.79011e+13    1.13731e+15
          180.1    1.39883e+37    8.78998e+13    1.13629e+15
          180.2    1.42268e+37    8.78986e+13    1.13526e+15
          180.3    1.44693e+37    8.78973e+13    1.13424e+15
          180.4    1.47158e+37     8.7896e+13    1.13322e+15
          180.5    1.49664e+37    8.78947e+13     1.1322e+15
          180.6    1.52211e+37    8.78933e+13    1.13118e+15
          180.7    1.54801e+37     8.7892e+13    1.13016e+15
          180.8    1.57433e+37    8.78907e+13    1.12914e+15
          180.9     1.6011e+37    8.78893e+13    1.12813e+15
            181    1.62831e+37    8.78879e+13    1.12711e+15
          181.1    1.65596e+37    8.78865e+13     1.1261e+15
          181.2    1.68408e+37    8.78851e+13    1.12509e+15
          181.3    1.71266e+37    8.78837e+13    1.12408e+15
          181.4    1.74171e+37    8.78823e+13    1.12307e+15
          181.5    1.77125e+37    8.78809e+13    1.12206e+15
          181.6    1.80127e+37    8.78794e+13    1.12105e+15
          181.7    1.83179e+37     8.7878e+13    1.12004e+15
          181.8    1.86281e+37    8.78765e+13    1.11904e+15
          181.9    1.89434e+37     8.7875e+13    1.11804e+15
            182     1.9264e+37    8.78735e+13    1.11703e+15
          182.1    1.95898e+37     8.7872e+13    1.11603e+15
          182.2     1.9921e+37    8.78705e+13    1.11503e+15
          182.3    2.02577e+37     8.7869e+13    1.11404e+15
          182.4    2.05999e+37    8.78674e+13    1.11304e+15
          182.5    2.09478e+37    8.78659e+13    1.11204e+15
          182.6    2.13013e+37    8.78643e+13    1.11105e+15
          182.7    2.16607e+37    8.78627e+13    1.11006e+15
          182.8     2.2026e+37    8.78611e+13    1.10906e+15
          182.9    2.23973e+37    8.78595e+13    1.10807e+15
            183    2.27747e+37    8.78579e+13    1.10708e+15
          183.1    2.31583e+37    8.78563e+13    1.10609e+15
          183.2    2.35482e+37    8.78547e+13    1.10511e+15
          183.3    2.39446e+37     8.7853e+13    1.10412e+15
          183.4    2.43474e+37    8.78513e+13    1.10313e+15
          183.5    2.47568e+37    8.78497e+13    1.10215e+15
          183.6    2.51729e+37     8.7848e+13    1.10117e+15
          183.7    2.55958e+37    8.78463e+13    1.10019e+15
          183.8    2.60257e+37    8.78446e+13    1.09921e+15
          183.9    2.64626e+37    8.78429e+13    1.09823e+15
            184    2.69067e+37    8.78411e+13    1.09725e+15
          184.1     2.7358e+37    8.78394e+13    1.09627e+15
          184.2    2.78167e+37    8.78376e+13     1.0953e+15
          184.3    2.82829e+37    8.78359e+13    1.09432e+15
          184.4    2.87567e+37    8.78341e+13    1.09335e+15
          184.5    2.92382e+37    8.78323e+13    1.09238e+15
          184.6    2.97276e+37    8.78305e+13    1.09141e+15
          184.7     3.0225e+37    8.78287e+13    1.09044e+15
          184.8    3.07305e+37    8.78269e+13    1.08947e+15
          184.9    3.12443e+37     8.7825e+13     1.0885e+15
            185    3.17664e+37    8.78232e+13    1.08754e+15
          185.1     3.2297e+37    8.78213e+13    1.08657e+15
          185.2    3.28363e+37    8.78195e+13    1.08561e+15
          185.3    3.33843e+37    8.78176e+13    1.08465e+15
          185.4    3.39413e+37    8.78157e+13    1.08369e+15
          185.5    3.45073e+37    8.78138e+13    1.08273e+15
          185.6    3.50825e+37    8.78119e+13    1.08177e+15
          185.7    3.56671e+37      8.781e+13    1.08081e+15
          185.8    3.62612e+37     8.7808e+13    1.07985e+15
          185.9    3.68649e+37    8.78061e+13     1.0789e+15
            186    3.74784e+37    8.78041e+13    1.07794e+15
          186.1    3.81018e+37    8.78021e+13    1.07699e+15
          186.2    3.87354e+37    8.78002e+13    1.07604e+15
          186.3    3.93792e+37    8.77982e+13    1.07509e+15
          186.4    4.00335e+37    8.77962e+13    1.07414e+15
          186.5    4.06984e+37    8.77942e+13    1.07319e+15
          186.6     4.1374e+37    8.77921e+13    1.07224e+15
          186.7    4.20606e+37    8.77901e+13     1.0713e+15
          186.8    4.27582e+37     8.7788e+13    1.07035e+15
          186.9    4.34672e+37     8.7786e+13    1.06941e+15
            187    4.41876e+37    8.77839e+13    1.06847e+15
          187.1    4.49197e+37    8.77818e+13    1.06752e+15
          187.2    4.56635e+37    8.77797e+13    1.06658e+15
          187.3    4.64194e+37    8.77776e+13    1.06564e+15
          187.4    4.71875e+37    8.77755e+13    1.06471e+15
          187.5     4.7968e+37    8.77734e+13    1.06377e+15
          187.6     4.8761e+37    8.77713e+13    1.06283e+15
          187.7    4.95669e+37    8.77691e+13     1.0619e+15
          187.8    5.03857e+37     8.7767e+13    1.06096e+15
          187.9    5.12177e+37    8.77648e+13    1.06003e+15
            188    5.20631e+37    8.77626e+13     1.0591e+15
          188.1    5.29221e+37    8.77604e+13    1.05817e+15
          188.2    5.37949e+37    8.77582e+13    1.05724e+15
          188.3    5.46817e+37     8.7756e+13    1.05631e+15
          188.4    5.55828e+37    8.77538e+13    1.05539e+15
          188.5    5.64984e+37    8.77516e+13    1.05446e+15
          188.6    5.74287e+37    8.77493e+13    1.05354e+15
          188.7    5.83739e+37    8.77471e+13    1.05261e+15
          188.8    5.93343e+37    8.77448e+13    1.05169e+15
          188.9      6.031e+37    8.77425e+13    1.05077e+15
            189    6.13015e+37    8.77402e+13    1.04985e+15
          189.1    6.23088e+37    8.77379e+13    1.04893e+15
          189.2    6.33322e+37    8.77356e+13    1.04801e+15
          189.3    6.43721e+37    8.77333e+13    1.04709e+15
          189.4    6.54285e+37     8.7731e+13    1.04618e+15
          189.5    6.65019e+37    8.77287e+13    1.04526e+15
          189.6    6.75925e+37    8.77263e+13    1.04435e+15
          189.7    6.87005e+37    8.77239e+13    1.04344e+15
          189.8    6.98261e+37    8.77216e+13    1.04253e+15
          189.9    7.09698e+37    8.77192e+13    1.04161e+15
            190    7.21317e+37    8.77168e+13    1.04071e+15
          190.1    7.33122e+37    8.77144e+13     1.0398e+15
          190.2    7.45115e+37     8.7712e+13    1.03889e+15
          190.3      7.573e+37    8.77096e+13    1.03798e+15
          190.4    7.69678e+37    8.77071e+13    1.03708e+15
          190.5    7.82254e+37    8.77047e+13    1.03618e+15
          190.6     7.9503e+37    8.77022e+13    1.03527e+15
          190.7     8.0801e+37    8.76998e+13    1.03437e+15
          190.8    8.21196e+37    8.76973e+13    1.03347e+15
          190.9    8.34592e+37    8.76948e+13    1.03257e+15
            191    8.48201e+37    8.76923e+13    1.03167e+15
          191.1    8.62026e+37    8.76898e+13    1.03077e+15
          191.2    8.76071e+37    8.76873e+13    1.02988e+15
          191.3    8.90339e+37    8.76848e+13    1.02898e+15
          191.4    9.04834e+37    8.76822e+13    1.02809e+15
          191.5    9.19559e+37    8.76797e+13     1.0272e+15
          191.6    9.34517e+37    8.76771e+13     1.0263e+15
          191.7    9.49712e+37    8.76746e+13    1.02541e+15
          191.8    9.65149e+37     8.7672e+13    1.02452e+15
          191.9     9.8083e+37    8.76694e+13    1.02363e+15
            192    9.96759e+37    8.76668e+13    1.02275e+15
          192.1    1.01294e+38    8.76642e+13    1.02186e+15
          192.2    1.02938e+38    8.76616e+13    1.02097e+15
          192.3    1.04608e+38     8.7659e+13    1.02009e+15
          192.4    1.06304e+38    8.76563e+13    1.01921e+15
          192.5    1.08027e+38    8.76537e+13    1.01832e+15
          192.6    1.09777e+38     8.7651e+13    1.01744e+15
          192.7    1.11555e+38    8.76484e+13    1.01656e+15
          192.8    1.13361e+38    8.76457e+13    1.01568e+15
          192.9    1.15195e+38     8.7643e+13     1.0148e+15
            193    1.17059e+38    8.76403e+13    1.01393e+15
          193.1    1.18951e+38    8.76376e+13    1.01305e+15
          193.2    1.20874e+38    8.76349e+13    1.01217e+15
          193.3    1.22827e+38    8.76322e+13     1.0113e+15
          193.4     1.2481e+38    8.76294e+13    1.01043e+15
          193.5    1.26825e+38    8.76267e+13    1.00955e+15
          193.6    1.28872e+38    8.76239e+13    1.00868e+15
          193.7    1.30951e+38    8.76212e+13    1.00781e+15
          193.8    1.33062e+38    8.76184e+13    1.00694e+15
          193.9    1.35207e+38    8.76156e+13    1.00608e+15
            194    1.37385e+38    8.76128e+13    1.00521e+15
          194.1    1.39598e+38      8.761e+13    1.00434e+15
          194.2    1.41845e+38    8.76072e+13    1.00348e+15
          194.3    1.44128e+38    8.76044e+13    1.00261e+15
          194.4    1.46446e+38    8.76015e+13    1.00175e+15
          194.5    1.48801e+38    8.75987e+13    1.00089e+15
          194.6    1.51192e+38    8.75959e+13    1.00003e+15
          194.7    1.53622e+38     8.7593e+13    9.99169e+14
          194.8    1.56089e+38    8.75901e+13     9.9831e+14
          194.9    1.58595e+38    8.75872e+13    9.97452e+14
            195     1.6114e+38    8.75844e+13    9.96595e+14
          195.1    1.63725e+38    8.75815e+13    9.95739e+14
          195.2     1.6635e+38    8.75785e+13    9.94884e+14
          195.3    1.69016e+38    8.75756e+13    9.94031e+14
          195.4    1.71724e+38    8.75727e+13    9.93178e+14
          195.5    1.74474e+38    8.75698e+13    9.92326e+14
          195.6    1.77268e+38    8.75668e+13    9.91475e+14
          195.7    1.80105e+38    8.75639e+13    9.90625e+14
          195.8    1.82986e+38    8.75609e+13    9.89776e+14
          195.9    1.85912e+38    8.75579e+13    9.88929e+14
            196    1.88883e+38    8.75549e+13    9.88082e+14
          196.1    1.91901e+38    8.75519e+13    9.87236e+14
          196.2    1.94966e+38    8.75489e+13    9.86391e+14
          196.3    1.98079e+38    8.75459e+13    9.85547e+14
          196.4     2.0124e+38    8.75429e+13    9.84704e+14
          196.5     2.0445e+38    8.75399e+13    9.83862e+14
          196.6    2.07711e+38    8.75368e+13    9.83022e+14
          196.7    2.11022e+38    8.75338e+13    9.82182e+14
          196.8    2.14384e+38    8.75307e+13    9.81343e+14
          196.9    2.17799e+38    8.75277e+13    9.80505e+14
            197    2.21266e+38    8.75246e+13    9.79668e+14
          197.1    2.24788e+38    8.75215e+13    9.78832e+14
          197.2    2.28364e+38    8.75184e+13    9.77997e+14
          197.3    2.31995e+38    8.75153e+13    9.77163e+14
          197.4    2.35683e+38    8.75122e+13     9.7633e+14
          197.5    2.39428e+38    8.75091e+13    9.75498e+14
          197.6    2.43231e+38    8.75059e+13    9.74667e+14
          197.7    2.47093e+38    8.75028e+13    9.73837e+14
          197.8    2.51015e+38    8.74996e+13    9.73007e+14
          197.9    2.54998e+38    8.74965e+13    9.72179e+14
            198    2.59042e+38    8.74933e+13    9.71352e+14
          198.1    2.63148e+38    8.74901e+13    9.70526e+14
          198.2    2.67318e+38    8.74869e+13      9.697e+14
          198.3    2.71553e+38    8.74837e+13    9.68876e+14
          198.4    2.75852e+38    8.74805e+13    9.68053e+14
          198.5    2.80219e+38    8.74773e+13     9.6723e+14
          198.6    2.84652e+38    8.74741e+13    9.66409e+14
          198.7    2.89154e+38    8.74709e+13    9.65588e+14
          198.8    2.93726e+38    8.74676e+13    9.64769e+14
          198.9    2.98368e+38    8.74644e+13     9.6395e+14
            199    3.03081e+38    8.74611e+13    9.63132e+14
          199.1    3.07867e+38    8.74578e+13    9.62316e+14
          199.2    3.12727e+38    8.74546e+13      9.615e+14
          199.3    3.17661e+38    8.74513e+13    9.60685e+14
          199.4    3.22672e+38     8.7448e+13    9.59871e+14
          199.5    3.27759e+38    8.74447e+13    9.59058e+14
          199.6    3.32925e+38    8.74414e+13    9.58246e+14
          199.7     3.3817e+38    8.74381e+13    9.57435e+14
          199.8    3.43495e+38    8.74347e+13    9.56625e+14
          199.9    3.48903e+38    8.74314e+13    9.55816e+14
            200    3.54393e+38     8.7428e+13    9.55008e+14
          200.1    3.59967e+38    8.74247e+13    9.54201e+14
          200.2    3.65627e+38    8.74213e+13    9.53394e+14
          200.3    3.71374e+38     8.7418e+13    9.52589e+14
          200.4    3.77209e+38    8.74146e+13    9.51784e+14
          200.5    3.83133e+38    8.74112e+13    9.50981e+14
          200.6    3.89148e+38    8.74078e+13    9.50178e+14
          200.7    3.95256e+38    8.74044e+13    9.49376e+14
          200.8    4.01456e+38     8.7401e+13    9.48576e+14
          200.9    4.07751e+38    8.73975e+13    9.47776e+14
            201    4.14143e+38    8.73941e+13    9.46977e+14
          201.1    4.20632e+38    8.73907e+13    9.46179e+14
          201.2    4.27221e+38    8.73872e+13    9.45382e+14
          201.3     4.3391e+38    8.73838e+13    9.44586e+14
          201.4    4.40701e+38    8.73803e+13     9.4379e+14
          201.5    4.47596e+38    8.73768e+13    9.42996e+14
          201.6    4.54596e+38    8.73733e+13    9.42203e+14
          201.7    4.61702e+38    8.73698e+13     9.4141e+14
          201.8    4.68917e+38    8.73663e+13    9.40619e+14
          201.9    4.76242e+38    8.73628e+13    9.39828e+14
            202    4.83679e+38    8.73593e+13    9.39038e+14
          202.1    4.91228e+38    8.73558e+13    9.38249e+14
          202.2    4.98893e+38    8.73522e+13    9.37461e+14
          202.3    5.06674e+38    8.73487e+13    9.36674e+14
          202.4    5.14574e+38    8.73451e+13    9.35888e+14
          202.5    5.22593e+38    8.73416e+13    9.35103e+14
          202.6    5.30735e+38     8.7338e+13    9.34319e+14
          202.7       5.39e+38    8.73344e+13    9.33535e+14
          202.8     5.4739e+38    8.73309e+13    9.32753e+14
          202.9    5.55908e+38    8.73273e+13    9.31971e+14
            203    5.64556e+38    8.73237e+13     9.3119e+14
          203.1    5.73334e+38    8.73201e+13    9.30411e+14
          203.2    5.82245e+38    8.73164e+13    9.29632e+14
          203.3    5.91292e+38    8.73128e+13    9.28854e+14
          203.4    6.00475e+38    8.73092e+13    9.28077e+14
          203.5    6.09798e+38    8.73055e+13      9.273e+14
          203.6    6.19262e+38    8.73019e+13    9.26525e+14
          203.7    6.28869e+38    8.72982e+13     9.2575e+14
          203.8    6.38621e+38    8.72946e+13    9.24977e+14
          203.9    6.48521e+38    8.72909e+13    9.24204e+14
            204     6.5857e+38    8.72872e+13    9.23432e+14
          204.1    6.68771e+38    8.72835e+13    9.22661e+14
          204.2    6.79126e+38    8.72798e+13    9.21891e+14
          204.3    6.89638e+38    8.72761e+13    9.21122e+14
          204.4    7.00308e+38    8.72724e+13    9.20354e+14
          204.5    7.11139e+38    8.72687e+13    9.19586e+14
          204.6    7.22134e+38    8.72649e+13     9.1882e+14
          204.7    7.33294e+38    8.72612e+13    9.18054e+14
          204.8    7.44622e+38    8.72574e+13    9.17289e+14
          204.9    7.56121e+38    8.72537e+13    9.16525e+14
            205    7.67793e+38    8.72499e+13    9.15762e+14
          205.1    7.79641e+38    8.72461e+13       9.15e+14
          205.2    7.91667e+38    8.72424e+13    9.14239e+14
          205.3    8.03874e+38    8.72386e+13    9.13478e+14
          205.4    8.16265e+38    8.72348e+13    9.12719e+14
          205.5    8.28841e+38     8.7231e+13     9.1196e+14
          205.6    8.41607e+38    8.72272e+13    9.11202e+14
          205.7    8.54564e+38    8.72233e+13    9.10445e+14
          205.8    8.67716e+38    8.72195e+13    9.09689e+14
          205.9    8.81065e+38    8.72157e+13    9.08934e+14
            206    8.94615e+38    8.72118e+13    9.08179e+14
          206.1    9.08367e+38     8.7208e+13    9.07426e+14
          206.2    9.22326e+38    8.72041e+13    9.06673e+14
          206.3    9.36494e+38    8.72003e+13    9.05921e+14
          206.4    9.50874e+38    8.71964e+13     9.0517e+14
          206.5     9.6547e+38    8.71925e+13     9.0442e+14
          206.6    9.80283e+38    8.71886e+13    9.03671e+14
          206.7    9.95319e+38    8.71847e+13    9.02922e+14
          206.8    1.01058e+39    8.71808e+13    9.02175e+14
          206.9    1.02607e+39    8.71769e+13    9.01428e+14
            207    1.04179e+39     8.7173e+13    9.00682e+14
          207.1    1.05774e+39     8.7169e+13    8.99937e+14
          207.2    1.07394e+39    8.71651e+13    8.99193e+14
          207.3    1.09037e+39    8.71612e+13     8.9845e+14
          207.4    1.10705e+39    8.71572e+13    8.97707e+14
          207.5    1.12398e+39    8.71533e+13    8.96965e+14
          207.6    1.14116e+39    8.71493e+13    8.96225e+14
          207.7     1.1586e+39    8.71453e+13    8.95485e+14
          207.8    1.17629e+39    8.71413e+13    8.94745e+14
          207.9    1.19425e+39    8.71373e+13    8.94007e+14
            208    1.21248e+39    8.71333e+13     8.9327e+14
          208.1    1.23098e+39    8.71293e+13    8.92533e+14
          208.2    1.24976e+39    8.71253e+13    8.91797e+14
          208.3    1.26881e+39    8.71213e+13    8.91062e+14
          208.4    1.28815e+39    8.71173e+13    8.90328e+14
          208.5    1.30777e+39    8.71132e+13    8.89595e+14
          208.6    1.32769e+39    8.71092e+13    8.88862e+14
          208.7     1.3479e+39    8.71052e+13     8.8813e+14
          208.8    1.36841e+39    8.71011e+13    8.87399e+14
          208.9    1.38922e+39     8.7097e+13    8.86669e+14
            209    1.41035e+39     8.7093e+13     8.8594e+14
          209.1    1.43179e+39    8.70889e+13    8.85212e+14
          209.2    1.45354e+39    8.70848e+13    8.84484e+14
          209.3    1.47562e+39    8.70807e+13    8.83757e+14
          209.4    1.49802e+39    8.70766e+13    8.83031e+14
          209.5    1.52076e+39    8.70725e+13    8.82306e+14
          209.6    1.54383e+39    8.70684e+13    8.81582e+14
          209.7    1.56725e+39    8.70642e+13    8.80859e+14
          209.8    1.59101e+39    8.70601e+13    8.80136e+14
          209.9    1.61512e+39     8.7056e+13    8.79414e+14
            210    1.63959e+39    8.70518e+13    8.78693e+14
          210.1    1.66442e+39    8.70477e+13    8.77973e+14
          210.2    1.68961e+39    8.70435e+13    8.77253e+14
          210.3    1.71518e+39    8.70393e+13    8.76535e+14
          210.4    1.74113e+39    8.70352e+13    8.75817e+14
          210.5    1.76746e+39     8.7031e+13      8.751e+14
          210.6    1.79417e+39    8.70268e+13    8.74383e+14
          210.7    1.82128e+39    8.70226e+13    8.73668e+14
          210.8    1.84879e+39    8.70184e+13    8.72953e+14
          210.9    1.87671e+39    8.70142e+13     8.7224e+14
            211    1.90503e+39      8.701e+13    8.71527e+14
          211.1    1.93377e+39    8.70057e+13    8.70814e+14
          211.2    1.96294e+39    8.70015e+13    8.70103e+14
          211.3    1.99253e+39    8.69973e+13    8.69392e+14
          211.4    2.02256e+39     8.6993e+13    8.68682e+14
          211.5    2.05303e+39    8.69888e+13    8.67973e+14
          211.6    2.08395e+39    8.69845e+13    8.67265e+14
          211.7    2.11532e+39    8.69802e+13    8.66558e+14
          211.8    2.14715e+39     8.6976e+13    8.65851e+14
          211.9    2.17945e+39    8.69717e+13    8.65145e+14
            212    2.21223e+39    8.69674e+13     8.6444e+14
          212.1    2.24548e+39    8.69631e+13    8.63736e+14
          212.2    2.27922e+39    8.69588e+13    8.63032e+14
          212.3    2.31346e+39    8.69545e+13    8.62329e+14
          212.4     2.3482e+39    8.69502e+13    8.61627e+14
          212.5    2.38344e+39    8.69458e+13    8.60926e+14
          212.6     2.4192e+39    8.69415e+13    8.60226e+14
          212.7    2.45549e+39    8.69372e+13    8.59526e+14
          212.8     2.4923e+39    8.69328e+13    8.58827e+14
          212.9    2.52966e+39    8.69285e+13    8.58129e+14
            213    2.56756e+39    8.69241e+13    8.57432e+14
          213.1    2.60601e+39    8.69198e+13    8.56735e+14
          213.2    2.64503e+39    8.69154e+13     8.5604e+14
          213.3    2.68461e+39     8.6911e+13    8.55345e+14
          213.4    2.72477e+39    8.69066e+13    8.54651e+14
          213.5    2.76552e+39    8.69022e+13    8.53957e+14
          213.6    2.80686e+39    8.68978e+13    8.53264e+14
          213.7    2.84881e+39    8.68934e+13    8.52573e+14
          213.8    2.89136e+39     8.6889e+13    8.51881e+14
          213.9    2.93454e+39    8.68846e+13    8.51191e+14
            214    2.97834e+39    8.68802e+13    8.50502e+14
          214.1    3.02279e+39    8.68757e+13    8.49813e+14
          214.2    3.06787e+39    8.68713e+13    8.49125e+14
          214.3    3.11362e+39    8.68668e+13    8.48437e+14
          214.4    3.16003e+39    8.68624e+13    8.47751e+14
          214.5    3.20711e+39    8.68579e+13    8.47065e+14
          214.6    3.25488e+39    8.68534e+13     8.4638e+14
          214.7    3.30334e+39     8.6849e+13    8.45696e+14
          214.8    3.35251e+39    8.68445e+13    8.45012e+14
          214.9    3.40239e+39      8.684e+13     8.4433e+14
            215    3.45299e+39    8.68355e+13    8.43648e+14
          215.1    3.50433e+39     8.6831e+13    8.42966e+14
          215.2    3.55641e+39    8.68265e+13    8.42286e+14
          215.3    3.60925e+39     8.6822e+13    8.41606e+14
          215.4    3.66285e+39    8.68175e+13    8.40927e+14
          215.5    3.71722e+39    8.68129e+13    8.40249e+14
          215.6    3.77239e+39    8.68084e+13    8.39571e+14
          215.7    3.82835e+39    8.68039e+13    8.38895e+14
          215.8    3.88513e+39    8.67993e+13    8.38219e+14
          215.9    3.94272e+39    8.67948e+13    8.37544e+14
            216    4.00114e+39    8.67902e+13    8.36869e+14
          216.1    4.06041e+39    8.67856e+13    8.36195e+14
          216.2    4.12054e+39    8.67811e+13    8.35522e+14
          216.3    4.18154e+39    8.67765e+13     8.3485e+14
          216.4    4.24341e+39    8.67719e+13    8.34178e+14
          216.5    4.30618e+39    8.67673e+13    8.33508e+14
          216.6    4.36985e+39    8.67627e+13    8.32838e+14
          216.7    4.43444e+39    8.67581e+13    8.32168e+14
          216.8    4.49997e+39    8.67535e+13      8.315e+14
          216.9    4.56643e+39    8.67489e+13    8.30832e+14
            217    4.63386e+39    8.67442e+13    8.30165e+14
          217.1    4.70225e+39    8.67396e+13    8.29498e+14
          217.2    4.77163e+39     8.6735e+13    8.28833e+14
          217.3    4.84201e+39    8.67303e+13    8.28168e+14
          217.4    4.91339e+39    8.67257e+13    8.27504e+14
          217.5    4.98581e+39     8.6721e+13     8.2684e+14
          217.6    5.05927e+39    8.67163e+13    8.26177e+14
          217.7    5.13378e+39    8.67117e+13    8.25515e+14
          217.8    5.20936e+39     8.6707e+13    8.24854e+14
          217.9    5.28603e+39    8.67023e+13    8.24194e+14
            218    5.36379e+39    8.66976e+13    8.23534e+14
          218.1    5.44268e+39    8.66929e+13    8.22875e+14
          218.2    5.52269e+39    8.66882e+13    8.22216e+14
          218.3    5.60385e+39    8.66835e+13    8.21559e+14
          218.4    5.68617e+39    8.66788e+13    8.20902e+14
          218.5    5.76968e+39    8.66741e+13    8.20245e+14
          218.6    5.85438e+39    8.66693e+13     8.1959e+14
          218.7    5.94029e+39    8.66646e+13    8.18935e+14
          218.8    6.02743e+39    8.66599e+13    8.18281e+14
          218.9    6.11582e+39    8.66551e+13    8.17628e+14
            219    6.20547e+39    8.66504e+13    8.16975e+14
          219.1     6.2964e+39    8.66456e+13    8.16323e+14
          219.2    6.38863e+39    8.66409e+13    8.15672e+14
          219.3    6.48218e+39    8.66361e+13    8.15021e+14
          219.4    6.57707e+39    8.66313e+13    8.14372e+14
          219.5    6.67331e+39    8.66265e+13    8.13722e+14
          219.6    6.77092e+39    8.66217e+13    8.13074e+14
          219.7    6.86993e+39    8.66169e+13    8.12426e+14
          219.8    6.97035e+39    8.66121e+13    8.11779e+14
          219.9    7.07219e+39    8.66073e+13    8.11133e+14
            220    7.17549e+39    8.66025e+13    8.10488e+14
          220.1    7.28027e+39    8.65977e+13    8.09843e+14
          220.2    7.38653e+39    8.65929e+13    8.09199e+14
          220.3     7.4943e+39     8.6588e+13    8.08555e+14
          220.4    7.60361e+39    8.65832e+13    8.07912e+14
          220.5    7.71448e+39    8.65784e+13     8.0727e+14
          220.6    7.82692e+39    8.65735e+13    8.06629e+14
          220.7    7.94096e+39    8.65687e+13    8.05988e+14
          220.8    8.05661e+39    8.65638e+13    8.05348e+14
          220.9    8.17391e+39    8.65589e+13    8.04709e+14
            221    8.29288e+39    8.65541e+13     8.0407e+14
          221.1    8.41354e+39    8.65492e+13    8.03433e+14
          221.2     8.5359e+39    8.65443e+13    8.02795e+14
          221.3    8.66001e+39    8.65394e+13    8.02159e+14
          221.4    8.78587e+39    8.65345e+13    8.01523e+14
          221.5    8.91351e+39    8.65296e+13    8.00888e+14
          221.6    9.04297e+39    8.65247e+13    8.00253e+14
          221.7    9.17425e+39    8.65198e+13     7.9962e+14
          221.8     9.3074e+39    8.65149e+13    7.98987e+14
          221.9    9.44243e+39    8.65099e+13    7.98354e+14
            222    9.57937e+39     8.6505e+13    7.97723e+14
          222.1    9.71825e+39    8.65001e+13    7.97092e+14
          222.2    9.85909e+39    8.64951e+13    7.96461e+14
          222.3    1.00019e+40    8.64902e+13    7.95832e+14
          222.4    1.01468e+40    8.64852e+13    7.95203e+14
          222.5    1.02937e+40    8.64802e+13    7.94574e+14
          222.6    1.04426e+40    8.64753e+13    7.93947e+14
          222.7    1.05937e+40    8.64703e+13     7.9332e+14
          222.8    1.07469e+40    8.64653e+13    7.92693e+14
          222.9    1.09023e+40    8.64603e+13    7.92068e+14
            223    1.10598e+40    8.64553e+13    7.91443e+14
          223.1    1.12196e+40    8.64503e+13    7.90819e+14
          223.2    1.13816e+40    8.64453e+13    7.90195e+14
          223.3    1.15459e+40    8.64403e+13    7.89572e+14
          223.4    1.17125e+40    8.64353e+13     7.8895e+14
          223.5    1.18815e+40    8.64303e+13    7.88329e+14
          223.6    1.20529e+40    8.64253e+13    7.87708e+14
          223.7    1.22266e+40    8.64202e+13    7.87088e+14
          223.8    1.24028e+40    8.64152e+13    7.86468e+14
          223.9    1.25815e+40    8.64102e+13    7.85849e+14
            224    1.27626e+40    8.64051e+13    7.85231e+14
          224.1    1.29464e+40    8.64001e+13    7.84613e+14
          224.2    1.31327e+40     8.6395e+13    7.83997e+14
          224.3    1.33216e+40    8.63899e+13     7.8338e+14
          224.4    1.35132e+40    8.63849e+13    7.82765e+14
          224.5    1.37074e+40    8.63798e+13     7.8215e+14
          224.6    1.39044e+40    8.63747e+13    7.81536e+14
          224.7    1.41041e+40    8.63696e+13    7.80922e+14
          224.8    1.43067e+40    8.63645e+13    7.80309e+14
          224.9     1.4512e+40    8.63594e+13    7.79697e+14
            225    1.47203e+40    8.63543e+13    7.79085e+14
          225.1    1.49314e+40    8.63492e+13    7.78474e+14
          225.2    1.51456e+40    8.63441e+13    7.77864e+14
          225.3    1.53627e+40     8.6339e+13    7.77254e+14
          225.4    1.55828e+40    8.63339e+13    7.76646e+14
          225.5     1.5806e+40    8.63287e+13    7.76037e+14
          225.6    1.60324e+40    8.63236e+13     7.7543e+14
          225.7    1.62619e+40    8.63184e+13    7.74823e+14
          225.8    1.64946e+40    8.63133e+13    7.74216e+14
          225.9    1.67305e+40    8.63081e+13     7.7361e+14
            226    1.69698e+40     8.6303e+13    7.73005e+14
          226.1    1.72123e+40    8.62978e+13    7.72401e+14
          226.2    1.74583e+40    8.62927e+13    7.71797e+14
          226.3    1.77077e+40    8.62875e+13    7.71194e+14
          226.4    1.79605e+40    8.62823e+13    7.70592e+14
          226.5    1.82169e+40    8.62771e+13     7.6999e+14
          226.6    1.84769e+40    8.62719e+13    7.69388e+14
          226.7    1.87404e+40    8.62667e+13    7.68788e+14
          226.8    1.90077e+40    8.62615e+13    7.68188e+14
          226.9    1.92786e+40    8.62563e+13    7.67589e+14
            227    1.95533e+40    8.62511e+13     7.6699e+14
          227.1    1.98319e+40    8.62459e+13    7.66392e+14
          227.2    2.01143e+40    8.62407e+13    7.65795e+14
          227.3    2.04006e+40    8.62354e+13    7.65198e+14
          227.4    2.06909e+40    8.62302e+13    7.64602e+14
          227.5    2.09852e+40     8.6225e+13    7.64006e+14
          227.6    2.12837e+40    8.62197e+13    7.63412e+14
          227.7    2.15862e+40    8.62145e+13    7.62817e+14
          227.8     2.1893e+40    8.62092e+13    7.62224e+14
          227.9     2.2204e+40    8.62039e+13    7.61631e+14
            228    2.25193e+40    8.61987e+13    7.61039e+14
          228.1    2.28389e+40    8.61934e+13    7.60447e+14
          228.2     2.3163e+40    8.61881e+13    7.59856e+14
          228.3    2.34916e+40    8.61829e+13    7.59265e+14
          228.4    2.38247e+40    8.61776e+13    7.58676e+14
          228.5    2.41625e+40    8.61723e+13    7.58087e+14
          228.6    2.45049e+40     8.6167e+13    7.57498e+14
          228.7     2.4852e+40    8.61617e+13     7.5691e+14
          228.8    2.52039e+40    8.61564e+13    7.56323e+14
          228.9    2.55607e+40    8.61511e+13    7.55736e+14
            229    2.59225e+40    8.61457e+13     7.5515e+14
          229.1    2.62892e+40    8.61404e+13    7.54565e+14
          229.2    2.66609e+40    8.61351e+13     7.5398e+14
          229.3    2.70378e+40    8.61298e+13    7.53396e+14
          229.4    2.74199e+40    8.61244e+13    7.52812e+14
          229.5    2.78073e+40    8.61191e+13    7.52229e+14
          229.6       2.82e+40    8.61137e+13    7.51647e+14
          229.7    2.85981e+40    8.61084e+13    7.51065e+14
          229.8    2.90017e+40     8.6103e+13    7.50484e+14
          229.9    2.94108e+40    8.60976e+13    7.49904e+14
            230    2.98256e+40    8.60923e+13    7.49324e+14
          230.1     3.0246e+40    8.60869e+13    7.48744e+14
          230.2    3.06723e+40    8.60815e+13    7.48166e+14
          230.3    3.11044e+40    8.60761e+13    7.47588e+14
          230.4    3.15424e+40    8.60707e+13     7.4701e+14
          230.5    3.19865e+40    8.60654e+13    7.46434e+14
          230.6    3.24367e+40      8.606e+13    7.45857e+14
          230.7     3.2893e+40    8.60546e+13    7.45282e+14
          230.8    3.33556e+40    8.60491e+13    7.44707e+14
          230.9    3.38245e+40    8.60437e+13    7.44132e+14
            231    3.42999e+40    8.60383e+13    7.43559e+14
          231.1    3.47818e+40    8.60329e+13    7.42985e+14
          231.2    3.52703e+40    8.60275e+13    7.42413e+14
          231.3    3.57655e+40     8.6022e+13    7.41841e+14
          231.4    3.62674e+40    8.60166e+13     7.4127e+14
          231.5    3.67763e+40    8.60111e+13    7.40699e+14
          231.6    3.72921e+40    8.60057e+13    7.40129e+14
          231.7    3.78149e+40    8.60002e+13    7.39559e+14
          231.8    3.83449e+40    8.59948e+13     7.3899e+14
          231.9    3.88821e+40    8.59893e+13    7.38422e+14
            232    3.94267e+40    8.59839e+13    7.37854e+14
          232.1    3.99788e+40    8.59784e+13    7.37287e+14
          232.2    4.05383e+40    8.59729e+13     7.3672e+14
          232.3    4.11055e+40    8.59674e+13    7.36154e+14
          232.4    4.16804e+40    8.59619e+13    7.35589e+14
          232.5    4.22632e+40    8.59564e+13    7.35024e+14
          232.6     4.2854e+40    8.59509e+13     7.3446e+14
          232.7    4.34527e+40    8.59454e+13    7.33896e+14
          232.8    4.40597e+40    8.59399e+13    7.33333e+14
          232.9    4.46749e+40    8.59344e+13    7.32771e+14
            233    4.52985e+40    8.59289e+13    7.32209e+14
          233.1    4.59305e+40    8.59234e+13    7.31648e+14
          233.2    4.65712e+40    8.59179e+13    7.31087e+14
          233.3    4.72206e+40    8.59123e+13    7.30527e+14
          233.4    4.78788e+40    8.59068e+13    7.29968e+14
          233.5     4.8546e+40    8.59013e+13    7.29409e+14
          233.6    4.92222e+40    8.58957e+13     7.2885e+14
          233.7    4.99076e+40    8.58902e+13    7.28293e+14
          233.8    5.06024e+40    8.58846e+13    7.27736e+14
          233.9    5.13065e+40     8.5879e+13    7.27179e+14
            234    5.20203e+40    8.58735e+13    7.26623e+14
          234.1    5.27437e+40    8.58679e+13    7.26068e+14
          234.2    5.34769e+40    8.58623e+13    7.25513e+14
          234.3      5.422e+40    8.58568e+13    7.24959e+14
          234.4    5.49732e+40    8.58512e+13    7.24405e+14
          234.5    5.57367e+40    8.58456e+13    7.23852e+14
          234.6    5.65104e+40      8.584e+13    7.23299e+14
          234.7    5.72947e+40    8.58344e+13    7.22747e+14
          234.8    5.80895e+40    8.58288e+13    7.22196e+14
          234.9    5.88952e+40    8.58232e+13    7.21645e+14
            235    5.97117e+40    8.58176e+13    7.21095e+14
          235.1    6.05392e+40     8.5812e+13    7.20545e+14
          235.2     6.1378e+40    8.58064e+13    7.19996e+14
          235.3     6.2228e+40    8.58007e+13    7.19448e+14
          235.4    6.30896e+40    8.57951e+13      7.189e+14
          235.5    6.39628e+40    8.57895e+13    7.18353e+14
          235.6    6.48477e+40    8.57838e+13    7.17806e+14
          235.7    6.57446e+40    8.57782e+13     7.1726e+14
          235.8    6.66537e+40    8.57725e+13    7.16714e+14
          235.9    6.75749e+40    8.57669e+13    7.16169e+14
            236    6.85086e+40    8.57612e+13    7.15624e+14
          236.1    6.94549e+40    8.57556e+13     7.1508e+14
          236.2    7.04139e+40    8.57499e+13    7.14537e+14
          236.3    7.13858e+40    8.57442e+13    7.13994e+14
          236.4    7.23708e+40    8.57386e+13    7.13452e+14
          236.5    7.33691e+40    8.57329e+13     7.1291e+14
          236.6    7.43808e+40    8.57272e+13    7.12369e+14
          236.7    7.54061e+40    8.57215e+13    7.11829e+14
          236.8    7.64452e+40    8.57158e+13    7.11289e+14
          236.9    7.74982e+40    8.57101e+13    7.10749e+14
            237    7.85654e+40    8.57044e+13     7.1021e+14
          237.1     7.9647e+40    8.56987e+13    7.09672e+14
          237.2     8.0743e+40     8.5693e+13    7.09134e+14
          237.3    8.18538e+40    8.56873e+13    7.08597e+14
          237.4    8.29795e+40    8.56816e+13     7.0806e+14
          237.5    8.41202e+40    8.56759e+13    7.07524e+14
          237.6    8.52763e+40    8.56701e+13    7.06989e+14
          237.7    8.64478e+40    8.56644e+13    7.06454e+14
          237.8    8.76351e+40    8.56587e+13    7.05919e+14
          237.9    8.88382e+40    8.56529e+13    7.05385e+14
            238    9.00575e+40    8.56472e+13    7.04852e+14
          238.1    9.12931e+40    8.56414e+13    7.04319e+14
          238.2    9.25452e+40    8.56357e+13    7.03787e+14
          238.3    9.38141e+40    8.56299e+13    7.03255e+14
          238.4    9.50999e+40    8.56242e+13    7.02724e+14
          238.5    9.64029e+40    8.56184e+13    7.02194e+14
          238.6    9.77233e+40    8.56126e+13    7.01664e+14
          238.7    9.90614e+40    8.56069e+13    7.01134e+14
          238.8    1.00417e+41    8.56011e+13    7.00605e+14
          238.9    1.01791e+41    8.55953e+13    7.00077e+14
            239    1.03184e+41    8.55895e+13    6.99549e+14
          239.1    1.04595e+41    8.55837e+13    6.99022e+14
          239.2    1.06025e+41    8.55779e+13    6.98495e+14
          239.3    1.07473e+41    8.55721e+13    6.97968e+14
          239.4    1.08941e+41    8.55663e+13    6.97443e+14
          239.5    1.10429e+41    8.55605e+13    6.96918e+14
          239.6    1.11937e+41    8.55547e+13    6.96393e+14
          239.7    1.13464e+41    8.55489e+13    6.95869e+14
          239.8    1.15012e+41    8.55431e+13    6.95345e+14
          239.9    1.16581e+41    8.55372e+13    6.94822e+14
            240     1.1817e+41    8.55314e+13      6.943e+14
          240.1    1.19781e+41    8.55256e+13    6.93778e+14
          240.2    1.21413e+41    8.55197e+13    6.93257e+14
          240.3    1.23066e+41    8.55139e+13    6.92736e+14
          240.4    1.24742e+41    8.55081e+13    6.92216e+14
          240.5     1.2644e+41    8.55022e+13    6.91696e+14
          240.6     1.2816e+41    8.54963e+13    6.91177e+14
          240.7    1.29903e+41    8.54905e+13    6.90658e+14
          240.8    1.31669e+41    8.54846e+13     6.9014e+14
          240.9    1.33459e+41    8.54788e+13    6.89622e+14
            241    1.35273e+41    8.54729e+13    6.89105e+14
          241.1     1.3711e+41     8.5467e+13    6.88588e+14
          241.2    1.38972e+41    8.54611e+13    6.88072e+14
          241.3    1.40858e+41    8.54553e+13    6.87557e+14
          241.4     1.4277e+41    8.54494e+13    6.87042e+14
          241.5    1.44707e+41    8.54435e+13    6.86527e+14
          241.6    1.46669e+41    8.54376e+13    6.86013e+14
          241.7    1.48657e+41    8.54317e+13      6.855e+14
          241.8    1.50672e+41    8.54258e+13    6.84987e+14
          241.9    1.52713e+41    8.54199e+13    6.84475e+14
            242    1.54782e+41     8.5414e+13    6.83963e+14
          242.1    1.56877e+41     8.5408e+13    6.83451e+14
          242.2       1.59e+41    8.54021e+13    6.82941e+14
          242.3    1.61152e+41    8.53962e+13     6.8243e+14
          242.4    1.63331e+41    8.53903e+13    6.81921e+14
          242.5     1.6554e+41    8.53843e+13    6.81411e+14
          242.6    1.67777e+41    8.53784e+13    6.80903e+14
          242.7    1.70044e+41    8.53725e+13    6.80394e+14
          242.8    1.72341e+41    8.53665e+13    6.79887e+14
          242.9    1.74668e+41    8.53606e+13    6.79379e+14
            243    1.77026e+41    8.53546e+13    6.78873e+14
          243.1    1.79415e+41    8.53487e+13    6.78367e+14
          243.2    1.81835e+41    8.53427e+13    6.77861e+14
          243.3    1.84287e+41    8.53368e+13    6.77356e+14
          243.4    1.86772e+41    8.53308e+13    6.76851e+14
          243.5    1.89289e+41    8.53248e+13    6.76347e+14
          243.6    1.91839e+41    8.53188e+13    6.75844e+14
          243.7    1.94422e+41    8.53129e+13    6.75341e+14
          243.8     1.9704e+41    8.53069e+13    6.74838e+14
          243.9    1.99692e+41    8.53009e+13    6.74336e+14
            244    2.02379e+41    8.52949e+13    6.73835e+14
          244.1    2.05101e+41    8.52889e+13    6.73334e+14
          244.2    2.07858e+41    8.52829e+13    6.72833e+14
          244.3    2.10652e+41    8.52769e+13    6.72333e+14
          244.4    2.13483e+41    8.52709e+13    6.71834e+14
          244.5     2.1635e+41    8.52649e+13    6.71335e+14
          244.6    2.19256e+41    8.52589e+13    6.70836e+14
          244.7    2.22199e+41    8.52529e+13    6.70338e+14
          244.8    2.25181e+41    8.52468e+13    6.69841e+14
          244.9    2.28201e+41    8.52408e+13    6.69344e+14
            245    2.31262e+41    8.52348e+13    6.68847e+14
          245.1    2.34362e+41    8.52288e+13    6.68351e+14
          245.2    2.37503e+41    8.52227e+13    6.67856e+14
          245.3    2.40685e+41    8.52167e+13    6.67361e+14
          245.4    2.43908e+41    8.52106e+13    6.66866e+14
          245.5    2.47174e+41    8.52046e+13    6.66372e+14
          245.6    2.50482e+41    8.51985e+13    6.65879e+14
          245.7    2.53834e+41    8.51925e+13    6.65386e+14
          245.8    2.57229e+41    8.51864e+13    6.64894e+14
          245.9    2.60668e+41    8.51804e+13    6.64402e+14
            246    2.64153e+41    8.51743e+13     6.6391e+14
          246.1    2.67682e+41    8.51682e+13    6.63419e+14
          246.2    2.71258e+41    8.51622e+13    6.62929e+14
          246.3    2.74881e+41    8.51561e+13    6.62439e+14
          246.4     2.7855e+41      8.515e+13    6.61949e+14
          246.5    2.82267e+41    8.51439e+13     6.6146e+14
          246.6    2.86033e+41    8.51378e+13    6.60972e+14
          246.7    2.89848e+41    8.51317e+13    6.60484e+14
          246.8    2.93712e+41    8.51256e+13    6.59996e+14
          246.9    2.97627e+41    8.51195e+13    6.59509e+14
            247    3.01592e+41    8.51134e+13    6.59023e+14
          247.1    3.05609e+41    8.51073e+13    6.58537e+14
          247.2    3.09678e+41    8.51012e+13    6.58051e+14
          247.3      3.138e+41    8.50951e+13    6.57566e+14
          247.4    3.17976e+41     8.5089e+13    6.57082e+14
          247.5    3.22206e+41    8.50829e+13    6.56597e+14
          247.6     3.2649e+41    8.50768e+13    6.56114e+14
          247.7     3.3083e+41    8.50706e+13    6.55631e+14
          247.8    3.35227e+41    8.50645e+13    6.55148e+14
          247.9     3.3968e+41    8.50584e+13    6.54666e+14
            248    3.44191e+41    8.50522e+13    6.54184e+14
          248.1    3.48761e+41    8.50461e+13    6.53703e+14
          248.2     3.5339e+41    8.50399e+13    6.53222e+14
          248.3    3.58078e+41    8.50338e+13    6.52742e+14
          248.4    3.62828e+41    8.50276e+13    6.52263e+14
          248.5    3.67638e+41    8.50215e+13    6.51783e+14
          248.6    3.72511e+41    8.50153e+13    6.51305e+14
          248.7    3.77447e+41    8.50092e+13    6.50826e+14
          248.8    3.82447e+41     8.5003e+13    6.50348e+14
          248.9    3.87511e+41    8.49968e+13    6.49871e+14
            249    3.92641e+41    8.49906e+13    6.49394e+14
          249.1    3.97837e+41    8.49845e+13    6.48918e+14
          249.2      4.031e+41    8.49783e+13    6.48442e+14
          249.3    4.08431e+41    8.49721e+13    6.47967e+14
          249.4    4.13831e+41    8.49659e+13    6.47492e+14
          249.5      4.193e+41    8.49597e+13    6.47017e+14
          249.6     4.2484e+41    8.49535e+13    6.46543e+14
          249.7    4.30451e+41    8.49473e+13     6.4607e+14
          249.8    4.36135e+41    8.49411e+13    6.45597e+14
          249.9    4.41892e+41    8.49349e+13    6.45124e+14
            250    4.47723e+41    8.49287e+13    6.44652e+14
          250.1    4.53629e+41    8.49225e+13     6.4418e+14
          250.2     4.5961e+41    8.49163e+13    6.43709e+14
          250.3    4.65669e+41    8.49101e+13    6.43239e+14
          250.4    4.71806e+41    8.49038e+13    6.42768e+14
          250.5    4.78022e+41    8.48976e+13    6.42299e+14
          250.6    4.84317e+41    8.48914e+13    6.41829e+14
          250.7    4.90693e+41    8.48852e+13    6.41361e+14
          250.8    4.97152e+41    8.48789e+13    6.40892e+14
          250.9    5.03693e+41    8.48727e+13    6.40424e+14
            251    5.10318e+41    8.48664e+13    6.39957e+14
          251.1    5.17028e+41    8.48602e+13     6.3949e+14
          251.2    5.23824e+41    8.48539e+13    6.39024e+14
          251.3    5.30707e+41    8.48477e+13    6.38558e+14
          251.4    5.37679e+41    8.48414e+13    6.38092e+14
          251.5     5.4474e+41    8.48352e+13    6.37627e+14
          251.6    5.51891e+41    8.48289e+13    6.37162e+14
          251.7    5.59134e+41    8.48227e+13    6.36698e+14
          251.8    5.66469e+41    8.48164e+13    6.36234e+14
          251.9    5.73899e+41    8.48101e+13    6.35771e+14
            252    5.81423e+41    8.48038e+13    6.35308e+14
          252.1    5.89044e+41    8.47976e+13    6.34846e+14
          252.2    5.96762e+41    8.47913e+13    6.34384e+14
          252.3    6.04579e+41     8.4785e+13    6.33923e+14
          252.4    6.12495e+41    8.47787e+13    6.33462e+14
          252.5    6.20513e+41    8.47724e+13    6.33001e+14
          252.6    6.28633e+41    8.47661e+13    6.32541e+14
          252.7    6.36857e+41    8.47598e+13    6.32082e+14
          252.8    6.45185e+41    8.47535e+13    6.31623e+14
          252.9     6.5362e+41    8.47472e+13    6.31164e+14
            253    6.62163e+41    8.47409e+13    6.30706e+14
          253.1    6.70814e+41    8.47346e+13    6.30248e+14
          253.2    6.79575e+41    8.47283e+13    6.29791e+14
          253.3    6.88449e+41     8.4722e+13    6.29334e+14
          253.4    6.97435e+41    8.47156e+13    6.28878e+14
          253.5    7.06536e+41    8.47093e+13    6.28422e+14
          253.6    7.15752e+41     8.4703e+13    6.27966e+14
          253.7    7.25086e+41    8.46966e+13    6.27511e+14
          253.8    7.34538e+41    8.46903e+13    6.27057e+14
          253.9    7.44111e+41     8.4684e+13    6.26603e+14
            254    7.53805e+41    8.46776e+13    6.26149e+14
          254.1    7.63623e+41    8.46713e+13    6.25696e+14
          254.2    7.73565e+41    8.46649e+13    6.25243e+14
          254.3    7.83633e+41    8.46586e+13     6.2479e+14
          254.4    7.93829e+41    8.46522e+13    6.24339e+14
          254.5    8.04155e+41    8.46459e+13    6.23887e+14
          254.6    8.14612e+41    8.46395e+13    6.23436e+14
          254.7    8.25201e+41    8.46332e+13    6.22986e+14
          254.8    8.35925e+41    8.46268e+13    6.22535e+14
          254.9    8.46784e+41    8.46204e+13    6.22086e+14
            255    8.57781e+41    8.46141e+13    6.21637e+14
          255.1    8.68918e+41    8.46077e+13    6.21188e+14
          255.2    8.80195e+41    8.46013e+13    6.20739e+14
          255.3    8.91616e+41    8.45949e+13    6.20292e+14
          255.4     9.0318e+41    8.45885e+13    6.19844e+14
          255.5    9.14891e+41    8.45822e+13    6.19397e+14
          255.6     9.2675e+41    8.45758e+13     6.1895e+14
          255.7     9.3876e+41    8.45694e+13    6.18504e+14
          255.8     9.5092e+41     8.4563e+13    6.18059e+14
          255.9    9.63235e+41    8.45566e+13    6.17613e+14
            256    9.75705e+41    8.45502e+13    6.17169e+14
          256.1    9.88333e+41    8.45438e+13    6.16724e+14
          256.2    1.00112e+42    8.45374e+13     6.1628e+14
          256.3    1.01407e+42     8.4531e+13    6.15837e+14
          256.4    1.02718e+42    8.45245e+13    6.15394e+14
          256.5    1.04046e+42    8.45181e+13    6.14951e+14
          256.6     1.0539e+42    8.45117e+13    6.14509e+14
          256.7    1.06752e+42    8.45053e+13    6.14067e+14
          256.8     1.0813e+42    8.44989e+13    6.13626e+14
          256.9    1.09526e+42    8.44924e+13    6.13185e+14
            257    1.10939e+42     8.4486e+13    6.12744e+14
          257.1    1.12371e+42    8.44796e+13    6.12304e+14
          257.2     1.1382e+42    8.44731e+13    6.11865e+14
          257.3    1.15288e+42    8.44667e+13    6.11425e+14
          257.4    1.16774e+42    8.44602e+13    6.10987e+14
          257.5    1.18278e+42    8.44538e+13    6.10548e+14
          257.6    1.19802e+42    8.44473e+13     6.1011e+14
          257.7    1.21344e+42    8.44409e+13    6.09673e+14
          257.8    1.22907e+42    8.44344e+13    6.09236e+14
          257.9    1.24488e+42     8.4428e+13    6.08799e+14
            258     1.2609e+42    8.44215e+13    6.08363e+14
          258.1    1.27711e+42     8.4415e+13    6.07927e+14
          258.2    1.29353e+42    8.44086e+13    6.07492e+14
          258.3    1.31016e+42    8.44021e+13    6.07057e+14
          258.4      1.327e+42    8.43956e+13    6.06623e+14
          258.5    1.34404e+42    8.43892e+13    6.06189e+14
          258.6     1.3613e+42    8.43827e+13    6.05755e+14
          258.7    1.37877e+42    8.43762e+13    6.05322e+14
          258.8    1.39647e+42    8.43697e+13    6.04889e+14
          258.9    1.41438e+42    8.43632e+13    6.04457e+14
            259    1.43252e+42    8.43567e+13    6.04025e+14
          259.1    1.45089e+42    8.43502e+13    6.03593e+14
          259.2    1.46949e+42    8.43437e+13    6.03162e+14
          259.3    1.48831e+42    8.43372e+13    6.02731e+14
          259.4    1.50738e+42    8.43307e+13    6.02301e+14
          259.5    1.52668e+42    8.43242e+13    6.01871e+14
          259.6    1.54622e+42    8.43177e+13    6.01442e+14
          259.7    1.56601e+42    8.43112e+13    6.01013e+14
          259.8    1.58605e+42    8.43047e+13    6.00584e+14
          259.9    1.60633e+42    8.42982e+13    6.00156e+14
            260    1.62687e+42    8.42917e+13    5.99728e+14
          260.1    1.64766e+42    8.42851e+13    5.99301e+14
          260.2    1.66871e+42    8.42786e+13    5.98874e+14
          260.3    1.69003e+42    8.42721e+13    5.98448e+14
          260.4    1.71161e+42    8.42656e+13    5.98022e+14
          260.5    1.73346e+42     8.4259e+13    5.97596e+14
          260.6    1.75558e+42    8.42525e+13    5.97171e+14
          260.7    1.77798e+42     8.4246e+13    5.96746e+14
          260.8    1.80065e+42    8.42394e+13    5.96321e+14
          260.9    1.82361e+42    8.42329e+13    5.95897e+14
            261    1.84685e+42    8.42263e+13    5.95474e+14
          261.1    1.87039e+42    8.42198e+13    5.95051e+14
          261.2    1.89421e+42    8.42132e+13    5.94628e+14
          261.3    1.91833e+42    8.42067e+13    5.94205e+14
          261.4    1.94275e+42    8.42001e+13    5.93783e+14
          261.5    1.96748e+42    8.41936e+13    5.93362e+14
          261.6    1.99251e+42     8.4187e+13    5.92941e+14
          261.7    2.01785e+42    8.41804e+13     5.9252e+14
          261.8     2.0435e+42    8.41739e+13      5.921e+14
          261.9    2.06948e+42    8.41673e+13     5.9168e+14
            262    2.09577e+42    8.41607e+13     5.9126e+14
          262.1    2.12239e+42    8.41541e+13    5.90841e+14
          262.2    2.14934e+42    8.41476e+13    5.90422e+14
          262.3    2.17663e+42     8.4141e+13    5.90004e+14
          262.4    2.20425e+42    8.41344e+13    5.89586e+14
          262.5    2.23222e+42    8.41278e+13    5.89169e+14
          262.6    2.26053e+42    8.41212e+13    5.88751e+14
          262.7    2.28919e+42    8.41146e+13    5.88335e+14
          262.8    2.31821e+42     8.4108e+13    5.87918e+14
          262.9    2.34758e+42    8.41014e+13    5.87503e+14
            263    2.37732e+42    8.40948e+13    5.87087e+14
          263.1    2.40742e+42    8.40882e+13    5.86672e+14
          263.2     2.4379e+42    8.40816e+13    5.86257e+14
          263.3    2.46875e+42     8.4075e+13    5.85843e+14
          263.4    2.49999e+42    8.40684e+13    5.85429e+14
          263.5    2.53161e+42    8.40618e+13    5.85016e+14
          263.6    2.56362e+42    8.40552e+13    5.84602e+14
          263.7    2.59602e+42    8.40486e+13     5.8419e+14
          263.8    2.62883e+42     8.4042e+13    5.83778e+14
          263.9    2.66203e+42    8.40353e+13    5.83366e+14
            264    2.69565e+42    8.40287e+13    5.82954e+14
          264.1    2.72968e+42    8.40221e+13    5.82543e+14
          264.2    2.76413e+42    8.40154e+13    5.82132e+14
          264.3    2.79901e+42    8.40088e+13    5.81722e+14
          264.4    2.83431e+42    8.40022e+13    5.81312e+14
          264.5    2.87005e+42    8.39955e+13    5.80903e+14
          264.6    2.90623e+42    8.39889e+13    5.80493e+14
          264.7    2.94285e+42    8.39823e+13    5.80085e+14
          264.8    2.97993e+42    8.39756e+13    5.79676e+14
          264.9    3.01745e+42     8.3969e+13    5.79268e+14
            265    3.05544e+42    8.39623e+13    5.78861e+14
          265.1     3.0939e+42    8.39557e+13    5.78454e+14
          265.2    3.13283e+42     8.3949e+13    5.78047e+14
          265.3    3.17223e+42    8.39423e+13     5.7764e+14
          265.4    3.21212e+42    8.39357e+13    5.77234e+14
          265.5     3.2525e+42     8.3929e+13    5.76829e+14
          265.6    3.29338e+42    8.39223e+13    5.76424e+14
          265.7    3.33475e+42    8.39157e+13    5.76019e+14
          265.8    3.37663e+42     8.3909e+13    5.75614e+14
          265.9    3.41903e+42    8.39023e+13     5.7521e+14
            266    3.46194e+42    8.38957e+13    5.74807e+14
          266.1    3.50538e+42     8.3889e+13    5.74403e+14
          266.2    3.54936e+42    8.38823e+13       5.74e+14
          266.3    3.59387e+42    8.38756e+13    5.73598e+14
          266.4    3.63892e+42    8.38689e+13    5.73196e+14
          266.5    3.68452e+42    8.38622e+13    5.72794e+14
          266.6    3.73069e+42    8.38556e+13    5.72393e+14
          266.7    3.77741e+42    8.38489e+13    5.71992e+14
          266.8    3.82471e+42    8.38422e+13    5.71591e+14
          266.9    3.87259e+42    8.38355e+13    5.71191e+14
            267    3.92105e+42    8.38288e+13    5.70791e+14
          267.1     3.9701e+42    8.38221e+13    5.70391e+14
          267.2    4.01975e+42    8.38154e+13    5.69992e+14
          267.3       4.07e+42    8.38087e+13    5.69594e+14
          267.4    4.12087e+42    8.38019e+13    5.69195e+14
          267.5    4.17236e+42    8.37952e+13    5.68798e+14
          267.6    4.22448e+42    8.37885e+13      5.684e+14
          267.7    4.27723e+42    8.37818e+13    5.68003e+14
          267.8    4.33062e+42    8.37751e+13    5.67606e+14
          267.9    4.38467e+42    8.37684e+13     5.6721e+14
            268    4.43937e+42    8.37616e+13    5.66814e+14
          268.1    4.49474e+42    8.37549e+13    5.66418e+14
          268.2    4.55078e+42    8.37482e+13    5.66023e+14
          268.3     4.6075e+42    8.37415e+13    5.65628e+14
          268.4    4.66491e+42    8.37347e+13    5.65233e+14
          268.5    4.72302e+42     8.3728e+13    5.64839e+14
          268.6    4.78184e+42    8.37212e+13    5.64445e+14
          268.7    4.84137e+42    8.37145e+13    5.64052e+14
          268.8    4.90162e+42    8.37078e+13    5.63659e+14
          268.9    4.96261e+42     8.3701e+13    5.63266e+14
            269    5.02433e+42    8.36943e+13    5.62874e+14
          269.1    5.08681e+42    8.36875e+13    5.62482e+14
          269.2    5.15004e+42    8.36808e+13     5.6209e+14
          269.3    5.21404e+42     8.3674e+13    5.61699e+14
          269.4    5.27881e+42    8.36673e+13    5.61308e+14
          269.5    5.34437e+42    8.36605e+13    5.60918e+14
          269.6    5.41073e+42    8.36537e+13    5.60528e+14
          269.7    5.47788e+42     8.3647e+13    5.60138e+14
          269.8    5.54585e+42    8.36402e+13    5.59749e+14
          269.9    5.61465e+42    8.36335e+13     5.5936e+14
            270    5.68427e+42    8.36267e+13    5.58971e+14
          270.1    5.75474e+42    8.36199e+13    5.58583e+14
          270.2    5.82606e+42    8.36131e+13    5.58195e+14
          270.3    5.89824e+42    8.36064e+13    5.57808e+14
          270.4     5.9713e+42    8.35996e+13    5.57421e+14
          270.5    6.04524e+42    8.35928e+13    5.57034e+14
          270.6    6.12007e+42     8.3586e+13    5.56648e+14
          270.7     6.1958e+42    8.35792e+13    5.56262e+14
          270.8    6.27245e+42    8.35724e+13    5.55876e+14
          270.9    6.35002e+42    8.35657e+13    5.55491e+14
            271    6.42853e+42    8.35589e+13    5.55106e+14
          271.1    6.50799e+42    8.35521e+13    5.54721e+14
          271.2     6.5884e+42    8.35453e+13    5.54337e+14
          271.3    6.66978e+42    8.35385e+13    5.53953e+14
          271.4    6.75215e+42    8.35317e+13     5.5357e+14
          271.5     6.8355e+42    8.35249e+13    5.53187e+14
          271.6    6.91986e+42    8.35181e+13    5.52804e+14
          271.7    7.00524e+42    8.35113e+13    5.52422e+14
          271.8    7.09164e+42    8.35045e+13     5.5204e+14
          271.9    7.17908e+42    8.34976e+13    5.51658e+14
            272    7.26757e+42    8.34908e+13    5.51277e+14
          272.1    7.35713e+42     8.3484e+13    5.50896e+14
          272.2    7.44777e+42    8.34772e+13    5.50515e+14
          272.3    7.53949e+42    8.34704e+13    5.50135e+14
          272.4    7.63232e+42    8.34636e+13    5.49755e+14
          272.5    7.72626e+42    8.34567e+13    5.49376e+14
          272.6    7.82133e+42    8.34499e+13    5.48996e+14
          272.7    7.91754e+42    8.34431e+13    5.48618e+14
          272.8     8.0149e+42    8.34362e+13    5.48239e+14
          272.9    8.11343e+42    8.34294e+13    5.47861e+14
            273    8.21314e+42    8.34226e+13    5.47483e+14
          273.1    8.31405e+42    8.34157e+13    5.47106e+14
          273.2    8.41617e+42    8.34089e+13    5.46729e+14
          273.3    8.51951e+42    8.34021e+13    5.46352e+14
          273.4    8.62409e+42    8.33952e+13    5.45976e+14
          273.5    8.72993e+42    8.33884e+13      5.456e+14
          273.6    8.83703e+42    8.33815e+13    5.45224e+14
          273.7    8.94541e+42    8.33747e+13    5.44849e+14
          273.8    9.05508e+42    8.33678e+13    5.44474e+14
          273.9    9.16607e+42     8.3361e+13      5.441e+14
            274    9.27839e+42    8.33541e+13    5.43726e+14
          274.1    9.39205e+42    8.33473e+13    5.43352e+14
          274.2    9.50706e+42    8.33404e+13    5.42978e+14
          274.3    9.62346e+42    8.33335e+13    5.42605e+14
          274.4    9.74124e+42    8.33267e+13    5.42232e+14
          274.5    9.86042e+42    8.33198e+13     5.4186e+14
          274.6    9.98103e+42    8.33129e+13    5.41488e+14
          274.7    1.01031e+43    8.33061e+13    5.41116e+14
          274.8    1.02266e+43    8.32992e+13    5.40745e+14
          274.9    1.03516e+43    8.32923e+13    5.40374e+14
            275     1.0478e+43    8.32855e+13    5.40003e+14
          275.1     1.0606e+43    8.32786e+13    5.39633e+14
          275.2    1.07355e+43    8.32717e+13    5.39263e+14
          275.3    1.08665e+43    8.32648e+13    5.38893e+14
          275.4    1.09991e+43    8.32579e+13    5.38524e+14
          275.5    1.11333e+43     8.3251e+13    5.38155e+14
          275.6    1.12691e+43    8.32442e+13    5.37786e+14
          275.7    1.14065e+43    8.32373e+13    5.37418e+14
          275.8    1.15455e+43    8.32304e+13     5.3705e+14
          275.9    1.16862e+43    8.32235e+13    5.36682e+14
            276    1.18286e+43    8.32166e+13    5.36315e+14
          276.1    1.19726e+43    8.32097e+13    5.35948e+14
          276.2    1.21184e+43    8.32028e+13    5.35581e+14
          276.3    1.22658e+43    8.31959e+13    5.35215e+14
          276.4    1.24151e+43     8.3189e+13    5.34849e+14
          276.5    1.25661e+43    8.31821e+13    5.34484e+14
          276.6    1.27189e+43    8.31752e+13    5.34119e+14
          276.7    1.28735e+43    8.31683e+13    5.33754e+14
          276.8    1.30299e+43    8.31614e+13    5.33389e+14
          276.9    1.31882e+43    8.31544e+13    5.33025e+14
            277    1.33484e+43    8.31475e+13    5.32661e+14
          277.1    1.35105e+43    8.31406e+13    5.32298e+14
          277.2    1.36745e+43    8.31337e+13    5.31935e+14
          277.3    1.38404e+43    8.31268e+13    5.31572e+14
          277.4    1.40083e+43    8.31199e+13    5.31209e+14
          277.5    1.41782e+43    8.31129e+13    5.30847e+14
          277.6    1.43501e+43     8.3106e+13    5.30485e+14
          277.7     1.4524e+43    8.30991e+13    5.30124e+14
          277.8       1.47e+43    8.30921e+13    5.29763e+14
          277.9    1.48781e+43    8.30852e+13    5.29402e+14
            278    1.50583e+43    8.30783e+13    5.29041e+14
          278.1    1.52406e+43    8.30713e+13    5.28681e+14
          278.2     1.5425e+43    8.30644e+13    5.28321e+14
          278.3    1.56116e+43    8.30575e+13    5.27962e+14
          278.4    1.58005e+43    8.30505e+13    5.27603e+14
          278.5    1.59915e+43    8.30436e+13    5.27244e+14
          278.6    1.61848e+43    8.30366e+13    5.26885e+14
          278.7    1.63804e+43    8.30297e+13    5.26527e+14
          278.8    1.65783e+43    8.30227e+13     5.2617e+14
          278.9    1.67786e+43    8.30158e+13    5.25812e+14
            279    1.69812e+43    8.30088e+13    5.25455e+14
          279.1    1.71861e+43    8.30019e+13    5.25098e+14
          279.2    1.73935e+43    8.29949e+13    5.24742e+14
          279.3    1.76034e+43     8.2988e+13    5.24385e+14
          279.4    1.78157e+43     8.2981e+13     5.2403e+14
          279.5    1.80305e+43    8.29741e+13    5.23674e+14
          279.6    1.82478e+43    8.29671e+13    5.23319e+14
          279.7    1.84677e+43    8.29601e+13    5.22964e+14
          279.8    1.86901e+43    8.29532e+13     5.2261e+14
          279.9    1.89152e+43    8.29462e+13    5.22255e+14
            280    1.91429e+43    8.29392e+13    5.21902e+14
          280.1    1.93733e+43    8.29323e+13    5.21548e+14
          280.2    1.96064e+43    8.29253e+13    5.21195e+14
          280.3    1.98423e+43    8.29183e+13    5.20842e+14
          280.4    2.00809e+43    8.29113e+13    5.20489e+14
          280.5    2.03223e+43    8.29044e+13    5.20137e+14
          280.6    2.05665e+43    8.28974e+13    5.19785e+14
          280.7    2.08136e+43    8.28904e+13    5.19434e+14
          280.8    2.10636e+43    8.28834e+13    5.19082e+14
          280.9    2.13166e+43    8.28764e+13    5.18732e+14
            281    2.15724e+43    8.28694e+13    5.18381e+14
          281.1    2.18313e+43    8.28624e+13    5.18031e+14
          281.2    2.20932e+43    8.28555e+13    5.17681e+14
          281.3    2.23582e+43    8.28485e+13    5.17331e+14
          281.4    2.26263e+43    8.28415e+13    5.16982e+14
          281.5    2.28975e+43    8.28345e+13    5.16633e+14
          281.6    2.31719e+43    8.28275e+13    5.16284e+14
          281.7    2.34495e+43    8.28205e+13    5.15936e+14
          281.8    2.37304e+43    8.28135e+13    5.15588e+14
          281.9    2.40145e+43    8.28065e+13     5.1524e+14
            282    2.43019e+43    8.27995e+13    5.14893e+14
          282.1    2.45927e+43    8.27925e+13    5.14546e+14
          282.2    2.48869e+43    8.27855e+13    5.14199e+14
          282.3    2.51845e+43    8.27784e+13    5.13852e+14
          282.4    2.54856e+43    8.27714e+13    5.13506e+14
          282.5    2.57902e+43    8.27644e+13     5.1316e+14
          282.6    2.60984e+43    8.27574e+13    5.12815e+14
          282.7    2.64102e+43    8.27504e+13     5.1247e+14
          282.8    2.67255e+43    8.27434e+13    5.12125e+14
          282.9    2.70446e+43    8.27364e+13     5.1178e+14
            283    2.73674e+43    8.27293e+13    5.11436e+14
          283.1    2.76939e+43    8.27223e+13    5.11092e+14
          283.2    2.80242e+43    8.27153e+13    5.10749e+14
          283.3    2.83584e+43    8.27083e+13    5.10405e+14
          283.4    2.86965e+43    8.27012e+13    5.10063e+14
          283.5    2.90385e+43    8.26942e+13     5.0972e+14
          283.6    2.93845e+43    8.26872e+13    5.09378e+14
          283.7    2.97345e+43    8.26801e+13    5.09036e+14
          283.8    3.00885e+43    8.26731e+13    5.08694e+14
          283.9    3.04467e+43    8.26661e+13    5.08352e+14
            284     3.0809e+43     8.2659e+13    5.08011e+14
          284.1    3.11756e+43     8.2652e+13    5.07671e+14
          284.2    3.15464e+43     8.2645e+13     5.0733e+14
          284.3    3.19215e+43    8.26379e+13     5.0699e+14
          284.4    3.23009e+43    8.26309e+13     5.0665e+14
          284.5    3.26848e+43    8.26238e+13    5.06311e+14
          284.6    3.30731e+43    8.26168e+13    5.05971e+14
          284.7    3.34659e+43    8.26097e+13    5.05633e+14
          284.8    3.38632e+43    8.26027e+13    5.05294e+14
          284.9    3.42652e+43    8.25956e+13    5.04956e+14
            285    3.46718e+43    8.25886e+13    5.04618e+14
          285.1    3.50831e+43    8.25815e+13     5.0428e+14
          285.2    3.54991e+43    8.25745e+13    5.03943e+14
          285.3      3.592e+43    8.25674e+13    5.03606e+14
          285.4    3.63458e+43    8.25603e+13    5.03269e+14
          285.5    3.67765e+43    8.25533e+13    5.02932e+14
          285.6    3.72121e+43    8.25462e+13    5.02596e+14
          285.7    3.76528e+43    8.25392e+13    5.02261e+14
          285.8    3.80986e+43    8.25321e+13    5.01925e+14
          285.9    3.85495e+43     8.2525e+13     5.0159e+14
            286    3.90057e+43     8.2518e+13    5.01255e+14
          286.1    3.94671e+43    8.25109e+13     5.0092e+14
          286.2    3.99338e+43    8.25038e+13    5.00586e+14
          286.3    4.04059e+43    8.24967e+13    5.00252e+14
          286.4    4.08835e+43    8.24897e+13    4.99918e+14
          286.5    4.13665e+43    8.24826e+13    4.99585e+14
          286.6    4.18552e+43    8.24755e+13    4.99252e+14
          286.7    4.23494e+43    8.24684e+13    4.98919e+14
          286.8    4.28494e+43    8.24613e+13    4.98587e+14
          286.9    4.33551e+43    8.24543e+13    4.98254e+14
            287    4.38666e+43    8.24472e+13    4.97923e+14
          287.1    4.43841e+43    8.24401e+13    4.97591e+14
          287.2    4.49074e+43     8.2433e+13     4.9726e+14
          287.3    4.54368e+43    8.24259e+13    4.96929e+14
          287.4    4.59723e+43    8.24188e+13    4.96598e+14
          287.5     4.6514e+43    8.24117e+13    4.96268e+14
          287.6    4.70618e+43    8.24047e+13    4.95938e+14
          287.7     4.7616e+43    8.23976e+13    4.95608e+14
          287.8    4.81765e+43    8.23905e+13    4.95278e+14
          287.9    4.87435e+43    8.23834e+13    4.94949e+14
            288     4.9317e+43    8.23763e+13     4.9462e+14
          288.1     4.9897e+43    8.23692e+13    4.94292e+14
          288.2    5.04838e+43    8.23621e+13    4.93963e+14
          288.3    5.10772e+43     8.2355e+13    4.93635e+14
          288.4    5.16775e+43    8.23479e+13    4.93308e+14
          288.5    5.22846e+43    8.23408e+13     4.9298e+14
          288.6    5.28987e+43    8.23336e+13    4.92653e+14
          288.7    5.35198e+43    8.23265e+13    4.92327e+14
          288.8    5.41481e+43    8.23194e+13       4.92e+14
          288.9    5.47835e+43    8.23123e+13    4.91674e+14
            289    5.54262e+43    8.23052e+13    4.91348e+14
          289.1    5.60763e+43    8.22981e+13    4.91022e+14
          289.2    5.67338e+43     8.2291e+13    4.90697e+14
          289.3    5.73988e+43    8.22839e+13    4.90372e+14
          289.4    5.80714e+43    8.22767e+13    4.90047e+14
          289.5    5.87518e+43    8.22696e+13    4.89723e+14
          289.6    5.94399e+43    8.22625e+13    4.89399e+14
          289.7    6.01358e+43    8.22554e+13    4.89075e+14
          289.8    6.08397e+43    8.22483e+13    4.88751e+14
          289.9    6.15517e+43    8.22411e+13    4.88428e+14
            290    6.22718e+43     8.2234e+13    4.88105e+14
          290.1    6.30001e+43    8.22269e+13    4.87782e+14
          290.2    6.37367e+43    8.22197e+13     4.8746e+14
          290.3    6.44817e+43    8.22126e+13    4.87138e+14
          290.4    6.52352e+43    8.22055e+13    4.86816e+14
          290.5    6.59973e+43    8.21983e+13    4.86494e+14
          290.6     6.6768e+43    8.21912e+13    4.86173e+14
          290.7    6.75476e+43    8.21841e+13    4.85852e+14
          290.8     6.8336e+43    8.21769e+13    4.85531e+14
          290.9    6.91334e+43    8.21698e+13    4.85211e+14
            291    6.99399e+43    8.21627e+13    4.84891e+14
          291.1    7.07556e+43    8.21555e+13    4.84571e+14
          291.2    7.15806e+43    8.21484e+13    4.84252e+14
          291.3    7.24149e+43    8.21412e+13    4.83932e+14
          291.4    7.32587e+43    8.21341e+13    4.83614e+14
          291.5    7.41121e+43    8.21269e+13    4.83295e+14
          291.6    7.49752e+43    8.21198e+13    4.82977e+14
          291.7    7.58482e+43    8.21126e+13    4.82658e+14
          291.8     7.6731e+43    8.21055e+13    4.82341e+14
          291.9    7.76239e+43    8.20983e+13    4.82023e+14
            292    7.85269e+43    8.20912e+13    4.81706e+14
          292.1    7.94401e+43     8.2084e+13    4.81389e+14
          292.2    8.03637e+43    8.20769e+13    4.81072e+14
          292.3    8.12978e+43    8.20697e+13    4.80756e+14
          292.4    8.22425e+43    8.20626e+13     4.8044e+14
          292.5    8.31978e+43    8.20554e+13    4.80124e+14
          292.6    8.41641e+43    8.20482e+13    4.79809e+14
          292.7    8.51412e+43    8.20411e+13    4.79493e+14
          292.8    8.61294e+43    8.20339e+13    4.79178e+14
          292.9    8.71289e+43    8.20268e+13    4.78864e+14
            293    8.81396e+43    8.20196e+13    4.78549e+14
          293.1    8.91617e+43    8.20124e+13    4.78235e+14
          293.2    9.01955e+43    8.20053e+13    4.77921e+14
          293.3    9.12409e+43    8.19981e+13    4.77608e+14
          293.4    9.22981e+43    8.19909e+13    4.77294e+14
          293.5    9.33673e+43    8.19837e+13    4.76981e+14
          293.6    9.44486e+43    8.19766e+13    4.76669e+14
          293.7    9.55421e+43    8.19694e+13    4.76356e+14
          293.8     9.6648e+43    8.19622e+13    4.76044e+14
          293.9    9.77663e+43     8.1955e+13    4.75732e+14
            294    9.88973e+43    8.19479e+13    4.75421e+14
          294.1    1.00041e+44    8.19407e+13    4.75109e+14
          294.2    1.01198e+44    8.19335e+13    4.74798e+14
          294.3    1.02367e+44    8.19263e+13    4.74488e+14
          294.4     1.0355e+44    8.19191e+13    4.74177e+14
          294.5    1.04746e+44    8.19119e+13    4.73867e+14
          294.6    1.05956e+44    8.19048e+13    4.73557e+14
          294.7    1.07179e+44    8.18976e+13    4.73247e+14
          294.8    1.08416e+44    8.18904e+13    4.72938e+14
          294.9    1.09667e+44    8.18832e+13    4.72629e+14
            295    1.10933e+44     8.1876e+13     4.7232e+14
          295.1    1.12212e+44    8.18688e+13    4.72011e+14
          295.2    1.13506e+44    8.18616e+13    4.71703e+14
          295.3    1.14814e+44    8.18544e+13    4.71395e+14
          295.4    1.16137e+44    8.18472e+13    4.71087e+14
          295.5    1.17475e+44      8.184e+13     4.7078e+14
          295.6    1.18828e+44    8.18328e+13    4.70473e+14
          295.7    1.20196e+44    8.18256e+13    4.70166e+14
          295.8    1.21579e+44    8.18184e+13    4.69859e+14
          295.9    1.22978e+44    8.18112e+13    4.69553e+14
            296    1.24393e+44     8.1804e+13    4.69247e+14
          296.1    1.25823e+44    8.17968e+13    4.68941e+14
          296.2     1.2727e+44    8.17896e+13    4.68635e+14
          296.3    1.28733e+44    8.17824e+13     4.6833e+14
          296.4    1.30212e+44    8.17752e+13    4.68025e+14
          296.5    1.31708e+44     8.1768e+13     4.6772e+14
          296.6    1.33221e+44    8.17608e+13    4.67416e+14
          296.7     1.3475e+44    8.17536e+13    4.67112e+14
          296.8    1.36297e+44    8.17464e+13    4.66808e+14
          296.9    1.37861e+44    8.17392e+13    4.66504e+14
            297    1.39443e+44     8.1732e+13    4.66201e+14
          297.1    1.41042e+44    8.17247e+13    4.65898e+14
          297.2    1.42659e+44    8.17175e+13    4.65595e+14
          297.3    1.44294e+44    8.17103e+13    4.65292e+14
          297.4    1.45948e+44    8.17031e+13     4.6499e+14
          297.5     1.4762e+44    8.16959e+13    4.64688e+14
          297.6     1.4931e+44    8.16886e+13    4.64386e+14
          297.7     1.5102e+44    8.16814e+13    4.64084e+14
          297.8    1.52748e+44    8.16742e+13    4.63783e+14
          297.9    1.54496e+44     8.1667e+13    4.63482e+14
            298    1.56264e+44    8.16598e+13    4.63182e+14
          298.1    1.58051e+44    8.16525e+13    4.62881e+14
          298.2    1.59858e+44    8.16453e+13    4.62581e+14
          298.3    1.61685e+44    8.16381e+13    4.62281e+14
          298.4    1.63533e+44    8.16308e+13    4.61981e+14
          298.5    1.65401e+44    8.16236e+13    4.61682e+14
          298.6     1.6729e+44    8.16164e+13    4.61383e+14
          298.7    1.69201e+44    8.16091e+13    4.61084e+14
          298.8    1.71132e+44    8.16019e+13    4.60785e+14
          298.9    1.73085e+44    8.15947e+13    4.60487e+14
            299     1.7506e+44    8.15874e+13    4.60189e+14
          299.1    1.77056e+44    8.15802e+13    4.59891e+14
          299.2    1.79075e+44     8.1573e+13    4.59594e+14
          299.3    1.81117e+44    8.15657e+13    4.59296e+14
          299.4    1.83181e+44    8.15585e+13    4.58999e+14
          299.5    1.85268e+44    8.15513e+13    4.58703e+14
          299.6    1.87378e+44     8.1544e+13    4.58406e+14
          299.7    1.89511e+44    8.15368e+13     4.5811e+14
          299.8    1.91669e+44    8.15295e+13    4.57814e+14
          299.9     1.9385e+44    8.15223e+13    4.57518e+14
            300    1.96055e+44     8.1515e+13    4.57223e+14
          300.1    1.98285e+44    8.15078e+13    4.56927e+14
          300.2     2.0054e+44    8.15005e+13    4.56633e+14
          300.3     2.0282e+44    8.14933e+13    4.56338e+14
          300.4    2.05125e+44     8.1486e+13    4.56043e+14
          300.5    2.07456e+44    8.14788e+13    4.55749e+14
          300.6    2.09812e+44    8.14715e+13    4.55455e+14
          300.7    2.12195e+44    8.14643e+13    4.55162e+14
          300.8    2.14603e+44     8.1457e+13    4.54868e+14
          300.9    2.17039e+44    8.14498e+13    4.54575e+14
            301    2.19502e+44    8.14425e+13    4.54282e+14
          301.1    2.21992e+44    8.14353e+13     4.5399e+14
          301.2    2.24509e+44     8.1428e+13    4.53697e+14
          301.3    2.27054e+44    8.14207e+13    4.53405e+14
          301.4    2.29628e+44    8.14135e+13    4.53113e+14
          301.5    2.32229e+44    8.14062e+13    4.52822e+14
          301.6     2.3486e+44     8.1399e+13    4.52531e+14
          301.7     2.3752e+44    8.13917e+13    4.52239e+14
          301.8    2.40209e+44    8.13844e+13    4.51949e+14
          301.9    2.42928e+44    8.13772e+13    4.51658e+14
            302    2.45676e+44    8.13699e+13    4.51368e+14
          302.1    2.48455e+44    8.13626e+13    4.51078e+14
          302.2    2.51265e+44    8.13554e+13    4.50788e+14
          302.3    2.54106e+44    8.13481e+13    4.50498e+14
          302.4    2.56978e+44    8.13408e+13    4.50209e+14
          302.5    2.59882e+44    8.13336e+13     4.4992e+14
          302.6    2.62818e+44    8.13263e+13    4.49631e+14
          302.7    2.65786e+44     8.1319e+13    4.49343e+14
          302.8    2.68787e+44    8.13117e+13    4.49054e+14
          302.9    2.71821e+44    8.13045e+13    4.48766e+14
            303    2.74888e+44    8.12972e+13    4.48479e+14
          303.1    2.77989e+44    8.12899e+13    4.48191e+14
          303.2    2.81125e+44    8.12826e+13    4.47904e+14
          303.3    2.84294e+44    8.12754e+13    4.47617e+14
          303.4    2.87499e+44    8.12681e+13     4.4733e+14
          303.5    2.90739e+44    8.12608e+13    4.47043e+14
          303.6    2.94014e+44    8.12535e+13    4.46757e+14
          303.7    2.97326e+44    8.12462e+13    4.46471e+14
          303.8    3.00674e+44     8.1239e+13    4.46185e+14
          303.9    3.04059e+44    8.12317e+13      4.459e+14
            304     3.0748e+44    8.12244e+13    4.45615e+14
          304.1     3.1094e+44    8.12171e+13    4.45329e+14
          304.2    3.14437e+44    8.12098e+13    4.45045e+14
          304.3    3.17973e+44    8.12025e+13     4.4476e+14
          304.4    3.21547e+44    8.11952e+13    4.44476e+14
          304.5    3.25161e+44     8.1188e+13    4.44192e+14
          304.6    3.28815e+44    8.11807e+13    4.43908e+14
          304.7    3.32508e+44    8.11734e+13    4.43624e+14
          304.8    3.36242e+44    8.11661e+13    4.43341e+14
          304.9    3.40017e+44    8.11588e+13    4.43058e+14
            305    3.43833e+44    8.11515e+13    4.42775e+14
          305.1    3.47691e+44    8.11442e+13    4.42493e+14
          305.2    3.51591e+44    8.11369e+13     4.4221e+14
          305.3    3.55534e+44    8.11296e+13    4.41928e+14
          305.4     3.5952e+44    8.11223e+13    4.41647e+14
          305.5    3.63549e+44     8.1115e+13    4.41365e+14
          305.6    3.67623e+44    8.11077e+13    4.41084e+14
          305.7    3.71741e+44    8.11004e+13    4.40803e+14
          305.8    3.75904e+44    8.10931e+13    4.40522e+14
          305.9    3.80113e+44    8.10858e+13    4.40241e+14
            306    3.84368e+44    8.10785e+13    4.39961e+14
          306.1    3.88669e+44    8.10712e+13    4.39681e+14
          306.2    3.93017e+44    8.10639e+13    4.39401e+14
          306.3    3.97413e+44    8.10566e+13    4.39121e+14
          306.4    4.01856e+44    8.10493e+13    4.38842e+14
          306.5    4.06348e+44     8.1042e+13    4.38563e+14
          306.6    4.10889e+44    8.10347e+13    4.38284e+14
          306.7    4.15479e+44    8.10274e+13    4.38005e+14
          306.8     4.2012e+44    8.10201e+13    4.37727e+14
          306.9    4.24811e+44    8.10128e+13    4.37448e+14
            307    4.29553e+44    8.10055e+13     4.3717e+14
          307.1    4.34347e+44    8.09981e+13    4.36893e+14
          307.2    4.39193e+44    8.09908e+13    4.36615e+14
          307.3    4.44092e+44    8.09835e+13    4.36338e+14
          307.4    4.49044e+44    8.09762e+13    4.36061e+14
          307.5     4.5405e+44    8.09689e+13    4.35784e+14
          307.6     4.5911e+44    8.09616e+13    4.35508e+14
          307.7    4.64226e+44    8.09543e+13    4.35232e+14
          307.8    4.69397e+44    8.09469e+13    4.34956e+14
          307.9    4.74624e+44    8.09396e+13     4.3468e+14
            308    4.79908e+44    8.09323e+13    4.34404e+14
          308.1    4.85249e+44     8.0925e+13    4.34129e+14
          308.2    4.90649e+44    8.09177e+13    4.33854e+14
          308.3    4.96107e+44    8.09103e+13    4.33579e+14
          308.4    5.01624e+44     8.0903e+13    4.33304e+14
          308.5    5.07201e+44    8.08957e+13     4.3303e+14
          308.6    5.12839e+44    8.08884e+13    4.32756e+14
          308.7    5.18538e+44    8.08811e+13    4.32482e+14
          308.8    5.24298e+44    8.08737e+13    4.32208e+14
          308.9    5.30121e+44    8.08664e+13    4.31935e+14
            309    5.36007e+44    8.08591e+13    4.31662e+14
          309.1    5.41957e+44    8.08518e+13    4.31389e+14
          309.2    5.47971e+44    8.08444e+13    4.31116e+14
          309.3    5.54051e+44    8.08371e+13    4.30844e+14
          309.4    5.60196e+44    8.08298e+13    4.30571e+14
          309.5    5.66408e+44    8.08224e+13    4.30299e+14
          309.6    5.72686e+44    8.08151e+13    4.30028e+14
          309.7    5.79033e+44    8.08078e+13    4.29756e+14
          309.8    5.85449e+44    8.08004e+13    4.29485e+14
          309.9    5.91933e+44    8.07931e+13    4.29214e+14
            310    5.98488e+44    8.07858e+13    4.28943e+14
          310.1    6.05114e+44    8.07784e+13    4.28672e+14
          310.2    6.11811e+44    8.07711e+13    4.28402e+14
          310.3    6.18581e+44    8.07638e+13    4.28132e+14
          310.4    6.25423e+44    8.07564e+13    4.27862e+14
          310.5     6.3234e+44    8.07491e+13    4.27592e+14
          310.6    6.39331e+44    8.07418e+13    4.27323e+14
          310.7    6.46398e+44    8.07344e+13    4.27053e+14
          310.8     6.5354e+44    8.07271e+13    4.26784e+14
          310.9     6.6076e+44    8.07197e+13    4.26516e+14
            311    6.68058e+44    8.07124e+13    4.26247e+14
          311.1    6.75434e+44    8.07051e+13    4.25979e+14
          311.2     6.8289e+44    8.06977e+13    4.25711e+14
          311.3    6.90425e+44    8.06904e+13    4.25443e+14
          311.4    6.98043e+44     8.0683e+13    4.25175e+14
          311.5    7.05742e+44    8.06757e+13    4.24908e+14
          311.6    7.13524e+44    8.06683e+13    4.24641e+14
          311.7    7.21389e+44     8.0661e+13    4.24374e+14
          311.8    7.29339e+44    8.06537e+13    4.24107e+14
          311.9    7.37375e+44    8.06463e+13    4.23841e+14
            312    7.45497e+44     8.0639e+13    4.23575e+14
          312.1    7.53707e+44    8.06316e+13    4.23309e+14
          312.2    7.62004e+44    8.06243e+13    4.23043e+14
          312.3    7.70391e+44    8.06169e+13    4.22777e+14
          312.4    7.78868e+44    8.06096e+13    4.22512e+14
          312.5    7.87435e+44    8.06022e+13    4.22247e+14
          312.6    7.96095e+44    8.05949e+13    4.21982e+14
          312.7    8.04848e+44    8.05875e+13    4.21717e+14
          312.8    8.13694e+44    8.05802e+13    4.21453e+14
          312.9    8.22636e+44    8.05728e+13    4.21189e+14
            313    8.31673e+44    8.05655e+13    4.20925e+14
          313.1    8.40807e+44    8.05581e+13    4.20661e+14
          313.2    8.50039e+44    8.05507e+13    4.20397e+14
          313.3     8.5937e+44    8.05434e+13    4.20134e+14
          313.4    8.68801e+44     8.0536e+13    4.19871e+14
          313.5    8.78333e+44    8.05287e+13    4.19608e+14
          313.6    8.87966e+44    8.05213e+13    4.19346e+14
          313.7    8.97703e+44     8.0514e+13    4.19083e+14
          313.8    9.07544e+44    8.05066e+13    4.18821e+14
          313.9    9.17491e+44    8.04992e+13    4.18559e+14
            314    9.27544e+44    8.04919e+13    4.18297e+14
          314.1    9.37704e+44    8.04845e+13    4.18036e+14
          314.2    9.47972e+44    8.04772e+13    4.17775e+14
          314.3    9.58351e+44    8.04698e+13    4.17514e+14
          314.4     9.6884e+44    8.04624e+13    4.17253e+14
          314.5    9.79442e+44    8.04551e+13    4.16992e+14
          314.6    9.90156e+44    8.04477e+13    4.16732e+14
          314.7    1.00099e+45    8.04403e+13    4.16472e+14
          314.8    1.01193e+45     8.0433e+13    4.16212e+14
          314.9    1.02299e+45    8.04256e+13    4.15952e+14
            315    1.03417e+45    8.04182e+13    4.15692e+14
          315.1    1.04547e+45    8.04109e+13    4.15433e+14
          315.2    1.05689e+45    8.04035e+13    4.15174e+14
          315.3    1.06843e+45    8.03961e+13    4.14915e+14
          315.4    1.08009e+45    8.03888e+13    4.14657e+14
          315.5    1.09188e+45    8.03814e+13    4.14398e+14
          315.6    1.10379e+45     8.0374e+13     4.1414e+14
          315.7    1.11583e+45    8.03667e+13    4.13882e+14
          315.8      1.128e+45    8.03593e+13    4.13624e+14
          315.9     1.1403e+45    8.03519e+13    4.13367e+14
            316    1.15273e+45    8.03445e+13    4.13109e+14
          316.1    1.16529e+45    8.03372e+13    4.12852e+14
          316.2    1.17798e+45    8.03298e+13    4.12595e+14
          316.3    1.19081e+45    8.03224e+13    4.12339e+14
          316.4    1.20377e+45    8.03151e+13    4.12082e+14
          316.5    1.21688e+45    8.03077e+13    4.11826e+14
          316.6    1.23012e+45    8.03003e+13     4.1157e+14
          316.7     1.2435e+45    8.02929e+13    4.11314e+14
          316.8    1.25703e+45    8.02855e+13    4.11059e+14
          316.9     1.2707e+45    8.02782e+13    4.10803e+14
            317    1.28451e+45    8.02708e+13    4.10548e+14
          317.1    1.29847e+45    8.02634e+13    4.10293e+14
          317.2    1.31258e+45     8.0256e+13    4.10039e+14
          317.3    1.32683e+45    8.02487e+13    4.09784e+14
          317.4    1.34124e+45    8.02413e+13     4.0953e+14
          317.5     1.3558e+45    8.02339e+13    4.09276e+14
          317.6    1.37052e+45    8.02265e+13    4.09022e+14
          317.7    1.38539e+45    8.02191e+13    4.08768e+14
          317.8    1.40042e+45    8.02117e+13    4.08515e+14
          317.9    1.41561e+45    8.02044e+13    4.08262e+14
            318    1.43096e+45     8.0197e+13    4.08009e+14
          318.1    1.44647e+45    8.01896e+13    4.07756e+14
          318.2    1.46214e+45    8.01822e+13    4.07503e+14
          318.3    1.47798e+45    8.01748e+13    4.07251e+14
          318.4    1.49399e+45    8.01674e+13    4.06999e+14
          318.5    1.51017e+45    8.01601e+13    4.06747e+14
          318.6    1.52652e+45    8.01527e+13    4.06495e+14
          318.7    1.54304e+45    8.01453e+13    4.06244e+14
          318.8    1.55973e+45    8.01379e+13    4.05992e+14
          318.9     1.5766e+45    8.01305e+13    4.05741e+14
            319    1.59365e+45    8.01231e+13     4.0549e+14
          319.1    1.61088e+45    8.01157e+13     4.0524e+14
          319.2    1.62829e+45    8.01083e+13    4.04989e+14
          319.3    1.64589e+45     8.0101e+13    4.04739e+14
          319.4    1.66367e+45    8.00936e+13    4.04489e+14
          319.5    1.68164e+45    8.00862e+13    4.04239e+14
          319.6    1.69979e+45    8.00788e+13    4.03989e+14
          319.7    1.71814e+45    8.00714e+13     4.0374e+14
          319.8    1.73668e+45     8.0064e+13    4.03491e+14
          319.9    1.75542e+45    8.00566e+13    4.03242e+14
            320    1.77435e+45    8.00492e+13    4.02993e+14
    E, kcal/mol    D, mol/kcal         W2->W1         W2->P2
            0.1    2.72711e+24              0    4.67915e+12
            0.2    2.85997e+24              0    4.67117e+12
            0.3    2.99908e+24              0     4.6632e+12
            0.4    3.14473e+24              0    4.65524e+12
            0.5    3.29722e+24              0    4.64729e+12
            0.6    3.45686e+24              0    4.63934e+12
            0.7    3.62396e+24              0     4.6314e+12
            0.8    3.79888e+24              0    4.62347e+12
            0.9    3.98196e+24              0    4.61554e+12
              1    4.17357e+24              0    4.60762e+12
            1.1     4.3741e+24              0    4.59971e+12
            1.2    4.58393e+24              0     4.5918e+12
            1.3    4.80351e+24              0    4.58391e+12
            1.4    5.03325e+24              0    4.57602e+12
            1.5    5.27361e+24    4.79967e-08    4.56814e+12
            1.6    5.52507e+24    1.52867e-07    4.56027e+12
            1.7    5.78813e+24    3.70867e-07     4.5524e+12
            1.8    6.06329e+24    7.72533e-07    4.54454e+12
            1.9    6.35111e+24    1.43427e-06     4.5367e+12
              2    6.65214e+24    2.45386e-06    4.52886e+12
            2.1    6.96696e+24    3.94984e-06    4.52103e+12
            2.2    7.29619e+24    6.10547e-06     4.5132e+12
            2.3    7.64047e+24    9.06902e-06    4.50539e+12
            2.4    8.00045e+24    1.30803e-05    4.49758e+12
            2.5    8.37684e+24    1.84831e-05    4.48979e+12
            2.6    8.77036e+24     2.5523e-05      4.482e+12
            2.7    9.18175e+24    3.46921e-05    4.47422e+12
            2.8    9.61181e+24    4.63954e-05    4.46645e+12
            2.9    1.00613e+25    6.11914e-05    4.45869e+12
              3    1.05312e+25    7.96599e-05    4.45094e+12
            3.1    1.10223e+25      0.0001025     4.4432e+12
            3.2    1.15356e+25    0.000130482    4.43547e+12
            3.3    1.20719e+25    0.000164424    4.42775e+12
            3.4    1.26324e+25    0.000205377    4.42004e+12
            3.5    1.32181e+25    0.000254432    4.41233e+12
            3.6      1.383e+25    0.000312777    4.40464e+12
            3.7    1.44693e+25    0.000381843    4.39696e+12
            3.8    1.51372e+25    0.000463094    4.38928e+12
            3.9     1.5835e+25    0.000558144    4.38162e+12
              4    1.65638e+25    0.000668872    4.37397e+12
            4.1    1.73251e+25    0.000797241    4.36632e+12
            4.2    1.81203e+25     0.00094542    4.35869e+12
            4.3    1.89508e+25     0.00111584    4.35107e+12
            4.4     1.9818e+25     0.00131109    4.34345e+12
            4.5    2.07237e+25     0.00153414    4.33585e+12
            4.6    2.16695e+25     0.00178799    4.32826e+12
            4.7     2.2657e+25      0.0020762    4.32068e+12
            4.8     2.3688e+25     0.00240243    4.31311e+12
            4.9    2.47644e+25     0.00277061    4.30555e+12
              5    2.58882e+25     0.00318523      4.298e+12
            5.1    2.70613e+25     0.00365091    4.29046e+12
            5.2    2.82858e+25     0.00417279    4.28293e+12
            5.3    2.95639e+25     0.00475643    4.27541e+12
            5.4     3.0898e+25     0.00540731     4.2679e+12
            5.5    3.22903e+25     0.00613066    4.26041e+12
            5.6    3.37433e+25      0.0069346    4.25292e+12
            5.7    3.52596e+25     0.00782659    4.24545e+12
            5.8    3.68418e+25     0.00881464    4.23799e+12
            5.9    3.84927e+25     0.00990713    4.23053e+12
              6    4.02152e+25      0.0111133    4.22309e+12
            6.1    4.20123e+25      0.0124429    4.21566e+12
            6.2    4.38871e+25      0.0139063    4.20824e+12
            6.3     4.5843e+25       0.015515    4.20084e+12
            6.4    4.78831e+25      0.0172807    4.19344e+12
            6.5    5.00112e+25      0.0192163    4.18606e+12
            6.6    5.22307e+25      0.0213355    4.17868e+12
            6.7    5.45457e+25      0.0236526    4.17132e+12
            6.8    5.69599e+25      0.0261832    4.16397e+12
            6.9    5.94776e+25      0.0289437    4.15663e+12
              7    6.21029e+25      0.0319514     4.1493e+12
            7.1    6.48405e+25       0.035225    4.14199e+12
            7.2    6.76948e+25       0.038784    4.13468e+12
            7.3    7.06708e+25      0.0426493    4.12739e+12
            7.4    7.37735e+25       0.046843    4.12011e+12
            7.5     7.7008e+25      0.0513885    4.11284e+12
            7.6    8.03797e+25      0.0563105    4.10558e+12
            7.7    8.38944e+25      0.0616352    4.09833e+12
            7.8    8.75579e+25      0.0673902     4.0911e+12
            7.9    9.13763e+25      0.0736046    4.08388e+12
              8    9.53558e+25      0.0803093    4.07666e+12
            8.1    9.95032e+25      0.0875369    4.06947e+12
            8.2    1.03825e+26      0.0953215    4.06228e+12
            8.3    1.08329e+26       0.103699     4.0551e+12
            8.4    1.13022e+26       0.112708    4.04794e+12
            8.5    1.17912e+26       0.122388    4.04079e+12
            8.6    1.23006e+26       0.132782    4.03365e+12
            8.7    1.28314e+26       0.143933    4.02652e+12
            8.8    1.33843e+26       0.155889     4.0194e+12
            8.9    1.39603e+26       0.168697     4.0123e+12
              9    1.45604e+26        0.18241    4.00521e+12
            9.1    1.51854e+26       0.197081    3.99813e+12
            9.2    1.58363e+26       0.212766    3.99106e+12
            9.3    1.65143e+26       0.229525      3.984e+12
            9.4    1.72204e+26        0.24742    3.97696e+12
            9.5    1.79558e+26       0.266516    3.96993e+12
            9.6    1.87215e+26       0.286881    3.96291e+12
            9.7    1.95189e+26       0.308585     3.9559e+12
            9.8    2.03491e+26       0.331704    3.94891e+12
            9.9    2.12136e+26       0.356316    3.94192e+12
             10    2.21136e+26         0.3825    3.93495e+12
           10.1    2.30506e+26       0.410344    3.92799e+12
           10.2    2.40261e+26       0.439935    3.92105e+12
           10.3    2.50415e+26       0.471365    3.91411e+12
           10.4    2.60985e+26       0.504732    3.90719e+12
           10.5    2.71987e+26       0.540137    3.90028e+12
           10.6    2.83438e+26       0.577684    3.89338e+12
           10.7    2.95357e+26       0.617483     3.8865e+12
           10.8     3.0776e+26       0.659649    3.87963e+12
           10.9    3.20668e+26       0.704299    3.87277e+12
             11    3.34101e+26       0.751559    3.86592e+12
           11.1    3.48079e+26       0.801556    3.85908e+12
           11.2    3.62623e+26       0.854424    3.85226e+12
           11.3    3.77756e+26       0.910304    3.84545e+12
           11.4      3.935e+26        0.96934    3.83865e+12
           11.5     4.0988e+26        1.03168    3.83186e+12
           11.6    4.26921e+26        1.09749    3.82508e+12
           11.7    4.44648e+26        1.16692    3.81832e+12
           11.8    4.63088e+26        1.24015    3.81157e+12
           11.9    4.82269e+26        1.31734    3.80483e+12
             12    5.02219e+26        1.39869    3.79811e+12
           12.1     5.2297e+26        1.48438     3.7914e+12
           12.2     5.4455e+26         1.5746    3.78469e+12
           12.3    5.66994e+26        1.66956    3.77801e+12
           12.4    5.90333e+26        1.76948    3.77133e+12
           12.5    6.14603e+26        1.87456    3.76467e+12
           12.6    6.39841e+26        1.98503    3.75802e+12
           12.7    6.66082e+26        2.10113    3.75138e+12
           12.8    6.93365e+26         2.2231    3.74475e+12
           12.9    7.21732e+26        2.35118    3.73814e+12
             13    7.51223e+26        2.48565    3.73153e+12
           13.1    7.81882e+26        2.62676    3.72494e+12
           13.2    8.13753e+26         2.7748    3.71837e+12
           13.3    8.46883e+26        2.93005     3.7118e+12
           13.4     8.8132e+26        3.09281    3.70525e+12
           13.5    9.17113e+26        3.26338    3.69871e+12
           13.6    9.54316e+26        3.44208    3.69218e+12
           13.7     9.9298e+26        3.62924    3.68566e+12
           13.8    1.03316e+27         3.8252    3.67916e+12
           13.9    1.07492e+27         4.0303    3.67267e+12
             14    1.11832e+27         4.2449    3.66619e+12
           14.1    1.16341e+27        4.46938    3.65973e+12
           14.2    1.21026e+27        4.70413    3.65327e+12
           14.3    1.25894e+27        4.94952    3.64683e+12
           14.4    1.30952e+27        5.20598     3.6404e+12
           14.5    1.36207e+27        5.47392    3.63398e+12
           14.6    1.41666e+27        5.75378    3.62758e+12
           14.7    1.47338e+27        6.04601    3.62119e+12
           14.8    1.53229e+27        6.35105     3.6148e+12
           14.9    1.59349e+27         6.6694    3.60844e+12
             15    1.65705e+27        7.00153    3.60208e+12
           15.1    1.72308e+27        7.34795    3.59574e+12
           15.2    1.79165e+27        7.70918    3.58941e+12
           15.3    1.86287e+27        8.08574    3.58309e+12
           15.4    1.93683e+27         8.4782    3.57678e+12
           15.5    2.01364e+27        8.88711    3.57049e+12
           15.6     2.0934e+27        9.31305     3.5642e+12
           15.7    2.17622e+27        9.75663    3.55793e+12
           15.8    2.26222e+27        10.2184    3.55167e+12
           15.9    2.35151e+27        10.6991    3.54543e+12
             16    2.44422e+27        11.1994     3.5392e+12
           16.1    2.54047e+27        11.7198    3.53297e+12
           16.2     2.6404e+27        12.2611    3.52676e+12
           16.3    2.74413e+27        12.8239    3.52057e+12
           16.4    2.85182e+27        13.4091    3.51438e+12
           16.5     2.9636e+27        14.0173    3.50821e+12
           16.6    3.07963e+27        14.6494    3.50205e+12
           16.7    3.20007e+27         15.306     3.4959e+12
           16.8    3.32507e+27         15.988    3.48976e+12
           16.9     3.4548e+27        16.6963    3.48364e+12
             17    3.58945e+27        17.4316    3.47753e+12
           17.1    3.72917e+27        18.1949    3.47143e+12
           17.2    3.87418e+27         18.987    3.46534e+12
           17.3    4.02464e+27        19.8088    3.45926e+12
           17.4    4.18078e+27        20.6613     3.4532e+12
           17.5    4.34278e+27        21.5423    3.44715e+12
           17.6    4.51088e+27         22.454    3.44111e+12
           17.7    4.68528e+27         23.399    3.43508e+12
           17.8    4.86622e+27        24.3783    3.42906e+12
           17.9    5.05393e+27         25.393    3.42306e+12
             18    5.24866e+27         26.444    3.41706e+12
           18.1    5.45067e+27        27.5326    3.41108e+12
           18.2    5.66022e+27        28.6597    3.40512e+12
           18.3    5.87758e+27        29.8266    3.39916e+12
           18.4    6.10303e+27        31.0344    3.39321e+12
           18.5    6.33687e+27        32.2844    3.38728e+12
           18.6    6.57939e+27        33.5777    3.38136e+12
           18.7    6.83092e+27        34.9157    3.37545e+12
           18.8    7.09177e+27        36.2996    3.36955e+12
           18.9    7.36227e+27        37.7307    3.36367e+12
             19    7.64279e+27        39.2103    3.35779e+12
           19.1    7.93367e+27          40.74    3.35193e+12
           19.2    8.23528e+27         42.321    3.34608e+12
           19.3    8.54801e+27        43.9548    3.34024e+12
           19.4    8.87226e+27        45.6429    3.33442e+12
           19.5    9.20844e+27        47.3867     3.3286e+12
           19.6    9.55697e+27        49.1879     3.3228e+12
           19.7    9.91829e+27         51.048    3.31701e+12
           19.8    1.02929e+28        52.9686    3.31123e+12
           19.9    1.06811e+28        54.9514    3.30546e+12
             20    1.10836e+28         56.998     3.2997e+12
           20.1    1.15008e+28        59.1101    3.29396e+12
           20.2    1.19333e+28        61.2895    3.28823e+12
           20.3    1.23815e+28         63.538    3.28251e+12
           20.4     1.2846e+28        65.8574     3.2768e+12
           20.5    1.33275e+28        68.2496     3.2711e+12
           20.6    1.38264e+28        70.7165    3.26541e+12
           20.7    1.43434e+28        73.2599    3.25973e+12
           20.8    1.48792e+28         75.882    3.25407e+12
           20.9    1.54345e+28        78.5846    3.24842e+12
             21    1.60098e+28          81.37    3.24278e+12
           21.1    1.66059e+28        84.2401    3.23715e+12
           21.2    1.72235e+28        87.1972    3.23153e+12
           21.3    1.78635e+28        90.2434    3.22592e+12
           21.4    1.85264e+28        93.3809    3.22033e+12
           21.5    1.92133e+28        96.6121    3.21475e+12
           21.6    1.99248e+28        99.9393    3.20917e+12
           21.7     2.0662e+28        103.365    3.20361e+12
           21.8    2.14255e+28        106.891    3.19806e+12
           21.9    2.22165e+28         110.52    3.19253e+12
             22    2.30357e+28        114.255      3.187e+12
           22.1    2.38843e+28        118.099    3.18148e+12
           22.2    2.47632e+28        122.053    3.17598e+12
           22.3    2.56735e+28        126.121    3.17049e+12
           22.4    2.66162e+28        130.305      3.165e+12
           22.5    2.75925e+28        134.608    3.15953e+12
           22.6    2.86035e+28        139.033    3.15407e+12
           22.7    2.96505e+28        143.582    3.14863e+12
           22.8    3.07347e+28        148.259    3.14319e+12
           22.9    3.18573e+28        153.067    3.13776e+12
             23    3.30197e+28        158.008    3.13235e+12
           23.1    3.42233e+28        163.086    3.12694e+12
           23.2    3.54694e+28        168.303    3.12155e+12
           23.3    3.67596e+28        173.663    3.11617e+12
           23.4    3.80952e+28         179.17     3.1108e+12
           23.5     3.9478e+28        184.826    3.10544e+12
           23.6    4.09094e+28        190.635    3.10009e+12
           23.7    4.23912e+28          196.6    3.09475e+12
           23.8    4.39251e+28        202.724    3.08943e+12
           23.9    4.55128e+28        209.012    3.08411e+12
             24    4.71562e+28        215.467    3.07881e+12
           24.1    4.88572e+28        222.093    3.07351e+12
           24.2    5.06178e+28        228.892    3.06823e+12
           24.3    5.24398e+28         235.87    3.06296e+12
           24.4    5.43256e+28        243.029     3.0577e+12
           24.5    5.62771e+28        250.374    3.05245e+12
           24.6    5.82966e+28        257.909    3.04721e+12
           24.7    6.03865e+28        265.638    3.04198e+12
           24.8     6.2549e+28        273.565    3.03676e+12
           24.9    6.47867e+28        281.693    3.03156e+12
             25    6.71021e+28        290.028    3.02636e+12
           25.1    6.94978e+28        298.574    3.02117e+12
           25.2    7.19765e+28        307.334      3.016e+12
           25.3     7.4541e+28        316.315    3.01084e+12
           25.4    7.71941e+28        325.519    3.00568e+12
           25.5    7.99389e+28        334.951    3.00054e+12
           25.6    8.27784e+28        344.617    2.99541e+12
           25.7    8.57157e+28        354.521    2.99029e+12
           25.8    8.87542e+28        364.668    2.98517e+12
           25.9    9.18973e+28        375.063    2.98007e+12
             26    9.51483e+28         385.71    2.97498e+12
           26.1     9.8511e+28        396.615    2.96991e+12
           26.2    1.01989e+29        407.783    2.96484e+12
           26.3    1.05586e+29        419.219    2.95978e+12
           26.4    1.09306e+29        430.929    2.95473e+12
           26.5    1.13154e+29        442.917    2.94969e+12
           26.6    1.17133e+29        455.189    2.94467e+12
           26.7    1.21248e+29        467.751    2.93965e+12
           26.8    1.25503e+29        480.609    2.93464e+12
           26.9    1.29903e+29        493.767    2.92965e+12
             27    1.34452e+29        507.233    2.92466e+12
           27.1    1.39157e+29        521.011    2.91969e+12
           27.2    1.44021e+29        535.107    2.91472e+12
           27.3     1.4905e+29        549.529    2.90977e+12
           27.4    1.54249e+29        564.281    2.90482e+12
           27.5    1.59625e+29         579.37    2.89989e+12
           27.6    1.65182e+29        594.803    2.89497e+12
           27.7    1.70928e+29        610.585    2.89005e+12
           27.8    1.76867e+29        626.723    2.88515e+12
           27.9    1.83006e+29        643.224    2.88025e+12
             28    1.89353e+29        660.095    2.87537e+12
           28.1    1.95913e+29        677.342     2.8705e+12
           28.2    2.02693e+29        694.972    2.86564e+12
           28.3    2.09702e+29        712.991    2.86078e+12
           28.4    2.16945e+29        731.408    2.85594e+12
           28.5    2.24432e+29         750.23    2.85111e+12
           28.6    2.32169e+29        769.462    2.84629e+12
           28.7    2.40165e+29        789.114    2.84147e+12
           28.8    2.48429e+29        809.191    2.83667e+12
           28.9    2.56969e+29        829.703    2.83188e+12
             29    2.65793e+29        850.656    2.82709e+12
           29.1    2.74912e+29        872.058    2.82232e+12
           29.2    2.84334e+29        893.917    2.81756e+12
           29.3     2.9407e+29        916.241    2.81281e+12
           29.4    3.04129e+29        939.038    2.80806e+12
           29.5    3.14523e+29        962.316    2.80333e+12
           29.6    3.25261e+29        986.084    2.79861e+12
           29.7    3.36356e+29        1010.35    2.79389e+12
           29.8    3.47817e+29        1035.12    2.78919e+12
           29.9    3.59658e+29        1060.41    2.78449e+12
             30     3.7189e+29        1086.22    2.77981e+12
           30.1    3.84527e+29        1112.56    2.77513e+12
           30.2    3.97579e+29        1139.45    2.77047e+12
           30.3    4.11063e+29        1166.88    2.76581e+12
           30.4     4.2499e+29        1194.88    2.76117e+12
           30.5    4.39375e+29        1223.44    2.75653e+12
           30.6    4.54233e+29        1252.58    2.75191e+12
           30.7    4.69578e+29        1282.31    2.74729e+12
           30.8    4.85427e+29        1312.64    2.74268e+12
           30.9    5.01796e+29        1343.57    2.73808e+12
             31      5.187e+29        1375.12     2.7335e+12
           31.1    5.36157e+29         1407.3    2.72892e+12
           31.2    5.54185e+29        1440.11    2.72435e+12
           31.3    5.72801e+29        1473.58    2.71979e+12
           31.4    5.92025e+29         1507.7    2.71524e+12
           31.5    6.11874e+29        1542.48     2.7107e+12
           31.6     6.3237e+29        1577.95    2.70617e+12
           31.7    6.53533e+29        1614.11    2.70165e+12
           31.8    6.75383e+29        1650.96    2.69713e+12
           31.9    6.97943e+29        1688.53    2.69263e+12
             32    7.21234e+29        1726.82    2.68814e+12
           32.1     7.4528e+29        1765.84    2.68365e+12
           32.2    7.70105e+29        1805.61    2.67918e+12
           32.3    7.95733e+29        1846.14    2.67471e+12
           32.4    8.22188e+29        1887.43    2.67025e+12
           32.5    8.49498e+29         1929.5    2.66581e+12
           32.6    8.77689e+29        1972.37    2.66137e+12
           32.7    9.06788e+29        2016.03    2.65694e+12
           32.8    9.36823e+29        2060.52    2.65252e+12
           32.9    9.67825e+29        2105.83    2.64811e+12
             33    9.99824e+29        2151.98    2.64371e+12
           33.1    1.03285e+30        2198.99    2.63932e+12
           33.2    1.06693e+30        2246.86    2.63493e+12
           33.3    1.10211e+30        2295.61    2.63056e+12
           33.4    1.13842e+30        2345.25    2.62619e+12
           33.5    1.17588e+30         2395.8    2.62184e+12
           33.6    1.21454e+30        2447.27    2.61749e+12
           33.7    1.25444e+30        2499.66    2.61315e+12
           33.8    1.29561e+30        2553.01    2.60882e+12
           33.9    1.33809e+30        2607.31     2.6045e+12
             34    1.38193e+30        2662.58    2.60019e+12
           34.1    1.42715e+30        2718.84    2.59589e+12
           34.2    1.47382e+30         2776.1     2.5916e+12
           34.3    1.52197e+30        2834.38    2.58731e+12
           34.4    1.57165e+30        2893.69    2.58304e+12
           34.5     1.6229e+30        2954.04    2.57877e+12
           34.6    1.67577e+30        3015.45    2.57451e+12
           34.7    1.73032e+30        3077.93    2.57026e+12
           34.8    1.78659e+30        3141.51    2.56602e+12
           34.9    1.84464e+30        3206.18    2.56179e+12
             35    1.90452e+30        3271.98    2.55757e+12
           35.1    1.96629e+30        3338.91    2.55335e+12
           35.2    2.03001e+30           3407    2.54915e+12
           35.3    2.09573e+30        3476.25    2.54495e+12
           35.4    2.16351e+30        3546.68    2.54076e+12
           35.5    2.23343e+30        3618.31    2.53658e+12
           35.6    2.30554e+30        3691.16    2.53241e+12
           35.7    2.37991e+30        3765.24    2.52825e+12
           35.8    2.45662e+30        3840.57     2.5241e+12
           35.9    2.53572e+30        3917.16    2.51995e+12
             36     2.6173e+30        3995.04    2.51582e+12
           36.1    2.70142e+30        4074.21    2.51169e+12
           36.2    2.78818e+30         4154.7    2.50757e+12
           36.3    2.87764e+30        4236.53    2.50346e+12
           36.4    2.96989e+30        4319.71    2.49936e+12
           36.5    3.06501e+30        4404.25    2.49526e+12
           36.6    3.16309e+30        4490.19    2.49118e+12
           36.7    3.26422e+30        4577.53     2.4871e+12
           36.8    3.36848e+30         4666.3    2.48303e+12
           36.9    3.47599e+30        4756.51    2.47897e+12
             37    3.58683e+30        4848.18    2.47492e+12
           37.1     3.7011e+30        4941.33    2.47088e+12
           37.2     3.8189e+30        5035.98    2.46684e+12
           37.3    3.94035e+30        5132.15    2.46282e+12
           37.4    4.06556e+30        5229.86     2.4588e+12
           37.5    4.19462e+30        5329.12    2.45479e+12
           37.6    4.32767e+30        5429.97    2.45079e+12
           37.7    4.46482e+30        5532.41    2.44679e+12
           37.8    4.60618e+30        5636.46    2.44281e+12
           37.9     4.7519e+30        5742.16    2.43883e+12
             38     4.9021e+30        5849.51    2.43486e+12
           38.1     5.0569e+30        5958.55     2.4309e+12
           38.2    5.21646e+30        6069.28    2.42695e+12
           38.3    5.38091e+30        6181.74      2.423e+12
           38.4    5.55039e+30        6295.93    2.41907e+12
           38.5    5.72506e+30        6411.89    2.41514e+12
           38.6    5.90507e+30        6529.64    2.41122e+12
           38.7    6.09058e+30        6649.19     2.4073e+12
           38.8    6.28175e+30        6770.57     2.4034e+12
           38.9    6.47875e+30         6893.8     2.3995e+12
             39    6.68175e+30        7018.91    2.39562e+12
           39.1    6.89093e+30        7145.91    2.39173e+12
           39.2    7.10648e+30        7274.84    2.38786e+12
           39.3    7.32857e+30         7405.7      2.384e+12
           39.4    7.55741e+30        7538.04    2.38014e+12
           39.5    7.79319e+30        7671.87    2.37629e+12
           39.6    8.03612e+30        7807.69    2.37245e+12
           39.7     8.2864e+30        7945.51    2.36862e+12
           39.8    8.54426e+30        8085.36    2.36479e+12
           39.9    8.80992e+30        8227.26    2.36098e+12
             40     9.0836e+30        8371.24    2.35717e+12
           40.1    9.36554e+30        8517.33    2.35337e+12
           40.2    9.65598e+30        8665.53    2.34957e+12
           40.3    9.95518e+30        8815.89    2.34579e+12
           40.4    1.02634e+31        8968.41    2.34201e+12
           40.5    1.05809e+31        9123.14    2.33824e+12
           40.6    1.09079e+31        9280.09    2.33448e+12
           40.7    1.12447e+31        9439.29    2.33072e+12
           40.8    1.15917e+31        9600.76    2.32697e+12
           40.9     1.1949e+31        9764.54    2.32323e+12
             41    1.23171e+31        9930.63     2.3195e+12
           41.1    1.26961e+31        10099.1    2.31578e+12
           41.2    1.30865e+31        10269.9    2.31206e+12
           41.3    1.34886e+31        10443.1    2.30835e+12
           41.4    1.39027e+31        10618.8    2.30465e+12
           41.5    1.43291e+31        10796.9    2.30096e+12
           41.6    1.47682e+31        10977.5    2.29727e+12
           41.7    1.52204e+31        11160.6    2.29359e+12
           41.8    1.56861e+31        11346.3    2.28992e+12
           41.9    1.61656e+31        11534.5    2.28625e+12
             42    1.66593e+31        11725.3     2.2826e+12
           42.1    1.71677e+31        11918.8    2.27895e+12
           42.2    1.76912e+31        12114.9    2.27531e+12
           42.3    1.82302e+31        12313.6    2.27167e+12
           42.4    1.87852e+31        12515.1    2.26805e+12
           42.5    1.93565e+31        12719.3    2.26443e+12
           42.6    1.99448e+31        12926.3    2.26081e+12
           42.7    2.05504e+31        13136.1    2.25721e+12
           42.8    2.11739e+31        13348.7    2.25361e+12
           42.9    2.18158e+31        13564.1    2.25002e+12
             43    2.24766e+31        13782.5    2.24644e+12
           43.1    2.31568e+31        14003.7    2.24286e+12
           43.2    2.38571e+31        14227.9    2.23929e+12
           43.3    2.45779e+31        14455.1    2.23573e+12
           43.4    2.53199e+31        14685.3    2.23218e+12
           43.5    2.60837e+31        14918.5    2.22863e+12
           43.6    2.68698e+31        15154.8    2.22509e+12
           43.7     2.7679e+31        15394.2    2.22156e+12
           43.8    2.85119e+31        15636.7    2.21804e+12
           43.9    2.93691e+31        15882.4    2.21452e+12
             44    3.02514e+31        16131.3    2.21101e+12
           44.1    3.11594e+31        16383.4     2.2075e+12
           44.2    3.20939e+31        16638.8    2.20401e+12
           44.3    3.30557e+31        16897.4    2.20052e+12
           44.4    3.40455e+31        17159.4    2.19704e+12
           44.5    3.50641e+31        17424.8    2.19356e+12
           44.6    3.61123e+31        17693.6    2.19009e+12
           44.7    3.71909e+31        17965.8    2.18663e+12
           44.8    3.83009e+31        18241.4    2.18318e+12
           44.9     3.9443e+31        18520.5    2.17973e+12
             45    4.06183e+31        18803.2    2.17629e+12
           45.1    4.18276e+31        19089.5    2.17285e+12
           45.2    4.30719e+31        19379.3    2.16943e+12
           45.3    4.43521e+31        19672.8    2.16601e+12
           45.4    4.56694e+31        19969.9     2.1626e+12
           45.5    4.70247e+31        20270.8    2.15919e+12
           45.6    4.84191e+31        20575.4    2.15579e+12
           45.7    4.98536e+31        20883.8     2.1524e+12
           45.8    5.13295e+31        21194.4    2.14901e+12
           45.9    5.28479e+31        21508.4    2.14564e+12
             46    5.44099e+31        21826.2    2.14226e+12
           46.1    5.60167e+31        22147.9     2.1389e+12
           46.2    5.76697e+31        22473.5    2.13554e+12
           46.3    5.93701e+31        22803.1    2.13219e+12
           46.4    6.11193e+31        23136.7    2.12884e+12
           46.5    6.29185e+31        23474.2    2.12551e+12
           46.6    6.47693e+31        23815.9    2.12218e+12
           46.7    6.66729e+31        24161.6    2.11885e+12
           46.8    6.86309e+31        24511.5    2.11553e+12
           46.9    7.06449e+31        24865.5    2.11222e+12
             47    7.27162e+31        25223.8    2.10892e+12
           47.1    7.48466e+31        25586.3    2.10562e+12
           47.2    7.70377e+31        25953.1    2.10233e+12
           47.3    7.92911e+31        26324.2    2.09904e+12
           47.4    8.16086e+31        26699.7    2.09577e+12
           47.5     8.3992e+31        27079.6     2.0925e+12
           47.6     8.6443e+31        27463.9    2.08923e+12
           47.7    8.89635e+31        27852.7    2.08597e+12
           47.8    9.15555e+31        28246.1    2.08272e+12
           47.9    9.42209e+31          28644    2.07948e+12
             48    9.69618e+31        29046.6    2.07624e+12
           48.1    9.97801e+31        29453.8      2.073e+12
           48.2    1.02678e+32        29865.6    2.06978e+12
           48.3    1.05658e+32        30282.2    2.06656e+12
           48.4    1.08722e+32        30703.6    2.06335e+12
           48.5    1.11872e+32        31129.8    2.06014e+12
           48.6    1.15111e+32        31560.9    2.05694e+12
           48.7    1.18441e+32        31996.9    2.05375e+12
           48.8    1.21865e+32        32437.8    2.05056e+12
           48.9    1.25385e+32        32883.7    2.04738e+12
             49    1.29004e+32        33334.6     2.0442e+12
           49.1    1.32724e+32        33790.6    2.04103e+12
           49.2    1.36549e+32        34251.7    2.03787e+12
           49.3    1.40481e+32          34718    2.03472e+12
           49.4    1.44523e+32        35189.5    2.03157e+12
           49.5    1.48677e+32        35666.2    2.02842e+12
           49.6    1.52949e+32        36148.3    2.02529e+12
           49.7    1.57339e+32        36635.7    2.02216e+12
           49.8    1.61852e+32        37128.4    2.01903e+12
           49.9    1.66491e+32        37626.6    2.01592e+12
             50    1.71259e+32        38130.3     2.0128e+12
           50.1     1.7616e+32        38639.5     2.0097e+12
           50.2    1.81197e+32        39154.3     2.0066e+12
           50.3    1.86374e+32        39674.6     2.0035e+12
           50.4    1.91695e+32        40200.7    2.00042e+12
           50.5    1.97163e+32        40732.4    1.99734e+12
           50.6    2.02784e+32          41270    1.99426e+12
           50.7     2.0856e+32        41813.3    1.99119e+12
           50.8    2.14496e+32        42362.5    1.98813e+12
           50.9    2.20596e+32        42917.5    1.98507e+12
             51    2.26866e+32        43478.5    1.98202e+12
           51.1    2.33308e+32        44045.6    1.97898e+12
           51.2    2.39928e+32        44618.6    1.97594e+12
           51.3    2.46731e+32        45197.8    1.97291e+12
           51.4    2.53721e+32        45783.1    1.96988e+12
           51.5    2.60904e+32        46374.6    1.96686e+12
           51.6    2.68285e+32        46972.3    1.96384e+12
           51.7    2.75868e+32        47576.4    1.96084e+12
           51.8     2.8366e+32        48186.8    1.95783e+12
           51.9    2.91666e+32        48803.5    1.95484e+12
             52    2.99892e+32        49426.8    1.95185e+12
           52.1    3.08344e+32        50056.5    1.94886e+12
           52.2    3.17027e+32        50692.8    1.94588e+12
           52.3    3.25947e+32        51335.6    1.94291e+12
           52.4    3.35112e+32        51985.2    1.93994e+12
           52.5    3.44527e+32        52641.4    1.93698e+12
           52.6      3.542e+32        53304.4    1.93402e+12
           52.7    3.64136e+32        53974.2    1.93107e+12
           52.8    3.74344e+32        54650.8    1.92813e+12
           52.9     3.8483e+32        55334.4    1.92519e+12
             53    3.95602e+32        56024.9    1.92226e+12
           53.1    4.06666e+32        56722.5    1.91933e+12
           53.2    4.18032e+32        57427.1    1.91641e+12
           53.3    4.29706e+32        58138.9     1.9135e+12
           53.4    4.41698e+32        58857.9    1.91059e+12
           53.5    4.54015e+32        59584.1    1.90768e+12
           53.6    4.66666e+32        60317.6    1.90479e+12
           53.7     4.7966e+32        61058.4    1.90189e+12
           53.8    4.93005e+32        61806.7    1.89901e+12
           53.9    5.06712e+32        62562.4    1.89613e+12
             54    5.20789e+32        63325.6    1.89325e+12
           54.1    5.35247e+32        64096.4    1.89038e+12
           54.2    5.50094e+32        64874.9    1.88752e+12
           54.3    5.65343e+32          65661    1.88466e+12
           54.4    5.81002e+32        66454.9    1.88181e+12
           54.5    5.97083e+32        67256.6    1.87896e+12
           54.6    6.13597e+32        68066.1    1.87612e+12
           54.7    6.30555e+32        68883.6    1.87328e+12
           54.8    6.47969e+32          69709    1.87045e+12
           54.9    6.65851e+32        70542.5    1.86762e+12
             55    6.84213e+32          71384    1.86481e+12
           55.1    7.03067e+32        72233.7    1.86199e+12
           55.2    7.22426e+32        73091.7    1.85918e+12
           55.3    7.42304e+32        73957.9    1.85638e+12
           55.4    7.62713e+32        74832.4    1.85358e+12
           55.5    7.83668e+32        75715.3    1.85079e+12
           55.6    8.05183e+32        76606.7      1.848e+12
           55.7    8.27273e+32        77506.6    1.84522e+12
           55.8    8.49952e+32        78415.1    1.84245e+12
           55.9    8.73236e+32        79332.2    1.83968e+12
             56     8.9714e+32          80258    1.83691e+12
           56.1     9.2168e+32        81192.6    1.83415e+12
           56.2    9.46873e+32        82135.9     1.8314e+12
           56.3    9.72736e+32        83088.2    1.82865e+12
           56.4    9.99286e+32        84049.4     1.8259e+12
           56.5    1.02654e+33        85019.6    1.82317e+12
           56.6    1.05452e+33        85998.9    1.82043e+12
           56.7    1.08324e+33        86987.3    1.81771e+12
           56.8    1.11272e+33        87984.9    1.81498e+12
           56.9    1.14298e+33        88991.8    1.81227e+12
             57    1.17404e+33          90008    1.80955e+12
           57.1    1.20592e+33        91033.6    1.80685e+12
           57.2    1.23864e+33        92068.7    1.80415e+12
           57.3    1.27223e+33        93113.3    1.80145e+12
           57.4     1.3067e+33        94167.4    1.79876e+12
           57.5    1.34209e+33        95231.2    1.79607e+12
           57.6     1.3784e+33        96304.8    1.79339e+12
           57.7    1.41567e+33        97388.1    1.79072e+12
           57.8    1.45392e+33        98481.2    1.78805e+12
           57.9    1.49317e+33        99584.3    1.78538e+12
             58    1.53346e+33         100697    1.78272e+12
           58.1     1.5748e+33         101820    1.78007e+12
           58.2    1.61722e+33         102954    1.77742e+12
           58.3    1.66076e+33         104097    1.77478e+12
           58.4    1.70544e+33         105251    1.77214e+12
           58.5    1.75129e+33         106415     1.7695e+12
           58.6    1.79833e+33         107589    1.76687e+12
           58.7    1.84661e+33         108774    1.76425e+12
           58.8    1.89614e+33         109969    1.76163e+12
           58.9    1.94697e+33         111175    1.75902e+12
             59    1.99912e+33         112392    1.75641e+12
           59.1    2.05264e+33         113619     1.7538e+12
           59.2    2.10754e+33         114857    1.75121e+12
           59.3    2.16388e+33         116106    1.74861e+12
           59.4    2.22168e+33         117366    1.74602e+12
           59.5    2.28098e+33         118637    1.74344e+12
           59.6    2.34182e+33         119920    1.74086e+12
           59.7    2.40423e+33         121213    1.73829e+12
           59.8    2.46827e+33         122517    1.73572e+12
           59.9    2.53397e+33         123833    1.73315e+12
             60    2.60136e+33         125160    1.73059e+12
           60.1     2.6705e+33         126499    1.72804e+12
           60.2    2.74143e+33         127849    1.72549e+12
           60.3    2.81419e+33         129211    1.72295e+12
           60.4    2.88883e+33         130584    1.72041e+12
           60.5     2.9654e+33         131969    1.71787e+12
           60.6    3.04394e+33         133366    1.71534e+12
           60.7     3.1245e+33         134775    1.71282e+12
           60.8    3.20713e+33         136196     1.7103e+12
           60.9     3.2919e+33         137629    1.70778e+12
             61    3.37884e+33         139074    1.70527e+12
           61.1    3.46801e+33         140531    1.70276e+12
           61.2    3.55948e+33         142000    1.70026e+12
           61.3    3.65329e+33         143482    1.69777e+12
           61.4     3.7495e+33         144976    1.69528e+12
           61.5    3.84819e+33         146483    1.69279e+12
           61.6    3.94939e+33         148002    1.69031e+12
           61.7    4.05319e+33         149534    1.68783e+12
           61.8    4.15964e+33         151079    1.68536e+12
           61.9    4.26881e+33         152636    1.68289e+12
             62    4.38077e+33         154207    1.68043e+12
           62.1    4.49558e+33         155790    1.67797e+12
           62.2    4.61333e+33         157386    1.67551e+12
           62.3    4.73407e+33         158996    1.67307e+12
           62.4    4.85788e+33         160618    1.67062e+12
           62.5    4.98485e+33         162254    1.66818e+12
           62.6    5.11504e+33         163903    1.66575e+12
           62.7    5.24855e+33         165566    1.66332e+12
           62.8    5.38544e+33         167242    1.66089e+12
           62.9     5.5258e+33         168932    1.65847e+12
             63    5.66973e+33         170635    1.65605e+12
           63.1     5.8173e+33         172353    1.65364e+12
           63.2    5.96861e+33         174084    1.65123e+12
           63.3    6.12375e+33         175829    1.64883e+12
           63.4    6.28281e+33         177587    1.64643e+12
           63.5    6.44589e+33         179360    1.64404e+12
           63.6    6.61309e+33         181148    1.64165e+12
           63.7     6.7845e+33         182949    1.63926e+12
           63.8    6.96024e+33         184765    1.63688e+12
           63.9    7.14041e+33         186595    1.63451e+12
             64    7.32512e+33         188440    1.63213e+12
           64.1    7.51447e+33         190299    1.62977e+12
           64.2    7.70859e+33         192173     1.6274e+12
           64.3    7.90759e+33         194061    1.62505e+12
           64.4    8.11158e+33         195965    1.62269e+12
           64.5    8.32069e+33         197883    1.62034e+12
           64.6    8.53505e+33         199816      1.618e+12
           64.7    8.75478e+33         201765    1.61566e+12
           64.8    8.98002e+33         203728    1.61332e+12
           64.9    9.21089e+33         205707    1.61099e+12
             65    9.44754e+33         207701    1.60866e+12
           65.1     9.6901e+33         209711    1.60634e+12
           65.2    9.93872e+33         211736    1.60402e+12
           65.3    1.01935e+34         213777    1.60171e+12
           65.4    1.04547e+34         215833     1.5994e+12
           65.5    1.07224e+34         217905    1.59709e+12
           65.6    1.09968e+34         219993    1.59479e+12
           65.7     1.1278e+34         222097     1.5925e+12
           65.8    1.15662e+34         224217     1.5902e+12
           65.9    1.18615e+34         226353    1.58792e+12
             66    1.21642e+34         228506    1.58563e+12
           66.1    1.24745e+34         230674    1.58335e+12
           66.2    1.27924e+34         232859    1.58108e+12
           66.3    1.31182e+34         235061    1.57881e+12
           66.4     1.3452e+34         237279    1.57654e+12
           66.5    1.37942e+34         239513    1.57428e+12
           66.6    1.41448e+34         241765    1.57202e+12
           66.7     1.4504e+34         244033    1.56977e+12
           66.8    1.48722e+34         246318    1.56752e+12
           66.9    1.52494e+34         248620    1.56527e+12
             67     1.5636e+34         250940    1.56303e+12
           67.1    1.60321e+34         253276    1.56079e+12
           67.2    1.64379e+34         255630    1.55856e+12
           67.3    1.68538e+34         258001    1.55633e+12
           67.4    1.72798e+34         260390    1.55411e+12
           67.5    1.77164e+34         262796    1.55188e+12
           67.6    1.81637e+34         265220    1.54967e+12
           67.7     1.8622e+34         267661    1.54746e+12
           67.8    1.90915e+34         270121    1.54525e+12
           67.9    1.95726e+34         272598    1.54304e+12
             68    2.00654e+34         275094    1.54084e+12
           68.1    2.05704e+34         277607    1.53865e+12
           68.2    2.10877e+34         280139    1.53646e+12
           68.3    2.16176e+34         282689    1.53427e+12
           68.4    2.21605e+34         285257    1.53208e+12
           68.5    2.27167e+34         287844     1.5299e+12
           68.6    2.32864e+34         290450    1.52773e+12
           68.7    2.38701e+34         293074    1.52556e+12
           68.8     2.4468e+34         295717    1.52339e+12
           68.9    2.50805e+34         298379    1.52123e+12
             69    2.57079e+34         301060    1.51907e+12
           69.1    2.63505e+34         303760    1.51691e+12
           69.2    2.70088e+34         306479    1.51476e+12
           69.3    2.76831e+34         309218    1.51261e+12
           69.4    2.83738e+34         311976    1.51047e+12
           69.5    2.90813e+34         314753    1.50833e+12
           69.6    2.98059e+34         317550    1.50619e+12
           69.7    3.05481e+34         320366    1.50406e+12
           69.8    3.13083e+34         323203    1.50193e+12
           69.9    3.20868e+34         326059    1.49981e+12
             70    3.28843e+34         328935    1.49769e+12
           70.1     3.3701e+34         331831    1.49557e+12
           70.2    3.45374e+34         334747    1.49346e+12
           70.3     3.5394e+34         337684    1.49135e+12
           70.4    3.62714e+34         340641    1.48925e+12
           70.5    3.71699e+34         343618    1.48715e+12
           70.6      3.809e+34         346616    1.48505e+12
           70.7    3.90323e+34         349634    1.48296e+12
           70.8    3.99973e+34         352674    1.48087e+12
           70.9    4.09855e+34         355734    1.47879e+12
             71    4.19975e+34         358815     1.4767e+12
           71.1    4.30338e+34         361917    1.47463e+12
           71.2     4.4095e+34         365040    1.47255e+12
           71.3    4.51816e+34         368185    1.47048e+12
           71.4    4.62943e+34         371351    1.46842e+12
           71.5    4.74337e+34         374538    1.46635e+12
           71.6    4.86004e+34         377747     1.4643e+12
           71.7     4.9795e+34         380978    1.46224e+12
           71.8    5.10181e+34         384230    1.46019e+12
           71.9    5.22705e+34         387505    1.45814e+12
             72    5.35528e+34         390801     1.4561e+12
           72.1    5.48658e+34         394119    1.45406e+12
           72.2    5.62101e+34         397460    1.45202e+12
           72.3    5.75864e+34         400823    1.44999e+12
           72.4    5.89955e+34         404208    1.44796e+12
           72.5    6.04382e+34         407616    1.44594e+12
           72.6    6.19152e+34         411046    1.44392e+12
           72.7    6.34273e+34         414499     1.4419e+12
           72.8    6.49754e+34         417975    1.43989e+12
           72.9    6.65602e+34         421474    1.43788e+12
             73    6.81827e+34         424995    1.43587e+12
           73.1    6.98437e+34         428540    1.43387e+12
           73.2     7.1544e+34         432109    1.43187e+12
           73.3    7.32847e+34         435700    1.42987e+12
           73.4    7.50665e+34         439315    1.42788e+12
           73.5    7.68905e+34         442954    1.42589e+12
           73.6    7.87577e+34         446616    1.42391e+12
           73.7     8.0669e+34         450302    1.42193e+12
           73.8    8.26254e+34         454012    1.41995e+12
           73.9     8.4628e+34         457746    1.41798e+12
             74    8.66778e+34         461504    1.41601e+12
           74.1     8.8776e+34         465286    1.41404e+12
           74.2    9.09236e+34         469092    1.41208e+12
           74.3    9.31218e+34         472923    1.41012e+12
           74.4    9.53716e+34         476779    1.40816e+12
           74.5    9.76744e+34         480659    1.40621e+12
           74.6    1.00031e+35         484564    1.40426e+12
           74.7    1.02444e+35         488493    1.40231e+12
           74.8    1.04912e+35         492448    1.40037e+12
           74.9    1.07439e+35         496428    1.39843e+12
             75    1.10025e+35         500433     1.3965e+12
           75.1    1.12672e+35         504463    1.39457e+12
           75.2     1.1538e+35         508519    1.39264e+12
           75.3    1.18152e+35         512600    1.39072e+12
           75.4    1.20989e+35         516707    1.38879e+12
           75.5    1.23892e+35         520840    1.38688e+12
           75.6    1.26863e+35         524998    1.38496e+12
           75.7    1.29903e+35         529183    1.38305e+12
           75.8    1.33014e+35         533393    1.38115e+12
           75.9    1.36198e+35         537630    1.37924e+12
             76    1.39456e+35         541893    1.37734e+12
           76.1    1.42789e+35         546183    1.37545e+12
           76.2    1.46201e+35         550499    1.37355e+12
           76.3    1.49691e+35         554841    1.37166e+12
           76.4    1.53263e+35         559211    1.36978e+12
           76.5    1.56917e+35         563607    1.36789e+12
           76.6    1.60657e+35         568030    1.36601e+12
           76.7    1.64483e+35         572481    1.36414e+12
           76.8    1.68398e+35         576959    1.36226e+12
           76.9    1.72403e+35         581464    1.36039e+12
             77    1.76502e+35         585996    1.35853e+12
           77.1    1.80695e+35         590556    1.35666e+12
           77.2    1.84985e+35         595144     1.3548e+12
           77.3    1.89374e+35         599759    1.35295e+12
           77.4    1.93865e+35         604403     1.3511e+12
           77.5    1.98459e+35         609074    1.34925e+12
           77.6    2.03159e+35         613774     1.3474e+12
           77.7    2.07968e+35         618502    1.34556e+12
           77.8    2.12887e+35         623258    1.34372e+12
           77.9     2.1792e+35         628043    1.34188e+12
             78    2.23068e+35         632856    1.34005e+12
           78.1    2.28335e+35         637698    1.33822e+12
           78.2    2.33723e+35         642569    1.33639e+12
           78.3    2.39235e+35         647469    1.33457e+12
           78.4    2.44873e+35         652398    1.33275e+12
           78.5    2.50641e+35         657356    1.33093e+12
           78.6     2.5654e+35         662343    1.32912e+12
           78.7    2.62575e+35         667360    1.32731e+12
           78.8    2.68748e+35         672407     1.3255e+12
           78.9    2.75063e+35         677483     1.3237e+12
             79    2.81522e+35         682589    1.32189e+12
           79.1    2.88128e+35         687725     1.3201e+12
           79.2    2.94885e+35         692891     1.3183e+12
           79.3    3.01797e+35         698087    1.31651e+12
           79.4    3.08866e+35         703313    1.31472e+12
           79.5    3.16097e+35         708570    1.31294e+12
           79.6    3.23492e+35         713857    1.31116e+12
           79.7    3.31056e+35         719175    1.30938e+12
           79.8    3.38792e+35         724524     1.3076e+12
           79.9    3.46704e+35         729903    1.30583e+12
             80    3.54796e+35         735314    1.30406e+12
           80.1    3.63071e+35         740755     1.3023e+12
           80.2    3.71535e+35         746228    1.30053e+12
           80.3     3.8019e+35         751732    1.29877e+12
           80.4    3.89042e+35         757268    1.29702e+12
           80.5    3.98095e+35         762835    1.29526e+12
           80.6    4.07352e+35         768434    1.29351e+12
           80.7    4.16819e+35         774065    1.29177e+12
           80.8    4.26501e+35         779728    1.29002e+12
           80.9    4.36401e+35         785423    1.28828e+12
             81    4.46525e+35         791150    1.28654e+12
           81.1    4.56877e+35         796910    1.28481e+12
           81.2    4.67463e+35         802702    1.28308e+12
           81.3    4.78289e+35         808526    1.28135e+12
           81.4    4.89358e+35         814384    1.27962e+12
           81.5    5.00676e+35         820274     1.2779e+12
           81.6    5.12249e+35         826197    1.27618e+12
           81.7    5.24083e+35         832153    1.27446e+12
           81.8    5.36183e+35         838142    1.27275e+12
           81.9    5.48555e+35         844165    1.27104e+12
             82    5.61204e+35         850221    1.26933e+12
           82.1    5.74138e+35         856311    1.26763e+12
           82.2    5.87362e+35         862434    1.26592e+12
           82.3    6.00883e+35         868592    1.26423e+12
           82.4    6.14706e+35         874783    1.26253e+12
           82.5    6.28839e+35         881008    1.26084e+12
           82.6    6.43288e+35         887268    1.25915e+12
           82.7    6.58061e+35         893562    1.25746e+12
           82.8    6.73164e+35         899890    1.25578e+12
           82.9    6.88604e+35         906253     1.2541e+12
             83    7.04389e+35         912650    1.25242e+12
           83.1    7.20527e+35         919083    1.25074e+12
           83.2    7.37024e+35         925550    1.24907e+12
           83.3    7.53889e+35         932053     1.2474e+12
           83.4     7.7113e+35         938591    1.24574e+12
           83.5    7.88754e+35         945164    1.24407e+12
           83.6    8.06771e+35         951772    1.24241e+12
           83.7    8.25189e+35         958417    1.24076e+12
           83.8    8.44016e+35         965096     1.2391e+12
           83.9    8.63261e+35         971812    1.23745e+12
             84    8.82933e+35         978564     1.2358e+12
           84.1    9.03042e+35         985352    1.23415e+12
           84.2    9.23596e+35         992176    1.23251e+12
           84.3    9.44606e+35         999037    1.23087e+12
           84.4    9.66082e+35    1.00593e+06    1.22923e+12
           84.5    9.88032e+35    1.01287e+06     1.2276e+12
           84.6    1.01047e+36    1.01984e+06    1.22597e+12
           84.7     1.0334e+36    1.02685e+06    1.22434e+12
           84.8    1.05684e+36    1.03389e+06    1.22271e+12
           84.9     1.0808e+36    1.04097e+06    1.22109e+12
             85    1.10528e+36    1.04809e+06    1.21947e+12
           85.1    1.13031e+36    1.05525e+06    1.21785e+12
           85.2    1.15589e+36    1.06244e+06    1.21624e+12
           85.3    1.18203e+36    1.06967e+06    1.21463e+12
           85.4    1.20874e+36    1.07694e+06    1.21302e+12
           85.5    1.23605e+36    1.08425e+06    1.21141e+12
           85.6    1.26395e+36    1.09159e+06    1.20981e+12
           85.7    1.29247e+36    1.09898e+06    1.20821e+12
           85.8    1.32161e+36     1.1064e+06    1.20661e+12
           85.9     1.3514e+36    1.11386e+06    1.20501e+12
             86    1.38184e+36    1.12136e+06    1.20342e+12
           86.1    1.41294e+36    1.12889e+06    1.20183e+12
           86.2    1.44473e+36    1.13647e+06    1.20024e+12
           86.3    1.47721e+36    1.14409e+06    1.19866e+12
           86.4    1.51041e+36    1.15174e+06    1.19708e+12
           86.5    1.54433e+36    1.15943e+06     1.1955e+12
           86.6    1.57899e+36    1.16717e+06    1.19392e+12
           86.7    1.61441e+36    1.17494e+06    1.19235e+12
           86.8     1.6506e+36    1.18275e+06    1.19078e+12
           86.9    1.68759e+36     1.1906e+06    1.18921e+12
             87    1.72538e+36     1.1985e+06    1.18765e+12
           87.1    1.76399e+36    1.20643e+06    1.18608e+12
           87.2    1.80345e+36     1.2144e+06    1.18452e+12
           87.3    1.84377e+36    1.22241e+06    1.18297e+12
           87.4    1.88496e+36    1.23047e+06    1.18141e+12
           87.5    1.92705e+36    1.23856e+06    1.17986e+12
           87.6    1.97005e+36    1.24669e+06    1.17831e+12
           87.7    2.01399e+36    1.25487e+06    1.17677e+12
           87.8    2.05888e+36    1.26309e+06    1.17522e+12
           87.9    2.10475e+36    1.27134e+06    1.17368e+12
             88    2.15161e+36    1.27964e+06    1.17214e+12
           88.1    2.19949e+36    1.28798e+06    1.17061e+12
           88.2    2.24841e+36    1.29636e+06    1.16907e+12
           88.3    2.29838e+36    1.30479e+06    1.16754e+12
           88.4    2.34944e+36    1.31325e+06    1.16602e+12
           88.5     2.4016e+36    1.32176e+06    1.16449e+12
           88.6    2.45489e+36    1.33031e+06    1.16297e+12
           88.7    2.50933e+36     1.3389e+06    1.16145e+12
           88.8    2.56494e+36    1.34753e+06    1.15993e+12
           88.9    2.62176e+36    1.35621e+06    1.15842e+12
             89     2.6798e+36    1.36492e+06     1.1569e+12
           89.1    2.73909e+36    1.37369e+06    1.15539e+12
           89.2    2.79966e+36    1.38249e+06    1.15389e+12
           89.3    2.86153e+36    1.39134e+06    1.15238e+12
           89.4    2.92474e+36    1.40023e+06    1.15088e+12
           89.5     2.9893e+36    1.40916e+06    1.14938e+12
           89.6    3.05525e+36    1.41814e+06    1.14788e+12
           89.7    3.12262e+36    1.42716e+06    1.14639e+12
           89.8    3.19144e+36    1.43622e+06     1.1449e+12
           89.9    3.26173e+36    1.44533e+06    1.14341e+12
             90    3.33353e+36    1.45448e+06    1.14192e+12
           90.1    3.40687e+36    1.46368e+06    1.14044e+12
           90.2    3.48178e+36    1.47292e+06    1.13896e+12
           90.3    3.55829e+36     1.4822e+06    1.13748e+12
           90.4    3.63644e+36    1.49153e+06      1.136e+12
           90.5    3.71627e+36    1.50091e+06    1.13453e+12
           90.6     3.7978e+36    1.51032e+06    1.13305e+12
           90.7    3.88107e+36    1.51979e+06    1.13159e+12
           90.8    3.96612e+36     1.5293e+06    1.13012e+12
           90.9    4.05298e+36    1.53885e+06    1.12866e+12
             91    4.14169e+36    1.54845e+06    1.12719e+12
           91.1     4.2323e+36    1.55809e+06    1.12573e+12
           91.2    4.32484e+36    1.56778e+06    1.12428e+12
           91.3    4.41935e+36    1.57752e+06    1.12282e+12
           91.4    4.51586e+36     1.5873e+06    1.12137e+12
           91.5    4.61444e+36    1.59713e+06    1.11992e+12
           91.6     4.7151e+36      1.607e+06    1.11848e+12
           91.7    4.81791e+36    1.61692e+06    1.11703e+12
           91.8     4.9229e+36    1.62689e+06    1.11559e+12
           91.9    5.03011e+36    1.63691e+06    1.11415e+12
             92     5.1396e+36    1.64697e+06    1.11271e+12
           92.1    5.25141e+36    1.65707e+06    1.11128e+12
           92.2    5.36559e+36    1.66723e+06    1.10985e+12
           92.3    5.48219e+36    1.67743e+06    1.10842e+12
           92.4    5.60125e+36    1.68768e+06    1.10699e+12
           92.5    5.72283e+36    1.69797e+06    1.10556e+12
           92.6    5.84698e+36    1.70832e+06    1.10414e+12
           92.7    5.97376e+36    1.71871e+06    1.10272e+12
           92.8    6.10321e+36    1.72915e+06     1.1013e+12
           92.9     6.2354e+36    1.73963e+06    1.09989e+12
             93    6.37037e+36    1.75017e+06    1.09848e+12
           93.1    6.50818e+36    1.76075e+06    1.09707e+12
           93.2     6.6489e+36    1.77138e+06    1.09566e+12
           93.3    6.79259e+36    1.78207e+06    1.09425e+12
           93.4    6.93929e+36    1.79279e+06    1.09285e+12
           93.5    7.08909e+36    1.80357e+06    1.09145e+12
           93.6    7.24203e+36     1.8144e+06    1.09005e+12
           93.7    7.39818e+36    1.82528e+06    1.08865e+12
           93.8    7.55762e+36     1.8362e+06    1.08726e+12
           93.9     7.7204e+36    1.84718e+06    1.08587e+12
             94    7.88659e+36     1.8582e+06    1.08448e+12
           94.1    8.05627e+36    1.86927e+06    1.08309e+12
           94.2     8.2295e+36     1.8804e+06    1.08171e+12
           94.3    8.40636e+36    1.89157e+06    1.08032e+12
           94.4    8.58693e+36     1.9028e+06    1.07894e+12
           94.5    8.77127e+36    1.91407e+06    1.07756e+12
           94.6    8.95946e+36    1.92539e+06    1.07619e+12
           94.7    9.15159e+36    1.93677e+06    1.07482e+12
           94.8    9.34773e+36     1.9482e+06    1.07345e+12
           94.9    9.54796e+36    1.95967e+06    1.07208e+12
             95    9.75237e+36     1.9712e+06    1.07071e+12
           95.1    9.96104e+36    1.98278e+06    1.06935e+12
           95.2    1.01741e+37    1.99441e+06    1.06798e+12
           95.3    1.03915e+37    2.00609e+06    1.06663e+12
           95.4    1.06135e+37    2.01782e+06    1.06527e+12
           95.5    1.08401e+37    2.02961e+06    1.06391e+12
           95.6    1.10714e+37    2.04144e+06    1.06256e+12
           95.7    1.13075e+37    2.05333e+06    1.06121e+12
           95.8    1.15486e+37    2.06527e+06    1.05986e+12
           95.9    1.17946e+37    2.07726e+06    1.05852e+12
             96    1.20457e+37    2.08931e+06    1.05717e+12
           96.1    1.23021e+37    2.10141e+06    1.05583e+12
           96.2    1.25637e+37    2.11356e+06    1.05449e+12
           96.3    1.28308e+37    2.12576e+06    1.05315e+12
           96.4    1.31034e+37    2.13802e+06    1.05182e+12
           96.5    1.33816e+37    2.15032e+06    1.05049e+12
           96.6    1.36656e+37    2.16269e+06    1.04916e+12
           96.7    1.39555e+37     2.1751e+06    1.04783e+12
           96.8    1.42513e+37    2.18757e+06     1.0465e+12
           96.9    1.45533e+37    2.20009e+06    1.04518e+12
             97    1.48615e+37    2.21267e+06    1.04386e+12
           97.1     1.5176e+37     2.2253e+06    1.04254e+12
           97.2    1.54971e+37    2.23799e+06    1.04122e+12
           97.3    1.58247e+37    2.25073e+06    1.03991e+12
           97.4    1.61591e+37    2.26352e+06    1.03859e+12
           97.5    1.65004e+37    2.27637e+06    1.03728e+12
           97.6    1.68487e+37    2.28927e+06    1.03597e+12
           97.7    1.72041e+37    2.30223e+06    1.03467e+12
           97.8    1.75669e+37    2.31524e+06    1.03336e+12
           97.9    1.79371e+37    2.32831e+06    1.03206e+12
             98    1.83149e+37    2.34143e+06    1.03076e+12
           98.1    1.87005e+37    2.35461e+06    1.02946e+12
           98.2     1.9094e+37    2.36784e+06    1.02817e+12
           98.3    1.94955e+37    2.38113e+06    1.02687e+12
           98.4    1.99052e+37    2.39448e+06    1.02558e+12
           98.5    2.03234e+37    2.40788e+06    1.02429e+12
           98.6    2.07501e+37    2.42134e+06    1.02301e+12
           98.7    2.11855e+37    2.43485e+06    1.02172e+12
           98.8    2.16298e+37    2.44842e+06    1.02044e+12
           98.9    2.20832e+37    2.46205e+06    1.01916e+12
             99    2.25459e+37    2.47573e+06    1.01788e+12
           99.1     2.3018e+37    2.48947e+06     1.0166e+12
           99.2    2.34997e+37    2.50327e+06    1.01533e+12
           99.3    2.39912e+37    2.51712e+06    1.01406e+12
           99.4    2.44928e+37    2.53103e+06    1.01279e+12
           99.5    2.50045e+37      2.545e+06    1.01152e+12
           99.6    2.55267e+37    2.55903e+06    1.01025e+12
           99.7    2.60595e+37    2.57311e+06    1.00899e+12
           99.8    2.66032e+37    2.58726e+06    1.00773e+12
           99.9    2.71578e+37    2.60146e+06    1.00647e+12
            100    2.77238e+37    2.61571e+06    1.00521e+12
          100.1    2.83012e+37    2.63003e+06    1.00395e+12
          100.2    2.88904e+37    2.64441e+06     1.0027e+12
          100.3    2.94914e+37    2.65884e+06    1.00145e+12
          100.4    3.01047e+37    2.67333e+06     1.0002e+12
          100.5    3.07304e+37    2.68788e+06    9.98951e+11
          100.6    3.13688e+37    2.70249e+06    9.97706e+11
          100.7      3.202e+37    2.71716e+06    9.96463e+11
          100.8    3.26845e+37    2.73189e+06    9.95221e+11
          100.9    3.33624e+37    2.74668e+06    9.93982e+11
            101    3.40539e+37    2.76153e+06    9.92744e+11
          101.1    3.47595e+37    2.77644e+06    9.91509e+11
          101.2    3.54792e+37    2.79141e+06    9.90276e+11
          101.3    3.62135e+37    2.80643e+06    9.89045e+11
          101.4    3.69626e+37    2.82152e+06    9.87815e+11
          101.5    3.77268e+37    2.83667e+06    9.86588e+11
          101.6    3.85064e+37    2.85188e+06    9.85363e+11
          101.7    3.93016e+37    2.86715e+06    9.84139e+11
          101.8    4.01129e+37    2.88248e+06    9.82918e+11
          101.9    4.09405e+37    2.89787e+06    9.81699e+11
            102    4.17847e+37    2.91332e+06    9.80482e+11
          102.1    4.26458e+37    2.92883e+06    9.79266e+11
          102.2    4.35243e+37    2.94441e+06    9.78053e+11
          102.3    4.44204e+37    2.96005e+06    9.76841e+11
          102.4    4.53344e+37    2.97574e+06    9.75632e+11
          102.5    4.62668e+37     2.9915e+06    9.74425e+11
          102.6    4.72178e+37    3.00733e+06    9.73219e+11
          102.7    4.81879e+37    3.02321e+06    9.72015e+11
          102.8    4.91774e+37    3.03916e+06    9.70814e+11
          102.9    5.01867e+37    3.05516e+06    9.69614e+11
            103    5.12161e+37    3.07123e+06    9.68417e+11
          103.1    5.22662e+37    3.08737e+06    9.67221e+11
          103.2    5.33372e+37    3.10357e+06    9.66027e+11
          103.3    5.44295e+37    3.11982e+06    9.64835e+11
          103.4    5.55437e+37    3.13615e+06    9.63645e+11
          103.5    5.66801e+37    3.15253e+06    9.62457e+11
          103.6    5.78391e+37    3.16898e+06    9.61271e+11
          103.7    5.90212e+37     3.1855e+06    9.60087e+11
          103.8    6.02269e+37    3.20207e+06    9.58904e+11
          103.9    6.14565e+37    3.21871e+06    9.57724e+11
            104    6.27106e+37    3.23542e+06    9.56545e+11
          104.1    6.39897e+37    3.25219e+06    9.55369e+11
          104.2    6.52941e+37    3.26902e+06    9.54194e+11
          104.3    6.66244e+37    3.28592e+06    9.53021e+11
          104.4    6.79812e+37    3.30288e+06    9.51851e+11
          104.5    6.93648e+37     3.3199e+06    9.50681e+11
          104.6    7.07759e+37      3.337e+06    9.49514e+11
          104.7     7.2215e+37    3.35415e+06    9.48349e+11
          104.8    7.36825e+37    3.37138e+06    9.47186e+11
          104.9    7.51791e+37    3.38866e+06    9.46024e+11
            105    7.67053e+37    3.40601e+06    9.44865e+11
          105.1    7.82617e+37    3.42343e+06    9.43707e+11
          105.2    7.98489e+37    3.44092e+06    9.42551e+11
          105.3    8.14674e+37    3.45847e+06    9.41397e+11
          105.4    8.31179e+37    3.47608e+06    9.40245e+11
          105.5    8.48009e+37    3.49377e+06    9.39094e+11
          105.6    8.65172e+37    3.51151e+06    9.37946e+11
          105.7    8.82672e+37    3.52933e+06    9.36799e+11
          105.8    9.00518e+37    3.54721e+06    9.35654e+11
          105.9    9.18715e+37    3.56516e+06    9.34511e+11
            106     9.3727e+37    3.58317e+06     9.3337e+11
          106.1    9.56191e+37    3.60126e+06    9.32231e+11
          106.2    9.75483e+37    3.61941e+06    9.31093e+11
          106.3    9.95154e+37    3.63762e+06    9.29957e+11
          106.4    1.01521e+38    3.65591e+06    9.28824e+11
          106.5    1.03566e+38    3.67426e+06    9.27691e+11
          106.6    1.05652e+38    3.69268e+06    9.26561e+11
          106.7    1.07778e+38    3.71117e+06    9.25433e+11
          106.8    1.09946e+38    3.72973e+06    9.24306e+11
          106.9    1.12156e+38    3.74835e+06    9.23181e+11
            107     1.1441e+38    3.76704e+06    9.22058e+11
          107.1    1.16708e+38     3.7858e+06    9.20937e+11
          107.2     1.1905e+38    3.80464e+06    9.19817e+11
          107.3    1.21439e+38    3.82353e+06      9.187e+11
          107.4    1.23874e+38     3.8425e+06    9.17584e+11
          107.5    1.26357e+38    3.86154e+06     9.1647e+11
          107.6    1.28888e+38    3.88065e+06    9.15357e+11
          107.7    1.31469e+38    3.89982e+06    9.14247e+11
          107.8      1.341e+38    3.91907e+06    9.13138e+11
          107.9    1.36782e+38    3.93838e+06    9.12031e+11
            108    1.39517e+38    3.95777e+06    9.10926e+11
          108.1    1.42305e+38    3.97722e+06    9.09822e+11
          108.2    1.45147e+38    3.99675e+06     9.0872e+11
          108.3    1.48044e+38    4.01634e+06     9.0762e+11
          108.4    1.50998e+38    4.03601e+06    9.06522e+11
          108.5    1.54009e+38    4.05575e+06    9.05425e+11
          108.6    1.57079e+38    4.07555e+06     9.0433e+11
          108.7    1.60208e+38    4.09543e+06    9.03237e+11
          108.8    1.63398e+38    4.11538e+06    9.02146e+11
          108.9     1.6665e+38     4.1354e+06    9.01056e+11
            109    1.69965e+38    4.15549e+06    8.99969e+11
          109.1    1.73344e+38    4.17566e+06    8.98882e+11
          109.2    1.76789e+38    4.19589e+06    8.97798e+11
          109.3      1.803e+38     4.2162e+06    8.96715e+11
          109.4    1.83879e+38    4.23658e+06    8.95634e+11
          109.5    1.87528e+38    4.25703e+06    8.94555e+11
          109.6    1.91246e+38    4.27755e+06    8.93477e+11
          109.7    1.95037e+38    4.29815e+06    8.92401e+11
          109.8    1.98901e+38    4.31882e+06    8.91327e+11
          109.9     2.0284e+38    4.33956e+06    8.90255e+11
            110    2.06854e+38    4.36037e+06    8.89184e+11
          110.1    2.10946e+38    4.38126e+06    8.88115e+11
          110.2    2.15117e+38    4.40222e+06    8.87047e+11
          110.3    2.19368e+38    4.42325e+06    8.85981e+11
          110.4    2.23701e+38    4.44436e+06    8.84917e+11
          110.5    2.28118e+38    4.46554e+06    8.83855e+11
          110.6    2.32619e+38    4.48679e+06    8.82794e+11
          110.7    2.37207e+38    4.50812e+06    8.81735e+11
          110.8    2.41883e+38    4.52952e+06    8.80678e+11
          110.9    2.46649e+38    4.55099e+06    8.79622e+11
            111    2.51506e+38    4.57254e+06    8.78568e+11
          111.1    2.56457e+38    4.59417e+06    8.77515e+11
          111.2    2.61502e+38    4.61586e+06    8.76465e+11
          111.3    2.66644e+38    4.63764e+06    8.75416e+11
          111.4    2.71885e+38    4.65949e+06    8.74368e+11
          111.5    2.77226e+38    4.68141e+06    8.73322e+11
          111.6    2.82669e+38    4.70341e+06    8.72278e+11
          111.7    2.88216e+38    4.72548e+06    8.71236e+11
          111.8     2.9387e+38    4.74763e+06    8.70195e+11
          111.9    2.99631e+38    4.76985e+06    8.69155e+11
            112    3.05503e+38    4.79216e+06    8.68118e+11
          112.1    3.11486e+38    4.81453e+06    8.67082e+11
          112.2    3.17584e+38    4.83698e+06    8.66047e+11
          112.3    3.23798e+38    4.85951e+06    8.65014e+11
          112.4    3.30131e+38    4.88212e+06    8.63983e+11
          112.5    3.36584e+38     4.9048e+06    8.62954e+11
          112.6     3.4316e+38    4.92756e+06    8.61926e+11
          112.7    3.49861e+38    4.95039e+06    8.60899e+11
          112.8     3.5669e+38     4.9733e+06    8.59875e+11
          112.9    3.63648e+38    4.99629e+06    8.58851e+11
            113    3.70739e+38    5.01936e+06     8.5783e+11
          113.1    3.77965e+38     5.0425e+06     8.5681e+11
          113.2    3.85327e+38    5.06572e+06    8.55792e+11
          113.3     3.9283e+38    5.08902e+06    8.54775e+11
          113.4    4.00475e+38    5.11239e+06     8.5376e+11
          113.5    4.08264e+38    5.13585e+06    8.52746e+11
          113.6    4.16202e+38    5.15938e+06    8.51734e+11
          113.7    4.24289e+38    5.18299e+06    8.50723e+11
          113.8     4.3253e+38    5.20668e+06    8.49715e+11
          113.9    4.40927e+38    5.23044e+06    8.48707e+11
            114    4.49482e+38    5.25429e+06    8.47701e+11
          114.1      4.582e+38    5.27821e+06    8.46697e+11
          114.2    4.67082e+38    5.30222e+06    8.45695e+11
          114.3    4.76132e+38     5.3263e+06    8.44694e+11
          114.4    4.85352e+38    5.35046e+06    8.43694e+11
          114.5    4.94747e+38     5.3747e+06    8.42696e+11
          114.6    5.04318e+38    5.39902e+06      8.417e+11
          114.7    5.14071e+38    5.42342e+06    8.40705e+11
          114.8    5.24007e+38     5.4479e+06    8.39711e+11
          114.9     5.3413e+38    5.47246e+06     8.3872e+11
            115    5.44443e+38     5.4971e+06    8.37729e+11
          115.1    5.54951e+38    5.52182e+06    8.36741e+11
          115.2    5.65656e+38    5.54662e+06    8.35753e+11
          115.3    5.76562e+38     5.5715e+06    8.34768e+11
          115.4    5.87673e+38    5.59646e+06    8.33784e+11
          115.5    5.98993e+38    5.62151e+06    8.32801e+11
          115.6    6.10526e+38    5.64663e+06     8.3182e+11
          115.7    6.22274e+38    5.67183e+06     8.3084e+11
          115.8    6.34243e+38    5.69712e+06    8.29862e+11
          115.9    6.46436e+38    5.72249e+06    8.28886e+11
            116    6.58858e+38    5.74793e+06    8.27911e+11
          116.1    6.71512e+38    5.77346e+06    8.26937e+11
          116.2    6.84403e+38    5.79908e+06    8.25965e+11
          116.3    6.97535e+38    5.82477e+06    8.24994e+11
          116.4    7.10913e+38    5.85055e+06    8.24025e+11
          116.5     7.2454e+38     5.8764e+06    8.23058e+11
          116.6    7.38422e+38    5.90234e+06    8.22092e+11
          116.7    7.52563e+38    5.92837e+06    8.21127e+11
          116.8    7.66969e+38    5.95447e+06    8.20164e+11
          116.9    7.81642e+38    5.98066e+06    8.19202e+11
            117    7.96589e+38    6.00693e+06    8.18242e+11
          117.1    8.11815e+38    6.03329e+06    8.17284e+11
          117.2    8.27325e+38    6.05973e+06    8.16326e+11
          117.3    8.43123e+38    6.08625e+06    8.15371e+11
          117.4    8.59215e+38    6.11285e+06    8.14416e+11
          117.5    8.75606e+38    6.13954e+06    8.13464e+11
          117.6    8.92302e+38    6.16631e+06    8.12512e+11
          117.7    9.09308e+38    6.19317e+06    8.11562e+11
          117.8    9.26629e+38    6.22011e+06    8.10614e+11
          117.9    9.44273e+38    6.24713e+06    8.09667e+11
            118    9.62244e+38    6.27424e+06    8.08721e+11
          118.1    9.80547e+38    6.30143e+06    8.07777e+11
          118.2    9.99191e+38    6.32871e+06    8.06835e+11
          118.3    1.01818e+39    6.35608e+06    8.05894e+11
          118.4    1.03752e+39    6.38352e+06    8.04954e+11
          118.5    1.05722e+39    6.41106e+06    8.04016e+11
          118.6    1.07728e+39    6.43867e+06    8.03079e+11
          118.7    1.09771e+39    6.46638e+06    8.02143e+11
          118.8    1.11852e+39    6.49417e+06    8.01209e+11
          118.9    1.13972e+39    6.52204e+06    8.00277e+11
            119    1.16131e+39       6.55e+06    7.99345e+11
          119.1    1.18329e+39    6.57805e+06    7.98416e+11
          119.2    1.20568e+39    6.60618e+06    7.97487e+11
          119.3    1.22849e+39     6.6344e+06    7.96561e+11
          119.4    1.25171e+39     6.6627e+06    7.95635e+11
          119.5    1.27536e+39     6.6911e+06    7.94711e+11
          119.6    1.29945e+39    6.71957e+06    7.93788e+11
          119.7    1.32398e+39    6.74814e+06    7.92867e+11
          119.8    1.34896e+39    6.77679e+06    7.91947e+11
          119.9     1.3744e+39    6.80553e+06    7.91029e+11
            120    1.40031e+39    6.83435e+06    7.90112e+11
          120.1    1.42669e+39    6.86327e+06    7.89196e+11
          120.2    1.45356e+39    6.89227e+06    7.88282e+11
          120.3    1.48093e+39    6.92136e+06    7.87369e+11
          120.4    1.50879e+39    6.95053e+06    7.86457e+11
          120.5    1.53716e+39     6.9798e+06    7.85547e+11
          120.6    1.56606e+39    7.00915e+06    7.84638e+11
          120.7    1.59548e+39    7.03859e+06    7.83731e+11
          120.8    1.62544e+39    7.06812e+06    7.82825e+11
          120.9    1.65595e+39    7.09774e+06     7.8192e+11
            121    1.68702e+39    7.12744e+06    7.81017e+11
          121.1    1.71866e+39    7.15724e+06    7.80115e+11
          121.2    1.75087e+39    7.18712e+06    7.79215e+11
          121.3    1.78368e+39    7.21709e+06    7.78316e+11
          121.4    1.81708e+39    7.24715e+06    7.77418e+11
          121.5    1.85109e+39     7.2773e+06    7.76521e+11
          121.6    1.88572e+39    7.30754e+06    7.75626e+11
          121.7    1.92099e+39    7.33787e+06    7.74733e+11
          121.8    1.95689e+39    7.36829e+06     7.7384e+11
          121.9    1.99345e+39     7.3988e+06    7.72949e+11
            122    2.03068e+39     7.4294e+06     7.7206e+11
          122.1    2.06858e+39    7.46009e+06    7.71171e+11
          122.2    2.10717e+39    7.49087e+06    7.70284e+11
          122.3    2.14646e+39    7.52174e+06    7.69399e+11
          122.4    2.18647e+39     7.5527e+06    7.68514e+11
          122.5     2.2272e+39    7.58376e+06    7.67631e+11
          122.6    2.26868e+39     7.6149e+06     7.6675e+11
          122.7     2.3109e+39    7.64613e+06    7.65869e+11
          122.8     2.3539e+39    7.67746e+06     7.6499e+11
          122.9    2.39767e+39    7.70887e+06    7.64113e+11
            123    2.44223e+39    7.74038e+06    7.63236e+11
          123.1     2.4876e+39    7.77198e+06    7.62361e+11
          123.2     2.5338e+39    7.80367e+06    7.61487e+11
          123.3    2.58083e+39    7.83545e+06    7.60615e+11
          123.4     2.6287e+39    7.86732e+06    7.59744e+11
          123.5    2.67745e+39    7.89929e+06    7.58874e+11
          123.6    2.72708e+39    7.93135e+06    7.58006e+11
          123.7     2.7776e+39     7.9635e+06    7.57138e+11
          123.8    2.82903e+39    7.99574e+06    7.56273e+11
          123.9    2.88139e+39    8.02807e+06    7.55408e+11
            124     2.9347e+39     8.0605e+06    7.54545e+11
          124.1    2.98897e+39    8.09302e+06    7.53683e+11
          124.2    3.04421e+39    8.12564e+06    7.52822e+11
          124.3    3.10045e+39    8.15835e+06    7.51963e+11
          124.4    3.15771e+39    8.19115e+06    7.51104e+11
          124.5    3.21599e+39    8.22404e+06    7.50248e+11
          124.6    3.27532e+39    8.25703e+06    7.49392e+11
          124.7    3.33572e+39    8.29011e+06    7.48538e+11
          124.8     3.3972e+39    8.32328e+06    7.47685e+11
          124.9    3.45979e+39    8.35655e+06    7.46833e+11
            125     3.5235e+39    8.38992e+06    7.45983e+11
          125.1    3.58836e+39    8.42337e+06    7.45133e+11
          125.2    3.65437e+39    8.45693e+06    7.44285e+11
          125.3    3.72157e+39    8.49057e+06    7.43439e+11
          125.4    3.78998e+39    8.52431e+06    7.42593e+11
          125.5    3.85961e+39    8.55815e+06    7.41749e+11
          125.6    3.93049e+39    8.59208e+06    7.40906e+11
          125.7    4.00263e+39     8.6261e+06    7.40065e+11
          125.8    4.07607e+39    8.66023e+06    7.39224e+11
          125.9    4.15082e+39    8.69444e+06    7.38385e+11
            126    4.22691e+39    8.72875e+06    7.37547e+11
          126.1    4.30435e+39    8.76316e+06    7.36711e+11
          126.2    4.38318e+39    8.79766e+06    7.35875e+11
          126.3    4.46341e+39    8.83226e+06    7.35041e+11
          126.4    4.54508e+39    8.86696e+06    7.34208e+11
          126.5     4.6282e+39    8.90175e+06    7.33377e+11
          126.6     4.7128e+39    8.93664e+06    7.32546e+11
          126.7    4.79891e+39    8.97162e+06    7.31717e+11
          126.8    4.88655e+39     9.0067e+06    7.30889e+11
          126.9    4.97575e+39    9.04188e+06    7.30062e+11
            127    5.06654e+39    9.07715e+06    7.29237e+11
          127.1    5.15895e+39    9.11252e+06    7.28413e+11
          127.2    5.25299e+39    9.14799e+06     7.2759e+11
          127.3    5.34871e+39    9.18355e+06    7.26768e+11
          127.4    5.44613e+39    9.21921e+06    7.25947e+11
          127.5    5.54527e+39    9.25497e+06    7.25128e+11
          127.6    5.64618e+39    9.29083e+06     7.2431e+11
          127.7    5.74887e+39    9.32679e+06    7.23493e+11
          127.8    5.85338e+39    9.36284e+06    7.22677e+11
          127.9    5.95975e+39    9.39899e+06    7.21862e+11
            128      6.068e+39    9.43524e+06    7.21049e+11
          128.1    6.17816e+39    9.47158e+06    7.20237e+11
          128.2    6.29028e+39    9.50803e+06    7.19426e+11
          128.3    6.40437e+39    9.54457e+06    7.18616e+11
          128.4    6.52049e+39    9.58122e+06    7.17808e+11
          128.5    6.63865e+39    9.61796e+06       7.17e+11
          128.6     6.7589e+39     9.6548e+06    7.16194e+11
          128.7    6.88128e+39    9.69174e+06    7.15389e+11
          128.8    7.00581e+39    9.72877e+06    7.14585e+11
          128.9    7.13254e+39    9.76591e+06    7.13783e+11
            129    7.26151e+39    9.80315e+06    7.12981e+11
          129.1    7.39274e+39    9.84049e+06    7.12181e+11
          129.2    7.52629e+39    9.87792e+06    7.11382e+11
          129.3    7.66219e+39    9.91546e+06    7.10584e+11
          129.4    7.80048e+39    9.95309e+06    7.09787e+11
          129.5    7.94121e+39    9.99083e+06    7.08992e+11
          129.6     8.0844e+39    1.00287e+07    7.08197e+11
          129.7    8.23012e+39    1.00666e+07    7.07404e+11
          129.8    8.37839e+39    1.01046e+07    7.06612e+11
          129.9    8.52927e+39    1.01428e+07    7.05821e+11
            130    8.68279e+39     1.0181e+07    7.05031e+11
          130.1    8.83901e+39    1.02194e+07    7.04243e+11
          130.2    8.99796e+39    1.02578e+07    7.03455e+11
          130.3    9.15971e+39    1.02963e+07    7.02669e+11
          130.4    9.32428e+39     1.0335e+07    7.01884e+11
          130.5    9.49174e+39    1.03737e+07      7.011e+11
          130.6    9.66213e+39    1.04126e+07    7.00317e+11
          130.7     9.8355e+39    1.04515e+07    6.99535e+11
          130.8    1.00119e+40    1.04906e+07    6.98755e+11
          130.9    1.01914e+40    1.05297e+07    6.97975e+11
            131     1.0374e+40     1.0569e+07    6.97197e+11
          131.1    1.05598e+40    1.06083e+07     6.9642e+11
          131.2    1.07489e+40    1.06478e+07    6.95644e+11
          131.3    1.09412e+40    1.06873e+07    6.94869e+11
          131.4    1.11369e+40     1.0727e+07    6.94096e+11
          131.5     1.1336e+40    1.07668e+07    6.93323e+11
          131.6    1.15386e+40    1.08066e+07    6.92552e+11
          131.7    1.17447e+40    1.08466e+07    6.91781e+11
          131.8    1.19544e+40    1.08867e+07    6.91012e+11
          131.9    1.21678e+40    1.09269e+07    6.90244e+11
            132    1.23849e+40    1.09671e+07    6.89477e+11
          132.1    1.26057e+40    1.10075e+07    6.88711e+11
          132.2    1.28304e+40     1.1048e+07    6.87946e+11
          132.3    1.30589e+40    1.10886e+07    6.87183e+11
          132.4    1.32915e+40    1.11293e+07     6.8642e+11
          132.5    1.35281e+40    1.11701e+07    6.85659e+11
          132.6    1.37688e+40     1.1211e+07    6.84899e+11
          132.7    1.40136e+40     1.1252e+07    6.84139e+11
          132.8    1.42627e+40    1.12931e+07    6.83381e+11
          132.9    1.45161e+40    1.13343e+07    6.82624e+11
            133    1.47739e+40    1.13756e+07    6.81869e+11
          133.1    1.50362e+40    1.14171e+07    6.81114e+11
          133.2     1.5303e+40    1.14586e+07     6.8036e+11
          133.3    1.55744e+40    1.15002e+07    6.79607e+11
          133.4    1.58506e+40     1.1542e+07    6.78856e+11
          133.5    1.61314e+40    1.15838e+07    6.78106e+11
          133.6    1.64172e+40    1.16258e+07    6.77356e+11
          133.7    1.67078e+40    1.16678e+07    6.76608e+11
          133.8    1.70035e+40      1.171e+07    6.75861e+11
          133.9    1.73043e+40    1.17522e+07    6.75115e+11
            134    1.76103e+40    1.17946e+07     6.7437e+11
          134.1    1.79215e+40    1.18371e+07    6.73626e+11
          134.2    1.82381e+40    1.18797e+07    6.72883e+11
          134.3    1.85602e+40    1.19224e+07    6.72141e+11
          134.4    1.88878e+40    1.19652e+07    6.71401e+11
          134.5     1.9221e+40    1.20081e+07    6.70661e+11
          134.6    1.95599e+40    1.20511e+07    6.69922e+11
          134.7    1.99047e+40    1.20942e+07    6.69185e+11
          134.8    2.02554e+40    1.21374e+07    6.68449e+11
          134.9    2.06122e+40    1.21807e+07    6.67713e+11
            135     2.0975e+40    1.22242e+07    6.66979e+11
          135.1    2.13441e+40    1.22677e+07    6.66246e+11
          135.2    2.17195e+40    1.23114e+07    6.65513e+11
          135.3    2.21014e+40    1.23551e+07    6.64782e+11
          135.4    2.24897e+40     1.2399e+07    6.64052e+11
          135.5    2.28848e+40     1.2443e+07    6.63323e+11
          135.6    2.32866e+40    1.24871e+07    6.62595e+11
          135.7    2.36953e+40    1.25312e+07    6.61868e+11
          135.8    2.41109e+40    1.25755e+07    6.61142e+11
          135.9    2.45337e+40    1.26199e+07    6.60418e+11
            136    2.49637e+40    1.26645e+07    6.59694e+11
          136.1    2.54011e+40    1.27091e+07    6.58971e+11
          136.2    2.58459e+40    1.27538e+07    6.58249e+11
          136.3    2.62983e+40    1.27986e+07    6.57529e+11
          136.4    2.67584e+40    1.28436e+07    6.56809e+11
          136.5    2.72264e+40    1.28887e+07     6.5609e+11
          136.6    2.77023e+40    1.29338e+07    6.55373e+11
          136.7    2.81864e+40    1.29791e+07    6.54656e+11
          136.8    2.86787e+40    1.30245e+07    6.53941e+11
          136.9    2.91793e+40      1.307e+07    6.53226e+11
            137    2.96885e+40    1.31156e+07    6.52513e+11
          137.1    3.02064e+40    1.31613e+07      6.518e+11
          137.2    3.07331e+40    1.32071e+07    6.51089e+11
          137.3    3.12687e+40     1.3253e+07    6.50379e+11
          137.4    3.18134e+40    1.32991e+07    6.49669e+11
          137.5    3.23674e+40    1.33452e+07    6.48961e+11
          137.6    3.29307e+40    1.33915e+07    6.48253e+11
          137.7    3.35036e+40    1.34379e+07    6.47547e+11
          137.8    3.40863e+40    1.34843e+07    6.46842e+11
          137.9    3.46788e+40    1.35309e+07    6.46137e+11
            138    3.52813e+40    1.35776e+07    6.45434e+11
          138.1    3.58941e+40    1.36244e+07    6.44732e+11
          138.2    3.65172e+40    1.36714e+07     6.4403e+11
          138.3    3.71509e+40    1.37184e+07     6.4333e+11
          138.4    3.77952e+40    1.37655e+07    6.42631e+11
          138.5    3.84505e+40    1.38128e+07    6.41932e+11
          138.6    3.91169e+40    1.38602e+07    6.41235e+11
          138.7    3.97945e+40    1.39077e+07    6.40539e+11
          138.8    4.04835e+40    1.39552e+07    6.39843e+11
          138.9    4.11842e+40    1.40029e+07    6.39149e+11
            139    4.18967e+40    1.40508e+07    6.38455e+11
          139.1    4.26212e+40    1.40987e+07    6.37763e+11
          139.2    4.33579e+40    1.41467e+07    6.37072e+11
          139.3    4.41071e+40    1.41949e+07    6.36381e+11
          139.4    4.48688e+40    1.42431e+07    6.35692e+11
          139.5    4.56434e+40    1.42915e+07    6.35003e+11
          139.6     4.6431e+40      1.434e+07    6.34316e+11
          139.7    4.72318e+40    1.43886e+07    6.33629e+11
          139.8    4.80462e+40    1.44373e+07    6.32944e+11
          139.9    4.88742e+40    1.44861e+07    6.32259e+11
            140    4.97161e+40    1.45351e+07    6.31576e+11
          140.1    5.05721e+40    1.45841e+07    6.30893e+11
          140.2    5.14425e+40    1.46333e+07    6.30211e+11
          140.3    5.23275e+40    1.46826e+07    6.29531e+11
          140.4    5.32274e+40     1.4732e+07    6.28851e+11
          140.5    5.41423e+40    1.47815e+07    6.28172e+11
          140.6    5.50726e+40    1.48311e+07    6.27494e+11
          140.7    5.60184e+40    1.48808e+07    6.26817e+11
          140.8    5.69801e+40    1.49307e+07    6.26142e+11
          140.9    5.79578e+40    1.49806e+07    6.25467e+11
            141     5.8952e+40    1.50307e+07    6.24793e+11
          141.1    5.99627e+40    1.50809e+07     6.2412e+11
          141.2    6.09903e+40    1.51312e+07    6.23448e+11
          141.3    6.20351e+40    1.51816e+07    6.22776e+11
          141.4    6.30974e+40    1.52321e+07    6.22106e+11
          141.5    6.41773e+40    1.52828e+07    6.21437e+11
          141.6    6.52753e+40    1.53336e+07    6.20769e+11
          141.7    6.63916e+40    1.53844e+07    6.20101e+11
          141.8    6.75265e+40    1.54354e+07    6.19435e+11
          141.9    6.86804e+40    1.54865e+07    6.18769e+11
            142    6.98534e+40    1.55377e+07    6.18105e+11
          142.1    7.10459e+40    1.55891e+07    6.17441e+11
          142.2    7.22583e+40    1.56405e+07    6.16779e+11
          142.3    7.34909e+40    1.56921e+07    6.16117e+11
          142.4     7.4744e+40    1.57438e+07    6.15456e+11
          142.5    7.60179e+40    1.57956e+07    6.14796e+11
          142.6    7.73129e+40    1.58475e+07    6.14137e+11
          142.7    7.86295e+40    1.58995e+07    6.13479e+11
          142.8    7.99679e+40    1.59517e+07    6.12822e+11
          142.9    8.13285e+40    1.60039e+07    6.12166e+11
            143    8.27117e+40    1.60563e+07    6.11511e+11
          143.1    8.41178e+40    1.61088e+07    6.10856e+11
          143.2    8.55472e+40    1.61614e+07    6.10203e+11
          143.3    8.70003e+40    1.62141e+07     6.0955e+11
          143.4    8.84774e+40     1.6267e+07    6.08899e+11
          143.5     8.9979e+40    1.63199e+07    6.08248e+11
          143.6    9.15055e+40     1.6373e+07    6.07598e+11
          143.7    9.30571e+40    1.64262e+07     6.0695e+11
          143.8    9.46345e+40    1.64795e+07    6.06302e+11
          143.9    9.62378e+40     1.6533e+07    6.05655e+11
            144    9.78677e+40    1.65865e+07    6.05008e+11
          144.1    9.95245e+40    1.66402e+07    6.04363e+11
          144.2    1.01209e+41    1.66939e+07    6.03719e+11
          144.3     1.0292e+41    1.67478e+07    6.03075e+11
          144.4    1.04661e+41    1.68019e+07    6.02433e+11
          144.5    1.06429e+41     1.6856e+07    6.01791e+11
          144.6    1.08227e+41    1.69103e+07    6.01151e+11
          144.7    1.10055e+41    1.69646e+07    6.00511e+11
          144.8    1.11912e+41    1.70191e+07    5.99872e+11
          144.9    1.13801e+41    1.70737e+07    5.99234e+11
            145     1.1572e+41    1.71284e+07    5.98597e+11
          145.1    1.17671e+41    1.71833e+07     5.9796e+11
          145.2    1.19653e+41    1.72382e+07    5.97325e+11
          145.3    1.21669e+41    1.72933e+07     5.9669e+11
          145.4    1.23717e+41    1.73485e+07    5.96057e+11
          145.5    1.25799e+41    1.74038e+07    5.95424e+11
          145.6    1.27916e+41    1.74593e+07    5.94792e+11
          145.7    1.30067e+41    1.75148e+07    5.94161e+11
          145.8    1.32253e+41    1.75705e+07    5.93531e+11
          145.9    1.34475e+41    1.76263e+07    5.92902e+11
            146    1.36733e+41    1.76822e+07    5.92273e+11
          146.1    1.39029e+41    1.77383e+07    5.91646e+11
          146.2    1.41362e+41    1.77944e+07    5.91019e+11
          146.3    1.43733e+41    1.78507e+07    5.90394e+11
          146.4    1.46143e+41    1.79071e+07    5.89769e+11
          146.5    1.48592e+41    1.79636e+07    5.89145e+11
          146.6    1.51081e+41    1.80202e+07    5.88522e+11
          146.7    1.53611e+41     1.8077e+07    5.87899e+11
          146.8    1.56182e+41    1.81339e+07    5.87278e+11
          146.9    1.58796e+41    1.81909e+07    5.86657e+11
            147    1.61451e+41     1.8248e+07    5.86038e+11
          147.1    1.64151e+41    1.83052e+07    5.85419e+11
          147.2    1.66894e+41    1.83626e+07    5.84801e+11
          147.3    1.69681e+41      1.842e+07    5.84184e+11
          147.4    1.72515e+41    1.84776e+07    5.83568e+11
          147.5    1.75394e+41    1.85354e+07    5.82952e+11
          147.6     1.7832e+41    1.85932e+07    5.82338e+11
          147.7    1.81294e+41    1.86512e+07    5.81724e+11
          147.8    1.84316e+41    1.87092e+07    5.81111e+11
          147.9    1.87387e+41    1.87674e+07    5.80499e+11
            148    1.90508e+41    1.88258e+07    5.79888e+11
          148.1     1.9368e+41    1.88842e+07    5.79277e+11
          148.2    1.96903e+41    1.89428e+07    5.78668e+11
          148.3    2.00178e+41    1.90015e+07    5.78059e+11
          148.4    2.03507e+41    1.90603e+07    5.77451e+11
          148.5    2.06889e+41    1.91192e+07    5.76844e+11
          148.6    2.10327e+41    1.91783e+07    5.76238e+11
          148.7     2.1382e+41    1.92374e+07    5.75633e+11
          148.8    2.17369e+41    1.92967e+07    5.75029e+11
          148.9    2.20976e+41    1.93562e+07    5.74425e+11
            149    2.24642e+41    1.94157e+07    5.73822e+11
          149.1    2.28366e+41    1.94754e+07     5.7322e+11
          149.2    2.32151e+41    1.95352e+07    5.72619e+11
          149.3    2.35997e+41    1.95951e+07    5.72019e+11
          149.4    2.39905e+41    1.96551e+07    5.71419e+11
          149.5    2.43876e+41    1.97153e+07     5.7082e+11
          149.6    2.47912e+41    1.97756e+07    5.70223e+11
          149.7    2.52012e+41     1.9836e+07    5.69626e+11
          149.8    2.56178e+41    1.98965e+07    5.69029e+11
          149.9    2.60412e+41    1.99571e+07    5.68434e+11
            150    2.64714e+41    2.00179e+07    5.67839e+11
          150.1    2.69085e+41    2.00788e+07    5.67246e+11
          150.2    2.73526e+41    2.01398e+07    5.66653e+11
          150.3    2.78039e+41     2.0201e+07    5.66061e+11
          150.4    2.82624e+41    2.02622e+07    5.65469e+11
          150.5    2.87284e+41    2.03236e+07    5.64879e+11
          150.6    2.92018e+41    2.03852e+07    5.64289e+11
          150.7    2.96828e+41    2.04468e+07      5.637e+11
          150.8    3.01715e+41    2.05086e+07    5.63112e+11
          150.9    3.06681e+41    2.05705e+07    5.62525e+11
            151    3.11726e+41    2.06325e+07    5.61938e+11
          151.1    3.16853e+41    2.06946e+07    5.61352e+11
          151.2    3.22061e+41    2.07569e+07    5.60768e+11
          151.3    3.27353e+41    2.08193e+07    5.60184e+11
          151.4     3.3273e+41    2.08818e+07      5.596e+11
          151.5    3.38193e+41    2.09444e+07    5.59018e+11
          151.6    3.43743e+41    2.10072e+07    5.58436e+11
          151.7    3.49382e+41    2.10701e+07    5.57855e+11
          151.8    3.55111e+41    2.11331e+07    5.57275e+11
          151.9    3.60932e+41    2.11962e+07    5.56696e+11
            152    3.66846e+41    2.12595e+07    5.56117e+11
          152.1    3.72854e+41    2.13229e+07    5.55539e+11
          152.2    3.78959e+41    2.13864e+07    5.54962e+11
          152.3     3.8516e+41      2.145e+07    5.54386e+11
          152.4    3.91461e+41    2.15138e+07    5.53811e+11
          152.5    3.97862e+41    2.15777e+07    5.53236e+11
          152.6    4.04365e+41    2.16417e+07    5.52662e+11
          152.7    4.10972e+41    2.17058e+07    5.52089e+11
          152.8    4.17684e+41    2.17701e+07    5.51517e+11
          152.9    4.24503e+41    2.18345e+07    5.50946e+11
            153     4.3143e+41     2.1899e+07    5.50375e+11
          153.1    4.38468e+41    2.19636e+07    5.49805e+11
          153.2    4.45617e+41    2.20284e+07    5.49236e+11
          153.3     4.5288e+41    2.20933e+07    5.48667e+11
          153.4    4.60259e+41    2.21583e+07      5.481e+11
          153.5    4.67754e+41    2.22235e+07    5.47533e+11
          153.6    4.75369e+41    2.22888e+07    5.46967e+11
          153.7    4.83105e+41    2.23542e+07    5.46401e+11
          153.8    4.90963e+41    2.24197e+07    5.45837e+11
          153.9    4.98946e+41    2.24854e+07    5.45273e+11
            154    5.07055e+41    2.25512e+07     5.4471e+11
          154.1    5.15293e+41    2.26171e+07    5.44148e+11
          154.2    5.23662e+41    2.26831e+07    5.43586e+11
          154.3    5.32162e+41    2.27493e+07    5.43026e+11
          154.4    5.40798e+41    2.28156e+07    5.42466e+11
          154.5     5.4957e+41     2.2882e+07    5.41906e+11
          154.6     5.5848e+41    2.29485e+07    5.41348e+11
          154.7    5.67532e+41    2.30152e+07     5.4079e+11
          154.8    5.76727e+41     2.3082e+07    5.40233e+11
          154.9    5.86066e+41     2.3149e+07    5.39677e+11
            155    5.95554e+41     2.3216e+07    5.39121e+11
          155.1    6.05191e+41    2.32832e+07    5.38567e+11
          155.2     6.1498e+41    2.33505e+07    5.38013e+11
          155.3    6.24923e+41     2.3418e+07     5.3746e+11
          155.4    6.35023e+41    2.34856e+07    5.36907e+11
          155.5    6.45282e+41    2.35533e+07    5.36355e+11
          155.6    6.55703e+41    2.36211e+07    5.35804e+11
          155.7    6.66288e+41    2.36891e+07    5.35254e+11
          155.8    6.77039e+41    2.37571e+07    5.34705e+11
          155.9     6.8796e+41    2.38254e+07    5.34156e+11
            156    6.99052e+41    2.38937e+07    5.33608e+11
          156.1    7.10319e+41    2.39622e+07    5.33061e+11
          156.2    7.21762e+41    2.40308e+07    5.32514e+11
          156.3    7.33386e+41    2.40995e+07    5.31968e+11
          156.4    7.45191e+41    2.41684e+07    5.31423e+11
          156.5    7.57183e+41    2.42374e+07    5.30879e+11
          156.6    7.69362e+41    2.43065e+07    5.30335e+11
          156.7    7.81732e+41    2.43758e+07    5.29792e+11
          156.8    7.94296e+41    2.44451e+07     5.2925e+11
          156.9    8.07057e+41    2.45146e+07    5.28709e+11
            157    8.20018e+41    2.45843e+07    5.28168e+11
          157.1    8.33182e+41    2.46541e+07    5.27628e+11
          157.2    8.46551e+41    2.47239e+07    5.27089e+11
          157.3     8.6013e+41     2.4794e+07     5.2655e+11
          157.4    8.73922e+41    2.48641e+07    5.26012e+11
          157.5    8.87929e+41    2.49344e+07    5.25475e+11
          157.6    9.02154e+41    2.50048e+07    5.24939e+11
          157.7    9.16602e+41    2.50754e+07    5.24403e+11
          157.8    9.31276e+41    2.51461e+07    5.23868e+11
          157.9    9.46178e+41    2.52169e+07    5.23334e+11
            158    9.61313e+41    2.52878e+07      5.228e+11
          158.1    9.76684e+41    2.53589e+07    5.22268e+11
          158.2    9.92295e+41    2.54301e+07    5.21735e+11
          158.3    1.00815e+42    2.55014e+07    5.21204e+11
          158.4    1.02425e+42    2.55729e+07    5.20673e+11
          158.5     1.0406e+42    2.56445e+07    5.20143e+11
          158.6    1.05721e+42    2.57162e+07    5.19614e+11
          158.7    1.07407e+42    2.57881e+07    5.19086e+11
          158.8     1.0912e+42      2.586e+07    5.18558e+11
          158.9    1.10859e+42    2.59322e+07    5.18031e+11
            159    1.12625e+42    2.60044e+07    5.17504e+11
          159.1    1.14419e+42    2.60768e+07    5.16978e+11
          159.2    1.16241e+42    2.61493e+07    5.16453e+11
          159.3    1.18091e+42    2.62219e+07    5.15929e+11
          159.4    1.19969e+42    2.62947e+07    5.15405e+11
          159.5    1.21877e+42    2.63676e+07    5.14882e+11
          159.6    1.23814e+42    2.64407e+07     5.1436e+11
          159.7    1.25781e+42    2.65138e+07    5.13838e+11
          159.8    1.27779e+42    2.65871e+07    5.13318e+11
          159.9    1.29808e+42    2.66606e+07    5.12797e+11
            160    1.31868e+42    2.67341e+07    5.12278e+11
          160.1     1.3396e+42    2.68078e+07    5.11759e+11
          160.2    1.36084e+42    2.68817e+07    5.11241e+11
          160.3    1.38241e+42    2.69556e+07    5.10724e+11
          160.4    1.40432e+42    2.70297e+07    5.10207e+11
          160.5    1.42656e+42     2.7104e+07    5.09691e+11
          160.6    1.44915e+42    2.71783e+07    5.09175e+11
          160.7    1.47209e+42    2.72528e+07    5.08661e+11
          160.8    1.49538e+42    2.73274e+07    5.08147e+11
          160.9    1.51903e+42    2.74022e+07    5.07633e+11
            161    1.54304e+42    2.74771e+07    5.07121e+11
          161.1    1.56742e+42    2.75521e+07    5.06609e+11
          161.2    1.59218e+42    2.76273e+07    5.06097e+11
          161.3    1.61732e+42    2.77025e+07    5.05587e+11
          161.4    1.64285e+42     2.7778e+07    5.05077e+11
          161.5    1.66877e+42    2.78535e+07    5.04568e+11
          161.6    1.69509e+42    2.79292e+07    5.04059e+11
          161.7    1.72181e+42     2.8005e+07    5.03551e+11
          161.8    1.74895e+42     2.8081e+07    5.03044e+11
          161.9     1.7765e+42    2.81571e+07    5.02537e+11
            162    1.80447e+42    2.82333e+07    5.02031e+11
          162.1    1.83288e+42    2.83096e+07    5.01526e+11
          162.2    1.86172e+42    2.83861e+07    5.01022e+11
          162.3      1.891e+42    2.84628e+07    5.00518e+11
          162.4    1.92073e+42    2.85395e+07    5.00014e+11
          162.5    1.95092e+42    2.86164e+07    4.99512e+11
          162.6    1.98157e+42    2.86934e+07     4.9901e+11
          162.7    2.01269e+42    2.87706e+07    4.98509e+11
          162.8    2.04428e+42    2.88479e+07    4.98008e+11
          162.9    2.07636e+42    2.89253e+07    4.97508e+11
            163    2.10893e+42    2.90029e+07    4.97009e+11
          163.1      2.142e+42    2.90806e+07     4.9651e+11
          163.2    2.17557e+42    2.91584e+07    4.96012e+11
          163.3    2.20966e+42    2.92364e+07    4.95515e+11
          163.4    2.24427e+42    2.93144e+07    4.95018e+11
          163.5     2.2794e+42    2.93927e+07    4.94522e+11
          163.6    2.31508e+42     2.9471e+07    4.94027e+11
          163.7    2.35129e+42    2.95496e+07    4.93532e+11
          163.8    2.38806e+42    2.96282e+07    4.93038e+11
          163.9    2.42539e+42     2.9707e+07    4.92545e+11
            164    2.46329e+42    2.97859e+07    4.92052e+11
          164.1    2.50177e+42    2.98649e+07     4.9156e+11
          164.2    2.54083e+42    2.99441e+07    4.91068e+11
          164.3    2.58048e+42    3.00234e+07    4.90577e+11
          164.4    2.62074e+42    3.01028e+07    4.90087e+11
          164.5    2.66161e+42    3.01824e+07    4.89598e+11
          164.6    2.70311e+42    3.02621e+07    4.89109e+11
          164.7    2.74523e+42     3.0342e+07     4.8862e+11
          164.8      2.788e+42     3.0422e+07    4.88133e+11
          164.9    2.83141e+42    3.05021e+07    4.87646e+11
            165    2.87548e+42    3.05824e+07    4.87159e+11
          165.1    2.92022e+42    3.06628e+07    4.86674e+11
          165.2    2.96565e+42    3.07433e+07    4.86189e+11
          165.3    3.01175e+42     3.0824e+07    4.85704e+11
          165.4    3.05856e+42    3.09048e+07     4.8522e+11
          165.5    3.10608e+42    3.09857e+07    4.84737e+11
          165.6    3.15432e+42    3.10668e+07    4.84255e+11
          165.7    3.20328e+42     3.1148e+07    4.83773e+11
          165.8    3.25299e+42    3.12293e+07    4.83291e+11
          165.9    3.30345e+42    3.13108e+07    4.82811e+11
            166    3.35468e+42    3.13924e+07    4.82331e+11
          166.1    3.40668e+42    3.14742e+07    4.81851e+11
          166.2    3.45946e+42    3.15561e+07    4.81372e+11
          166.3    3.51304e+42    3.16381e+07    4.80894e+11
          166.4    3.56743e+42    3.17203e+07    4.80417e+11
          166.5    3.62264e+42    3.18026e+07     4.7994e+11
          166.6    3.67869e+42     3.1885e+07    4.79463e+11
          166.7    3.73558e+42    3.19676e+07    4.78988e+11
          166.8    3.79333e+42    3.20503e+07    4.78513e+11
          166.9    3.85195e+42    3.21331e+07    4.78038e+11
            167    3.91145e+42    3.22161e+07    4.77564e+11
          167.1    3.97184e+42    3.22992e+07    4.77091e+11
          167.2    4.03315e+42    3.23825e+07    4.76618e+11
          167.3    4.09538e+42    3.24659e+07    4.76146e+11
          167.4    4.15855e+42    3.25494e+07    4.75675e+11
          167.5    4.22266e+42    3.26331e+07    4.75204e+11
          167.6    4.28774e+42    3.27169e+07    4.74734e+11
          167.7     4.3538e+42    3.28009e+07    4.74265e+11
          167.8    4.42085e+42    3.28849e+07    4.73796e+11
          167.9    4.48891e+42    3.29692e+07    4.73327e+11
            168    4.55798e+42    3.30535e+07    4.72859e+11
          168.1     4.6281e+42     3.3138e+07    4.72392e+11
          168.2    4.69926e+42    3.32226e+07    4.71926e+11
          168.3     4.7715e+42    3.33074e+07     4.7146e+11
          168.4    4.84481e+42    3.33923e+07    4.70995e+11
          168.5    4.91923e+42    3.34774e+07     4.7053e+11
          168.6    4.99475e+42    3.35625e+07    4.70066e+11
          168.7    5.07141e+42    3.36479e+07    4.69602e+11
          168.8    5.14922e+42    3.37333e+07    4.69139e+11
          168.9    5.22819e+42    3.38189e+07    4.68677e+11
            169    5.30834e+42    3.39046e+07    4.68215e+11
          169.1    5.38969e+42    3.39905e+07    4.67754e+11
          169.2    5.47225e+42    3.40765e+07    4.67294e+11
          169.3    5.55605e+42    3.41627e+07    4.66834e+11
          169.4     5.6411e+42     3.4249e+07    4.66374e+11
          169.5    5.72742e+42    3.43354e+07    4.65916e+11
          169.6    5.81502e+42     3.4422e+07    4.65457e+11
          169.7    5.90393e+42    3.45087e+07       4.65e+11
          169.8    5.99417e+42    3.45955e+07    4.64543e+11
          169.9    6.08576e+42    3.46825e+07    4.64086e+11
            170     6.1787e+42    3.47696e+07    4.63631e+11
          170.1    6.27303e+42    3.48569e+07    4.63175e+11
          170.2    6.36877e+42    3.49443e+07    4.62721e+11
          170.3    6.46593e+42    3.50318e+07    4.62267e+11
          170.4    6.56453e+42    3.51195e+07    4.61813e+11
          170.5     6.6646e+42    3.52073e+07     4.6136e+11
          170.6    6.76616e+42    3.52952e+07    4.60908e+11
          170.7    6.86923e+42    3.53833e+07    4.60456e+11
          170.8    6.97383e+42    3.54715e+07    4.60005e+11
          170.9    7.07998e+42    3.55599e+07    4.59555e+11
            171    7.18771e+42    3.56484e+07    4.59105e+11
          171.1    7.29703e+42    3.57371e+07    4.58655e+11
          171.2    7.40798e+42    3.58259e+07    4.58206e+11
          171.3    7.52057e+42    3.59148e+07    4.57758e+11
          171.4    7.63483e+42    3.60038e+07     4.5731e+11
          171.5    7.75078e+42     3.6093e+07    4.56863e+11
          171.6    7.86845e+42    3.61824e+07    4.56417e+11
          171.7    7.98786e+42    3.62719e+07    4.55971e+11
          171.8    8.10904e+42    3.63615e+07    4.55525e+11
          171.9    8.23201e+42    3.64513e+07    4.55081e+11
            172    8.35679e+42    3.65412e+07    4.54636e+11
          172.1    8.48343e+42    3.66312e+07    4.54193e+11
          172.2    8.61193e+42    3.67214e+07    4.53749e+11
          172.3    8.74233e+42    3.68117e+07    4.53307e+11
          172.4    8.87466e+42    3.69022e+07    4.52865e+11
          172.5    9.00894e+42    3.69928e+07    4.52424e+11
          172.6     9.1452e+42    3.70835e+07    4.51983e+11
          172.7    9.28347e+42    3.71744e+07    4.51542e+11
          172.8    9.42378e+42    3.72654e+07    4.51103e+11
          172.9    9.56616e+42    3.73566e+07    4.50663e+11
            173    9.71063e+42    3.74479e+07    4.50225e+11
          173.1    9.85723e+42    3.75393e+07    4.49787e+11
          173.2     1.0006e+43    3.76309e+07    4.49349e+11
          173.3    1.01569e+43    3.77226e+07    4.48912e+11
          173.4    1.03101e+43    3.78145e+07    4.48476e+11
          173.5    1.04655e+43    3.79065e+07     4.4804e+11
          173.6    1.06232e+43    3.79987e+07    4.47605e+11
          173.7    1.07833e+43    3.80909e+07     4.4717e+11
          173.8    1.09456e+43    3.81834e+07    4.46736e+11
          173.9    1.11104e+43    3.82759e+07    4.46302e+11
            174    1.12776e+43    3.83686e+07    4.45869e+11
          174.1    1.14472e+43    3.84615e+07    4.45437e+11
          174.2    1.16193e+43    3.85545e+07    4.45005e+11
          174.3    1.17939e+43    3.86476e+07    4.44573e+11
          174.4    1.19711e+43    3.87409e+07    4.44142e+11
          174.5    1.21509e+43    3.88343e+07    4.43712e+11
          174.6    1.23334e+43    3.89279e+07    4.43282e+11
          174.7    1.25185e+43    3.90215e+07    4.42853e+11
          174.8    1.27063e+43    3.91154e+07    4.42424e+11
          174.9    1.28968e+43    3.92094e+07    4.41996e+11
            175    1.30902e+43    3.93035e+07    4.41569e+11
          175.1    1.32863e+43    3.93977e+07    4.41142e+11
          175.2    1.34854e+43    3.94921e+07    4.40715e+11
          175.3    1.36873e+43    3.95867e+07    4.40289e+11
          175.4    1.38922e+43    3.96814e+07    4.39864e+11
          175.5    1.41001e+43    3.97762e+07    4.39439e+11
          175.6     1.4311e+43    3.98712e+07    4.39014e+11
          175.7     1.4525e+43    3.99663e+07    4.38591e+11
          175.8    1.47421e+43    4.00615e+07    4.38167e+11
          175.9    1.49623e+43    4.01569e+07    4.37745e+11
            176    1.51858e+43    4.02524e+07    4.37322e+11
          176.1    1.54126e+43    4.03481e+07    4.36901e+11
          176.2    1.56426e+43    4.04439e+07     4.3648e+11
          176.3     1.5876e+43    4.05399e+07    4.36059e+11
          176.4    1.61128e+43     4.0636e+07    4.35639e+11
          176.5     1.6353e+43    4.07322e+07    4.35219e+11
          176.6    1.65967e+43    4.08286e+07      4.348e+11
          176.7     1.6844e+43    4.09251e+07    4.34382e+11
          176.8    1.70948e+43    4.10218e+07    4.33964e+11
          176.9    1.73493e+43    4.11186e+07    4.33546e+11
            177    1.76075e+43    4.12156e+07    4.33129e+11
          177.1    1.78694e+43    4.13127e+07    4.32713e+11
          177.2    1.81352e+43    4.14099e+07    4.32297e+11
          177.3    1.84047e+43    4.15073e+07    4.31882e+11
          177.4    1.86782e+43    4.16048e+07    4.31467e+11
          177.5    1.89557e+43    4.17025e+07    4.31053e+11
          177.6    1.92372e+43    4.18003e+07    4.30639e+11
          177.7    1.95227e+43    4.18982e+07    4.30225e+11
          177.8    1.98124e+43    4.19963e+07    4.29813e+11
          177.9    2.01063e+43    4.20945e+07    4.29401e+11
            178    2.04044e+43    4.21929e+07    4.28989e+11
          178.1    2.07068e+43    4.22914e+07    4.28578e+11
          178.2    2.10136e+43    4.23901e+07    4.28167e+11
          178.3    2.13249e+43    4.24889e+07    4.27757e+11
          178.4    2.16406e+43    4.25878e+07    4.27347e+11
          178.5    2.19609e+43    4.26869e+07    4.26938e+11
          178.6    2.22858e+43    4.27862e+07    4.26529e+11
          178.7    2.26154e+43    4.28855e+07    4.26121e+11
          178.8    2.29498e+43    4.29851e+07    4.25714e+11
          178.9     2.3289e+43    4.30847e+07    4.25307e+11
            179     2.3633e+43    4.31845e+07      4.249e+11
          179.1     2.3982e+43    4.32845e+07    4.24494e+11
          179.2    2.43361e+43    4.33846e+07    4.24088e+11
          179.3    2.46952e+43    4.34848e+07    4.23683e+11
          179.4    2.50595e+43    4.35852e+07    4.23279e+11
          179.5    2.54291e+43    4.36857e+07    4.22875e+11
          179.6     2.5804e+43    4.37863e+07    4.22471e+11
          179.7    2.61842e+43    4.38871e+07    4.22068e+11
          179.8    2.65699e+43    4.39881e+07    4.21666e+11
          179.9    2.69612e+43    4.40892e+07    4.21264e+11
            180    2.73581e+43    4.41904e+07    4.20862e+11
          180.1    2.77607e+43    4.42918e+07    4.20461e+11
          180.2     2.8169e+43    4.43933e+07    4.20061e+11
          180.3    2.85832e+43     4.4495e+07     4.1966e+11
          180.4    2.90034e+43    4.45968e+07    4.19261e+11
          180.5    2.94295e+43    4.46987e+07    4.18862e+11
          180.6    2.98618e+43    4.48008e+07    4.18463e+11
          180.7    3.03003e+43    4.49031e+07    4.18065e+11
          180.8     3.0745e+43    4.50054e+07    4.17668e+11
          180.9    3.11961e+43     4.5108e+07    4.17271e+11
            181    3.16537e+43    4.52106e+07    4.16874e+11
          181.1    3.21178e+43    4.53135e+07    4.16478e+11
          181.2    3.25885e+43    4.54164e+07    4.16083e+11
          181.3     3.3066e+43    4.55195e+07    4.15688e+11
          181.4    3.35503e+43    4.56228e+07    4.15293e+11
          181.5    3.40415e+43    4.57261e+07    4.14899e+11
          181.6    3.45397e+43    4.58297e+07    4.14505e+11
          181.7    3.50451e+43    4.59334e+07    4.14112e+11
          181.8    3.55576e+43    4.60372e+07     4.1372e+11
          181.9    3.60775e+43    4.61411e+07    4.13327e+11
            182    3.66047e+43    4.62452e+07    4.12936e+11
          182.1    3.71395e+43    4.63495e+07    4.12545e+11
          182.2    3.76819e+43    4.64539e+07    4.12154e+11
          182.3     3.8232e+43    4.65584e+07    4.11764e+11
          182.4      3.879e+43    4.66631e+07    4.11374e+11
          182.5    3.93559e+43    4.67679e+07    4.10985e+11
          182.6    3.99298e+43    4.68729e+07    4.10596e+11
          182.7    4.05119e+43     4.6978e+07    4.10208e+11
          182.8    4.11023e+43    4.70833e+07     4.0982e+11
          182.9    4.17011e+43    4.71887e+07    4.09433e+11
            183    4.23083e+43    4.72942e+07    4.09046e+11
          183.1    4.29242e+43    4.73999e+07     4.0866e+11
          183.2    4.35489e+43    4.75058e+07    4.08274e+11
          183.3    4.41824e+43    4.76118e+07    4.07888e+11
          183.4    4.48249e+43    4.77179e+07    4.07503e+11
          183.5    4.54765e+43    4.78242e+07    4.07119e+11
          183.6    4.61373e+43    4.79306e+07    4.06735e+11
          183.7    4.68075e+43    4.80371e+07    4.06351e+11
          183.8    4.74872e+43    4.81438e+07    4.05968e+11
          183.9    4.81765e+43    4.82507e+07    4.05586e+11
            184    4.88756e+43    4.83577e+07    4.05204e+11
          184.1    4.95846e+43    4.84648e+07    4.04822e+11
          184.2    5.03036e+43    4.85721e+07    4.04441e+11
          184.3    5.10328e+43    4.86795e+07     4.0406e+11
          184.4    5.17722e+43    4.87871e+07     4.0368e+11
          184.5    5.25221e+43    4.88948e+07    4.03301e+11
          184.6    5.32827e+43    4.90027e+07    4.02921e+11
          184.7    5.40539e+43    4.91107e+07    4.02543e+11
          184.8    5.48361e+43    4.92188e+07    4.02164e+11
          184.9    5.56292e+43    4.93271e+07    4.01786e+11
            185    5.64336e+43    4.94356e+07    4.01409e+11
          185.1    5.72493e+43    4.95442e+07    4.01032e+11
          185.2    5.80765e+43    4.96529e+07    4.00656e+11
          185.3    5.89153e+43    4.97618e+07     4.0028e+11
          185.4     5.9766e+43    4.98708e+07    3.99904e+11
          185.5    6.06287e+43      4.998e+07    3.99529e+11
          185.6    6.15035e+43    5.00893e+07    3.99154e+11
          185.7    6.23906e+43    5.01987e+07     3.9878e+11
          185.8    6.32901e+43    5.03083e+07    3.98406e+11
          185.9    6.42024e+43    5.04181e+07    3.98033e+11
            186    6.51274e+43     5.0528e+07     3.9766e+11
          186.1    6.60655e+43     5.0638e+07    3.97288e+11
          186.2    6.70167e+43    5.07482e+07    3.96916e+11
          186.3    6.79812e+43    5.08585e+07    3.96545e+11
          186.4    6.89594e+43     5.0969e+07    3.96174e+11
          186.5    6.99512e+43    5.10796e+07    3.95803e+11
          186.6    7.09569e+43    5.11904e+07    3.95433e+11
          186.7    7.19768e+43    5.13013e+07    3.95064e+11
          186.8    7.30109e+43    5.14123e+07    3.94695e+11
          186.9    7.40596e+43    5.15235e+07    3.94326e+11
            187    7.51229e+43    5.16349e+07    3.93958e+11
          187.1    7.62011e+43    5.17464e+07     3.9359e+11
          187.2    7.72944e+43     5.1858e+07    3.93223e+11
          187.3     7.8403e+43    5.19698e+07    3.92856e+11
          187.4    7.95271e+43    5.20817e+07    3.92489e+11
          187.5    8.06669e+43    5.21938e+07    3.92123e+11
          187.6    8.18226e+43     5.2306e+07    3.91758e+11
          187.7    8.29945e+43    5.24184e+07    3.91393e+11
          187.8    8.41828e+43    5.25309e+07    3.91028e+11
          187.9    8.53877e+43    5.26435e+07    3.90664e+11
            188    8.66093e+43    5.27563e+07      3.903e+11
          188.1     8.7848e+43    5.28693e+07    3.89937e+11
          188.2     8.9104e+43    5.29824e+07    3.89574e+11
          188.3    9.03775e+43    5.30956e+07    3.89211e+11
          188.4    9.16688e+43     5.3209e+07    3.88849e+11
          188.5     9.2978e+43    5.33225e+07    3.88488e+11
          188.6    9.43055e+43    5.34362e+07    3.88127e+11
          188.7    9.56515e+43      5.355e+07    3.87766e+11
          188.8    9.70161e+43     5.3664e+07    3.87406e+11
          188.9    9.83998e+43    5.37781e+07    3.87046e+11
            189    9.98028e+43    5.38924e+07    3.86686e+11
          189.1    1.01225e+44    5.40068e+07    3.86328e+11
          189.2    1.02667e+44    5.41213e+07    3.85969e+11
          189.3     1.0413e+44     5.4236e+07    3.85611e+11
          189.4    1.05612e+44    5.43509e+07    3.85253e+11
          189.5    1.07115e+44    5.44658e+07    3.84896e+11
          189.6    1.08639e+44     5.4581e+07    3.84539e+11
          189.7    1.10184e+44    5.46963e+07    3.84183e+11
          189.8    1.11751e+44    5.48117e+07    3.83827e+11
          189.9    1.13339e+44    5.49273e+07    3.83472e+11
            190     1.1495e+44     5.5043e+07    3.83117e+11
          190.1    1.16582e+44    5.51588e+07    3.82762e+11
          190.2    1.18237e+44    5.52748e+07    3.82408e+11
          190.3    1.19916e+44     5.5391e+07    3.82054e+11
          190.4    1.21617e+44    5.55073e+07    3.81701e+11
          190.5    1.23342e+44    5.56238e+07    3.81348e+11
          190.6    1.25091e+44    5.57403e+07    3.80996e+11
          190.7    1.26864e+44    5.58571e+07    3.80644e+11
          190.8    1.28661e+44     5.5974e+07    3.80292e+11
          190.9    1.30483e+44     5.6091e+07    3.79941e+11
            191    1.32331e+44    5.62082e+07     3.7959e+11
          191.1    1.34204e+44    5.63255e+07     3.7924e+11
          191.2    1.36103e+44     5.6443e+07     3.7889e+11
          191.3    1.38028e+44    5.65606e+07     3.7854e+11
          191.4    1.39979e+44    5.66784e+07    3.78191e+11
          191.5    1.41958e+44    5.67963e+07    3.77843e+11
          191.6    1.43963e+44    5.69143e+07    3.77494e+11
          191.7    1.45997e+44    5.70325e+07    3.77147e+11
          191.8    1.48058e+44    5.71509e+07    3.76799e+11
          191.9    1.50148e+44    5.72694e+07    3.76452e+11
            192    1.52266e+44     5.7388e+07    3.76106e+11
          192.1    1.54414e+44    5.75068e+07     3.7576e+11
          192.2    1.56591e+44    5.76257e+07    3.75414e+11
          192.3    1.58799e+44    5.77448e+07    3.75069e+11
          192.4    1.61036e+44    5.78641e+07    3.74724e+11
          192.5    1.63304e+44    5.79834e+07    3.74379e+11
          192.6    1.65604e+44    5.81029e+07    3.74035e+11
          192.7    1.67935e+44    5.82226e+07    3.73692e+11
          192.8    1.70298e+44    5.83424e+07    3.73348e+11
          192.9    1.72693e+44    5.84624e+07    3.73006e+11
            193    1.75121e+44    5.85825e+07    3.72663e+11
          193.1    1.77583e+44    5.87027e+07    3.72321e+11
          193.2    1.80078e+44    5.88231e+07     3.7198e+11
          193.3    1.82608e+44    5.89437e+07    3.71638e+11
          193.4    1.85172e+44    5.90644e+07    3.71298e+11
          193.5    1.87771e+44    5.91852e+07    3.70957e+11
          193.6    1.90406e+44    5.93062e+07    3.70617e+11
          193.7    1.93077e+44    5.94273e+07    3.70278e+11
          193.8    1.95784e+44    5.95486e+07    3.69939e+11
          193.9    1.98529e+44      5.967e+07      3.696e+11
            194    2.01311e+44    5.97916e+07    3.69262e+11
          194.1    2.04131e+44    5.99133e+07    3.68924e+11
          194.2    2.06989e+44    6.00352e+07    3.68586e+11
          194.3    2.09887e+44    6.01572e+07    3.68249e+11
          194.4    2.12824e+44    6.02794e+07    3.67912e+11
          194.5    2.15801e+44    6.04017e+07    3.67576e+11
          194.6    2.18819e+44    6.05241e+07     3.6724e+11
          194.7    2.21878e+44    6.06467e+07    3.66905e+11
          194.8    2.24979e+44    6.07695e+07     3.6657e+11
          194.9    2.28122e+44    6.08924e+07    3.66235e+11
            195    2.31307e+44    6.10154e+07    3.65901e+11
          195.1    2.34537e+44    6.11386e+07    3.65567e+11
          195.2     2.3781e+44    6.12619e+07    3.65233e+11
          195.3    2.41127e+44    6.13854e+07      3.649e+11
          195.4     2.4449e+44     6.1509e+07    3.64568e+11
          195.5    2.47899e+44    6.16328e+07    3.64235e+11
          195.6    2.51353e+44    6.17567e+07    3.63903e+11
          195.7    2.54855e+44    6.18808e+07    3.63572e+11
          195.8    2.58405e+44     6.2005e+07    3.63241e+11
          195.9    2.62002e+44    6.21294e+07     3.6291e+11
            196    2.65649e+44    6.22539e+07     3.6258e+11
          196.1    2.69345e+44    6.23785e+07     3.6225e+11
          196.2    2.73091e+44    6.25033e+07     3.6192e+11
          196.3    2.76888e+44    6.26283e+07    3.61591e+11
          196.4    2.80736e+44    6.27534e+07    3.61262e+11
          196.5    2.84637e+44    6.28786e+07    3.60934e+11
          196.6     2.8859e+44     6.3004e+07    3.60606e+11
          196.7    2.92597e+44    6.31295e+07    3.60279e+11
          196.8    2.96658e+44    6.32552e+07    3.59951e+11
          196.9    3.00774e+44     6.3381e+07    3.59625e+11
            197    3.04946e+44     6.3507e+07    3.59298e+11
          197.1    3.09175e+44    6.36331e+07    3.58972e+11
          197.2     3.1346e+44    6.37594e+07    3.58647e+11
          197.3    3.17804e+44    6.38858e+07    3.58321e+11
          197.4    3.22206e+44    6.40124e+07    3.57996e+11
          197.5    3.26667e+44    6.41391e+07    3.57672e+11
          197.6    3.31189e+44     6.4266e+07    3.57348e+11
          197.7    3.35772e+44     6.4393e+07    3.57024e+11
          197.8    3.40417e+44    6.45201e+07    3.56701e+11
          197.9    3.45124e+44    6.46474e+07    3.56378e+11
            198    3.49895e+44    6.47749e+07    3.56055e+11
          198.1     3.5473e+44    6.49025e+07    3.55733e+11
          198.2    3.59631e+44    6.50302e+07    3.55411e+11
          198.3    3.64597e+44    6.51581e+07     3.5509e+11
          198.4     3.6963e+44    6.52861e+07    3.54769e+11
          198.5    3.74731e+44    6.54143e+07    3.54448e+11
          198.6    3.79901e+44    6.55426e+07    3.54128e+11
          198.7     3.8514e+44    6.56711e+07    3.53808e+11
          198.8     3.9045e+44    6.57997e+07    3.53489e+11
          198.9    3.95831e+44    6.59285e+07    3.53169e+11
            199    4.01284e+44    6.60574e+07    3.52851e+11
          199.1    4.06811e+44    6.61865e+07    3.52532e+11
          199.2    4.12412e+44    6.63157e+07    3.52214e+11
          199.3    4.18088e+44     6.6445e+07    3.51897e+11
          199.4    4.23841e+44    6.65745e+07    3.51579e+11
          199.5     4.2967e+44    6.67042e+07    3.51263e+11
          199.6    4.35578e+44     6.6834e+07    3.50946e+11
          199.7    4.41565e+44    6.69639e+07     3.5063e+11
          199.8    4.47632e+44     6.7094e+07    3.50314e+11
          199.9     4.5378e+44    6.72242e+07    3.49999e+11
            200    4.60011e+44    6.73546e+07    3.49684e+11
          200.1    4.66325e+44    6.74852e+07    3.49369e+11
          200.2    4.72724e+44    6.76158e+07    3.49055e+11
          200.3    4.79209e+44    6.77467e+07    3.48741e+11
          200.4     4.8578e+44    6.78776e+07    3.48427e+11
          200.5    4.92439e+44    6.80087e+07    3.48114e+11
          200.6    4.99187e+44      6.814e+07    3.47801e+11
          200.7    5.06025e+44    6.82714e+07    3.47489e+11
          200.8    5.12955e+44     6.8403e+07    3.47177e+11
          200.9    5.19977e+44    6.85347e+07    3.46865e+11
            201    5.27093e+44    6.86665e+07    3.46554e+11
          201.1    5.34304e+44    6.87985e+07    3.46243e+11
          201.2    5.41611e+44    6.89307e+07    3.45932e+11
          201.3    5.49016e+44     6.9063e+07    3.45622e+11
          201.4    5.56519e+44    6.91954e+07    3.45312e+11
          201.5    5.64122e+44     6.9328e+07    3.45003e+11
          201.6    5.71827e+44    6.94608e+07    3.44693e+11
          201.7    5.79634e+44    6.95936e+07    3.44385e+11
          201.8    5.87545e+44    6.97267e+07    3.44076e+11
          201.9    5.95562e+44    6.98599e+07    3.43768e+11
            202    6.03685e+44    6.99932e+07     3.4346e+11
          202.1    6.11916e+44    7.01266e+07    3.43153e+11
          202.2    6.20257e+44    7.02603e+07    3.42846e+11
          202.3    6.28708e+44     7.0394e+07     3.4254e+11
          202.4    6.37272e+44    7.05279e+07    3.42233e+11
          202.5     6.4595e+44     7.0662e+07    3.41927e+11
          202.6    6.54743e+44    7.07962e+07    3.41622e+11
          202.7    6.63653e+44    7.09306e+07    3.41317e+11
          202.8     6.7268e+44    7.10651e+07    3.41012e+11
          202.9    6.81828e+44    7.11997e+07    3.40707e+11
            203    6.91097e+44    7.13345e+07    3.40403e+11
          203.1    7.00489e+44    7.14694e+07    3.40099e+11
          203.2    7.10005e+44    7.16045e+07    3.39796e+11
          203.3    7.19648e+44    7.17398e+07    3.39493e+11
          203.4    7.29418e+44    7.18751e+07     3.3919e+11
          203.5    7.39317e+44    7.20107e+07    3.38888e+11
          203.6    7.49348e+44    7.21464e+07    3.38586e+11
          203.7    7.59511e+44    7.22822e+07    3.38284e+11
          203.8    7.69809e+44    7.24181e+07    3.37983e+11
          203.9    7.80243e+44    7.25543e+07    3.37682e+11
            204    7.90815e+44    7.26905e+07    3.37381e+11
          204.1    8.01526e+44    7.28269e+07    3.37081e+11
          204.2    8.12379e+44    7.29635e+07    3.36781e+11
          204.3    8.23375e+44    7.31002e+07    3.36482e+11
          204.4    8.34517e+44     7.3237e+07    3.36183e+11
          204.5    8.45805e+44     7.3374e+07    3.35884e+11
          204.6    8.57243e+44    7.35112e+07    3.35585e+11
          204.7    8.68831e+44    7.36485e+07    3.35287e+11
          204.8    8.80572e+44    7.37859e+07    3.34989e+11
          204.9    8.92468e+44    7.39235e+07    3.34692e+11
            205     9.0452e+44    7.40612e+07    3.34395e+11
          205.1    9.16732e+44    7.41991e+07    3.34098e+11
          205.2    9.29104e+44    7.43371e+07    3.33802e+11
          205.3    9.41639e+44    7.44753e+07    3.33505e+11
          205.4    9.54339e+44    7.46136e+07     3.3321e+11
          205.5    9.67206e+44    7.47521e+07    3.32914e+11
          205.6    9.80242e+44    7.48907e+07    3.32619e+11
          205.7    9.93449e+44    7.50295e+07    3.32325e+11
          205.8    1.00683e+45    7.51684e+07     3.3203e+11
          205.9    1.02039e+45    7.53074e+07    3.31736e+11
            206    1.03412e+45    7.54466e+07    3.31442e+11
          206.1    1.04804e+45     7.5586e+07    3.31149e+11
          206.2    1.06213e+45    7.57255e+07    3.30856e+11
          206.3    1.07642e+45    7.58651e+07    3.30563e+11
          206.4    1.09089e+45    7.60049e+07    3.30271e+11
          206.5    1.10555e+45    7.61448e+07    3.29979e+11
          206.6     1.1204e+45    7.62849e+07    3.29687e+11
          206.7    1.13545e+45    7.64251e+07    3.29396e+11
          206.8    1.15069e+45    7.65655e+07    3.29105e+11
          206.9    1.16613e+45     7.6706e+07    3.28815e+11
            207    1.18178e+45    7.68467e+07    3.28524e+11
          207.1    1.19763e+45    7.69875e+07    3.28234e+11
          207.2    1.21368e+45    7.71285e+07    3.27945e+11
          207.3    1.22995e+45    7.72696e+07    3.27655e+11
          207.4    1.24643e+45    7.74108e+07    3.27366e+11
          207.5    1.26313e+45    7.75522e+07    3.27078e+11
          207.6    1.28004e+45    7.76938e+07    3.26789e+11
          207.7    1.29718e+45    7.78355e+07    3.26501e+11
          207.8    1.31453e+45    7.79773e+07    3.26214e+11
          207.9    1.33212e+45    7.81193e+07    3.25927e+11
            208    1.34993e+45    7.82614e+07     3.2564e+11
          208.1    1.36798e+45    7.84037e+07    3.25353e+11
          208.2    1.38626e+45    7.85462e+07    3.25067e+11
          208.3    1.40478e+45    7.86887e+07    3.24781e+11
          208.4    1.42354e+45    7.88314e+07    3.24495e+11
          208.5    1.44255e+45    7.89743e+07     3.2421e+11
          208.6     1.4618e+45    7.91173e+07    3.23925e+11
          208.7     1.4813e+45    7.92605e+07     3.2364e+11
          208.8    1.50106e+45    7.94038e+07    3.23356e+11
          208.9    1.52108e+45    7.95472e+07    3.23072e+11
            209    1.54135e+45    7.96908e+07    3.22788e+11
          209.1    1.56189e+45    7.98346e+07    3.22505e+11
          209.2    1.58269e+45    7.99785e+07    3.22222e+11
          209.3    1.60377e+45    8.01225e+07    3.21939e+11
          209.4    1.62512e+45    8.02667e+07    3.21656e+11
          209.5    1.64674e+45     8.0411e+07    3.21374e+11
          209.6    1.66865e+45    8.05555e+07    3.21093e+11
          209.7    1.69084e+45    8.07001e+07    3.20811e+11
          209.8    1.71332e+45    8.08449e+07     3.2053e+11
          209.9    1.73609e+45    8.09898e+07    3.20249e+11
            210    1.75916e+45    8.11349e+07    3.19969e+11
          210.1    1.78252e+45    8.12801e+07    3.19689e+11
          210.2    1.80619e+45    8.14254e+07    3.19409e+11
          210.3    1.83017e+45    8.15709e+07    3.19129e+11
          210.4    1.85445e+45    8.17166e+07     3.1885e+11
          210.5    1.87905e+45    8.18624e+07    3.18571e+11
          210.6    1.90397e+45    8.20083e+07    3.18293e+11
          210.7     1.9292e+45    8.21544e+07    3.18015e+11
          210.8    1.95477e+45    8.23007e+07    3.17737e+11
          210.9    1.98067e+45     8.2447e+07    3.17459e+11
            211     2.0069e+45    8.25936e+07    3.17182e+11
          211.1    2.03347e+45    8.27402e+07    3.16905e+11
          211.2    2.06038e+45     8.2887e+07    3.16628e+11
          211.3    2.08764e+45     8.3034e+07    3.16352e+11
          211.4    2.11525e+45    8.31811e+07    3.16076e+11
          211.5    2.14322e+45    8.33284e+07      3.158e+11
          211.6    2.17154e+45    8.34758e+07    3.15525e+11
          211.7    2.20024e+45    8.36233e+07     3.1525e+11
          211.8     2.2293e+45     8.3771e+07    3.14975e+11
          211.9    2.25874e+45    8.39189e+07    3.14701e+11
            212    2.28856e+45    8.40668e+07    3.14427e+11
          212.1    2.31876e+45     8.4215e+07    3.14153e+11
          212.2    2.34935e+45    8.43633e+07    3.13879e+11
          212.3    2.38033e+45    8.45117e+07    3.13606e+11
          212.4    2.41171e+45    8.46602e+07    3.13333e+11
          212.5     2.4435e+45     8.4809e+07    3.13061e+11
          212.6    2.47569e+45    8.49578e+07    3.12789e+11
          212.7     2.5083e+45    8.51068e+07    3.12517e+11
          212.8    2.54132e+45     8.5256e+07    3.12245e+11
          212.9    2.57477e+45    8.54053e+07    3.11974e+11
            213    2.60865e+45    8.55547e+07    3.11703e+11
          213.1    2.64297e+45    8.57043e+07    3.11432e+11
          213.2    2.67772e+45    8.58541e+07    3.11162e+11
          213.3    2.71292e+45    8.60039e+07    3.10892e+11
          213.4    2.74858e+45     8.6154e+07    3.10622e+11
          213.5    2.78469e+45    8.63041e+07    3.10352e+11
          213.6    2.82126e+45    8.64545e+07    3.10083e+11
          213.7     2.8583e+45    8.66049e+07    3.09814e+11
          213.8    2.89581e+45    8.67555e+07    3.09546e+11
          213.9    2.93381e+45    8.69063e+07    3.09277e+11
            214    2.97229e+45    8.70572e+07     3.0901e+11
          214.1    3.01126e+45    8.72082e+07    3.08742e+11
          214.2    3.05073e+45    8.73594e+07    3.08475e+11
          214.3    3.09071e+45    8.75108e+07    3.08208e+11
          214.4     3.1312e+45    8.76623e+07    3.07941e+11
          214.5     3.1722e+45    8.78139e+07    3.07674e+11
          214.6    3.21373e+45    8.79657e+07    3.07408e+11
          214.7    3.25579e+45    8.81176e+07    3.07142e+11
          214.8    3.29838e+45    8.82697e+07    3.06877e+11
          214.9    3.34152e+45    8.84219e+07    3.06612e+11
            215    3.38521e+45    8.85742e+07    3.06347e+11
          215.1    3.42946e+45    8.87267e+07    3.06082e+11
          215.2    3.47427e+45    8.88794e+07    3.05818e+11
          215.3    3.51965e+45    8.90322e+07    3.05554e+11
          215.4    3.56561e+45    8.91851e+07     3.0529e+11
          215.5    3.61215e+45    8.93382e+07    3.05027e+11
          215.6    3.65929e+45    8.94914e+07    3.04763e+11
          215.7    3.70703e+45    8.96448e+07    3.04501e+11
          215.8    3.75537e+45    8.97983e+07    3.04238e+11
          215.9    3.80433e+45     8.9952e+07    3.03976e+11
            216    3.85392e+45    9.01058e+07    3.03714e+11
          216.1    3.90413e+45    9.02597e+07    3.03452e+11
          216.2    3.95498e+45    9.04138e+07    3.03191e+11
          216.3    4.00648e+45    9.05681e+07     3.0293e+11
          216.4    4.05863e+45    9.07225e+07    3.02669e+11
          216.5    4.11144e+45     9.0877e+07    3.02408e+11
          216.6    4.16492e+45    9.10317e+07    3.02148e+11
          216.7    4.21909e+45    9.11865e+07    3.01888e+11
          216.8    4.27393e+45    9.13415e+07    3.01629e+11
          216.9    4.32948e+45    9.14966e+07    3.01369e+11
            217    4.38573e+45    9.16519e+07     3.0111e+11
          217.1    4.44269e+45    9.18073e+07    3.00852e+11
          217.2    4.50037e+45    9.19628e+07    3.00593e+11
          217.3    4.55879e+45    9.21185e+07    3.00335e+11
          217.4    4.61794e+45    9.22744e+07    3.00077e+11
          217.5    4.67784e+45    9.24304e+07     2.9982e+11
          217.6     4.7385e+45    9.25865e+07    2.99562e+11
          217.7    4.79993e+45    9.27428e+07    2.99305e+11
          217.8    4.86213e+45    9.28992e+07    2.99049e+11
          217.9    4.92512e+45    9.30557e+07    2.98792e+11
            218     4.9889e+45    9.32125e+07    2.98536e+11
          218.1     5.0535e+45    9.33693e+07     2.9828e+11
          218.2     5.1189e+45    9.35263e+07    2.98025e+11
          218.3    5.18514e+45    9.36835e+07     2.9777e+11
          218.4     5.2522e+45    9.38407e+07    2.97515e+11
          218.5    5.32012e+45    9.39982e+07     2.9726e+11
          218.6    5.38889e+45    9.41558e+07    2.97005e+11
          218.7    5.45853e+45    9.43135e+07    2.96751e+11
          218.8    5.52905e+45    9.44713e+07    2.96497e+11
          218.9    5.60045e+45    9.46294e+07    2.96244e+11
            219    5.67275e+45    9.47875e+07    2.95991e+11
          219.1    5.74597e+45    9.49458e+07    2.95738e+11
          219.2     5.8201e+45    9.51043e+07    2.95485e+11
          219.3    5.89517e+45    9.52628e+07    2.95233e+11
          219.4    5.97119e+45    9.54216e+07     2.9498e+11
          219.5    6.04816e+45    9.55805e+07    2.94729e+11
          219.6    6.12609e+45    9.57395e+07    2.94477e+11
          219.7    6.20501e+45    9.58986e+07    2.94226e+11
          219.8    6.28492e+45     9.6058e+07    2.93975e+11
          219.9    6.36583e+45    9.62174e+07    2.93724e+11
            220    6.44776e+45     9.6377e+07    2.93473e+11
          220.1    6.53072e+45    9.65367e+07    2.93223e+11
          220.2    6.61472e+45    9.66966e+07    2.92973e+11
          220.3    6.69977e+45    9.68567e+07    2.92724e+11
          220.4    6.78589e+45    9.70168e+07    2.92474e+11
          220.5    6.87308e+45    9.71772e+07    2.92225e+11
          220.6    6.96138e+45    9.73376e+07    2.91977e+11
          220.7    7.05077e+45    9.74982e+07    2.91728e+11
          220.8    7.14129e+45     9.7659e+07     2.9148e+11
          220.9    7.23294e+45    9.78199e+07    2.91232e+11
            221    7.32574e+45    9.79809e+07    2.90984e+11
          221.1     7.4197e+45    9.81421e+07    2.90737e+11
          221.2    7.51483e+45    9.83034e+07     2.9049e+11
          221.3    7.61116e+45    9.84649e+07    2.90243e+11
          221.4    7.70868e+45    9.86265e+07    2.89996e+11
          221.5    7.80743e+45    9.87883e+07     2.8975e+11
          221.6    7.90741e+45    9.89502e+07    2.89504e+11
          221.7    8.00864e+45    9.91122e+07    2.89258e+11
          221.8    8.11114e+45    9.92744e+07    2.89013e+11
          221.9    8.21491e+45    9.94367e+07    2.88767e+11
            222    8.31998e+45    9.95992e+07    2.88522e+11
          222.1    8.42636e+45    9.97618e+07    2.88278e+11
          222.2    8.53407e+45    9.99246e+07    2.88033e+11
          222.3    8.64312e+45    1.00088e+08    2.87789e+11
          222.4    8.75352e+45    1.00251e+08    2.87545e+11
          222.5    8.86531e+45    1.00414e+08    2.87302e+11
          222.6    8.97848e+45    1.00577e+08    2.87058e+11
          222.7    9.09307e+45    1.00741e+08    2.86815e+11
          222.8    9.20908e+45    1.00904e+08    2.86573e+11
          222.9    9.32654e+45    1.01068e+08     2.8633e+11
            223    9.44545e+45    1.01232e+08    2.86088e+11
          223.1    9.56585e+45    1.01396e+08    2.85846e+11
          223.2    9.68774e+45     1.0156e+08    2.85604e+11
          223.3    9.81115e+45    1.01724e+08    2.85363e+11
          223.4    9.93609e+45    1.01889e+08    2.85122e+11
          223.5    1.00626e+46    1.02054e+08    2.84881e+11
          223.6    1.01906e+46    1.02218e+08     2.8464e+11
          223.7    1.03203e+46    1.02383e+08      2.844e+11
          223.8    1.04516e+46    1.02548e+08     2.8416e+11
          223.9    1.05845e+46    1.02714e+08     2.8392e+11
            224     1.0719e+46    1.02879e+08     2.8368e+11
          224.1    1.08552e+46    1.03044e+08    2.83441e+11
          224.2    1.09931e+46     1.0321e+08    2.83202e+11
          224.3    1.11327e+46    1.03376e+08    2.82963e+11
          224.4     1.1274e+46    1.03542e+08    2.82724e+11
          224.5    1.14171e+46    1.03708e+08    2.82486e+11
          224.6     1.1562e+46    1.03874e+08    2.82248e+11
          224.7    1.17086e+46     1.0404e+08     2.8201e+11
          224.8    1.18571e+46    1.04207e+08    2.81773e+11
          224.9    1.20074e+46    1.04373e+08    2.81536e+11
            225    1.21595e+46     1.0454e+08    2.81299e+11
          225.1    1.23136e+46    1.04707e+08    2.81062e+11
          225.2    1.24695e+46    1.04874e+08    2.80826e+11
          225.3    1.26274e+46    1.05041e+08    2.80589e+11
          225.4    1.27872e+46    1.05209e+08    2.80354e+11
          225.5     1.2949e+46    1.05376e+08    2.80118e+11
          225.6    1.31128e+46    1.05544e+08    2.79883e+11
          225.7    1.32786e+46    1.05712e+08    2.79647e+11
          225.8    1.34464e+46    1.05879e+08    2.79413e+11
          225.9    1.36163e+46    1.06047e+08    2.79178e+11
            226    1.37884e+46    1.06216e+08    2.78944e+11
          226.1    1.39625e+46    1.06384e+08    2.78709e+11
          226.2    1.41388e+46    1.06552e+08    2.78476e+11
          226.3    1.43172e+46    1.06721e+08    2.78242e+11
          226.4    1.44979e+46     1.0689e+08    2.78009e+11
          226.5    1.46808e+46    1.07059e+08    2.77776e+11
          226.6    1.48659e+46    1.07228e+08    2.77543e+11
          226.7    1.50533e+46    1.07397e+08     2.7731e+11
          226.8     1.5243e+46    1.07566e+08    2.77078e+11
          226.9     1.5435e+46    1.07736e+08    2.76846e+11
            227    1.56294e+46    1.07905e+08    2.76614e+11
          227.1    1.58262e+46    1.08075e+08    2.76382e+11
          227.2    1.60254e+46    1.08245e+08    2.76151e+11
          227.3     1.6227e+46    1.08415e+08     2.7592e+11
          227.4    1.64312e+46    1.08585e+08    2.75689e+11
          227.5    1.66378e+46    1.08756e+08    2.75459e+11
          227.6    1.68469e+46    1.08926e+08    2.75229e+11
          227.7    1.70587e+46    1.09097e+08    2.74998e+11
          227.8     1.7273e+46    1.09267e+08    2.74769e+11
          227.9    1.74899e+46    1.09438e+08    2.74539e+11
            228    1.77095e+46    1.09609e+08     2.7431e+11
          228.1    1.79318e+46    1.09781e+08    2.74081e+11
          228.2    1.81568e+46    1.09952e+08    2.73852e+11
          228.3    1.83846e+46    1.10123e+08    2.73624e+11
          228.4    1.86152e+46    1.10295e+08    2.73395e+11
          228.5    1.88485e+46    1.10467e+08    2.73167e+11
          228.6    1.90848e+46    1.10639e+08    2.72939e+11
          228.7    1.93239e+46    1.10811e+08    2.72712e+11
          228.8    1.95659e+46    1.10983e+08    2.72485e+11
          228.9    1.98109e+46    1.11155e+08    2.72258e+11
            229    2.00589e+46    1.11328e+08    2.72031e+11
          229.1    2.03099e+46      1.115e+08    2.71804e+11
          229.2     2.0564e+46    1.11673e+08    2.71578e+11
          229.3    2.08212e+46    1.11846e+08    2.71352e+11
          229.4    2.10815e+46    1.12019e+08    2.71126e+11
          229.5     2.1345e+46    1.12192e+08    2.70901e+11
          229.6    2.16117e+46    1.12365e+08    2.70675e+11
          229.7    2.18817e+46    1.12539e+08     2.7045e+11
          229.8    2.21549e+46    1.12712e+08    2.70225e+11
          229.9    2.24315e+46    1.12886e+08    2.70001e+11
            230    2.27114e+46     1.1306e+08    2.69776e+11
          230.1    2.29948e+46    1.13234e+08    2.69552e+11
          230.2    2.32816e+46    1.13408e+08    2.69328e+11
          230.3    2.35719e+46    1.13582e+08    2.69105e+11
          230.4    2.38657e+46    1.13757e+08    2.68881e+11
          230.5    2.41631e+46    1.13931e+08    2.68658e+11
          230.6    2.44641e+46    1.14106e+08    2.68435e+11
          230.7    2.47688e+46    1.14281e+08    2.68213e+11
          230.8    2.50771e+46    1.14456e+08     2.6799e+11
          230.9    2.53893e+46    1.14631e+08    2.67768e+11
            231    2.57052e+46    1.14806e+08    2.67546e+11
          231.1    2.60249e+46    1.14981e+08    2.67325e+11
          231.2    2.63485e+46    1.15157e+08    2.67103e+11
          231.3     2.6676e+46    1.15333e+08    2.66882e+11
          231.4    2.70075e+46    1.15508e+08    2.66661e+11
          231.5    2.73431e+46    1.15684e+08     2.6644e+11
          231.6    2.76827e+46    1.15861e+08     2.6622e+11
          231.7    2.80264e+46    1.16037e+08       2.66e+11
          231.8    2.83743e+46    1.16213e+08     2.6578e+11
          231.9    2.87263e+46     1.1639e+08     2.6556e+11
            232    2.90827e+46    1.16566e+08     2.6534e+11
          232.1    2.94433e+46    1.16743e+08    2.65121e+11
          232.2    2.98084e+46     1.1692e+08    2.64902e+11
          232.3    3.01778e+46    1.17097e+08    2.64683e+11
          232.4    3.05517e+46    1.17274e+08    2.64465e+11
          232.5    3.09301e+46    1.17452e+08    2.64246e+11
          232.6    3.13131e+46    1.17629e+08    2.64028e+11
          232.7    3.17007e+46    1.17807e+08     2.6381e+11
          232.8     3.2093e+46    1.17985e+08    2.63593e+11
          232.9    3.24901e+46    1.18163e+08    2.63375e+11
            233    3.28919e+46    1.18341e+08    2.63158e+11
          233.1    3.32986e+46    1.18519e+08    2.62941e+11
          233.2    3.37101e+46    1.18697e+08    2.62724e+11
          233.3    3.41267e+46    1.18876e+08    2.62508e+11
          233.4    3.45482e+46    1.19054e+08    2.62292e+11
          233.5    3.49749e+46    1.19233e+08    2.62076e+11
          233.6    3.54066e+46    1.19412e+08     2.6186e+11
          233.7    3.58436e+46    1.19591e+08    2.61644e+11
          233.8    3.62859e+46     1.1977e+08    2.61429e+11
          233.9    3.67334e+46     1.1995e+08    2.61214e+11
            234    3.71864e+46    1.20129e+08    2.60999e+11
          234.1    3.76448e+46    1.20309e+08    2.60785e+11
          234.2    3.81087e+46    1.20488e+08     2.6057e+11
          234.3    3.85782e+46    1.20668e+08    2.60356e+11
          234.4    3.90533e+46    1.20848e+08    2.60142e+11
          234.5    3.95341e+46    1.21028e+08    2.59929e+11
          234.6    4.00207e+46    1.21209e+08    2.59715e+11
          234.7    4.05132e+46    1.21389e+08    2.59502e+11
          234.8    4.10115e+46     1.2157e+08    2.59289e+11
          234.9    4.15159e+46     1.2175e+08    2.59076e+11
            235    4.20263e+46    1.21931e+08    2.58864e+11
          235.1    4.25428e+46    1.22112e+08    2.58651e+11
          235.2    4.30655e+46    1.22293e+08    2.58439e+11
          235.3    4.35945e+46    1.22475e+08    2.58227e+11
          235.4    4.41298e+46    1.22656e+08    2.58016e+11
          235.5    4.46715e+46    1.22837e+08    2.57804e+11
          235.6    4.52197e+46    1.23019e+08    2.57593e+11
          235.7    4.57745e+46    1.23201e+08    2.57382e+11
          235.8    4.63359e+46    1.23383e+08    2.57171e+11
          235.9     4.6904e+46    1.23565e+08    2.56961e+11
            236    4.74789e+46    1.23747e+08    2.56751e+11
          236.1    4.80607e+46     1.2393e+08    2.56541e+11
          236.2    4.86495e+46    1.24112e+08    2.56331e+11
          236.3    4.92452e+46    1.24295e+08    2.56121e+11
          236.4    4.98481e+46    1.24477e+08    2.55912e+11
          236.5    5.04582e+46     1.2466e+08    2.55703e+11
          236.6    5.10756e+46    1.24843e+08    2.55494e+11
          236.7    5.17004e+46    1.25027e+08    2.55285e+11
          236.8    5.23326e+46     1.2521e+08    2.55076e+11
          236.9    5.29723e+46    1.25393e+08    2.54868e+11
            237    5.36197e+46    1.25577e+08     2.5466e+11
          237.1    5.42748e+46    1.25761e+08    2.54452e+11
          237.2    5.49377e+46    1.25945e+08    2.54245e+11
          237.3    5.56085e+46    1.26129e+08    2.54037e+11
          237.4    5.62873e+46    1.26313e+08     2.5383e+11
          237.5    5.69742e+46    1.26497e+08    2.53623e+11
          237.6    5.76692e+46    1.26682e+08    2.53417e+11
          237.7    5.83726e+46    1.26866e+08     2.5321e+11
          237.8    5.90842e+46    1.27051e+08    2.53004e+11
          237.9    5.98044e+46    1.27236e+08    2.52798e+11
            238    6.05331e+46    1.27421e+08    2.52592e+11
          238.1    6.12705e+46    1.27606e+08    2.52386e+11
          238.2    6.20166e+46    1.27791e+08    2.52181e+11
          238.3    6.27716e+46    1.27976e+08    2.51976e+11
          238.4    6.35356e+46    1.28162e+08    2.51771e+11
          238.5    6.43086e+46    1.28348e+08    2.51566e+11
          238.6    6.50909e+46    1.28533e+08    2.51361e+11
          238.7    6.58823e+46    1.28719e+08    2.51157e+11
          238.8    6.66832e+46    1.28905e+08    2.50953e+11
          238.9    6.74936e+46    1.29092e+08    2.50749e+11
            239    6.83136e+46    1.29278e+08    2.50546e+11
          239.1    6.91433e+46    1.29465e+08    2.50342e+11
          239.2    6.99828e+46    1.29651e+08    2.50139e+11
          239.3    7.08323e+46    1.29838e+08    2.49936e+11
          239.4    7.16919e+46    1.30025e+08    2.49733e+11
          239.5    7.25616e+46    1.30212e+08     2.4953e+11
          239.6    7.34416e+46    1.30399e+08    2.49328e+11
          239.7     7.4332e+46    1.30586e+08    2.49126e+11
          239.8    7.52329e+46    1.30774e+08    2.48924e+11
          239.9    7.61445e+46    1.30961e+08    2.48722e+11
            240    7.70669e+46    1.31149e+08    2.48521e+11
          240.1    7.80002e+46    1.31337e+08     2.4832e+11
          240.2    7.89445e+46    1.31525e+08    2.48118e+11
          240.3    7.98999e+46    1.31713e+08    2.47918e+11
          240.4    8.08667e+46    1.31901e+08    2.47717e+11
          240.5    8.18448e+46     1.3209e+08    2.47516e+11
          240.6    8.28345e+46    1.32278e+08    2.47316e+11
          240.7    8.38358e+46    1.32467e+08    2.47116e+11
          240.8     8.4849e+46    1.32656e+08    2.46916e+11
          240.9    8.58741e+46    1.32845e+08    2.46717e+11
            241    8.69113e+46    1.33034e+08    2.46517e+11
          241.1    8.79607e+46    1.33223e+08    2.46318e+11
          241.2    8.90225e+46    1.33412e+08    2.46119e+11
          241.3    9.00968e+46    1.33602e+08    2.45921e+11
          241.4    9.11837e+46    1.33791e+08    2.45722e+11
          241.5    9.22834e+46    1.33981e+08    2.45524e+11
          241.6     9.3396e+46    1.34171e+08    2.45326e+11
          241.7    9.45218e+46    1.34361e+08    2.45128e+11
          241.8    9.56607e+46    1.34551e+08     2.4493e+11
          241.9    9.68131e+46    1.34742e+08    2.44732e+11
            242     9.7979e+46    1.34932e+08    2.44535e+11
          242.1    9.91586e+46    1.35123e+08    2.44338e+11
          242.2    1.00352e+47    1.35313e+08    2.44141e+11
          242.3     1.0156e+47    1.35504e+08    2.43944e+11
          242.4    1.02781e+47    1.35695e+08    2.43748e+11
          242.5    1.04017e+47    1.35886e+08    2.43552e+11
          242.6    1.05268e+47    1.36077e+08    2.43356e+11
          242.7    1.06533e+47    1.36269e+08     2.4316e+11
          242.8    1.07813e+47     1.3646e+08    2.42964e+11
          242.9    1.09108e+47    1.36652e+08    2.42769e+11
            243    1.10418e+47    1.36844e+08    2.42574e+11
          243.1    1.11743e+47    1.37036e+08    2.42379e+11
          243.2    1.13084e+47    1.37228e+08    2.42184e+11
          243.3    1.14441e+47     1.3742e+08    2.41989e+11
          243.4    1.15814e+47    1.37612e+08    2.41795e+11
          243.5    1.17202e+47    1.37805e+08    2.41601e+11
          243.6    1.18607e+47    1.37997e+08    2.41407e+11
          243.7    1.20028e+47     1.3819e+08    2.41213e+11
          243.8    1.21466e+47    1.38383e+08    2.41019e+11
          243.9    1.22921e+47    1.38576e+08    2.40826e+11
            244    1.24393e+47    1.38769e+08    2.40633e+11
          244.1    1.25882e+47    1.38962e+08     2.4044e+11
          244.2    1.27388e+47    1.39156e+08    2.40247e+11
          244.3    1.28912e+47    1.39349e+08    2.40054e+11
          244.4    1.30454e+47    1.39543e+08    2.39862e+11
          244.5    1.32013e+47    1.39737e+08     2.3967e+11
          244.6    1.33591e+47    1.39931e+08    2.39478e+11
          244.7    1.35187e+47    1.40125e+08    2.39286e+11
          244.8    1.36802e+47    1.40319e+08    2.39094e+11
          244.9    1.38436e+47    1.40513e+08    2.38903e+11
            245    1.40089e+47    1.40708e+08    2.38712e+11
          245.1    1.41761e+47    1.40902e+08    2.38521e+11
          245.2    1.43452e+47    1.41097e+08     2.3833e+11
          245.3    1.45163e+47    1.41292e+08    2.38139e+11
          245.4    1.46894e+47    1.41487e+08    2.37949e+11
          245.5    1.48645e+47    1.41682e+08    2.37759e+11
          245.6    1.50417e+47    1.41877e+08    2.37569e+11
          245.7    1.52209e+47    1.42073e+08    2.37379e+11
          245.8    1.54022e+47    1.42268e+08     2.3719e+11
          245.9    1.55856e+47    1.42464e+08       2.37e+11
            246    1.57711e+47     1.4266e+08    2.36811e+11
          246.1    1.59588e+47    1.42856e+08    2.36622e+11
          246.2    1.61487e+47    1.43052e+08    2.36433e+11
          246.3    1.63407e+47    1.43248e+08    2.36245e+11
          246.4     1.6535e+47    1.43444e+08    2.36056e+11
          246.5    1.67316e+47    1.43641e+08    2.35868e+11
          246.6    1.69304e+47    1.43837e+08     2.3568e+11
          246.7    1.71315e+47    1.44034e+08    2.35492e+11
          246.8     1.7335e+47    1.44231e+08    2.35305e+11
          246.9    1.75408e+47    1.44428e+08    2.35117e+11
            247     1.7749e+47    1.44625e+08     2.3493e+11
          247.1    1.79597e+47    1.44822e+08    2.34743e+11
          247.2    1.81727e+47     1.4502e+08    2.34556e+11
          247.3    1.83882e+47    1.45217e+08     2.3437e+11
          247.4    1.86062e+47    1.45415e+08    2.34183e+11
          247.5    1.88268e+47    1.45613e+08    2.33997e+11
          247.6    1.90499e+47    1.45811e+08    2.33811e+11
          247.7    1.92755e+47    1.46009e+08    2.33625e+11
          247.8    1.95038e+47    1.46207e+08    2.33439e+11
          247.9    1.97347e+47    1.46405e+08    2.33254e+11
            248    1.99683e+47    1.46604e+08    2.33068e+11
          248.1    2.02046e+47    1.46802e+08    2.32883e+11
          248.2    2.04436e+47    1.47001e+08    2.32698e+11
          248.3    2.06853e+47      1.472e+08    2.32514e+11
          248.4    2.09299e+47    1.47399e+08    2.32329e+11
          248.5    2.11772e+47    1.47598e+08    2.32145e+11
          248.6    2.14275e+47    1.47797e+08    2.31961e+11
          248.7    2.16806e+47    1.47997e+08    2.31777e+11
          248.8    2.19366e+47    1.48196e+08    2.31593e+11
          248.9    2.21955e+47    1.48396e+08     2.3141e+11
            249    2.24575e+47    1.48595e+08    2.31226e+11
          249.1    2.27225e+47    1.48795e+08    2.31043e+11
          249.2    2.29905e+47    1.48995e+08     2.3086e+11
          249.3    2.32616e+47    1.49196e+08    2.30677e+11
          249.4    2.35358e+47    1.49396e+08    2.30495e+11
          249.5    2.38132e+47    1.49596e+08    2.30312e+11
          249.6    2.40937e+47    1.49797e+08     2.3013e+11
          249.7    2.43775e+47    1.49998e+08    2.29948e+11
          249.8    2.46646e+47    1.50198e+08    2.29766e+11
          249.9    2.49549e+47    1.50399e+08    2.29584e+11
            250    2.52486e+47      1.506e+08    2.29403e+11
          250.1    2.55457e+47    1.50802e+08    2.29222e+11
          250.2    2.58461e+47    1.51003e+08     2.2904e+11
          250.3      2.615e+47    1.51204e+08     2.2886e+11
          250.4    2.64574e+47    1.51406e+08    2.28679e+11
          250.5    2.67683e+47    1.51608e+08    2.28498e+11
          250.6    2.70828e+47     1.5181e+08    2.28318e+11
          250.7    2.74009e+47    1.52012e+08    2.28138e+11
          250.8    2.77227e+47    1.52214e+08    2.27958e+11
          250.9    2.80481e+47    1.52416e+08    2.27778e+11
            251    2.83772e+47    1.52618e+08    2.27598e+11
          251.1    2.87101e+47    1.52821e+08    2.27419e+11
          251.2    2.90469e+47    1.53024e+08     2.2724e+11
          251.3    2.93874e+47    1.53226e+08    2.27061e+11
          251.4    2.97319e+47    1.53429e+08    2.26882e+11
          251.5    3.00803e+47    1.53632e+08    2.26703e+11
          251.6    3.04327e+47    1.53835e+08    2.26524e+11
          251.7    3.07891e+47    1.54039e+08    2.26346e+11
          251.8    3.11496e+47    1.54242e+08    2.26168e+11
          251.9    3.15142e+47    1.54446e+08     2.2599e+11
            252     3.1883e+47    1.54649e+08    2.25812e+11
          252.1     3.2256e+47    1.54853e+08    2.25635e+11
          252.2    3.26332e+47    1.55057e+08    2.25457e+11
          252.3    3.30148e+47    1.55261e+08     2.2528e+11
          252.4    3.34007e+47    1.55466e+08    2.25103e+11
          252.5     3.3791e+47     1.5567e+08    2.24926e+11
          252.6    3.41857e+47    1.55874e+08    2.24749e+11
          252.7     3.4585e+47    1.56079e+08    2.24573e+11
          252.8    3.49888e+47    1.56284e+08    2.24397e+11
          252.9    3.53972e+47    1.56489e+08     2.2422e+11
            253    3.58102e+47    1.56694e+08    2.24044e+11
          253.1    3.62279e+47    1.56899e+08    2.23869e+11
          253.2    3.66504e+47    1.57104e+08    2.23693e+11
          253.3    3.70777e+47    1.57309e+08    2.23518e+11
          253.4    3.75099e+47    1.57515e+08    2.23342e+11
          253.5     3.7947e+47     1.5772e+08    2.23167e+11
          253.6     3.8389e+47    1.57926e+08    2.22992e+11
          253.7    3.88361e+47    1.58132e+08    2.22818e+11
          253.8    3.92883e+47    1.58338e+08    2.22643e+11
          253.9    3.97455e+47    1.58544e+08    2.22469e+11
            254     4.0208e+47     1.5875e+08    2.22295e+11
          254.1    4.06758e+47    1.58957e+08    2.22121e+11
          254.2    4.11488e+47    1.59163e+08    2.21947e+11
          254.3    4.16272e+47     1.5937e+08    2.21773e+11
          254.4     4.2111e+47    1.59577e+08      2.216e+11
          254.5    4.26003e+47    1.59784e+08    2.21427e+11
          254.6    4.30952e+47    1.59991e+08    2.21253e+11
          254.7    4.35957e+47    1.60198e+08     2.2108e+11
          254.8    4.41018e+47    1.60405e+08    2.20908e+11
          254.9    4.46137e+47    1.60613e+08    2.20735e+11
            255    4.51314e+47     1.6082e+08    2.20563e+11
          255.1    4.56549e+47    1.61028e+08    2.20391e+11
          255.2    4.61843e+47    1.61236e+08    2.20218e+11
          255.3    4.67198e+47    1.61444e+08    2.20047e+11
          255.4    4.72613e+47    1.61652e+08    2.19875e+11
          255.5    4.78089e+47     1.6186e+08    2.19703e+11
          255.6    4.83627e+47    1.62068e+08    2.19532e+11
          255.7    4.89228e+47    1.62277e+08    2.19361e+11
          255.8    4.94892e+47    1.62485e+08     2.1919e+11
          255.9     5.0062e+47    1.62694e+08    2.19019e+11
            256    5.06413e+47    1.62903e+08    2.18848e+11
          256.1    5.12271e+47    1.63112e+08    2.18678e+11
          256.2    5.18195e+47    1.63321e+08    2.18508e+11
          256.3    5.24186e+47     1.6353e+08    2.18338e+11
          256.4    5.30244e+47    1.63739e+08    2.18168e+11
          256.5    5.36371e+47    1.63949e+08    2.17998e+11
          256.6    5.42567e+47    1.64158e+08    2.17828e+11
          256.7    5.48833e+47    1.64368e+08    2.17659e+11
          256.8    5.55169e+47    1.64578e+08    2.17489e+11
          256.9    5.61577e+47    1.64788e+08     2.1732e+11
            257    5.68057e+47    1.64998e+08    2.17151e+11
          257.1    5.74609e+47    1.65208e+08    2.16983e+11
          257.2    5.81236e+47    1.65419e+08    2.16814e+11
          257.3    5.87937e+47    1.65629e+08    2.16646e+11
          257.4    5.94714e+47     1.6584e+08    2.16478e+11
          257.5    6.01566e+47    1.66051e+08    2.16309e+11
          257.6    6.08496e+47    1.66261e+08    2.16142e+11
          257.7    6.15503e+47    1.66472e+08    2.15974e+11
          257.8     6.2259e+47    1.66684e+08    2.15806e+11
          257.9    6.29756e+47    1.66895e+08    2.15639e+11
            258    6.37002e+47    1.67106e+08    2.15472e+11
          258.1     6.4433e+47    1.67318e+08    2.15305e+11
          258.2     6.5174e+47    1.67529e+08    2.15138e+11
          258.3    6.59233e+47    1.67741e+08    2.14971e+11
          258.4     6.6681e+47    1.67953e+08    2.14805e+11
          258.5    6.74472e+47    1.68165e+08    2.14638e+11
          258.6     6.8222e+47    1.68377e+08    2.14472e+11
          258.7    6.90055e+47    1.68589e+08    2.14306e+11
          258.8    6.97977e+47    1.68802e+08     2.1414e+11
          258.9    7.05988e+47    1.69014e+08    2.13974e+11
            259    7.14089e+47    1.69227e+08    2.13809e+11
          259.1    7.22281e+47    1.69439e+08    2.13643e+11
          259.2    7.30564e+47    1.69652e+08    2.13478e+11
          259.3     7.3894e+47    1.69865e+08    2.13313e+11
          259.4     7.4741e+47    1.70078e+08    2.13148e+11
          259.5    7.55975e+47    1.70292e+08    2.12984e+11
          259.6    7.64635e+47    1.70505e+08    2.12819e+11
          259.7    7.73392e+47    1.70719e+08    2.12655e+11
          259.8    7.82247e+47    1.70932e+08    2.12491e+11
          259.9      7.912e+47    1.71146e+08    2.12327e+11
            260    8.00254e+47     1.7136e+08    2.12163e+11
          260.1    8.09409e+47    1.71574e+08    2.11999e+11
          260.2    8.18666e+47    1.71788e+08    2.11835e+11
          260.3    8.28026e+47    1.72002e+08    2.11672e+11
          260.4    8.37491e+47    1.72217e+08    2.11509e+11
          260.5    8.47061e+47    1.72431e+08    2.11346e+11
          260.6    8.56738e+47    1.72646e+08    2.11183e+11
          260.7    8.66522e+47     1.7286e+08     2.1102e+11
          260.8    8.76416e+47    1.73075e+08    2.10858e+11
          260.9     8.8642e+47     1.7329e+08    2.10695e+11
            261    8.96535e+47    1.73505e+08    2.10533e+11
          261.1    9.06763e+47    1.73721e+08    2.10371e+11
          261.2    9.17105e+47    1.73936e+08    2.10209e+11
          261.3    9.27562e+47    1.74152e+08    2.10047e+11
          261.4    9.38135e+47    1.74367e+08    2.09886e+11
          261.5    9.48826e+47    1.74583e+08    2.09724e+11
          261.6    9.59636e+47    1.74799e+08    2.09563e+11
          261.7    9.70565e+47    1.75015e+08    2.09402e+11
          261.8    9.81617e+47    1.75231e+08    2.09241e+11
          261.9    9.92791e+47    1.75447e+08     2.0908e+11
            262    1.00409e+48    1.75663e+08     2.0892e+11
          262.1    1.01551e+48     1.7588e+08    2.08759e+11
          262.2    1.02706e+48    1.76097e+08    2.08599e+11
          262.3    1.03874e+48    1.76313e+08    2.08439e+11
          262.4    1.05055e+48     1.7653e+08    2.08279e+11
          262.5    1.06249e+48    1.76747e+08    2.08119e+11
          262.6    1.07456e+48    1.76964e+08     2.0796e+11
          262.7    1.08676e+48    1.77181e+08      2.078e+11
          262.8     1.0991e+48    1.77399e+08    2.07641e+11
          262.9    1.11158e+48    1.77616e+08    2.07482e+11
            263     1.1242e+48    1.77834e+08    2.07323e+11
          263.1    1.13695e+48    1.78051e+08    2.07164e+11
          263.2    1.14985e+48    1.78269e+08    2.07005e+11
          263.3    1.16289e+48    1.78487e+08    2.06847e+11
          263.4    1.17607e+48    1.78705e+08    2.06688e+11
          263.5     1.1894e+48    1.78924e+08     2.0653e+11
          263.6    1.20288e+48    1.79142e+08    2.06372e+11
          263.7     1.2165e+48     1.7936e+08    2.06214e+11
          263.8    1.23028e+48    1.79579e+08    2.06056e+11
          263.9     1.2442e+48    1.79798e+08    2.05899e+11
            264    1.25829e+48    1.80016e+08    2.05741e+11
          264.1    1.27252e+48    1.80235e+08    2.05584e+11
          264.2    1.28692e+48    1.80454e+08    2.05427e+11
          264.3    1.30147e+48    1.80674e+08     2.0527e+11
          264.4    1.31618e+48    1.80893e+08    2.05113e+11
          264.5    1.33106e+48    1.81112e+08    2.04957e+11
          264.6     1.3461e+48    1.81332e+08      2.048e+11
          264.7    1.36131e+48    1.81552e+08    2.04644e+11
          264.8    1.37668e+48    1.81771e+08    2.04488e+11
          264.9    1.39222e+48    1.81991e+08    2.04332e+11
            265    1.40794e+48    1.82211e+08    2.04176e+11
          265.1    1.42383e+48    1.82431e+08     2.0402e+11
          265.2    1.43989e+48    1.82652e+08    2.03865e+11
          265.3    1.45613e+48    1.82872e+08    2.03709e+11
          265.4    1.47254e+48    1.83093e+08    2.03554e+11
          265.5    1.48914e+48    1.83313e+08    2.03399e+11
          265.6    1.50592e+48    1.83534e+08    2.03244e+11
          265.7    1.52289e+48    1.83755e+08    2.03089e+11
          265.8    1.54004e+48    1.83976e+08    2.02935e+11
          265.9    1.55738e+48    1.84197e+08     2.0278e+11
            266    1.57491e+48    1.84418e+08    2.02626e+11
          266.1    1.59263e+48     1.8464e+08    2.02472e+11
          266.2    1.61055e+48    1.84861e+08    2.02318e+11
          266.3    1.62866e+48    1.85083e+08    2.02164e+11
          266.4    1.64698e+48    1.85304e+08     2.0201e+11
          266.5    1.66549e+48    1.85526e+08    2.01857e+11
          266.6    1.68421e+48    1.85748e+08    2.01703e+11
          266.7    1.70313e+48     1.8597e+08     2.0155e+11
          266.8    1.72226e+48    1.86193e+08    2.01397e+11
          266.9     1.7416e+48    1.86415e+08    2.01244e+11
            267    1.76115e+48    1.86637e+08    2.01091e+11
          267.1    1.78092e+48     1.8686e+08    2.00939e+11
          267.2     1.8009e+48    1.87083e+08    2.00786e+11
          267.3     1.8211e+48    1.87305e+08    2.00634e+11
          267.4    1.84152e+48    1.87528e+08    2.00482e+11
          267.5    1.86216e+48    1.87751e+08     2.0033e+11
          267.6    1.88304e+48    1.87975e+08    2.00178e+11
          267.7    1.90413e+48    1.88198e+08    2.00026e+11
          267.8    1.92546e+48    1.88421e+08    1.99874e+11
          267.9    1.94703e+48    1.88645e+08    1.99723e+11
            268    1.96882e+48    1.88868e+08    1.99572e+11
          268.1    1.99086e+48    1.89092e+08    1.99421e+11
          268.2    2.01314e+48    1.89316e+08     1.9927e+11
          268.3    2.03566e+48     1.8954e+08    1.99119e+11
          268.4    2.05842e+48    1.89764e+08    1.98968e+11
          268.5    2.08144e+48    1.89988e+08    1.98818e+11
          268.6     2.1047e+48    1.90213e+08    1.98667e+11
          268.7    2.12822e+48    1.90437e+08    1.98517e+11
          268.8      2.152e+48    1.90662e+08    1.98367e+11
          268.9    2.17603e+48    1.90887e+08    1.98217e+11
            269    2.20033e+48    1.91111e+08    1.98067e+11
          269.1    2.22489e+48    1.91336e+08    1.97917e+11
          269.2    2.24972e+48    1.91561e+08    1.97768e+11
          269.3    2.27482e+48    1.91787e+08    1.97619e+11
          269.4    2.30019e+48    1.92012e+08    1.97469e+11
          269.5    2.32584e+48    1.92237e+08     1.9732e+11
          269.6    2.35176e+48    1.92463e+08    1.97172e+11
          269.7    2.37797e+48    1.92689e+08    1.97023e+11
          269.8    2.40447e+48    1.92914e+08    1.96874e+11
          269.9    2.43125e+48     1.9314e+08    1.96726e+11
            270    2.45832e+48    1.93366e+08    1.96577e+11
          270.1    2.48569e+48    1.93592e+08    1.96429e+11
          270.2    2.51335e+48    1.93819e+08    1.96281e+11
          270.3    2.54132e+48    1.94045e+08    1.96133e+11
          270.4    2.56959e+48    1.94272e+08    1.95986e+11
          270.5    2.59816e+48    1.94498e+08    1.95838e+11
          270.6    2.62705e+48    1.94725e+08    1.95691e+11
          270.7    2.65625e+48    1.94952e+08    1.95543e+11
          270.8    2.68576e+48    1.95179e+08    1.95396e+11
          270.9     2.7156e+48    1.95406e+08    1.95249e+11
            271    2.74576e+48    1.95633e+08    1.95102e+11
          271.1    2.77624e+48     1.9586e+08    1.94955e+11
          271.2    2.80706e+48    1.96088e+08    1.94809e+11
          271.3    2.83821e+48    1.96315e+08    1.94662e+11
          271.4    2.86969e+48    1.96543e+08    1.94516e+11
          271.5    2.90152e+48    1.96771e+08     1.9437e+11
          271.6    2.93369e+48    1.96999e+08    1.94224e+11
          271.7    2.96621e+48    1.97227e+08    1.94078e+11
          271.8    2.99908e+48    1.97455e+08    1.93932e+11
          271.9    3.03231e+48    1.97683e+08    1.93787e+11
            272    3.06589e+48    1.97912e+08    1.93641e+11
          272.1    3.09984e+48     1.9814e+08    1.93496e+11
          272.2    3.13416e+48    1.98369e+08    1.93351e+11
          272.3    3.16884e+48    1.98597e+08    1.93206e+11
          272.4    3.20391e+48    1.98826e+08    1.93061e+11
          272.5    3.23934e+48    1.99055e+08    1.92916e+11
          272.6    3.27517e+48    1.99284e+08    1.92772e+11
          272.7    3.31137e+48    1.99513e+08    1.92627e+11
          272.8    3.34797e+48    1.99743e+08    1.92483e+11
          272.9    3.38497e+48    1.99972e+08    1.92339e+11
            273    3.42236e+48    2.00202e+08    1.92195e+11
          273.1    3.46015e+48    2.00431e+08    1.92051e+11
          273.2    3.49836e+48    2.00661e+08    1.91907e+11
          273.3    3.53697e+48    2.00891e+08    1.91764e+11
          273.4      3.576e+48    2.01121e+08     1.9162e+11
          273.5    3.61545e+48    2.01351e+08    1.91477e+11
          273.6    3.65532e+48    2.01581e+08    1.91334e+11
          273.7    3.69563e+48    2.01812e+08    1.91191e+11
          273.8    3.73636e+48    2.02042e+08    1.91048e+11
          273.9    3.77754e+48    2.02273e+08    1.90905e+11
            274    3.81916e+48    2.02503e+08    1.90763e+11
          274.1    3.86122e+48    2.02734e+08     1.9062e+11
          274.2    3.90374e+48    2.02965e+08    1.90478e+11
          274.3    3.94671e+48    2.03196e+08    1.90336e+11
          274.4    3.99015e+48    2.03427e+08    1.90194e+11
          274.5    4.03405e+48    2.03659e+08    1.90052e+11
          274.6    4.07842e+48     2.0389e+08     1.8991e+11
          274.7    4.12327e+48    2.04121e+08    1.89768e+11
          274.8     4.1686e+48    2.04353e+08    1.89627e+11
          274.9    4.21442e+48    2.04585e+08    1.89485e+11
            275    4.26073e+48    2.04817e+08    1.89344e+11
          275.1    4.30753e+48    2.05049e+08    1.89203e+11
          275.2    4.35484e+48    2.05281e+08    1.89062e+11
          275.3    4.40265e+48    2.05513e+08    1.88921e+11
          275.4    4.45098e+48    2.05745e+08    1.88781e+11
          275.5    4.49982e+48    2.05978e+08     1.8864e+11
          275.6    4.54918e+48     2.0621e+08      1.885e+11
          275.7    4.59908e+48    2.06443e+08    1.88359e+11
          275.8    4.64951e+48    2.06675e+08    1.88219e+11
          275.9    4.70047e+48    2.06908e+08    1.88079e+11
            276    4.75198e+48    2.07141e+08    1.87939e+11
          276.1    4.80405e+48    2.07374e+08      1.878e+11
          276.2    4.85667e+48    2.07608e+08     1.8766e+11
          276.3    4.90985e+48    2.07841e+08    1.87521e+11
          276.4     4.9636e+48    2.08074e+08    1.87381e+11
          276.5    5.01792e+48    2.08308e+08    1.87242e+11
          276.6    5.07283e+48    2.08542e+08    1.87103e+11
          276.7    5.12832e+48    2.08775e+08    1.86964e+11
          276.8     5.1844e+48    2.09009e+08    1.86825e+11
          276.9    5.24108e+48    2.09243e+08    1.86687e+11
            277    5.29837e+48    2.09477e+08    1.86548e+11
          277.1    5.35626e+48    2.09712e+08     1.8641e+11
          277.2    5.41478e+48    2.09946e+08    1.86272e+11
          277.3    5.47391e+48     2.1018e+08    1.86134e+11
          277.4    5.53368e+48    2.10415e+08    1.85996e+11
          277.5    5.59409e+48     2.1065e+08    1.85858e+11
          277.6    5.65513e+48    2.10884e+08     1.8572e+11
          277.7    5.71683e+48    2.11119e+08    1.85583e+11
          277.8    5.77919e+48    2.11354e+08    1.85445e+11
          277.9     5.8422e+48     2.1159e+08    1.85308e+11
            278    5.90589e+48    2.11825e+08    1.85171e+11
          278.1    5.97026e+48     2.1206e+08    1.85034e+11
          278.2    6.03531e+48    2.12296e+08    1.84897e+11
          278.3    6.10105e+48    2.12531e+08     1.8476e+11
          278.4    6.16749e+48    2.12767e+08    1.84623e+11
          278.5    6.23463e+48    2.13003e+08    1.84487e+11
          278.6    6.30249e+48    2.13239e+08     1.8435e+11
          278.7    6.37107e+48    2.13475e+08    1.84214e+11
          278.8    6.44038e+48    2.13711e+08    1.84078e+11
          278.9    6.51042e+48    2.13947e+08    1.83942e+11
            279    6.58121e+48    2.14183e+08    1.83806e+11
          279.1    6.65275e+48     2.1442e+08     1.8367e+11
          279.2    6.72505e+48    2.14656e+08    1.83535e+11
          279.3    6.79811e+48    2.14893e+08    1.83399e+11
          279.4    6.87195e+48     2.1513e+08    1.83264e+11
          279.5    6.94657e+48    2.15367e+08    1.83129e+11
          279.6    7.02198e+48    2.15604e+08    1.82994e+11
          279.7    7.09818e+48    2.15841e+08    1.82859e+11
          279.8     7.1752e+48    2.16078e+08    1.82724e+11
          279.9    7.25303e+48    2.16316e+08    1.82589e+11
            280    7.33169e+48    2.16553e+08    1.82455e+11
          280.1    7.41117e+48    2.16791e+08     1.8232e+11
          280.2     7.4915e+48    2.17028e+08    1.82186e+11
          280.3    7.57268e+48    2.17266e+08    1.82052e+11
          280.4    7.65472e+48    2.17504e+08    1.81918e+11
          280.5    7.73762e+48    2.17742e+08    1.81784e+11
          280.6     7.8214e+48     2.1798e+08     1.8165e+11
          280.7    7.90606e+48    2.18219e+08    1.81517e+11
          280.8    7.99162e+48    2.18457e+08    1.81383e+11
          280.9    8.07808e+48    2.18695e+08     1.8125e+11
            281    8.16545e+48    2.18934e+08    1.81116e+11
          281.1    8.25375e+48    2.19173e+08    1.80983e+11
          281.2    8.34298e+48    2.19412e+08     1.8085e+11
          281.3    8.43315e+48     2.1965e+08    1.80717e+11
          281.4    8.52427e+48     2.1989e+08    1.80585e+11
          281.5    8.61635e+48    2.20129e+08    1.80452e+11
          281.6     8.7094e+48    2.20368e+08    1.80319e+11
          281.7    8.80343e+48    2.20607e+08    1.80187e+11
          281.8    8.89845e+48    2.20847e+08    1.80055e+11
          281.9    8.99447e+48    2.21086e+08    1.79923e+11
            282     9.0915e+48    2.21326e+08    1.79791e+11
          282.1    9.18956e+48    2.21566e+08    1.79659e+11
          282.2    9.28864e+48    2.21806e+08    1.79527e+11
          282.3    9.38877e+48    2.22046e+08    1.79396e+11
          282.4    9.48995e+48    2.22286e+08    1.79264e+11
          282.5     9.5922e+48    2.22526e+08    1.79133e+11
          282.6    9.69552e+48    2.22766e+08    1.79001e+11
          282.7    9.79993e+48    2.23007e+08     1.7887e+11
          282.8    9.90543e+48    2.23247e+08    1.78739e+11
          282.9     1.0012e+49    2.23488e+08    1.78609e+11
            283    1.01198e+49    2.23729e+08    1.78478e+11
          283.1    1.02286e+49     2.2397e+08    1.78347e+11
          283.2    1.03386e+49    2.24211e+08    1.78217e+11
          283.3    1.04498e+49    2.24452e+08    1.78086e+11
          283.4    1.05621e+49    2.24693e+08    1.77956e+11
          283.5    1.06756e+49    2.24934e+08    1.77826e+11
          283.6    1.07903e+49    2.25176e+08    1.77696e+11
          283.7    1.09062e+49    2.25417e+08    1.77566e+11
          283.8    1.10233e+49    2.25659e+08    1.77436e+11
          283.9    1.11417e+49    2.25901e+08    1.77307e+11
            284    1.12612e+49    2.26143e+08    1.77177e+11
          284.1    1.13821e+49    2.26385e+08    1.77048e+11
          284.2    1.15042e+49    2.26627e+08    1.76919e+11
          284.3    1.16275e+49    2.26869e+08     1.7679e+11
          284.4    1.17522e+49    2.27111e+08    1.76661e+11
          284.5    1.18782e+49    2.27353e+08    1.76532e+11
          284.6    1.20054e+49    2.27596e+08    1.76403e+11
          284.7     1.2134e+49    2.27839e+08    1.76274e+11
          284.8     1.2264e+49    2.28081e+08    1.76146e+11
          284.9    1.23953e+49    2.28324e+08    1.76017e+11
            285     1.2528e+49    2.28567e+08    1.75889e+11
          285.1    1.26621e+49     2.2881e+08    1.75761e+11
          285.2    1.27976e+49    2.29053e+08    1.75633e+11
          285.3    1.29344e+49    2.29297e+08    1.75505e+11
          285.4    1.30728e+49     2.2954e+08    1.75377e+11
          285.5    1.32125e+49    2.29783e+08     1.7525e+11
          285.6    1.33537e+49    2.30027e+08    1.75122e+11
          285.7    1.34964e+49    2.30271e+08    1.74995e+11
          285.8    1.36406e+49    2.30514e+08    1.74868e+11
          285.9    1.37863e+49    2.30758e+08     1.7474e+11
            286    1.39335e+49    2.31002e+08    1.74613e+11
          286.1    1.40822e+49    2.31246e+08    1.74486e+11
          286.2    1.42325e+49    2.31491e+08     1.7436e+11
          286.3    1.43843e+49    2.31735e+08    1.74233e+11
          286.4    1.45378e+49    2.31979e+08    1.74106e+11
          286.5    1.46928e+49    2.32224e+08     1.7398e+11
          286.6    1.48494e+49    2.32469e+08    1.73854e+11
          286.7    1.50077e+49    2.32713e+08    1.73727e+11
          286.8    1.51676e+49    2.32958e+08    1.73601e+11
          286.9    1.53292e+49    2.33203e+08    1.73475e+11
            287    1.54924e+49    2.33448e+08    1.73349e+11
          287.1    1.56574e+49    2.33693e+08    1.73224e+11
          287.2     1.5824e+49    2.33939e+08    1.73098e+11
          287.3    1.59924e+49    2.34184e+08    1.72973e+11
          287.4    1.61626e+49     2.3443e+08    1.72847e+11
          287.5    1.63345e+49    2.34675e+08    1.72722e+11
          287.6    1.65082e+49    2.34921e+08    1.72597e+11
          287.7    1.66837e+49    2.35167e+08    1.72472e+11
          287.8     1.6861e+49    2.35413e+08    1.72347e+11
          287.9    1.70401e+49    2.35659e+08    1.72222e+11
            288    1.72211e+49    2.35905e+08    1.72098e+11
          288.1     1.7404e+49    2.36151e+08    1.71973e+11
          288.2    1.75888e+49    2.36397e+08    1.71849e+11
          288.3    1.77755e+49    2.36644e+08    1.71724e+11
          288.4    1.79641e+49     2.3689e+08      1.716e+11
          288.5    1.81547e+49    2.37137e+08    1.71476e+11
          288.6    1.83473e+49    2.37384e+08    1.71352e+11
          288.7    1.85418e+49    2.37631e+08    1.71228e+11
          288.8    1.87384e+49    2.37878e+08    1.71104e+11
          288.9     1.8937e+49    2.38125e+08    1.70981e+11
            289    1.91376e+49    2.38372e+08    1.70857e+11
          289.1    1.93403e+49    2.38619e+08    1.70734e+11
          289.2    1.95451e+49    2.38866e+08    1.70611e+11
          289.3    1.97521e+49    2.39114e+08    1.70488e+11
          289.4    1.99611e+49    2.39361e+08    1.70365e+11
          289.5    2.01724e+49    2.39609e+08    1.70242e+11
          289.6    2.03858e+49    2.39857e+08    1.70119e+11
          289.7    2.06014e+49    2.40105e+08    1.69996e+11
          289.8    2.08192e+49    2.40353e+08    1.69874e+11
          289.9    2.10393e+49    2.40601e+08    1.69751e+11
            290    2.12617e+49    2.40849e+08    1.69629e+11
          290.1    2.14863e+49    2.41097e+08    1.69507e+11
          290.2    2.17133e+49    2.41346e+08    1.69385e+11
          290.3    2.19426e+49    2.41594e+08    1.69263e+11
          290.4    2.21743e+49    2.41843e+08    1.69141e+11
          290.5    2.24083e+49    2.42092e+08    1.69019e+11
          290.6    2.26448e+49    2.42341e+08    1.68897e+11
          290.7    2.28837e+49     2.4259e+08    1.68776e+11
          290.8     2.3125e+49    2.42839e+08    1.68654e+11
          290.9    2.33689e+49    2.43088e+08    1.68533e+11
            291    2.36152e+49    2.43337e+08    1.68412e+11
          291.1    2.38641e+49    2.43586e+08    1.68291e+11
          291.2    2.41155e+49    2.43836e+08     1.6817e+11
          291.3    2.43696e+49    2.44085e+08    1.68049e+11
          291.4    2.46262e+49    2.44335e+08    1.67928e+11
          291.5    2.48855e+49    2.44585e+08    1.67808e+11
          291.6    2.51474e+49    2.44835e+08    1.67687e+11
          291.7     2.5412e+49    2.45084e+08    1.67567e+11
          291.8    2.56794e+49    2.45335e+08    1.67446e+11
          291.9    2.59495e+49    2.45585e+08    1.67326e+11
            292    2.62223e+49    2.45835e+08    1.67206e+11
          292.1     2.6498e+49    2.46085e+08    1.67086e+11
          292.2    2.67765e+49    2.46336e+08    1.66966e+11
          292.3    2.70578e+49    2.46586e+08    1.66847e+11
          292.4     2.7342e+49    2.46837e+08    1.66727e+11
          292.5    2.76292e+49    2.47088e+08    1.66608e+11
          292.6    2.79193e+49    2.47339e+08    1.66488e+11
          292.7    2.82123e+49     2.4759e+08    1.66369e+11
          292.8    2.85084e+49    2.47841e+08     1.6625e+11
          292.9    2.88075e+49    2.48092e+08    1.66131e+11
            293    2.91096e+49    2.48343e+08    1.66012e+11
          293.1    2.94148e+49    2.48595e+08    1.65893e+11
          293.2    2.97232e+49    2.48846e+08    1.65774e+11
          293.3    3.00347e+49    2.49098e+08    1.65656e+11
          293.4    3.03494e+49    2.49349e+08    1.65537e+11
          293.5    3.06673e+49    2.49601e+08    1.65419e+11
          293.6    3.09885e+49    2.49853e+08    1.65301e+11
          293.7     3.1313e+49    2.50105e+08    1.65182e+11
          293.8    3.16407e+49    2.50357e+08    1.65064e+11
          293.9    3.19718e+49    2.50609e+08    1.64946e+11
            294    3.23063e+49    2.50862e+08    1.64829e+11
          294.1    3.26442e+49    2.51114e+08    1.64711e+11
          294.2    3.29856e+49    2.51366e+08    1.64593e+11
          294.3    3.33304e+49    2.51619e+08    1.64476e+11
          294.4    3.36788e+49    2.51872e+08    1.64358e+11
          294.5    3.40307e+49    2.52125e+08    1.64241e+11
          294.6    3.43862e+49    2.52377e+08    1.64124e+11
          294.7    3.47453e+49     2.5263e+08    1.64007e+11
          294.8    3.51081e+49    2.52884e+08     1.6389e+11
          294.9    3.54746e+49    2.53137e+08    1.63773e+11
            295    3.58448e+49     2.5339e+08    1.63656e+11
          295.1    3.62188e+49    2.53643e+08     1.6354e+11
          295.2    3.65965e+49    2.53897e+08    1.63423e+11
          295.3    3.69782e+49     2.5415e+08    1.63307e+11
          295.4    3.73637e+49    2.54404e+08    1.63191e+11
          295.5    3.77531e+49    2.54658e+08    1.63074e+11
          295.6    3.81465e+49    2.54912e+08    1.62958e+11
          295.7    3.85439e+49    2.55166e+08    1.62842e+11
          295.8    3.89453e+49     2.5542e+08    1.62726e+11
          295.9    3.93509e+49    2.55674e+08    1.62611e+11
            296    3.97605e+49    2.55928e+08    1.62495e+11
          296.1    4.01743e+49    2.56183e+08    1.62379e+11
          296.2    4.05923e+49    2.56437e+08    1.62264e+11
          296.3    4.10145e+49    2.56692e+08    1.62149e+11
          296.4     4.1441e+49    2.56947e+08    1.62033e+11
          296.5    4.18719e+49    2.57201e+08    1.61918e+11
          296.6    4.23071e+49    2.57456e+08    1.61803e+11
          296.7    4.27468e+49    2.57711e+08    1.61688e+11
          296.8    4.31909e+49    2.57966e+08    1.61574e+11
          296.9    4.36394e+49    2.58221e+08    1.61459e+11
            297    4.40926e+49    2.58477e+08    1.61344e+11
          297.1    4.45503e+49    2.58732e+08     1.6123e+11
          297.2    4.50127e+49    2.58988e+08    1.61115e+11
          297.3    4.54797e+49    2.59243e+08    1.61001e+11
          297.4    4.59515e+49    2.59499e+08    1.60887e+11
          297.5    4.64281e+49    2.59755e+08    1.60773e+11
          297.6    4.69095e+49     2.6001e+08    1.60659e+11
          297.7    4.73957e+49    2.60266e+08    1.60545e+11
          297.8    4.78869e+49    2.60522e+08    1.60431e+11
          297.9     4.8383e+49    2.60779e+08    1.60318e+11
            298    4.88841e+49    2.61035e+08    1.60204e+11
          298.1    4.93904e+49    2.61291e+08    1.60091e+11
          298.2    4.99017e+49    2.61548e+08    1.59978e+11
          298.3    5.04182e+49    2.61804e+08    1.59864e+11
          298.4    5.09399e+49    2.62061e+08    1.59751e+11
          298.5    5.14669e+49    2.62318e+08    1.59638e+11
          298.6    5.19992e+49    2.62574e+08    1.59525e+11
          298.7    5.25368e+49    2.62831e+08    1.59412e+11
          298.8    5.30799e+49    2.63088e+08      1.593e+11
          298.9    5.36285e+49    2.63345e+08    1.59187e+11
            299    5.41826e+49    2.63603e+08    1.59075e+11
          299.1    5.47423e+49     2.6386e+08    1.58962e+11
          299.2    5.53076e+49    2.64117e+08     1.5885e+11
          299.3    5.58786e+49    2.64375e+08    1.58738e+11
          299.4    5.64554e+49    2.64633e+08    1.58626e+11
          299.5     5.7038e+49     2.6489e+08    1.58514e+11
          299.6    5.76264e+49    2.65148e+08    1.58402e+11
          299.7    5.82208e+49    2.65406e+08     1.5829e+11
          299.8    5.88211e+49    2.65664e+08    1.58179e+11
          299.9    5.94275e+49    2.65922e+08    1.58067e+11
            300      6.004e+49     2.6618e+08    1.57956e+11
          300.1    6.06587e+49    2.66438e+08    1.57844e+11
          300.2    6.12836e+49    2.66697e+08    1.57733e+11
          300.3    6.19147e+49    2.66955e+08    1.57622e+11
          300.4    6.25522e+49    2.67214e+08    1.57511e+11
          300.5    6.31961e+49    2.67473e+08      1.574e+11
          300.6    6.38465e+49    2.67731e+08    1.57289e+11
          300.7    6.45034e+49     2.6799e+08    1.57178e+11
          300.8    6.51669e+49    2.68249e+08    1.57068e+11
          300.9     6.5837e+49    2.68508e+08    1.56957e+11
            301    6.65139e+49    2.68767e+08    1.56847e+11
          301.1    6.71976e+49    2.69027e+08    1.56736e+11
          301.2    6.78881e+49    2.69286e+08    1.56626e+11
          301.3    6.85856e+49    2.69545e+08    1.56516e+11
          301.4      6.929e+49    2.69805e+08    1.56406e+11
          301.5    7.00015e+49    2.70064e+08    1.56296e+11
          301.6    7.07201e+49    2.70324e+08    1.56186e+11
          301.7     7.1446e+49    2.70584e+08    1.56076e+11
          301.8    7.21791e+49    2.70844e+08    1.55967e+11
          301.9    7.29195e+49    2.71104e+08    1.55857e+11
            302    7.36673e+49    2.71364e+08    1.55748e+11
          302.1    7.44227e+49    2.71624e+08    1.55639e+11
          302.2    7.51856e+49    2.71884e+08    1.55529e+11
          302.3    7.59561e+49    2.72145e+08     1.5542e+11
          302.4    7.67343e+49    2.72405e+08    1.55311e+11
          302.5    7.75203e+49    2.72666e+08    1.55202e+11
          302.6    7.83142e+49    2.72926e+08    1.55093e+11
          302.7     7.9116e+49    2.73187e+08    1.54985e+11
          302.8    7.99258e+49    2.73448e+08    1.54876e+11
          302.9    8.07436e+49    2.73709e+08    1.54768e+11
            303    8.15697e+49     2.7397e+08    1.54659e+11
          303.1     8.2404e+49    2.74231e+08    1.54551e+11
          303.2    8.32466e+49    2.74492e+08    1.54443e+11
          303.3    8.40977e+49    2.74754e+08    1.54334e+11
          303.4    8.49572e+49    2.75015e+08    1.54226e+11
          303.5    8.58253e+49    2.75277e+08    1.54118e+11
          303.6     8.6702e+49    2.75538e+08    1.54011e+11
          303.7    8.75875e+49      2.758e+08    1.53903e+11
          303.8    8.84818e+49    2.76062e+08    1.53795e+11
          303.9     8.9385e+49    2.76323e+08    1.53688e+11
            304    9.02973e+49    2.76585e+08     1.5358e+11
          304.1    9.12186e+49    2.76847e+08    1.53473e+11
          304.2     9.2149e+49     2.7711e+08    1.53366e+11
          304.3    9.30888e+49    2.77372e+08    1.53259e+11
          304.4    9.40378e+49    2.77634e+08    1.53152e+11
          304.5    9.49964e+49    2.77897e+08    1.53045e+11
          304.6    9.59644e+49    2.78159e+08    1.52938e+11
          304.7    9.69421e+49    2.78422e+08    1.52831e+11
          304.8    9.79295e+49    2.78684e+08    1.52724e+11
          304.9    9.89267e+49    2.78947e+08    1.52618e+11
            305    9.99339e+49     2.7921e+08    1.52511e+11
          305.1    1.00951e+50    2.79473e+08    1.52405e+11
          305.2    1.01978e+50    2.79736e+08    1.52299e+11
          305.3    1.03016e+50    2.79999e+08    1.52192e+11
          305.4    1.04063e+50    2.80263e+08    1.52086e+11
          305.5    1.05122e+50    2.80526e+08     1.5198e+11
          305.6     1.0619e+50    2.80789e+08    1.51875e+11
          305.7    1.07269e+50    2.81053e+08    1.51769e+11
          305.8    1.08359e+50    2.81317e+08    1.51663e+11
          305.9     1.0946e+50     2.8158e+08    1.51557e+11
            306    1.10572e+50    2.81844e+08    1.51452e+11
          306.1    1.11694e+50    2.82108e+08    1.51347e+11
          306.2    1.12828e+50    2.82372e+08    1.51241e+11
          306.3    1.13973e+50    2.82636e+08    1.51136e+11
          306.4    1.15129e+50      2.829e+08    1.51031e+11
          306.5    1.16297e+50    2.83164e+08    1.50926e+11
          306.6    1.17477e+50    2.83429e+08    1.50821e+11
          306.7    1.18668e+50    2.83693e+08    1.50716e+11
          306.8     1.1987e+50    2.83958e+08    1.50611e+11
          306.9    1.21085e+50    2.84222e+08    1.50507e+11
            307    1.22312e+50    2.84487e+08    1.50402e+11
          307.1    1.23551e+50    2.84752e+08    1.50298e+11
          307.2    1.24802e+50    2.85017e+08    1.50193e+11
          307.3    1.26065e+50    2.85282e+08    1.50089e+11
          307.4    1.27341e+50    2.85547e+08    1.49985e+11
          307.5     1.2863e+50    2.85812e+08    1.49881e+11
          307.6    1.29931e+50    2.86077e+08    1.49777e+11
          307.7    1.31245e+50    2.86343e+08    1.49673e+11
          307.8    1.32572e+50    2.86608e+08    1.49569e+11
          307.9    1.33912e+50    2.86874e+08    1.49466e+11
            308    1.35266e+50    2.87139e+08    1.49362e+11
          308.1    1.36632e+50    2.87405e+08    1.49258e+11
          308.2    1.38012e+50    2.87671e+08    1.49155e+11
          308.3    1.39406e+50    2.87937e+08    1.49052e+11
          308.4    1.40814e+50    2.88203e+08    1.48948e+11
          308.5    1.42235e+50    2.88469e+08    1.48845e+11
          308.6    1.43671e+50    2.88735e+08    1.48742e+11
          308.7     1.4512e+50    2.89001e+08    1.48639e+11
          308.8    1.46584e+50    2.89267e+08    1.48537e+11
          308.9    1.48062e+50    2.89534e+08    1.48434e+11
            309    1.49555e+50      2.898e+08    1.48331e+11
          309.1    1.51062e+50    2.90067e+08    1.48228e+11
          309.2    1.52585e+50    2.90334e+08    1.48126e+11
          309.3    1.54122e+50      2.906e+08    1.48024e+11
          309.4    1.55674e+50    2.90867e+08    1.47921e+11
          309.5    1.57242e+50    2.91134e+08    1.47819e+11
          309.6    1.58825e+50    2.91401e+08    1.47717e+11
          309.7    1.60423e+50    2.91668e+08    1.47615e+11
          309.8    1.62038e+50    2.91936e+08    1.47513e+11
          309.9    1.63668e+50    2.92203e+08    1.47411e+11
            310    1.65314e+50     2.9247e+08    1.47309e+11
          310.1    1.66976e+50    2.92738e+08    1.47208e+11
          310.2    1.68655e+50    2.93005e+08    1.47106e+11
          310.3     1.7035e+50    2.93273e+08    1.47005e+11
          310.4    1.72061e+50    2.93541e+08    1.46903e+11
          310.5     1.7379e+50    2.93809e+08    1.46802e+11
          310.6    1.75535e+50    2.94076e+08    1.46701e+11
          310.7    1.77298e+50    2.94344e+08      1.466e+11
          310.8    1.79077e+50    2.94613e+08    1.46499e+11
          310.9    1.80874e+50    2.94881e+08    1.46398e+11
            311    1.82689e+50    2.95149e+08    1.46297e+11
          311.1    1.84522e+50    2.95417e+08    1.46196e+11
          311.2    1.86372e+50    2.95686e+08    1.46096e+11
          311.3    1.88241e+50    2.95954e+08    1.45995e+11
          311.4    1.90128e+50    2.96223e+08    1.45895e+11
          311.5    1.92033e+50    2.96492e+08    1.45794e+11
          311.6    1.93957e+50    2.96761e+08    1.45694e+11
          311.7      1.959e+50    2.97029e+08    1.45594e+11
          311.8    1.97861e+50    2.97298e+08    1.45494e+11
          311.9    1.99842e+50    2.97567e+08    1.45394e+11
            312    2.01843e+50    2.97837e+08    1.45294e+11
          312.1    2.03862e+50    2.98106e+08    1.45194e+11
          312.2    2.05902e+50    2.98375e+08    1.45094e+11
          312.3    2.07961e+50    2.98645e+08    1.44994e+11
          312.4    2.10041e+50    2.98914e+08    1.44895e+11
          312.5    2.12141e+50    2.99184e+08    1.44795e+11
          312.6    2.14261e+50    2.99453e+08    1.44696e+11
          312.7    2.16402e+50    2.99723e+08    1.44597e+11
          312.8    2.18564e+50    2.99993e+08    1.44497e+11
          312.9    2.20747e+50    3.00263e+08    1.44398e+11
            313    2.22951e+50    3.00533e+08    1.44299e+11
          313.1    2.25177e+50    3.00803e+08      1.442e+11
          313.2    2.27424e+50    3.01073e+08    1.44101e+11
          313.3    2.29693e+50    3.01343e+08    1.44003e+11
          313.4    2.31985e+50    3.01614e+08    1.43904e+11
          313.5    2.34298e+50    3.01884e+08    1.43805e+11
          313.6    2.36635e+50    3.02155e+08    1.43707e+11
          313.7    2.38993e+50    3.02425e+08    1.43608e+11
          313.8    2.41375e+50    3.02696e+08     1.4351e+11
          313.9     2.4378e+50    3.02967e+08    1.43412e+11
            314    2.46209e+50    3.03238e+08    1.43314e+11
          314.1    2.48661e+50    3.03509e+08    1.43216e+11
          314.2    2.51137e+50     3.0378e+08    1.43118e+11
          314.3    2.53636e+50    3.04051e+08     1.4302e+11
          314.4    2.56161e+50    3.04322e+08    1.42922e+11
          314.5    2.58709e+50    3.04593e+08    1.42824e+11
          314.6    2.61283e+50    3.04865e+08    1.42727e+11
          314.7    2.63881e+50    3.05136e+08    1.42629e+11
          314.8    2.66505e+50    3.05408e+08    1.42532e+11
          314.9    2.69154e+50    3.05679e+08    1.42434e+11
            315    2.71828e+50    3.05951e+08    1.42337e+11
          315.1    2.74529e+50    3.06223e+08     1.4224e+11
          315.2    2.77256e+50    3.06495e+08    1.42143e+11
          315.3    2.80009e+50    3.06766e+08    1.42046e+11
          315.4    2.82789e+50    3.07039e+08    1.41949e+11
          315.5    2.85596e+50    3.07311e+08    1.41852e+11
          315.6     2.8843e+50    3.07583e+08    1.41755e+11
          315.7    2.91292e+50    3.07855e+08    1.41658e+11
          315.8    2.94181e+50    3.08128e+08    1.41562e+11
          315.9    2.97098e+50      3.084e+08    1.41465e+11
            316    3.00044e+50    3.08673e+08    1.41369e+11
          316.1    3.03017e+50    3.08945e+08    1.41272e+11
          316.2     3.0602e+50    3.09218e+08    1.41176e+11
          316.3    3.09052e+50    3.09491e+08     1.4108e+11
          316.4    3.12113e+50    3.09764e+08    1.40984e+11
          316.5    3.15203e+50    3.10037e+08    1.40888e+11
          316.6    3.18324e+50     3.1031e+08    1.40792e+11
          316.7    3.21475e+50    3.10583e+08    1.40696e+11
          316.8    3.24656e+50    3.10856e+08      1.406e+11
          316.9    3.27867e+50    3.11129e+08    1.40505e+11
            317     3.3111e+50    3.11403e+08    1.40409e+11
          317.1    3.34384e+50    3.11676e+08    1.40314e+11
          317.2     3.3769e+50     3.1195e+08    1.40218e+11
          317.3    3.41027e+50    3.12223e+08    1.40123e+11
          317.4    3.44397e+50    3.12497e+08    1.40028e+11
          317.5    3.47799e+50    3.12771e+08    1.39933e+11
          317.6    3.51234e+50    3.13045e+08    1.39838e+11
          317.7    3.54702e+50    3.13319e+08    1.39743e+11
          317.8    3.58204e+50    3.13593e+08    1.39648e+11
          317.9    3.61739e+50    3.13867e+08    1.39553e+11
            318    3.65308e+50    3.14141e+08    1.39458e+11
          318.1    3.68912e+50    3.14415e+08    1.39364e+11
          318.2     3.7255e+50     3.1469e+08    1.39269e+11
          318.3    3.76224e+50    3.14964e+08    1.39174e+11
          318.4    3.79932e+50    3.15239e+08     1.3908e+11
          318.5    3.83677e+50    3.15513e+08    1.38986e+11
          318.6    3.87457e+50    3.15788e+08    1.38892e+11
          318.7    3.91274e+50    3.16063e+08    1.38797e+11
          318.8    3.95127e+50    3.16338e+08    1.38703e+11
          318.9    3.99018e+50    3.16613e+08    1.38609e+11
            319    4.02945e+50    3.16888e+08    1.38515e+11
          319.1    4.06911e+50    3.17163e+08    1.38422e+11
          319.2    4.10915e+50    3.17438e+08    1.38328e+11
          319.3    4.14957e+50    3.17713e+08    1.38234e+11
          319.4    4.19038e+50    3.17989e+08    1.38141e+11
          319.5    4.23158e+50    3.18264e+08    1.38047e+11
          319.6    4.27317e+50    3.18539e+08    1.37954e+11
          319.7    4.31517e+50    3.18815e+08    1.37861e+11
          319.8    4.35756e+50    3.19091e+08    1.37767e+11
          319.9    4.40037e+50    3.19367e+08    1.37674e+11
            320    4.44358e+50    3.19642e+08    1.37581e+11
Bimolecular fragments density of states, mol/kcal:
    E, kcal/mol           P2_0           P2_1
            0.1        80788.2        66.8528
            0.2         228858        94.5442
            0.3         338470        115.792
            0.4         417624        133.706
            0.5         483439        149.487
            0.6         604262        163.755
            0.7         839954        176.876
            0.8    1.07869e+06        189.088
            0.9    1.29452e+06        200.558
              1    1.52181e+06        211.407
            1.1    1.74461e+06        221.726
            1.2    2.03184e+06        231.585
            1.3     2.4661e+06        241.041
            1.4    2.95845e+06         250.14
            1.5    3.42087e+06         258.92
            1.6    4.07952e+06        267.411
            1.7    4.80635e+06        275.641
            1.8    5.58585e+06        283.632
            1.9    6.54183e+06        291.405
              2    7.60932e+06        298.975
            2.1    8.84938e+06        306.358
            2.2    1.03689e+07        313.567
            2.3    1.20193e+07        320.615
            2.4    1.39151e+07        327.511
            2.5    1.59686e+07        334.264
            2.6    1.81054e+07        340.884
            2.7     2.0661e+07        347.377
            2.8    2.37992e+07        353.752
            2.9    2.74131e+07        360.013
              3    3.12443e+07        366.168
            3.1    3.57313e+07        372.221
            3.2    4.06478e+07        378.177
            3.3     4.6347e+07         384.04
            3.4    5.26924e+07        389.816
            3.5    5.96296e+07        395.507
            3.6    6.74552e+07        401.117
            3.7    7.63327e+07         406.65
            3.8    8.61818e+07        412.108
            3.9    9.73124e+07        417.496
              4    1.09594e+08        422.814
            4.1    1.22886e+08        428.067
            4.2    1.37937e+08        433.256
            4.3    1.55287e+08        438.383
            4.4     1.7443e+08        443.451
            4.5    1.95542e+08        448.462
            4.6    2.18884e+08        453.418
            4.7    2.44424e+08        487.948
            4.8    2.73001e+08        536.294
            4.9    3.05011e+08        567.048
              5    3.40535e+08        592.244
            5.1    3.79493e+08        614.374
            5.2    4.22358e+08        634.478
            5.3    4.69412e+08         653.11
            5.4    5.21985e+08        670.606
            5.5    5.79744e+08        687.189
            5.6    6.42715e+08        703.016
            5.7     7.1238e+08        718.201
            5.8     7.8988e+08        732.832
            5.9    8.75002e+08        746.979
              6    9.68378e+08        760.695
            6.1    1.07104e+09        774.026
            6.2    1.18307e+09        787.009
            6.3     1.3061e+09        799.675
            6.4    1.44163e+09        812.052
            6.5    1.59027e+09         824.16
            6.6    1.75303e+09        836.022
            6.7    1.93024e+09        847.653
            6.8    2.12405e+09         859.07
            6.9    2.33687e+09        870.285
              7     2.5697e+09        881.312
            7.1    2.82332e+09         892.16
            7.2    3.10077e+09         902.84
            7.3    3.40334e+09         913.36
            7.4    3.73348e+09        923.728
            7.5    4.09361e+09        933.953
            7.6    4.48662e+09         944.04
            7.7    4.91317e+09        953.996
            7.8    5.37726e+09        963.826
            7.9    5.88349e+09        973.536
              8     6.4353e+09        983.131
            8.1     7.0343e+09        992.615
            8.2    7.68465e+09        1001.99
            8.3    8.39035e+09        1011.27
            8.4    9.15772e+09        1020.44
            8.5    9.99068e+09        1029.52
            8.6    1.08946e+10        1038.51
            8.7    1.18762e+10        1047.41
            8.8    1.29394e+10        1056.23
            8.9    1.40908e+10        1064.96
              9    1.53388e+10         1073.6
            9.1    1.66915e+10        1082.18
            9.2    1.81546e+10        1090.67
            9.3    1.97373e+10        1099.09
            9.4    2.14492e+10        1149.34
            9.5    2.33022e+10        1194.62
            9.6    2.53047e+10        1227.34
            9.7    2.74674e+10        1255.21
            9.8    2.98033e+10        1280.27
            9.9    3.23251e+10        1303.42
             10    3.50477e+10        1325.16
           10.1    3.79874e+10        1345.79
           10.2    4.11584e+10        1365.53
           10.3    4.45763e+10        1384.53
           10.4    4.82599e+10        1402.88
           10.5    5.22294e+10        1420.68
           10.6    5.65087e+10           1438
           10.7     6.1116e+10        1454.87
           10.8    6.60762e+10        1471.36
           10.9    7.14143e+10        1487.49
             11    7.71588e+10        1503.29
           11.1     8.3338e+10        1544.89
           11.2    8.99837e+10        1605.78
           11.3    9.71272e+10        1647.06
           11.4    1.04804e+11        1702.85
           11.5    1.13051e+11        1784.33
           11.6    1.21912e+11        1840.96
           11.7    1.31427e+11        1889.98
           11.8    1.41642e+11        1934.52
           11.9    1.52601e+11        1975.95
             12    1.64359e+11        2015.02
           12.1    1.76973e+11        2052.19
           12.2    1.90502e+11         2087.8
           12.3    2.05006e+11        2122.08
           12.4    2.20549e+11        2155.22
           12.5    2.37203e+11        2187.34
           12.6    2.55045e+11        2218.57
           12.7    2.74154e+11        2248.98
           12.8    2.94611e+11        2278.66
           12.9    3.16511e+11        2307.68
             13    3.39946e+11        2336.08
           13.1    3.65021e+11        2363.91
           13.2    3.91841e+11        2391.21
           13.3    4.20525e+11        2418.02
           13.4     4.5119e+11        2444.37
           13.5    4.83966e+11        2470.29
           13.6    5.18992e+11         2495.8
           13.7    5.56418e+11        2520.93
           13.8    5.96394e+11        2545.69
           13.9    6.39083e+11        2570.11
             14     6.8466e+11         2594.2
           14.1    7.33309e+11        2669.29
           14.2     7.8523e+11        2725.73
           14.3    8.40629e+11        2772.22
           14.4    8.99723e+11        2814.22
           14.5    9.62747e+11        2853.43
           14.6    1.02995e+12        2890.67
           14.7    1.10159e+12        2926.38
           14.8    1.17795e+12        2960.87
           14.9    1.25931e+12        2994.33
             15      1.346e+12         3026.9
           15.1    1.43834e+12         3058.7
           15.2    1.53668e+12        3089.81
           15.3    1.64138e+12         3120.3
           15.4    1.75285e+12        3150.23
           15.5    1.87148e+12        3179.64
           15.6    1.99772e+12        3208.56
           15.7    2.13203e+12        3237.04
           15.8    2.27489e+12         3304.6
           15.9    2.42683e+12        3370.43
             16    2.58839e+12        3422.55
           16.1    2.76014e+12        3505.37
           16.2    2.94269e+12        3589.01
           16.3     3.1367e+12        3655.77
           16.4    3.34284e+12        3715.72
           16.5    3.56182e+12        3771.44
           16.6    3.79441e+12        3824.13
           16.7    4.04141e+12        3874.47
           16.8    4.30366e+12         3922.9
           16.9    4.58206e+12        3969.74
             17    4.87755e+12         4015.2
           17.1    5.19111e+12        4059.45
           17.2    5.52382e+12        4102.64
           17.3    5.87676e+12        4144.87
           17.4    6.25112e+12        4186.23
           17.5    6.64811e+12        4226.79
           17.6    7.06903e+12        4266.62
           17.7    7.51527e+12        4305.77
           17.8    7.98826e+12        4344.29
           17.9    8.48952e+12        4382.22
             18    9.02067e+12        4419.59
           18.1    9.58338e+12        4456.44
           18.2    1.01794e+13        4492.81
           18.3    1.08107e+13         4528.7
           18.4    1.14792e+13        4564.15
           18.5     1.2187e+13        4599.18
           18.6    1.29362e+13         4633.8
           18.7    1.37292e+13        4668.04
           18.8    1.45685e+13        4761.17
           18.9    1.54564e+13        4824.77
             19    1.63959e+13        4880.19
           19.1    1.73897e+13        4931.53
           19.2    1.84407e+13        4980.24
           19.3    1.95521e+13        5027.03
           19.4    2.07273e+13        5072.31
           19.5    2.19696e+13        5116.36
           19.6    2.32828e+13        5159.36
           19.7    2.46706e+13        5201.45
           19.8    2.61371e+13        5242.73
           19.9    2.76866e+13        5283.29
             20    2.93234e+13         5323.2
           20.1    3.10524e+13         5362.5
           20.2    3.28784e+13        5401.25
           20.3    3.48066e+13        5439.48
           20.4    3.68424e+13        5477.22
           20.5    3.89916e+13        5563.88
           20.6    4.12601e+13        5634.48
           20.7    4.36543e+13        5694.48
           20.8    4.61807e+13        5796.38
           20.9    4.88464e+13        5883.62
             21    5.16586e+13        5957.78
           21.1     5.4625e+13        6025.82
           21.2    5.77537e+13        6089.88
           21.3     6.1053e+13        6151.04
           21.4    6.45319e+13        6209.92
           21.5    6.81996e+13        6266.91
           21.6    7.20659e+13        6322.32
           21.7     7.6141e+13        6376.36
           21.8    8.04357e+13        6429.18
           21.9    8.49613e+13        6480.93
             22    8.97295e+13        6531.69
           22.1    9.47527e+13        6581.57
           22.2    1.00044e+14        6667.54
           22.3    1.05617e+14         6755.3
           22.4    1.11486e+14        6828.03
           22.5    1.17665e+14        6928.14
           22.6    1.24172e+14        7033.13
           22.7    1.31021e+14        7119.72
           22.8     1.3823e+14        7227.92
           22.9    1.45818e+14        7346.69
             23    1.53803e+14        7444.25
           23.1    1.62205e+14        7533.68
           23.2    1.71045e+14        7617.96
           23.3    1.80344e+14        7698.45
           23.4    1.90125e+14        7775.13
           23.5    2.00413e+14        7917.23
           23.6    2.11231e+14        8018.01
           23.7    2.22607e+14        8110.41
           23.8    2.34567e+14        8197.82
           23.9    2.47141e+14        8281.63
             24    2.60357e+14        8362.59
           24.1    2.74248e+14         8441.2
           24.2    2.88846e+14        8517.78
           24.3    3.04186e+14        8592.58
           24.4    3.20303e+14        8665.81
           24.5    3.37235e+14        8737.61
           24.6    3.55022e+14         8808.1
           24.7    3.73705e+14         8877.4
           24.8    3.93325e+14        8945.59
           24.9     4.1393e+14        9012.75
             25    4.35565e+14        9078.94
           25.1    4.58279e+14        9144.23
           25.2    4.82125e+14        9266.24
           25.3    5.07156e+14        9360.52
           25.4    5.33427e+14        9445.85
           25.5    5.60999e+14        9581.84
           25.6    5.89931e+14        9691.02
           25.7    6.20289e+14         9789.2
           25.8    6.52139e+14        9881.53
           25.9    6.85551e+14        9969.87
             26    7.20598e+14        10055.2
           26.1    7.57357e+14          10138
           26.2    7.95907e+14        10218.8
           26.3    8.36333e+14        10297.8
           26.4     8.7872e+14        10375.2
           26.5     9.2316e+14        10451.2
           26.6    9.69747e+14        10525.9
           26.7    1.01858e+15        10599.5
           26.8    1.06977e+15          10672
           26.9    1.12341e+15        10790.8
             27    1.17962e+15        10895.9
           27.1    1.23852e+15        10989.4
           27.2    1.30024e+15          11122
           27.3    1.36489e+15        11242.7
           27.4    1.43262e+15        11349.1
           27.5    1.50356e+15        11490.3
           27.6    1.57785e+15          11623
           27.7    1.65566e+15        11739.7
           27.8    1.73714e+15          11849
           27.9    1.82245e+15        11953.3
             28    1.91176e+15        12053.9
           28.1    2.00527e+15        12179.7
           28.2    2.10314e+15        12319.1
           28.3    2.20559e+15        12438.1
           28.4     2.3128e+15        12549.5
           28.5    2.42501e+15        12656.2
           28.6    2.54242e+15        12759.3
           28.7    2.66526e+15        12859.6
           28.8    2.79379e+15        12957.5
           28.9    2.92824e+15        13053.3
             29    3.06888e+15        13147.2
           29.1    3.21599e+15        13239.5
           29.2    3.36984e+15        13330.2
           29.3    3.53074e+15        13419.6
           29.4    3.69898e+15        13507.7
           29.5     3.8749e+15        13594.6
           29.6    4.05882e+15        13680.4
           29.7     4.2511e+15        13765.1
           29.8    4.45209e+15        13848.8
           29.9    4.66218e+15        13996.4
             30    4.88176e+15        14106.6
           30.1    5.11124e+15        14209.2
           30.2    5.35104e+15        14370.2
           30.3    5.60161e+15        14494.5
           30.4    5.86341e+15        14609.3
           30.5    6.13692e+15        14718.7
           30.6    6.42265e+15        14824.3
           30.7    6.72111e+15        14926.9
           30.8    7.03286e+15          15027
           30.9    7.35844e+15        15125.1
             31    7.69846e+15        15221.3
           31.1    8.05352e+15        15315.9
           31.2    8.42427e+15        15409.1
           31.3    8.81135e+15        15500.9
           31.4    9.21547e+15        15591.5
           31.5    9.63734e+15        15680.9
           31.6    1.00777e+16        15825.2
           31.7    1.05373e+16        15943.8
           31.8    1.10171e+16          16053
           31.9    1.15177e+16        16210.7
             32    1.20401e+16        16343.9
           32.1    1.25852e+16        16465.5
           32.2     1.3154e+16        16631.9
           32.3    1.37474e+16        16776.4
           32.4    1.43664e+16        16907.9
           32.5    1.50121e+16        17032.6
           32.6    1.56857e+16        17152.5
           32.7    1.63882e+16        17268.8
           32.8    1.71208e+16        17423.1
           32.9    1.78848e+16        17571.4
             33    1.86815e+16        17704.7
           33.1    1.95122e+16        17831.1
           33.2    2.03783e+16        17953.1
           33.3    2.12812e+16        18116.9
           33.4    2.22224e+16        18268.1
           33.5    2.32036e+16        18405.5
           33.6    2.42263e+16        18578.4
           33.7    2.52922e+16        18741.5
           33.8     2.6403e+16        18888.7
           33.9    2.75606e+16        19067.2
             34    2.87668e+16          19240
           34.1    3.00236e+16        19395.3
           34.2    3.13331e+16        19577.7
           34.3    3.26973e+16        19759.4
           34.4    3.41185e+16        19921.9
           34.5    3.55989e+16        20100.1
           34.6    3.71408e+16        20294.7
           34.7    3.87468e+16        20464.4
           34.8    4.04194e+16        20642.9
           34.9    4.21612e+16          20848
             35     4.3975e+16        21024.2
           35.1    4.58635e+16        21190.4
           35.2    4.78299e+16        21350.1
           35.3    4.98771e+16        21504.8
           35.4    5.20083e+16        21655.4
           35.5    5.42269e+16        21802.6
           35.6    5.65362e+16        21946.7
           35.7    5.89399e+16        22088.1
           35.8    6.14415e+16        22227.1
           35.9     6.4045e+16        22363.9
             36    6.67543e+16        22498.7
           36.1    6.95735e+16        22631.5
           36.2     7.2507e+16        22762.6
           36.3     7.5559e+16        22955.3
           36.4    7.87343e+16          23112
           36.5    8.20376e+16        23260.1
           36.6    8.54739e+16        23464.5
           36.7    8.90483e+16        23633.6
           36.8     9.2766e+16        23792.5
           36.9    9.66326e+16        24004.2
             37    1.00654e+17        24182.9
           37.1    1.04836e+17        24350.3
           37.2    1.09184e+17          24511
           37.3    1.13706e+17        24666.8
           37.4    1.18407e+17        24818.8
           37.5    1.23295e+17        25018.2
           37.6    1.28376e+17        25197.5
           37.7    1.33659e+17        25364.5
           37.8     1.3915e+17          25525
           37.9    1.44857e+17          25681
             38    1.50789e+17        25887.4
           38.1    1.56954e+17        26068.7
           38.2    1.63362e+17        26238.5
           38.3     1.7002e+17        26453.4
           38.4    1.76938e+17        26645.2
           38.5    1.84127e+17        26823.7
           38.6    1.91596e+17        27043.9
           38.7    1.99356e+17        27244.1
           38.8    2.07418e+17        27429.9
           38.9    2.15793e+17          27654
             39    2.24492e+17        27861.7
           39.1    2.33528e+17        28053.9
           39.2    2.42913e+17        28276.4
           39.3     2.5266e+17        28493.4
           39.4    2.62783e+17        28692.1
           39.5    2.73295e+17        28916.8
           39.6    2.84211e+17        29141.2
           39.7    2.95545e+17        29345.6
           39.8    3.07313e+17        29540.8
           39.9    3.19532e+17        29729.8
             40    3.32217e+17        29913.7
           40.1    3.45385e+17        30093.6
           40.2    3.59054e+17          30270
           40.3    3.73243e+17        30443.2
           40.4    3.87971e+17        30613.7
           40.5    4.03256e+17        30781.6
           40.6     4.1912e+17        30947.2
           40.7    4.35583e+17        31110.6
           40.8    4.52667e+17          31272
           40.9    4.70395e+17        31451.7
             41     4.8879e+17        31659.2
           41.1    5.07875e+17        31842.1
           41.2    5.27676e+17        32029.6
           41.3    5.48219e+17        32256.1
           41.4     5.6953e+17        32450.7
           41.5    5.91637e+17        32636.1
           41.6    6.14568e+17        32881.8
           41.7    6.38352e+17        33085.3
           41.8    6.63021e+17        33278.7
           41.9    6.88606e+17        33465.8
             42    7.15139e+17        33648.2
           42.1    7.42654e+17        33826.8
           42.2    7.71187e+17        34060.8
           42.3    8.00772e+17        34263.7
           42.4    8.31448e+17        34456.1
           42.5    8.63253e+17        34642.4
           42.6    8.96227e+17        34824.3
           42.7    9.30411e+17        35064.4
           42.8    9.65848e+17          35269
           42.9    1.00258e+18        35463.7
             43    1.04066e+18        35711.8
           43.1    1.08012e+18        35926.1
           43.2    1.12103e+18        36129.1
           43.3    1.16342e+18        36382.5
           43.4    1.20735e+18        36604.5
           43.5    1.25288e+18        36814.3
           43.6    1.30006e+18        37071.7
           43.7    1.34894e+18        37300.6
           43.8    1.39959e+18        37516.4
           43.9    1.45207e+18        37773.2
             44    1.50644e+18          38010
           44.1    1.56277e+18        38231.8
           44.2    1.62112e+18        38491.3
           44.3    1.68156e+18        38734.5
           44.4    1.74417e+18        39013.9
           44.5    1.80902e+18        39265.3
           44.6    1.87619e+18        39501.2
           44.7    1.94576e+18        39777.7
           44.8     2.0178e+18        40031.7
           44.9    2.09241e+18        40270.4
             45    2.16968e+18        40547.1
           45.1    2.24968e+18        40805.5
           45.2    2.33252e+18        41047.8
           45.3    2.41829e+18        41325.3
           45.4     2.5071e+18        41588.5
           45.5    2.59904e+18        41834.7
           45.6    2.69422e+18        42148.6
           45.7    2.79276e+18        42456.9
           45.8    2.89475e+18        42732.4
           45.9    3.00033e+18        43025.4
             46    3.10962e+18        43319.1
           46.1    3.22273e+18        43589.3
           46.2    3.33979e+18        43875.7
           46.3    3.46095e+18        44171.5
           46.4    3.58633e+18        44442.5
           46.5    3.71607e+18        44702.6
           46.6    3.85034e+18        44955.2
           46.7    3.98926e+18        45201.7
           46.8    4.13301e+18        45443.5
           46.9    4.28174e+18          45746
             47    4.43561e+18        46007.3
           47.1    4.59481e+18        46258.5
           47.2    4.75949e+18          46503
           47.3    4.92986e+18        46757.4
           47.4    5.10609e+18          47046
           47.5    5.28837e+18        47304.7
           47.6    5.47692e+18        47552.8
           47.7    5.67193e+18        47863.2
           47.8    5.87362e+18        48129.1
           47.9    6.08221e+18        48384.3
             48    6.29793e+18        48697.2
           48.1      6.521e+18        48968.7
           48.2    6.75167e+18          49229
           48.3    6.99019e+18        49544.4
           48.4    7.23682e+18        49820.9
           48.5    7.49182e+18        50085.6
           48.6    7.75546e+18        50399.7
           48.7    8.02803e+18        50682.1
           48.8    8.30981e+18        50951.4
           48.9     8.6011e+18        51267.3
             49    8.90222e+18        51554.4
           49.1    9.21348e+18        51887.8
           49.2    9.53521e+18        52182.9
           49.3    9.86775e+18        52464.1
           49.4    1.02114e+19        52794.3
           49.5    1.05667e+19        53090.9
           49.6    1.09338e+19        53373.9
           49.7    1.13131e+19        53703.9
           49.8    1.17052e+19        54003.5
           49.9    1.21103e+19        54289.3
             50    1.25289e+19        54619.5
           50.1    1.29614e+19        54922.7
           50.2    1.34083e+19        55211.5
           50.3      1.387e+19        55588.5
           50.4     1.4347e+19        55930.5
           50.5    1.48398e+19        56246.3
           50.6    1.53489e+19        56592.3
           50.7    1.58748e+19        56921.9
           50.8     1.6418e+19        57232.5
           50.9    1.69792e+19        57572.9
             51    1.75587e+19        57902.9
           51.1    1.81574e+19        58213.7
           51.2    1.87756e+19        58514.3
           51.3    1.94141e+19        58807.5
           51.4    2.00736e+19        59094.7
           51.5    2.07545e+19        59403.6
           51.6    2.14577e+19        59726.4
           51.7    2.21839e+19        60026.3
           51.8    2.29337e+19        60316.9
           51.9    2.37078e+19        60601.1
             52    2.45072e+19        60913.1
           52.1    2.53325e+19        61229.4
           52.2    2.61845e+19          61526
           52.3    2.70641e+19        61842.4
           52.4    2.79721e+19        62168.2
           52.5    2.89095e+19        62471.1
           52.6    2.98771e+19        62787.8
           52.7    3.08759e+19        63121.7
           52.8    3.19068e+19        63429.6
           52.9    3.29709e+19        63744.1
             53    3.40691e+19        64086.9
           53.1    3.52026e+19        64399.1
           53.2    3.63723e+19        64700.7
           53.3    3.75795e+19        65059.2
           53.4    3.88252e+19        65376.4
           53.5    4.01107e+19        65681.9
           53.6    4.14371e+19          66042
           53.7    4.28058e+19        66363.9
           53.8     4.4218e+19        66739.4
           53.9    4.56751e+19        67068.4
             54    4.71784e+19          67385
           54.1    4.87293e+19        67758.3
           54.2    5.03294e+19        68088.4
           54.3      5.198e+19        68406.5
           54.4    5.36827e+19        68779.4
           54.5    5.54392e+19        69112.1
           54.6    5.72509e+19        69432.5
           54.7    5.91197e+19        69805.6
           54.8    6.10472e+19        70141.3
           54.9    6.30353e+19        70464.3
             55    6.50857e+19        70892.8
           55.1    6.72003e+19        71263.2
           55.2     6.9381e+19        71611.7
           55.3    7.16299e+19        72000.6
           55.4     7.3949e+19        72360.5
           55.5    7.63404e+19        72762.5
           55.6    7.88063e+19        73176.7
           55.7    8.13489e+19        73558.8
           55.8    8.39705e+19          73977
           55.9    8.66734e+19        74358.5
             56    8.94602e+19        74722.6
           56.1    9.23332e+19        75129.4
           56.2    9.52951e+19        75546.1
           56.3    9.83485e+19        75944.8
           56.4    1.01496e+20        76371.4
           56.5    1.04741e+20        76767.5
           56.6    1.08085e+20        77144.6
           56.7    1.11533e+20          77603
           56.8    1.15086e+20        78029.8
           56.9    1.18748e+20        78427.4
             57    1.22523e+20        78896.7
           57.1    1.26413e+20        79341.1
           57.2    1.30422e+20        79753.1
           57.3    1.34554e+20        80186.6
           57.4    1.38812e+20        80609.8
           57.5    1.43199e+20        81009.9
           57.6     1.4772e+20        81431.7
           57.7    1.52379e+20          81851
           57.8    1.57179e+20        82247.1
           57.9    1.62125e+20        82654.4
             58     1.6722e+20          83078
           58.1     1.7247e+20        83473.3
           58.2    1.77879e+20        83872.7
           58.3    1.83451e+20        84300.3
           58.4    1.89192e+20        84725.3
           58.5    1.95105e+20        85151.8
           58.6    2.01196e+20        85552.4
           58.7    2.07471e+20        85965.8
           58.8    2.13934e+20        86391.8
           58.9    2.20591e+20        86790.8
             59    2.27448e+20        87196.9
           59.1     2.3451e+20        87626.4
           59.2    2.41783e+20        88025.4
           59.3    2.49274e+20        88421.1
           59.4    2.56988e+20        88859.3
           59.5    2.64932e+20        89259.1
           59.6    2.73113e+20        89647.3
           59.7    2.81537e+20        90154.7
           59.8    2.90212e+20        90584.8
           59.9    2.99144e+20        90995.4
             60    3.08341e+20        91454.5
           60.1     3.1781e+20        91874.4
           60.2     3.2756e+20        92344.4
           60.3    3.37598e+20        92825.8
           60.4    3.47932e+20        93265.1
           60.5    3.58571e+20          93750
           60.6    3.69524e+20        94188.7
           60.7    3.80799e+20        94611.5
           60.8    3.92406e+20        95084.9
           60.9    4.04353e+20        95567.6
             61    4.16651e+20        96019.7
           61.1     4.2931e+20          96511
           61.2    4.42339e+20        96961.4
           61.3    4.55749e+20        97394.9
           61.4    4.69551e+20        97927.2
           61.5    4.83756e+20        98403.9
           61.6    4.98375e+20        98855.8
           61.7    5.13419e+20        99398.6
           61.8    5.28902e+20        99890.8
           61.9    5.44834e+20         100356
             62    5.61229e+20         100854
           62.1    5.78099e+20         101327
           62.2    5.95458e+20         101780
           62.3     6.1332e+20         102267
           62.4    6.31698e+20         102734
           62.5    6.50606e+20         103183
           62.6     6.7006e+20         103658
           62.7    6.90075e+20         104126
           62.8    7.10666e+20         104573
           62.9     7.3185e+20         105043
             63    7.53642e+20         105511
           63.1    7.76059e+20         105999
           63.2    7.99119e+20         106471
           63.3     8.2284e+20         106922
           63.4    8.47239e+20         107400
           63.5    8.72336e+20         107870
           63.6     8.9815e+20         108319
           63.7    9.24699e+20         108792
           63.8    9.52006e+20         109262
           63.9    9.80089e+20         109710
             64    1.00897e+21         110178
           64.1    1.03867e+21         110650
           64.2    1.06922e+21         111098
           64.3    1.10063e+21         111580
           64.4    1.13293e+21         112106
           64.5    1.16615e+21         112582
           64.6     1.2003e+21         113045
           64.7    1.23542e+21         113555
           64.8    1.27153e+21         114048
           64.9    1.30865e+21         114546
             65    1.34683e+21         115081
           65.1    1.38607e+21         115586
           65.2    1.42642e+21         116104
           65.3     1.4679e+21         116588
           65.4    1.51054e+21         117071
           65.5    1.55438e+21         117585
           65.6    1.59944e+21         118121
           65.7    1.64576e+21         118617
           65.8    1.69338e+21         119161
           65.9    1.74233e+21         119656
             66    1.79263e+21         120135
           66.1    1.84434e+21         120729
           66.2    1.89749e+21         121247
           66.3    1.95212e+21         121743
           66.4    2.00826e+21         122347
           66.5    2.06595e+21         122879
           66.6    2.12525e+21         123452
           66.7    2.18619e+21         124032
           66.8    2.24881e+21         124568
           66.9    2.31316e+21         125146
             67    2.37929e+21         125732
           67.1    2.44724e+21         126277
           67.2    2.51706e+21         126861
           67.3     2.5888e+21         127449
           67.4    2.66252e+21         128005
           67.5    2.73825e+21         128596
           67.6    2.81607e+21         129191
           67.7    2.89602e+21         129757
           67.8    2.97816e+21         130405
           67.9    3.06254e+21         130996
             68    3.14923e+21         131558
           68.1    3.23829e+21         132203
           68.2    3.32977e+21         132801
           68.3    3.42375e+21         133369
           68.4    3.52028e+21         134015
           68.5    3.61944e+21         134622
           68.6     3.7213e+21         135196
           68.7    3.82592e+21         135797
           68.8    3.93337e+21         136377
           68.9    4.04374e+21         136935
             69    4.15709e+21         137554
           69.1    4.27351e+21         138167
           69.2    4.39307e+21         138742
           69.3    4.51586e+21         139330
           69.4    4.64195e+21         139918
           69.5    4.77145e+21         140519
           69.6    4.90443e+21         141130
           69.7    5.04098e+21         141737
           69.8     5.1812e+21         142347
           69.9    5.32518e+21         142946
             70    5.47302e+21         143517
           70.1    5.62482e+21         144107
           70.2    5.78068e+21         144695
           70.3    5.94071e+21         145324
           70.4    6.10501e+21         145930
           70.5    6.27369e+21         146536
           70.6    6.44687e+21         147112
           70.7    6.62466e+21         147707
           70.8    6.80719e+21         148362
           70.9    6.99456e+21         148958
             71     7.1869e+21         149549
           71.1    7.38435e+21         150230
           71.2    7.58703e+21         150860
           71.3    7.79508e+21         151494
           71.4    8.00863e+21         152156
           71.5    8.22783e+21         152782
           71.6    8.45281e+21         153427
           71.7    8.68373e+21         154094
           71.8    8.92073e+21         154710
           71.9    9.16397e+21         155376
             72    9.41361e+21         156045
           72.1    9.66982e+21         156671
           72.2    9.93274e+21         157341
           72.3    1.02026e+22         158015
           72.4    1.04795e+22         158649
           72.5    1.07636e+22         159384
           72.6    1.10552e+22         160041
           72.7    1.13544e+22         160672
           72.8    1.16614e+22         161404
           72.9    1.19764e+22         162066
             73    1.22997e+22         162702
           73.1    1.26313e+22         163435
           73.2    1.29716e+22         164104
           73.3    1.33207e+22         164746
           73.4    1.36789e+22         165423
           73.5    1.40464e+22         166068
           73.6    1.44234e+22         166693
           73.7    1.48102e+22         167401
           73.8    1.52069e+22         168071
           73.9     1.5614e+22         168712
             74    1.60315e+22         169378
           74.1    1.64598e+22         170026
           74.2    1.68992e+22         170702
           74.3    1.73499e+22         171388
           74.4    1.78122e+22         172052
           74.5    1.82863e+22         172737
           74.6    1.87727e+22         173395
           74.7    1.92715e+22         174030
           74.8    1.97831e+22         174695
           74.9    2.03078e+22         175368
             75    2.08459e+22         176040
           75.1    2.13979e+22         176721
           75.2    2.19639e+22         177384
           75.3    2.25443e+22         178022
           75.4    2.31396e+22         178715
           75.5      2.375e+22         179410
           75.6    2.43759e+22         180065
           75.7    2.50178e+22         180763
           75.8     2.5676e+22         181474
           75.9    2.63509e+22         182177
             76     2.7043e+22         182885
           76.1    2.77525e+22         183592
           76.2      2.848e+22         184295
           76.3     2.9226e+22         185003
           76.4    2.99908e+22         185720
           76.5    3.07749e+22         186425
           76.6    3.15788e+22         187127
           76.7    3.24029e+22         187861
           76.8    3.32478e+22         188569
           76.9     3.4114e+22         189280
             77    3.50019e+22         190019
           77.1    3.59122e+22         190726
           77.2    3.68453e+22         191516
           77.3    3.78018e+22         192228
           77.4    3.87823e+22         192920
           77.5    3.97873e+22         193721
           77.6    4.08174e+22         194454
           77.7    4.18733e+22         195199
           77.8    4.29555e+22         196031
           77.9    4.40648e+22         196777
             78    4.52017e+22         197557
           78.1    4.63669e+22         198343
           78.2    4.75611e+22         199078
           78.3    4.87849e+22         199856
           78.4    5.00392e+22         200693
           78.5    5.13246e+22         201462
           78.6    5.26419e+22         202263
           78.7    5.39918e+22         203062
           78.8    5.53751e+22         203820
           78.9    5.67927e+22         204672
             79    5.82452e+22         205498
           79.1    5.97336e+22         206280
           79.2    6.12587e+22         207147
           79.3    6.28215e+22         207943
           79.4    6.44226e+22         208708
           79.5    6.60632e+22         209563
           79.6    6.77441e+22         210396
           79.7    6.94663e+22         211198
           79.8    7.12308e+22         212073
           79.9    7.30385e+22         212888
             80    7.48905e+22         213671
           80.1    7.67879e+22         214524
           80.2    7.87316e+22         215341
           80.3    8.07229e+22         216122
           80.4    8.27627e+22         216969
           80.5    8.48523e+22         217789
           80.6    8.69929e+22         218620
           80.7    8.91855e+22         219454
           80.8    9.14315e+22         220266
           80.9    9.37322e+22         221092
             81    9.60887e+22         221923
           81.1    9.85024e+22         222738
           81.2    1.00975e+23         223562
           81.3    1.03507e+23         224384
           81.4      1.061e+23         225209
           81.5    1.08756e+23         226033
           81.6    1.11477e+23         226853
           81.7    1.14263e+23         227686
           81.8    1.17116e+23         228539
           81.9    1.20038e+23         229394
             82    1.23031e+23         230203
           82.1    1.26095e+23         231043
           82.2    1.29233e+23         231903
           82.3    1.32447e+23         232748
           82.4    1.35737e+23         233619
           82.5    1.39107e+23         234515
           82.6    1.42558e+23         235379
           82.7    1.46091e+23         236232
           82.8    1.49708e+23         237115
           82.9    1.53412e+23         237965
             83    1.57205e+23         238815
           83.1    1.61088e+23         239757
           83.2    1.65064e+23         240631
           83.3    1.69134e+23         241507
           83.4    1.73301e+23         242402
           83.5    1.77568e+23         243256
           83.6    1.81936e+23         244199
           83.7    1.86407e+23         245117
           83.8    1.90985e+23         245982
           83.9    1.95671e+23         246949
             84    2.00469e+23         247827
           84.1    2.05379e+23         248677
           84.2    2.10406e+23         249632
           84.3    2.15552e+23         250555
           84.4     2.2082e+23         251436
           84.5    2.26211e+23         252409
           84.6     2.3173e+23         253303
           84.7    2.37379e+23         254167
           84.8    2.43161e+23         255120
           84.9    2.49078e+23         256013
             85    2.55135e+23         256875
           85.1    2.61334e+23         257822
           85.2    2.67679e+23         258717
           85.3    2.74172e+23         259635
           85.4    2.80817e+23         260558
           85.5    2.87618e+23         261444
           85.6    2.94578e+23         262358
           85.7      3.017e+23         263277
           85.8    3.08989e+23         264165
           85.9    3.16448e+23         265077
             86     3.2408e+23         265989
           86.1    3.31891e+23         266883
           86.2    3.39883e+23         267794
           86.3    3.48061e+23         268706
           86.4    3.56429e+23         269604
           86.5    3.64991e+23         270556
           86.6    3.73752e+23         271477
           86.7    3.82717e+23         272360
           86.8    3.91888e+23         273302
           86.9    4.01272e+23         274225
             87    4.10873e+23         275155
           87.1    4.20696e+23         276127
           87.2    4.30746e+23         277079
           87.3    4.41027e+23         278027
           87.4    4.51546e+23         278976
           87.5    4.62306e+23         279910
           87.6    4.73315e+23         280847
           87.7    4.84576e+23         281804
           87.8    4.96097e+23         282791
           87.9    5.07882e+23         283751
             88    5.19937e+23         284689
           88.1    5.32268e+23         285663
           88.2    5.44882e+23         286634
           88.3    5.57785e+23         287616
           88.4    5.70983e+23         288611
           88.5    5.84483e+23         289591
           88.6     5.9829e+23         290597
           88.7    6.12413e+23         291574
           88.8    6.26858e+23         292566
           88.9    6.41631e+23         293603
             89    6.56741e+23         294650
           89.1    6.72195e+23         295676
           89.2       6.88e+23         296759
           89.3    7.04164e+23         297775
           89.4    7.20695e+23         298788
           89.5      7.376e+23         299881
           89.6    7.54889e+23         300900
           89.7    7.72569e+23         301926
           89.8    7.90648e+23         303024
           89.9    8.09137e+23         304038
             90    8.28043e+23         305151
           90.1    8.47376e+23         306223
           90.2    8.67145e+23         307241
           90.3    8.87359e+23         308354
           90.4    9.08028e+23         309432
           90.5    9.29163e+23         310459
           90.6    9.50772e+23         311576
           90.7    9.72867e+23         312657
           90.8    9.95458e+23         313695
           90.9    1.01856e+24         314817
             91    1.04217e+24         315906
           91.1    1.06632e+24         316954
           91.2      1.091e+24         318131
           91.3    1.11624e+24         319219
           91.4    1.14204e+24         320263
           91.5    1.16841e+24         321381
           91.6    1.19538e+24         322446
           91.7    1.22294e+24         323529
           91.8    1.25112e+24         324662
           91.9    1.27993e+24         325743
             92    1.30938e+24         326836
           92.1    1.33948e+24         327928
           92.2    1.37025e+24         328987
           92.3    1.40171e+24         330064
           92.4    1.43386e+24         331177
           92.5    1.46672e+24         332271
           92.6    1.50031e+24         333365
           92.7    1.53465e+24         334452
           92.8    1.56974e+24         335524
           92.9    1.60561e+24         336640
             93    1.64227e+24         337753
           93.1    1.67974e+24         338847
           93.2    1.71804e+24         339972
           93.3    1.75718e+24         341078
           93.4    1.79718e+24         342181
           93.5    1.83806e+24         343320
           93.6    1.87983e+24         344444
           93.7    1.92253e+24         345621
           93.8    1.96616e+24         346793
           93.9    2.01075e+24         347954
             94    2.05632e+24         349093
           94.1    2.10288e+24         350230
           94.2    2.15046e+24         351420
           94.3    2.19908e+24         352561
           94.4    2.24877e+24         353696
           94.5    2.29954e+24         354900
           94.6    2.35141e+24         356066
           94.7    2.40442e+24         357247
           94.8    2.45858e+24         358429
           94.9    2.51392e+24         359584
             95    2.57046e+24         360778
           95.1    2.62824e+24         361964
           95.2    2.68726e+24         363106
           95.3    2.74757e+24         364322
           95.4    2.80918e+24         365510
           95.5    2.87213e+24         366646
           95.6    2.93645e+24         367882
           95.7    3.00215e+24         369076
           95.8    3.06927e+24         370219
           95.9    3.13785e+24         371518
             96     3.2079e+24         372697
           96.1    3.27947e+24         373838
           96.2    3.35258e+24         375070
           96.3    3.42726e+24         376228
           96.4    3.50355e+24         377415
           96.5    3.58148e+24         378659
           96.6    3.66109e+24         379830
           96.7     3.7424e+24         381025
           96.8    3.82547e+24         382220
           96.9    3.91031e+24         383370
             97    3.99697e+24         384549
           97.1    4.08548e+24         385776
           97.2    4.17589e+24         386955
           97.3    4.26824e+24         388149
           97.4    4.36255e+24         389339
           97.5    4.45888e+24         390497
           97.6    4.55727e+24         391725
           97.7    4.65775e+24         392937
           97.8    4.76037e+24         394114
           97.9    4.86518e+24         395350
             98    4.97222e+24         396538
           98.1    5.08154e+24         397740
           98.2    5.19317e+24         398989
           98.3    5.30718e+24         400215
           98.4     5.4236e+24         401474
           98.5    5.54249e+24         402754
           98.6     5.6639e+24         403991
           98.7    5.78788e+24         405227
           98.8    5.91449e+24         406490
           98.9    6.04377e+24         407738
             99    6.17577e+24         408977
           99.1    6.31057e+24         410238
           99.2    6.44821e+24         411497
           99.3    6.58875e+24         412776
           99.4    6.73225e+24         414048
           99.5    6.87877e+24         415301
           99.6    7.02837e+24         416574
           99.7    7.18111e+24         417845
           99.8    7.33707e+24         419151
           99.9    7.49629e+24         420460
            100    7.65886e+24         421754
          100.1    7.82483e+24         423090
          100.2    7.99427e+24         424416
          100.3    8.16727e+24         425738
          100.4    8.34388e+24         427089
          100.5    8.52418e+24         428426
          100.6    8.70825e+24         429841
          100.7    8.89616e+24         431175
          100.8    9.08798e+24         432482
          100.9     9.2838e+24         433876
            101    9.48371e+24         435209
          101.1    9.68777e+24         436567
          101.2    9.89607e+24         437981
          101.3    1.01087e+25         439312
          101.4    1.03258e+25         440708
          101.5    1.05473e+25         442073
          101.6    1.07734e+25         443382
          101.7    1.10043e+25         444779
          101.8    1.12399e+25         446193
          101.9    1.14804e+25         447528
            102    1.17258e+25         448950
          102.1    1.19764e+25         450327
          102.2    1.22321e+25         451650
          102.3    1.24931e+25         453120
          102.4    1.27594e+25         454523
          102.5    1.30313e+25         455870
          102.6    1.33087e+25         457352
          102.7    1.35919e+25         458727
          102.8    1.38808e+25         460117
          102.9    1.41758e+25         461556
            103    1.44767e+25         462959
          103.1    1.47839e+25         464380
          103.2    1.50973e+25         465837
          103.3    1.54172e+25         467223
          103.4    1.57436e+25         468621
          103.5    1.60767e+25         470056
          103.6    1.64166e+25         471444
          103.7    1.67635e+25         472839
          103.8    1.71174e+25         474268
          103.9    1.74786e+25         475659
            104    1.78471e+25         477100
          104.1    1.82232e+25         478520
          104.2    1.86069e+25         479903
          104.3    1.89984e+25         481336
          104.4    1.93978e+25         482754
          104.5    1.98054e+25         484191
          104.6    2.02213e+25         485654
          104.7    2.06456e+25         487088
          104.8    2.10785e+25         488553
          104.9    2.15202e+25         490031
            105    2.19708e+25         491477
          105.1    2.24306e+25         492966
          105.2    2.28996e+25         494483
          105.3    2.33781e+25         495985
          105.4    2.38663e+25         497454
          105.5    2.43644e+25         498932
          105.6    2.48725e+25         500413
          105.7    2.53908e+25         501899
          105.8    2.59196e+25         503401
          105.9     2.6459e+25         504911
            106    2.70093e+25         506407
          106.1    2.75706e+25         507889
          106.2    2.81432e+25         509382
          106.3    2.87273e+25         510858
          106.4    2.93231e+25         512339
          106.5    2.99309e+25         513886
          106.6    3.05508e+25         515379
          106.7    3.11832e+25         516889
          106.8    3.18282e+25         518388
          106.9    3.24861e+25         519849
            107    3.31571e+25         521433
          107.1    3.38416e+25         522956
          107.2    3.45397e+25         524428
          107.3    3.52517e+25         526034
          107.4    3.59779e+25         527519
          107.5    3.67186e+25         529027
          107.6     3.7474e+25         530593
          107.7    3.82444e+25         532115
          107.8    3.90302e+25         533652
          107.9    3.98315e+25         535234
            108    4.06488e+25         536727
          108.1    4.14822e+25         538243
          108.2    4.23322e+25         539805
          108.3    4.31991e+25         541297
          108.4     4.4083e+25         542809
          108.5    4.49845e+25         544366
          108.6    4.59038e+25         545858
          108.7    4.68412e+25         547424
          108.8    4.77972e+25         548958
          108.9     4.8772e+25         550444
            109     4.9766e+25         552002
          109.1    5.07796e+25         553534
          109.2    5.18132e+25         555080
          109.3    5.28671e+25         556665
          109.4    5.39418e+25         558214
          109.5    5.50375e+25         559783
          109.6    5.61548e+25         561383
          109.7     5.7294e+25         562948
          109.8    5.84555e+25         564533
          109.9    5.96398e+25         566184
            110    6.08473e+25         567773
          110.1    6.20784e+25         569353
          110.2    6.33336e+25         570958
          110.3    6.46134e+25         572526
          110.4    6.59181e+25         574135
          110.5    6.72483e+25         575762
          110.6    6.86045e+25         577354
          110.7    6.99871e+25         578974
          110.8    7.13967e+25         580575
          110.9    7.28336e+25         582193
            111    7.42986e+25         583830
          111.1     7.5792e+25         585459
          111.2    7.73145e+25         587147
          111.3    7.88665e+25         588820
          111.4    8.04487e+25         590450
          111.5    8.20615e+25         592131
          111.6    8.37056e+25         593822
          111.7    8.53815e+25         595510
          111.8    8.70899e+25         597220
          111.9    8.88313e+25         598927
            112    9.06064e+25         600653
          112.1    9.24158e+25         602351
          112.2    9.42601e+25         604045
          112.3      9.614e+25         605773
          112.4    9.80561e+25         607519
          112.5    1.00009e+26         609242
          112.6       1.02e+26         611004
          112.7    1.04029e+26         612708
          112.8    1.06097e+26         614419
          112.9    1.08205e+26         616181
            113    1.10353e+26         617875
          113.1    1.12542e+26         619603
          113.2    1.14774e+26         621367
          113.3    1.17048e+26         623052
          113.4    1.19366e+26         624862
          113.5    1.21728e+26         626599
          113.6    1.24136e+26         628269
          113.7    1.26589e+26         630093
          113.8    1.29089e+26         631835
          113.9    1.31637e+26         633579
            114    1.34234e+26         635430
          114.1     1.3688e+26         637196
          114.2    1.39577e+26         638966
          114.3    1.42325e+26         640773
          114.4    1.45125e+26         642532
          114.5    1.47979e+26         644302
          114.6    1.50887e+26         646157
          114.7     1.5385e+26         647912
          114.8    1.56869e+26         649672
          114.9    1.59946e+26         651466
            115    1.63081e+26         653195
          115.1    1.66275e+26         654988
          115.2     1.6953e+26         656796
          115.3    1.72847e+26         658540
          115.4    1.76226e+26         660338
          115.5    1.79669e+26         662106
          115.6    1.83177e+26         663883
          115.7    1.86752e+26         665693
          115.8    1.90394e+26         667504
          115.9    1.94104e+26         669333
            116    1.97885e+26         671174
          116.1    2.01736e+26         672974
          116.2     2.0566e+26         674792
          116.3    2.09658e+26         676665
          116.4    2.13731e+26         678505
          116.5    2.17881e+26         680354
          116.6    2.22109e+26         682244
          116.7    2.26415e+26         684090
          116.8    2.30803e+26         685953
          116.9    2.35273e+26         687824
            117    2.39826e+26         689662
          117.1    2.44465e+26         691580
          117.2    2.49191e+26         693475
          117.3    2.54004e+26         695342
          117.4    2.58908e+26         697212
          117.5    2.63903e+26         699063
          117.6    2.68992e+26         700958
          117.7    2.74175e+26         702824
          117.8    2.79455e+26         704672
          117.9    2.84833e+26         706577
            118    2.90312e+26         708458
          118.1    2.95892e+26         710360
          118.2    3.01576e+26         712236
          118.3    3.07365e+26         714095
          118.4    3.13262e+26         716015
          118.5    3.19269e+26         717920
          118.6    3.25386e+26         719812
          118.7    3.31617e+26         721776
          118.8    3.37964e+26         723698
          118.9    3.44428e+26         725580
            119    3.51011e+26         727531
          119.1    3.57717e+26         729438
          119.2    3.64546e+26         731326
          119.3    3.71501e+26         733332
          119.4    3.78584e+26         735207
          119.5    3.85798e+26         737102
          119.6    3.93145e+26         739039
          119.7    4.00628e+26         740890
          119.8    4.08248e+26         742824
          119.9    4.16008e+26         744772
            120    4.23911e+26         746635
          120.1    4.31959e+26         748575
          120.2    4.40154e+26         750473
          120.3      4.485e+26         752378
          120.4       4.57e+26         754326
          120.5    4.65655e+26         756277
          120.6    4.74468e+26         758227
          120.7    4.83443e+26         760204
          120.8    4.92582e+26         762133
          120.9    5.01888e+26         764073
            121    5.11364e+26         766094
          121.1    5.21013e+26         768058
          121.2    5.30838e+26         770025
          121.3    5.40842e+26         772063
          121.4    5.51029e+26         774015
          121.5    5.61401e+26         776014
          121.6    5.71962e+26         778021
          121.7    5.82715e+26         779987
          121.8    5.93664e+26         782027
          121.9    6.04811e+26         784056
            122    6.16161e+26         786081
          122.1    6.27717e+26         788120
          122.2    6.39483e+26         790149
          122.3    6.51462e+26         792198
          122.4    6.63657e+26         794249
          122.5    6.76074e+26         796289
          122.6    6.88715e+26         798358
          122.7    7.01585e+26         800456
          122.8    7.14688e+26         802518
          122.9    7.28027e+26         804587
            123    7.41607e+26         806686
          123.1    7.55432e+26         808752
          123.2    7.69506e+26         810884
          123.3    7.83834e+26         813024
          123.4     7.9842e+26         815132
          123.5    8.13268e+26         817290
          123.6    8.28384e+26         819418
          123.7    8.43771e+26         821523
          123.8    8.59434e+26         823676
          123.9    8.75379e+26         825803
            124     8.9161e+26         827991
          124.1    9.08132e+26         830115
          124.2     9.2495e+26         832212
          124.3    9.42069e+26         834369
          124.4    9.59495e+26         836478
          124.5    9.77232e+26         838626
          124.6    9.95286e+26         840799
          124.7    1.01366e+27         842902
          124.8    1.03237e+27         845083
          124.9    1.05141e+27         847227
            125    1.07079e+27         849342
          125.1    1.09051e+27         851557
          125.2    1.11059e+27         853762
          125.3    1.13102e+27         855921
          125.4    1.15182e+27         858176
          125.5    1.17298e+27         860340
          125.6    1.19453e+27         862503
          125.7    1.21645e+27         864758
          125.8    1.23877e+27         866933
          125.9    1.26148e+27         869105
            126    1.28459e+27         871365
          126.1    1.30811e+27         873505
          126.2    1.33205e+27         875711
          126.3    1.35641e+27         877923
          126.4    1.38121e+27         880086
          126.5    1.40644e+27         882318
          126.6    1.43212e+27         884546
          126.7    1.45825e+27         886752
          126.8    1.48485e+27         888984
          126.9    1.51191e+27         891210
            127    1.53945e+27         893432
          127.1    1.56747e+27         895673
          127.2    1.59599e+27         897907
          127.3    1.62501e+27         900142
          127.4    1.65454e+27         902438
          127.5    1.68459e+27         904674
          127.6    1.71516e+27         906909
          127.7    1.74628e+27         909204
          127.8    1.77794e+27         911449
          127.9    1.81015e+27         913744
            128    1.84293e+27         916075
          128.1    1.87629e+27         918345
          128.2    1.91022e+27         920674
          128.3    1.94475e+27         922982
          128.4    1.97989e+27         925231
          128.5    2.01564e+27         927571
          128.6    2.05201e+27         929904
          128.7    2.08902e+27         932209
          128.8    2.12667e+27         934511
          128.9    2.16499e+27         936801
            129    2.20396e+27         939079
          129.1    2.24362e+27         941389
          129.2    2.28397e+27         943697
          129.3    2.32502e+27         946002
          129.4    2.36678e+27         948315
          129.5    2.40927e+27         950609
          129.6    2.45249e+27         952925
          129.7    2.49647e+27         955249
          129.8    2.54121e+27         957566
          129.9    2.58672e+27         959951
            130    2.63302e+27         962305
          130.1    2.68013e+27         964666
          130.2    2.72805e+27         967013
          130.3     2.7768e+27         969314
          130.4    2.82639e+27         971720
          130.5    2.87684e+27         974070
          130.6    2.92815e+27         976373
          130.7    2.98036e+27         978793
          130.8    3.03346e+27         981090
          130.9    3.08748e+27         983438
            131    3.14243e+27         985808
          131.1    3.19833e+27         988126
          131.2    3.25519e+27         990506
          131.3    3.31302e+27         992907
          131.4    3.37186e+27         995240
          131.5     3.4317e+27         997627
          131.6    3.49256e+27    1.00001e+06
          131.7    3.55448e+27    1.00237e+06
          131.8    3.61745e+27    1.00477e+06
          131.9     3.6815e+27    1.00716e+06
            132    3.74665e+27    1.00953e+06
          132.1    3.81292e+27    1.01199e+06
          132.2    3.88032e+27    1.01437e+06
          132.3    3.94887e+27    1.01674e+06
          132.4     4.0186e+27     1.0192e+06
          132.5    4.08951e+27    1.02158e+06
          132.6    4.16163e+27    1.02402e+06
          132.7    4.23499e+27    1.02652e+06
          132.8     4.3096e+27    1.02893e+06
          132.9    4.38547e+27     1.0314e+06
            133    4.46264e+27    1.03385e+06
          133.1    4.54113e+27    1.03632e+06
          133.2    4.62095e+27    1.03882e+06
          133.3    4.70212e+27    1.04134e+06
          133.4    4.78468e+27    1.04383e+06
          133.5    4.86864e+27    1.04633e+06
          133.6    4.95402e+27    1.04881e+06
          133.7    5.04085e+27     1.0513e+06
          133.8    5.12916e+27    1.05383e+06
          133.9    5.21896e+27    1.05634e+06
            134    5.31028e+27    1.05885e+06
          134.1    5.40315e+27     1.0614e+06
          134.2    5.49758e+27     1.0639e+06
          134.3    5.59362e+27    1.06644e+06
          134.4    5.69128e+27    1.06901e+06
          134.5    5.79059e+27    1.07153e+06
          134.6    5.89157e+27    1.07415e+06
          134.7    5.99426e+27    1.07676e+06
          134.8    6.09868e+27     1.0793e+06
          134.9    6.20486e+27    1.08191e+06
            135    6.31282e+27     1.0845e+06
          135.1    6.42261e+27    1.08707e+06
          135.2    6.53424e+27    1.08969e+06
          135.3    6.64775e+27    1.09228e+06
          135.4    6.76316e+27    1.09488e+06
          135.5    6.88052e+27    1.09747e+06
          135.6    6.99984e+27    1.10005e+06
          135.7    7.12117e+27    1.10264e+06
          135.8    7.24453e+27    1.10527e+06
          135.9    7.36996e+27    1.10787e+06
            136    7.49749e+27    1.11052e+06
          136.1    7.62716e+27    1.11314e+06
          136.2    7.75899e+27    1.11576e+06
          136.3    7.89303e+27    1.11842e+06
          136.4    8.02931e+27    1.12104e+06
          136.5    8.16786e+27    1.12369e+06
          136.6    8.30873e+27    1.12636e+06
          136.7    8.45195e+27    1.12898e+06
          136.8    8.59756e+27    1.13172e+06
          136.9    8.74559e+27    1.13438e+06
            137    8.89609e+27    1.13697e+06
          137.1     9.0491e+27    1.13968e+06
          137.2    9.20465e+27    1.14231e+06
          137.3    9.36279e+27    1.14497e+06
          137.4    9.52355e+27    1.14771e+06
          137.5    9.68699e+27    1.15034e+06
          137.6    9.85314e+27    1.15303e+06
          137.7     1.0022e+28    1.15572e+06
          137.8    1.01938e+28     1.1584e+06
          137.9    1.03683e+28    1.16111e+06
            138    1.05458e+28    1.16385e+06
          138.1    1.07261e+28    1.16655e+06
          138.2    1.09095e+28    1.16926e+06
          138.3    1.10959e+28    1.17195e+06
          138.4    1.12854e+28    1.17463e+06
          138.5     1.1478e+28    1.17738e+06
          138.6    1.16738e+28     1.1801e+06
          138.7    1.18729e+28     1.1828e+06
          138.8    1.20752e+28    1.18556e+06
          138.9    1.22808e+28    1.18825e+06
            139    1.24898e+28    1.19099e+06
          139.1    1.27023e+28    1.19377e+06
          139.2    1.29183e+28    1.19651e+06
          139.3    1.31378e+28     1.1993e+06
          139.4     1.3361e+28    1.20212e+06
          139.5    1.35878e+28    1.20486e+06
          139.6    1.38183e+28    1.20764e+06
          139.7    1.40526e+28    1.21044e+06
          139.8    1.42908e+28    1.21319e+06
          139.9    1.45328e+28    1.21599e+06
            140    1.47789e+28     1.2188e+06
          140.1    1.50289e+28    1.22155e+06
          140.2    1.52831e+28    1.22435e+06
          140.3    1.55414e+28    1.22713e+06
          140.4    1.58039e+28    1.22986e+06
          140.5    1.60707e+28    1.23271e+06
          140.6    1.63419e+28    1.23551e+06
          140.7    1.66175e+28    1.23831e+06
          140.8    1.68976e+28    1.24114e+06
          140.9    1.71823e+28    1.24391e+06
            141    1.74716e+28    1.24676e+06
          141.1    1.77657e+28    1.24959e+06
          141.2    1.80645e+28    1.25237e+06
          141.3    1.83682e+28    1.25524e+06
          141.4    1.86768e+28    1.25809e+06
          141.5    1.89904e+28    1.26095e+06
          141.6    1.93092e+28    1.26378e+06
          141.7    1.96331e+28    1.26658e+06
          141.8    1.99622e+28    1.26943e+06
          141.9    2.02967e+28    1.27227e+06
            142    2.06367e+28     1.2751e+06
          142.1    2.09821e+28    1.27798e+06
          142.2    2.13332e+28    1.28083e+06
          142.3    2.16899e+28    1.28364e+06
          142.4    2.20524e+28    1.28653e+06
          142.5    2.24207e+28    1.28939e+06
          142.6     2.2795e+28    1.29224e+06
          142.7    2.31754e+28    1.29519e+06
          142.8    2.35619e+28    1.29804e+06
          142.9    2.39546e+28     1.3009e+06
            143    2.43536e+28    1.30379e+06
          143.1    2.47591e+28    1.30661e+06
          143.2    2.51712e+28    1.30954e+06
          143.3    2.55898e+28    1.31244e+06
          143.4    2.60152e+28    1.31529e+06
          143.5    2.64475e+28    1.31823e+06
          143.6    2.68866e+28    1.32108e+06
          143.7    2.73329e+28    1.32398e+06
          143.8    2.77863e+28    1.32694e+06
          143.9     2.8247e+28    1.32984e+06
            144    2.87151e+28     1.3328e+06
          144.1    2.91907e+28    1.33579e+06
          144.2    2.96739e+28    1.33875e+06
          144.3    3.01648e+28    1.34172e+06
          144.4    3.06636e+28    1.34472e+06
          144.5    3.11704e+28    1.34771e+06
          144.6    3.16853e+28    1.35071e+06
          144.7    3.22084e+28    1.35373e+06
          144.8    3.27399e+28    1.35671e+06
          144.9    3.32799e+28    1.35974e+06
            145    3.38285e+28    1.36274e+06
          145.1    3.43858e+28    1.36573e+06
          145.2     3.4952e+28    1.36881e+06
          145.3    3.55273e+28    1.37183e+06
          145.4    3.61117e+28    1.37489e+06
          145.5    3.67054e+28    1.37796e+06
          145.6    3.73085e+28    1.38099e+06
          145.7    3.79212e+28    1.38407e+06
          145.8    3.85437e+28    1.38717e+06
          145.9    3.91761e+28    1.39021e+06
            146    3.98185e+28    1.39332e+06
          146.1    4.04711e+28    1.39646e+06
          146.2     4.1134e+28    1.39953e+06
          146.3    4.18075e+28    1.40264e+06
          146.4    4.24916e+28    1.40574e+06
          146.5    4.31866e+28    1.40879e+06
          146.6    4.38925e+28    1.41194e+06
          146.7    4.46096e+28    1.41507e+06
          146.8    4.53381e+28    1.41815e+06
          146.9    4.60781e+28    1.42131e+06
            147    4.68297e+28    1.42441e+06
          147.1    4.75932e+28    1.42753e+06
          147.2    4.83688e+28    1.43071e+06
          147.3    4.91566e+28    1.43383e+06
          147.4    4.99568e+28    1.43704e+06
          147.5    5.07696e+28     1.4402e+06
          147.6    5.15952e+28    1.44331e+06
          147.7    5.24338e+28    1.44649e+06
          147.8    5.32856e+28    1.44963e+06
          147.9    5.41508e+28    1.45281e+06
            148    5.50296e+28    1.45601e+06
          148.1    5.59222e+28    1.45916e+06
          148.2    5.68288e+28    1.46238e+06
          148.3    5.77496e+28    1.46555e+06
          148.4    5.86848e+28    1.46869e+06
          148.5    5.96347e+28     1.4719e+06
          148.6    6.05995e+28    1.47511e+06
          148.7    6.15794e+28    1.47828e+06
          148.8    6.25746e+28    1.48155e+06
          148.9    6.35854e+28    1.48475e+06
            149     6.4612e+28    1.48795e+06
          149.1    6.56546e+28    1.49122e+06
          149.2    6.67135e+28    1.49443e+06
          149.3     6.7789e+28    1.49766e+06
          149.4    6.88812e+28    1.50094e+06
          149.5    6.99904e+28    1.50412e+06
          149.6    7.11169e+28     1.5074e+06
          149.7     7.2261e+28    1.51062e+06
          149.8    7.34229e+28    1.51385e+06
          149.9    7.46028e+28    1.51715e+06
            150    7.58012e+28     1.5204e+06
          150.1    7.70181e+28    1.52367e+06
          150.2    7.82539e+28    1.52698e+06
          150.3     7.9509e+28    1.53024e+06
          150.4    8.07835e+28    1.53353e+06
          150.5    8.20778e+28    1.53685e+06
          150.6    8.33921e+28    1.54012e+06
          150.7    8.47268e+28    1.54343e+06
          150.8    8.60822e+28    1.54681e+06
          150.9    8.74586e+28    1.55008e+06
            151    8.88563e+28    1.55339e+06
          151.1    9.02756e+28    1.55672e+06
          151.2    9.17168e+28    1.55998e+06
          151.3    9.31803e+28    1.56333e+06
          151.4    9.46664e+28    1.56668e+06
          151.5    9.61754e+28    1.56996e+06
          151.6    9.77077e+28    1.57333e+06
          151.7    9.92636e+28    1.57665e+06
          151.8    1.00844e+29    1.57995e+06
          151.9    1.02448e+29    1.58336e+06
            152    1.04077e+29    1.58672e+06
          152.1    1.05731e+29    1.59008e+06
          152.2     1.0741e+29    1.59346e+06
          152.3    1.09115e+29    1.59679e+06
          152.4    1.10847e+29    1.60014e+06
          152.5    1.12605e+29    1.60353e+06
          152.6     1.1439e+29    1.60688e+06
          152.7    1.16202e+29    1.61026e+06
          152.8    1.18043e+29    1.61366e+06
          152.9    1.19911e+29    1.61702e+06
            153    1.21808e+29     1.6204e+06
          153.1    1.23734e+29    1.62378e+06
          153.2     1.2569e+29    1.62713e+06
          153.3    1.27675e+29    1.63056e+06
          153.4    1.29691e+29    1.63395e+06
          153.5    1.31738e+29    1.63738e+06
          153.6    1.33815e+29     1.6408e+06
          153.7    1.35925e+29    1.64416e+06
          153.8    1.38067e+29    1.64763e+06
          153.9    1.40241e+29    1.65106e+06
            154    1.42449e+29    1.65443e+06
          154.1     1.4469e+29    1.65793e+06
          154.2    1.46965e+29    1.66132e+06
          154.3    1.49275e+29    1.66475e+06
          154.4     1.5162e+29    1.66819e+06
          154.5    1.54001e+29    1.67159e+06
          154.6    1.56418e+29    1.67507e+06
          154.7    1.58872e+29    1.67855e+06
          154.8    1.61363e+29    1.68197e+06
          154.9    1.63891e+29    1.68547e+06
            155    1.66458e+29    1.68892e+06
          155.1    1.69064e+29    1.69238e+06
          155.2     1.7171e+29    1.69592e+06
          155.3    1.74395e+29    1.69943e+06
          155.4    1.77121e+29    1.70293e+06
          155.5    1.79889e+29    1.70655e+06
          155.6    1.82698e+29    1.71007e+06
          155.7     1.8555e+29     1.7136e+06
          155.8    1.88445e+29    1.71716e+06
          155.9    1.91383e+29    1.72069e+06
            156    1.94366e+29    1.72428e+06
          156.1    1.97394e+29    1.72787e+06
          156.2    2.00467e+29    1.73143e+06
          156.3    2.03587e+29    1.73505e+06
          156.4    2.06754e+29    1.73861e+06
          156.5    2.09968e+29    1.74221e+06
          156.6    2.13231e+29    1.74586e+06
          156.7    2.16543e+29    1.74948e+06
          156.8    2.19905e+29    1.75313e+06
          156.9    2.23317e+29    1.75678e+06
            157     2.2678e+29    1.76037e+06
          157.1    2.30296e+29      1.764e+06
          157.2    2.33864e+29    1.76768e+06
          157.3    2.37485e+29    1.77131e+06
          157.4    2.41161e+29    1.77497e+06
          157.5    2.44892e+29    1.77867e+06
          157.6    2.48679e+29    1.78228e+06
          157.7    2.52523e+29    1.78597e+06
          157.8    2.56424e+29    1.78965e+06
          157.9    2.60383e+29    1.79325e+06
            158    2.64402e+29    1.79701e+06
          158.1     2.6848e+29    1.80071e+06
          158.2     2.7262e+29    1.80438e+06
          158.3    2.76821e+29    1.80813e+06
          158.4    2.81085e+29    1.81183e+06
          158.5    2.85412e+29    1.81554e+06
          158.6    2.89804e+29     1.8193e+06
          158.7    2.94262e+29    1.82301e+06
          158.8    2.98785e+29    1.82675e+06
          158.9    3.03376e+29     1.8305e+06
            159    3.08036e+29     1.8342e+06
          159.1    3.12764e+29    1.83793e+06
          159.2    3.17563e+29    1.84172e+06
          159.3    3.22433e+29    1.84544e+06
          159.4    3.27375e+29    1.84925e+06
          159.5    3.32391e+29    1.85303e+06
          159.6    3.37481e+29    1.85679e+06
          159.7    3.42646e+29    1.86059e+06
          159.8    3.47888e+29    1.86434e+06
          159.9    3.53208e+29    1.86814e+06
            160    3.58606e+29    1.87197e+06
          160.1    3.64085e+29    1.87572e+06
          160.2    3.69644e+29    1.87962e+06
          160.3    3.75285e+29    1.88343e+06
          160.4     3.8101e+29    1.88718e+06
          160.5    3.86819e+29    1.89104e+06
          160.6    3.92714e+29    1.89482e+06
          160.7    3.98696e+29    1.89866e+06
          160.8    4.04766e+29    1.90253e+06
          160.9    4.10926e+29    1.90633e+06
            161    4.17176e+29    1.91019e+06
          161.1    4.23518e+29    1.91402e+06
          161.2    4.29954e+29    1.91787e+06
          161.3    4.36484e+29    1.92177e+06
          161.4     4.4311e+29    1.92566e+06
          161.5    4.49834e+29    1.92952e+06
          161.6    4.56656e+29    1.93342e+06
          161.7    4.63579e+29    1.93725e+06
          161.8    4.70603e+29    1.94112e+06
          161.9     4.7773e+29    1.94506e+06
            162    4.84961e+29    1.94892e+06
          162.1    4.92299e+29    1.95281e+06
          162.2    4.99744e+29    1.95676e+06
          162.3    5.07298e+29     1.9606e+06
          162.4    5.14962e+29    1.96453e+06
          162.5    5.22739e+29    1.96845e+06
          162.6    5.30629e+29     1.9723e+06
          162.7    5.38635e+29    1.97627e+06
          162.8    5.46757e+29    1.98021e+06
          162.9    5.54998e+29    1.98411e+06
            163    5.63359e+29    1.98809e+06
          163.1    5.71842e+29    1.99203e+06
          163.2    5.80449e+29    1.99595e+06
          163.3    5.89181e+29    1.99994e+06
          163.4     5.9804e+29     2.0039e+06
          163.5    6.07029e+29    2.00783e+06
          163.6    6.16148e+29    2.01182e+06
          163.7    6.25399e+29    2.01576e+06
          163.8    6.34785e+29    2.01968e+06
          163.9    6.44308e+29    2.02372e+06
            164    6.53968e+29    2.02768e+06
          164.1    6.63769e+29    2.03167e+06
          164.2    6.73712e+29     2.0357e+06
          164.3    6.83799e+29    2.03965e+06
          164.4    6.94033e+29    2.04368e+06
          164.5    7.04414e+29    2.04767e+06
          164.6    7.14946e+29    2.05164e+06
          164.7    7.25631e+29    2.05571e+06
          164.8    7.36469e+29    2.05973e+06
          164.9    7.47465e+29    2.06378e+06
            165     7.5862e+29    2.06782e+06
          165.1    7.69935e+29    2.07179e+06
          165.2    7.81414e+29    2.07584e+06
          165.3    7.93059e+29    2.07989e+06
          165.4    8.04872e+29    2.08389e+06
          165.5    8.16855e+29    2.08798e+06
          165.6     8.2901e+29    2.09203e+06
          165.7    8.41341e+29    2.09604e+06
          165.8    8.53849e+29    2.10012e+06
          165.9    8.66537e+29    2.10418e+06
            166    8.79408e+29    2.10824e+06
          166.1    8.92464e+29    2.11239e+06
          166.2    9.05707e+29    2.11645e+06
          166.3    9.19141e+29    2.12056e+06
          166.4    9.32768e+29    2.12469e+06
          166.5     9.4659e+29    2.12874e+06
          166.6     9.6061e+29    2.13294e+06
          166.7    9.74831e+29     2.1371e+06
          166.8    9.89257e+29    2.14119e+06
          166.9    1.00389e+30    2.14543e+06
            167    1.01873e+30    2.14954e+06
          167.1    1.03378e+30    2.15371e+06
          167.2    1.04905e+30    2.15791e+06
          167.3    1.06454e+30    2.16206e+06
          167.4    1.08025e+30    2.16629e+06
          167.5    1.09618e+30    2.17051e+06
          167.6    1.11234e+30    2.17472e+06
          167.7    1.12873e+30    2.17896e+06
          167.8    1.14536e+30    2.18318e+06
          167.9    1.16222e+30    2.18743e+06
            168    1.17932e+30     2.1917e+06
          168.1    1.19667e+30    2.19593e+06
          168.2    1.21426e+30    2.20017e+06
          168.3     1.2321e+30    2.20447e+06
          168.4     1.2502e+30    2.20869e+06
          168.5    1.26855e+30    2.21294e+06
          168.6    1.28717e+30    2.21729e+06
          168.7    1.30605e+30    2.22153e+06
          168.8     1.3252e+30    2.22585e+06
          168.9    1.34462e+30     2.2302e+06
            169    1.36431e+30    2.23445e+06
          169.1    1.38428e+30    2.23879e+06
          169.2    1.40454e+30     2.2431e+06
          169.3    1.42509e+30     2.2474e+06
          169.4    1.44592e+30    2.25178e+06
          169.5    1.46705e+30    2.25614e+06
          169.6    1.48848e+30    2.26047e+06
          169.7    1.51021e+30    2.26485e+06
          169.8    1.53225e+30    2.26918e+06
          169.9     1.5546e+30    2.27349e+06
            170    1.57726e+30    2.27791e+06
          170.1    1.60025e+30    2.28227e+06
          170.2    1.62356e+30    2.28662e+06
          170.3     1.6472e+30    2.29105e+06
          170.4    1.67117e+30     2.2954e+06
          170.5    1.69548e+30    2.29977e+06
          170.6    1.72013e+30    2.30423e+06
          170.7    1.74513e+30    2.30859e+06
          170.8    1.77048e+30    2.31307e+06
          170.9    1.79619e+30     2.3175e+06
            171    1.82225e+30    2.32191e+06
          171.1    1.84869e+30    2.32639e+06
          171.2    1.87549e+30    2.33079e+06
          171.3    1.90268e+30    2.33526e+06
          171.4    1.93024e+30    2.33974e+06
          171.5    1.95819e+30    2.34415e+06
          171.6    1.98653e+30    2.34865e+06
          171.7    2.01527e+30    2.35311e+06
          171.8    2.04441e+30    2.35752e+06
          171.9    2.07396e+30    2.36201e+06
            172    2.10392e+30    2.36649e+06
          172.1     2.1343e+30    2.37094e+06
          172.2    2.16511e+30    2.37549e+06
          172.3    2.19635e+30    2.37997e+06
          172.4    2.22802e+30    2.38446e+06
          172.5    2.26013e+30      2.389e+06
          172.6     2.2927e+30    2.39349e+06
          172.7    2.32571e+30    2.39802e+06
          172.8    2.35919e+30    2.40256e+06
          172.9    2.39313e+30    2.40703e+06
            173    2.42755e+30     2.4116e+06
          173.1    2.46245e+30     2.4161e+06
          173.2    2.49783e+30    2.42061e+06
          173.3     2.5337e+30    2.42522e+06
          173.4    2.57008e+30    2.42972e+06
          173.5    2.60695e+30    2.43429e+06
          173.6    2.64434e+30    2.43891e+06
          173.7    2.68225e+30    2.44342e+06
          173.8    2.72069e+30    2.44802e+06
          173.9    2.75966e+30    2.45259e+06
            174    2.79917e+30    2.45715e+06
          174.1    2.83922e+30    2.46177e+06
          174.2    2.87983e+30    2.46641e+06
          174.3    2.92101e+30    2.47098e+06
          174.4    2.96275e+30    2.47561e+06
          174.5    3.00507e+30     2.4802e+06
          174.6    3.04798e+30    2.48476e+06
          174.7    3.09148e+30    2.48942e+06
          174.8    3.13558e+30    2.49404e+06
          174.9    3.18029e+30    2.49861e+06
            175    3.22561e+30    2.50331e+06
          175.1    3.27157e+30     2.5079e+06
          175.2    3.31815e+30     2.5125e+06
          175.3    3.36538e+30    2.51722e+06
          175.4    3.41326e+30    2.52186e+06
          175.5     3.4618e+30    2.52653e+06
          175.6      3.511e+30    2.53123e+06
          175.7    3.56089e+30    2.53589e+06
          175.8    3.61146e+30    2.54058e+06
          175.9    3.66272e+30    2.54526e+06
            176    3.71469e+30    2.54993e+06
          176.1    3.76737e+30    2.55465e+06
          176.2    3.82078e+30    2.55935e+06
          176.3    3.87492e+30    2.56402e+06
          176.4     3.9298e+30    2.56874e+06
          176.5    3.98544e+30    2.57341e+06
          176.6    4.04183e+30    2.57809e+06
          176.7      4.099e+30    2.58285e+06
          176.8    4.15696e+30    2.58753e+06
          176.9     4.2157e+30    2.59229e+06
            177    4.27525e+30    2.59704e+06
          177.1    4.33561e+30    2.60171e+06
          177.2     4.3968e+30     2.6065e+06
          177.3    4.45883e+30    2.61126e+06
          177.4     4.5217e+30    2.61599e+06
          177.5    4.58543e+30    2.62084e+06
          177.6    4.65003e+30    2.62558e+06
          177.7    4.71551e+30    2.63039e+06
          177.8    4.78189e+30    2.63521e+06
          177.9    4.84916e+30    2.63998e+06
            178    4.91736e+30    2.64486e+06
          178.1    4.98648e+30    2.64971e+06
          178.2    5.05654e+30    2.65452e+06
          178.3    5.12756e+30    2.65943e+06
          178.4    5.19954e+30    2.66428e+06
          178.5     5.2725e+30    2.66912e+06
          178.6    5.34646e+30    2.67403e+06
          178.7    5.42141e+30    2.67891e+06
          178.8    5.49738e+30     2.6838e+06
          178.9    5.57439e+30    2.68877e+06
            179    5.65244e+30    2.69366e+06
          179.1    5.73154e+30    2.69858e+06
          179.2    5.81172e+30    2.70348e+06
          179.3    5.89299e+30    2.70838e+06
          179.4    5.97535e+30    2.71336e+06
          179.5    6.05883e+30    2.71829e+06
          179.6    6.14344e+30    2.72321e+06
          179.7    6.22919e+30    2.72822e+06
          179.8     6.3161e+30    2.73311e+06
          179.9    6.40418e+30     2.7381e+06
            180    6.49345e+30    2.74314e+06
          180.1    6.58393e+30    2.74809e+06
          180.2    6.67563e+30    2.75311e+06
          180.3    6.76857e+30    2.75815e+06
          180.4    6.86275e+30    2.76314e+06
          180.5    6.95821e+30    2.76818e+06
          180.6    7.05495e+30    2.77321e+06
          180.7      7.153e+30    2.77822e+06
          180.8    7.25236e+30    2.78328e+06
          180.9    7.35306e+30    2.78834e+06
            181    7.45511e+30    2.79333e+06
          181.1    7.55854e+30    2.79842e+06
          181.2    7.66335e+30    2.80345e+06
          181.3    7.76957e+30    2.80844e+06
          181.4    7.87722e+30    2.81359e+06
          181.5    7.98631e+30    2.81864e+06
          181.6    8.09687e+30     2.8237e+06
          181.7     8.2089e+30    2.82885e+06
          181.8    8.32244e+30     2.8339e+06
          181.9    8.43749e+30    2.83899e+06
            182    8.55409e+30    2.84415e+06
          182.1    8.67224e+30    2.84926e+06
          182.2    8.79198e+30    2.85443e+06
          182.3    8.91332e+30    2.85959e+06
          182.4    9.03627e+30    2.86473e+06
          182.5    9.16087e+30    2.86989e+06
          182.6    9.28714e+30    2.87506e+06
          182.7    9.41509e+30    2.88021e+06
          182.8    9.54474e+30    2.88543e+06
          182.9    9.67612e+30    2.89059e+06
            183    9.80926e+30    2.89576e+06
          183.1    9.94417e+30    2.90098e+06
          183.2    1.00809e+31    2.90611e+06
          183.3    1.02194e+31    2.91132e+06
          183.4    1.03598e+31    2.91656e+06
          183.5     1.0502e+31     2.9217e+06
          183.6    1.06461e+31      2.927e+06
          183.7    1.07922e+31    2.93222e+06
          183.8    1.09401e+31    2.93737e+06
          183.9    1.10901e+31    2.94263e+06
            184     1.1242e+31    2.94782e+06
          184.1     1.1396e+31    2.95305e+06
          184.2     1.1552e+31    2.95832e+06
          184.3      1.171e+31    2.96352e+06
          184.4    1.18702e+31     2.9688e+06
          184.5    1.20324e+31    2.97402e+06
          184.6    1.21968e+31    2.97927e+06
          184.7    1.23634e+31    2.98458e+06
          184.8    1.25322e+31    2.98985e+06
          184.9    1.27033e+31    2.99512e+06
            185    1.28766e+31    3.00047e+06
          185.1    1.30521e+31    3.00574e+06
          185.2      1.323e+31    3.01103e+06
          185.3    1.34103e+31    3.01636e+06
          185.4    1.35929e+31    3.02165e+06
          185.5    1.37779e+31    3.02698e+06
          185.6    1.39654e+31    3.03232e+06
          185.7    1.41553e+31    3.03758e+06
          185.8    1.43478e+31    3.04295e+06
          185.9    1.45427e+31    3.04825e+06
            186    1.47403e+31    3.05353e+06
          186.1    1.49404e+31    3.05894e+06
          186.2    1.51432e+31    3.06426e+06
          186.3    1.53486e+31    3.06959e+06
          186.4    1.55567e+31    3.07501e+06
          186.5    1.57676e+31    3.08033e+06
          186.6    1.59812e+31    3.08569e+06
          186.7    1.61976e+31    3.09112e+06
          186.8    1.64169e+31    3.09652e+06
          186.9     1.6639e+31    3.10191e+06
            187    1.68641e+31    3.10736e+06
          187.1    1.70921e+31    3.11277e+06
          187.2    1.73231e+31    3.11817e+06
          187.3    1.75571e+31    3.12363e+06
          187.4    1.77941e+31    3.12905e+06
          187.5    1.80343e+31     3.1345e+06
          187.6    1.82776e+31    3.13995e+06
          187.7    1.85241e+31    3.14534e+06
          187.8    1.87738e+31    3.15083e+06
          187.9    1.90267e+31    3.15624e+06
            188     1.9283e+31    3.16167e+06
          188.1    1.95426e+31    3.16719e+06
          188.2    1.98056e+31    3.17262e+06
          188.3     2.0072e+31    3.17813e+06
          188.4    2.03419e+31    3.18362e+06
          188.5    2.06153e+31    3.18907e+06
          188.6    2.08922e+31    3.19459e+06
          188.7    2.11728e+31    3.20012e+06
          188.8     2.1457e+31    3.20561e+06
          188.9    2.17449e+31     3.2112e+06
            189    2.20365e+31    3.21674e+06
          189.1    2.23319e+31    3.22226e+06
          189.2    2.26312e+31    3.22785e+06
          189.3    2.29343e+31    3.23341e+06
          189.4    2.32414e+31      3.239e+06
          189.5    2.35524e+31    3.24466e+06
          189.6    2.38675e+31    3.25022e+06
          189.7    2.41867e+31    3.25588e+06
          189.8      2.451e+31    3.26153e+06
          189.9    2.48375e+31    3.26708e+06
            190    2.51692e+31    3.27278e+06
          190.1    2.55052e+31    3.27844e+06
          190.2    2.58455e+31    3.28403e+06
          190.3    2.61903e+31    3.28975e+06
          190.4    2.65395e+31    3.29537e+06
          190.5    2.68932e+31    3.30103e+06
          190.6    2.72515e+31     3.3067e+06
          190.7    2.76144e+31    3.31235e+06
          190.8    2.79819e+31    3.31807e+06
          190.9    2.83542e+31    3.32376e+06
            191    2.87313e+31    3.32945e+06
          191.1    2.91133e+31    3.33521e+06
          191.2    2.95002e+31    3.34089e+06
          191.3     2.9892e+31    3.34662e+06
          191.4    3.02889e+31    3.35241e+06
          191.5    3.06909e+31    3.35815e+06
          191.6    3.10981e+31    3.36392e+06
          191.7    3.15105e+31    3.36974e+06
          191.8    3.19282e+31    3.37549e+06
          191.9    3.23513e+31    3.38128e+06
            192    3.27797e+31    3.38711e+06
          192.1    3.32137e+31    3.39288e+06
          192.2    3.36533e+31    3.39872e+06
          192.3    3.40984e+31    3.40455e+06
          192.4    3.45493e+31    3.41031e+06
          192.5     3.5006e+31    3.41618e+06
          192.6    3.54684e+31    3.42197e+06
          192.7    3.59368e+31    3.42777e+06
          192.8    3.64112e+31    3.43367e+06
          192.9    3.68917e+31    3.43951e+06
            193    3.73783e+31    3.44534e+06
          193.1    3.78711e+31    3.45125e+06
          193.2    3.83702e+31    3.45711e+06
          193.3    3.88757e+31    3.46296e+06
          193.4    3.93876e+31    3.46892e+06
          193.5    3.99061e+31    3.47483e+06
          193.6    4.04311e+31    3.48073e+06
          193.7    4.09629e+31    3.48672e+06
          193.8    4.15014e+31    3.49263e+06
          193.9    4.20468e+31    3.49857e+06
            194    4.25991e+31    3.50454e+06
          194.1    4.31584e+31    3.51044e+06
          194.2    4.37249e+31    3.51647e+06
          194.3    4.42985e+31    3.52242e+06
          194.4    4.48795e+31    3.52837e+06
          194.5    4.54678e+31    3.53439e+06
          194.6    4.60636e+31     3.5403e+06
          194.7    4.66669e+31     3.5463e+06
          194.8    4.72779e+31    3.55232e+06
          194.9    4.78966e+31    3.55823e+06
            195    4.85232e+31    3.56427e+06
          195.1    4.91577e+31    3.57026e+06
          195.2    4.98003e+31    3.57619e+06
          195.3     5.0451e+31     3.5822e+06
          195.4    5.11099e+31    3.58821e+06
          195.5    5.17771e+31    3.59418e+06
          195.6    5.24528e+31    3.60025e+06
          195.7     5.3137e+31    3.60626e+06
          195.8    5.38299e+31    3.61227e+06
          195.9    5.45315e+31    3.61833e+06
            196     5.5242e+31    3.62435e+06
          196.1    5.59614e+31    3.63043e+06
          196.2    5.66899e+31    3.63653e+06
          196.3    5.74276e+31    3.64255e+06
          196.4    5.81746e+31    3.64871e+06
          196.5     5.8931e+31    3.65477e+06
          196.6    5.96969e+31    3.66084e+06
          196.7    6.04724e+31    3.66698e+06
          196.8    6.12577e+31    3.67304e+06
          196.9    6.20529e+31    3.67917e+06
            197    6.28581e+31    3.68531e+06
          197.1    6.36734e+31    3.69137e+06
          197.2    6.44989e+31    3.69753e+06
          197.3    6.53348e+31    3.70361e+06
          197.4    6.61812e+31    3.70972e+06
          197.5    6.70382e+31    3.71591e+06
          197.6     6.7906e+31    3.72205e+06
          197.7    6.87846e+31    3.72818e+06
          197.8    6.96742e+31    3.73437e+06
          197.9     7.0575e+31    3.74053e+06
            198    7.14871e+31    3.74667e+06
          198.1    7.24105e+31    3.75292e+06
          198.2    7.33455e+31    3.75913e+06
          198.3    7.42923e+31    3.76529e+06
          198.4    7.52508e+31    3.77159e+06
          198.5    7.62213e+31    3.77779e+06
          198.6     7.7204e+31      3.784e+06
          198.7    7.81989e+31    3.79027e+06
          198.8    7.92062e+31    3.79649e+06
          198.9    8.02261e+31    3.80276e+06
            199    8.12587e+31      3.809e+06
          199.1    8.23042e+31    3.81524e+06
          199.2    8.33627e+31    3.82152e+06
          199.3    8.44343e+31    3.82775e+06
          199.4    8.55194e+31    3.83399e+06
          199.5    8.66179e+31     3.8403e+06
          199.6    8.77301e+31    3.84659e+06
          199.7    8.88561e+31    3.85287e+06
          199.8    8.99961e+31    3.85919e+06
          199.9    9.11503e+31    3.86548e+06
            200    9.23188e+31    3.87177e+06
          200.1    9.35018e+31    3.87815e+06
          200.2    9.46995e+31    3.88446e+06
          200.3    9.59121e+31    3.89085e+06
          200.4    9.71397e+31    3.89723e+06
          200.5    9.83825e+31    3.90354e+06
          200.6    9.96407e+31    3.90997e+06
          200.7    1.00914e+32    3.91637e+06
          200.8    1.02204e+32    3.92275e+06
          200.9    1.03509e+32    3.92925e+06
            201    1.04831e+32    3.93562e+06
          201.1    1.06169e+32     3.9421e+06
          201.2    1.07524e+32    3.94857e+06
          201.3    1.08895e+32    3.95497e+06
          201.4    1.10283e+32    3.96147e+06
          201.5    1.11688e+32    3.96796e+06
          201.6    1.13111e+32    3.97438e+06
          201.7    1.14551e+32    3.98091e+06
          201.8    1.16009e+32    3.98739e+06
          201.9    1.17485e+32    3.99384e+06
            202    1.18979e+32    4.00035e+06
          202.1    1.20492e+32    4.00685e+06
          202.2    1.22023e+32    4.01336e+06
          202.3    1.23573e+32    4.01993e+06
          202.4    1.25142e+32    4.02643e+06
          202.5    1.26731e+32    4.03299e+06
          202.6    1.28339e+32    4.03954e+06
          202.7    1.29966e+32    4.04607e+06
          202.8    1.31614e+32    4.05271e+06
          202.9    1.33282e+32    4.05929e+06
            203     1.3497e+32    4.06586e+06
          203.1    1.36679e+32    4.07255e+06
          203.2    1.38409e+32    4.07911e+06
          203.3     1.4016e+32    4.08575e+06
          203.4    1.41933e+32     4.0924e+06
          203.5    1.43727e+32      4.099e+06
          203.6    1.45544e+32    4.10569e+06
          203.7    1.47382e+32    4.11233e+06
          203.8    1.49243e+32    4.11896e+06
          203.9    1.51127e+32    4.12565e+06
            204    1.53034e+32    4.13228e+06
          204.1    1.54964e+32    4.13893e+06
          204.2    1.56918e+32    4.14564e+06
          204.3    1.58895e+32    4.15236e+06
          204.4    1.60897e+32    4.15902e+06
          204.5    1.62923e+32    4.16577e+06
          204.6    1.64974e+32    4.17248e+06
          204.7     1.6705e+32    4.17914e+06
          204.8    1.69151e+32    4.18597e+06
          204.9    1.71277e+32    4.19272e+06
            205     1.7343e+32    4.19946e+06
          205.1    1.75609e+32     4.2063e+06
          205.2    1.77814e+32    4.21305e+06
          205.3    1.80046e+32    4.21984e+06
          205.4    1.82306e+32    4.22665e+06
          205.5    1.84592e+32    4.23343e+06
          205.6    1.86907e+32    4.24028e+06
          205.7    1.89249e+32    4.24708e+06
          205.8     1.9162e+32    4.25388e+06
          205.9     1.9402e+32    4.26072e+06
            206    1.96449e+32    4.26753e+06
          206.1    1.98907e+32    4.27434e+06
          206.2    2.01395e+32    4.28122e+06
          206.3    2.03914e+32    4.28801e+06
          206.4    2.06463e+32    4.29485e+06
          206.5    2.09042e+32    4.30173e+06
          206.6    2.11653e+32    4.30849e+06
          206.7    2.14295e+32    4.31535e+06
          206.8     2.1697e+32    4.32225e+06
          206.9    2.19676e+32    4.32903e+06
            207    2.22416e+32    4.33598e+06
          207.1    2.25188e+32    4.34285e+06
          207.2    2.27994e+32    4.34969e+06
          207.3    2.30834e+32    4.35662e+06
          207.4    2.33708e+32    4.36349e+06
          207.5    2.36617e+32    4.37043e+06
          207.6     2.3956e+32    4.37739e+06
          207.7     2.4254e+32    4.38428e+06
          207.8    2.45555e+32    4.39127e+06
          207.9    2.48606e+32     4.3982e+06
            208    2.51694e+32    4.40513e+06
          208.1     2.5482e+32    4.41212e+06
          208.2    2.57982e+32    4.41907e+06
          208.3    2.61183e+32    4.42603e+06
          208.4    2.64423e+32    4.43303e+06
          208.5    2.67701e+32    4.43998e+06
          208.6    2.71018e+32    4.44696e+06
          208.7    2.74376e+32    4.45394e+06
          208.8    2.77773e+32    4.46091e+06
          208.9    2.81212e+32    4.46794e+06
            209    2.84692e+32    4.47497e+06
          209.1    2.88213e+32    4.48193e+06
          209.2    2.91776e+32    4.48902e+06
          209.3    2.95383e+32    4.49603e+06
          209.4    2.99032e+32    4.50303e+06
          209.5    3.02725e+32    4.51016e+06
          209.6    3.06462e+32    4.51722e+06
          209.7    3.10244e+32    4.52428e+06
          209.8    3.14071e+32    4.53142e+06
          209.9    3.17944e+32    4.53849e+06
            210    3.21863e+32    4.54558e+06
          210.1    3.25829e+32     4.5527e+06
          210.2    3.29842e+32    4.55982e+06
          210.3    3.33903e+32    4.56693e+06
          210.4    3.38012e+32    4.57406e+06
          210.5    3.42171e+32    4.58118e+06
          210.6    3.46379e+32    4.58829e+06
          210.7    3.50637e+32    4.59549e+06
          210.8    3.54945e+32    4.60264e+06
          210.9    3.59305e+32    4.60983e+06
            211    3.63717e+32    4.61702e+06
          211.1    3.68182e+32    4.62416e+06
          211.2    3.72699e+32     4.6314e+06
          211.3     3.7727e+32    4.63857e+06
          211.4    3.81896e+32    4.64575e+06
          211.5    3.86576e+32    4.65303e+06
          211.6    3.91312e+32    4.66022e+06
          211.7    3.96104e+32     4.6675e+06
          211.8    4.00953e+32    4.67475e+06
          211.9    4.05859e+32    4.68198e+06
            212    4.10824e+32    4.68928e+06
          212.1    4.15847e+32    4.69657e+06
          212.2     4.2093e+32    4.70385e+06
          212.3    4.26073e+32    4.71121e+06
          212.4    4.31277e+32    4.71852e+06
          212.5    4.36542e+32    4.72585e+06
          212.6     4.4187e+32    4.73322e+06
          212.7     4.4726e+32    4.74053e+06
          212.8    4.52715e+32    4.74788e+06
          212.9    4.58233e+32     4.7553e+06
            213    4.63817e+32    4.76259e+06
          213.1    4.69467e+32       4.77e+06
          213.2    4.75184e+32     4.7774e+06
          213.3    4.80967e+32    4.78469e+06
          213.4    4.86819e+32    4.79213e+06
          213.5     4.9274e+32    4.79953e+06
          213.6    4.98731e+32     4.8069e+06
          213.7    5.04792e+32    4.81439e+06
          213.8    5.10925e+32    4.82177e+06
          213.9     5.1713e+32    4.82923e+06
            214    5.23407e+32    4.83668e+06
          214.1    5.29759e+32    4.84411e+06
          214.2    5.36185e+32    4.85163e+06
          214.3    5.42687e+32     4.8591e+06
          214.4    5.49265e+32    4.86659e+06
          214.5     5.5592e+32    4.87415e+06
          214.6    5.62653e+32    4.88163e+06
          214.7    5.69466e+32    4.88915e+06
          214.8    5.76358e+32    4.89669e+06
          214.9    5.83331e+32    4.90422e+06
            215    5.90386e+32    4.91176e+06
          215.1    5.97523e+32    4.91933e+06
          215.2    6.04744e+32    4.92684e+06
          215.3    6.12049e+32    4.93444e+06
          215.4     6.1944e+32    4.94204e+06
          215.5    6.26917e+32     4.9496e+06
          215.6    6.34482e+32    4.95726e+06
          215.7    6.42135e+32    4.96488e+06
          215.8    6.49878e+32    4.97245e+06
          215.9    6.57711e+32    4.98013e+06
            216    6.65635e+32    4.98773e+06
          216.1    6.73652e+32    4.99535e+06
          216.2    6.81762e+32    5.00307e+06
          216.3    6.89967e+32    5.01073e+06
          216.4    6.98268e+32    5.01839e+06
          216.5    7.06665e+32    5.02613e+06
          216.6     7.1516e+32    5.03382e+06
          216.7    7.23754e+32     5.0415e+06
          216.8    7.32448e+32    5.04924e+06
          216.9    7.41243e+32    5.05696e+06
            217    7.50141e+32    5.06467e+06
          217.1    7.59141e+32    5.07242e+06
          217.2    7.68247e+32    5.08013e+06
          217.3    7.77458e+32    5.08788e+06
          217.4    7.86776e+32    5.09562e+06
          217.5    7.96203e+32    5.10331e+06
          217.6    8.05738e+32    5.11114e+06
          217.7    8.15385e+32    5.11885e+06
          217.8    8.25143e+32    5.12658e+06
          217.9    8.35014e+32    5.13439e+06
            218       8.45e+32    5.14206e+06
          218.1    8.55101e+32    5.14984e+06
          218.2    8.65319e+32    5.15766e+06
          218.3    8.75656e+32    5.16538e+06
          218.4    8.86112e+32    5.17322e+06
          218.5    8.96689e+32    5.18102e+06
          218.6    9.07388e+32    5.18877e+06
          218.7    9.18211e+32    5.19661e+06
          218.8    9.29159e+32    5.20444e+06
          218.9    9.40233e+32    5.21226e+06
            219    9.51436e+32    5.22016e+06
          219.1    9.62767e+32    5.22799e+06
          219.2    9.74229e+32    5.23586e+06
          219.3    9.85824e+32    5.24376e+06
          219.4    9.97552e+32    5.25159e+06
          219.5    1.00941e+33    5.25948e+06
          219.6    1.02141e+33     5.2674e+06
          219.7    1.03355e+33    5.27523e+06
          219.8    1.04583e+33    5.28318e+06
          219.9    1.05825e+33    5.29106e+06
            220    1.07081e+33    5.29897e+06
          220.1    1.08352e+33    5.30694e+06
          220.2    1.09637e+33    5.31484e+06
          220.3    1.10937e+33    5.32282e+06
          220.4    1.12252e+33     5.3308e+06
          220.5    1.13582e+33     5.3387e+06
          220.6    1.14927e+33    5.34673e+06
          220.7    1.16288e+33    5.35466e+06
          220.8    1.17664e+33    5.36263e+06
          220.9    1.19056e+33    5.37069e+06
            221    1.20464e+33    5.37867e+06
          221.1    1.21888e+33    5.38667e+06
          221.2    1.23329e+33    5.39475e+06
          221.3    1.24786e+33    5.40277e+06
          221.4    1.26259e+33    5.41079e+06
          221.5     1.2775e+33    5.41885e+06
          221.6    1.29257e+33    5.42691e+06
          221.7    1.30782e+33    5.43495e+06
          221.8    1.32324e+33     5.4431e+06
          221.9    1.33884e+33    5.45117e+06
            222    1.35462e+33    5.45925e+06
          222.1    1.37057e+33    5.46741e+06
          222.2    1.38671e+33    5.47551e+06
          222.3    1.40303e+33    5.48366e+06
          222.4    1.41954e+33     5.4918e+06
          222.5    1.43624e+33    5.49992e+06
          222.6    1.45312e+33    5.50809e+06
          222.7     1.4702e+33    5.51621e+06
          222.8    1.48747e+33    5.52436e+06
          222.9    1.50494e+33    5.53256e+06
            223    1.52261e+33    5.54075e+06
          223.1    1.54048e+33    5.54894e+06
          223.2    1.55855e+33    5.55716e+06
          223.3    1.57683e+33    5.56535e+06
          223.4    1.59532e+33    5.57356e+06
          223.5    1.61401e+33    5.58184e+06
          223.6    1.63292e+33    5.59007e+06
          223.7    1.65204e+33    5.59837e+06
          223.8    1.67138e+33    5.60666e+06
          223.9    1.69094e+33    5.61489e+06
            224    1.71072e+33    5.62324e+06
          224.1    1.73072e+33    5.63151e+06
          224.2    1.75095e+33    5.63979e+06
          224.3    1.77141e+33    5.64818e+06
          224.4     1.7921e+33    5.65642e+06
          224.5    1.81303e+33    5.66479e+06
          224.6    1.83419e+33    5.67314e+06
          224.7    1.85559e+33    5.68144e+06
          224.8    1.87723e+33    5.68985e+06
          224.9    1.89912e+33    5.69823e+06
            225    1.92125e+33    5.70658e+06
          225.1    1.94364e+33    5.71503e+06
          225.2    1.96627e+33    5.72342e+06
          225.3    1.98917e+33     5.7318e+06
          225.4    2.01232e+33    5.74023e+06
          225.5    2.03573e+33    5.74866e+06
          225.6     2.0594e+33     5.7571e+06
          225.7    2.08334e+33    5.76559e+06
          225.8    2.10755e+33    5.77402e+06
          225.9    2.13204e+33    5.78253e+06
            226     2.1568e+33    5.79101e+06
          226.1    2.18184e+33    5.79945e+06
          226.2    2.20715e+33      5.808e+06
          226.3    2.23276e+33    5.81649e+06
          226.4    2.25865e+33      5.825e+06
          226.5    2.28483e+33    5.83361e+06
          226.6    2.31131e+33     5.8421e+06
          226.7    2.33808e+33    5.85069e+06
          226.8    2.36516e+33    5.85927e+06
          226.9    2.39253e+33    5.86782e+06
            227    2.42022e+33    5.87646e+06
          227.1    2.44821e+33    5.88503e+06
          227.2    2.47652e+33     5.8936e+06
          227.3    2.50515e+33    5.90226e+06
          227.4    2.53409e+33    5.91084e+06
          227.5    2.56336e+33    5.91944e+06
          227.6    2.59296e+33    5.92812e+06
          227.7    2.62289e+33    5.93679e+06
          227.8    2.65315e+33    5.94541e+06
          227.9    2.68375e+33    5.95413e+06
            228    2.71469e+33    5.96281e+06
          228.1    2.74598e+33    5.97144e+06
          228.2    2.77762e+33    5.98018e+06
          228.3    2.80961e+33    5.98887e+06
          228.4    2.84196e+33    5.99756e+06
          228.5    2.87467e+33     6.0063e+06
          228.6    2.90774e+33    6.01497e+06
          228.7    2.94118e+33    6.02371e+06
          228.8      2.975e+33    6.03241e+06
          228.9    3.00919e+33    6.04112e+06
            229    3.04376e+33     6.0499e+06
          229.1    3.07871e+33    6.05859e+06
          229.2    3.11406e+33     6.0673e+06
          229.3     3.1498e+33    6.07608e+06
          229.4    3.18593e+33    6.08482e+06
          229.5    3.22247e+33    6.09358e+06
          229.6    3.25941e+33    6.10241e+06
          229.7    3.29676e+33    6.11115e+06
          229.8    3.33453e+33    6.11995e+06
          229.9    3.37271e+33    6.12878e+06
            230    3.41132e+33    6.13751e+06
          230.1    3.45036e+33    6.14634e+06
          230.2    3.48983e+33     6.1552e+06
          230.3    3.52974e+33    6.16396e+06
          230.4    3.57009e+33    6.17288e+06
          230.5    3.61089e+33    6.18172e+06
          230.6    3.65214e+33    6.19054e+06
          230.7    3.69384e+33    6.19945e+06
          230.8    3.73601e+33    6.20826e+06
          230.9    3.77864e+33    6.21715e+06
            231    3.82174e+33    6.22608e+06
          231.1    3.86532e+33    6.23494e+06
          231.2    3.90938e+33    6.24391e+06
          231.3    3.95393e+33    6.25281e+06
          231.4    3.99897e+33    6.26172e+06
          231.5     4.0445e+33     6.2707e+06
          231.6    4.09054e+33    6.27964e+06
          231.7    4.13709e+33    6.28859e+06
          231.8    4.18415e+33    6.29758e+06
          231.9    4.23172e+33    6.30652e+06
            232    4.27983e+33     6.3155e+06
          232.1    4.32846e+33    6.32447e+06
          232.2    4.37762e+33    6.33344e+06
          232.3    4.42733e+33    6.34248e+06
          232.4    4.47758e+33     6.3515e+06
          232.5    4.52839e+33    6.36047e+06
          232.6    4.57975e+33    6.36958e+06
          232.7    4.63168e+33    6.37859e+06
          232.8    4.68418e+33    6.38762e+06
          232.9    4.73726e+33    6.39676e+06
            233    4.79092e+33    6.40581e+06
          233.1    4.84516e+33    6.41491e+06
          233.2        4.9e+33    6.42407e+06
          233.3    4.95545e+33    6.43315e+06
          233.4     5.0115e+33    6.44228e+06
          233.5    5.06816e+33    6.45141e+06
          233.6    5.12545e+33    6.46055e+06
          233.7    5.18336e+33    6.46971e+06
          233.8    5.24191e+33    6.47886e+06
          233.9    5.30109e+33    6.48801e+06
            234    5.36093e+33    6.49715e+06
          234.1    5.42142e+33    6.50639e+06
          234.2    5.48257e+33    6.51557e+06
          234.3    5.54438e+33     6.5248e+06
          234.4    5.60688e+33    6.53403e+06
          234.5    5.67005e+33    6.54321e+06
          234.6    5.73392e+33     6.5525e+06
          234.7    5.79848e+33    6.56171e+06
          234.8    5.86374e+33    6.57094e+06
          234.9    5.92972e+33    6.58026e+06
            235    5.99641e+33     6.5895e+06
          235.1    6.06384e+33    6.59883e+06
          235.2    6.13199e+33    6.60813e+06
          235.3    6.20089e+33    6.61741e+06
          235.4    6.27054e+33    6.62677e+06
          235.5    6.34095e+33    6.63606e+06
          235.6    6.41212e+33    6.64538e+06
          235.7    6.48407e+33    6.65477e+06
          235.8    6.55679e+33    6.66412e+06
          235.9    6.63031e+33     6.6735e+06
            236    6.70463e+33    6.68291e+06
          236.1    6.77975e+33    6.69228e+06
          236.2    6.85569e+33    6.70168e+06
          236.3    6.93245e+33    6.71116e+06
          236.4    7.01005e+33    6.72052e+06
          236.5    7.08848e+33    6.72999e+06
          236.6    7.16777e+33    6.73944e+06
          236.7    7.24791e+33     6.7488e+06
          236.8    7.32893e+33    6.75831e+06
          236.9    7.41082e+33    6.76777e+06
            237     7.4936e+33    6.77721e+06
          237.1    7.57727e+33    6.78677e+06
          237.2    7.66185e+33    6.79621e+06
          237.3    7.74734e+33    6.80576e+06
          237.4    7.83375e+33    6.81528e+06
          237.5     7.9211e+33    6.82479e+06
          237.6     8.0094e+33    6.83439e+06
          237.7    8.09864e+33    6.84394e+06
          237.8    8.18885e+33    6.85352e+06
          237.9    8.28003e+33    6.86316e+06
            238     8.3722e+33    6.87272e+06
          238.1    8.46536e+33    6.88233e+06
          238.2    8.55952e+33    6.89195e+06
          238.3     8.6547e+33    6.90157e+06
          238.4    8.75091e+33    6.91121e+06
          238.5    8.84815e+33    6.92086e+06
          238.6    8.94643e+33    6.93047e+06
          238.7    9.04578e+33    6.94016e+06
          238.8    9.14619e+33    6.94986e+06
          238.9    9.24768e+33    6.95951e+06
            239    9.35026e+33    6.96927e+06
          239.1    9.45395e+33    6.97898e+06
          239.2    9.55875e+33    6.98865e+06
          239.3    9.66467e+33    6.99845e+06
          239.4    9.77173e+33    7.00815e+06
          239.5    9.87994e+33    7.01787e+06
          239.6    9.98931e+33    7.02764e+06
          239.7    1.00999e+34    7.03738e+06
          239.8    1.02116e+34    7.04712e+06
          239.9    1.03245e+34    7.05689e+06
            240    1.04386e+34    7.06666e+06
          240.1     1.0554e+34    7.07642e+06
          240.2    1.06706e+34    7.08617e+06
          240.3    1.07884e+34    7.09595e+06
          240.4    1.09075e+34    7.10574e+06
          240.5    1.10279e+34    7.11557e+06
          240.6    1.11496e+34    7.12535e+06
          240.7    1.12725e+34     7.1352e+06
          240.8    1.13968e+34    7.14502e+06
          240.9    1.15224e+34    7.15481e+06
            241    1.16494e+34    7.16473e+06
          241.1    1.17776e+34    7.17454e+06
          241.2    1.19073e+34    7.18438e+06
          241.3    1.20384e+34    7.19429e+06
          241.4    1.21708e+34    7.20406e+06
          241.5    1.23047e+34    7.21396e+06
          241.6      1.244e+34    7.22388e+06
          241.7    1.25767e+34    7.23371e+06
          241.8    1.27149e+34    7.24367e+06
          241.9    1.28545e+34    7.25357e+06
            242    1.29956e+34    7.26345e+06
          242.1    1.31383e+34    7.27341e+06
          242.2    1.32824e+34    7.28337e+06
          242.3    1.34281e+34    7.29331e+06
          242.4    1.35754e+34    7.30332e+06
          242.5    1.37241e+34    7.31329e+06
          242.6    1.38745e+34    7.32329e+06
          242.7    1.40265e+34    7.33331e+06
          242.8    1.41801e+34    7.34327e+06
          242.9    1.43353e+34     7.3533e+06
            243    1.44922e+34    7.36334e+06
          243.1    1.46507e+34    7.37332e+06
          243.2    1.48109e+34    7.38341e+06
          243.3    1.49728e+34    7.39342e+06
          243.4    1.51364e+34    7.40347e+06
          243.5    1.53017e+34    7.41358e+06
          243.6    1.54688e+34    7.42362e+06
          243.7    1.56377e+34    7.43376e+06
          243.8    1.58083e+34    7.44387e+06
          243.9    1.59808e+34    7.45396e+06
            244    1.61551e+34    7.46418e+06
          244.1    1.63312e+34    7.47428e+06
          244.2    1.65092e+34    7.48442e+06
          244.3     1.6689e+34    7.49466e+06
          244.4    1.68708e+34     7.5048e+06
          244.5    1.70544e+34    7.51498e+06
          244.6      1.724e+34    7.52522e+06
          244.7    1.74276e+34     7.5354e+06
          244.8    1.76172e+34    7.54561e+06
          244.9    1.78087e+34    7.55583e+06
            245    1.80022e+34    7.56605e+06
          245.1    1.81978e+34    7.57628e+06
          245.2    1.83955e+34    7.58659e+06
          245.3    1.85952e+34    7.59684e+06
          245.4     1.8797e+34    7.60711e+06
          245.5     1.9001e+34    7.61743e+06
          245.6    1.92071e+34    7.62771e+06
          245.7    1.94154e+34    7.63804e+06
          245.8    1.96258e+34    7.64836e+06
          245.9    1.98385e+34    7.65865e+06
            246    2.00534e+34    7.66901e+06
          246.1    2.02705e+34    7.67932e+06
          246.2    2.04899e+34    7.68965e+06
          246.3    2.07116e+34    7.70004e+06
          246.4    2.09357e+34    7.71042e+06
          246.5    2.11621e+34     7.7208e+06
          246.6    2.13909e+34     7.7312e+06
          246.7     2.1622e+34    7.74159e+06
          246.8    2.18556e+34    7.75199e+06
          246.9    2.20916e+34    7.76247e+06
            247    2.23301e+34    7.77289e+06
          247.1    2.25711e+34    7.78339e+06
          247.2    2.28146e+34    7.79387e+06
          247.3    2.30607e+34     7.8043e+06
          247.4    2.33093e+34    7.81486e+06
          247.5    2.35605e+34    7.82532e+06
          247.6    2.38144e+34    7.83581e+06
          247.7    2.40709e+34     7.8464e+06
          247.8      2.433e+34    7.85684e+06
          247.9    2.45919e+34    7.86742e+06
            248    2.48565e+34    7.87797e+06
          248.1    2.51239e+34    7.88847e+06
          248.2     2.5394e+34     7.8991e+06
          248.3     2.5667e+34    7.90969e+06
          248.4    2.59428e+34    7.92025e+06
          248.5    2.62215e+34    7.93091e+06
          248.6     2.6503e+34    7.94155e+06
          248.7    2.67875e+34    7.95219e+06
          248.8     2.7075e+34    7.96286e+06
          248.9    2.73654e+34    7.97352e+06
            249    2.76589e+34     7.9842e+06
          249.1    2.79554e+34    7.99492e+06
          249.2     2.8255e+34     8.0056e+06
          249.3    2.85577e+34    8.01634e+06
          249.4    2.88636e+34    8.02705e+06
          249.5    2.91726e+34    8.03772e+06
          249.6    2.94848e+34     8.0485e+06
          249.7    2.98003e+34    8.05923e+06
          249.8     3.0119e+34    8.06998e+06
          249.9    3.04411e+34    8.08082e+06
            250    3.07664e+34    8.09154e+06
          250.1    3.10952e+34    8.10239e+06
          250.2    3.14273e+34     8.1132e+06
          250.3    3.17629e+34    8.12398e+06
          250.4    3.21019e+34    8.13487e+06
          250.5    3.24445e+34    8.14567e+06
          250.6    3.27906e+34     8.1565e+06
          250.7    3.31403e+34    8.16741e+06
          250.8    3.34936e+34    8.17821e+06
          250.9    3.38505e+34    8.18906e+06
            251    3.42111e+34    8.19992e+06
          251.1    3.45754e+34     8.2108e+06
          251.2    3.49435e+34    8.22166e+06
          251.3    3.53154e+34    8.23255e+06
          251.4    3.56912e+34    8.24343e+06
          251.5    3.60708e+34    8.25427e+06
          251.6    3.64543e+34    8.26524e+06
          251.7    3.68417e+34    8.27615e+06
          251.8    3.72332e+34    8.28708e+06
          251.9    3.76287e+34    8.29805e+06
            252    3.80282e+34    8.30895e+06
          252.1    3.84319e+34    8.31993e+06
          252.2    3.88397e+34    8.33087e+06
          252.3    3.92517e+34    8.34182e+06
          252.4    3.96679e+34    8.35285e+06
          252.5    4.00884e+34    8.36378e+06
          252.6    4.05133e+34    8.37474e+06
          252.7    4.09425e+34    8.38576e+06
          252.8    4.13761e+34    8.39675e+06
          252.9    4.18141e+34    8.40777e+06
            253    4.22566e+34    8.41884e+06
          253.1    4.27037e+34    8.42984e+06
          253.2    4.31554e+34     8.4409e+06
          253.3    4.36117e+34    8.45204e+06
          253.4    4.40726e+34    8.46305e+06
          253.5    4.45383e+34    8.47417e+06
          253.6    4.50087e+34    8.48531e+06
          253.7     4.5484e+34    8.49635e+06
          253.8    4.59641e+34    8.50755e+06
          253.9    4.64491e+34    8.51866e+06
            254    4.69391e+34    8.52978e+06
          254.1    4.74341e+34    8.54096e+06
          254.2    4.79342e+34    8.55205e+06
          254.3    4.84393e+34    8.56322e+06
          254.4    4.89496e+34    8.57442e+06
          254.5    4.94652e+34    8.58558e+06
          254.6    4.99859e+34    8.59682e+06
          254.7     5.0512e+34      8.608e+06
          254.8    5.10435e+34    8.61921e+06
          254.9    5.15804e+34    8.63047e+06
            255    5.21227e+34    8.64173e+06
          255.1    5.26706e+34    8.65302e+06
          255.2     5.3224e+34    8.66431e+06
          255.3    5.37831e+34     8.6756e+06
          255.4    5.43479e+34    8.68694e+06
          255.5    5.49184e+34    8.69823e+06
          255.6    5.54947e+34    8.70953e+06
          255.7    5.60769e+34     8.7209e+06
          255.8     5.6665e+34    8.73222e+06
          255.9     5.7259e+34    8.74353e+06
            256    5.78591e+34    8.75496e+06
          256.1    5.84653e+34    8.76627e+06
          256.2    5.90777e+34    8.77764e+06
          256.3    5.96962e+34    8.78909e+06
          256.4    6.03211e+34    8.80045e+06
          256.5    6.09522e+34    8.81189e+06
          256.6    6.15898e+34    8.82335e+06
          256.7    6.22338e+34    8.83474e+06
          256.8    6.28844e+34     8.8462e+06
          256.9    6.35415e+34    8.85765e+06
            257    6.42053e+34    8.86911e+06
          257.1    6.48758e+34     8.8806e+06
          257.2    6.55531e+34    8.89206e+06
          257.3    6.62372e+34    8.90354e+06
          257.4    6.69283e+34    8.91502e+06
          257.5    6.76263e+34    8.92657e+06
          257.6    6.83314e+34    8.93807e+06
          257.7    6.90436e+34    8.94963e+06
          257.8    6.97631e+34     8.9612e+06
          257.9    7.04897e+34    8.97271e+06
            258    7.12237e+34    8.98438e+06
          258.1    7.19651e+34    8.99596e+06
          258.2     7.2714e+34    9.00754e+06
          258.3    7.34704e+34    9.01921e+06
          258.4    7.42345e+34     9.0308e+06
          258.5    7.50062e+34    9.04248e+06
          258.6    7.57858e+34    9.05414e+06
          258.7    7.65731e+34    9.06576e+06
          258.8    7.73684e+34    9.07747e+06
          258.9    7.81717e+34    9.08911e+06
            259    7.89831e+34    9.10077e+06
          259.1    7.98027e+34    9.11252e+06
          259.2    8.06304e+34    9.12421e+06
          259.3    8.14665e+34    9.13595e+06
          259.4     8.2311e+34    9.14771e+06
          259.5     8.3164e+34    9.15942e+06
          259.6    8.40255e+34    9.17119e+06
          259.7    8.48957e+34    9.18306e+06
          259.8    8.57746e+34    9.19481e+06
          259.9    8.66624e+34    9.20666e+06
            260     8.7559e+34    9.21853e+06
          260.1    8.84646e+34    9.23031e+06
          260.2    8.93793e+34    9.24221e+06
          260.3    9.03032e+34    9.25406e+06
          260.4    9.12363e+34     9.2659e+06
          260.5    9.21787e+34    9.27783e+06
          260.6    9.31306e+34    9.28967e+06
          260.7     9.4092e+34    9.30159e+06
          260.8     9.5063e+34     9.3135e+06
          260.9    9.60437e+34    9.32539e+06
            261    9.70342e+34    9.33738e+06
          261.1    9.80346e+34     9.3493e+06
          261.2    9.90451e+34    9.36127e+06
          261.3    1.00066e+35    9.37329e+06
          261.4    1.01096e+35    9.38523e+06
          261.5    1.02137e+35    9.39724e+06
          261.6    1.03189e+35    9.40924e+06
          261.7     1.0425e+35    9.42124e+06
          261.8    1.05323e+35    9.43328e+06
          261.9    1.06406e+35    9.44529e+06
            262      1.075e+35    9.45729e+06
          262.1    1.08605e+35    9.46937e+06
          262.2     1.0972e+35    9.48145e+06
          262.3    1.10847e+35    9.49347e+06
          262.4    1.11985e+35    9.50558e+06
          262.5    1.13135e+35    9.51764e+06
          262.6    1.14296e+35    9.52969e+06
          262.7    1.15468e+35    9.54186e+06
          262.8    1.16652e+35    9.55392e+06
          262.9    1.17848e+35    9.56603e+06
            263    1.19056e+35    9.57818e+06
          263.1    1.20275e+35    9.59029e+06
          263.2    1.21507e+35    9.60243e+06
          263.3    1.22751e+35    9.61458e+06
          263.4    1.24007e+35    9.62673e+06
          263.5    1.25276e+35    9.63887e+06
          263.6    1.26558e+35    9.65102e+06
          263.7    1.27852e+35    9.66319e+06
          263.8    1.29159e+35    9.67537e+06
          263.9    1.30478e+35    9.68759e+06
            264    1.31811e+35    9.69976e+06
          264.1    1.33157e+35      9.712e+06
          264.2    1.34517e+35    9.72422e+06
          264.3     1.3589e+35     9.7364e+06
          264.4    1.37276e+35    9.74879e+06
          264.5    1.38676e+35    9.76102e+06
          264.6     1.4009e+35    9.77329e+06
          264.7    1.41518e+35    9.78567e+06
          264.8     1.4296e+35    9.79788e+06
          264.9    1.44417e+35    9.81023e+06
            265    1.45887e+35    9.82258e+06
          265.1    1.47372e+35    9.83485e+06
          265.2    1.48872e+35    9.84724e+06
          265.3    1.50387e+35    9.85957e+06
          265.4    1.51916e+35    9.87188e+06
          265.5    1.53461e+35    9.88427e+06
          265.6    1.55021e+35    9.89665e+06
          265.7    1.56596e+35    9.90903e+06
          265.8    1.58186e+35    9.92147e+06
          265.9    1.59793e+35    9.93387e+06
            266    1.61415e+35    9.94629e+06
          266.1    1.63053e+35    9.95879e+06
          266.2    1.64707e+35    9.97122e+06
          266.3    1.66377e+35    9.98371e+06
          266.4    1.68064e+35    9.99625e+06
          266.5    1.69768e+35    1.00087e+07
          266.6    1.71488e+35    1.00213e+07
          266.7    1.73225e+35    1.00338e+07
          266.8    1.74979e+35    1.00463e+07
          266.9     1.7675e+35    1.00589e+07
            267    1.78539e+35    1.00715e+07
          267.1    1.80345e+35    1.00841e+07
          267.2    1.82169e+35    1.00966e+07
          267.3    1.84011e+35    1.01092e+07
          267.4    1.85871e+35    1.01219e+07
          267.5    1.87749e+35    1.01345e+07
          267.6    1.89645e+35    1.01471e+07
          267.7     1.9156e+35    1.01598e+07
          267.8    1.93494e+35    1.01724e+07
          267.9    1.95446e+35    1.01851e+07
            268    1.97418e+35    1.01978e+07
          268.1    1.99409e+35    1.02104e+07
          268.2    2.01419e+35    1.02231e+07
          268.3    2.03449e+35    1.02358e+07
          268.4    2.05499e+35    1.02484e+07
          268.5    2.07569e+35    1.02612e+07
          268.6    2.09659e+35    1.02739e+07
          268.7    2.11769e+35    1.02866e+07
          268.8      2.139e+35    1.02994e+07
          268.9    2.16052e+35    1.03122e+07
            269    2.18225e+35    1.03249e+07
          269.1    2.20419e+35    1.03378e+07
          269.2    2.22634e+35    1.03506e+07
          269.3    2.24871e+35    1.03634e+07
          269.4     2.2713e+35    1.03763e+07
          269.5     2.2941e+35    1.03891e+07
          269.6    2.31713e+35     1.0402e+07
          269.7    2.34039e+35    1.04149e+07
          269.8    2.36386e+35    1.04277e+07
          269.9    2.38757e+35    1.04406e+07
            270    2.41151e+35    1.04535e+07
          270.1    2.43568e+35    1.04664e+07
          270.2    2.46008e+35    1.04793e+07
          270.3    2.48472e+35    1.04923e+07
          270.4     2.5096e+35    1.05052e+07
          270.5    2.53472e+35    1.05182e+07
          270.6    2.56009e+35    1.05312e+07
          270.7     2.5857e+35    1.05441e+07
          270.8    2.61156e+35    1.05572e+07
          270.9    2.63767e+35    1.05702e+07
            271    2.66403e+35    1.05832e+07
          271.1    2.69065e+35    1.05964e+07
          271.2    2.71752e+35    1.06094e+07
          271.3    2.74466e+35    1.06225e+07
          271.4    2.77206e+35    1.06356e+07
          271.5    2.79972e+35    1.06487e+07
          271.6    2.82765e+35    1.06619e+07
          271.7    2.85585e+35     1.0675e+07
          271.8    2.88432e+35    1.06881e+07
          271.9    2.91307e+35    1.07013e+07
            272     2.9421e+35    1.07145e+07
          272.1     2.9714e+35    1.07277e+07
          272.2    3.00099e+35    1.07409e+07
          272.3    3.03086e+35    1.07541e+07
          272.4    3.06102e+35    1.07673e+07
          272.5    3.09148e+35    1.07805e+07
          272.6    3.12222e+35    1.07937e+07
          272.7    3.15327e+35     1.0807e+07
          272.8    3.18461e+35    1.08202e+07
          272.9    3.21625e+35    1.08335e+07
            273     3.2482e+35    1.08468e+07
          273.1    3.28045e+35      1.086e+07
          273.2    3.31302e+35    1.08733e+07
          273.3     3.3459e+35    1.08867e+07
          273.4    3.37909e+35    1.08999e+07
          273.5    3.41261e+35    1.09133e+07
          273.6    3.44644e+35    1.09267e+07
          273.7    3.48061e+35      1.094e+07
          273.8     3.5151e+35    1.09534e+07
          273.9    3.54992e+35    1.09667e+07
            274    3.58507e+35    1.09801e+07
          274.1    3.62056e+35    1.09935e+07
          274.2    3.65639e+35    1.10069e+07
          274.3    3.69257e+35    1.10203e+07
          274.4    3.72909e+35    1.10337e+07
          274.5    3.76597e+35    1.10471e+07
          274.6    3.80319e+35    1.10605e+07
          274.7    3.84077e+35    1.10739e+07
          274.8    3.87872e+35    1.10873e+07
          274.9    3.91702e+35    1.11007e+07
            275    3.95569e+35    1.11142e+07
          275.1    3.99473e+35    1.11276e+07
          275.2    4.03415e+35    1.11411e+07
          275.3    4.07394e+35    1.11546e+07
          275.4    4.11411e+35    1.11681e+07
          275.5    4.15467e+35    1.11816e+07
          275.6    4.19561e+35    1.11951e+07
          275.7    4.23694e+35    1.12086e+07
          275.8    4.27867e+35    1.12223e+07
          275.9     4.3208e+35    1.12358e+07
            276    4.36333e+35    1.12494e+07
          276.1    4.40626e+35     1.1263e+07
          276.2    4.44961e+35    1.12766e+07
          276.3    4.49336e+35    1.12902e+07
          276.4    4.53753e+35    1.13039e+07
          276.5    4.58213e+35    1.13175e+07
          276.6    4.62715e+35    1.13311e+07
          276.7    4.67259e+35    1.13448e+07
          276.8    4.71847e+35    1.13584e+07
          276.9    4.76479e+35    1.13721e+07
            277    4.81155e+35    1.13859e+07
          277.1    4.85875e+35    1.13995e+07
          277.2     4.9064e+35    1.14133e+07
          277.3     4.9545e+35     1.1427e+07
          277.4    5.00306e+35    1.14408e+07
          277.5    5.05208e+35    1.14546e+07
          277.6    5.10156e+35    1.14683e+07
          277.7    5.15152e+35    1.14821e+07
          277.8    5.20195e+35     1.1496e+07
          277.9    5.25286e+35    1.15098e+07
            278    5.30425e+35    1.15236e+07
          278.1    5.35612e+35    1.15375e+07
          278.2    5.40849e+35    1.15513e+07
          278.3    5.46136e+35    1.15652e+07
          278.4    5.51472e+35    1.15791e+07
          278.5    5.56859e+35    1.15931e+07
          278.6    5.62297e+35     1.1607e+07
          278.7    5.67787e+35    1.16209e+07
          278.8    5.73328e+35    1.16349e+07
          278.9    5.78922e+35    1.16488e+07
            279    5.84569e+35    1.16627e+07
          279.1    5.90269e+35    1.16767e+07
          279.2    5.96023e+35    1.16906e+07
          279.3    6.01831e+35    1.17045e+07
          279.4    6.07694e+35    1.17186e+07
          279.5    6.13613e+35    1.17325e+07
          279.6    6.19587e+35    1.17465e+07
          279.7    6.25617e+35    1.17606e+07
          279.8    6.31705e+35    1.17745e+07
          279.9     6.3785e+35    1.17886e+07
            280    6.44053e+35    1.18027e+07
          280.1    6.50314e+35    1.18167e+07
          280.2    6.56634e+35    1.18308e+07
          280.3    6.63014e+35    1.18449e+07
          280.4    6.69454e+35     1.1859e+07
          280.5    6.75954e+35    1.18732e+07
          280.6    6.82516e+35    1.18873e+07
          280.7    6.89139e+35    1.19015e+07
          280.8    6.95824e+35    1.19157e+07
          280.9    7.02573e+35    1.19299e+07
            281    7.09384e+35     1.1944e+07
          281.1     7.1626e+35    1.19583e+07
          281.2      7.232e+35    1.19725e+07
          281.3    7.30206e+35    1.19866e+07
          281.4    7.37277e+35     1.2001e+07
          281.5    7.44415e+35    1.20152e+07
          281.6    7.51619e+35    1.20294e+07
          281.7    7.58891e+35    1.20437e+07
          281.8    7.66231e+35     1.2058e+07
          281.9     7.7364e+35    1.20724e+07
            282    7.81119e+35    1.20867e+07
          282.1    7.88667e+35     1.2101e+07
          282.2    7.96286e+35    1.21154e+07
          282.3    8.03977e+35    1.21298e+07
          282.4    8.11739e+35    1.21441e+07
          282.5    8.19574e+35    1.21586e+07
          282.6    8.27483e+35     1.2173e+07
          282.7    8.35465e+35    1.21874e+07
          282.8    8.43522e+35    1.22019e+07
          282.9    8.51654e+35    1.22164e+07
            283    8.59862e+35    1.22308e+07
          283.1    8.68147e+35    1.22454e+07
          283.2    8.76509e+35    1.22599e+07
          283.3    8.84949e+35    1.22744e+07
          283.4    8.93468e+35    1.22889e+07
          283.5    9.02066e+35    1.23034e+07
          283.6    9.10744e+35     1.2318e+07
          283.7    9.19504e+35    1.23325e+07
          283.8    9.28344e+35    1.23471e+07
          283.9    9.37268e+35    1.23617e+07
            284    9.46274e+35    1.23762e+07
          284.1    9.55364e+35    1.23908e+07
          284.2    9.64539e+35    1.24054e+07
          284.3      9.738e+35      1.242e+07
          284.4    9.83146e+35    1.24346e+07
          284.5    9.92579e+35    1.24492e+07
          284.6     1.0021e+36    1.24639e+07
          284.7    1.01171e+36    1.24786e+07
          284.8    1.02141e+36    1.24932e+07
          284.9     1.0312e+36     1.2508e+07
            285    1.04108e+36    1.25227e+07
          285.1    1.05105e+36    1.25374e+07
          285.2    1.06111e+36    1.25521e+07
          285.3    1.07127e+36    1.25668e+07
          285.4    1.08152e+36    1.25815e+07
          285.5    1.09187e+36    1.25963e+07
          285.6    1.10231e+36     1.2611e+07
          285.7    1.11285e+36    1.26258e+07
          285.8    1.12349e+36    1.26406e+07
          285.9    1.13422e+36    1.26553e+07
            286    1.14506e+36    1.26701e+07
          286.1    1.15599e+36    1.26849e+07
          286.2    1.16703e+36    1.26997e+07
          286.3    1.17817e+36    1.27144e+07
          286.4    1.18941e+36    1.27293e+07
          286.5    1.20075e+36    1.27441e+07
          286.6     1.2122e+36     1.2759e+07
          286.7    1.22376e+36    1.27739e+07
          286.8    1.23542e+36    1.27887e+07
          286.9    1.24719e+36    1.28036e+07
            287    1.25907e+36    1.28185e+07
          287.1    1.27106e+36    1.28334e+07
          287.2    1.28316e+36    1.28484e+07
          287.3    1.29537e+36    1.28633e+07
          287.4    1.30769e+36    1.28783e+07
          287.5    1.32013e+36    1.28933e+07
          287.6    1.33268e+36    1.29083e+07
          287.7    1.34535e+36    1.29232e+07
          287.8    1.35813e+36    1.29383e+07
          287.9    1.37103e+36    1.29533e+07
            288    1.38405e+36    1.29683e+07
          288.1    1.39719e+36    1.29834e+07
          288.2    1.41045e+36    1.29984e+07
          288.3    1.42384e+36    1.30135e+07
          288.4    1.43734e+36    1.30286e+07
          288.5    1.45097e+36    1.30436e+07
          288.6    1.46473e+36    1.30589e+07
          288.7    1.47861e+36     1.3074e+07
          288.8    1.49262e+36     1.3089e+07
          288.9    1.50676e+36    1.31043e+07
            289    1.52102e+36    1.31194e+07
          289.1    1.53542e+36    1.31346e+07
          289.2    1.54995e+36    1.31498e+07
          289.3    1.56462e+36     1.3165e+07
          289.4    1.57941e+36    1.31802e+07
          289.5    1.59435e+36    1.31956e+07
          289.6    1.60942e+36    1.32108e+07
          289.7    1.62463e+36    1.32261e+07
          289.8    1.63997e+36    1.32414e+07
          289.9    1.65546e+36    1.32567e+07
            290    1.67109e+36     1.3272e+07
          290.1    1.68686e+36    1.32873e+07
          290.2    1.70278e+36    1.33027e+07
          290.3    1.71884e+36     1.3318e+07
          290.4    1.73505e+36    1.33333e+07
          290.5    1.75141e+36    1.33487e+07
          290.6    1.76792e+36     1.3364e+07
          290.7    1.78457e+36    1.33794e+07
          290.8    1.80138e+36    1.33948e+07
          290.9    1.81835e+36    1.34102e+07
            291    1.83547e+36    1.34256e+07
          291.1    1.85274e+36     1.3441e+07
          291.2    1.87017e+36    1.34564e+07
          291.3    1.88776e+36    1.34719e+07
          291.4    1.90551e+36    1.34874e+07
          291.5    1.92342e+36    1.35028e+07
          291.6     1.9415e+36    1.35184e+07
          291.7    1.95974e+36    1.35339e+07
          291.8    1.97815e+36    1.35493e+07
          291.9    1.99672e+36    1.35649e+07
            292    2.01546e+36    1.35805e+07
          292.1    2.03438e+36     1.3596e+07
          292.2    2.05346e+36    1.36116e+07
          292.3    2.07272e+36    1.36272e+07
          292.4    2.09215e+36    1.36428e+07
          292.5    2.11176e+36    1.36585e+07
          292.6    2.13155e+36    1.36741e+07
          292.7    2.15152e+36    1.36897e+07
          292.8    2.17167e+36    1.37054e+07
          292.9      2.192e+36    1.37211e+07
            293    2.21252e+36    1.37368e+07
          293.1    2.23322e+36    1.37525e+07
          293.2    2.25411e+36    1.37682e+07
          293.3    2.27519e+36     1.3784e+07
          293.4    2.29646e+36    1.37997e+07
          293.5    2.31792e+36    1.38154e+07
          293.6    2.33958e+36    1.38312e+07
          293.7    2.36143e+36     1.3847e+07
          293.8    2.38348e+36    1.38628e+07
          293.9    2.40573e+36    1.38787e+07
            294    2.42819e+36    1.38945e+07
          294.1    2.45084e+36    1.39103e+07
          294.2     2.4737e+36    1.39263e+07
          294.3    2.49677e+36    1.39422e+07
          294.4    2.52004e+36    1.39581e+07
          294.5    2.54353e+36    1.39741e+07
          294.6    2.56722e+36    1.39899e+07
          294.7    2.59114e+36    1.40059e+07
          294.8    2.61526e+36    1.40219e+07
          294.9    2.63961e+36    1.40378e+07
            295    2.66417e+36    1.40538e+07
          295.1    2.68896e+36    1.40698e+07
          295.2    2.71397e+36    1.40857e+07
          295.3     2.7392e+36    1.41018e+07
          295.4    2.76466e+36    1.41178e+07
          295.5    2.79035e+36    1.41338e+07
          295.6    2.81627e+36    1.41498e+07
          295.7    2.84243e+36    1.41658e+07
          295.8    2.86882e+36    1.41819e+07
          295.9    2.89545e+36     1.4198e+07
            296    2.92232e+36    1.42141e+07
          296.1    2.94943e+36    1.42302e+07
          296.2    2.97678e+36    1.42463e+07
          296.3    3.00438e+36    1.42624e+07
          296.4    3.03223e+36    1.42786e+07
          296.5    3.06032e+36    1.42947e+07
          296.6    3.08867e+36    1.43109e+07
          296.7    3.11728e+36    1.43271e+07
          296.8    3.14614e+36    1.43432e+07
          296.9    3.17526e+36    1.43594e+07
            297    3.20464e+36    1.43756e+07
          297.1    3.23428e+36    1.43918e+07
          297.2    3.26419e+36    1.44081e+07
          297.3    3.29437e+36    1.44242e+07
          297.4    3.32481e+36    1.44404e+07
          297.5    3.35553e+36    1.44567e+07
          297.6    3.38653e+36    1.44729e+07
          297.7     3.4178e+36    1.44892e+07
          297.8    3.44936e+36    1.45055e+07
          297.9    3.48119e+36    1.45218e+07
            298    3.51331e+36    1.45381e+07
          298.1    3.54572e+36    1.45544e+07
          298.2    3.57841e+36    1.45707e+07
          298.3     3.6114e+36     1.4587e+07
          298.4    3.64468e+36    1.46034e+07
          298.5    3.67826e+36    1.46197e+07
          298.6    3.71214e+36    1.46361e+07
          298.7    3.74633e+36    1.46526e+07
          298.8    3.78081e+36    1.46689e+07
          298.9    3.81561e+36    1.46854e+07
            299    3.85071e+36    1.47019e+07
          299.1    3.88613e+36    1.47183e+07
          299.2    3.92187e+36    1.47348e+07
          299.3    3.95792e+36    1.47513e+07
          299.4    3.99429e+36    1.47678e+07
          299.5    4.03099e+36    1.47843e+07
          299.6    4.06801e+36    1.48008e+07
          299.7    4.10537e+36    1.48174e+07
          299.8    4.14305e+36     1.4834e+07
          299.9    4.18107e+36    1.48505e+07
            300    4.21943e+36    1.48671e+07
          300.1    4.25813e+36    1.48838e+07
          300.2    4.29718e+36    1.49003e+07
          300.3    4.33657e+36     1.4917e+07
          300.4    4.37631e+36    1.49337e+07
          300.5     4.4164e+36    1.49502e+07
          300.6    4.45685e+36    1.49671e+07
          300.7    4.49766e+36    1.49838e+07
          300.8    4.53883e+36    1.50004e+07
          300.9    4.58037e+36    1.50172e+07
            301    4.62227e+36    1.50339e+07
          301.1    4.66455e+36    1.50507e+07
          301.2     4.7072e+36    1.50675e+07
          301.3    4.75022e+36    1.50842e+07
          301.4    4.79363e+36     1.5101e+07
          301.5    4.83743e+36    1.51178e+07
          301.6    4.88161e+36    1.51346e+07
          301.7    4.92618e+36    1.51514e+07
          301.8    4.97115e+36    1.51683e+07
          301.9    5.01651e+36    1.51851e+07
            302    5.06227e+36    1.52019e+07
          302.1    5.10844e+36    1.52188e+07
          302.2    5.15502e+36    1.52357e+07
          302.3    5.20201e+36    1.52525e+07
          302.4    5.24941e+36    1.52694e+07
          302.5    5.29724e+36    1.52863e+07
          302.6    5.34548e+36    1.53033e+07
          302.7    5.39415e+36    1.53202e+07
          302.8    5.44325e+36    1.53372e+07
          302.9    5.49279e+36    1.53541e+07
            303    5.54276e+36    1.53711e+07
          303.1    5.59317e+36    1.53881e+07
          303.2    5.64402e+36     1.5405e+07
          303.3    5.69532e+36    1.54221e+07
          303.4    5.74708e+36    1.54392e+07
          303.5    5.79929e+36    1.54562e+07
          303.6    5.85196e+36    1.54733e+07
          303.7    5.90509e+36    1.54904e+07
          303.8    5.95869e+36    1.55075e+07
          303.9    6.01276e+36    1.55246e+07
            304    6.06731e+36    1.55417e+07
          304.1    6.12234e+36    1.55589e+07
          304.2    6.17785e+36    1.55761e+07
          304.3    6.23384e+36    1.55933e+07
          304.4    6.29033e+36    1.56105e+07
          304.5    6.34732e+36    1.56277e+07
          304.6    6.40481e+36    1.56449e+07
          304.7     6.4628e+36    1.56621e+07
          304.8     6.5213e+36    1.56794e+07
          304.9    6.58031e+36    1.56967e+07
            305    6.63984e+36     1.5714e+07
          305.1    6.69989e+36    1.57313e+07
          305.2    6.76047e+36    1.57485e+07
          305.3    6.82158e+36     1.5766e+07
          305.4    6.88322e+36    1.57833e+07
          305.5     6.9454e+36    1.58006e+07
          305.6    7.00813e+36    1.58181e+07
          305.7    7.07141e+36    1.58355e+07
          305.8    7.13524e+36    1.58529e+07
          305.9    7.19963e+36    1.58704e+07
            306    7.26458e+36    1.58878e+07
          306.1     7.3301e+36    1.59052e+07
          306.2    7.39619e+36    1.59227e+07
          306.3    7.46286e+36    1.59401e+07
          306.4    7.53011e+36    1.59576e+07
          306.5    7.59795e+36    1.59752e+07
          306.6    7.66638e+36    1.59926e+07
          306.7    7.73541e+36    1.60101e+07
          306.8    7.80504e+36    1.60277e+07
          306.9    7.87528e+36    1.60451e+07
            307    7.94613e+36    1.60628e+07
          307.1     8.0176e+36    1.60803e+07
          307.2    8.08969e+36    1.60979e+07
          307.3    8.16241e+36    1.61155e+07
          307.4    8.23576e+36    1.61331e+07
          307.5    8.30975e+36    1.61507e+07
          307.6    8.38439e+36    1.61683e+07
          307.7    8.45967e+36     1.6186e+07
          307.8    8.53561e+36    1.62037e+07
          307.9    8.61221e+36    1.62213e+07
            308    8.68948e+36    1.62389e+07
          308.1    8.76742e+36    1.62567e+07
          308.2    8.84603e+36    1.62743e+07
          308.3    8.92533e+36    1.62921e+07
          308.4    9.00532e+36    1.63098e+07
          308.5      9.086e+36    1.63275e+07
          308.6    9.16738e+36    1.63452e+07
          308.7    9.24947e+36     1.6363e+07
          308.8    9.33227e+36    1.63807e+07
          308.9    9.41579e+36    1.63985e+07
            309    9.50003e+36    1.64163e+07
          309.1      9.585e+36    1.64341e+07
          309.2    9.67071e+36    1.64519e+07
          309.3    9.75717e+36    1.64697e+07
          309.4    9.84437e+36    1.64876e+07
          309.5    9.93232e+36    1.65055e+07
          309.6     1.0021e+37    1.65233e+07
          309.7    1.01105e+37    1.65412e+07
          309.8    1.02008e+37    1.65591e+07
          309.9    1.02918e+37    1.65769e+07
            310    1.03837e+37    1.65949e+07
          310.1    1.04763e+37    1.66129e+07
          310.2    1.05697e+37    1.66308e+07
          310.3    1.06639e+37    1.66488e+07
          310.4     1.0759e+37    1.66668e+07
          310.5    1.08548e+37    1.66848e+07
          310.6    1.09515e+37    1.67028e+07
          310.7    1.10491e+37    1.67209e+07
          310.8    1.11474e+37    1.67389e+07
          310.9    1.12466e+37    1.67571e+07
            311    1.13467e+37    1.67751e+07
          311.1    1.14477e+37    1.67932e+07
          311.2    1.15495e+37    1.68114e+07
          311.3    1.16521e+37    1.68295e+07
          311.4    1.17557e+37    1.68476e+07
          311.5    1.18602e+37    1.68659e+07
          311.6    1.19655e+37    1.68839e+07
          311.7    1.20718e+37    1.69022e+07
          311.8     1.2179e+37    1.69204e+07
          311.9    1.22871e+37    1.69385e+07
            312    1.23961e+37    1.69569e+07
          312.1    1.25061e+37    1.69751e+07
          312.2     1.2617e+37    1.69933e+07
          312.3    1.27289e+37    1.70117e+07
          312.4    1.28417e+37    1.70299e+07
          312.5    1.29555e+37    1.70482e+07
          312.6    1.30703e+37    1.70666e+07
          312.7     1.3186e+37    1.70849e+07
          312.8    1.33028e+37    1.71032e+07
          312.9    1.34205e+37    1.71216e+07
            313    1.35393e+37      1.714e+07
          313.1    1.36591e+37    1.71583e+07
          313.2    1.37799e+37    1.71767e+07
          313.3    1.39017e+37    1.71951e+07
          313.4    1.40246e+37    1.72135e+07
          313.5    1.41486e+37    1.72319e+07
          313.6    1.42736e+37    1.72504e+07
          313.7    1.43997e+37    1.72689e+07
          313.8    1.45268e+37    1.72873e+07
          313.9     1.4655e+37    1.73058e+07
            314    1.47844e+37    1.73243e+07
          314.1    1.49148e+37    1.73428e+07
          314.2    1.50464e+37    1.73614e+07
          314.3    1.51791e+37    1.73798e+07
          314.4    1.53129e+37    1.73984e+07
          314.5    1.54479e+37     1.7417e+07
          314.6     1.5584e+37    1.74355e+07
          314.7    1.57212e+37    1.74542e+07
          314.8    1.58597e+37    1.74728e+07
          314.9    1.59993e+37    1.74914e+07
            315    1.61401e+37    1.75101e+07
          315.1    1.62822e+37    1.75288e+07
          315.2    1.64254e+37    1.75474e+07
          315.3    1.65698e+37    1.75661e+07
          315.4    1.67155e+37    1.75849e+07
          315.5    1.68625e+37    1.76036e+07
          315.6    1.70106e+37    1.76224e+07
          315.7    1.71601e+37    1.76412e+07
          315.8    1.73108e+37    1.76599e+07
          315.9    1.74628e+37    1.76788e+07
            316    1.76161e+37    1.76976e+07
          316.1    1.77706e+37    1.77164e+07
          316.2    1.79266e+37    1.77353e+07
          316.3    1.80838e+37    1.77541e+07
          316.4    1.82423e+37     1.7773e+07
          316.5    1.84023e+37    1.77919e+07
          316.6    1.85635e+37    1.78108e+07
          316.7    1.87262e+37    1.78297e+07
          316.8    1.88902e+37    1.78487e+07
          316.9    1.90556e+37    1.78676e+07
            317    1.92224e+37    1.78866e+07
          317.1    1.93907e+37    1.79056e+07
          317.2    1.95603e+37    1.79245e+07
          317.3    1.97314e+37    1.79436e+07
          317.4     1.9904e+37    1.79626e+07
          317.5     2.0078e+37    1.79816e+07
          317.6    2.02535e+37    1.80007e+07
          317.7    2.04304e+37    1.80197e+07
          317.8    2.06089e+37    1.80388e+07
          317.9    2.07889e+37    1.80579e+07
            318    2.09704e+37    1.80769e+07
          318.1    2.11534e+37    1.80961e+07
          318.2     2.1338e+37    1.81153e+07
          318.3    2.15241e+37    1.81343e+07
          318.4    2.17119e+37    1.81536e+07
          318.5    2.19012e+37    1.81727e+07
          318.6    2.20921e+37    1.81918e+07
          318.7    2.22846e+37    1.82111e+07
          318.8    2.24787e+37    1.82303e+07
          318.9    2.26745e+37    1.82495e+07
            319     2.2872e+37    1.82687e+07
          319.1    2.30711e+37     1.8288e+07
          319.2    2.32718e+37    1.83072e+07
          319.3    2.34743e+37    1.83265e+07
          319.4    2.36785e+37    1.83458e+07
          319.5    2.38844e+37    1.83651e+07
          319.6     2.4092e+37    1.83844e+07
          319.7    2.43014e+37    1.84037e+07
          319.8    2.45126e+37     1.8423e+07
          319.9    2.47255e+37    1.84424e+07
            320    2.49402e+37    1.84617e+07
