Wells (G - ground energy, D - dissociation limit, kcal/mol):
       W         G         D
      WR     -0.01         0
      WP       -41     -37.7

Bimolecular Products (G - ground energy, kcal/mol):
                 P         G
      C5H5CH3-2+OH         0
       C5H4CH3+H2O     -37.7

Well-to-Bimolecular Barriers (H/G - barrier height/well depth, kcal/mol)
       B         H  W         G            P
      B1         0 WR     -0.01 C5H5CH3-2+OH
      B3     -37.7 WP       -41  C5H4CH3+H2O

Well-to-Well Barriers (H/G - barrier height/well depth, kcal/mol):
       B         H W1        G1 W2        G2
      B2      1.42 WR     -0.01 WP       -41

Bound Groups: dissociation barrier (name/ground energy, kcal/mol): wells (name/ground energy, kcal/mol):
     C2/-37.7:  WP/-41

     C1/0:  WR/-0.01

________________________________________________________________________________________

Names Translation Tables (<short name> - <original name>):
Wells:
   W1 - WR
   W2 - WP
Bimolecular products:
   P1 - C5H5CH3-2+OH
   P2 - C5H4CH3+H2O
Inner Barriers:
   B1 - B2
Outer Barriers:
   C1 - B1
   C2 - B3
Unimolecular Rate Units: 1/sec;  Bimolecular Rate Units: cm^3/sec

______________________________________________________________________________________

Species-Species Rate Tables:

Temperature = 500 K

High Pressure Rate Coefficients:

From\To         W1        W2        P1        P2
W1             ***  1.12e+13  9.21e+15       ***
W2        5.24e-08       ***       ***  4.42e+12
P1        1.63e-10       ***       ***       ***
P2             ***  2.66e-10       ***       ***

Temperature = 500 K    Pressure = 0.01 atm

From\To         W1        W2        P1        P2
W1             ***       ***       ***       ***
W2             ***       ***       ***       ***
P1             ***       ***  1.98e-13  1.98e-13
P2             ***       ***  3.15e-30 -7.45e-26

Temperature = 500 K    Pressure = 0.1 atm

From\To         W1        W2        P1        P2
W1             ***       ***       ***       ***
W2             ***       ***       ***       ***
P1             ***       ***  1.98e-13  1.98e-13
P2             ***       ***  3.15e-30 -3.72e-26

Temperature = 500 K    Pressure = 1 atm

From\To         W1        W2        P1        P2
W1             ***       ***       ***       ***
W2             ***       ***       ***       ***
P1             ***       ***  1.98e-13  1.98e-13
P2             ***       ***  3.15e-30 -3.72e-26

Temperature = 500 K    Pressure = 10 atm

From\To         W1        W2        P1        P2
W1             ***       ***       ***       ***
W2             ***       ***       ***       ***
P1             ***       ***  1.98e-13  1.98e-13
P2             ***       ***  3.15e-30 -3.72e-26

Temperature = 500 K    Pressure = 100 atm

From\To         W1        W2        P1        P2
W1             ***       ***       ***       ***
W2             ***       ***       ***       ***
P1             ***       ***  1.98e-13  1.98e-13
P2             ***       ***  3.15e-30 -3.72e-26

Temperature = 600 K

High Pressure Rate Coefficients:

From\To         W1        W2        P1        P2
W1             ***  1.82e+13   9.1e+15       ***
W2        5.53e-05       ***       ***  5.31e+12
P1        1.63e-10       ***       ***       ***
P2             ***  2.74e-10       ***       ***

Temperature = 600 K    Pressure = 0.01 atm

From\To         W1        W2        P1        P2
W1             ***       ***       ***       ***
W2             ***       ***       ***       ***
P1             ***       ***  3.26e-13  3.26e-13
P2             ***       ***  2.85e-27  8.21e-26

Temperature = 600 K    Pressure = 0.1 atm

From\To         W1        W2        P1        P2
W1             ***       ***       ***       ***
W2             ***       ***       ***       ***
P1             ***       ***  3.26e-13  3.26e-13
P2             ***       ***  2.85e-27  1.23e-25

Temperature = 600 K    Pressure = 1 atm

From\To         W1        W2        P1        P2
W1             ***       ***       ***       ***
W2             ***       ***       ***       ***
P1             ***       ***  3.26e-13  3.26e-13
P2             ***       ***  2.85e-27  1.64e-25

Temperature = 600 K    Pressure = 10 atm

From\To         W1        W2        P1        P2
W1             ***       ***       ***       ***
W2             ***       ***       ***       ***
P1             ***       ***  3.26e-13  3.26e-13
P2             ***       ***  2.85e-27  1.23e-25

Temperature = 600 K    Pressure = 100 atm

From\To         W1        W2        P1        P2
W1             ***       ***       ***       ***
W2             ***       ***       ***       ***
P1             ***       ***  3.26e-13  3.26e-13
P2             ***       ***  2.85e-27  1.64e-25

Temperature = 700 K

High Pressure Rate Coefficients:

From\To         W1        W2        P1        P2
W1             ***  2.58e+13  8.66e+15       ***
W2         0.00775       ***       ***  5.62e+12
P1        1.64e-10       ***       ***       ***
P2             ***  2.81e-10       ***       ***

Temperature = 700 K    Pressure = 0.01 atm

From\To         W1        W2        P1        P2
W1             ***       ***       ***       ***
W2             ***       ***       ***       ***
P1             ***       ***  4.87e-13  4.87e-13
P2             ***       ***  3.87e-25  3.58e-25

Temperature = 700 K    Pressure = 0.1 atm

From\To         W1        W2        P1        P2
W1             ***       ***       ***       ***
W2             ***       ***       ***       ***
P1             ***       ***  4.87e-13  4.87e-13
P2             ***       ***  3.87e-25  4.48e-25

Temperature = 700 K    Pressure = 1 atm

From\To         W1        W2        P1        P2
W1             ***       ***       ***       ***
W2             ***       ***       ***       ***
P1             ***       ***  4.87e-13  4.87e-13
P2             ***       ***  3.87e-25  4.48e-25

Temperature = 700 K    Pressure = 10 atm

From\To         W1        W2        P1        P2
W1             ***       ***       ***       ***
W2             ***       ***       ***       ***
P1             ***       ***  4.87e-13  4.87e-13
P2             ***       ***  3.87e-25  4.93e-25

Temperature = 700 K    Pressure = 100 atm

From\To         W1        W2        P1        P2
W1             ***       ***       ***       ***
W2             ***       ***       ***       ***
P1             ***       ***  4.87e-13  4.87e-13
P2             ***       ***  3.87e-25  3.58e-25

Temperature = 800 K

High Pressure Rate Coefficients:

From\To         W1        W2        P1        P2
W1             ***  3.34e+13  8.04e+15       ***
W2           0.309       ***       ***  5.53e+12
P1        1.65e-10       ***       ***       ***
P2             ***  2.88e-10       ***       ***

Temperature = 800 K    Pressure = 0.01 atm

From\To         W1        W2        P1        P2
W1             ***       ***       ***       ***
W2             ***       ***       ***       ***
P1             ***       ***  6.82e-13  6.82e-13
P2             ***       ***   1.6e-23  1.62e-23

Temperature = 800 K    Pressure = 0.1 atm

From\To         W1        W2        P1        P2
W1             ***       ***       ***       ***
W2             ***       ***       ***       ***
P1             ***       ***  6.82e-13  6.82e-13
P2             ***       ***   1.6e-23  1.62e-23

Temperature = 800 K    Pressure = 1 atm

From\To         W1        W2        P1        P2
W1             ***       ***       ***       ***
W2             ***       ***       ***       ***
P1             ***       ***  6.82e-13  6.82e-13
P2             ***       ***   1.6e-23  1.62e-23

Temperature = 800 K    Pressure = 10 atm

From\To         W1        W2        P1        P2
W1             ***       ***       ***       ***
W2             ***       ***       ***       ***
P1             ***       ***  6.82e-13  6.82e-13
P2             ***       ***   1.6e-23  1.62e-23

Temperature = 800 K    Pressure = 100 atm

From\To         W1        W2        P1        P2
W1             ***       ***       ***       ***
W2             ***       ***       ***       ***
P1             ***       ***  6.82e-13  6.82e-13
P2             ***       ***   1.6e-23  1.62e-23

Temperature = 900 K

High Pressure Rate Coefficients:

From\To         W1        W2        P1        P2
W1             ***  4.07e+13  7.37e+15       ***
W2            5.36       ***       ***  5.23e+12
P1        1.66e-10       ***       ***       ***
P2             ***  2.94e-10       ***       ***

Temperature = 900 K    Pressure = 0.01 atm

From\To         W1        W2        P1        P2
W1             ***       ***       ***       ***
W2             ***       ***       ***       ***
P1             ***       ***  9.11e-13  9.11e-13
P2             ***       ***  2.99e-22  2.99e-22

Temperature = 900 K    Pressure = 0.1 atm

From\To         W1        W2        P1        P2
W1             ***       ***       ***       ***
W2             ***       ***       ***       ***
P1             ***       ***  9.11e-13  9.11e-13
P2             ***       ***  2.99e-22  2.99e-22

Temperature = 900 K    Pressure = 1 atm

From\To         W1        W2        P1        P2
W1             ***       ***       ***       ***
W2             ***       ***       ***       ***
P1             ***       ***  9.11e-13  9.11e-13
P2             ***       ***  2.99e-22  2.99e-22

Temperature = 900 K    Pressure = 10 atm

From\To         W1        W2        P1        P2
W1             ***       ***       ***       ***
W2             ***       ***       ***       ***
P1             ***       ***  9.11e-13  9.11e-13
P2             ***       ***  2.99e-22  2.99e-22

Temperature = 900 K    Pressure = 100 atm

From\To         W1        W2        P1        P2
W1             ***       ***       ***       ***
W2             ***       ***       ***       ***
P1             ***       ***  9.11e-13  9.11e-13
P2             ***       ***  2.99e-22  2.99e-22

Temperature = 1e+03 K

High Pressure Rate Coefficients:

From\To         W1        W2        P1        P2
W1             ***  4.73e+13  6.69e+15       ***
W2            51.9       ***       ***  4.82e+12
P1        1.67e-10       ***       ***       ***
P2             ***  2.99e-10       ***       ***

Temperature = 1e+03 K    Pressure = 0.01 atm

From\To         W1        W2        P1        P2
W1             ***       ***       ***       ***
W2             ***       ***       ***       ***
P1             ***       ***  1.17e-12  1.17e-12
P2             ***       ***  3.19e-21  3.19e-21

Temperature = 1e+03 K    Pressure = 0.1 atm

From\To         W1        W2        P1        P2
W1             ***       ***       ***       ***
W2             ***       ***       ***       ***
P1             ***       ***  1.17e-12  1.17e-12
P2             ***       ***  3.19e-21  3.19e-21

Temperature = 1e+03 K    Pressure = 1 atm

From\To         W1        W2        P1        P2
W1             ***       ***       ***       ***
W2             ***       ***       ***       ***
P1             ***       ***  1.17e-12  1.17e-12
P2             ***       ***  3.19e-21  3.19e-21

Temperature = 1e+03 K    Pressure = 10 atm

From\To         W1        W2        P1        P2
W1             ***       ***       ***       ***
W2             ***       ***       ***       ***
P1             ***       ***  1.17e-12  1.17e-12
P2             ***       ***  3.19e-21  3.19e-21

Temperature = 1e+03 K    Pressure = 100 atm

From\To         W1        W2        P1        P2
W1             ***       ***       ***       ***
W2             ***       ***       ***       ***
P1             ***       ***  1.17e-12  1.17e-12
P2             ***       ***  3.19e-21  3.19e-21

Temperature = 1.1e+03 K

High Pressure Rate Coefficients:

From\To         W1        W2        P1        P2
W1             ***  5.32e+13  6.05e+15       ***
W2             330       ***       ***  4.37e+12
P1        1.69e-10       ***       ***       ***
P2             ***  3.04e-10       ***       ***

Temperature = 1.1e+03 K    Pressure = 0.01 atm

From\To         W1        W2        P1        P2
W1             ***       ***       ***       ***
W2             ***       ***       ***       ***
P1             ***       ***  1.47e-12  1.47e-12
P2             ***       ***  2.26e-20  2.26e-20

Temperature = 1.1e+03 K    Pressure = 0.1 atm

From\To         W1        W2        P1        P2
W1             ***       ***       ***       ***
W2             ***       ***       ***       ***
P1             ***       ***  1.47e-12  1.47e-12
P2             ***       ***  2.26e-20  2.26e-20

Temperature = 1.1e+03 K    Pressure = 1 atm

From\To         W1        W2        P1        P2
W1             ***       ***       ***       ***
W2             ***       ***       ***       ***
P1             ***       ***  1.47e-12  1.47e-12
P2             ***       ***  2.26e-20  2.26e-20

Temperature = 1.1e+03 K    Pressure = 10 atm

From\To         W1        W2        P1        P2
W1             ***       ***       ***       ***
W2             ***       ***       ***       ***
P1             ***       ***  1.47e-12  1.47e-12
P2             ***       ***  2.26e-20  2.26e-20

Temperature = 1.1e+03 K    Pressure = 100 atm

From\To         W1        W2        P1        P2
W1             ***       ***       ***       ***
W2             ***       ***       ***       ***
P1             ***       ***  1.47e-12  1.47e-12
P2             ***       ***  2.26e-20  2.26e-20

Temperature = 1.2e+03 K

High Pressure Rate Coefficients:

From\To         W1        W2        P1        P2
W1             ***  5.84e+13  5.46e+15       ***
W2        1.53e+03       ***       ***  3.94e+12
P1         1.7e-10       ***       ***       ***
P2             ***  3.08e-10       ***       ***

Temperature = 1.2e+03 K    Pressure = 0.01 atm

From\To         W1        W2        P1        P2
W1             ***       ***       ***       ***
W2             ***       ***       ***       ***
P1             ***       ***  1.79e-12  1.79e-12
P2             ***       ***  1.18e-19  1.18e-19

Temperature = 1.2e+03 K    Pressure = 0.1 atm

From\To         W1        W2        P1        P2
W1             ***       ***       ***       ***
W2             ***       ***       ***       ***
P1             ***       ***  1.79e-12  1.79e-12
P2             ***       ***  1.18e-19  1.18e-19

Temperature = 1.2e+03 K    Pressure = 1 atm

From\To         W1        W2        P1        P2
W1             ***       ***       ***       ***
W2             ***       ***       ***       ***
P1             ***       ***  1.79e-12  1.79e-12
P2             ***       ***  1.18e-19  1.18e-19

Temperature = 1.2e+03 K    Pressure = 10 atm

From\To         W1        W2        P1        P2
W1             ***       ***       ***       ***
W2             ***       ***       ***       ***
P1             ***       ***  1.79e-12  1.79e-12
P2             ***       ***  1.18e-19  1.18e-19

Temperature = 1.2e+03 K    Pressure = 100 atm

From\To         W1        W2        P1        P2
W1             ***       ***       ***       ***
W2             ***       ***       ***       ***
P1             ***       ***  1.79e-12  1.79e-12
P2             ***       ***  1.18e-19  1.18e-19

Temperature = 1.3e+03 K

High Pressure Rate Coefficients:

From\To         W1        W2        P1        P2
W1             ***  6.29e+13  4.93e+15       ***
W2        5.55e+03       ***       ***  3.53e+12
P1        1.71e-10       ***       ***       ***
P2             ***  3.12e-10       ***       ***

Temperature = 1.3e+03 K    Pressure = 0.01 atm

From\To         W1        W2        P1        P2
W1             ***       ***       ***       ***
W2             ***       ***       ***       ***
P1             ***       ***  2.15e-12  2.15e-12
P2             ***       ***  4.84e-19  4.84e-19

Temperature = 1.3e+03 K    Pressure = 0.1 atm

From\To         W1        W2        P1        P2
W1             ***       ***       ***       ***
W2             ***       ***       ***       ***
P1             ***       ***  2.15e-12  2.15e-12
P2             ***       ***  4.84e-19  4.84e-19

Temperature = 1.3e+03 K    Pressure = 1 atm

From\To         W1        W2        P1        P2
W1             ***       ***       ***       ***
W2             ***       ***       ***       ***
P1             ***       ***  2.15e-12  2.15e-12
P2             ***       ***  4.84e-19  4.84e-19

Temperature = 1.3e+03 K    Pressure = 10 atm

From\To         W1        W2        P1        P2
W1             ***       ***       ***       ***
W2             ***       ***       ***       ***
P1             ***       ***  2.15e-12  2.15e-12
P2             ***       ***  4.84e-19  4.84e-19

Temperature = 1.3e+03 K    Pressure = 100 atm

From\To         W1        W2        P1        P2
W1             ***       ***       ***       ***
W2             ***       ***       ***       ***
P1             ***       ***  2.15e-12  2.15e-12
P2             ***       ***  4.84e-19  4.84e-19

Temperature = 1.4e+03 K

High Pressure Rate Coefficients:

From\To         W1        W2        P1        P2
W1             ***  6.68e+13  4.45e+15       ***
W2        1.67e+04       ***       ***  3.15e+12
P1        1.73e-10       ***       ***       ***
P2             ***  3.16e-10       ***       ***

Temperature = 1.4e+03 K    Pressure = 0.01 atm

From\To         W1        W2        P1        P2
W1             ***       ***       ***       ***
W2             ***       ***       ***       ***
P1             ***       ***  2.55e-12  2.55e-12
P2             ***       ***  1.65e-18  1.65e-18

Temperature = 1.4e+03 K    Pressure = 0.1 atm

From\To         W1        W2        P1        P2
W1             ***       ***       ***       ***
W2             ***       ***       ***       ***
P1             ***       ***  2.55e-12  2.55e-12
P2             ***       ***  1.65e-18  1.65e-18

Temperature = 1.4e+03 K    Pressure = 1 atm

From\To         W1        W2        P1        P2
W1             ***       ***       ***       ***
W2             ***       ***       ***       ***
P1             ***       ***  2.55e-12  2.55e-12
P2             ***       ***  1.65e-18  1.65e-18

Temperature = 1.4e+03 K    Pressure = 10 atm

From\To         W1        W2        P1        P2
W1             ***       ***       ***       ***
W2             ***       ***       ***       ***
P1             ***       ***  2.55e-12  2.55e-12
P2             ***       ***  1.65e-18  1.65e-18

Temperature = 1.4e+03 K    Pressure = 100 atm

From\To         W1        W2        P1        P2
W1             ***       ***       ***       ***
W2             ***       ***       ***       ***
P1             ***       ***  2.55e-12  2.55e-12
P2             ***       ***  1.65e-18  1.65e-18

Temperature = 1.5e+03 K

High Pressure Rate Coefficients:

From\To         W1        W2        P1        P2
W1             ***  7.02e+13  4.02e+15       ***
W2        4.33e+04       ***       ***  2.81e+12
P1        1.74e-10       ***       ***       ***
P2             ***   3.2e-10       ***       ***

Temperature = 1.5e+03 K    Pressure = 0.01 atm

From\To         W1        W2        P1        P2
W1             ***       ***       ***       ***
W2             ***       ***       ***       ***
P1             ***       ***  2.97e-12  2.97e-12
P2             ***       ***  4.83e-18  4.83e-18

Temperature = 1.5e+03 K    Pressure = 0.1 atm

From\To         W1        W2        P1        P2
W1             ***       ***       ***       ***
W2             ***       ***       ***       ***
P1             ***       ***  2.97e-12  2.97e-12
P2             ***       ***  4.83e-18  4.83e-18

Temperature = 1.5e+03 K    Pressure = 1 atm

From\To         W1        W2        P1        P2
W1             ***       ***       ***       ***
W2             ***       ***       ***       ***
P1             ***       ***  2.97e-12  2.97e-12
P2             ***       ***  4.83e-18  4.83e-18

Temperature = 1.5e+03 K    Pressure = 10 atm

From\To         W1        W2        P1        P2
W1             ***       ***       ***       ***
W2             ***       ***       ***       ***
P1             ***       ***  2.97e-12  2.97e-12
P2             ***       ***  4.83e-18  4.83e-18

Temperature = 1.5e+03 K    Pressure = 100 atm

From\To         W1        W2        P1        P2
W1             ***       ***       ***       ***
W2             ***       ***       ***       ***
P1             ***       ***  2.97e-12  2.97e-12
P2             ***       ***  4.83e-18  4.83e-18

Temperature = 1.6e+03 K

High Pressure Rate Coefficients:

From\To         W1        W2        P1        P2
W1             ***   7.3e+13  3.64e+15       ***
W2        9.94e+04       ***       ***  2.51e+12
P1        1.75e-10       ***       ***       ***
P2             ***  3.23e-10       ***       ***

Temperature = 1.6e+03 K    Pressure = 0.01 atm

From\To         W1        W2        P1        P2
W1             ***       ***       ***       ***
W2             ***       ***       ***       ***
P1             ***       ***  3.43e-12  3.43e-12
P2             ***       ***  1.25e-17  1.25e-17

Temperature = 1.6e+03 K    Pressure = 0.1 atm

From\To         W1        W2        P1        P2
W1             ***       ***       ***       ***
W2             ***       ***       ***       ***
P1             ***       ***  3.43e-12  3.43e-12
P2             ***       ***  1.25e-17  1.25e-17

Temperature = 1.6e+03 K    Pressure = 1 atm

From\To         W1        W2        P1        P2
W1             ***       ***       ***       ***
W2             ***       ***       ***       ***
P1             ***       ***  3.43e-12  3.43e-12
P2             ***       ***  1.25e-17  1.25e-17

Temperature = 1.6e+03 K    Pressure = 10 atm

From\To         W1        W2        P1        P2
W1             ***       ***       ***       ***
W2             ***       ***       ***       ***
P1             ***       ***  3.43e-12  3.43e-12
P2             ***       ***  1.25e-17  1.25e-17

Temperature = 1.6e+03 K    Pressure = 100 atm

From\To         W1        W2        P1        P2
W1             ***       ***       ***       ***
W2             ***       ***       ***       ***
P1             ***       ***  3.43e-12  3.43e-12
P2             ***       ***  1.25e-17  1.25e-17

Temperature = 1.7e+03 K

High Pressure Rate Coefficients:

From\To         W1        W2        P1        P2
W1             ***  7.55e+13   3.3e+15       ***
W2        2.06e+05       ***       ***  2.25e+12
P1        1.76e-10       ***       ***       ***
P2             ***  3.27e-10       ***       ***

Temperature = 1.7e+03 K    Pressure = 0.01 atm

From\To         W1        W2        P1        P2
W1             ***       ***       ***       ***
W2             ***       ***       ***       ***
P1             ***       ***  3.93e-12  3.93e-12
P2             ***       ***  2.92e-17  2.92e-17

Temperature = 1.7e+03 K    Pressure = 0.1 atm

From\To         W1        W2        P1        P2
W1             ***       ***       ***       ***
W2             ***       ***       ***       ***
P1             ***       ***  3.93e-12  3.93e-12
P2             ***       ***  2.92e-17  2.92e-17

Temperature = 1.7e+03 K    Pressure = 1 atm

From\To         W1        W2        P1        P2
W1             ***       ***       ***       ***
W2             ***       ***       ***       ***
P1             ***       ***  3.93e-12  3.93e-12
P2             ***       ***  2.92e-17  2.92e-17

Temperature = 1.7e+03 K    Pressure = 10 atm

From\To         W1        W2        P1        P2
W1             ***       ***       ***       ***
W2             ***       ***       ***       ***
P1             ***       ***  3.93e-12  3.93e-12
P2             ***       ***  2.92e-17  2.92e-17

Temperature = 1.7e+03 K    Pressure = 100 atm

From\To         W1        W2        P1        P2
W1             ***       ***       ***       ***
W2             ***       ***       ***       ***
P1             ***       ***  3.93e-12  3.93e-12
P2             ***       ***  2.92e-17  2.92e-17

Temperature = 1.8e+03 K

High Pressure Rate Coefficients:

From\To         W1        W2        P1        P2
W1             ***  7.76e+13     3e+15       ***
W2        3.94e+05       ***       ***  2.01e+12
P1        1.77e-10       ***       ***       ***
P2             ***   3.3e-10       ***       ***

Temperature = 1.8e+03 K    Pressure = 0.01 atm

From\To         W1        W2        P1        P2
W1             ***       ***       ***       ***
W2             ***       ***       ***       ***
P1             ***       ***  4.45e-12  4.45e-12
P2             ***       ***  6.27e-17  6.27e-17

Temperature = 1.8e+03 K    Pressure = 0.1 atm

From\To         W1        W2        P1        P2
W1             ***       ***       ***       ***
W2             ***       ***       ***       ***
P1             ***       ***  4.45e-12  4.45e-12
P2             ***       ***  6.27e-17  6.27e-17

Temperature = 1.8e+03 K    Pressure = 1 atm

From\To         W1        W2        P1        P2
W1             ***       ***       ***       ***
W2             ***       ***       ***       ***
P1             ***       ***  4.45e-12  4.45e-12
P2             ***       ***  6.27e-17  6.27e-17

Temperature = 1.8e+03 K    Pressure = 10 atm

From\To         W1        W2        P1        P2
W1             ***       ***       ***       ***
W2             ***       ***       ***       ***
P1             ***       ***  4.45e-12  4.45e-12
P2             ***       ***  6.27e-17  6.27e-17

Temperature = 1.8e+03 K    Pressure = 100 atm

From\To         W1        W2        P1        P2
W1             ***       ***       ***       ***
W2             ***       ***       ***       ***
P1             ***       ***  4.45e-12  4.45e-12
P2             ***       ***  6.27e-17  6.27e-17

Temperature = 1.9e+03 K

High Pressure Rate Coefficients:

From\To         W1        W2        P1        P2
W1             ***  7.94e+13  2.73e+15       ***
W2        7.02e+05       ***       ***  1.81e+12
P1        1.78e-10       ***       ***       ***
P2             ***  3.33e-10       ***       ***

Temperature = 1.9e+03 K    Pressure = 0.01 atm

From\To         W1        W2        P1        P2
W1             ***       ***       ***       ***
W2             ***       ***       ***       ***
P1             ***       ***  5.02e-12  5.02e-12
P2             ***       ***  1.25e-16  1.25e-16

Temperature = 1.9e+03 K    Pressure = 0.1 atm

From\To         W1        W2        P1        P2
W1             ***       ***       ***       ***
W2             ***       ***       ***       ***
P1             ***       ***  5.02e-12  5.02e-12
P2             ***       ***  1.25e-16  1.25e-16

Temperature = 1.9e+03 K    Pressure = 1 atm

From\To         W1        W2        P1        P2
W1             ***       ***       ***       ***
W2             ***       ***       ***       ***
P1             ***       ***  5.02e-12  5.02e-12
P2             ***       ***  1.25e-16  1.25e-16

Temperature = 1.9e+03 K    Pressure = 10 atm

From\To         W1        W2        P1        P2
W1             ***       ***       ***       ***
W2             ***       ***       ***       ***
P1             ***       ***  5.02e-12  5.02e-12
P2             ***       ***  1.25e-16  1.25e-16

Temperature = 1.9e+03 K    Pressure = 100 atm

From\To         W1        W2        P1        P2
W1             ***       ***       ***       ***
W2             ***       ***       ***       ***
P1             ***       ***  5.02e-12  5.02e-12
P2             ***       ***  1.25e-16  1.25e-16

Temperature = 2e+03 K

High Pressure Rate Coefficients:

From\To         W1        W2        P1        P2
W1             ***  8.09e+13  2.49e+15       ***
W2        1.18e+06       ***       ***  1.63e+12
P1        1.79e-10       ***       ***       ***
P2             ***  3.36e-10       ***       ***

Temperature = 2e+03 K    Pressure = 0.01 atm

From\To         W1        W2        P1        P2
W1             ***       ***       ***       ***
W2             ***       ***       ***       ***
P1             ***       ***  5.61e-12  5.61e-12
P2             ***       ***  2.35e-16  2.35e-16

Temperature = 2e+03 K    Pressure = 0.1 atm

From\To         W1        W2        P1        P2
W1             ***       ***       ***       ***
W2             ***       ***       ***       ***
P1             ***       ***  5.61e-12  5.61e-12
P2             ***       ***  2.35e-16  2.35e-16

Temperature = 2e+03 K    Pressure = 1 atm

From\To         W1        W2        P1        P2
W1             ***       ***       ***       ***
W2             ***       ***       ***       ***
P1             ***       ***  5.61e-12  5.61e-12
P2             ***       ***  2.35e-16  2.35e-16

Temperature = 2e+03 K    Pressure = 10 atm

From\To         W1        W2        P1        P2
W1             ***       ***       ***       ***
W2             ***       ***       ***       ***
P1             ***       ***  5.61e-12  5.61e-12
P2             ***       ***  2.35e-16  2.35e-16

Temperature = 2e+03 K    Pressure = 100 atm

From\To         W1        W2        P1        P2
W1             ***       ***       ***       ***
W2             ***       ***       ***       ***
P1             ***       ***  5.61e-12  5.61e-12
P2             ***       ***  2.35e-16  2.35e-16

Temperature = 2.1e+03 K

High Pressure Rate Coefficients:

From\To         W1        W2        P1        P2
W1             ***  8.21e+13  2.28e+15       ***
W2        1.88e+06       ***       ***  1.46e+12
P1         1.8e-10       ***       ***       ***
P2             ***  3.39e-10       ***       ***

Temperature = 2.1e+03 K    Pressure = 0.01 atm

From\To         W1        W2        P1        P2
W1             ***       ***       ***       ***
W2             ***       ***       ***       ***
P1             ***       ***  6.24e-12  6.24e-12
P2             ***       ***  4.17e-16  4.17e-16

Temperature = 2.1e+03 K    Pressure = 0.1 atm

From\To         W1        W2        P1        P2
W1             ***       ***       ***       ***
W2             ***       ***       ***       ***
P1             ***       ***  6.24e-12  6.24e-12
P2             ***       ***  4.17e-16  4.17e-16

Temperature = 2.1e+03 K    Pressure = 1 atm

From\To         W1        W2        P1        P2
W1             ***       ***       ***       ***
W2             ***       ***       ***       ***
P1             ***       ***  6.24e-12  6.24e-12
P2             ***       ***  4.17e-16  4.17e-16

Temperature = 2.1e+03 K    Pressure = 10 atm

From\To         W1        W2        P1        P2
W1             ***       ***       ***       ***
W2             ***       ***       ***       ***
P1             ***       ***  6.24e-12  6.24e-12
P2             ***       ***  4.17e-16  4.17e-16

Temperature = 2.1e+03 K    Pressure = 100 atm

From\To         W1        W2        P1        P2
W1             ***       ***       ***       ***
W2             ***       ***       ***       ***
P1             ***       ***  6.24e-12  6.24e-12
P2             ***       ***  4.17e-16  4.17e-16

Temperature = 2.2e+03 K

High Pressure Rate Coefficients:

From\To         W1        W2        P1        P2
W1             ***  8.31e+13  2.09e+15       ***
W2        2.87e+06       ***       ***  1.32e+12
P1        1.82e-10       ***       ***       ***
P2             ***  3.41e-10       ***       ***

Temperature = 2.2e+03 K    Pressure = 0.01 atm

From\To         W1        W2        P1        P2
W1             ***       ***       ***       ***
W2             ***       ***       ***       ***
P1             ***       ***   6.9e-12   6.9e-12
P2             ***       ***  7.08e-16  7.08e-16

Temperature = 2.2e+03 K    Pressure = 0.1 atm

From\To         W1        W2        P1        P2
W1             ***       ***       ***       ***
W2             ***       ***       ***       ***
P1             ***       ***   6.9e-12   6.9e-12
P2             ***       ***  7.08e-16  7.08e-16

Temperature = 2.2e+03 K    Pressure = 1 atm

From\To         W1        W2        P1        P2
W1             ***       ***       ***       ***
W2             ***       ***       ***       ***
P1             ***       ***   6.9e-12   6.9e-12
P2             ***       ***  7.08e-16  7.08e-16

Temperature = 2.2e+03 K    Pressure = 10 atm

From\To         W1        W2        P1        P2
W1             ***       ***       ***       ***
W2             ***       ***       ***       ***
P1             ***       ***   6.9e-12   6.9e-12
P2             ***       ***  7.08e-16  7.08e-16

Temperature = 2.2e+03 K    Pressure = 100 atm

From\To         W1        W2        P1        P2
W1             ***       ***       ***       ***
W2             ***       ***       ***       ***
P1             ***       ***   6.9e-12   6.9e-12
P2             ***       ***  7.08e-16  7.08e-16

Temperature = 2.3e+03 K

High Pressure Rate Coefficients:

From\To         W1        W2        P1        P2
W1             ***  8.39e+13  1.92e+15       ***
W2        4.21e+06       ***       ***   1.2e+12
P1        1.83e-10       ***       ***       ***
P2             ***  3.44e-10       ***       ***

Temperature = 2.3e+03 K    Pressure = 0.01 atm

From\To         W1        W2        P1        P2
W1             ***       ***       ***       ***
W2             ***       ***       ***       ***
P1             ***       ***   7.6e-12   7.6e-12
P2             ***       ***  1.15e-15  1.15e-15

Temperature = 2.3e+03 K    Pressure = 0.1 atm

From\To         W1        W2        P1        P2
W1             ***       ***       ***       ***
W2             ***       ***       ***       ***
P1             ***       ***   7.6e-12   7.6e-12
P2             ***       ***  1.15e-15  1.15e-15

Temperature = 2.3e+03 K    Pressure = 1 atm

From\To         W1        W2        P1        P2
W1             ***       ***       ***       ***
W2             ***       ***       ***       ***
P1             ***       ***   7.6e-12   7.6e-12
P2             ***       ***  1.15e-15  1.15e-15

Temperature = 2.3e+03 K    Pressure = 10 atm

From\To         W1        W2        P1        P2
W1             ***       ***       ***       ***
W2             ***       ***       ***       ***
P1             ***       ***   7.6e-12   7.6e-12
P2             ***       ***  1.15e-15  1.15e-15

Temperature = 2.3e+03 K    Pressure = 100 atm

From\To         W1        W2        P1        P2
W1             ***       ***       ***       ***
W2             ***       ***       ***       ***
P1             ***       ***   7.6e-12   7.6e-12
P2             ***       ***  1.15e-15  1.15e-15

Temperature = 2.4e+03 K

High Pressure Rate Coefficients:

From\To         W1        W2        P1        P2
W1             ***  8.45e+13  1.77e+15       ***
W2        5.98e+06       ***       ***  1.09e+12
P1        1.83e-10       ***       ***       ***
P2             ***  3.46e-10       ***       ***

Temperature = 2.4e+03 K    Pressure = 0.01 atm

From\To         W1        W2        P1        P2
W1             ***       ***       ***       ***
W2             ***       ***       ***       ***
P1             ***       ***  8.32e-12  8.32e-12
P2             ***       ***  1.81e-15  1.81e-15

Temperature = 2.4e+03 K    Pressure = 0.1 atm

From\To         W1        W2        P1        P2
W1             ***       ***       ***       ***
W2             ***       ***       ***       ***
P1             ***       ***  8.32e-12  8.32e-12
P2             ***       ***  1.81e-15  1.81e-15

Temperature = 2.4e+03 K    Pressure = 1 atm

From\To         W1        W2        P1        P2
W1             ***       ***       ***       ***
W2             ***       ***       ***       ***
P1             ***       ***  8.32e-12  8.32e-12
P2             ***       ***  1.81e-15  1.81e-15

Temperature = 2.4e+03 K    Pressure = 10 atm

From\To         W1        W2        P1        P2
W1             ***       ***       ***       ***
W2             ***       ***       ***       ***
P1             ***       ***  8.32e-12  8.32e-12
P2             ***       ***  1.81e-15  1.81e-15

Temperature = 2.4e+03 K    Pressure = 100 atm

From\To         W1        W2        P1        P2
W1             ***       ***       ***       ***
W2             ***       ***       ***       ***
P1             ***       ***  8.32e-12  8.32e-12
P2             ***       ***  1.81e-15  1.81e-15

Temperature = 2.5e+03 K

High Pressure Rate Coefficients:

From\To         W1        W2        P1        P2
W1             ***   8.5e+13  1.63e+15       ***
W2        8.25e+06       ***       ***  9.88e+11
P1        1.84e-10       ***       ***       ***
P2             ***  3.49e-10       ***       ***

Temperature = 2.5e+03 K    Pressure = 0.01 atm

From\To         W1        W2        P1        P2
W1             ***       ***       ***       ***
W2             ***       ***       ***       ***
P1             ***       ***  9.07e-12  9.07e-12
P2             ***       ***  2.75e-15  2.75e-15

Temperature = 2.5e+03 K    Pressure = 0.1 atm

From\To         W1        W2        P1        P2
W1             ***       ***       ***       ***
W2             ***       ***       ***       ***
P1             ***       ***  9.07e-12  9.07e-12
P2             ***       ***  2.75e-15  2.75e-15

Temperature = 2.5e+03 K    Pressure = 1 atm

From\To         W1        W2        P1        P2
W1             ***       ***       ***       ***
W2             ***       ***       ***       ***
P1             ***       ***  9.07e-12  9.07e-12
P2             ***       ***  2.75e-15  2.75e-15

Temperature = 2.5e+03 K    Pressure = 10 atm

From\To         W1        W2        P1        P2
W1             ***       ***       ***       ***
W2             ***       ***       ***       ***
P1             ***       ***  9.07e-12  9.07e-12
P2             ***       ***  2.75e-15  2.75e-15

Temperature = 2.5e+03 K    Pressure = 100 atm

From\To         W1        W2        P1        P2
W1             ***       ***       ***       ***
W2             ***       ***       ***       ***
P1             ***       ***  9.07e-12  9.07e-12
P2             ***       ***  2.75e-15  2.75e-15

______________________________________________________________________________________

High Pressure Rate Coefficients (Temperature-Species Rate Tables):

Reactant = W1
   T(K)        W1        W2        P1        P2
    500       ***  1.12e+13  9.21e+15       ***
    600       ***  1.82e+13   9.1e+15       ***
    700       ***  2.58e+13  8.66e+15       ***
    800       ***  3.34e+13  8.04e+15       ***
    900       ***  4.07e+13  7.37e+15       ***
  1e+03       ***  4.73e+13  6.69e+15       ***
1.1e+03       ***  5.32e+13  6.05e+15       ***
1.2e+03       ***  5.84e+13  5.46e+15       ***
1.3e+03       ***  6.29e+13  4.93e+15       ***
1.4e+03       ***  6.68e+13  4.45e+15       ***
1.5e+03       ***  7.02e+13  4.02e+15       ***
1.6e+03       ***   7.3e+13  3.64e+15       ***
1.7e+03       ***  7.55e+13   3.3e+15       ***
1.8e+03       ***  7.76e+13     3e+15       ***
1.9e+03       ***  7.94e+13  2.73e+15       ***
  2e+03       ***  8.09e+13  2.49e+15       ***
2.1e+03       ***  8.21e+13  2.28e+15       ***
2.2e+03       ***  8.31e+13  2.09e+15       ***
2.3e+03       ***  8.39e+13  1.92e+15       ***
2.4e+03       ***  8.45e+13  1.77e+15       ***
2.5e+03       ***   8.5e+13  1.63e+15       ***

Reactant = W2
   T(K)        W1        W2        P1        P2
    500  5.24e-08       ***       ***  4.42e+12
    600  5.53e-05       ***       ***  5.31e+12
    700   0.00775       ***       ***  5.62e+12
    800     0.309       ***       ***  5.53e+12
    900      5.36       ***       ***  5.23e+12
  1e+03      51.9       ***       ***  4.82e+12
1.1e+03       330       ***       ***  4.37e+12
1.2e+03  1.53e+03       ***       ***  3.94e+12
1.3e+03  5.55e+03       ***       ***  3.53e+12
1.4e+03  1.67e+04       ***       ***  3.15e+12
1.5e+03  4.33e+04       ***       ***  2.81e+12
1.6e+03  9.94e+04       ***       ***  2.51e+12
1.7e+03  2.06e+05       ***       ***  2.25e+12
1.8e+03  3.94e+05       ***       ***  2.01e+12
1.9e+03  7.02e+05       ***       ***  1.81e+12
  2e+03  1.18e+06       ***       ***  1.63e+12
2.1e+03  1.88e+06       ***       ***  1.46e+12
2.2e+03  2.87e+06       ***       ***  1.32e+12
2.3e+03  4.21e+06       ***       ***   1.2e+12
2.4e+03  5.98e+06       ***       ***  1.09e+12
2.5e+03  8.25e+06       ***       ***  9.88e+11

Reactant = P1
   T(K)        W1        W2        P1        P2
    500  1.63e-10       ***       ***       ***
    600  1.63e-10       ***       ***       ***
    700  1.64e-10       ***       ***       ***
    800  1.65e-10       ***       ***       ***
    900  1.66e-10       ***       ***       ***
  1e+03  1.67e-10       ***       ***       ***
1.1e+03  1.69e-10       ***       ***       ***
1.2e+03   1.7e-10       ***       ***       ***
1.3e+03  1.71e-10       ***       ***       ***
1.4e+03  1.73e-10       ***       ***       ***
1.5e+03  1.74e-10       ***       ***       ***
1.6e+03  1.75e-10       ***       ***       ***
1.7e+03  1.76e-10       ***       ***       ***
1.8e+03  1.77e-10       ***       ***       ***
1.9e+03  1.78e-10       ***       ***       ***
  2e+03  1.79e-10       ***       ***       ***
2.1e+03   1.8e-10       ***       ***       ***
2.2e+03  1.82e-10       ***       ***       ***
2.3e+03  1.83e-10       ***       ***       ***
2.4e+03  1.83e-10       ***       ***       ***
2.5e+03  1.84e-10       ***       ***       ***

Reactant = P2
   T(K)        W1        W2        P1        P2
    500       ***  2.66e-10       ***       ***
    600       ***  2.74e-10       ***       ***
    700       ***  2.81e-10       ***       ***
    800       ***  2.88e-10       ***       ***
    900       ***  2.94e-10       ***       ***
  1e+03       ***  2.99e-10       ***       ***
1.1e+03       ***  3.04e-10       ***       ***
1.2e+03       ***  3.08e-10       ***       ***
1.3e+03       ***  3.12e-10       ***       ***
1.4e+03       ***  3.16e-10       ***       ***
1.5e+03       ***   3.2e-10       ***       ***
1.6e+03       ***  3.23e-10       ***       ***
1.7e+03       ***  3.27e-10       ***       ***
1.8e+03       ***   3.3e-10       ***       ***
1.9e+03       ***  3.33e-10       ***       ***
  2e+03       ***  3.36e-10       ***       ***
2.1e+03       ***  3.39e-10       ***       ***
2.2e+03       ***  3.41e-10       ***       ***
2.3e+03       ***  3.44e-10       ***       ***
2.4e+03       ***  3.46e-10       ***       ***
2.5e+03       ***  3.49e-10       ***       ***

Capture/Escape Rate Coefficients:

   T(K)        W1        W2        P1        P2
    500  9.22e+15  4.42e+12  1.63e-10  2.66e-10
    600  9.12e+15  5.31e+12  1.63e-10  2.74e-10
    700  8.68e+15  5.62e+12  1.64e-10  2.81e-10
    800  8.07e+15  5.53e+12  1.65e-10  2.88e-10
    900  7.41e+15  5.23e+12  1.66e-10  2.94e-10
  1e+03  6.74e+15  4.82e+12  1.67e-10  2.99e-10
1.1e+03  6.11e+15  4.37e+12  1.69e-10  3.04e-10
1.2e+03  5.52e+15  3.94e+12   1.7e-10  3.08e-10
1.3e+03  4.99e+15  3.53e+12  1.71e-10  3.12e-10
1.4e+03  4.52e+15  3.15e+12  1.73e-10  3.16e-10
1.5e+03  4.09e+15  2.81e+12  1.74e-10   3.2e-10
1.6e+03  3.71e+15  2.51e+12  1.75e-10  3.23e-10
1.7e+03  3.38e+15  2.25e+12  1.76e-10  3.27e-10
1.8e+03  3.08e+15  2.01e+12  1.77e-10   3.3e-10
1.9e+03  2.81e+15  1.81e+12  1.78e-10  3.33e-10
  2e+03  2.58e+15  1.63e+12  1.79e-10  3.36e-10
2.1e+03  2.36e+15  1.46e+12   1.8e-10  3.39e-10
2.2e+03  2.18e+15  1.32e+12  1.82e-10  3.41e-10
2.3e+03  2.01e+15   1.2e+12  1.83e-10  3.44e-10
2.4e+03  1.85e+15  1.09e+12  1.83e-10  3.46e-10
2.5e+03  1.72e+15  9.88e+11  1.84e-10  3.49e-10

______________________________________________________________________________________

Pressure-Species Rate Tables:

Reactant = W1   Temperature = 500 K

   P(atm)        W2        P1        P2      Loss
     0.01       ***       ***       ***       ***
      0.1       ***       ***       ***       ***
        1       ***       ***       ***       ***
       10       ***       ***       ***       ***
      100       ***       ***       ***       ***
      O-O  1.12e+13  9.21e+15       ***  9.22e+15

Reactant = W1   Temperature = 600 K

   P(atm)        W2        P1        P2      Loss
     0.01       ***       ***       ***       ***
      0.1       ***       ***       ***       ***
        1       ***       ***       ***       ***
       10       ***       ***       ***       ***
      100       ***       ***       ***       ***
      O-O  1.82e+13   9.1e+15       ***  9.12e+15

Reactant = W1   Temperature = 700 K

   P(atm)        W2        P1        P2      Loss
     0.01       ***       ***       ***       ***
      0.1       ***       ***       ***       ***
        1       ***       ***       ***       ***
       10       ***       ***       ***       ***
      100       ***       ***       ***       ***
      O-O  2.58e+13  8.66e+15       ***  8.68e+15

Reactant = W1   Temperature = 800 K

   P(atm)        W2        P1        P2      Loss
     0.01       ***       ***       ***       ***
      0.1       ***       ***       ***       ***
        1       ***       ***       ***       ***
       10       ***       ***       ***       ***
      100       ***       ***       ***       ***
      O-O  3.34e+13  8.04e+15       ***  8.07e+15

Reactant = W1   Temperature = 900 K

   P(atm)        W2        P1        P2      Loss
     0.01       ***       ***       ***       ***
      0.1       ***       ***       ***       ***
        1       ***       ***       ***       ***
       10       ***       ***       ***       ***
      100       ***       ***       ***       ***
      O-O  4.07e+13  7.37e+15       ***  7.41e+15

Reactant = W1   Temperature = 1e+03 K

   P(atm)        W2        P1        P2      Loss
     0.01       ***       ***       ***       ***
      0.1       ***       ***       ***       ***
        1       ***       ***       ***       ***
       10       ***       ***       ***       ***
      100       ***       ***       ***       ***
      O-O  4.73e+13  6.69e+15       ***  6.74e+15

Reactant = W1   Temperature = 1.1e+03 K

   P(atm)        W2        P1        P2      Loss
     0.01       ***       ***       ***       ***
      0.1       ***       ***       ***       ***
        1       ***       ***       ***       ***
       10       ***       ***       ***       ***
      100       ***       ***       ***       ***
      O-O  5.32e+13  6.05e+15       ***  6.11e+15

Reactant = W1   Temperature = 1.2e+03 K

   P(atm)        W2        P1        P2      Loss
     0.01       ***       ***       ***       ***
      0.1       ***       ***       ***       ***
        1       ***       ***       ***       ***
       10       ***       ***       ***       ***
      100       ***       ***       ***       ***
      O-O  5.84e+13  5.46e+15       ***  5.52e+15

Reactant = W1   Temperature = 1.3e+03 K

   P(atm)        W2        P1        P2      Loss
     0.01       ***       ***       ***       ***
      0.1       ***       ***       ***       ***
        1       ***       ***       ***       ***
       10       ***       ***       ***       ***
      100       ***       ***       ***       ***
      O-O  6.29e+13  4.93e+15       ***  4.99e+15

Reactant = W1   Temperature = 1.4e+03 K

   P(atm)        W2        P1        P2      Loss
     0.01       ***       ***       ***       ***
      0.1       ***       ***       ***       ***
        1       ***       ***       ***       ***
       10       ***       ***       ***       ***
      100       ***       ***       ***       ***
      O-O  6.68e+13  4.45e+15       ***  4.52e+15

Reactant = W1   Temperature = 1.5e+03 K

   P(atm)        W2        P1        P2      Loss
     0.01       ***       ***       ***       ***
      0.1       ***       ***       ***       ***
        1       ***       ***       ***       ***
       10       ***       ***       ***       ***
      100       ***       ***       ***       ***
      O-O  7.02e+13  4.02e+15       ***  4.09e+15

Reactant = W1   Temperature = 1.6e+03 K

   P(atm)        W2        P1        P2      Loss
     0.01       ***       ***       ***       ***
      0.1       ***       ***       ***       ***
        1       ***       ***       ***       ***
       10       ***       ***       ***       ***
      100       ***       ***       ***       ***
      O-O   7.3e+13  3.64e+15       ***  3.71e+15

Reactant = W1   Temperature = 1.7e+03 K

   P(atm)        W2        P1        P2      Loss
     0.01       ***       ***       ***       ***
      0.1       ***       ***       ***       ***
        1       ***       ***       ***       ***
       10       ***       ***       ***       ***
      100       ***       ***       ***       ***
      O-O  7.55e+13   3.3e+15       ***  3.38e+15

Reactant = W1   Temperature = 1.8e+03 K

   P(atm)        W2        P1        P2      Loss
     0.01       ***       ***       ***       ***
      0.1       ***       ***       ***       ***
        1       ***       ***       ***       ***
       10       ***       ***       ***       ***
      100       ***       ***       ***       ***
      O-O  7.76e+13     3e+15       ***  3.08e+15

Reactant = W1   Temperature = 1.9e+03 K

   P(atm)        W2        P1        P2      Loss
     0.01       ***       ***       ***       ***
      0.1       ***       ***       ***       ***
        1       ***       ***       ***       ***
       10       ***       ***       ***       ***
      100       ***       ***       ***       ***
      O-O  7.94e+13  2.73e+15       ***  2.81e+15

Reactant = W1   Temperature = 2e+03 K

   P(atm)        W2        P1        P2      Loss
     0.01       ***       ***       ***       ***
      0.1       ***       ***       ***       ***
        1       ***       ***       ***       ***
       10       ***       ***       ***       ***
      100       ***       ***       ***       ***
      O-O  8.09e+13  2.49e+15       ***  2.58e+15

Reactant = W1   Temperature = 2.1e+03 K

   P(atm)        W2        P1        P2      Loss
     0.01       ***       ***       ***       ***
      0.1       ***       ***       ***       ***
        1       ***       ***       ***       ***
       10       ***       ***       ***       ***
      100       ***       ***       ***       ***
      O-O  8.21e+13  2.28e+15       ***  2.36e+15

Reactant = W1   Temperature = 2.2e+03 K

   P(atm)        W2        P1        P2      Loss
     0.01       ***       ***       ***       ***
      0.1       ***       ***       ***       ***
        1       ***       ***       ***       ***
       10       ***       ***       ***       ***
      100       ***       ***       ***       ***
      O-O  8.31e+13  2.09e+15       ***  2.18e+15

Reactant = W1   Temperature = 2.3e+03 K

   P(atm)        W2        P1        P2      Loss
     0.01       ***       ***       ***       ***
      0.1       ***       ***       ***       ***
        1       ***       ***       ***       ***
       10       ***       ***       ***       ***
      100       ***       ***       ***       ***
      O-O  8.39e+13  1.92e+15       ***  2.01e+15

Reactant = W1   Temperature = 2.4e+03 K

   P(atm)        W2        P1        P2      Loss
     0.01       ***       ***       ***       ***
      0.1       ***       ***       ***       ***
        1       ***       ***       ***       ***
       10       ***       ***       ***       ***
      100       ***       ***       ***       ***
      O-O  8.45e+13  1.77e+15       ***  1.85e+15

Reactant = W1   Temperature = 2.5e+03 K

   P(atm)        W2        P1        P2      Loss
     0.01       ***       ***       ***       ***
      0.1       ***       ***       ***       ***
        1       ***       ***       ***       ***
       10       ***       ***       ***       ***
      100       ***       ***       ***       ***
      O-O   8.5e+13  1.63e+15       ***  1.72e+15

Reactant = W2   Temperature = 500 K

   P(atm)        W1        P1        P2      Loss
     0.01       ***       ***       ***       ***
      0.1       ***       ***       ***       ***
        1       ***       ***       ***       ***
       10       ***       ***       ***       ***
      100       ***       ***       ***       ***
      O-O  5.24e-08       ***  4.42e+12  4.42e+12

Reactant = W2   Temperature = 600 K

   P(atm)        W1        P1        P2      Loss
     0.01       ***       ***       ***       ***
      0.1       ***       ***       ***       ***
        1       ***       ***       ***       ***
       10       ***       ***       ***       ***
      100       ***       ***       ***       ***
      O-O  5.53e-05       ***  5.31e+12  5.31e+12

Reactant = W2   Temperature = 700 K

   P(atm)        W1        P1        P2      Loss
     0.01       ***       ***       ***       ***
      0.1       ***       ***       ***       ***
        1       ***       ***       ***       ***
       10       ***       ***       ***       ***
      100       ***       ***       ***       ***
      O-O   0.00775       ***  5.62e+12  5.62e+12

Reactant = W2   Temperature = 800 K

   P(atm)        W1        P1        P2      Loss
     0.01       ***       ***       ***       ***
      0.1       ***       ***       ***       ***
        1       ***       ***       ***       ***
       10       ***       ***       ***       ***
      100       ***       ***       ***       ***
      O-O     0.309       ***  5.53e+12  5.53e+12

Reactant = W2   Temperature = 900 K

   P(atm)        W1        P1        P2      Loss
     0.01       ***       ***       ***       ***
      0.1       ***       ***       ***       ***
        1       ***       ***       ***       ***
       10       ***       ***       ***       ***
      100       ***       ***       ***       ***
      O-O      5.36       ***  5.23e+12  5.23e+12

Reactant = W2   Temperature = 1e+03 K

   P(atm)        W1        P1        P2      Loss
     0.01       ***       ***       ***       ***
      0.1       ***       ***       ***       ***
        1       ***       ***       ***       ***
       10       ***       ***       ***       ***
      100       ***       ***       ***       ***
      O-O      51.9       ***  4.82e+12  4.82e+12

Reactant = W2   Temperature = 1.1e+03 K

   P(atm)        W1        P1        P2      Loss
     0.01       ***       ***       ***       ***
      0.1       ***       ***       ***       ***
        1       ***       ***       ***       ***
       10       ***       ***       ***       ***
      100       ***       ***       ***       ***
      O-O       330       ***  4.37e+12  4.37e+12

Reactant = W2   Temperature = 1.2e+03 K

   P(atm)        W1        P1        P2      Loss
     0.01       ***       ***       ***       ***
      0.1       ***       ***       ***       ***
        1       ***       ***       ***       ***
       10       ***       ***       ***       ***
      100       ***       ***       ***       ***
      O-O  1.53e+03       ***  3.94e+12  3.94e+12

Reactant = W2   Temperature = 1.3e+03 K

   P(atm)        W1        P1        P2      Loss
     0.01       ***       ***       ***       ***
      0.1       ***       ***       ***       ***
        1       ***       ***       ***       ***
       10       ***       ***       ***       ***
      100       ***       ***       ***       ***
      O-O  5.55e+03       ***  3.53e+12  3.53e+12

Reactant = W2   Temperature = 1.4e+03 K

   P(atm)        W1        P1        P2      Loss
     0.01       ***       ***       ***       ***
      0.1       ***       ***       ***       ***
        1       ***       ***       ***       ***
       10       ***       ***       ***       ***
      100       ***       ***       ***       ***
      O-O  1.67e+04       ***  3.15e+12  3.15e+12

Reactant = W2   Temperature = 1.5e+03 K

   P(atm)        W1        P1        P2      Loss
     0.01       ***       ***       ***       ***
      0.1       ***       ***       ***       ***
        1       ***       ***       ***       ***
       10       ***       ***       ***       ***
      100       ***       ***       ***       ***
      O-O  4.33e+04       ***  2.81e+12  2.81e+12

Reactant = W2   Temperature = 1.6e+03 K

   P(atm)        W1        P1        P2      Loss
     0.01       ***       ***       ***       ***
      0.1       ***       ***       ***       ***
        1       ***       ***       ***       ***
       10       ***       ***       ***       ***
      100       ***       ***       ***       ***
      O-O  9.94e+04       ***  2.51e+12  2.51e+12

Reactant = W2   Temperature = 1.7e+03 K

   P(atm)        W1        P1        P2      Loss
     0.01       ***       ***       ***       ***
      0.1       ***       ***       ***       ***
        1       ***       ***       ***       ***
       10       ***       ***       ***       ***
      100       ***       ***       ***       ***
      O-O  2.06e+05       ***  2.25e+12  2.25e+12

Reactant = W2   Temperature = 1.8e+03 K

   P(atm)        W1        P1        P2      Loss
     0.01       ***       ***       ***       ***
      0.1       ***       ***       ***       ***
        1       ***       ***       ***       ***
       10       ***       ***       ***       ***
      100       ***       ***       ***       ***
      O-O  3.94e+05       ***  2.01e+12  2.01e+12

Reactant = W2   Temperature = 1.9e+03 K

   P(atm)        W1        P1        P2      Loss
     0.01       ***       ***       ***       ***
      0.1       ***       ***       ***       ***
        1       ***       ***       ***       ***
       10       ***       ***       ***       ***
      100       ***       ***       ***       ***
      O-O  7.02e+05       ***  1.81e+12  1.81e+12

Reactant = W2   Temperature = 2e+03 K

   P(atm)        W1        P1        P2      Loss
     0.01       ***       ***       ***       ***
      0.1       ***       ***       ***       ***
        1       ***       ***       ***       ***
       10       ***       ***       ***       ***
      100       ***       ***       ***       ***
      O-O  1.18e+06       ***  1.63e+12  1.63e+12

Reactant = W2   Temperature = 2.1e+03 K

   P(atm)        W1        P1        P2      Loss
     0.01       ***       ***       ***       ***
      0.1       ***       ***       ***       ***
        1       ***       ***       ***       ***
       10       ***       ***       ***       ***
      100       ***       ***       ***       ***
      O-O  1.88e+06       ***  1.46e+12  1.46e+12

Reactant = W2   Temperature = 2.2e+03 K

   P(atm)        W1        P1        P2      Loss
     0.01       ***       ***       ***       ***
      0.1       ***       ***       ***       ***
        1       ***       ***       ***       ***
       10       ***       ***       ***       ***
      100       ***       ***       ***       ***
      O-O  2.87e+06       ***  1.32e+12  1.32e+12

Reactant = W2   Temperature = 2.3e+03 K

   P(atm)        W1        P1        P2      Loss
     0.01       ***       ***       ***       ***
      0.1       ***       ***       ***       ***
        1       ***       ***       ***       ***
       10       ***       ***       ***       ***
      100       ***       ***       ***       ***
      O-O  4.21e+06       ***   1.2e+12   1.2e+12

Reactant = W2   Temperature = 2.4e+03 K

   P(atm)        W1        P1        P2      Loss
     0.01       ***       ***       ***       ***
      0.1       ***       ***       ***       ***
        1       ***       ***       ***       ***
       10       ***       ***       ***       ***
      100       ***       ***       ***       ***
      O-O  5.98e+06       ***  1.09e+12  1.09e+12

Reactant = W2   Temperature = 2.5e+03 K

   P(atm)        W1        P1        P2      Loss
     0.01       ***       ***       ***       ***
      0.1       ***       ***       ***       ***
        1       ***       ***       ***       ***
       10       ***       ***       ***       ***
      100       ***       ***       ***       ***
      O-O  8.25e+06       ***  9.88e+11  9.88e+11

Reactant = P1   Temperature = 500 K

   P(atm)        W1        W2        P2      Loss
     0.01       ***       ***  1.98e-13  1.98e-13
      0.1       ***       ***  1.98e-13  1.98e-13
        1       ***       ***  1.98e-13  1.98e-13
       10       ***       ***  1.98e-13  1.98e-13
      100       ***       ***  1.98e-13  1.98e-13
      O-O  1.63e-10       ***       ***  1.63e-10

Reactant = P1   Temperature = 600 K

   P(atm)        W1        W2        P2      Loss
     0.01       ***       ***  3.26e-13  3.26e-13
      0.1       ***       ***  3.26e-13  3.26e-13
        1       ***       ***  3.26e-13  3.26e-13
       10       ***       ***  3.26e-13  3.26e-13
      100       ***       ***  3.26e-13  3.26e-13
      O-O  1.63e-10       ***       ***  1.63e-10

Reactant = P1   Temperature = 700 K

   P(atm)        W1        W2        P2      Loss
     0.01       ***       ***  4.87e-13  4.87e-13
      0.1       ***       ***  4.87e-13  4.87e-13
        1       ***       ***  4.87e-13  4.87e-13
       10       ***       ***  4.87e-13  4.87e-13
      100       ***       ***  4.87e-13  4.87e-13
      O-O  1.64e-10       ***       ***  1.64e-10

Reactant = P1   Temperature = 800 K

   P(atm)        W1        W2        P2      Loss
     0.01       ***       ***  6.82e-13  6.82e-13
      0.1       ***       ***  6.82e-13  6.82e-13
        1       ***       ***  6.82e-13  6.82e-13
       10       ***       ***  6.82e-13  6.82e-13
      100       ***       ***  6.82e-13  6.82e-13
      O-O  1.65e-10       ***       ***  1.65e-10

Reactant = P1   Temperature = 900 K

   P(atm)        W1        W2        P2      Loss
     0.01       ***       ***  9.11e-13  9.11e-13
      0.1       ***       ***  9.11e-13  9.11e-13
        1       ***       ***  9.11e-13  9.11e-13
       10       ***       ***  9.11e-13  9.11e-13
      100       ***       ***  9.11e-13  9.11e-13
      O-O  1.66e-10       ***       ***  1.66e-10

Reactant = P1   Temperature = 1e+03 K

   P(atm)        W1        W2        P2      Loss
     0.01       ***       ***  1.17e-12  1.17e-12
      0.1       ***       ***  1.17e-12  1.17e-12
        1       ***       ***  1.17e-12  1.17e-12
       10       ***       ***  1.17e-12  1.17e-12
      100       ***       ***  1.17e-12  1.17e-12
      O-O  1.67e-10       ***       ***  1.67e-10

Reactant = P1   Temperature = 1.1e+03 K

   P(atm)        W1        W2        P2      Loss
     0.01       ***       ***  1.47e-12  1.47e-12
      0.1       ***       ***  1.47e-12  1.47e-12
        1       ***       ***  1.47e-12  1.47e-12
       10       ***       ***  1.47e-12  1.47e-12
      100       ***       ***  1.47e-12  1.47e-12
      O-O  1.69e-10       ***       ***  1.69e-10

Reactant = P1   Temperature = 1.2e+03 K

   P(atm)        W1        W2        P2      Loss
     0.01       ***       ***  1.79e-12  1.79e-12
      0.1       ***       ***  1.79e-12  1.79e-12
        1       ***       ***  1.79e-12  1.79e-12
       10       ***       ***  1.79e-12  1.79e-12
      100       ***       ***  1.79e-12  1.79e-12
      O-O   1.7e-10       ***       ***   1.7e-10

Reactant = P1   Temperature = 1.3e+03 K

   P(atm)        W1        W2        P2      Loss
     0.01       ***       ***  2.15e-12  2.15e-12
      0.1       ***       ***  2.15e-12  2.15e-12
        1       ***       ***  2.15e-12  2.15e-12
       10       ***       ***  2.15e-12  2.15e-12
      100       ***       ***  2.15e-12  2.15e-12
      O-O  1.71e-10       ***       ***  1.71e-10

Reactant = P1   Temperature = 1.4e+03 K

   P(atm)        W1        W2        P2      Loss
     0.01       ***       ***  2.55e-12  2.55e-12
      0.1       ***       ***  2.55e-12  2.55e-12
        1       ***       ***  2.55e-12  2.55e-12
       10       ***       ***  2.55e-12  2.55e-12
      100       ***       ***  2.55e-12  2.55e-12
      O-O  1.73e-10       ***       ***  1.73e-10

Reactant = P1   Temperature = 1.5e+03 K

   P(atm)        W1        W2        P2      Loss
     0.01       ***       ***  2.97e-12  2.97e-12
      0.1       ***       ***  2.97e-12  2.97e-12
        1       ***       ***  2.97e-12  2.97e-12
       10       ***       ***  2.97e-12  2.97e-12
      100       ***       ***  2.97e-12  2.97e-12
      O-O  1.74e-10       ***       ***  1.74e-10

Reactant = P1   Temperature = 1.6e+03 K

   P(atm)        W1        W2        P2      Loss
     0.01       ***       ***  3.43e-12  3.43e-12
      0.1       ***       ***  3.43e-12  3.43e-12
        1       ***       ***  3.43e-12  3.43e-12
       10       ***       ***  3.43e-12  3.43e-12
      100       ***       ***  3.43e-12  3.43e-12
      O-O  1.75e-10       ***       ***  1.75e-10

Reactant = P1   Temperature = 1.7e+03 K

   P(atm)        W1        W2        P2      Loss
     0.01       ***       ***  3.93e-12  3.93e-12
      0.1       ***       ***  3.93e-12  3.93e-12
        1       ***       ***  3.93e-12  3.93e-12
       10       ***       ***  3.93e-12  3.93e-12
      100       ***       ***  3.93e-12  3.93e-12
      O-O  1.76e-10       ***       ***  1.76e-10

Reactant = P1   Temperature = 1.8e+03 K

   P(atm)        W1        W2        P2      Loss
     0.01       ***       ***  4.45e-12  4.45e-12
      0.1       ***       ***  4.45e-12  4.45e-12
        1       ***       ***  4.45e-12  4.45e-12
       10       ***       ***  4.45e-12  4.45e-12
      100       ***       ***  4.45e-12  4.45e-12
      O-O  1.77e-10       ***       ***  1.77e-10

Reactant = P1   Temperature = 1.9e+03 K

   P(atm)        W1        W2        P2      Loss
     0.01       ***       ***  5.02e-12  5.02e-12
      0.1       ***       ***  5.02e-12  5.02e-12
        1       ***       ***  5.02e-12  5.02e-12
       10       ***       ***  5.02e-12  5.02e-12
      100       ***       ***  5.02e-12  5.02e-12
      O-O  1.78e-10       ***       ***  1.78e-10

Reactant = P1   Temperature = 2e+03 K

   P(atm)        W1        W2        P2      Loss
     0.01       ***       ***  5.61e-12  5.61e-12
      0.1       ***       ***  5.61e-12  5.61e-12
        1       ***       ***  5.61e-12  5.61e-12
       10       ***       ***  5.61e-12  5.61e-12
      100       ***       ***  5.61e-12  5.61e-12
      O-O  1.79e-10       ***       ***  1.79e-10

Reactant = P1   Temperature = 2.1e+03 K

   P(atm)        W1        W2        P2      Loss
     0.01       ***       ***  6.24e-12  6.24e-12
      0.1       ***       ***  6.24e-12  6.24e-12
        1       ***       ***  6.24e-12  6.24e-12
       10       ***       ***  6.24e-12  6.24e-12
      100       ***       ***  6.24e-12  6.24e-12
      O-O   1.8e-10       ***       ***   1.8e-10

Reactant = P1   Temperature = 2.2e+03 K

   P(atm)        W1        W2        P2      Loss
     0.01       ***       ***   6.9e-12   6.9e-12
      0.1       ***       ***   6.9e-12   6.9e-12
        1       ***       ***   6.9e-12   6.9e-12
       10       ***       ***   6.9e-12   6.9e-12
      100       ***       ***   6.9e-12   6.9e-12
      O-O  1.82e-10       ***       ***  1.82e-10

Reactant = P1   Temperature = 2.3e+03 K

   P(atm)        W1        W2        P2      Loss
     0.01       ***       ***   7.6e-12   7.6e-12
      0.1       ***       ***   7.6e-12   7.6e-12
        1       ***       ***   7.6e-12   7.6e-12
       10       ***       ***   7.6e-12   7.6e-12
      100       ***       ***   7.6e-12   7.6e-12
      O-O  1.83e-10       ***       ***  1.83e-10

Reactant = P1   Temperature = 2.4e+03 K

   P(atm)        W1        W2        P2      Loss
     0.01       ***       ***  8.32e-12  8.32e-12
      0.1       ***       ***  8.32e-12  8.32e-12
        1       ***       ***  8.32e-12  8.32e-12
       10       ***       ***  8.32e-12  8.32e-12
      100       ***       ***  8.32e-12  8.32e-12
      O-O  1.83e-10       ***       ***  1.83e-10

Reactant = P1   Temperature = 2.5e+03 K

   P(atm)        W1        W2        P2      Loss
     0.01       ***       ***  9.07e-12  9.07e-12
      0.1       ***       ***  9.07e-12  9.07e-12
        1       ***       ***  9.07e-12  9.07e-12
       10       ***       ***  9.07e-12  9.07e-12
      100       ***       ***  9.07e-12  9.07e-12
      O-O  1.84e-10       ***       ***  1.84e-10

Reactant = P2   Temperature = 500 K

   P(atm)        W1        W2        P1      Loss
     0.01       ***       ***  3.15e-30 -7.45e-26
      0.1       ***       ***  3.15e-30 -3.72e-26
        1       ***       ***  3.15e-30 -3.72e-26
       10       ***       ***  3.15e-30 -3.72e-26
      100       ***       ***  3.15e-30 -3.72e-26
      O-O       ***  2.66e-10       ***  2.66e-10

Reactant = P2   Temperature = 600 K

   P(atm)        W1        W2        P1      Loss
     0.01       ***       ***  2.85e-27  8.21e-26
      0.1       ***       ***  2.85e-27  1.23e-25
        1       ***       ***  2.85e-27  1.64e-25
       10       ***       ***  2.85e-27  1.23e-25
      100       ***       ***  2.85e-27  1.64e-25
      O-O       ***  2.74e-10       ***  2.74e-10

Reactant = P2   Temperature = 700 K

   P(atm)        W1        W2        P1      Loss
     0.01       ***       ***  3.87e-25  3.58e-25
      0.1       ***       ***  3.87e-25  4.48e-25
        1       ***       ***  3.87e-25  4.48e-25
       10       ***       ***  3.87e-25  4.93e-25
      100       ***       ***  3.87e-25  3.58e-25
      O-O       ***  2.81e-10       ***  2.81e-10

Reactant = P2   Temperature = 800 K

   P(atm)        W1        W2        P1      Loss
     0.01       ***       ***   1.6e-23  1.62e-23
      0.1       ***       ***   1.6e-23  1.62e-23
        1       ***       ***   1.6e-23  1.62e-23
       10       ***       ***   1.6e-23  1.62e-23
      100       ***       ***   1.6e-23  1.62e-23
      O-O       ***  2.88e-10       ***  2.88e-10

Reactant = P2   Temperature = 900 K

   P(atm)        W1        W2        P1      Loss
     0.01       ***       ***  2.99e-22  2.99e-22
      0.1       ***       ***  2.99e-22  2.99e-22
        1       ***       ***  2.99e-22  2.99e-22
       10       ***       ***  2.99e-22  2.99e-22
      100       ***       ***  2.99e-22  2.99e-22
      O-O       ***  2.94e-10       ***  2.94e-10

Reactant = P2   Temperature = 1e+03 K

   P(atm)        W1        W2        P1      Loss
     0.01       ***       ***  3.19e-21  3.19e-21
      0.1       ***       ***  3.19e-21  3.19e-21
        1       ***       ***  3.19e-21  3.19e-21
       10       ***       ***  3.19e-21  3.19e-21
      100       ***       ***  3.19e-21  3.19e-21
      O-O       ***  2.99e-10       ***  2.99e-10

Reactant = P2   Temperature = 1.1e+03 K

   P(atm)        W1        W2        P1      Loss
     0.01       ***       ***  2.26e-20  2.26e-20
      0.1       ***       ***  2.26e-20  2.26e-20
        1       ***       ***  2.26e-20  2.26e-20
       10       ***       ***  2.26e-20  2.26e-20
      100       ***       ***  2.26e-20  2.26e-20
      O-O       ***  3.04e-10       ***  3.04e-10

Reactant = P2   Temperature = 1.2e+03 K

   P(atm)        W1        W2        P1      Loss
     0.01       ***       ***  1.18e-19  1.18e-19
      0.1       ***       ***  1.18e-19  1.18e-19
        1       ***       ***  1.18e-19  1.18e-19
       10       ***       ***  1.18e-19  1.18e-19
      100       ***       ***  1.18e-19  1.18e-19
      O-O       ***  3.08e-10       ***  3.08e-10

Reactant = P2   Temperature = 1.3e+03 K

   P(atm)        W1        W2        P1      Loss
     0.01       ***       ***  4.84e-19  4.84e-19
      0.1       ***       ***  4.84e-19  4.84e-19
        1       ***       ***  4.84e-19  4.84e-19
       10       ***       ***  4.84e-19  4.84e-19
      100       ***       ***  4.84e-19  4.84e-19
      O-O       ***  3.12e-10       ***  3.12e-10

Reactant = P2   Temperature = 1.4e+03 K

   P(atm)        W1        W2        P1      Loss
     0.01       ***       ***  1.65e-18  1.65e-18
      0.1       ***       ***  1.65e-18  1.65e-18
        1       ***       ***  1.65e-18  1.65e-18
       10       ***       ***  1.65e-18  1.65e-18
      100       ***       ***  1.65e-18  1.65e-18
      O-O       ***  3.16e-10       ***  3.16e-10

Reactant = P2   Temperature = 1.5e+03 K

   P(atm)        W1        W2        P1      Loss
     0.01       ***       ***  4.83e-18  4.83e-18
      0.1       ***       ***  4.83e-18  4.83e-18
        1       ***       ***  4.83e-18  4.83e-18
       10       ***       ***  4.83e-18  4.83e-18
      100       ***       ***  4.83e-18  4.83e-18
      O-O       ***   3.2e-10       ***   3.2e-10

Reactant = P2   Temperature = 1.6e+03 K

   P(atm)        W1        W2        P1      Loss
     0.01       ***       ***  1.25e-17  1.25e-17
      0.1       ***       ***  1.25e-17  1.25e-17
        1       ***       ***  1.25e-17  1.25e-17
       10       ***       ***  1.25e-17  1.25e-17
      100       ***       ***  1.25e-17  1.25e-17
      O-O       ***  3.23e-10       ***  3.23e-10

Reactant = P2   Temperature = 1.7e+03 K

   P(atm)        W1        W2        P1      Loss
     0.01       ***       ***  2.92e-17  2.92e-17
      0.1       ***       ***  2.92e-17  2.92e-17
        1       ***       ***  2.92e-17  2.92e-17
       10       ***       ***  2.92e-17  2.92e-17
      100       ***       ***  2.92e-17  2.92e-17
      O-O       ***  3.27e-10       ***  3.27e-10

Reactant = P2   Temperature = 1.8e+03 K

   P(atm)        W1        W2        P1      Loss
     0.01       ***       ***  6.27e-17  6.27e-17
      0.1       ***       ***  6.27e-17  6.27e-17
        1       ***       ***  6.27e-17  6.27e-17
       10       ***       ***  6.27e-17  6.27e-17
      100       ***       ***  6.27e-17  6.27e-17
      O-O       ***   3.3e-10       ***   3.3e-10

Reactant = P2   Temperature = 1.9e+03 K

   P(atm)        W1        W2        P1      Loss
     0.01       ***       ***  1.25e-16  1.25e-16
      0.1       ***       ***  1.25e-16  1.25e-16
        1       ***       ***  1.25e-16  1.25e-16
       10       ***       ***  1.25e-16  1.25e-16
      100       ***       ***  1.25e-16  1.25e-16
      O-O       ***  3.33e-10       ***  3.33e-10

Reactant = P2   Temperature = 2e+03 K

   P(atm)        W1        W2        P1      Loss
     0.01       ***       ***  2.35e-16  2.35e-16
      0.1       ***       ***  2.35e-16  2.35e-16
        1       ***       ***  2.35e-16  2.35e-16
       10       ***       ***  2.35e-16  2.35e-16
      100       ***       ***  2.35e-16  2.35e-16
      O-O       ***  3.36e-10       ***  3.36e-10

Reactant = P2   Temperature = 2.1e+03 K

   P(atm)        W1        W2        P1      Loss
     0.01       ***       ***  4.17e-16  4.17e-16
      0.1       ***       ***  4.17e-16  4.17e-16
        1       ***       ***  4.17e-16  4.17e-16
       10       ***       ***  4.17e-16  4.17e-16
      100       ***       ***  4.17e-16  4.17e-16
      O-O       ***  3.39e-10       ***  3.39e-10

Reactant = P2   Temperature = 2.2e+03 K

   P(atm)        W1        W2        P1      Loss
     0.01       ***       ***  7.08e-16  7.08e-16
      0.1       ***       ***  7.08e-16  7.08e-16
        1       ***       ***  7.08e-16  7.08e-16
       10       ***       ***  7.08e-16  7.08e-16
      100       ***       ***  7.08e-16  7.08e-16
      O-O       ***  3.41e-10       ***  3.41e-10

Reactant = P2   Temperature = 2.3e+03 K

   P(atm)        W1        W2        P1      Loss
     0.01       ***       ***  1.15e-15  1.15e-15
      0.1       ***       ***  1.15e-15  1.15e-15
        1       ***       ***  1.15e-15  1.15e-15
       10       ***       ***  1.15e-15  1.15e-15
      100       ***       ***  1.15e-15  1.15e-15
      O-O       ***  3.44e-10       ***  3.44e-10

Reactant = P2   Temperature = 2.4e+03 K

   P(atm)        W1        W2        P1      Loss
     0.01       ***       ***  1.81e-15  1.81e-15
      0.1       ***       ***  1.81e-15  1.81e-15
        1       ***       ***  1.81e-15  1.81e-15
       10       ***       ***  1.81e-15  1.81e-15
      100       ***       ***  1.81e-15  1.81e-15
      O-O       ***  3.46e-10       ***  3.46e-10

Reactant = P2   Temperature = 2.5e+03 K

   P(atm)        W1        W2        P1      Loss
     0.01       ***       ***  2.75e-15  2.75e-15
      0.1       ***       ***  2.75e-15  2.75e-15
        1       ***       ***  2.75e-15  2.75e-15
       10       ***       ***  2.75e-15  2.75e-15
      100       ***       ***  2.75e-15  2.75e-15
      O-O       ***  3.49e-10       ***  3.49e-10

______________________________________________________________________________________

Temperature-Species Rate Tables:

Reactant = W1   Pressure = 0.01 atm

   T(K)        W2        P1        P2      Loss   Capture
    500       ***       ***       ***       ***  9.22e+15
    600       ***       ***       ***       ***  9.12e+15
    700       ***       ***       ***       ***  8.68e+15
    800       ***       ***       ***       ***  8.07e+15
    900       ***       ***       ***       ***  7.41e+15
  1e+03       ***       ***       ***       ***  6.74e+15
1.1e+03       ***       ***       ***       ***  6.11e+15
1.2e+03       ***       ***       ***       ***  5.52e+15
1.3e+03       ***       ***       ***       ***  4.99e+15
1.4e+03       ***       ***       ***       ***  4.52e+15
1.5e+03       ***       ***       ***       ***  4.09e+15
1.6e+03       ***       ***       ***       ***  3.71e+15
1.7e+03       ***       ***       ***       ***  3.38e+15
1.8e+03       ***       ***       ***       ***  3.08e+15
1.9e+03       ***       ***       ***       ***  2.81e+15
  2e+03       ***       ***       ***       ***  2.58e+15
2.1e+03       ***       ***       ***       ***  2.36e+15
2.2e+03       ***       ***       ***       ***  2.18e+15
2.3e+03       ***       ***       ***       ***  2.01e+15
2.4e+03       ***       ***       ***       ***  1.85e+15
2.5e+03       ***       ***       ***       ***  1.72e+15

Reactant = W1   Pressure = 0.1 atm

   T(K)        W2        P1        P2      Loss   Capture
    500       ***       ***       ***       ***  9.22e+15
    600       ***       ***       ***       ***  9.12e+15
    700       ***       ***       ***       ***  8.68e+15
    800       ***       ***       ***       ***  8.07e+15
    900       ***       ***       ***       ***  7.41e+15
  1e+03       ***       ***       ***       ***  6.74e+15
1.1e+03       ***       ***       ***       ***  6.11e+15
1.2e+03       ***       ***       ***       ***  5.52e+15
1.3e+03       ***       ***       ***       ***  4.99e+15
1.4e+03       ***       ***       ***       ***  4.52e+15
1.5e+03       ***       ***       ***       ***  4.09e+15
1.6e+03       ***       ***       ***       ***  3.71e+15
1.7e+03       ***       ***       ***       ***  3.38e+15
1.8e+03       ***       ***       ***       ***  3.08e+15
1.9e+03       ***       ***       ***       ***  2.81e+15
  2e+03       ***       ***       ***       ***  2.58e+15
2.1e+03       ***       ***       ***       ***  2.36e+15
2.2e+03       ***       ***       ***       ***  2.18e+15
2.3e+03       ***       ***       ***       ***  2.01e+15
2.4e+03       ***       ***       ***       ***  1.85e+15
2.5e+03       ***       ***       ***       ***  1.72e+15

Reactant = W1   Pressure = 1 atm

   T(K)        W2        P1        P2      Loss   Capture
    500       ***       ***       ***       ***  9.22e+15
    600       ***       ***       ***       ***  9.12e+15
    700       ***       ***       ***       ***  8.68e+15
    800       ***       ***       ***       ***  8.07e+15
    900       ***       ***       ***       ***  7.41e+15
  1e+03       ***       ***       ***       ***  6.74e+15
1.1e+03       ***       ***       ***       ***  6.11e+15
1.2e+03       ***       ***       ***       ***  5.52e+15
1.3e+03       ***       ***       ***       ***  4.99e+15
1.4e+03       ***       ***       ***       ***  4.52e+15
1.5e+03       ***       ***       ***       ***  4.09e+15
1.6e+03       ***       ***       ***       ***  3.71e+15
1.7e+03       ***       ***       ***       ***  3.38e+15
1.8e+03       ***       ***       ***       ***  3.08e+15
1.9e+03       ***       ***       ***       ***  2.81e+15
  2e+03       ***       ***       ***       ***  2.58e+15
2.1e+03       ***       ***       ***       ***  2.36e+15
2.2e+03       ***       ***       ***       ***  2.18e+15
2.3e+03       ***       ***       ***       ***  2.01e+15
2.4e+03       ***       ***       ***       ***  1.85e+15
2.5e+03       ***       ***       ***       ***  1.72e+15

Reactant = W1   Pressure = 10 atm

   T(K)        W2        P1        P2      Loss   Capture
    500       ***       ***       ***       ***  9.22e+15
    600       ***       ***       ***       ***  9.12e+15
    700       ***       ***       ***       ***  8.68e+15
    800       ***       ***       ***       ***  8.07e+15
    900       ***       ***       ***       ***  7.41e+15
  1e+03       ***       ***       ***       ***  6.74e+15
1.1e+03       ***       ***       ***       ***  6.11e+15
1.2e+03       ***       ***       ***       ***  5.52e+15
1.3e+03       ***       ***       ***       ***  4.99e+15
1.4e+03       ***       ***       ***       ***  4.52e+15
1.5e+03       ***       ***       ***       ***  4.09e+15
1.6e+03       ***       ***       ***       ***  3.71e+15
1.7e+03       ***       ***       ***       ***  3.38e+15
1.8e+03       ***       ***       ***       ***  3.08e+15
1.9e+03       ***       ***       ***       ***  2.81e+15
  2e+03       ***       ***       ***       ***  2.58e+15
2.1e+03       ***       ***       ***       ***  2.36e+15
2.2e+03       ***       ***       ***       ***  2.18e+15
2.3e+03       ***       ***       ***       ***  2.01e+15
2.4e+03       ***       ***       ***       ***  1.85e+15
2.5e+03       ***       ***       ***       ***  1.72e+15

Reactant = W1   Pressure = 100 atm

   T(K)        W2        P1        P2      Loss   Capture
    500       ***       ***       ***       ***  9.22e+15
    600       ***       ***       ***       ***  9.12e+15
    700       ***       ***       ***       ***  8.68e+15
    800       ***       ***       ***       ***  8.07e+15
    900       ***       ***       ***       ***  7.41e+15
  1e+03       ***       ***       ***       ***  6.74e+15
1.1e+03       ***       ***       ***       ***  6.11e+15
1.2e+03       ***       ***       ***       ***  5.52e+15
1.3e+03       ***       ***       ***       ***  4.99e+15
1.4e+03       ***       ***       ***       ***  4.52e+15
1.5e+03       ***       ***       ***       ***  4.09e+15
1.6e+03       ***       ***       ***       ***  3.71e+15
1.7e+03       ***       ***       ***       ***  3.38e+15
1.8e+03       ***       ***       ***       ***  3.08e+15
1.9e+03       ***       ***       ***       ***  2.81e+15
  2e+03       ***       ***       ***       ***  2.58e+15
2.1e+03       ***       ***       ***       ***  2.36e+15
2.2e+03       ***       ***       ***       ***  2.18e+15
2.3e+03       ***       ***       ***       ***  2.01e+15
2.4e+03       ***       ***       ***       ***  1.85e+15
2.5e+03       ***       ***       ***       ***  1.72e+15

Reactant = W2   Pressure = 0.01 atm

   T(K)        W1        P1        P2      Loss   Capture
    500       ***       ***       ***       ***  4.42e+12
    600       ***       ***       ***       ***  5.31e+12
    700       ***       ***       ***       ***  5.62e+12
    800       ***       ***       ***       ***  5.53e+12
    900       ***       ***       ***       ***  5.23e+12
  1e+03       ***       ***       ***       ***  4.82e+12
1.1e+03       ***       ***       ***       ***  4.37e+12
1.2e+03       ***       ***       ***       ***  3.94e+12
1.3e+03       ***       ***       ***       ***  3.53e+12
1.4e+03       ***       ***       ***       ***  3.15e+12
1.5e+03       ***       ***       ***       ***  2.81e+12
1.6e+03       ***       ***       ***       ***  2.51e+12
1.7e+03       ***       ***       ***       ***  2.25e+12
1.8e+03       ***       ***       ***       ***  2.01e+12
1.9e+03       ***       ***       ***       ***  1.81e+12
  2e+03       ***       ***       ***       ***  1.63e+12
2.1e+03       ***       ***       ***       ***  1.46e+12
2.2e+03       ***       ***       ***       ***  1.32e+12
2.3e+03       ***       ***       ***       ***   1.2e+12
2.4e+03       ***       ***       ***       ***  1.09e+12
2.5e+03       ***       ***       ***       ***  9.88e+11

Reactant = W2   Pressure = 0.1 atm

   T(K)        W1        P1        P2      Loss   Capture
    500       ***       ***       ***       ***  4.42e+12
    600       ***       ***       ***       ***  5.31e+12
    700       ***       ***       ***       ***  5.62e+12
    800       ***       ***       ***       ***  5.53e+12
    900       ***       ***       ***       ***  5.23e+12
  1e+03       ***       ***       ***       ***  4.82e+12
1.1e+03       ***       ***       ***       ***  4.37e+12
1.2e+03       ***       ***       ***       ***  3.94e+12
1.3e+03       ***       ***       ***       ***  3.53e+12
1.4e+03       ***       ***       ***       ***  3.15e+12
1.5e+03       ***       ***       ***       ***  2.81e+12
1.6e+03       ***       ***       ***       ***  2.51e+12
1.7e+03       ***       ***       ***       ***  2.25e+12
1.8e+03       ***       ***       ***       ***  2.01e+12
1.9e+03       ***       ***       ***       ***  1.81e+12
  2e+03       ***       ***       ***       ***  1.63e+12
2.1e+03       ***       ***       ***       ***  1.46e+12
2.2e+03       ***       ***       ***       ***  1.32e+12
2.3e+03       ***       ***       ***       ***   1.2e+12
2.4e+03       ***       ***       ***       ***  1.09e+12
2.5e+03       ***       ***       ***       ***  9.88e+11

Reactant = W2   Pressure = 1 atm

   T(K)        W1        P1        P2      Loss   Capture
    500       ***       ***       ***       ***  4.42e+12
    600       ***       ***       ***       ***  5.31e+12
    700       ***       ***       ***       ***  5.62e+12
    800       ***       ***       ***       ***  5.53e+12
    900       ***       ***       ***       ***  5.23e+12
  1e+03       ***       ***       ***       ***  4.82e+12
1.1e+03       ***       ***       ***       ***  4.37e+12
1.2e+03       ***       ***       ***       ***  3.94e+12
1.3e+03       ***       ***       ***       ***  3.53e+12
1.4e+03       ***       ***       ***       ***  3.15e+12
1.5e+03       ***       ***       ***       ***  2.81e+12
1.6e+03       ***       ***       ***       ***  2.51e+12
1.7e+03       ***       ***       ***       ***  2.25e+12
1.8e+03       ***       ***       ***       ***  2.01e+12
1.9e+03       ***       ***       ***       ***  1.81e+12
  2e+03       ***       ***       ***       ***  1.63e+12
2.1e+03       ***       ***       ***       ***  1.46e+12
2.2e+03       ***       ***       ***       ***  1.32e+12
2.3e+03       ***       ***       ***       ***   1.2e+12
2.4e+03       ***       ***       ***       ***  1.09e+12
2.5e+03       ***       ***       ***       ***  9.88e+11

Reactant = W2   Pressure = 10 atm

   T(K)        W1        P1        P2      Loss   Capture
    500       ***       ***       ***       ***  4.42e+12
    600       ***       ***       ***       ***  5.31e+12
    700       ***       ***       ***       ***  5.62e+12
    800       ***       ***       ***       ***  5.53e+12
    900       ***       ***       ***       ***  5.23e+12
  1e+03       ***       ***       ***       ***  4.82e+12
1.1e+03       ***       ***       ***       ***  4.37e+12
1.2e+03       ***       ***       ***       ***  3.94e+12
1.3e+03       ***       ***       ***       ***  3.53e+12
1.4e+03       ***       ***       ***       ***  3.15e+12
1.5e+03       ***       ***       ***       ***  2.81e+12
1.6e+03       ***       ***       ***       ***  2.51e+12
1.7e+03       ***       ***       ***       ***  2.25e+12
1.8e+03       ***       ***       ***       ***  2.01e+12
1.9e+03       ***       ***       ***       ***  1.81e+12
  2e+03       ***       ***       ***       ***  1.63e+12
2.1e+03       ***       ***       ***       ***  1.46e+12
2.2e+03       ***       ***       ***       ***  1.32e+12
2.3e+03       ***       ***       ***       ***   1.2e+12
2.4e+03       ***       ***       ***       ***  1.09e+12
2.5e+03       ***       ***       ***       ***  9.88e+11

Reactant = W2   Pressure = 100 atm

   T(K)        W1        P1        P2      Loss   Capture
    500       ***       ***       ***       ***  4.42e+12
    600       ***       ***       ***       ***  5.31e+12
    700       ***       ***       ***       ***  5.62e+12
    800       ***       ***       ***       ***  5.53e+12
    900       ***       ***       ***       ***  5.23e+12
  1e+03       ***       ***       ***       ***  4.82e+12
1.1e+03       ***       ***       ***       ***  4.37e+12
1.2e+03       ***       ***       ***       ***  3.94e+12
1.3e+03       ***       ***       ***       ***  3.53e+12
1.4e+03       ***       ***       ***       ***  3.15e+12
1.5e+03       ***       ***       ***       ***  2.81e+12
1.6e+03       ***       ***       ***       ***  2.51e+12
1.7e+03       ***       ***       ***       ***  2.25e+12
1.8e+03       ***       ***       ***       ***  2.01e+12
1.9e+03       ***       ***       ***       ***  1.81e+12
  2e+03       ***       ***       ***       ***  1.63e+12
2.1e+03       ***       ***       ***       ***  1.46e+12
2.2e+03       ***       ***       ***       ***  1.32e+12
2.3e+03       ***       ***       ***       ***   1.2e+12
2.4e+03       ***       ***       ***       ***  1.09e+12
2.5e+03       ***       ***       ***       ***  9.88e+11

Reactant = P1   Pressure = 0.01 atm

   T(K)        W1        W2        P2      Loss   Capture
    500       ***       ***  1.98e-13  1.98e-13  1.63e-10
    600       ***       ***  3.26e-13  3.26e-13  1.63e-10
    700       ***       ***  4.87e-13  4.87e-13  1.64e-10
    800       ***       ***  6.82e-13  6.82e-13  1.65e-10
    900       ***       ***  9.11e-13  9.11e-13  1.66e-10
  1e+03       ***       ***  1.17e-12  1.17e-12  1.67e-10
1.1e+03       ***       ***  1.47e-12  1.47e-12  1.69e-10
1.2e+03       ***       ***  1.79e-12  1.79e-12   1.7e-10
1.3e+03       ***       ***  2.15e-12  2.15e-12  1.71e-10
1.4e+03       ***       ***  2.55e-12  2.55e-12  1.73e-10
1.5e+03       ***       ***  2.97e-12  2.97e-12  1.74e-10
1.6e+03       ***       ***  3.43e-12  3.43e-12  1.75e-10
1.7e+03       ***       ***  3.93e-12  3.93e-12  1.76e-10
1.8e+03       ***       ***  4.45e-12  4.45e-12  1.77e-10
1.9e+03       ***       ***  5.02e-12  5.02e-12  1.78e-10
  2e+03       ***       ***  5.61e-12  5.61e-12  1.79e-10
2.1e+03       ***       ***  6.24e-12  6.24e-12   1.8e-10
2.2e+03       ***       ***   6.9e-12   6.9e-12  1.82e-10
2.3e+03       ***       ***   7.6e-12   7.6e-12  1.83e-10
2.4e+03       ***       ***  8.32e-12  8.32e-12  1.83e-10
2.5e+03       ***       ***  9.07e-12  9.07e-12  1.84e-10

Reactant = P1   Pressure = 0.1 atm

   T(K)        W1        W2        P2      Loss   Capture
    500       ***       ***  1.98e-13  1.98e-13  1.63e-10
    600       ***       ***  3.26e-13  3.26e-13  1.63e-10
    700       ***       ***  4.87e-13  4.87e-13  1.64e-10
    800       ***       ***  6.82e-13  6.82e-13  1.65e-10
    900       ***       ***  9.11e-13  9.11e-13  1.66e-10
  1e+03       ***       ***  1.17e-12  1.17e-12  1.67e-10
1.1e+03       ***       ***  1.47e-12  1.47e-12  1.69e-10
1.2e+03       ***       ***  1.79e-12  1.79e-12   1.7e-10
1.3e+03       ***       ***  2.15e-12  2.15e-12  1.71e-10
1.4e+03       ***       ***  2.55e-12  2.55e-12  1.73e-10
1.5e+03       ***       ***  2.97e-12  2.97e-12  1.74e-10
1.6e+03       ***       ***  3.43e-12  3.43e-12  1.75e-10
1.7e+03       ***       ***  3.93e-12  3.93e-12  1.76e-10
1.8e+03       ***       ***  4.45e-12  4.45e-12  1.77e-10
1.9e+03       ***       ***  5.02e-12  5.02e-12  1.78e-10
  2e+03       ***       ***  5.61e-12  5.61e-12  1.79e-10
2.1e+03       ***       ***  6.24e-12  6.24e-12   1.8e-10
2.2e+03       ***       ***   6.9e-12   6.9e-12  1.82e-10
2.3e+03       ***       ***   7.6e-12   7.6e-12  1.83e-10
2.4e+03       ***       ***  8.32e-12  8.32e-12  1.83e-10
2.5e+03       ***       ***  9.07e-12  9.07e-12  1.84e-10

Reactant = P1   Pressure = 1 atm

   T(K)        W1        W2        P2      Loss   Capture
    500       ***       ***  1.98e-13  1.98e-13  1.63e-10
    600       ***       ***  3.26e-13  3.26e-13  1.63e-10
    700       ***       ***  4.87e-13  4.87e-13  1.64e-10
    800       ***       ***  6.82e-13  6.82e-13  1.65e-10
    900       ***       ***  9.11e-13  9.11e-13  1.66e-10
  1e+03       ***       ***  1.17e-12  1.17e-12  1.67e-10
1.1e+03       ***       ***  1.47e-12  1.47e-12  1.69e-10
1.2e+03       ***       ***  1.79e-12  1.79e-12   1.7e-10
1.3e+03       ***       ***  2.15e-12  2.15e-12  1.71e-10
1.4e+03       ***       ***  2.55e-12  2.55e-12  1.73e-10
1.5e+03       ***       ***  2.97e-12  2.97e-12  1.74e-10
1.6e+03       ***       ***  3.43e-12  3.43e-12  1.75e-10
1.7e+03       ***       ***  3.93e-12  3.93e-12  1.76e-10
1.8e+03       ***       ***  4.45e-12  4.45e-12  1.77e-10
1.9e+03       ***       ***  5.02e-12  5.02e-12  1.78e-10
  2e+03       ***       ***  5.61e-12  5.61e-12  1.79e-10
2.1e+03       ***       ***  6.24e-12  6.24e-12   1.8e-10
2.2e+03       ***       ***   6.9e-12   6.9e-12  1.82e-10
2.3e+03       ***       ***   7.6e-12   7.6e-12  1.83e-10
2.4e+03       ***       ***  8.32e-12  8.32e-12  1.83e-10
2.5e+03       ***       ***  9.07e-12  9.07e-12  1.84e-10

Reactant = P1   Pressure = 10 atm

   T(K)        W1        W2        P2      Loss   Capture
    500       ***       ***  1.98e-13  1.98e-13  1.63e-10
    600       ***       ***  3.26e-13  3.26e-13  1.63e-10
    700       ***       ***  4.87e-13  4.87e-13  1.64e-10
    800       ***       ***  6.82e-13  6.82e-13  1.65e-10
    900       ***       ***  9.11e-13  9.11e-13  1.66e-10
  1e+03       ***       ***  1.17e-12  1.17e-12  1.67e-10
1.1e+03       ***       ***  1.47e-12  1.47e-12  1.69e-10
1.2e+03       ***       ***  1.79e-12  1.79e-12   1.7e-10
1.3e+03       ***       ***  2.15e-12  2.15e-12  1.71e-10
1.4e+03       ***       ***  2.55e-12  2.55e-12  1.73e-10
1.5e+03       ***       ***  2.97e-12  2.97e-12  1.74e-10
1.6e+03       ***       ***  3.43e-12  3.43e-12  1.75e-10
1.7e+03       ***       ***  3.93e-12  3.93e-12  1.76e-10
1.8e+03       ***       ***  4.45e-12  4.45e-12  1.77e-10
1.9e+03       ***       ***  5.02e-12  5.02e-12  1.78e-10
  2e+03       ***       ***  5.61e-12  5.61e-12  1.79e-10
2.1e+03       ***       ***  6.24e-12  6.24e-12   1.8e-10
2.2e+03       ***       ***   6.9e-12   6.9e-12  1.82e-10
2.3e+03       ***       ***   7.6e-12   7.6e-12  1.83e-10
2.4e+03       ***       ***  8.32e-12  8.32e-12  1.83e-10
2.5e+03       ***       ***  9.07e-12  9.07e-12  1.84e-10

Reactant = P1   Pressure = 100 atm

   T(K)        W1        W2        P2      Loss   Capture
    500       ***       ***  1.98e-13  1.98e-13  1.63e-10
    600       ***       ***  3.26e-13  3.26e-13  1.63e-10
    700       ***       ***  4.87e-13  4.87e-13  1.64e-10
    800       ***       ***  6.82e-13  6.82e-13  1.65e-10
    900       ***       ***  9.11e-13  9.11e-13  1.66e-10
  1e+03       ***       ***  1.17e-12  1.17e-12  1.67e-10
1.1e+03       ***       ***  1.47e-12  1.47e-12  1.69e-10
1.2e+03       ***       ***  1.79e-12  1.79e-12   1.7e-10
1.3e+03       ***       ***  2.15e-12  2.15e-12  1.71e-10
1.4e+03       ***       ***  2.55e-12  2.55e-12  1.73e-10
1.5e+03       ***       ***  2.97e-12  2.97e-12  1.74e-10
1.6e+03       ***       ***  3.43e-12  3.43e-12  1.75e-10
1.7e+03       ***       ***  3.93e-12  3.93e-12  1.76e-10
1.8e+03       ***       ***  4.45e-12  4.45e-12  1.77e-10
1.9e+03       ***       ***  5.02e-12  5.02e-12  1.78e-10
  2e+03       ***       ***  5.61e-12  5.61e-12  1.79e-10
2.1e+03       ***       ***  6.24e-12  6.24e-12   1.8e-10
2.2e+03       ***       ***   6.9e-12   6.9e-12  1.82e-10
2.3e+03       ***       ***   7.6e-12   7.6e-12  1.83e-10
2.4e+03       ***       ***  8.32e-12  8.32e-12  1.83e-10
2.5e+03       ***       ***  9.07e-12  9.07e-12  1.84e-10

Reactant = P2   Pressure = 0.01 atm

   T(K)        W1        W2        P1      Loss   Capture
    500       ***       ***  3.15e-30 -7.45e-26  2.66e-10
    600       ***       ***  2.85e-27  8.21e-26  2.74e-10
    700       ***       ***  3.87e-25  3.58e-25  2.81e-10
    800       ***       ***   1.6e-23  1.62e-23  2.88e-10
    900       ***       ***  2.99e-22  2.99e-22  2.94e-10
  1e+03       ***       ***  3.19e-21  3.19e-21  2.99e-10
1.1e+03       ***       ***  2.26e-20  2.26e-20  3.04e-10
1.2e+03       ***       ***  1.18e-19  1.18e-19  3.08e-10
1.3e+03       ***       ***  4.84e-19  4.84e-19  3.12e-10
1.4e+03       ***       ***  1.65e-18  1.65e-18  3.16e-10
1.5e+03       ***       ***  4.83e-18  4.83e-18   3.2e-10
1.6e+03       ***       ***  1.25e-17  1.25e-17  3.23e-10
1.7e+03       ***       ***  2.92e-17  2.92e-17  3.27e-10
1.8e+03       ***       ***  6.27e-17  6.27e-17   3.3e-10
1.9e+03       ***       ***  1.25e-16  1.25e-16  3.33e-10
  2e+03       ***       ***  2.35e-16  2.35e-16  3.36e-10
2.1e+03       ***       ***  4.17e-16  4.17e-16  3.39e-10
2.2e+03       ***       ***  7.08e-16  7.08e-16  3.41e-10
2.3e+03       ***       ***  1.15e-15  1.15e-15  3.44e-10
2.4e+03       ***       ***  1.81e-15  1.81e-15  3.46e-10
2.5e+03       ***       ***  2.75e-15  2.75e-15  3.49e-10

Reactant = P2   Pressure = 0.1 atm

   T(K)        W1        W2        P1      Loss   Capture
    500       ***       ***  3.15e-30 -3.72e-26  2.66e-10
    600       ***       ***  2.85e-27  1.23e-25  2.74e-10
    700       ***       ***  3.87e-25  4.48e-25  2.81e-10
    800       ***       ***   1.6e-23  1.62e-23  2.88e-10
    900       ***       ***  2.99e-22  2.99e-22  2.94e-10
  1e+03       ***       ***  3.19e-21  3.19e-21  2.99e-10
1.1e+03       ***       ***  2.26e-20  2.26e-20  3.04e-10
1.2e+03       ***       ***  1.18e-19  1.18e-19  3.08e-10
1.3e+03       ***       ***  4.84e-19  4.84e-19  3.12e-10
1.4e+03       ***       ***  1.65e-18  1.65e-18  3.16e-10
1.5e+03       ***       ***  4.83e-18  4.83e-18   3.2e-10
1.6e+03       ***       ***  1.25e-17  1.25e-17  3.23e-10
1.7e+03       ***       ***  2.92e-17  2.92e-17  3.27e-10
1.8e+03       ***       ***  6.27e-17  6.27e-17   3.3e-10
1.9e+03       ***       ***  1.25e-16  1.25e-16  3.33e-10
  2e+03       ***       ***  2.35e-16  2.35e-16  3.36e-10
2.1e+03       ***       ***  4.17e-16  4.17e-16  3.39e-10
2.2e+03       ***       ***  7.08e-16  7.08e-16  3.41e-10
2.3e+03       ***       ***  1.15e-15  1.15e-15  3.44e-10
2.4e+03       ***       ***  1.81e-15  1.81e-15  3.46e-10
2.5e+03       ***       ***  2.75e-15  2.75e-15  3.49e-10

Reactant = P2   Pressure = 1 atm

   T(K)        W1        W2        P1      Loss   Capture
    500       ***       ***  3.15e-30 -3.72e-26  2.66e-10
    600       ***       ***  2.85e-27  1.64e-25  2.74e-10
    700       ***       ***  3.87e-25  4.48e-25  2.81e-10
    800       ***       ***   1.6e-23  1.62e-23  2.88e-10
    900       ***       ***  2.99e-22  2.99e-22  2.94e-10
  1e+03       ***       ***  3.19e-21  3.19e-21  2.99e-10
1.1e+03       ***       ***  2.26e-20  2.26e-20  3.04e-10
1.2e+03       ***       ***  1.18e-19  1.18e-19  3.08e-10
1.3e+03       ***       ***  4.84e-19  4.84e-19  3.12e-10
1.4e+03       ***       ***  1.65e-18  1.65e-18  3.16e-10
1.5e+03       ***       ***  4.83e-18  4.83e-18   3.2e-10
1.6e+03       ***       ***  1.25e-17  1.25e-17  3.23e-10
1.7e+03       ***       ***  2.92e-17  2.92e-17  3.27e-10
1.8e+03       ***       ***  6.27e-17  6.27e-17   3.3e-10
1.9e+03       ***       ***  1.25e-16  1.25e-16  3.33e-10
  2e+03       ***       ***  2.35e-16  2.35e-16  3.36e-10
2.1e+03       ***       ***  4.17e-16  4.17e-16  3.39e-10
2.2e+03       ***       ***  7.08e-16  7.08e-16  3.41e-10
2.3e+03       ***       ***  1.15e-15  1.15e-15  3.44e-10
2.4e+03       ***       ***  1.81e-15  1.81e-15  3.46e-10
2.5e+03       ***       ***  2.75e-15  2.75e-15  3.49e-10

Reactant = P2   Pressure = 10 atm

   T(K)        W1        W2        P1      Loss   Capture
    500       ***       ***  3.15e-30 -3.72e-26  2.66e-10
    600       ***       ***  2.85e-27  1.23e-25  2.74e-10
    700       ***       ***  3.87e-25  4.93e-25  2.81e-10
    800       ***       ***   1.6e-23  1.62e-23  2.88e-10
    900       ***       ***  2.99e-22  2.99e-22  2.94e-10
  1e+03       ***       ***  3.19e-21  3.19e-21  2.99e-10
1.1e+03       ***       ***  2.26e-20  2.26e-20  3.04e-10
1.2e+03       ***       ***  1.18e-19  1.18e-19  3.08e-10
1.3e+03       ***       ***  4.84e-19  4.84e-19  3.12e-10
1.4e+03       ***       ***  1.65e-18  1.65e-18  3.16e-10
1.5e+03       ***       ***  4.83e-18  4.83e-18   3.2e-10
1.6e+03       ***       ***  1.25e-17  1.25e-17  3.23e-10
1.7e+03       ***       ***  2.92e-17  2.92e-17  3.27e-10
1.8e+03       ***       ***  6.27e-17  6.27e-17   3.3e-10
1.9e+03       ***       ***  1.25e-16  1.25e-16  3.33e-10
  2e+03       ***       ***  2.35e-16  2.35e-16  3.36e-10
2.1e+03       ***       ***  4.17e-16  4.17e-16  3.39e-10
2.2e+03       ***       ***  7.08e-16  7.08e-16  3.41e-10
2.3e+03       ***       ***  1.15e-15  1.15e-15  3.44e-10
2.4e+03       ***       ***  1.81e-15  1.81e-15  3.46e-10
2.5e+03       ***       ***  2.75e-15  2.75e-15  3.49e-10

Reactant = P2   Pressure = 100 atm

   T(K)        W1        W2        P1      Loss   Capture
    500       ***       ***  3.15e-30 -3.72e-26  2.66e-10
    600       ***       ***  2.85e-27  1.64e-25  2.74e-10
    700       ***       ***  3.87e-25  3.58e-25  2.81e-10
    800       ***       ***   1.6e-23  1.62e-23  2.88e-10
    900       ***       ***  2.99e-22  2.99e-22  2.94e-10
  1e+03       ***       ***  3.19e-21  3.19e-21  2.99e-10
1.1e+03       ***       ***  2.26e-20  2.26e-20  3.04e-10
1.2e+03       ***       ***  1.18e-19  1.18e-19  3.08e-10
1.3e+03       ***       ***  4.84e-19  4.84e-19  3.12e-10
1.4e+03       ***       ***  1.65e-18  1.65e-18  3.16e-10
1.5e+03       ***       ***  4.83e-18  4.83e-18   3.2e-10
1.6e+03       ***       ***  1.25e-17  1.25e-17  3.23e-10
1.7e+03       ***       ***  2.92e-17  2.92e-17  3.27e-10
1.8e+03       ***       ***  6.27e-17  6.27e-17   3.3e-10
1.9e+03       ***       ***  1.25e-16  1.25e-16  3.33e-10
  2e+03       ***       ***  2.35e-16  2.35e-16  3.36e-10
2.1e+03       ***       ***  4.17e-16  4.17e-16  3.39e-10
2.2e+03       ***       ***  7.08e-16  7.08e-16  3.41e-10
2.3e+03       ***       ***  1.15e-15  1.15e-15  3.44e-10
2.4e+03       ***       ***  1.81e-15  1.81e-15  3.46e-10
2.5e+03       ***       ***  2.75e-15  2.75e-15  3.49e-10

______________________________________________________________________________________

Temperature-Pressure Rate Tables:

W1->W2

P\T           500       600       700       800       900     1e+03   1.1e+03   1.2e+03   1.3e+03   1.4e+03   1.5e+03   1.6e+03   1.7e+03   1.8e+03   1.9e+03     2e+03   2.1e+03   2.2e+03   2.3e+03   2.4e+03   2.5e+03
0.01          ***       ***       ***       ***       ***       ***       ***       ***       ***       ***       ***       ***       ***       ***       ***       ***       ***       ***       ***       ***       ***
0.1           ***       ***       ***       ***       ***       ***       ***       ***       ***       ***       ***       ***       ***       ***       ***       ***       ***       ***       ***       ***       ***
1             ***       ***       ***       ***       ***       ***       ***       ***       ***       ***       ***       ***       ***       ***       ***       ***       ***       ***       ***       ***       ***
10            ***       ***       ***       ***       ***       ***       ***       ***       ***       ***       ***       ***       ***       ***       ***       ***       ***       ***       ***       ***       ***
100           ***       ***       ***       ***       ***       ***       ***       ***       ***       ***       ***       ***       ***       ***       ***       ***       ***       ***       ***       ***       ***
O-O      1.12e+13  1.82e+13  2.58e+13  3.34e+13  4.07e+13  4.73e+13  5.32e+13  5.84e+13  6.29e+13  6.68e+13  7.02e+13   7.3e+13  7.55e+13  7.76e+13  7.94e+13  8.09e+13  8.21e+13  8.31e+13  8.39e+13  8.45e+13   8.5e+13

W1->P1

P\T           500       600       700       800       900     1e+03   1.1e+03   1.2e+03   1.3e+03   1.4e+03   1.5e+03   1.6e+03   1.7e+03   1.8e+03   1.9e+03     2e+03   2.1e+03   2.2e+03   2.3e+03   2.4e+03   2.5e+03
0.01          ***       ***       ***       ***       ***       ***       ***       ***       ***       ***       ***       ***       ***       ***       ***       ***       ***       ***       ***       ***       ***
0.1           ***       ***       ***       ***       ***       ***       ***       ***       ***       ***       ***       ***       ***       ***       ***       ***       ***       ***       ***       ***       ***
1             ***       ***       ***       ***       ***       ***       ***       ***       ***       ***       ***       ***       ***       ***       ***       ***       ***       ***       ***       ***       ***
10            ***       ***       ***       ***       ***       ***       ***       ***       ***       ***       ***       ***       ***       ***       ***       ***       ***       ***       ***       ***       ***
100           ***       ***       ***       ***       ***       ***       ***       ***       ***       ***       ***       ***       ***       ***       ***       ***       ***       ***       ***       ***       ***
O-O      9.21e+15   9.1e+15  8.66e+15  8.04e+15  7.37e+15  6.69e+15  6.05e+15  5.46e+15  4.93e+15  4.45e+15  4.02e+15  3.64e+15   3.3e+15     3e+15  2.73e+15  2.49e+15  2.28e+15  2.09e+15  1.92e+15  1.77e+15  1.63e+15

W1->P2

P\T           500       600       700       800       900     1e+03   1.1e+03   1.2e+03   1.3e+03   1.4e+03   1.5e+03   1.6e+03   1.7e+03   1.8e+03   1.9e+03     2e+03   2.1e+03   2.2e+03   2.3e+03   2.4e+03   2.5e+03
0.01          ***       ***       ***       ***       ***       ***       ***       ***       ***       ***       ***       ***       ***       ***       ***       ***       ***       ***       ***       ***       ***
0.1           ***       ***       ***       ***       ***       ***       ***       ***       ***       ***       ***       ***       ***       ***       ***       ***       ***       ***       ***       ***       ***
1             ***       ***       ***       ***       ***       ***       ***       ***       ***       ***       ***       ***       ***       ***       ***       ***       ***       ***       ***       ***       ***
10            ***       ***       ***       ***       ***       ***       ***       ***       ***       ***       ***       ***       ***       ***       ***       ***       ***       ***       ***       ***       ***
100           ***       ***       ***       ***       ***       ***       ***       ***       ***       ***       ***       ***       ***       ***       ***       ***       ***       ***       ***       ***       ***
O-O           ***       ***       ***       ***       ***       ***       ***       ***       ***       ***       ***       ***       ***       ***       ***       ***       ***       ***       ***       ***       ***

W2->W1

P\T           500       600       700       800       900     1e+03   1.1e+03   1.2e+03   1.3e+03   1.4e+03   1.5e+03   1.6e+03   1.7e+03   1.8e+03   1.9e+03     2e+03   2.1e+03   2.2e+03   2.3e+03   2.4e+03   2.5e+03
0.01          ***       ***       ***       ***       ***       ***       ***       ***       ***       ***       ***       ***       ***       ***       ***       ***       ***       ***       ***       ***       ***
0.1           ***       ***       ***       ***       ***       ***       ***       ***       ***       ***       ***       ***       ***       ***       ***       ***       ***       ***       ***       ***       ***
1             ***       ***       ***       ***       ***       ***       ***       ***       ***       ***       ***       ***       ***       ***       ***       ***       ***       ***       ***       ***       ***
10            ***       ***       ***       ***       ***       ***       ***       ***       ***       ***       ***       ***       ***       ***       ***       ***       ***       ***       ***       ***       ***
100           ***       ***       ***       ***       ***       ***       ***       ***       ***       ***       ***       ***       ***       ***       ***       ***       ***       ***       ***       ***       ***
O-O      5.24e-08  5.53e-05   0.00775     0.309      5.36      51.9       330  1.53e+03  5.55e+03  1.67e+04  4.33e+04  9.94e+04  2.06e+05  3.94e+05  7.02e+05  1.18e+06  1.88e+06  2.87e+06  4.21e+06  5.98e+06  8.25e+06

W2->P1

P\T           500       600       700       800       900     1e+03   1.1e+03   1.2e+03   1.3e+03   1.4e+03   1.5e+03   1.6e+03   1.7e+03   1.8e+03   1.9e+03     2e+03   2.1e+03   2.2e+03   2.3e+03   2.4e+03   2.5e+03
0.01          ***       ***       ***       ***       ***       ***       ***       ***       ***       ***       ***       ***       ***       ***       ***       ***       ***       ***       ***       ***       ***
0.1           ***       ***       ***       ***       ***       ***       ***       ***       ***       ***       ***       ***       ***       ***       ***       ***       ***       ***       ***       ***       ***
1             ***       ***       ***       ***       ***       ***       ***       ***       ***       ***       ***       ***       ***       ***       ***       ***       ***       ***       ***       ***       ***
10            ***       ***       ***       ***       ***       ***       ***       ***       ***       ***       ***       ***       ***       ***       ***       ***       ***       ***       ***       ***       ***
100           ***       ***       ***       ***       ***       ***       ***       ***       ***       ***       ***       ***       ***       ***       ***       ***       ***       ***       ***       ***       ***
O-O           ***       ***       ***       ***       ***       ***       ***       ***       ***       ***       ***       ***       ***       ***       ***       ***       ***       ***       ***       ***       ***

W2->P2

P\T           500       600       700       800       900     1e+03   1.1e+03   1.2e+03   1.3e+03   1.4e+03   1.5e+03   1.6e+03   1.7e+03   1.8e+03   1.9e+03     2e+03   2.1e+03   2.2e+03   2.3e+03   2.4e+03   2.5e+03
0.01          ***       ***       ***       ***       ***       ***       ***       ***       ***       ***       ***       ***       ***       ***       ***       ***       ***       ***       ***       ***       ***
0.1           ***       ***       ***       ***       ***       ***       ***       ***       ***       ***       ***       ***       ***       ***       ***       ***       ***       ***       ***       ***       ***
1             ***       ***       ***       ***       ***       ***       ***       ***       ***       ***       ***       ***       ***       ***       ***       ***       ***       ***       ***       ***       ***
10            ***       ***       ***       ***       ***       ***       ***       ***       ***       ***       ***       ***       ***       ***       ***       ***       ***       ***       ***       ***       ***
100           ***       ***       ***       ***       ***       ***       ***       ***       ***       ***       ***       ***       ***       ***       ***       ***       ***       ***       ***       ***       ***
O-O      4.42e+12  5.31e+12  5.62e+12  5.53e+12  5.23e+12  4.82e+12  4.37e+12  3.94e+12  3.53e+12  3.15e+12  2.81e+12  2.51e+12  2.25e+12  2.01e+12  1.81e+12  1.63e+12  1.46e+12  1.32e+12   1.2e+12  1.09e+12  9.88e+11

P1->W1

P\T           500       600       700       800       900     1e+03   1.1e+03   1.2e+03   1.3e+03   1.4e+03   1.5e+03   1.6e+03   1.7e+03   1.8e+03   1.9e+03     2e+03   2.1e+03   2.2e+03   2.3e+03   2.4e+03   2.5e+03
0.01          ***       ***       ***       ***       ***       ***       ***       ***       ***       ***       ***       ***       ***       ***       ***       ***       ***       ***       ***       ***       ***
0.1           ***       ***       ***       ***       ***       ***       ***       ***       ***       ***       ***       ***       ***       ***       ***       ***       ***       ***       ***       ***       ***
1             ***       ***       ***       ***       ***       ***       ***       ***       ***       ***       ***       ***       ***       ***       ***       ***       ***       ***       ***       ***       ***
10            ***       ***       ***       ***       ***       ***       ***       ***       ***       ***       ***       ***       ***       ***       ***       ***       ***       ***       ***       ***       ***
100           ***       ***       ***       ***       ***       ***       ***       ***       ***       ***       ***       ***       ***       ***       ***       ***       ***       ***       ***       ***       ***
O-O      1.63e-10  1.63e-10  1.64e-10  1.65e-10  1.66e-10  1.67e-10  1.69e-10   1.7e-10  1.71e-10  1.73e-10  1.74e-10  1.75e-10  1.76e-10  1.77e-10  1.78e-10  1.79e-10   1.8e-10  1.82e-10  1.83e-10  1.83e-10  1.84e-10

P1->W2

P\T           500       600       700       800       900     1e+03   1.1e+03   1.2e+03   1.3e+03   1.4e+03   1.5e+03   1.6e+03   1.7e+03   1.8e+03   1.9e+03     2e+03   2.1e+03   2.2e+03   2.3e+03   2.4e+03   2.5e+03
0.01          ***       ***       ***       ***       ***       ***       ***       ***       ***       ***       ***       ***       ***       ***       ***       ***       ***       ***       ***       ***       ***
0.1           ***       ***       ***       ***       ***       ***       ***       ***       ***       ***       ***       ***       ***       ***       ***       ***       ***       ***       ***       ***       ***
1             ***       ***       ***       ***       ***       ***       ***       ***       ***       ***       ***       ***       ***       ***       ***       ***       ***       ***       ***       ***       ***
10            ***       ***       ***       ***       ***       ***       ***       ***       ***       ***       ***       ***       ***       ***       ***       ***       ***       ***       ***       ***       ***
100           ***       ***       ***       ***       ***       ***       ***       ***       ***       ***       ***       ***       ***       ***       ***       ***       ***       ***       ***       ***       ***
O-O           ***       ***       ***       ***       ***       ***       ***       ***       ***       ***       ***       ***       ***       ***       ***       ***       ***       ***       ***       ***       ***

P1->P2

P\T           500       600       700       800       900     1e+03   1.1e+03   1.2e+03   1.3e+03   1.4e+03   1.5e+03   1.6e+03   1.7e+03   1.8e+03   1.9e+03     2e+03   2.1e+03   2.2e+03   2.3e+03   2.4e+03   2.5e+03
0.01     1.98e-13  3.26e-13  4.87e-13  6.82e-13  9.11e-13  1.17e-12  1.47e-12  1.79e-12  2.15e-12  2.55e-12  2.97e-12  3.43e-12  3.93e-12  4.45e-12  5.02e-12  5.61e-12  6.24e-12   6.9e-12   7.6e-12  8.32e-12  9.07e-12
0.1      1.98e-13  3.26e-13  4.87e-13  6.82e-13  9.11e-13  1.17e-12  1.47e-12  1.79e-12  2.15e-12  2.55e-12  2.97e-12  3.43e-12  3.93e-12  4.45e-12  5.02e-12  5.61e-12  6.24e-12   6.9e-12   7.6e-12  8.32e-12  9.07e-12
1        1.98e-13  3.26e-13  4.87e-13  6.82e-13  9.11e-13  1.17e-12  1.47e-12  1.79e-12  2.15e-12  2.55e-12  2.97e-12  3.43e-12  3.93e-12  4.45e-12  5.02e-12  5.61e-12  6.24e-12   6.9e-12   7.6e-12  8.32e-12  9.07e-12
10       1.98e-13  3.26e-13  4.87e-13  6.82e-13  9.11e-13  1.17e-12  1.47e-12  1.79e-12  2.15e-12  2.55e-12  2.97e-12  3.43e-12  3.93e-12  4.45e-12  5.02e-12  5.61e-12  6.24e-12   6.9e-12   7.6e-12  8.32e-12  9.07e-12
100      1.98e-13  3.26e-13  4.87e-13  6.82e-13  9.11e-13  1.17e-12  1.47e-12  1.79e-12  2.15e-12  2.55e-12  2.97e-12  3.43e-12  3.93e-12  4.45e-12  5.02e-12  5.61e-12  6.24e-12   6.9e-12   7.6e-12  8.32e-12  9.07e-12
O-O           ***       ***       ***       ***       ***       ***       ***       ***       ***       ***       ***       ***       ***       ***       ***       ***       ***       ***       ***       ***       ***

P2->W1

P\T           500       600       700       800       900     1e+03   1.1e+03   1.2e+03   1.3e+03   1.4e+03   1.5e+03   1.6e+03   1.7e+03   1.8e+03   1.9e+03     2e+03   2.1e+03   2.2e+03   2.3e+03   2.4e+03   2.5e+03
0.01          ***       ***       ***       ***       ***       ***       ***       ***       ***       ***       ***       ***       ***       ***       ***       ***       ***       ***       ***       ***       ***
0.1           ***       ***       ***       ***       ***       ***       ***       ***       ***       ***       ***       ***       ***       ***       ***       ***       ***       ***       ***       ***       ***
1             ***       ***       ***       ***       ***       ***       ***       ***       ***       ***       ***       ***       ***       ***       ***       ***       ***       ***       ***       ***       ***
10            ***       ***       ***       ***       ***       ***       ***       ***       ***       ***       ***       ***       ***       ***       ***       ***       ***       ***       ***       ***       ***
100           ***       ***       ***       ***       ***       ***       ***       ***       ***       ***       ***       ***       ***       ***       ***       ***       ***       ***       ***       ***       ***
O-O           ***       ***       ***       ***       ***       ***       ***       ***       ***       ***       ***       ***       ***       ***       ***       ***       ***       ***       ***       ***       ***

P2->W2

P\T           500       600       700       800       900     1e+03   1.1e+03   1.2e+03   1.3e+03   1.4e+03   1.5e+03   1.6e+03   1.7e+03   1.8e+03   1.9e+03     2e+03   2.1e+03   2.2e+03   2.3e+03   2.4e+03   2.5e+03
0.01          ***       ***       ***       ***       ***       ***       ***       ***       ***       ***       ***       ***       ***       ***       ***       ***       ***       ***       ***       ***       ***
0.1           ***       ***       ***       ***       ***       ***       ***       ***       ***       ***       ***       ***       ***       ***       ***       ***       ***       ***       ***       ***       ***
1             ***       ***       ***       ***       ***       ***       ***       ***       ***       ***       ***       ***       ***       ***       ***       ***       ***       ***       ***       ***       ***
10            ***       ***       ***       ***       ***       ***       ***       ***       ***       ***       ***       ***       ***       ***       ***       ***       ***       ***       ***       ***       ***
100           ***       ***       ***       ***       ***       ***       ***       ***       ***       ***       ***       ***       ***       ***       ***       ***       ***       ***       ***       ***       ***
O-O      2.66e-10  2.74e-10  2.81e-10  2.88e-10  2.94e-10  2.99e-10  3.04e-10  3.08e-10  3.12e-10  3.16e-10   3.2e-10  3.23e-10  3.27e-10   3.3e-10  3.33e-10  3.36e-10  3.39e-10  3.41e-10  3.44e-10  3.46e-10  3.49e-10

P2->P1

P\T           500       600       700       800       900     1e+03   1.1e+03   1.2e+03   1.3e+03   1.4e+03   1.5e+03   1.6e+03   1.7e+03   1.8e+03   1.9e+03     2e+03   2.1e+03   2.2e+03   2.3e+03   2.4e+03   2.5e+03
0.01     3.15e-30  2.85e-27  3.87e-25   1.6e-23  2.99e-22  3.19e-21  2.26e-20  1.18e-19  4.84e-19  1.65e-18  4.83e-18  1.25e-17  2.92e-17  6.27e-17  1.25e-16  2.35e-16  4.17e-16  7.08e-16  1.15e-15  1.81e-15  2.75e-15
0.1      3.15e-30  2.85e-27  3.87e-25   1.6e-23  2.99e-22  3.19e-21  2.26e-20  1.18e-19  4.84e-19  1.65e-18  4.83e-18  1.25e-17  2.92e-17  6.27e-17  1.25e-16  2.35e-16  4.17e-16  7.08e-16  1.15e-15  1.81e-15  2.75e-15
1        3.15e-30  2.85e-27  3.87e-25   1.6e-23  2.99e-22  3.19e-21  2.26e-20  1.18e-19  4.84e-19  1.65e-18  4.83e-18  1.25e-17  2.92e-17  6.27e-17  1.25e-16  2.35e-16  4.17e-16  7.08e-16  1.15e-15  1.81e-15  2.75e-15
10       3.15e-30  2.85e-27  3.87e-25   1.6e-23  2.99e-22  3.19e-21  2.26e-20  1.18e-19  4.84e-19  1.65e-18  4.83e-18  1.25e-17  2.92e-17  6.27e-17  1.25e-16  2.35e-16  4.17e-16  7.08e-16  1.15e-15  1.81e-15  2.75e-15
100      3.15e-30  2.85e-27  3.87e-25   1.6e-23  2.99e-22  3.19e-21  2.26e-20  1.18e-19  4.84e-19  1.65e-18  4.83e-18  1.25e-17  2.92e-17  6.27e-17  1.25e-16  2.35e-16  4.17e-16  7.08e-16  1.15e-15  1.81e-15  2.75e-15
O-O           ***       ***       ***       ***       ***       ***       ***       ***       ***       ***       ***       ***       ***       ***       ***       ***       ***       ***       ***       ***       ***

W1-> 

P\T           500       600       700       800       900     1e+03   1.1e+03   1.2e+03   1.3e+03   1.4e+03   1.5e+03   1.6e+03   1.7e+03   1.8e+03   1.9e+03     2e+03   2.1e+03   2.2e+03   2.3e+03   2.4e+03   2.5e+03
0.01          ***       ***       ***       ***       ***       ***       ***       ***       ***       ***       ***       ***       ***       ***       ***       ***       ***       ***       ***       ***       ***
0.1           ***       ***       ***       ***       ***       ***       ***       ***       ***       ***       ***       ***       ***       ***       ***       ***       ***       ***       ***       ***       ***
1             ***       ***       ***       ***       ***       ***       ***       ***       ***       ***       ***       ***       ***       ***       ***       ***       ***       ***       ***       ***       ***
10            ***       ***       ***       ***       ***       ***       ***       ***       ***       ***       ***       ***       ***       ***       ***       ***       ***       ***       ***       ***       ***
100           ***       ***       ***       ***       ***       ***       ***       ***       ***       ***       ***       ***       ***       ***       ***       ***       ***       ***       ***       ***       ***
O-O      9.22e+15  9.12e+15  8.68e+15  8.07e+15  7.41e+15  6.74e+15  6.11e+15  5.52e+15  4.99e+15  4.52e+15  4.09e+15  3.71e+15  3.38e+15  3.08e+15  2.81e+15  2.58e+15  2.36e+15  2.18e+15  2.01e+15  1.85e+15  1.72e+15

W2-> 

P\T           500       600       700       800       900     1e+03   1.1e+03   1.2e+03   1.3e+03   1.4e+03   1.5e+03   1.6e+03   1.7e+03   1.8e+03   1.9e+03     2e+03   2.1e+03   2.2e+03   2.3e+03   2.4e+03   2.5e+03
0.01          ***       ***       ***       ***       ***       ***       ***       ***       ***       ***       ***       ***       ***       ***       ***       ***       ***       ***       ***       ***       ***
0.1           ***       ***       ***       ***       ***       ***       ***       ***       ***       ***       ***       ***       ***       ***       ***       ***       ***       ***       ***       ***       ***
1             ***       ***       ***       ***       ***       ***       ***       ***       ***       ***       ***       ***       ***       ***       ***       ***       ***       ***       ***       ***       ***
10            ***       ***       ***       ***       ***       ***       ***       ***       ***       ***       ***       ***       ***       ***       ***       ***       ***       ***       ***       ***       ***
100           ***       ***       ***       ***       ***       ***       ***       ***       ***       ***       ***       ***       ***       ***       ***       ***       ***       ***       ***       ***       ***
O-O      4.42e+12  5.31e+12  5.62e+12  5.53e+12  5.23e+12  4.82e+12  4.37e+12  3.94e+12  3.53e+12  3.15e+12  2.81e+12  2.51e+12  2.25e+12  2.01e+12  1.81e+12  1.63e+12  1.46e+12  1.32e+12   1.2e+12  1.09e+12  9.88e+11

P1-> 

P\T           500       600       700       800       900     1e+03   1.1e+03   1.2e+03   1.3e+03   1.4e+03   1.5e+03   1.6e+03   1.7e+03   1.8e+03   1.9e+03     2e+03   2.1e+03   2.2e+03   2.3e+03   2.4e+03   2.5e+03
0.01     1.98e-13  3.26e-13  4.87e-13  6.82e-13  9.11e-13  1.17e-12  1.47e-12  1.79e-12  2.15e-12  2.55e-12  2.97e-12  3.43e-12  3.93e-12  4.45e-12  5.02e-12  5.61e-12  6.24e-12   6.9e-12   7.6e-12  8.32e-12  9.07e-12
0.1      1.98e-13  3.26e-13  4.87e-13  6.82e-13  9.11e-13  1.17e-12  1.47e-12  1.79e-12  2.15e-12  2.55e-12  2.97e-12  3.43e-12  3.93e-12  4.45e-12  5.02e-12  5.61e-12  6.24e-12   6.9e-12   7.6e-12  8.32e-12  9.07e-12
1        1.98e-13  3.26e-13  4.87e-13  6.82e-13  9.11e-13  1.17e-12  1.47e-12  1.79e-12  2.15e-12  2.55e-12  2.97e-12  3.43e-12  3.93e-12  4.45e-12  5.02e-12  5.61e-12  6.24e-12   6.9e-12   7.6e-12  8.32e-12  9.07e-12
10       1.98e-13  3.26e-13  4.87e-13  6.82e-13  9.11e-13  1.17e-12  1.47e-12  1.79e-12  2.15e-12  2.55e-12  2.97e-12  3.43e-12  3.93e-12  4.45e-12  5.02e-12  5.61e-12  6.24e-12   6.9e-12   7.6e-12  8.32e-12  9.07e-12
100      1.98e-13  3.26e-13  4.87e-13  6.82e-13  9.11e-13  1.17e-12  1.47e-12  1.79e-12  2.15e-12  2.55e-12  2.97e-12  3.43e-12  3.93e-12  4.45e-12  5.02e-12  5.61e-12  6.24e-12   6.9e-12   7.6e-12  8.32e-12  9.07e-12
O-O      1.63e-10  1.63e-10  1.64e-10  1.65e-10  1.66e-10  1.67e-10  1.69e-10   1.7e-10  1.71e-10  1.73e-10  1.74e-10  1.75e-10  1.76e-10  1.77e-10  1.78e-10  1.79e-10   1.8e-10  1.82e-10  1.83e-10  1.83e-10  1.84e-10

P2-> 

P\T           500       600       700       800       900     1e+03   1.1e+03   1.2e+03   1.3e+03   1.4e+03   1.5e+03   1.6e+03   1.7e+03   1.8e+03   1.9e+03     2e+03   2.1e+03   2.2e+03   2.3e+03   2.4e+03   2.5e+03
0.01    -7.45e-26  8.21e-26  3.58e-25  1.62e-23  2.99e-22  3.19e-21  2.26e-20  1.18e-19  4.84e-19  1.65e-18  4.83e-18  1.25e-17  2.92e-17  6.27e-17  1.25e-16  2.35e-16  4.17e-16  7.08e-16  1.15e-15  1.81e-15  2.75e-15
0.1     -3.72e-26  1.23e-25  4.48e-25  1.62e-23  2.99e-22  3.19e-21  2.26e-20  1.18e-19  4.84e-19  1.65e-18  4.83e-18  1.25e-17  2.92e-17  6.27e-17  1.25e-16  2.35e-16  4.17e-16  7.08e-16  1.15e-15  1.81e-15  2.75e-15
1       -3.72e-26  1.64e-25  4.48e-25  1.62e-23  2.99e-22  3.19e-21  2.26e-20  1.18e-19  4.84e-19  1.65e-18  4.83e-18  1.25e-17  2.92e-17  6.27e-17  1.25e-16  2.35e-16  4.17e-16  7.08e-16  1.15e-15  1.81e-15  2.75e-15
10      -3.72e-26  1.23e-25  4.93e-25  1.62e-23  2.99e-22  3.19e-21  2.26e-20  1.18e-19  4.84e-19  1.65e-18  4.83e-18  1.25e-17  2.92e-17  6.27e-17  1.25e-16  2.35e-16  4.17e-16  7.08e-16  1.15e-15  1.81e-15  2.75e-15
100     -3.72e-26  1.64e-25  3.58e-25  1.62e-23  2.99e-22  3.19e-21  2.26e-20  1.18e-19  4.84e-19  1.65e-18  4.83e-18  1.25e-17  2.92e-17  6.27e-17  1.25e-16  2.35e-16  4.17e-16  7.08e-16  1.15e-15  1.81e-15  2.75e-15
O-O      2.66e-10  2.74e-10  2.81e-10  2.88e-10  2.94e-10  2.99e-10  3.04e-10  3.08e-10  3.12e-10  3.16e-10   3.2e-10  3.23e-10  3.27e-10   3.3e-10  3.33e-10  3.36e-10  3.39e-10  3.41e-10  3.44e-10  3.46e-10  3.49e-10

