Names Translation Tables (<short name> - <original name>):
Wells:
   W1 - WR
   W2 - WP
Bimolecular products:
   P1 - C5H5CH3-1+OH
   P2 - C5H4CH3+H2O
Inner Barriers:
   B1 - B2
Outer Barriers:
   C1 - B1
   C2 - B3
    E, kcal/mol    D, mol/kcal         W1->W2         W1->P1
            0.1         294400              0    1.66511e+14
            0.2         631657              0    6.96885e+14
            0.3         974205              0     1.6316e+15
            0.4    1.33001e+06              0    2.97207e+15
            0.5    1.82349e+06              0    4.43497e+15
            0.6    2.31278e+06              0     6.4074e+15
            0.7    2.76825e+06              0    9.06608e+15
            0.8    3.59302e+06              0     1.1159e+16
            0.9    4.70691e+06              0    1.30564e+16
              1    6.12509e+06              0    1.48732e+16
            1.1    8.06876e+06              0    1.62684e+16
            1.2    1.03331e+07     5.3428e+09    1.78937e+16
            1.3    1.30836e+07    3.49335e+10    1.95522e+16
            1.4    1.62647e+07    7.44806e+10    2.14221e+16
            1.5    1.98857e+07    1.40631e+11    2.35322e+16
            1.6    2.41037e+07    2.25247e+11    2.57436e+16
            1.7    2.93375e+07    3.44703e+11    2.77131e+16
            1.8    3.56084e+07    4.81832e+11    2.95824e+16
            1.9    4.31051e+07    6.52782e+11    3.13427e+16
              2    5.23862e+07    8.43425e+11    3.27858e+16
            2.1    6.32492e+07    1.06468e+12     3.4249e+16
            2.2    7.53586e+07    1.32562e+12    3.59979e+16
            2.3    9.01643e+07     1.6118e+12    3.74317e+16
            2.4     1.0735e+08    1.93483e+12    3.88758e+16
            2.5    1.26806e+08    2.30031e+12    4.04599e+16
            2.6     1.5003e+08    2.69742e+12    4.18129e+16
            2.7    1.76755e+08    3.13271e+12    4.31759e+16
            2.8    2.08392e+08    3.59504e+12    4.43406e+16
            2.9    2.45148e+08    4.08956e+12    4.54377e+16
              3    2.87225e+08    4.62734e+12    4.65641e+16
            3.1    3.36276e+08    5.19031e+12    4.75788e+16
            3.2    3.92946e+08    5.78543e+12    4.85438e+16
            3.3    4.57557e+08    6.42249e+12    4.95446e+16
            3.4    5.31696e+08    7.09195e+12    5.05181e+16
            3.5     6.1712e+08    7.78953e+12    5.14244e+16
            3.6    7.14749e+08     8.5192e+12    5.23162e+16
            3.7    8.27059e+08    9.27205e+12    5.31356e+16
            3.8    9.55093e+08    1.00539e+13    5.39449e+16
            3.9    1.10221e+09    1.08544e+13     5.4677e+16
              4    1.26969e+09    1.16805e+13    5.53985e+16
            4.1    1.46025e+09    1.25331e+13    5.61046e+16
            4.2     1.6772e+09    1.34056e+13    5.67831e+16
            4.3    1.92415e+09    1.42979e+13    5.74283e+16
            4.4     2.2047e+09    1.52078e+13    5.80482e+16
            4.5    2.52125e+09    1.61486e+13    5.86867e+16
            4.6    2.88138e+09     1.7098e+13    5.92713e+16
            4.7    3.28932e+09     1.8063e+13    5.98307e+16
            4.8    3.74887e+09    1.90532e+13    6.04003e+16
            4.9    4.26959e+09    2.00517e+13     6.0927e+16
              5    4.85548e+09    2.10727e+13    6.14596e+16
            5.1    5.51684e+09    2.21048e+13    6.19652e+16
            5.2    6.26333e+09    2.31453e+13    6.24392e+16
            5.3    7.09986e+09    2.42114e+13    6.29306e+16
            5.4    8.04319e+09    2.52819e+13    6.33829e+16
            5.5    9.10355e+09    2.63632e+13    6.38164e+16
            5.6    1.02914e+10    2.74635e+13    6.42517e+16
            5.7    1.16252e+10    2.85715e+13    6.46632e+16
            5.8     1.3119e+10    2.96931e+13    6.50657e+16
            5.9    1.47924e+10    3.08247e+13    6.54526e+16
              6    1.66631e+10    3.19701e+13     6.5833e+16
            6.1    1.87564e+10     3.3123e+13     6.6195e+16
            6.2    2.10954e+10    3.42854e+13    6.65442e+16
            6.3    2.37049e+10    3.54609e+13    6.68878e+16
            6.4     2.6621e+10     3.6639e+13    6.72072e+16
            6.5    2.98654e+10    3.78355e+13    6.75322e+16
            6.6     3.3484e+10    3.90358e+13    6.78374e+16
            6.7    3.75165e+10    4.02413e+13    6.81259e+16
            6.8    4.19919e+10    4.14665e+13    6.84238e+16
            6.9    4.69787e+10    4.26901e+13    6.86954e+16
              7    5.25165e+10    4.39248e+13     6.8963e+16
            7.1    5.86641e+10     4.5169e+13    6.92244e+16
            7.2    6.54946e+10     4.6415e+13    6.94685e+16
            7.3     7.3064e+10     4.7673e+13    6.97111e+16
            7.4    8.14612e+10     4.8934e+13    6.99401e+16
            7.5    9.07586e+10    5.02052e+13    7.01657e+16
            7.6     1.0106e+11    5.14793e+13    7.03787e+16
            7.7    1.12454e+11    5.27624e+13     7.0588e+16
            7.8    1.25055e+11    5.40517e+13    7.07901e+16
            7.9    1.38997e+11    5.53276e+13    7.09791e+16
              8    1.54381e+11    5.66138e+13    7.11704e+16
            8.1    1.71388e+11    5.78981e+13    7.13463e+16
            8.2    1.90157e+11    5.91879e+13    7.15165e+16
            8.3    2.10846e+11    6.04868e+13    7.16857e+16
            8.4    2.33677e+11    6.17846e+13     7.1842e+16
            8.5    2.58825e+11    6.30898e+13    7.19958e+16
            8.6    2.86528e+11    6.43986e+13    7.21431e+16
            8.7    3.17031e+11    6.57104e+13    7.22835e+16
            8.8    3.50593e+11    6.70271e+13    7.24193e+16
            8.9     3.8751e+11    6.83468e+13    7.25491e+16
              9    4.28098e+11    6.96698e+13    7.26732e+16
            9.1    4.72709e+11    7.09948e+13    7.27907e+16
            9.2    5.21697e+11    7.23249e+13    7.29051e+16
            9.3    5.75493e+11    7.36565e+13    7.30129e+16
            9.4    6.34537e+11    7.49904e+13    7.31152e+16
            9.5    6.99287e+11    7.63293e+13    7.32149e+16
            9.6    7.70308e+11    7.76685e+13    7.33077e+16
            9.7    8.48145e+11    7.90106e+13    7.33963e+16
            9.8    9.33409e+11    8.03565e+13    7.34817e+16
            9.9     1.0268e+12    8.17028e+13    7.35611e+16
             10    1.12904e+12    8.30518e+13    7.36367e+16
           10.1     1.2409e+12    8.44033e+13    7.37086e+16
           10.2    1.36328e+12    8.57556e+13    7.37755e+16
           10.3    1.49708e+12    8.71104e+13    7.38389e+16
           10.4    1.64331e+12    8.84669e+13    7.38987e+16
           10.5     1.8031e+12    8.98242e+13    7.39538e+16
           10.6    1.97761e+12    9.11834e+13    7.40057e+16
           10.7    2.16813e+12    9.25442e+13     7.4054e+16
           10.8    2.37605e+12    9.39058e+13    7.40985e+16
           10.9     2.6029e+12    9.52684e+13    7.41394e+16
             11    2.85027e+12    9.66326e+13    7.41773e+16
           11.1    3.11997e+12    9.79973e+13    7.42115e+16
           11.2    3.41389e+12    9.93628e+13    7.42424e+16
           11.3    3.73407e+12     1.0073e+14    7.42706e+16
           11.4    4.08279e+12    1.02097e+14    7.42952e+16
           11.5    4.46243e+12    1.03464e+14    7.43168e+16
           11.6    4.87557e+12    1.04833e+14    7.43358e+16
           11.7    5.32507e+12    1.06202e+14    7.43515e+16
           11.8    5.81394e+12    1.07571e+14    7.43645e+16
           11.9    6.34544e+12    1.08941e+14    7.43749e+16
             12    6.92316e+12    1.10311e+14    7.43822e+16
           12.1    7.55085e+12    1.11681e+14    7.43872e+16
           12.2    8.23266e+12    1.13051e+14    7.43894e+16
           12.3    8.97302e+12    1.14421e+14     7.4389e+16
           12.4    9.77668e+12    1.15791e+14    7.43863e+16
           12.5    1.06489e+13    1.17161e+14     7.4381e+16
           12.6     1.1595e+13    1.18531e+14    7.43735e+16
           12.7    1.26212e+13    1.19901e+14    7.43634e+16
           12.8    1.37338e+13     1.2127e+14    7.43513e+16
           12.9    1.49397e+13     1.2264e+14    7.43369e+16
             13    1.62465e+13    1.24008e+14    7.43201e+16
           13.1    1.76621e+13    1.25377e+14    7.43016e+16
           13.2    1.91951e+13    1.26745e+14    7.42807e+16
           13.3    2.08549e+13    1.28112e+14    7.42579e+16
           13.4    2.26514e+13    1.29479e+14    7.42331e+16
           13.5    2.45953e+13    1.30845e+14    7.42062e+16
           13.6    2.66982e+13     1.3221e+14    7.41777e+16
           13.7    2.89724e+13    1.33575e+14     7.4147e+16
           13.8    3.14312e+13    1.34939e+14    7.41147e+16
           13.9     3.4089e+13    1.36302e+14    7.40806e+16
             14     3.6961e+13    1.37664e+14    7.40446e+16
           14.1    4.00637e+13    1.39025e+14    7.40072e+16
           14.2    4.34148e+13    1.40385e+14    7.39678e+16
           14.3    4.70332e+13    1.41744e+14     7.3927e+16
           14.4    5.09392e+13    1.43103e+14    7.38846e+16
           14.5    5.51548e+13     1.4446e+14    7.38405e+16
           14.6     5.9703e+13    1.45816e+14     7.3795e+16
           14.7    6.46093e+13     1.4717e+14    7.37479e+16
           14.8    6.99002e+13    1.48524e+14    7.36995e+16
           14.9    7.56047e+13    1.49877e+14    7.36496e+16
             15    8.17536e+13    1.51228e+14    7.35982e+16
           15.1    8.83798e+13    1.52577e+14    7.35456e+16
           15.2    9.55189e+13    1.53926e+14    7.34916e+16
           15.3    1.03209e+14    1.55273e+14    7.34363e+16
           15.4    1.11489e+14    1.56619e+14    7.33797e+16
           15.5    1.20405e+14    1.57963e+14    7.33219e+16
           15.6    1.30001e+14    1.59306e+14    7.32629e+16
           15.7    1.40328e+14    1.60647e+14    7.32026e+16
           15.8    1.51439e+14    1.61986e+14    7.31412e+16
           15.9     1.6339e+14    1.63325e+14    7.30787e+16
             16    1.76243e+14    1.64661e+14     7.3015e+16
           16.1    1.90062e+14    1.65996e+14    7.29503e+16
           16.2    2.04916e+14    1.67329e+14    7.28845e+16
           16.3     2.2088e+14    1.68661e+14    7.28177e+16
           16.4    2.38033e+14    1.69991e+14    7.27498e+16
           16.5     2.5646e+14    1.71319e+14    7.26809e+16
           16.6    2.76251e+14    1.72645e+14    7.26111e+16
           16.7    2.97502e+14     1.7397e+14    7.25403e+16
           16.8    3.20316e+14    1.75293e+14    7.24687e+16
           16.9    3.44804e+14    1.76614e+14    7.23961e+16
             17    3.71083e+14    1.77933e+14    7.23226e+16
           17.1    3.99278e+14    1.79251e+14    7.22482e+16
           17.2    4.29522e+14    1.80566e+14     7.2173e+16
           17.3    4.61958e+14     1.8188e+14     7.2097e+16
           17.4    4.96738e+14    1.83192e+14    7.20202e+16
           17.5    5.34024e+14    1.84501e+14    7.19426e+16
           17.6    5.73989e+14    1.85809e+14    7.18642e+16
           17.7    6.16816e+14    1.87115e+14    7.17851e+16
           17.8    6.62703e+14    1.88419e+14    7.17052e+16
           17.9    7.11857e+14    1.89721e+14    7.16246e+16
             18    7.64502e+14     1.9102e+14    7.15434e+16
           18.1    8.20875e+14    1.92318e+14    7.14614e+16
           18.2    8.81228e+14    1.93614e+14    7.13788e+16
           18.3    9.45831e+14    1.94907e+14    7.12955e+16
           18.4    1.01497e+15    1.96199e+14    7.12116e+16
           18.5    1.08895e+15    1.97488e+14    7.11271e+16
           18.6    1.16809e+15    1.98776e+14     7.1042e+16
           18.7    1.25275e+15    2.00061e+14    7.09563e+16
           18.8    1.34328e+15    2.01344e+14      7.087e+16
           18.9    1.44009e+15    2.02625e+14    7.07832e+16
             19    1.54357e+15    2.03903e+14    7.06958e+16
           19.1    1.65419e+15     2.0518e+14    7.06079e+16
           19.2     1.7724e+15    2.06454e+14    7.05194e+16
           19.3     1.8987e+15    2.07726e+14    7.04305e+16
           19.4    2.03364e+15    2.08996e+14    7.03411e+16
           19.5    2.17776e+15    2.10264e+14    7.02512e+16
           19.6    2.33168e+15    2.11529e+14    7.01608e+16
           19.7    2.49603e+15    2.12792e+14      7.007e+16
           19.8    2.67148e+15    2.14053e+14    6.99787e+16
           19.9    2.85876e+15    2.15312e+14    6.98871e+16
             20    3.05863e+15    2.16568e+14    6.97949e+16
           20.1    3.27191e+15    2.17822e+14    6.97024e+16
           20.2    3.49944e+15    2.19074e+14    6.96095e+16
           20.3    3.74215e+15    2.20323e+14    6.95162e+16
           20.4    4.00101e+15     2.2157e+14    6.94226e+16
           20.5    4.27705e+15    2.22815e+14    6.93285e+16
           20.6    4.57136e+15    2.24057e+14    6.92342e+16
           20.7     4.8851e+15    2.25297e+14    6.91394e+16
           20.8    5.21949e+15    2.26535e+14    6.90444e+16
           20.9    5.57585e+15     2.2777e+14     6.8949e+16
             21    5.95556e+15    2.29003e+14    6.88533e+16
           21.1    6.36009e+15    2.30234e+14    6.87573e+16
           21.2    6.79099e+15    2.31462e+14    6.86611e+16
           21.3     7.2499e+15    2.32688e+14    6.85645e+16
           21.4    7.73859e+15    2.33911e+14    6.84676e+16
           21.5    8.25889e+15    2.35132e+14    6.83705e+16
           21.6    8.81278e+15    2.36351e+14    6.82731e+16
           21.7    9.40233e+15    2.37567e+14    6.81755e+16
           21.8    1.00298e+16    2.38781e+14    6.80777e+16
           21.9    1.06974e+16    2.39993e+14    6.79796e+16
             22    1.14077e+16    2.41202e+14    6.78812e+16
           22.1    1.21632e+16    2.42408e+14    6.77827e+16
           22.2    1.29669e+16    2.43612e+14    6.76839e+16
           22.3    1.38215e+16    2.44814e+14     6.7585e+16
           22.4    1.47303e+16    2.46013e+14    6.74858e+16
           22.5    1.56964e+16     2.4721e+14    6.73865e+16
           22.6    1.67234e+16    2.48404e+14     6.7287e+16
           22.7     1.7815e+16    2.49596e+14    6.71873e+16
           22.8     1.8975e+16    2.50786e+14    6.70874e+16
           22.9    2.02076e+16    2.51973e+14    6.69874e+16
             23    2.15171e+16    2.53157e+14    6.68872e+16
           23.1    2.29081e+16    2.54339e+14    6.67869e+16
           23.2    2.43856e+16    2.55519e+14    6.66864e+16
           23.3    2.59546e+16    2.56696e+14    6.65858e+16
           23.4    2.76207e+16    2.57871e+14    6.64851e+16
           23.5    2.93896e+16    2.59043e+14    6.63842e+16
           23.6    3.12673e+16    2.60213e+14    6.62833e+16
           23.7    3.32603e+16     2.6138e+14    6.61822e+16
           23.8    3.53755e+16    2.62545e+14     6.6081e+16
           23.9      3.762e+16    2.63707e+14    6.59797e+16
             24    4.00013e+16    2.64867e+14    6.58783e+16
           24.1    4.25276e+16    2.66024e+14    6.57769e+16
           24.2    4.52073e+16    2.67179e+14    6.56753e+16
           24.3    4.80494e+16    2.68332e+14    6.55737e+16
           24.4    5.10633e+16    2.69481e+14     6.5472e+16
           24.5    5.42589e+16    2.70629e+14    6.53702e+16
           24.6    5.76469e+16    2.71774e+14    6.52684e+16
           24.7    6.12383e+16    2.72916e+14    6.51665e+16
           24.8    6.50449e+16    2.74056e+14    6.50646e+16
           24.9    6.90792e+16    2.75194e+14    6.49626e+16
             25     7.3354e+16    2.76329e+14    6.48605e+16
           25.1    7.78834e+16    2.77461e+14    6.47584e+16
           25.2    8.26818e+16    2.78591e+14    6.46563e+16
           25.3    8.77646e+16    2.79719e+14    6.45542e+16
           25.4     9.3148e+16    2.80844e+14     6.4452e+16
           25.5    9.88491e+16    2.81967e+14    6.43498e+16
           25.6    1.04886e+17    2.83087e+14    6.42476e+16
           25.7    1.11278e+17    2.84205e+14    6.41454e+16
           25.8    1.18044e+17     2.8532e+14    6.40431e+16
           25.9    1.25206e+17    2.86432e+14    6.39409e+16
             26    1.32787e+17    2.87543e+14    6.38386e+16
           26.1    1.40809e+17     2.8865e+14    6.37364e+16
           26.2    1.49298e+17    2.89756e+14    6.36341e+16
           26.3    1.58279e+17    2.90858e+14    6.35319e+16
           26.4     1.6778e+17    2.91959e+14    6.34297e+16
           26.5     1.7783e+17    2.93057e+14    6.33274e+16
           26.6     1.8846e+17    2.94152e+14    6.32252e+16
           26.7    1.99701e+17    2.95245e+14    6.31231e+16
           26.8    2.11588e+17    2.96335e+14    6.30209e+16
           26.9    2.24156e+17    2.97423e+14    6.29188e+16
             27    2.37443e+17    2.98509e+14    6.28167e+16
           27.1    2.51488e+17    2.99592e+14    6.27146e+16
           27.2    2.66334e+17    3.00672e+14    6.26126e+16
           27.3    2.82022e+17    3.01751e+14    6.25106e+16
           27.4    2.98601e+17    3.02826e+14    6.24087e+16
           27.5    3.16119e+17    3.03899e+14    6.23068e+16
           27.6    3.34626e+17     3.0497e+14     6.2205e+16
           27.7    3.54177e+17    3.06039e+14    6.21032e+16
           27.8    3.74827e+17    3.07104e+14    6.20014e+16
           27.9    3.96638e+17    3.08168e+14    6.18997e+16
             28    4.19671e+17    3.09229e+14    6.17981e+16
           28.1    4.43992e+17    3.10287e+14    6.16966e+16
           28.2    4.69671e+17    3.11344e+14     6.1595e+16
           28.3    4.96781e+17    3.12397e+14    6.14936e+16
           28.4    5.25398e+17    3.13449e+14    6.13922e+16
           28.5    5.55604e+17    3.14497e+14     6.1291e+16
           28.6    5.87483e+17    3.15544e+14    6.11897e+16
           28.7    6.21123e+17     3.1654e+14    6.10886e+16
           28.8     6.5662e+17    3.17526e+14    6.09875e+16
           28.9    6.94072e+17    3.18509e+14    6.08865e+16
             29    7.33582e+17     3.1949e+14    6.07856e+16
           29.1     7.7526e+17    3.20469e+14    6.06848e+16
           29.2    8.19219e+17    3.21445e+14    6.05841e+16
           29.3    8.65581e+17    3.22419e+14    6.04834e+16
           29.4    9.14471e+17     3.2339e+14    6.03829e+16
           29.5    9.66023e+17     3.2436e+14    6.02824e+16
           29.6    1.02038e+18    3.25326e+14     6.0182e+16
           29.7    1.07768e+18    3.26291e+14    6.00817e+16
           29.8    1.13808e+18    3.27253e+14    5.99816e+16
           29.9    1.20174e+18    3.28213e+14    5.98815e+16
             30    1.26884e+18     3.2917e+14    5.97815e+16
           30.1    1.33955e+18    3.30126e+14    5.96816e+16
           30.2    1.41406e+18    3.31078e+14    5.95818e+16
           30.3    1.49257e+18    3.32029e+14    5.94822e+16
           30.4    1.57527e+18    3.32977e+14    5.93826e+16
           30.5     1.6624e+18    3.33923e+14    5.92832e+16
           30.6    1.75417e+18    3.34867e+14    5.91838e+16
           30.7    1.85083e+18    3.35808e+14    5.90846e+16
           30.8    1.95262e+18    3.36747e+14    5.89855e+16
           30.9    2.05981e+18    3.37684e+14    5.88865e+16
             31    2.17268e+18    3.38618e+14    5.87876e+16
           31.1    2.29151e+18    3.39551e+14    5.86888e+16
           31.2     2.4166e+18    3.40481e+14    5.85902e+16
           31.3    2.54829e+18    3.41408e+14    5.84917e+16
           31.4    2.68689e+18    3.42334e+14    5.83933e+16
           31.5    2.83277e+18    3.43257e+14     5.8295e+16
           31.6    2.98628e+18    3.44178e+14    5.81968e+16
           31.7    3.14782e+18    3.45096e+14    5.80988e+16
           31.8    3.31779e+18    3.46013e+14    5.80009e+16
           31.9    3.49661e+18    3.46927e+14    5.79031e+16
             32    3.68473e+18    3.47839e+14    5.78055e+16
           32.1    3.88261e+18    3.48749e+14     5.7708e+16
           32.2    4.09075e+18    3.49656e+14    5.76106e+16
           32.3    4.30965e+18    3.50561e+14    5.75133e+16
           32.4    4.53985e+18    3.51464e+14    5.74162e+16
           32.5    4.78191e+18    3.52365e+14    5.73192e+16
           32.6    5.03643e+18    3.53264e+14    5.72224e+16
           32.7    5.30402e+18     3.5416e+14    5.71256e+16
           32.8    5.58533e+18    3.55055e+14    5.70291e+16
           32.9    5.88104e+18    3.55947e+14    5.69326e+16
             33    6.19185e+18    3.56837e+14    5.68363e+16
           33.1    6.51852e+18    3.57724e+14    5.67401e+16
           33.2    6.86181e+18     3.5861e+14    5.66441e+16
           33.3    7.22256e+18    3.59493e+14    5.65482e+16
           33.4    7.60161e+18    3.60374e+14    5.64525e+16
           33.5    7.99986e+18    3.61253e+14    5.63569e+16
           33.6    8.41824e+18     3.6213e+14    5.62615e+16
           33.7    8.85775e+18    3.63005e+14    5.61661e+16
           33.8    9.31941e+18    3.63878e+14     5.6071e+16
           33.9    9.80429e+18    3.64748e+14     5.5976e+16
             34    1.03135e+19    3.65616e+14    5.58811e+16
           34.1    1.08483e+19    3.66483e+14    5.57864e+16
           34.2    1.14098e+19    3.67347e+14    5.56918e+16
           34.3    1.19994e+19    3.68209e+14    5.55974e+16
           34.4    1.26184e+19    3.69068e+14    5.55031e+16
           34.5    1.32683e+19    3.69926e+14     5.5409e+16
           34.6    1.39504e+19    3.70782e+14     5.5315e+16
           34.7    1.46664e+19    3.71635e+14    5.52212e+16
           34.8    1.54179e+19    3.72487e+14    5.51275e+16
           34.9    1.62066e+19    3.73336e+14     5.5034e+16
             35    1.70342e+19    3.74183e+14    5.49406e+16
           35.1    1.79026e+19    3.75028e+14    5.48474e+16
           35.2    1.88138e+19    3.75871e+14    5.47543e+16
           35.3    1.97698e+19    3.76712e+14    5.46614e+16
           35.4    2.07727e+19    3.77551e+14    5.45686e+16
           35.5    2.18247e+19    3.78388e+14     5.4476e+16
           35.6    2.29282e+19    3.79223e+14    5.43836e+16
           35.7    2.40855e+19    3.80056e+14    5.42913e+16
           35.8    2.52993e+19    3.80887e+14    5.41992e+16
           35.9    2.65722e+19    3.81715e+14    5.41072e+16
             36    2.79069e+19    3.82542e+14    5.40154e+16
           36.1    2.93063e+19    3.83367e+14    5.39237e+16
           36.2    3.07736e+19    3.84189e+14    5.38322e+16
           36.3    3.23118e+19     3.8501e+14    5.37409e+16
           36.4    3.39243e+19    3.85828e+14    5.36497e+16
           36.5    3.56145e+19    3.86645e+14    5.35587e+16
           36.6    3.73861e+19    3.87459e+14    5.34678e+16
           36.7    3.92428e+19    3.88272e+14    5.33771e+16
           36.8    4.11886e+19    3.89083e+14    5.32865e+16
           36.9    4.32276e+19    3.89891e+14    5.31961e+16
             37    4.53641e+19    3.90698e+14    5.31059e+16
           37.1    4.76026e+19    3.91502e+14    5.30159e+16
           37.2    4.99479e+19    3.92305e+14    5.29259e+16
           37.3    5.24048e+19    3.93105e+14    5.28362e+16
           37.4    5.49784e+19    3.93904e+14    5.27466e+16
           37.5    5.76742e+19    3.94701e+14    5.26572e+16
           37.6    6.04978e+19    3.95496e+14    5.25679e+16
           37.7    6.34549e+19    3.96288e+14    5.24788e+16
           37.8    6.65517e+19    3.97079e+14    5.23899e+16
           37.9    6.97945e+19    3.97868e+14    5.23011e+16
             38    7.31901e+19    3.98655e+14    5.22125e+16
           38.1    7.67452e+19     3.9944e+14     5.2124e+16
           38.2    8.04673e+19    4.00223e+14    5.20358e+16
           38.3    8.43639e+19    4.01004e+14    5.19476e+16
           38.4    8.84428e+19    4.01784e+14    5.18597e+16
           38.5    9.27123e+19    4.02561e+14    5.17719e+16
           38.6     9.7181e+19    4.03336e+14    5.16842e+16
           38.7    1.01858e+20     4.0411e+14    5.15968e+16
           38.8    1.06752e+20    4.04881e+14    5.15095e+16
           38.9    1.11874e+20    4.05651e+14    5.14223e+16
             39    1.17234e+20    4.06419e+14    5.13353e+16
           39.1    1.22841e+20    4.07185e+14    5.12485e+16
           39.2    1.28708e+20    4.07949e+14    5.11619e+16
           39.3    1.34846e+20    4.08711e+14    5.10754e+16
           39.4    1.41266e+20    4.09471e+14     5.0989e+16
           39.5    1.47982e+20     4.1023e+14    5.09029e+16
           39.6    1.55007e+20    4.10986e+14    5.08169e+16
           39.7    1.62354e+20    4.11741e+14     5.0731e+16
           39.8    1.70038e+20    4.12494e+14    5.06454e+16
           39.9    1.78074e+20    4.13245e+14    5.05599e+16
             40    1.86477e+20    4.13994e+14    5.04745e+16
           40.1    1.95263e+20    4.14741e+14    5.03893e+16
           40.2    2.04449e+20    4.15487e+14    5.03043e+16
           40.3    2.14053e+20    4.16231e+14    5.02195e+16
           40.4    2.24094e+20    4.16972e+14    5.01348e+16
           40.5     2.3459e+20    4.17712e+14    5.00503e+16
           40.6    2.45561e+20    4.18451e+14    4.99659e+16
           40.7    2.57029e+20    4.19187e+14    4.98817e+16
           40.8    2.69014e+20    4.19922e+14    4.97977e+16
           40.9     2.8154e+20    4.20654e+14    4.97138e+16
             41     2.9463e+20    4.21385e+14    4.96301e+16
           41.1    3.08308e+20    4.22114e+14    4.95466e+16
           41.2    3.22601e+20    4.22842e+14    4.94632e+16
           41.3    3.37534e+20    4.23567e+14      4.938e+16
           41.4    3.53136e+20    4.24291e+14     4.9297e+16
           41.5    3.69436e+20    4.25013e+14    4.92141e+16
           41.6    3.86463e+20    4.25734e+14    4.91314e+16
           41.7     4.0425e+20    4.26452e+14    4.90488e+16
           41.8    4.22828e+20    4.27169e+14    4.89664e+16
           41.9    4.42231e+20    4.27884e+14    4.88842e+16
             42    4.62497e+20    4.28597e+14    4.88021e+16
           42.1     4.8366e+20    4.29309e+14    4.87202e+16
           42.2    5.05761e+20    4.30018e+14    4.86385e+16
           42.3    5.28838e+20    4.30726e+14    4.85569e+16
           42.4    5.52934e+20    4.31433e+14    4.84755e+16
           42.5    5.78092e+20    4.32137e+14    4.83942e+16
           42.6    6.04357e+20     4.3284e+14    4.83131e+16
           42.7    6.31777e+20    4.33541e+14    4.82322e+16
           42.8    6.60401e+20     4.3424e+14    4.81514e+16
           42.9    6.90279e+20    4.34938e+14    4.80708e+16
             43    7.21465e+20    4.35634e+14    4.79904e+16
           43.1    7.54014e+20    4.36328e+14    4.79101e+16
           43.2    7.87984e+20    4.37021e+14      4.783e+16
           43.3    8.23435e+20    4.37711e+14      4.775e+16
           43.4    8.60429e+20    4.38401e+14    4.76702e+16
           43.5    8.99031e+20    4.39088e+14    4.75906e+16
           43.6    9.39309e+20    4.39774e+14    4.75111e+16
           43.7    9.81333e+20    4.40458e+14    4.74318e+16
           43.8    1.02518e+21     4.4114e+14    4.73527e+16
           43.9    1.07092e+21    4.41821e+14    4.72737e+16
             44    1.11863e+21      4.425e+14    4.71949e+16
           44.1     1.1684e+21    4.43177e+14    4.71162e+16
           44.2    1.22031e+21    4.43853e+14    4.70377e+16
           44.3    1.27446e+21    4.44527e+14    4.69593e+16
           44.4    1.33093e+21      4.452e+14    4.68811e+16
           44.5    1.38982e+21    4.45871e+14    4.68031e+16
           44.6    1.45124e+21     4.4654e+14    4.67252e+16
           44.7    1.51528e+21    4.47207e+14    4.66475e+16
           44.8    1.58206e+21    4.47873e+14      4.657e+16
           44.9    1.65168e+21    4.48537e+14    4.64926e+16
             45    1.72427e+21      4.492e+14    4.64153e+16
           45.1    1.79995e+21    4.49861e+14    4.63383e+16
           45.2    1.87885e+21    4.50521e+14    4.62613e+16
           45.3    1.96109e+21    4.51178e+14    4.61846e+16
           45.4    2.04681e+21    4.51834e+14     4.6108e+16
           45.5    2.13617e+21    4.52489e+14    4.60315e+16
           45.6     2.2293e+21    4.53142e+14    4.59552e+16
           45.7    2.32635e+21    4.53793e+14    4.58791e+16
           45.8     2.4275e+21    4.54443e+14    4.58031e+16
           45.9    2.53291e+21    4.55091e+14    4.57273e+16
             46    2.64275e+21    4.55738e+14    4.56516e+16
           46.1     2.7572e+21    4.56383e+14    4.55761e+16
           46.2    2.87645e+21    4.57027e+14    4.55008e+16
           46.3    3.00069e+21    4.57668e+14    4.54256e+16
           46.4    3.13012e+21    4.58309e+14    4.53506e+16
           46.5    3.26497e+21    4.58948e+14    4.52757e+16
           46.6    3.40543e+21    4.59585e+14    4.52009e+16
           46.7    3.55175e+21     4.6022e+14    4.51264e+16
           46.8    3.70415e+21    4.60854e+14    4.50519e+16
           46.9    3.86289e+21    4.61487e+14    4.49777e+16
             47    4.02821e+21    4.62118e+14    4.49036e+16
           47.1    4.20038e+21    4.62748e+14    4.48296e+16
           47.2    4.37968e+21    4.63375e+14    4.47558e+16
           47.3    4.56639e+21    4.64002e+14    4.46822e+16
           47.4     4.7608e+21    4.64627e+14    4.46087e+16
           47.5    4.96324e+21     4.6525e+14    4.45353e+16
           47.6      5.174e+21    4.65872e+14    4.44621e+16
           47.7    5.39344e+21    4.66492e+14    4.43891e+16
           47.8    5.62188e+21    4.67111e+14    4.43162e+16
           47.9     5.8597e+21    4.67728e+14    4.42435e+16
             48    6.10726e+21    4.68344e+14    4.41709e+16
           48.1    6.36495e+21    4.68958e+14    4.40984e+16
           48.2    6.63317e+21    4.69571e+14    4.40262e+16
           48.3    6.91233e+21    4.70182e+14     4.3954e+16
           48.4    7.20287e+21    4.70792e+14     4.3882e+16
           48.5    7.50524e+21    4.71401e+14    4.38102e+16
           48.6    7.81991e+21    4.72007e+14    4.37385e+16
           48.7    8.14735e+21    4.72613e+14     4.3667e+16
           48.8    8.48807e+21    4.73217e+14    4.35956e+16
           48.9    8.84259e+21    4.73819e+14    4.35244e+16
             49    9.21146e+21     4.7442e+14    4.34533e+16
           49.1    9.59523e+21    4.75019e+14    4.33824e+16
           49.2    9.99448e+21    4.75618e+14    4.33116e+16
           49.3    1.04098e+22    4.76214e+14     4.3241e+16
           49.4    1.08419e+22    4.76809e+14    4.31705e+16
           49.5    1.12913e+22    4.77403e+14    4.31001e+16
           49.6    1.17588e+22    4.77995e+14    4.30299e+16
           49.7    1.22451e+22    4.78586e+14    4.29599e+16
           49.8    1.27508e+22    4.79175e+14      4.289e+16
           49.9    1.32767e+22    4.79763e+14    4.28202e+16
             50    1.38237e+22     4.8035e+14    4.27506e+16
           50.1    1.43925e+22    4.80935e+14    4.26811e+16
           50.2    1.49839e+22    4.81518e+14    4.26118e+16
           50.3    1.55989e+22    4.82101e+14    4.25427e+16
           50.4    1.62384e+22    4.82681e+14    4.24736e+16
           50.5    1.69033e+22    4.83261e+14    4.24048e+16
           50.6    1.75945e+22    4.83839e+14     4.2336e+16
           50.7    1.83131e+22    4.84415e+14    4.22674e+16
           50.8    1.90602e+22    4.84991e+14     4.2199e+16
           50.9    1.98368e+22    4.85564e+14    4.21307e+16
             51     2.0644e+22    4.86137e+14    4.20625e+16
           51.1    2.14831e+22    4.86708e+14    4.19945e+16
           51.2    2.23552e+22    4.87277e+14    4.19266e+16
           51.3    2.32616e+22    4.87842e+14    4.18589e+16
           51.4    2.42037e+22    4.88401e+14    4.17913e+16
           51.5    2.51827e+22    4.88959e+14    4.17238e+16
           51.6    2.62001e+22    4.89516e+14    4.16565e+16
           51.7    2.72573e+22    4.90071e+14    4.15894e+16
           51.8    2.83558e+22    4.90625e+14    4.15223e+16
           51.9    2.94972e+22    4.91177e+14    4.14555e+16
             52    3.06832e+22    4.91728e+14    4.13887e+16
           52.1    3.19154e+22    4.92278e+14    4.13221e+16
           52.2    3.31955e+22    4.92827e+14    4.12556e+16
           52.3    3.45254e+22    4.93374e+14    4.11893e+16
           52.4    3.59069e+22     4.9392e+14    4.11231e+16
           52.5     3.7342e+22    4.94464e+14    4.10571e+16
           52.6    3.88327e+22    4.95008e+14    4.09912e+16
           52.7     4.0381e+22     4.9555e+14    4.09254e+16
           52.8    4.19892e+22     4.9609e+14    4.08598e+16
           52.9    4.36594e+22    4.96629e+14    4.07943e+16
             53    4.53941e+22    4.97167e+14    4.07289e+16
           53.1    4.71955e+22    4.97704e+14    4.06637e+16
           53.2    4.90663e+22    4.98239e+14    4.05986e+16
           53.3    5.10089e+22    4.98774e+14    4.05337e+16
           53.4     5.3026e+22    4.99306e+14    4.04689e+16
           53.5    5.51205e+22    4.99838e+14    4.04042e+16
           53.6    5.72951e+22    5.00368e+14    4.03397e+16
           53.7    5.95529e+22    5.00897e+14    4.02753e+16
           53.8     6.1897e+22    5.01424e+14     4.0211e+16
           53.9    6.43304e+22    5.01951e+14    4.01469e+16
             54    6.68566e+22    5.02476e+14    4.00829e+16
           54.1     6.9479e+22       5.03e+14    4.00191e+16
           54.2    7.22011e+22    5.03522e+14    3.99553e+16
           54.3    7.50266e+22    5.04043e+14    3.98917e+16
           54.4    7.79592e+22    5.04563e+14    3.98283e+16
           54.5     8.1003e+22    5.05082e+14     3.9765e+16
           54.6     8.4162e+22      5.056e+14    3.97018e+16
           54.7    8.74404e+22    5.06116e+14    3.96387e+16
           54.8    9.08426e+22    5.06631e+14    3.95758e+16
           54.9    9.43731e+22    5.07144e+14     3.9513e+16
             55    9.80367e+22    5.07657e+14    3.94503e+16
           55.1    1.01838e+23    5.08168e+14    3.93878e+16
           55.2    1.05782e+23    5.08678e+14    3.93254e+16
           55.3    1.09875e+23    5.09187e+14    3.92631e+16
           55.4    1.14121e+23    5.09694e+14     3.9201e+16
           55.5    1.18526e+23    5.10201e+14     3.9139e+16
           55.6    1.23096e+23    5.10706e+14    3.90771e+16
           55.7    1.27836e+23     5.1121e+14    3.90154e+16
           55.8    1.32754e+23    5.11712e+14    3.89538e+16
           55.9    1.37855e+23    5.12214e+14    3.88923e+16
             56    1.43147e+23    5.12714e+14    3.88309e+16
           56.1    1.48635e+23    5.13213e+14    3.87697e+16
           56.2    1.54327e+23    5.13711e+14    3.87086e+16
           56.3     1.6023e+23    5.14207e+14    3.86476e+16
           56.4    1.66353e+23    5.14702e+14    3.85868e+16
           56.5    1.72702e+23    5.15197e+14     3.8526e+16
           56.6    1.79287e+23     5.1569e+14    3.84654e+16
           56.7    1.86114e+23    5.16181e+14     3.8405e+16
           56.8    1.93194e+23    5.16672e+14    3.83446e+16
           56.9    2.00535e+23    5.17161e+14    3.82844e+16
             57    2.08147e+23     5.1765e+14    3.82244e+16
           57.1    2.16038e+23    5.18137e+14    3.81644e+16
           57.2     2.2422e+23    5.18622e+14    3.81046e+16
           57.3    2.32703e+23    5.19107e+14    3.80449e+16
           57.4    2.41496e+23    5.19591e+14    3.79853e+16
           57.5    2.50612e+23    5.20073e+14    3.79258e+16
           57.6    2.60061e+23    5.20554e+14    3.78665e+16
           57.7    2.69856e+23    5.21034e+14    3.78073e+16
           57.8    2.80009e+23    5.21513e+14    3.77482e+16
           57.9    2.90533e+23    5.21991e+14    3.76892e+16
             58    3.01439e+23    5.22467e+14    3.76304e+16
           58.1    3.12743e+23    5.22943e+14    3.75717e+16
           58.2    3.24458e+23    5.23417e+14    3.75131e+16
           58.3    3.36599e+23     5.2389e+14    3.74546e+16
           58.4     3.4918e+23    5.24362e+14    3.73962e+16
           58.5    3.62218e+23    5.24833e+14     3.7338e+16
           58.6    3.75727e+23    5.25302e+14    3.72799e+16
           58.7    3.89725e+23    5.25771e+14    3.72219e+16
           58.8    4.04229e+23    5.26238e+14    3.71641e+16
           58.9    4.19257e+23    5.26705e+14    3.71063e+16
             59    4.34826e+23     5.2717e+14    3.70487e+16
           59.1    4.50957e+23    5.27634e+14    3.69912e+16
           59.2    4.67667e+23    5.28097e+14    3.69338e+16
           59.3    4.84979e+23    5.28558e+14    3.68765e+16
           59.4    5.02912e+23    5.29019e+14    3.68194e+16
           59.5    5.21488e+23    5.29479e+14    3.67624e+16
           59.6    5.40729e+23    5.29937e+14    3.67055e+16
           59.7     5.6066e+23    5.30394e+14    3.66487e+16
           59.8    5.81303e+23    5.30851e+14     3.6592e+16
           59.9    6.02683e+23    5.31306e+14    3.65355e+16
             60    6.24826e+23     5.3176e+14     3.6479e+16
           60.1    6.47759e+23    5.32213e+14    3.64227e+16
           60.2    6.71508e+23    5.32665e+14    3.63665e+16
           60.3    6.96101e+23    5.33115e+14    3.63104e+16
           60.4    7.21569e+23    5.33565e+14    3.62545e+16
           60.5     7.4794e+23    5.34014e+14    3.61986e+16
           60.6    7.75246e+23    5.34461e+14    3.61429e+16
           60.7     8.0352e+23    5.34907e+14    3.60873e+16
           60.8    8.32793e+23    5.35353e+14    3.60318e+16
           60.9    8.63102e+23    5.35797e+14    3.59764e+16
             61     8.9448e+23     5.3624e+14    3.59211e+16
           61.1    9.26966e+23    5.36682e+14    3.58659e+16
           61.2    9.60596e+23    5.37123e+14    3.58109e+16
           61.3     9.9541e+23    5.37563e+14     3.5756e+16
           61.4    1.03145e+24    5.38002e+14    3.57011e+16
           61.5    1.06875e+24     5.3844e+14    3.56464e+16
           61.6    1.10736e+24    5.38877e+14    3.55919e+16
           61.7    1.14733e+24    5.39313e+14    3.55374e+16
           61.8     1.1887e+24    5.39747e+14     3.5483e+16
           61.9    1.23151e+24    5.40181e+14    3.54288e+16
             62    1.27582e+24    5.40614e+14    3.53746e+16
           62.1    1.32168e+24    5.41045e+14    3.53206e+16
           62.2    1.36913e+24    5.41476e+14    3.52667e+16
           62.3    1.41824e+24    5.41905e+14    3.52129e+16
           62.4    1.46906e+24    5.42334e+14    3.51592e+16
           62.5    1.52164e+24    5.42761e+14    3.51056e+16
           62.6    1.57605e+24    5.43188e+14    3.50521e+16
           62.7    1.63235e+24    5.43613e+14    3.49988e+16
           62.8     1.6906e+24    5.44037e+14    3.49455e+16
           62.9    1.75087e+24    5.44461e+14    3.48924e+16
             63    1.81322e+24    5.44883e+14    3.48393e+16
           63.1    1.87773e+24    5.45304e+14    3.47864e+16
           63.2    1.94447e+24    5.45724e+14    3.47336e+16
           63.3     2.0135e+24    5.46144e+14    3.46809e+16
           63.4    2.08492e+24    5.46562e+14    3.46283e+16
           63.5    2.15879e+24    5.46979e+14    3.45758e+16
           63.6     2.2352e+24    5.47395e+14    3.45234e+16
           63.7    2.31424e+24     5.4781e+14    3.44712e+16
           63.8    2.39599e+24    5.48225e+14     3.4419e+16
           63.9    2.48054e+24    5.48638e+14    3.43669e+16
             64    2.56799e+24     5.4905e+14     3.4315e+16
           64.1    2.65843e+24    5.49461e+14    3.42631e+16
           64.2    2.75196e+24    5.49872e+14    3.42114e+16
           64.3    2.84869e+24    5.50281e+14    3.41598e+16
           64.4    2.94871e+24    5.50689e+14    3.41082e+16
           64.5    3.05215e+24    5.51096e+14    3.40568e+16
           64.6     3.1591e+24    5.51503e+14    3.40055e+16
           64.7    3.26969e+24    5.51908e+14    3.39543e+16
           64.8    3.38404e+24    5.52312e+14    3.39032e+16
           64.9    3.50228e+24    5.52716e+14    3.38522e+16
             65    3.62452e+24    5.53118e+14    3.38013e+16
           65.1     3.7509e+24    5.53519e+14    3.37505e+16
           65.2    3.88156e+24     5.5392e+14    3.36998e+16
           65.3    4.01664e+24    5.54319e+14    3.36492e+16
           65.4    4.15628e+24    5.54718e+14    3.35987e+16
           65.5    4.30063e+24    5.55115e+14    3.35484e+16
           65.6    4.44985e+24    5.55512e+14    3.34981e+16
           65.7    4.60409e+24    5.55907e+14    3.34479e+16
           65.8    4.76352e+24    5.56302e+14    3.33978e+16
           65.9    4.92832e+24    5.56696e+14    3.33479e+16
             66    5.09864e+24    5.57089e+14     3.3298e+16
           66.1    5.27468e+24     5.5748e+14    3.32482e+16
           66.2    5.45662e+24    5.57871e+14    3.31986e+16
           66.3    5.64466e+24    5.58261e+14     3.3149e+16
           66.4    5.83898e+24     5.5865e+14    3.30996e+16
           66.5     6.0398e+24    5.59038e+14    3.30502e+16
           66.6    6.24732e+24    5.59425e+14    3.30009e+16
           66.7    6.46176e+24    5.59812e+14    3.29518e+16
           66.8    6.68335e+24    5.60197e+14    3.29027e+16
           66.9    6.91231e+24    5.60581e+14    3.28537e+16
             67    7.14889e+24    5.60965e+14    3.28049e+16
           67.1    7.39333e+24    5.61347e+14    3.27561e+16
           67.2    7.64589e+24    5.61729e+14    3.27075e+16
           67.3    7.90682e+24    5.62109e+14    3.26589e+16
           67.4    8.17639e+24    5.62489e+14    3.26104e+16
           67.5    8.45489e+24    5.62868e+14    3.25621e+16
           67.6     8.7426e+24    5.63246e+14    3.25138e+16
           67.7    9.03981e+24    5.63623e+14    3.24656e+16
           67.8    9.34683e+24    5.63999e+14    3.24175e+16
           67.9    9.66398e+24    5.64374e+14    3.23696e+16
             68    9.99157e+24    5.64748e+14    3.23217e+16
           68.1    1.03299e+25    5.65121e+14    3.22739e+16
           68.2    1.06794e+25    5.65494e+14    3.22262e+16
           68.3    1.10404e+25    5.65865e+14    3.21786e+16
           68.4    1.14133e+25    5.66236e+14    3.21311e+16
           68.5    1.17983e+25    5.66606e+14    3.20837e+16
           68.6     1.2196e+25    5.66975e+14    3.20364e+16
           68.7    1.26066e+25    5.67343e+14    3.19892e+16
           68.8    1.30308e+25     5.6771e+14    3.19421e+16
           68.9    1.34687e+25    5.68076e+14    3.18951e+16
             69     1.3921e+25    5.68441e+14    3.18481e+16
           69.1     1.4388e+25    5.68806e+14    3.18013e+16
           69.2    1.48702e+25    5.69169e+14    3.17546e+16
           69.3    1.53681e+25    5.69532e+14    3.17079e+16
           69.4    1.58822e+25    5.69894e+14    3.16614e+16
           69.5    1.64129e+25    5.70254e+14    3.16149e+16
           69.6    1.69609e+25    5.70615e+14    3.15686e+16
           69.7    1.75267e+25    5.70974e+14    3.15223e+16
           69.8    1.81108e+25    5.71332e+14    3.14761e+16
           69.9    1.87138e+25    5.71689e+14    3.14301e+16
             70    1.93363e+25    5.72046e+14    3.13841e+16
           70.1    1.99789e+25    5.72402e+14    3.13382e+16
           70.2    2.06423e+25    5.72757e+14    3.12924e+16
           70.3     2.1327e+25    5.73111e+14    3.12466e+16
           70.4    2.20338e+25    5.73464e+14     3.1201e+16
           70.5    2.27634e+25    5.73816e+14    3.11555e+16
           70.6    2.35164e+25    5.74167e+14    3.11101e+16
           70.7    2.42935e+25    5.74518e+14    3.10647e+16
           70.8    2.50957e+25    5.74868e+14    3.10194e+16
           70.9    2.59235e+25    5.75217e+14    3.09743e+16
             71    2.67779e+25    5.75565e+14    3.09292e+16
           71.1    2.76596e+25    5.75912e+14    3.08842e+16
           71.2    2.85695e+25    5.76258e+14    3.08393e+16
           71.3    2.95085e+25    5.76604e+14    3.07945e+16
           71.4    3.04774e+25    5.76948e+14    3.07498e+16
           71.5    3.14773e+25    5.77292e+14    3.07052e+16
           71.6     3.2509e+25    5.77635e+14    3.06606e+16
           71.7    3.35735e+25    5.77978e+14    3.06162e+16
           71.8    3.46719e+25    5.78319e+14    3.05718e+16
           71.9    3.58052e+25    5.78659e+14    3.05275e+16
             72    3.69745e+25    5.78999e+14    3.04833e+16
           72.1    3.81809e+25    5.79338e+14    3.04392e+16
           72.2    3.94255e+25    5.79676e+14    3.03952e+16
           72.3    4.07095e+25    5.80013e+14    3.03513e+16
           72.4    4.20341e+25     5.8035e+14    3.03075e+16
           72.5    4.34006e+25    5.80685e+14    3.02637e+16
           72.6    4.48102e+25     5.8102e+14      3.022e+16
           72.7    4.62643e+25    5.81354e+14    3.01765e+16
           72.8    4.77642e+25    5.81687e+14     3.0133e+16
           72.9    4.93113e+25     5.8202e+14    3.00896e+16
             73    5.09072e+25    5.82351e+14    3.00462e+16
           73.1    5.25531e+25    5.82682e+14     3.0003e+16
           73.2    5.42508e+25    5.83012e+14    2.99599e+16
           73.3    5.60018e+25    5.83341e+14    2.99168e+16
           73.4    5.78076e+25     5.8367e+14    2.98738e+16
           73.5      5.967e+25    5.83997e+14    2.98309e+16
           73.6    6.15907e+25    5.84324e+14    2.97881e+16
           73.7    6.35714e+25     5.8465e+14    2.97454e+16
           73.8     6.5614e+25    5.84975e+14    2.97027e+16
           73.9    6.77204e+25      5.853e+14    2.96602e+16
             74    6.98924e+25    5.85623e+14    2.96177e+16
           74.1    7.21322e+25    5.85946e+14    2.95753e+16
           74.2    7.44416e+25    5.86268e+14     2.9533e+16
           74.3    7.68229e+25    5.86589e+14    2.94908e+16
           74.4    7.92781e+25     5.8691e+14    2.94487e+16
           74.5    8.18096e+25     5.8723e+14    2.94066e+16
           74.6    8.44196e+25    5.87549e+14    2.93646e+16
           74.7    8.71105e+25    5.87867e+14    2.93227e+16
           74.8    8.98847e+25    5.88184e+14    2.92809e+16
           74.9    9.27448e+25    5.88501e+14    2.92392e+16
             75    9.56932e+25    5.88817e+14    2.91976e+16
           75.1    9.87327e+25    5.89132e+14     2.9156e+16
           75.2    1.01866e+26    5.89446e+14    2.91145e+16
           75.3    1.05096e+26     5.8976e+14    2.90731e+16
           75.4    1.08425e+26    5.90072e+14    2.90318e+16
           75.5    1.11857e+26    5.90384e+14    2.89906e+16
           75.6    1.15395e+26    5.90696e+14    2.89494e+16
           75.7    1.19041e+26    5.91006e+14    2.89083e+16
           75.8    1.22799e+26    5.91316e+14    2.88673e+16
           75.9    1.26672e+26    5.91625e+14    2.88264e+16
             76    1.30664e+26    5.91933e+14    2.87856e+16
           76.1    1.34778e+26    5.92241e+14    2.87448e+16
           76.2    1.39018e+26    5.92547e+14    2.87041e+16
           76.3    1.43388e+26    5.92853e+14    2.86635e+16
           76.4    1.47891e+26    5.93159e+14     2.8623e+16
           76.5    1.52531e+26    5.93463e+14    2.85826e+16
           76.6    1.57313e+26    5.93767e+14    2.85422e+16
           76.7     1.6224e+26     5.9407e+14    2.85019e+16
           76.8    1.67318e+26    5.94372e+14    2.84617e+16
           76.9     1.7255e+26    5.94674e+14    2.84216e+16
             77    1.77941e+26    5.94975e+14    2.83815e+16
           77.1    1.83495e+26    5.95275e+14    2.83416e+16
           77.2    1.89218e+26    5.95574e+14    2.83017e+16
           77.3    1.95114e+26    5.95873e+14    2.82618e+16
           77.4    2.01189e+26    5.96171e+14    2.82221e+16
           77.5    2.07448e+26    5.96468e+14    2.81824e+16
           77.6    2.13896e+26    5.96764e+14    2.81428e+16
           77.7    2.20538e+26     5.9706e+14    2.81033e+16
           77.8    2.27381e+26    5.97355e+14    2.80639e+16
           77.9    2.34431e+26    5.97649e+14    2.80245e+16
             78    2.41692e+26    5.97943e+14    2.79853e+16
           78.1    2.49173e+26    5.98236e+14    2.79461e+16
           78.2    2.56878e+26    5.98528e+14    2.79069e+16
           78.3    2.64814e+26    5.98819e+14    2.78679e+16
           78.4    2.72989e+26     5.9911e+14    2.78289e+16
           78.5     2.8141e+26      5.994e+14      2.779e+16
           78.6    2.90082e+26    5.99689e+14    2.77512e+16
           78.7    2.99014e+26    5.99978e+14    2.77124e+16
           78.8    3.08214e+26    6.00266e+14    2.76737e+16
           78.9    3.17689e+26    6.00553e+14    2.76351e+16
             79    3.27446e+26     6.0084e+14    2.75966e+16
           79.1    3.37495e+26    6.01125e+14    2.75581e+16
           79.2    3.47844e+26     6.0141e+14    2.75198e+16
           79.3      3.585e+26    6.01695e+14    2.74815e+16
           79.4    3.69475e+26    6.01978e+14    2.74432e+16
           79.5    3.80775e+26    6.02261e+14    2.74051e+16
           79.6    3.92412e+26    6.02544e+14     2.7367e+16
           79.7    4.04394e+26    6.02825e+14    2.73289e+16
           79.8    4.16731e+26    6.03106e+14     2.7291e+16
           79.9    4.29434e+26    6.03387e+14    2.72531e+16
             80    4.42514e+26    6.03666e+14    2.72153e+16
           80.1    4.55981e+26    6.03945e+14    2.71776e+16
           80.2    4.69846e+26    6.04223e+14      2.714e+16
           80.3    4.84121e+26    6.04501e+14    2.71024e+16
           80.4    4.98817e+26    6.04777e+14    2.70649e+16
           80.5    5.13947e+26    6.05054e+14    2.70274e+16
           80.6    5.29523e+26    6.05329e+14    2.69901e+16
           80.7    5.45557e+26    6.05604e+14    2.69528e+16
           80.8    5.62064e+26    6.05878e+14    2.69155e+16
           80.9    5.79056e+26    6.06151e+14    2.68784e+16
             81    5.96547e+26    6.06424e+14    2.68413e+16
           81.1    6.14551e+26    6.06696e+14    2.68043e+16
           81.2    6.33084e+26    6.06968e+14    2.67674e+16
           81.3     6.5216e+26    6.07238e+14    2.67305e+16
           81.4    6.71794e+26    6.07508e+14    2.66937e+16
           81.5    6.92003e+26    6.07778e+14     2.6657e+16
           81.6    7.12803e+26    6.08047e+14    2.66203e+16
           81.7    7.34211e+26    6.08315e+14    2.65837e+16
           81.8    7.56243e+26    6.08582e+14    2.65472e+16
           81.9    7.78918e+26    6.08849e+14    2.65107e+16
             82    8.02254e+26    6.09115e+14    2.64743e+16
           82.1    8.26269e+26    6.09381e+14     2.6438e+16
           82.2    8.50983e+26    6.09645e+14    2.64018e+16
           82.3    8.76415e+26    6.09909e+14    2.63656e+16
           82.4    9.02587e+26    6.10173e+14    2.63295e+16
           82.5    9.29517e+26    6.10436e+14    2.62935e+16
           82.6    9.57229e+26    6.10698e+14    2.62575e+16
           82.7    9.85744e+26     6.1096e+14    2.62216e+16
           82.8    1.01508e+27    6.11221e+14    2.61857e+16
           82.9    1.04527e+27    6.11481e+14      2.615e+16
             83    1.07634e+27     6.1174e+14    2.61143e+16
           83.1    1.10829e+27    6.11999e+14    2.60786e+16
           83.2    1.14118e+27    6.12258e+14    2.60431e+16
           83.3    1.17501e+27    6.12516e+14    2.60076e+16
           83.4    1.20981e+27    6.12773e+14    2.59721e+16
           83.5    1.24562e+27    6.13029e+14    2.59368e+16
           83.6    1.28245e+27    6.13285e+14    2.59015e+16
           83.7    1.32035e+27     6.1354e+14    2.58662e+16
           83.8    1.35933e+27    6.13795e+14    2.58311e+16
           83.9    1.39944e+27    6.14049e+14     2.5796e+16
             84    1.44069e+27    6.14302e+14    2.57609e+16
           84.1    1.48313e+27    6.14555e+14     2.5726e+16
           84.2    1.52678e+27    6.14807e+14    2.56911e+16
           84.3    1.57167e+27    6.15058e+14    2.56562e+16
           84.4    1.61786e+27    6.15309e+14    2.56215e+16
           84.5    1.66536e+27    6.15559e+14    2.55868e+16
           84.6    1.71422e+27    6.15809e+14    2.55521e+16
           84.7    1.76447e+27    6.16057e+14    2.55175e+16
           84.8    1.81615e+27    6.16306e+14     2.5483e+16
           84.9     1.8693e+27    6.16553e+14    2.54486e+16
             85    1.92397e+27    6.16801e+14    2.54142e+16
           85.1    1.98019e+27    6.17047e+14    2.53799e+16
           85.2    2.03801e+27    6.17293e+14    2.53456e+16
           85.3    2.09747e+27    6.17538e+14    2.53114e+16
           85.4    2.15861e+27    6.17783e+14    2.52773e+16
           85.5    2.22149e+27    6.18027e+14    2.52432e+16
           85.6    2.28615e+27     6.1827e+14    2.52092e+16
           85.7    2.35264e+27    6.18513e+14    2.51753e+16
           85.8    2.42101e+27    6.18755e+14    2.51414e+16
           85.9    2.49131e+27    6.18997e+14    2.51076e+16
             86    2.56359e+27    6.19238e+14    2.50738e+16
           86.1    2.63792e+27    6.19478e+14    2.50402e+16
           86.2    2.71433e+27    6.19718e+14    2.50065e+16
           86.3     2.7929e+27    6.19957e+14     2.4973e+16
           86.4    2.87368e+27    6.20196e+14    2.49395e+16
           86.5    2.95674e+27    6.20434e+14     2.4906e+16
           86.6    3.04212e+27    6.20671e+14    2.48727e+16
           86.7    3.12991e+27    6.20908e+14    2.48394e+16
           86.8    3.22015e+27    6.21145e+14    2.48061e+16
           86.9    3.31293e+27     6.2138e+14    2.47729e+16
             87    3.40831e+27    6.21615e+14    2.47398e+16
           87.1    3.50635e+27     6.2185e+14    2.47067e+16
           87.2    3.60714e+27    6.22084e+14    2.46737e+16
           87.3    3.71074e+27    6.22317e+14    2.46408e+16
           87.4    3.81724e+27     6.2255e+14    2.46079e+16
           87.5     3.9267e+27    6.22782e+14    2.45751e+16
           87.6    4.03922e+27    6.23013e+14    2.45423e+16
           87.7    4.15488e+27    6.23244e+14    2.45096e+16
           87.8    4.27375e+27    6.23475e+14    2.44769e+16
           87.9    4.39594e+27    6.23705e+14    2.44444e+16
             88    4.52151e+27    6.23934e+14    2.44118e+16
           88.1    4.65058e+27    6.24163e+14    2.43794e+16
           88.2    4.78323e+27    6.24391e+14     2.4347e+16
           88.3    4.91955e+27    6.24618e+14    2.43146e+16
           88.4    5.05966e+27    6.24845e+14    2.42823e+16
           88.5    5.20364e+27    6.25072e+14    2.42501e+16
           88.6    5.35161e+27    6.25297e+14     2.4218e+16
           88.7    5.50367e+27    6.25523e+14    2.41859e+16
           88.8    5.65993e+27    6.25747e+14    2.41538e+16
           88.9     5.8205e+27    6.25972e+14    2.41218e+16
             89     5.9855e+27    6.26195e+14    2.40899e+16
           89.1    6.15506e+27    6.26418e+14     2.4058e+16
           89.2    6.32928e+27    6.26641e+14    2.40262e+16
           89.3    6.50829e+27    6.26862e+14    2.39944e+16
           89.4    6.69223e+27    6.27084e+14    2.39628e+16
           89.5    6.88123e+27    6.27305e+14    2.39311e+16
           89.6    7.07541e+27    6.27525e+14    2.38995e+16
           89.7    7.27492e+27    6.27744e+14     2.3868e+16
           89.8    7.47991e+27    6.27964e+14    2.38365e+16
           89.9    7.69051e+27    6.28182e+14    2.38051e+16
             90    7.90687e+27      6.284e+14    2.37738e+16
           90.1    8.12916e+27    6.28618e+14    2.37425e+16
           90.2    8.35752e+27    6.28834e+14    2.37112e+16
           90.3    8.59212e+27    6.29051e+14    2.36801e+16
           90.4    8.83312e+27    6.29267e+14    2.36489e+16
           90.5     9.0807e+27    6.29482e+14    2.36179e+16
           90.6    9.33502e+27    6.29697e+14    2.35869e+16
           90.7    9.59627e+27    6.29911e+14    2.35559e+16
           90.8    9.86463e+27    6.30124e+14     2.3525e+16
           90.9    1.01403e+28    6.30337e+14    2.34942e+16
             91    1.04234e+28     6.3055e+14    2.34634e+16
           91.1    1.07143e+28    6.30762e+14    2.34327e+16
           91.2     1.1013e+28    6.30974e+14     2.3402e+16
           91.3    1.13198e+28    6.31184e+14    2.33714e+16
           91.4     1.1635e+28    6.31395e+14    2.33408e+16
           91.5    1.19587e+28    6.31605e+14    2.33103e+16
           91.6    1.22911e+28    6.31814e+14    2.32798e+16
           91.7    1.26325e+28    6.32023e+14    2.32494e+16
           91.8    1.29831e+28    6.32231e+14    2.32191e+16
           91.9    1.33432e+28    6.32439e+14    2.31888e+16
             92    1.37131e+28    6.32646e+14    2.31586e+16
           92.1    1.40928e+28    6.32843e+14    2.31284e+16
           92.2    1.44829e+28    6.33031e+14    2.30983e+16
           92.3    1.48834e+28    6.33218e+14    2.30682e+16
           92.4    1.52947e+28    6.33405e+14    2.30382e+16
           92.5     1.5717e+28    6.33591e+14    2.30082e+16
           92.6    1.61507e+28    6.33777e+14    2.29783e+16
           92.7     1.6596e+28    6.33962e+14    2.29485e+16
           92.8    1.70532e+28    6.34147e+14    2.29187e+16
           92.9    1.75228e+28    6.34331e+14    2.28889e+16
             93    1.80048e+28    6.34515e+14    2.28592e+16
           93.1    1.84998e+28    6.34698e+14    2.28296e+16
           93.2     1.9008e+28    6.34881e+14       2.28e+16
           93.3    1.95298e+28    6.35063e+14    2.27705e+16
           93.4    2.00655e+28    6.35245e+14     2.2741e+16
           93.5    2.06156e+28    6.35427e+14    2.27116e+16
           93.6    2.11802e+28    6.35608e+14    2.26822e+16
           93.7      2.176e+28    6.35788e+14    2.26529e+16
           93.8    2.23551e+28    6.35968e+14    2.26236e+16
           93.9    2.29661e+28    6.36148e+14    2.25944e+16
             94    2.35933e+28    6.36327e+14    2.25652e+16
           94.1    2.42372e+28    6.36505e+14    2.25361e+16
           94.2    2.48982e+28    6.36683e+14     2.2507e+16
           94.3    2.55767e+28    6.36861e+14     2.2478e+16
           94.4    2.62732e+28    6.37038e+14    2.24491e+16
           94.5    2.69881e+28    6.37215e+14    2.24202e+16
           94.6     2.7722e+28    6.37391e+14    2.23913e+16
           94.7    2.84753e+28    6.37567e+14    2.23625e+16
           94.8    2.92485e+28    6.37742e+14    2.23337e+16
           94.9    3.00421e+28    6.37917e+14     2.2305e+16
             95    3.08566e+28    6.38091e+14    2.22764e+16
           95.1    3.16926e+28    6.38265e+14    2.22478e+16
           95.2    3.25507e+28    6.38438e+14    2.22192e+16
           95.3    3.34313e+28    6.38611e+14    2.21907e+16
           95.4    3.43352e+28    6.38784e+14    2.21623e+16
           95.5    3.52628e+28    6.38956e+14    2.21339e+16
           95.6    3.62147e+28    6.39128e+14    2.21056e+16
           95.7    3.71917e+28    6.39299e+14    2.20773e+16
           95.8    3.81943e+28    6.39469e+14     2.2049e+16
           95.9    3.92232e+28     6.3964e+14    2.20208e+16
             96     4.0279e+28    6.39809e+14    2.19927e+16
           96.1    4.13625e+28    6.39979e+14    2.19646e+16
           96.2    4.24744e+28    6.40148e+14    2.19365e+16
           96.3    4.36153e+28    6.40316e+14    2.19085e+16
           96.4     4.4786e+28    6.40484e+14    2.18806e+16
           96.5    4.59873e+28    6.40651e+14    2.18527e+16
           96.6      4.722e+28    6.40819e+14    2.18248e+16
           96.7    4.84847e+28    6.40985e+14     2.1797e+16
           96.8    4.97825e+28    6.41151e+14    2.17693e+16
           96.9     5.1114e+28    6.41317e+14    2.17416e+16
             97    5.24802e+28    6.41482e+14    2.17139e+16
           97.1    5.38818e+28    6.41647e+14    2.16863e+16
           97.2    5.53199e+28    6.41812e+14    2.16588e+16
           97.3    5.67954e+28    6.41976e+14    2.16313e+16
           97.4    5.83091e+28    6.42139e+14    2.16038e+16
           97.5     5.9862e+28    6.42302e+14    2.15764e+16
           97.6    6.14552e+28    6.42465e+14     2.1549e+16
           97.7    6.30897e+28    6.42627e+14    2.15217e+16
           97.8    6.47664e+28    6.42789e+14    2.14945e+16
           97.9    6.64865e+28     6.4295e+14    2.14672e+16
             98     6.8251e+28    6.43111e+14    2.14401e+16
           98.1     7.0061e+28    6.43272e+14    2.14129e+16
           98.2    7.19178e+28    6.43432e+14    2.13859e+16
           98.3    7.38224e+28    6.43591e+14    2.13588e+16
           98.4    7.57761e+28     6.4375e+14    2.13319e+16
           98.5    7.77801e+28    6.43909e+14    2.13049e+16
           98.6    7.98357e+28    6.44067e+14     2.1278e+16
           98.7    8.19441e+28    6.44225e+14    2.12512e+16
           98.8    8.41067e+28    6.44383e+14    2.12244e+16
           98.9    8.63248e+28     6.4454e+14    2.11977e+16
             99    8.85997e+28    6.44696e+14     2.1171e+16
           99.1    9.09331e+28    6.44853e+14    2.11443e+16
           99.2    9.33262e+28    6.45008e+14    2.11177e+16
           99.3    9.57806e+28    6.45164e+14    2.10911e+16
           99.4    9.82977e+28    6.45319e+14    2.10646e+16
           99.5    1.00879e+29    6.45473e+14    2.10382e+16
           99.6    1.03527e+29    6.45627e+14    2.10117e+16
           99.7    1.06242e+29    6.45781e+14    2.09854e+16
           99.8    1.09026e+29    6.45934e+14     2.0959e+16
           99.9    1.11881e+29    6.46087e+14    2.09328e+16
            100     1.1481e+29    6.46239e+14    2.09065e+16
          100.1    1.17812e+29    6.46391e+14    2.08803e+16
          100.2    1.20891e+29    6.46543e+14    2.08542e+16
          100.3    1.24049e+29    6.46694e+14    2.08281e+16
          100.4    1.27286e+29    6.46845e+14     2.0802e+16
          100.5    1.30606e+29    6.46995e+14     2.0776e+16
          100.6     1.3401e+29    6.47145e+14      2.075e+16
          100.7      1.375e+29    6.47294e+14    2.07241e+16
          100.8    1.41079e+29    6.47444e+14    2.06982e+16
          100.9    1.44748e+29    6.47592e+14    2.06724e+16
            101    1.48511e+29    6.47741e+14    2.06466e+16
          101.1    1.52368e+29    6.47888e+14    2.06209e+16
          101.2    1.56323e+29    6.48036e+14    2.05952e+16
          101.3    1.60377e+29    6.48183e+14    2.05695e+16
          101.4    1.64534e+29     6.4833e+14    2.05439e+16
          101.5    1.68796e+29    6.48476e+14    2.05183e+16
          101.6    1.73166e+29    6.48622e+14    2.04928e+16
          101.7    1.77645e+29    6.48767e+14    2.04674e+16
          101.8    1.82237e+29    6.48912e+14    2.04419e+16
          101.9    1.86945e+29    6.49057e+14    2.04165e+16
            102     1.9177e+29    6.49201e+14    2.03912e+16
          102.1    1.96717e+29    6.49345e+14    2.03659e+16
          102.2    2.01789e+29    6.49488e+14    2.03406e+16
          102.3    2.06987e+29    6.49631e+14    2.03154e+16
          102.4    2.12316e+29    6.49774e+14    2.02902e+16
          102.5    2.17778e+29    6.49916e+14    2.02651e+16
          102.6    2.23377e+29    6.50058e+14      2.024e+16
          102.7    2.29116e+29      6.502e+14     2.0215e+16
          102.8    2.34998e+29    6.50341e+14      2.019e+16
          102.9    2.41028e+29    6.50481e+14     2.0165e+16
            103    2.47208e+29    6.50622e+14    2.01401e+16
          103.1    2.53542e+29    6.50762e+14    2.01152e+16
          103.2    2.60034e+29    6.50901e+14    2.00904e+16
          103.3    2.66688e+29     6.5104e+14    2.00656e+16
          103.4    2.73507e+29    6.51179e+14    2.00409e+16
          103.5    2.80496e+29    6.51317e+14    2.00162e+16
          103.6    2.87659e+29    6.51455e+14    1.99915e+16
          103.7       2.95e+29    6.51593e+14    1.99669e+16
          103.8    3.02523e+29     6.5173e+14    1.99423e+16
          103.9    3.10233e+29    6.51867e+14    1.99178e+16
            104    3.18134e+29    6.52003e+14    1.98933e+16
          104.1     3.2623e+29    6.52139e+14    1.98688e+16
          104.2    3.34528e+29    6.52275e+14    1.98444e+16
          104.3     3.4303e+29     6.5241e+14      1.982e+16
          104.4    3.51743e+29    6.52545e+14    1.97957e+16
          104.5    3.60671e+29    6.52679e+14    1.97714e+16
          104.6     3.6982e+29    6.52814e+14    1.97472e+16
          104.7    3.79195e+29    6.52947e+14     1.9723e+16
          104.8    3.88801e+29    6.53081e+14    1.96988e+16
          104.9    3.98643e+29    6.53214e+14    1.96747e+16
            105    4.08728e+29    6.53346e+14    1.96506e+16
          105.1    4.19062e+29    6.53479e+14    1.96266e+16
          105.2    4.29649e+29     6.5361e+14    1.96026e+16
          105.3    4.40497e+29    6.53742e+14    1.95786e+16
          105.4    4.51611e+29    6.53873e+14    1.95547e+16
          105.5    4.62999e+29    6.54004e+14    1.95308e+16
          105.6    4.74665e+29    6.54134e+14     1.9507e+16
          105.7    4.86618e+29    6.54264e+14    1.94832e+16
          105.8    4.98863e+29    6.54394e+14    1.94594e+16
          105.9    5.11409e+29    6.54523e+14    1.94357e+16
            106    5.24261e+29    6.54652e+14     1.9412e+16
          106.1    5.37428e+29     6.5478e+14    1.93884e+16
          106.2    5.50917e+29    6.54909e+14    1.93648e+16
          106.3    5.64735e+29    6.55036e+14    1.93413e+16
          106.4     5.7889e+29    6.55164e+14    1.93177e+16
          106.5    5.93391e+29    6.55291e+14    1.92943e+16
          106.6    6.08245e+29    6.55418e+14    1.92708e+16
          106.7    6.23461e+29    6.55544e+14    1.92474e+16
          106.8    6.39047e+29     6.5567e+14    1.92241e+16
          106.9    6.55012e+29    6.55796e+14    1.92007e+16
            107    6.71366e+29    6.55921e+14    1.91775e+16
          107.1    6.88117e+29    6.56046e+14    1.91542e+16
          107.2    7.05275e+29     6.5617e+14     1.9131e+16
          107.3    7.22849e+29    6.56294e+14    1.91079e+16
          107.4    7.40849e+29    6.56418e+14    1.90847e+16
          107.5    7.59285e+29    6.56542e+14    1.90616e+16
          107.6    7.78168e+29    6.56665e+14    1.90386e+16
          107.7    7.97508e+29    6.56787e+14    1.90156e+16
          107.8    8.17316e+29     6.5691e+14    1.89926e+16
          107.9    8.37602e+29    6.57032e+14    1.89697e+16
            108    8.58378e+29    6.57154e+14    1.89468e+16
          108.1    8.79656e+29    6.57275e+14    1.89239e+16
          108.2    9.01448e+29    6.57396e+14    1.89011e+16
          108.3    9.23764e+29    6.57517e+14    1.88783e+16
          108.4    9.46619e+29    6.57637e+14    1.88556e+16
          108.5    9.70023e+29    6.57757e+14    1.88329e+16
          108.6    9.93991e+29    6.57876e+14    1.88102e+16
          108.7    1.01854e+30    6.57996e+14    1.87876e+16
          108.8    1.04367e+30    6.58114e+14     1.8765e+16
          108.9    1.06941e+30    6.58233e+14    1.87425e+16
            109    1.09576e+30    6.58351e+14    1.87199e+16
          109.1    1.12275e+30    6.58469e+14    1.86975e+16
          109.2    1.15038e+30    6.58586e+14     1.8675e+16
          109.3    1.17868e+30    6.58704e+14    1.86526e+16
          109.4    1.20765e+30     6.5882e+14    1.86303e+16
          109.5    1.23732e+30    6.58937e+14    1.86079e+16
          109.6     1.2677e+30    6.59053e+14    1.85856e+16
          109.7     1.2988e+30    6.59169e+14    1.85634e+16
          109.8    1.33064e+30    6.59284e+14    1.85412e+16
          109.9    1.36325e+30    6.59399e+14     1.8519e+16
            110    1.39663e+30    6.59514e+14    1.84968e+16
          110.1    1.43081e+30    6.59628e+14    1.84747e+16
          110.2     1.4658e+30    6.59743e+14    1.84527e+16
          110.3    1.50162e+30    6.59856e+14    1.84306e+16
          110.4     1.5383e+30     6.5997e+14    1.84086e+16
          110.5    1.57585e+30    6.60083e+14    1.83867e+16
          110.6    1.61429e+30    6.60195e+14    1.83647e+16
          110.7    1.65364e+30    6.60308e+14    1.83429e+16
          110.8    1.69393e+30     6.6042e+14     1.8321e+16
          110.9    1.73517e+30    6.60532e+14    1.82992e+16
            111    1.77739e+30    6.60643e+14    1.82774e+16
          111.1    1.82061e+30    6.60754e+14    1.82557e+16
          111.2    1.86485e+30    6.60865e+14     1.8234e+16
          111.3    1.91014e+30    6.60975e+14    1.82123e+16
          111.4     1.9565e+30    6.61085e+14    1.81906e+16
          111.5    2.00395e+30    6.61195e+14     1.8169e+16
          111.6    2.05252e+30    6.61304e+14    1.81475e+16
          111.7    2.10224e+30    6.61414e+14    1.81259e+16
          111.8    2.15314e+30    6.61522e+14    1.81044e+16
          111.9    2.20523e+30    6.61631e+14     1.8083e+16
            112    2.25855e+30    6.61739e+14    1.80616e+16
          112.1    2.31312e+30    6.61847e+14    1.80402e+16
          112.2    2.36897e+30    6.61954e+14    1.80188e+16
          112.3    2.42614e+30    6.62061e+14    1.79975e+16
          112.4    2.48466e+30    6.62168e+14    1.79762e+16
          112.5    2.54454e+30    6.62274e+14     1.7955e+16
          112.6    2.60583e+30    6.62381e+14    1.79337e+16
          112.7    2.66856e+30    6.62486e+14    1.79126e+16
          112.8    2.73276e+30    6.62592e+14    1.78914e+16
          112.9    2.79846e+30    6.62697e+14    1.78703e+16
            113     2.8657e+30    6.62802e+14    1.78492e+16
          113.1    2.93451e+30    6.62907e+14    1.78282e+16
          113.2    3.00492e+30    6.63011e+14    1.78072e+16
          113.3    3.07699e+30    6.63115e+14    1.77862e+16
          113.4    3.15073e+30    6.63218e+14    1.77652e+16
          113.5     3.2262e+30    6.63322e+14    1.77443e+16
          113.6    3.30343e+30    6.63424e+14    1.77235e+16
          113.7    3.38245e+30    6.63527e+14    1.77026e+16
          113.8    3.46332e+30    6.63629e+14    1.76818e+16
          113.9    3.54606e+30    6.63731e+14    1.76611e+16
            114    3.63073e+30    6.63833e+14    1.76403e+16
          114.1    3.71737e+30    6.63935e+14    1.76196e+16
          114.2    3.80603e+30    6.64036e+14    1.75989e+16
          114.3    3.89674e+30    6.64136e+14    1.75783e+16
          114.4    3.98955e+30    6.64237e+14    1.75577e+16
          114.5    4.08452e+30    6.64337e+14    1.75371e+16
          114.6    4.18168e+30    6.64437e+14    1.75166e+16
          114.7     4.2811e+30    6.64536e+14    1.74961e+16
          114.8    4.38282e+30    6.64636e+14    1.74756e+16
          114.9    4.48689e+30    6.64735e+14    1.74552e+16
            115    4.59336e+30    6.64833e+14    1.74348e+16
          115.1     4.7023e+30    6.64931e+14    1.74144e+16
          115.2    4.81374e+30    6.65029e+14    1.73941e+16
          115.3    4.92777e+30    6.65127e+14    1.73738e+16
          115.4    5.04442e+30    6.65224e+14    1.73535e+16
          115.5    5.16375e+30    6.65322e+14    1.73333e+16
          115.6    5.28584e+30    6.65418e+14    1.73131e+16
          115.7    5.41074e+30    6.65515e+14    1.72929e+16
          115.8     5.5385e+30    6.65611e+14    1.72727e+16
          115.9    5.66921e+30    6.65707e+14    1.72526e+16
            116    5.80292e+30    6.65802e+14    1.72326e+16
          116.1     5.9397e+30    6.65898e+14    1.72125e+16
          116.2    6.07961e+30    6.65993e+14    1.71925e+16
          116.3    6.22274e+30    6.66087e+14    1.71725e+16
          116.4    6.36914e+30    6.66182e+14    1.71526e+16
          116.5     6.5189e+30    6.66276e+14    1.71327e+16
          116.6    6.67209e+30    6.66369e+14    1.71128e+16
          116.7    6.82878e+30    6.66463e+14    1.70929e+16
          116.8    6.98905e+30    6.66556e+14    1.70731e+16
          116.9    7.15299e+30    6.66649e+14    1.70533e+16
            117    7.32067e+30    6.66742e+14    1.70336e+16
          117.1    7.49217e+30    6.66834e+14    1.70138e+16
          117.2    7.66759e+30    6.66926e+14    1.69941e+16
          117.3      7.847e+30    6.67017e+14    1.69745e+16
          117.4     8.0305e+30    6.67109e+14    1.69549e+16
          117.5    8.21818e+30      6.672e+14    1.69353e+16
          117.6    8.41013e+30    6.67291e+14    1.69157e+16
          117.7    8.60644e+30    6.67381e+14    1.68961e+16
          117.8    8.80721e+30    6.67472e+14    1.68766e+16
          117.9    9.01255e+30    6.67562e+14    1.68572e+16
            118    9.22254e+30    6.67651e+14    1.68377e+16
          118.1     9.4373e+30    6.67741e+14    1.68183e+16
          118.2    9.65693e+30     6.6783e+14    1.67989e+16
          118.3    9.88153e+30    6.67918e+14    1.67796e+16
          118.4    1.01112e+31    6.68007e+14    1.67603e+16
          118.5    1.03461e+31    6.68095e+14     1.6741e+16
          118.6    1.05863e+31    6.68183e+14    1.67217e+16
          118.7    1.08319e+31    6.68271e+14    1.67025e+16
          118.8    1.10831e+31    6.68358e+14    1.66833e+16
          118.9    1.13399e+31    6.68445e+14    1.66641e+16
            119    1.16026e+31    6.68532e+14     1.6645e+16
          119.1    1.18711e+31    6.68618e+14    1.66259e+16
          119.2    1.21458e+31    6.68705e+14    1.66068e+16
          119.3    1.24266e+31    6.68791e+14    1.65878e+16
          119.4    1.27137e+31    6.68876e+14    1.65688e+16
          119.5    1.30072e+31    6.68962e+14    1.65498e+16
          119.6    1.33074e+31    6.69047e+14    1.65308e+16
          119.7    1.36143e+31    6.69131e+14    1.65119e+16
          119.8    1.39282e+31    6.69216e+14     1.6493e+16
          119.9     1.4249e+31      6.693e+14    1.64741e+16
            120    1.45771e+31    6.69384e+14    1.64553e+16
          120.1    1.49125e+31    6.69468e+14    1.64365e+16
          120.2    1.52554e+31    6.69551e+14    1.64177e+16
          120.3     1.5606e+31    6.69635e+14     1.6399e+16
          120.4    1.59644e+31    6.69717e+14    1.63803e+16
          120.5    1.63309e+31      6.698e+14    1.63616e+16
          120.6    1.67055e+31    6.69882e+14    1.63429e+16
          120.7    1.70885e+31    6.69964e+14    1.63243e+16
          120.8    1.74801e+31    6.70046e+14    1.63057e+16
          120.9    1.78804e+31    6.70128e+14    1.62871e+16
            121    1.82896e+31    6.70209e+14    1.62686e+16
          121.1    1.87079e+31     6.7029e+14    1.62501e+16
          121.2    1.91356e+31     6.7037e+14    1.62316e+16
          121.3    1.95728e+31    6.70451e+14    1.62131e+16
          121.4    2.00197e+31    6.70531e+14    1.61947e+16
          121.5    2.04765e+31    6.70611e+14    1.61763e+16
          121.6    2.09435e+31     6.7069e+14     1.6158e+16
          121.7    2.14209e+31     6.7077e+14    1.61396e+16
          121.8    2.19088e+31    6.70849e+14    1.61213e+16
          121.9    2.24076e+31    6.70928e+14     1.6103e+16
            122    2.29174e+31    6.71006e+14    1.60848e+16
          122.1    2.34385e+31    6.71084e+14    1.60666e+16
          122.2    2.39712e+31    6.71162e+14    1.60484e+16
          122.3    2.45156e+31     6.7124e+14    1.60302e+16
          122.4    2.50721e+31    6.71317e+14    1.60121e+16
          122.5    2.56409e+31    6.71395e+14     1.5994e+16
          122.6    2.62222e+31    6.71472e+14    1.59759e+16
          122.7    2.68164e+31    6.71548e+14    1.59578e+16
          122.8    2.74237e+31    6.71625e+14    1.59398e+16
          122.9    2.80443e+31    6.71701e+14    1.59218e+16
            123    2.86787e+31    6.71777e+14    1.59039e+16
          123.1     2.9327e+31    6.71852e+14    1.58859e+16
          123.2    2.99896e+31    6.71928e+14     1.5868e+16
          123.3    3.06668e+31    6.72003e+14    1.58501e+16
          123.4    3.13588e+31    6.72077e+14    1.58323e+16
          123.5    3.20661e+31    6.72152e+14    1.58144e+16
          123.6    3.27889e+31    6.72226e+14    1.57966e+16
          123.7    3.35276e+31      6.723e+14    1.57789e+16
          123.8    3.42824e+31    6.72374e+14    1.57611e+16
          123.9    3.50538e+31    6.72448e+14    1.57434e+16
            124    3.58421e+31    6.72521e+14    1.57257e+16
          124.1    3.66477e+31    6.72594e+14    1.57081e+16
          124.2    3.74709e+31    6.72667e+14    1.56904e+16
          124.3    3.83121e+31    6.72739e+14    1.56728e+16
          124.4    3.91717e+31    6.72811e+14    1.56552e+16
          124.5    4.00501e+31    6.72883e+14    1.56377e+16
          124.6    4.09477e+31    6.72955e+14    1.56202e+16
          124.7    4.18648e+31    6.73027e+14    1.56027e+16
          124.8     4.2802e+31    6.73098e+14    1.55852e+16
          124.9    4.37595e+31    6.73169e+14    1.55677e+16
            125     4.4738e+31    6.73239e+14    1.55503e+16
          125.1    4.57377e+31     6.7331e+14    1.55329e+16
          125.2    4.67592e+31     6.7338e+14    1.55156e+16
          125.3    4.78029e+31     6.7345e+14    1.54982e+16
          125.4    4.88693e+31     6.7352e+14    1.54809e+16
          125.5    4.99588e+31    6.73589e+14    1.54636e+16
          125.6     5.1072e+31    6.73658e+14    1.54464e+16
          125.7    5.22094e+31    6.73727e+14    1.54292e+16
          125.8    5.33714e+31    6.73796e+14     1.5412e+16
          125.9    5.45586e+31    6.73865e+14    1.53948e+16
            126    5.57715e+31    6.73933e+14    1.53776e+16
          126.1    5.70107e+31    6.74001e+14    1.53605e+16
          126.2    5.82767e+31    6.74068e+14    1.53434e+16
          126.3    5.95701e+31    6.74136e+14    1.53263e+16
          126.4    6.08914e+31    6.74203e+14    1.53093e+16
          126.5    6.22412e+31     6.7427e+14    1.52923e+16
          126.6    6.36202e+31    6.74337e+14    1.52753e+16
          126.7     6.5029e+31    6.74403e+14    1.52583e+16
          126.8    6.64681e+31     6.7447e+14    1.52414e+16
          126.9    6.79382e+31    6.74536e+14    1.52245e+16
            127      6.944e+31    6.74601e+14    1.52076e+16
          127.1    7.09741e+31    6.74667e+14    1.51907e+16
          127.2    7.25413e+31    6.74732e+14    1.51739e+16
          127.3    7.41421e+31    6.74797e+14    1.51571e+16
          127.4    7.57773e+31    6.74862e+14    1.51403e+16
          127.5    7.74477e+31    6.74926e+14    1.51235e+16
          127.6    7.91539e+31    6.74991e+14    1.51068e+16
          127.7    8.08967e+31    6.75055e+14    1.50901e+16
          127.8    8.26768e+31    6.75119e+14    1.50734e+16
          127.9    8.44951e+31    6.75182e+14    1.50567e+16
            128    8.63524e+31    6.75246e+14    1.50401e+16
          128.1    8.82494e+31    6.75309e+14    1.50235e+16
          128.2     9.0187e+31    6.75372e+14    1.50069e+16
          128.3     9.2166e+31    6.75434e+14    1.49904e+16
          128.4    9.41874e+31    6.75497e+14    1.49738e+16
          128.5    9.62518e+31    6.75559e+14    1.49573e+16
          128.6    9.83604e+31    6.75621e+14    1.49408e+16
          128.7    1.00514e+32    6.75682e+14    1.49244e+16
          128.8    1.02713e+32    6.75744e+14     1.4908e+16
          128.9     1.0496e+32    6.75805e+14    1.48916e+16
            129    1.07254e+32    6.75866e+14    1.48752e+16
          129.1    1.09597e+32    6.75927e+14    1.48588e+16
          129.2     1.1199e+32    6.75987e+14    1.48425e+16
          129.3    1.14433e+32    6.76048e+14    1.48262e+16
          129.4    1.16929e+32    6.76108e+14    1.48099e+16
          129.5    1.19478e+32    6.76167e+14    1.47936e+16
          129.6     1.2208e+32    6.76227e+14    1.47774e+16
          129.7    1.24738e+32    6.76286e+14    1.47612e+16
          129.8    1.27453e+32    6.76346e+14     1.4745e+16
          129.9    1.30224e+32    6.76404e+14    1.47289e+16
            130    1.33055e+32    6.76463e+14    1.47127e+16
          130.1    1.35945e+32    6.76522e+14    1.46966e+16
          130.2    1.38897e+32     6.7658e+14    1.46805e+16
          130.3    1.41911e+32    6.76638e+14    1.46645e+16
          130.4    1.44989e+32    6.76696e+14    1.46484e+16
          130.5    1.48131e+32    6.76753e+14    1.46324e+16
          130.6    1.51341e+32     6.7681e+14    1.46164e+16
          130.7    1.54617e+32    6.76867e+14    1.46005e+16
          130.8    1.57963e+32    6.76924e+14    1.45845e+16
          130.9    1.61379e+32    6.76981e+14    1.45686e+16
            131    1.64868e+32    6.77037e+14    1.45527e+16
          131.1     1.6843e+32    6.77093e+14    1.45369e+16
          131.2    1.72066e+32    6.77149e+14     1.4521e+16
          131.3    1.75779e+32    6.77205e+14    1.45052e+16
          131.4    1.79571e+32    6.77261e+14    1.44894e+16
          131.5    1.83441e+32    6.77316e+14    1.44736e+16
          131.6    1.87393e+32    6.77371e+14    1.44579e+16
          131.7    1.91428e+32    6.77426e+14    1.44422e+16
          131.8    1.95548e+32     6.7748e+14    1.44265e+16
          131.9    1.99754e+32    6.77535e+14    1.44108e+16
            132    2.04048e+32    6.77589e+14    1.43951e+16
          132.1    2.08432e+32    6.77643e+14    1.43795e+16
          132.2    2.12908e+32    6.77697e+14    1.43639e+16
          132.3    2.17477e+32     6.7775e+14    1.43483e+16
          132.4    2.22142e+32    6.77803e+14    1.43327e+16
          132.5    2.26904e+32    6.77857e+14    1.43172e+16
          132.6    2.31766e+32    6.77909e+14    1.43017e+16
          132.7    2.36729e+32    6.77962e+14    1.42862e+16
          132.8    2.41796e+32    6.78014e+14    1.42707e+16
          132.9    2.46968e+32    6.78067e+14    1.42553e+16
            133    2.52248e+32    6.78119e+14    1.42399e+16
          133.1    2.57638e+32     6.7817e+14    1.42245e+16
          133.2     2.6314e+32    6.78222e+14    1.42091e+16
          133.3    2.68756e+32    6.78273e+14    1.41937e+16
          133.4     2.7449e+32    6.78324e+14    1.41784e+16
          133.5    2.80342e+32    6.78375e+14    1.41631e+16
          133.6    2.86316e+32    6.78426e+14    1.41478e+16
          133.7    2.92414e+32    6.78476e+14    1.41326e+16
          133.8    2.98639e+32    6.78527e+14    1.41173e+16
          133.9    3.04992e+32    6.78577e+14    1.41021e+16
            134    3.11477e+32    6.78627e+14    1.40869e+16
          134.1    3.18097e+32    6.78676e+14    1.40717e+16
          134.2    3.24853e+32    6.78726e+14    1.40566e+16
          134.3    3.31749e+32    6.78775e+14    1.40415e+16
          134.4    3.38788e+32    6.78824e+14    1.40264e+16
          134.5    3.45972e+32    6.78873e+14    1.40113e+16
          134.6    3.53305e+32    6.78921e+14    1.39962e+16
          134.7    3.60789e+32    6.78969e+14    1.39812e+16
          134.8    3.68427e+32    6.79018e+14    1.39662e+16
          134.9    3.76223e+32    6.79066e+14    1.39512e+16
            135     3.8418e+32    6.79113e+14    1.39362e+16
          135.1      3.923e+32    6.79161e+14    1.39213e+16
          135.2    4.00588e+32    6.79208e+14    1.39063e+16
          135.3    4.09046e+32    6.79255e+14    1.38914e+16
          135.4    4.17678e+32    6.79302e+14    1.38766e+16
          135.5    4.26488e+32    6.79349e+14    1.38617e+16
          135.6    4.35479e+32    6.79395e+14    1.38469e+16
          135.7    4.44654e+32    6.79442e+14    1.38321e+16
          135.8    4.54017e+32    6.79488e+14    1.38173e+16
          135.9    4.63573e+32    6.79533e+14    1.38025e+16
            136    4.73324e+32    6.79579e+14    1.37877e+16
          136.1    4.83275e+32    6.79625e+14     1.3773e+16
          136.2     4.9343e+32     6.7967e+14    1.37583e+16
          136.3    5.03793e+32    6.79715e+14    1.37436e+16
          136.4    5.14367e+32     6.7976e+14     1.3729e+16
          136.5    5.25158e+32    6.79804e+14    1.37143e+16
          136.6     5.3617e+32    6.79849e+14    1.36997e+16
          136.7    5.47406e+32    6.79893e+14    1.36851e+16
          136.8    5.58872e+32    6.79937e+14    1.36705e+16
          136.9    5.70571e+32    6.79981e+14     1.3656e+16
            137    5.82509e+32    6.80025e+14    1.36414e+16
          137.1    5.94691e+32    6.80068e+14    1.36269e+16
          137.2     6.0712e+32    6.80111e+14    1.36124e+16
          137.3    6.19803e+32    6.80154e+14     1.3598e+16
          137.4    6.32744e+32    6.80197e+14    1.35835e+16
          137.5    6.45947e+32     6.8024e+14    1.35691e+16
          137.6     6.5942e+32    6.80282e+14    1.35547e+16
          137.7    6.73166e+32    6.80324e+14    1.35403e+16
          137.8    6.87191e+32    6.80366e+14    1.35259e+16
          137.9      7.015e+32    6.80408e+14    1.35116e+16
            138      7.161e+32     6.8045e+14    1.34973e+16
          138.1    7.30996e+32    6.80491e+14     1.3483e+16
          138.2    7.46193e+32    6.80533e+14    1.34687e+16
          138.3    7.61699e+32    6.80574e+14    1.34544e+16
          138.4    7.77518e+32    6.80614e+14    1.34402e+16
          138.5    7.93657e+32    6.80655e+14     1.3426e+16
          138.6    8.10123e+32    6.80696e+14    1.34118e+16
          138.7    8.26921e+32    6.80736e+14    1.33976e+16
          138.8    8.44059e+32    6.80776e+14    1.33834e+16
          138.9    8.61542e+32    6.80816e+14    1.33693e+16
            139    8.79378e+32    6.80856e+14    1.33552e+16
          139.1    8.97574e+32    6.80895e+14    1.33411e+16
          139.2    9.16137e+32    6.80934e+14     1.3327e+16
          139.3    9.35074e+32    6.80973e+14     1.3313e+16
          139.4    9.54392e+32    6.81012e+14    1.32989e+16
          139.5    9.74098e+32    6.81051e+14    1.32849e+16
          139.6    9.94201e+32     6.8109e+14    1.32709e+16
          139.7    1.01471e+33    6.81128e+14     1.3257e+16
          139.8    1.03563e+33    6.81166e+14     1.3243e+16
          139.9    1.05697e+33    6.81204e+14    1.32291e+16
            140    1.07873e+33    6.81242e+14    1.32152e+16
          140.1    1.10094e+33    6.81279e+14    1.32013e+16
          140.2    1.12359e+33    6.81317e+14    1.31874e+16
          140.3    1.14669e+33    6.81354e+14    1.31736e+16
          140.4    1.17026e+33    6.81391e+14    1.31597e+16
          140.5     1.1943e+33    6.81428e+14    1.31459e+16
          140.6    1.21881e+33    6.81465e+14    1.31321e+16
          140.7    1.24382e+33    6.81501e+14    1.31184e+16
          140.8    1.26933e+33    6.81537e+14    1.31046e+16
          140.9    1.29535e+33    6.81573e+14    1.30909e+16
            141    1.32189e+33    6.81609e+14    1.30772e+16
          141.1    1.34896e+33    6.81645e+14    1.30635e+16
          141.2    1.37657e+33     6.8168e+14    1.30498e+16
          141.3    1.40472e+33    6.81716e+14    1.30362e+16
          141.4    1.43344e+33    6.81751e+14    1.30225e+16
          141.5    1.46273e+33    6.81786e+14    1.30089e+16
          141.6    1.49261e+33    6.81821e+14    1.29953e+16
          141.7    1.52308e+33    6.81855e+14    1.29818e+16
          141.8    1.55415e+33     6.8189e+14    1.29682e+16
          141.9    1.58584e+33    6.81924e+14    1.29547e+16
            142    1.61816e+33    6.81958e+14    1.29412e+16
          142.1    1.65113e+33    6.81992e+14    1.29277e+16
          142.2    1.68474e+33    6.82025e+14    1.29142e+16
          142.3    1.71903e+33    6.82059e+14    1.29007e+16
          142.4    1.75399e+33    6.82092e+14    1.28873e+16
          142.5    1.78965e+33    6.82125e+14    1.28739e+16
          142.6    1.82601e+33    6.82158e+14    1.28605e+16
          142.7    1.86309e+33    6.82191e+14    1.28471e+16
          142.8    1.90091e+33    6.82224e+14    1.28337e+16
          142.9    1.93947e+33    6.82256e+14    1.28204e+16
            143     1.9788e+33    6.82288e+14    1.28071e+16
          143.1     2.0189e+33     6.8232e+14    1.27938e+16
          143.2     2.0598e+33    6.82352e+14    1.27805e+16
          143.3     2.1015e+33    6.82384e+14    1.27672e+16
          143.4    2.14402e+33    6.82416e+14     1.2754e+16
          143.5    2.18738e+33    6.82447e+14    1.27408e+16
          143.6     2.2316e+33    6.82478e+14    1.27276e+16
          143.7    2.27669e+33    6.82509e+14    1.27144e+16
          143.8    2.32266e+33     6.8254e+14    1.27012e+16
          143.9    2.36954e+33     6.8257e+14     1.2688e+16
            144    2.41734e+33    6.82601e+14    1.26749e+16
          144.1    2.46608e+33    6.82631e+14    1.26618e+16
          144.2    2.51578e+33    6.82661e+14    1.26487e+16
          144.3    2.56645e+33    6.82691e+14    1.26356e+16
          144.4    2.61812e+33    6.82721e+14    1.26226e+16
          144.5     2.6708e+33    6.82751e+14    1.26095e+16
          144.6    2.72451e+33     6.8278e+14    1.25965e+16
          144.7    2.77928e+33    6.82809e+14    1.25835e+16
          144.8    2.83511e+33    6.82838e+14    1.25705e+16
          144.9    2.89204e+33    6.82867e+14    1.25576e+16
            145    2.95009e+33    6.82896e+14    1.25446e+16
          145.1    3.00927e+33    6.82924e+14    1.25317e+16
          145.2     3.0696e+33    6.82953e+14    1.25188e+16
          145.3    3.13112e+33    6.82981e+14    1.25059e+16
          145.4    3.19383e+33    6.83009e+14     1.2493e+16
          145.5    3.25777e+33    6.83037e+14    1.24802e+16
          145.6    3.32296e+33    6.83064e+14    1.24673e+16
          145.7    3.38941e+33    6.83092e+14    1.24545e+16
          145.8    3.45717e+33    6.83119e+14    1.24417e+16
          145.9    3.52624e+33    6.83146e+14    1.24289e+16
            146    3.59665e+33    6.83173e+14    1.24162e+16
          146.1    3.66844e+33      6.832e+14    1.24034e+16
          146.2    3.74162e+33    6.83227e+14    1.23907e+16
          146.3    3.81622e+33    6.83253e+14     1.2378e+16
          146.4    3.89227e+33     6.8328e+14    1.23653e+16
          146.5     3.9698e+33    6.83306e+14    1.23526e+16
          146.6    4.04884e+33    6.83332e+14      1.234e+16
          146.7     4.1294e+33    6.83358e+14    1.23273e+16
          146.8    4.21153e+33    6.83383e+14    1.23147e+16
          146.9    4.29525e+33    6.83409e+14    1.23021e+16
            147    4.38059e+33    6.83434e+14    1.22895e+16
          147.1    4.46758e+33    6.83459e+14     1.2277e+16
          147.2    4.55626e+33    6.83484e+14    1.22644e+16
          147.3    4.64665e+33    6.83509e+14    1.22519e+16
          147.4    4.73879e+33    6.83534e+14    1.22394e+16
          147.5     4.8327e+33    6.83558e+14    1.22269e+16
          147.6    4.92843e+33    6.83583e+14    1.22144e+16
          147.7    5.02601e+33    6.83607e+14    1.22019e+16
          147.8    5.12547e+33    6.83631e+14    1.21895e+16
          147.9    5.22685e+33    6.83654e+14    1.21771e+16
            148    5.33018e+33    6.83678e+14    1.21646e+16
          148.1     5.4355e+33    6.83702e+14    1.21523e+16
          148.2    5.54285e+33    6.83725e+14    1.21399e+16
          148.3    5.65227e+33    6.83748e+14    1.21275e+16
          148.4    5.76379e+33    6.83771e+14    1.21152e+16
          148.5    5.87745e+33    6.83794e+14    1.21029e+16
          148.6     5.9933e+33    6.83817e+14    1.20906e+16
          148.7    6.11137e+33    6.83839e+14    1.20783e+16
          148.8     6.2317e+33    6.83862e+14     1.2066e+16
          148.9    6.35435e+33    6.83884e+14    1.20538e+16
            149    6.47935e+33    6.83906e+14    1.20415e+16
          149.1    6.60674e+33    6.83928e+14    1.20293e+16
          149.2    6.73657e+33    6.83949e+14    1.20171e+16
          149.3    6.86889e+33    6.83971e+14    1.20049e+16
          149.4    7.00374e+33    6.83992e+14    1.19927e+16
          149.5    7.14118e+33    6.84014e+14    1.19806e+16
          149.6    7.28123e+33    6.84035e+14    1.19685e+16
          149.7    7.42397e+33    6.84056e+14    1.19563e+16
          149.8    7.56943e+33    6.84076e+14    1.19442e+16
          149.9    7.71766e+33    6.84097e+14    1.19322e+16
            150    7.86873e+33    6.84118e+14    1.19201e+16
          150.1    8.02268e+33    6.84138e+14     1.1908e+16
          150.2    8.17956e+33    6.84158e+14     1.1896e+16
          150.3    8.33943e+33    6.84178e+14     1.1884e+16
          150.4    8.50234e+33    6.84198e+14     1.1872e+16
          150.5    8.66836e+33    6.84217e+14      1.186e+16
          150.6    8.83753e+33    6.84237e+14    1.18481e+16
          150.7    9.00992e+33    6.84256e+14    1.18361e+16
          150.8    9.18558e+33    6.84275e+14    1.18242e+16
          150.9    9.36459e+33    6.84295e+14    1.18123e+16
            151    9.54699e+33    6.84313e+14    1.18004e+16
          151.1    9.73285e+33    6.84332e+14    1.17885e+16
          151.2    9.92224e+33    6.84351e+14    1.17766e+16
          151.3    1.01152e+34    6.84369e+14    1.17648e+16
          151.4    1.03119e+34    6.84387e+14    1.17529e+16
          151.5    1.05122e+34    6.84406e+14    1.17411e+16
          151.6    1.07164e+34    6.84424e+14    1.17293e+16
          151.7    1.09244e+34    6.84441e+14    1.17175e+16
          151.8    1.11363e+34    6.84459e+14    1.17058e+16
          151.9    1.13523e+34    6.84477e+14     1.1694e+16
            152    1.15723e+34    6.84494e+14    1.16823e+16
          152.1    1.17965e+34    6.84511e+14    1.16706e+16
          152.2     1.2025e+34    6.84528e+14    1.16588e+16
          152.3    1.22577e+34    6.84545e+14    1.16472e+16
          152.4    1.24948e+34    6.84562e+14    1.16355e+16
          152.5    1.27364e+34    6.84578e+14    1.16238e+16
          152.6    1.29825e+34    6.84595e+14    1.16122e+16
          152.7    1.32333e+34    6.84611e+14    1.16006e+16
          152.8    1.34888e+34    6.84627e+14     1.1589e+16
          152.9    1.37491e+34    6.84643e+14    1.15774e+16
            153    1.40143e+34    6.84659e+14    1.15658e+16
          153.1    1.42845e+34    6.84675e+14    1.15542e+16
          153.2    1.45598e+34     6.8469e+14    1.15427e+16
          153.3    1.48402e+34    6.84706e+14    1.15312e+16
          153.4    1.51259e+34    6.84721e+14    1.15197e+16
          153.5    1.54169e+34    6.84736e+14    1.15082e+16
          153.6    1.57134e+34    6.84751e+14    1.14967e+16
          153.7    1.60155e+34    6.84766e+14    1.14852e+16
          153.8    1.63232e+34    6.84781e+14    1.14738e+16
          153.9    1.66367e+34    6.84795e+14    1.14624e+16
            154    1.69561e+34     6.8481e+14    1.14509e+16
          154.1    1.72814e+34    6.84824e+14    1.14395e+16
          154.2    1.76128e+34    6.84838e+14    1.14282e+16
          154.3    1.79504e+34    6.84852e+14    1.14168e+16
          154.4    1.82943e+34    6.84866e+14    1.14054e+16
          154.5    1.86446e+34    6.84879e+14    1.13941e+16
          154.6    1.90014e+34    6.84893e+14    1.13828e+16
          154.7    1.93649e+34    6.84906e+14    1.13715e+16
          154.8    1.97352e+34    6.84919e+14    1.13602e+16
          154.9    2.01124e+34    6.84932e+14    1.13489e+16
            155    2.04966e+34    6.84945e+14    1.13376e+16
          155.1     2.0888e+34    6.84958e+14    1.13264e+16
          155.2    2.12866e+34    6.84971e+14    1.13152e+16
          155.3    2.16927e+34    6.84983e+14    1.13039e+16
          155.4    2.21063e+34    6.84996e+14    1.12927e+16
          155.5    2.25276e+34    6.85008e+14    1.12816e+16
          155.6    2.29567e+34     6.8502e+14    1.12704e+16
          155.7    2.33937e+34    6.85032e+14    1.12592e+16
          155.8    2.38389e+34    6.85044e+14    1.12481e+16
          155.9    2.42924e+34    6.85055e+14     1.1237e+16
            156    2.47542e+34    6.85067e+14    1.12259e+16
          156.1    2.52246e+34    6.85078e+14    1.12148e+16
          156.2    2.57037e+34    6.85089e+14    1.12037e+16
          156.3    2.61917e+34      6.851e+14    1.11926e+16
          156.4    2.66887e+34    6.85111e+14    1.11816e+16
          156.5    2.71949e+34    6.85122e+14    1.11705e+16
          156.6    2.77104e+34    6.85133e+14    1.11595e+16
          156.7    2.82355e+34    6.85143e+14    1.11485e+16
          156.8    2.87702e+34    6.85154e+14    1.11375e+16
          156.9    2.93148e+34    6.85164e+14    1.11266e+16
            157    2.98695e+34    6.85174e+14    1.11156e+16
          157.1    3.04344e+34    6.85184e+14    1.11047e+16
          157.2    3.10097e+34    6.85194e+14    1.10937e+16
          157.3    3.15956e+34    6.85203e+14    1.10828e+16
          157.4    3.21923e+34    6.85213e+14    1.10719e+16
          157.5       3.28e+34    6.85222e+14     1.1061e+16
          157.6    3.34189e+34    6.85232e+14    1.10502e+16
          157.7    3.40491e+34    6.85241e+14    1.10393e+16
          157.8    3.46909e+34     6.8525e+14    1.10285e+16
          157.9    3.53445e+34    6.85259e+14    1.10177e+16
            158    3.60101e+34    6.85267e+14    1.10068e+16
          158.1    3.66879e+34    6.85276e+14     1.0996e+16
          158.2    3.73782e+34    6.85285e+14    1.09853e+16
          158.3    3.80811e+34    6.85293e+14    1.09745e+16
          158.4    3.87969e+34    6.85301e+14    1.09637e+16
          158.5    3.95258e+34    6.85309e+14     1.0953e+16
          158.6     4.0268e+34    6.85317e+14    1.09423e+16
          158.7    4.10238e+34    6.85325e+14    1.09316e+16
          158.8    4.17935e+34    6.85332e+14    1.09209e+16
          158.9    4.25772e+34     6.8534e+14    1.09102e+16
            159    4.33752e+34    6.85347e+14    1.08995e+16
          159.1    4.41878e+34    6.85355e+14    1.08889e+16
          159.2    4.50152e+34    6.85362e+14    1.08782e+16
          159.3    4.58578e+34    6.85369e+14    1.08676e+16
          159.4    4.67157e+34    6.85376e+14     1.0857e+16
          159.5    4.75892e+34    6.85382e+14    1.08464e+16
          159.6    4.84787e+34    6.85389e+14    1.08358e+16
          159.7    4.93844e+34    6.85395e+14    1.08253e+16
          159.8    5.03065e+34    6.85402e+14    1.08147e+16
          159.9    5.12455e+34    6.85408e+14    1.08042e+16
            160    5.22015e+34    6.85414e+14    1.07937e+16
          160.1    5.31749e+34     6.8542e+14    1.07831e+16
          160.2    5.41659e+34    6.85426e+14    1.07727e+16
          160.3     5.5175e+34    6.85431e+14    1.07622e+16
          160.4    5.62024e+34    6.85437e+14    1.07517e+16
          160.5    5.72484e+34    6.85442e+14    1.07412e+16
          160.6    5.83134e+34    6.85447e+14    1.07308e+16
          160.7    5.93978e+34    6.85453e+14    1.07204e+16
          160.8    6.05017e+34    6.85458e+14      1.071e+16
          160.9    6.16257e+34    6.85463e+14    1.06996e+16
            161      6.277e+34    6.85467e+14    1.06892e+16
          161.1     6.3935e+34    6.85472e+14    1.06788e+16
          161.2    6.51211e+34    6.85476e+14    1.06685e+16
          161.3    6.63286e+34    6.85481e+14    1.06581e+16
          161.4    6.75579e+34    6.85485e+14    1.06478e+16
          161.5    6.88095e+34    6.85489e+14    1.06375e+16
          161.6    7.00836e+34    6.85493e+14    1.06272e+16
          161.7    7.13808e+34    6.85497e+14    1.06169e+16
          161.8    7.27013e+34    6.85501e+14    1.06066e+16
          161.9    7.40456e+34    6.85504e+14    1.05964e+16
            162    7.54142e+34    6.85508e+14    1.05861e+16
          162.1    7.68074e+34    6.85511e+14    1.05759e+16
          162.2    7.82257e+34    6.85514e+14    1.05657e+16
          162.3    7.96695e+34    6.85518e+14    1.05555e+16
          162.4    8.11393e+34    6.85521e+14    1.05453e+16
          162.5    8.26355e+34    6.85523e+14    1.05351e+16
          162.6    8.41585e+34    6.85526e+14    1.05249e+16
          162.7     8.5709e+34    6.85529e+14    1.05148e+16
          162.8    8.72873e+34    6.85531e+14    1.05046e+16
          162.9    8.88939e+34    6.85534e+14    1.04945e+16
            163    9.05293e+34    6.85536e+14    1.04844e+16
          163.1     9.2194e+34    6.85538e+14    1.04743e+16
          163.2    9.38886e+34     6.8554e+14    1.04642e+16
          163.3    9.56135e+34    6.85542e+14    1.04542e+16
          163.4    9.73694e+34    6.85544e+14    1.04441e+16
          163.5    9.91566e+34    6.85545e+14     1.0434e+16
          163.6    1.00976e+35    6.85547e+14     1.0424e+16
          163.7    1.02828e+35    6.85548e+14     1.0414e+16
          163.8    1.04712e+35    6.85549e+14     1.0404e+16
          163.9    1.06631e+35     6.8555e+14     1.0394e+16
            164    1.08584e+35    6.85551e+14     1.0384e+16
          164.1    1.10571e+35    6.85552e+14    1.03741e+16
          164.2    1.12594e+35    6.85553e+14    1.03641e+16
          164.3    1.14653e+35    6.85554e+14    1.03542e+16
          164.4    1.16749e+35    6.85554e+14    1.03442e+16
          164.5    1.18882e+35    6.85555e+14    1.03343e+16
          164.6    1.21053e+35    6.85555e+14    1.03244e+16
          164.7    1.23263e+35    6.85555e+14    1.03146e+16
          164.8    1.25512e+35    6.85555e+14    1.03047e+16
          164.9    1.27801e+35    6.85555e+14    1.02948e+16
            165    1.30131e+35    6.85555e+14     1.0285e+16
          165.1    1.32502e+35    6.85554e+14    1.02751e+16
          165.2    1.34916e+35    6.85554e+14    1.02653e+16
          165.3    1.37372e+35    6.85553e+14    1.02555e+16
          165.4    1.39871e+35    6.85553e+14    1.02457e+16
          165.5    1.42415e+35    6.85552e+14    1.02359e+16
          165.6    1.45004e+35    6.85551e+14    1.02262e+16
          165.7    1.47639e+35     6.8555e+14    1.02164e+16
          165.8    1.50321e+35    6.85549e+14    1.02067e+16
          165.9     1.5305e+35    6.85548e+14    1.01969e+16
            166    1.55827e+35    6.85546e+14    1.01872e+16
          166.1    1.58654e+35    6.85545e+14    1.01775e+16
          166.2     1.6153e+35    6.85543e+14    1.01678e+16
          166.3    1.64458e+35    6.85541e+14    1.01581e+16
          166.4    1.67437e+35     6.8554e+14    1.01485e+16
          166.5    1.70468e+35    6.85538e+14    1.01388e+16
          166.6    1.73553e+35    6.85535e+14    1.01292e+16
          166.7    1.76693e+35    6.85533e+14    1.01195e+16
          166.8    1.79888e+35    6.85531e+14    1.01099e+16
          166.9    1.83139e+35    6.85528e+14    1.01003e+16
            167    1.86447e+35    6.85526e+14    1.00907e+16
          167.1    1.89814e+35    6.85523e+14    1.00811e+16
          167.2     1.9324e+35     6.8552e+14    1.00716e+16
          167.3    1.96726e+35    6.85518e+14     1.0062e+16
          167.4    2.00273e+35    6.85515e+14    1.00525e+16
          167.5    2.03883e+35    6.85511e+14     1.0043e+16
          167.6    2.07556e+35    6.85508e+14    1.00334e+16
          167.7    2.11294e+35    6.85505e+14    1.00239e+16
          167.8    2.15097e+35    6.85501e+14    1.00144e+16
          167.9    2.18967e+35    6.85498e+14     1.0005e+16
            168    2.22905e+35    6.85494e+14    9.99549e+15
          168.1    2.26912e+35     6.8549e+14    9.98603e+15
          168.2    2.30989e+35    6.85486e+14    9.97659e+15
          168.3    2.35137e+35    6.85482e+14    9.96716e+15
          168.4    2.39358e+35    6.85478e+14    9.95774e+15
          168.5    2.43653e+35    6.85474e+14    9.94833e+15
          168.6    2.48023e+35     6.8547e+14    9.93894e+15
          168.7     2.5247e+35    6.85465e+14    9.92956e+15
          168.8    2.56994e+35     6.8546e+14    9.92019e+15
          168.9    2.61597e+35    6.85456e+14    9.91083e+15
            169    2.66281e+35    6.85451e+14    9.90149e+15
          169.1    2.71046e+35    6.85446e+14    9.89215e+15
          169.2    2.75894e+35    6.85441e+14    9.88283e+15
          169.3    2.80827e+35    6.85436e+14    9.87352e+15
          169.4    2.85846e+35    6.85431e+14    9.86422e+15
          169.5    2.90952e+35    6.85425e+14    9.85494e+15
          169.6    2.96147e+35     6.8542e+14    9.84567e+15
          169.7    3.01432e+35    6.85414e+14    9.83641e+15
          169.8     3.0681e+35    6.85408e+14    9.82716e+15
          169.9    3.12281e+35    6.85403e+14    9.81792e+15
            170    3.17847e+35    6.85397e+14    9.80869e+15
          170.1    3.23509e+35    6.85391e+14    9.79948e+15
          170.2     3.2927e+35    6.85385e+14    9.79028e+15
          170.3    3.35131e+35    6.85378e+14    9.78109e+15
          170.4    3.41094e+35    6.85372e+14    9.77191e+15
          170.5     3.4716e+35    6.85365e+14    9.76275e+15
          170.6    3.53331e+35    6.85359e+14    9.75359e+15
          170.7     3.5961e+35    6.85352e+14    9.74445e+15
          170.8    3.65996e+35    6.85345e+14    9.73532e+15
          170.9    3.72494e+35    6.85339e+14     9.7262e+15
            171    3.79104e+35    6.85332e+14    9.71709e+15
          171.1    3.85828e+35    6.85324e+14      9.708e+15
          171.2    3.92668e+35    6.85317e+14    9.69892e+15
          171.3    3.99627e+35     6.8531e+14    9.68984e+15
          171.4    4.06706e+35    6.85302e+14    9.68078e+15
          171.5    4.13907e+35    6.85295e+14    9.67174e+15
          171.6    4.21232e+35    6.85287e+14     9.6627e+15
          171.7    4.28683e+35     6.8528e+14    9.65367e+15
          171.8    4.36264e+35    6.85272e+14    9.64466e+15
          171.9    4.43974e+35    6.85264e+14    9.63566e+15
            172    4.51818e+35    6.85256e+14    9.62667e+15
          172.1    4.59796e+35    6.85248e+14    9.61769e+15
          172.2    4.67912e+35    6.85239e+14    9.60872e+15
          172.3    4.76168e+35    6.85231e+14    9.59976e+15
          172.4    4.84565e+35    6.85222e+14    9.59082e+15
          172.5    4.93107e+35    6.85214e+14    9.58189e+15
          172.6    5.01796e+35    6.85205e+14    9.57296e+15
          172.7    5.10634e+35    6.85196e+14    9.56405e+15
          172.8    5.19623e+35    6.85187e+14    9.55516e+15
          172.9    5.28767e+35    6.85178e+14    9.54627e+15
            173    5.38068e+35    6.85169e+14    9.53739e+15
          173.1    5.47528e+35     6.8516e+14    9.52853e+15
          173.2     5.5715e+35    6.85151e+14    9.51967e+15
          173.3    5.66937e+35    6.85141e+14    9.51083e+15
          173.4    5.76891e+35    6.85132e+14      9.502e+15
          173.5    5.87016e+35    6.85122e+14    9.49318e+15
          173.6    5.97314e+35    6.85113e+14    9.48437e+15
          173.7    6.07788e+35    6.85103e+14    9.47557e+15
          173.8    6.18442e+35    6.85093e+14    9.46679e+15
          173.9    6.29277e+35    6.85083e+14    9.45801e+15
            174    6.40297e+35    6.85073e+14    9.44925e+15
          174.1    6.51505e+35    6.85062e+14     9.4405e+15
          174.2    6.62905e+35    6.85052e+14    9.43176e+15
          174.3    6.74499e+35    6.85042e+14    9.42303e+15
          174.4     6.8629e+35    6.85031e+14    9.41431e+15
          174.5    6.98283e+35     6.8502e+14     9.4056e+15
          174.6     7.1048e+35     6.8501e+14     9.3969e+15
          174.7    7.22884e+35    6.84999e+14    9.38822e+15
          174.8      7.355e+35    6.84988e+14    9.37954e+15
          174.9     7.4833e+35    6.84977e+14    9.37088e+15
            175    7.61378e+35    6.84966e+14    9.36223e+15
          175.1    7.74648e+35    6.84954e+14    9.35358e+15
          175.2    7.88143e+35    6.84943e+14    9.34495e+15
          175.3    8.01868e+35    6.84932e+14    9.33633e+15
          175.4    8.15825e+35     6.8492e+14    9.32772e+15
          175.5     8.3002e+35    6.84909e+14    9.31913e+15
          175.6    8.44455e+35    6.84897e+14    9.31054e+15
          175.7    8.59134e+35    6.84885e+14    9.30196e+15
          175.8    8.74063e+35    6.84873e+14     9.2934e+15
          175.9    8.89244e+35    6.84861e+14    9.28484e+15
            176    9.04682e+35    6.84849e+14     9.2763e+15
          176.1    9.20382e+35    6.84837e+14    9.26776e+15
          176.2    9.36347e+35    6.84824e+14    9.25924e+15
          176.3    9.52582e+35    6.84812e+14    9.25073e+15
          176.4    9.69091e+35    6.84799e+14    9.24223e+15
          176.5     9.8588e+35    6.84787e+14    9.23374e+15
          176.6    1.00295e+36    6.84774e+14    9.22526e+15
          176.7    1.02031e+36    6.84761e+14    9.21679e+15
          176.8    1.03796e+36    6.84748e+14    9.20833e+15
          176.9    1.05591e+36    6.84735e+14    9.19989e+15
            177    1.07417e+36    6.84722e+14    9.19145e+15
          177.1    1.09273e+36    6.84709e+14    9.18302e+15
          177.2     1.1116e+36    6.84696e+14    9.17461e+15
          177.3    1.13079e+36    6.84682e+14     9.1662e+15
          177.4    1.15031e+36    6.84669e+14    9.15781e+15
          177.5    1.17015e+36    6.84655e+14    9.14943e+15
          177.6    1.19032e+36    6.84642e+14    9.14105e+15
          177.7    1.21084e+36    6.84628e+14    9.13269e+15
          177.8     1.2317e+36    6.84614e+14    9.12434e+15
          177.9    1.25291e+36      6.846e+14      9.116e+15
            178    1.27447e+36    6.84586e+14    9.10767e+15
          178.1     1.2964e+36    6.84572e+14    9.09934e+15
          178.2     1.3187e+36    6.84558e+14    9.09103e+15
          178.3    1.34137e+36    6.84543e+14    9.08273e+15
          178.4    1.36441e+36    6.84529e+14    9.07445e+15
          178.5    1.38785e+36    6.84514e+14    9.06617e+15
          178.6    1.41168e+36      6.845e+14     9.0579e+15
          178.7     1.4359e+36    6.84485e+14    9.04964e+15
          178.8    1.46053e+36     6.8447e+14    9.04139e+15
          178.9    1.48558e+36    6.84455e+14    9.03315e+15
            179    1.51104e+36     6.8444e+14    9.02493e+15
          179.1    1.53692e+36    6.84425e+14    9.01671e+15
          179.2    1.56324e+36     6.8441e+14     9.0085e+15
          179.3       1.59e+36    6.84395e+14    9.00031e+15
          179.4    1.61721e+36     6.8438e+14    8.99212e+15
          179.5    1.64487e+36    6.84364e+14    8.98394e+15
          179.6    1.67299e+36    6.84349e+14    8.97578e+15
          179.7    1.70157e+36    6.84333e+14    8.96762e+15
          179.8    1.73064e+36    6.84317e+14    8.95948e+15
          179.9    1.76019e+36    6.84301e+14    8.95134e+15
            180    1.79023e+36    6.84286e+14    8.94322e+15
          180.1    1.82077e+36     6.8427e+14     8.9351e+15
          180.2    1.85182e+36    6.84254e+14      8.927e+15
          180.3    1.88338e+36    6.84237e+14     8.9189e+15
          180.4    1.91547e+36    6.84221e+14    8.91082e+15
          180.5    1.94809e+36    6.84205e+14    8.90274e+15
          180.6    1.98125e+36    6.84188e+14    8.89468e+15
          180.7    2.01496e+36    6.84172e+14    8.88662e+15
          180.8    2.04924e+36    6.84155e+14    8.87858e+15
          180.9    2.08408e+36    6.84138e+14    8.87054e+15
            181    2.11949e+36    6.84122e+14    8.86252e+15
          181.1     2.1555e+36    6.84105e+14     8.8545e+15
          181.2     2.1921e+36    6.84088e+14     8.8465e+15
          181.3    2.22931e+36    6.84071e+14     8.8385e+15
          181.4    2.26713e+36    6.84054e+14    8.83052e+15
          181.5    2.30558e+36    6.84036e+14    8.82255e+15
          181.6    2.34466e+36    6.84019e+14    8.81458e+15
          181.7    2.38439e+36    6.84001e+14    8.80662e+15
          181.8    2.42477e+36    6.83984e+14    8.79868e+15
          181.9    2.46583e+36    6.83966e+14    8.79074e+15
            182    2.50755e+36    6.83949e+14    8.78282e+15
          182.1    2.54997e+36    6.83931e+14     8.7749e+15
          182.2    2.59309e+36    6.83913e+14      8.767e+15
          182.3    2.63692e+36    6.83895e+14     8.7591e+15
          182.4    2.68147e+36    6.83877e+14    8.75121e+15
          182.5    2.72675e+36    6.83859e+14    8.74334e+15
          182.6    2.77278e+36    6.83841e+14    8.73547e+15
          182.7    2.81957e+36    6.83822e+14    8.72761e+15
          182.8    2.86712e+36    6.83804e+14    8.71977e+15
          182.9    2.91546e+36    6.83786e+14    8.71193e+15
            183    2.96459e+36    6.83767e+14     8.7041e+15
          183.1    3.01453e+36    6.83748e+14    8.69628e+15
          183.2    3.06529e+36     6.8373e+14    8.68847e+15
          183.3    3.11689e+36    6.83711e+14    8.68067e+15
          183.4    3.16932e+36    6.83692e+14    8.67288e+15
          183.5    3.22262e+36    6.83673e+14     8.6651e+15
          183.6     3.2768e+36    6.83654e+14    8.65733e+15
          183.7    3.33186e+36    6.83635e+14    8.64957e+15
          183.8    3.38782e+36    6.83615e+14    8.64182e+15
          183.9     3.4447e+36    6.83596e+14    8.63408e+15
            184    3.50251e+36    6.83577e+14    8.62635e+15
          184.1    3.56126e+36    6.83557e+14    8.61862e+15
          184.2    3.62098e+36    6.83538e+14    8.61091e+15
          184.3    3.68167e+36    6.83518e+14     8.6032e+15
          184.4    3.74336e+36    6.83498e+14    8.59551e+15
          184.5    3.80605e+36    6.83478e+14    8.58783e+15
          184.6    3.86976e+36    6.83458e+14    8.58015e+15
          184.7    3.93452e+36    6.83438e+14    8.57248e+15
          184.8    4.00033e+36    6.83418e+14    8.56483e+15
          184.9    4.06721e+36    6.83398e+14    8.55718e+15
            185    4.13518e+36    6.83378e+14    8.54954e+15
          185.1    4.20427e+36    6.83358e+14    8.54191e+15
          185.2    4.27447e+36    6.83337e+14    8.53429e+15
          185.3    4.34582e+36    6.83317e+14    8.52668e+15
          185.4    4.41833e+36    6.83296e+14    8.51908e+15
          185.5    4.49202e+36    6.83276e+14    8.51149e+15
          185.6    4.56691e+36    6.83255e+14    8.50391e+15
          185.7    4.64301e+36    6.83234e+14    8.49634e+15
          185.8    4.72035e+36    6.83213e+14    8.48877e+15
          185.9    4.79895e+36    6.83192e+14    8.48122e+15
            186    4.87882e+36    6.83171e+14    8.47367e+15
          186.1    4.95999e+36     6.8315e+14    8.46614e+15
          186.2    5.04248e+36    6.83129e+14    8.45861e+15
          186.3     5.1263e+36    6.83107e+14    8.45109e+15
          186.4    5.21148e+36    6.83086e+14    8.44359e+15
          186.5    5.29804e+36    6.83064e+14    8.43609e+15
          186.6      5.386e+36    6.83043e+14     8.4286e+15
          186.7    5.47538e+36    6.83021e+14    8.42112e+15
          186.8    5.56622e+36    6.82999e+14    8.41364e+15
          186.9    5.65852e+36    6.82978e+14    8.40618e+15
            187    5.75231e+36    6.82956e+14    8.39873e+15
          187.1    5.84762e+36    6.82934e+14    8.39128e+15
          187.2    5.94446e+36    6.82912e+14    8.38385e+15
          187.3    6.04287e+36     6.8289e+14    8.37642e+15
          187.4    6.14287e+36    6.82867e+14      8.369e+15
          187.5    6.24448e+36    6.82845e+14     8.3616e+15
          187.6    6.34773e+36    6.82823e+14     8.3542e+15
          187.7    6.45265e+36      6.828e+14    8.34681e+15
          187.8    6.55925e+36    6.82778e+14    8.33942e+15
          187.9    6.66758e+36    6.82755e+14    8.33205e+15
            188    6.77764e+36    6.82733e+14    8.32469e+15
          188.1    6.88948e+36     6.8271e+14    8.31733e+15
          188.2    7.00312e+36    6.82687e+14    8.30999e+15
          188.3    7.11858e+36    6.82664e+14    8.30265e+15
          188.4     7.2359e+36    6.82641e+14    8.29532e+15
          188.5     7.3551e+36    6.82618e+14      8.288e+15
          188.6    7.47622e+36    6.82595e+14    8.28069e+15
          188.7    7.59928e+36    6.82572e+14    8.27339e+15
          188.8    7.72432e+36    6.82548e+14     8.2661e+15
          188.9    7.85136e+36    6.82525e+14    8.25882e+15
            189    7.98044e+36    6.82502e+14    8.25154e+15
          189.1    8.11159e+36    6.82478e+14    8.24428e+15
          189.2    8.24484e+36    6.82454e+14    8.23702e+15
          189.3    8.38023e+36    6.82431e+14    8.22977e+15
          189.4    8.51778e+36    6.82407e+14    8.22253e+15
          189.5    8.65753e+36    6.82383e+14     8.2153e+15
          189.6    8.79952e+36    6.82359e+14    8.20808e+15
          189.7    8.94377e+36    6.82335e+14    8.20086e+15
          189.8    9.09034e+36    6.82311e+14    8.19366e+15
          189.9    9.23924e+36    6.82287e+14    8.18646e+15
            190    9.39052e+36    6.82263e+14    8.17927e+15
          190.1    9.54422e+36    6.82238e+14    8.17209e+15
          190.2    9.70037e+36    6.82214e+14    8.16492e+15
          190.3    9.85901e+36     6.8219e+14    8.15776e+15
          190.4    1.00202e+37    6.82165e+14    8.15061e+15
          190.5    1.01839e+37    6.82141e+14    8.14347e+15
          190.6    1.03503e+37    6.82116e+14    8.13633e+15
          190.7    1.05193e+37    6.82091e+14     8.1292e+15
          190.8    1.06909e+37    6.82066e+14    8.12208e+15
          190.9    1.08654e+37    6.82041e+14    8.11497e+15
            191    1.10425e+37    6.82016e+14    8.10787e+15
          191.1    1.12226e+37    6.81991e+14    8.10078e+15
          191.2    1.14054e+37    6.81966e+14    8.09369e+15
          191.3    1.15912e+37    6.81941e+14    8.08662e+15
          191.4    1.17799e+37    6.81916e+14    8.07955e+15
          191.5    1.19716e+37     6.8189e+14    8.07249e+15
          191.6    1.21664e+37    6.81865e+14    8.06544e+15
          191.7    1.23642e+37     6.8184e+14     8.0584e+15
          191.8    1.25652e+37    6.81814e+14    8.05136e+15
          191.9    1.27694e+37    6.81788e+14    8.04434e+15
            192    1.29768e+37    6.81763e+14    8.03732e+15
          192.1    1.31875e+37    6.81737e+14    8.03031e+15
          192.2    1.34015e+37    6.81711e+14    8.02331e+15
          192.3    1.36189e+37    6.81685e+14    8.01632e+15
          192.4    1.38398e+37    6.81659e+14    8.00934e+15
          192.5    1.40641e+37    6.81633e+14    8.00236e+15
          192.6     1.4292e+37    6.81607e+14     7.9954e+15
          192.7    1.45235e+37    6.81581e+14    7.98844e+15
          192.8    1.47586e+37    6.81554e+14    7.98149e+15
          192.9    1.49975e+37    6.81528e+14    7.97455e+15
            193    1.52401e+37    6.81502e+14    7.96761e+15
          193.1    1.54865e+37    6.81475e+14    7.96069e+15
          193.2    1.57369e+37    6.81449e+14    7.95377e+15
          193.3    1.59912e+37    6.81422e+14    7.94686e+15
          193.4    1.62494e+37    6.81395e+14    7.93996e+15
          193.5    1.65118e+37    6.81368e+14    7.93307e+15
          193.6    1.67783e+37    6.81342e+14    7.92618e+15
          193.7    1.70489e+37    6.81315e+14    7.91931e+15
          193.8    1.73239e+37    6.81288e+14    7.91244e+15
          193.9    1.76031e+37    6.81261e+14    7.90558e+15
            194    1.78868e+37    6.81233e+14    7.89873e+15
          194.1    1.81749e+37    6.81206e+14    7.89189e+15
          194.2    1.84675e+37    6.81179e+14    7.88505e+15
          194.3    1.87647e+37    6.81152e+14    7.87822e+15
          194.4    1.90666e+37    6.81124e+14    7.87141e+15
          194.5    1.93732e+37    6.81097e+14    7.86459e+15
          194.6    1.96846e+37    6.81069e+14    7.85779e+15
          194.7    2.00009e+37    6.81041e+14      7.851e+15
          194.8    2.03221e+37    6.81014e+14    7.84421e+15
          194.9    2.06484e+37    6.80986e+14    7.83743e+15
            195    2.09798e+37    6.80958e+14    7.83066e+15
          195.1    2.13164e+37     6.8093e+14     7.8239e+15
          195.2    2.16582e+37    6.80902e+14    7.81714e+15
          195.3    2.20054e+37    6.80874e+14     7.8104e+15
          195.4     2.2358e+37    6.80846e+14    7.80366e+15
          195.5    2.27161e+37    6.80818e+14    7.79693e+15
          195.6    2.30798e+37     6.8079e+14    7.79021e+15
          195.7    2.34492e+37    6.80761e+14    7.78349e+15
          195.8    2.38244e+37    6.80733e+14    7.77678e+15
          195.9    2.42054e+37    6.80704e+14    7.77009e+15
            196    2.45923e+37    6.80676e+14    7.76339e+15
          196.1    2.49853e+37    6.80647e+14    7.75671e+15
          196.2    2.53844e+37    6.80619e+14    7.75004e+15
          196.3    2.57897e+37     6.8059e+14    7.74337e+15
          196.4    2.62013e+37    6.80561e+14    7.73671e+15
          196.5    2.66193e+37    6.80532e+14    7.73006e+15
          196.6    2.70439e+37    6.80503e+14    7.72341e+15
          196.7     2.7475e+37    6.80474e+14    7.71678e+15
          196.8    2.79128e+37    6.80445e+14    7.71015e+15
          196.9    2.83575e+37    6.80416e+14    7.70353e+15
            197     2.8809e+37    6.80387e+14    7.69692e+15
          197.1    2.92675e+37    6.80358e+14    7.69031e+15
          197.2    2.97332e+37    6.80328e+14    7.68372e+15
          197.3    3.02061e+37    6.80299e+14    7.67713e+15
          197.4    3.06863e+37    6.80269e+14    7.67055e+15
          197.5     3.1174e+37     6.8024e+14    7.66397e+15
          197.6    3.16692e+37     6.8021e+14    7.65741e+15
          197.7     3.2172e+37    6.80181e+14    7.65085e+15
          197.8    3.26827e+37    6.80151e+14     7.6443e+15
          197.9    3.32013e+37    6.80121e+14    7.63775e+15
            198    3.37279e+37    6.80091e+14    7.63122e+15
          198.1    3.42626e+37    6.80061e+14    7.62469e+15
          198.2    3.48056e+37    6.80031e+14    7.61817e+15
          198.3     3.5357e+37    6.80001e+14    7.61166e+15
          198.4    3.59169e+37    6.79971e+14    7.60516e+15
          198.5    3.64855e+37    6.79941e+14    7.59866e+15
          198.6    3.70628e+37    6.79911e+14    7.59217e+15
          198.7    3.76491e+37     6.7988e+14    7.58569e+15
          198.8    3.82443e+37     6.7985e+14    7.57921e+15
          198.9    3.88488e+37     6.7982e+14    7.57275e+15
            199    3.94626e+37    6.79789e+14    7.56629e+15
          199.1    4.00858e+37    6.79758e+14    7.55984e+15
          199.2    4.07186e+37    6.79728e+14    7.55339e+15
          199.3    4.13611e+37    6.79697e+14    7.54696e+15
          199.4    4.20136e+37    6.79666e+14    7.54053e+15
          199.5    4.26761e+37    6.79636e+14    7.53411e+15
          199.6    4.33487e+37    6.79605e+14    7.52769e+15
          199.7    4.40317e+37    6.79574e+14    7.52128e+15
          199.8    4.47252e+37    6.79543e+14    7.51489e+15
          199.9    4.54294e+37    6.79512e+14    7.50849e+15
            200    4.61443e+37     6.7948e+14    7.50211e+15
          200.1    4.68702e+37    6.79449e+14    7.49573e+15
          200.2    4.76073e+37    6.79418e+14    7.48936e+15
          200.3    4.83556e+37    6.79387e+14      7.483e+15
          200.4    4.91155e+37    6.79355e+14    7.47665e+15
          200.5    4.98869e+37    6.79324e+14     7.4703e+15
          200.6    5.06702e+37    6.79292e+14    7.46396e+15
          200.7    5.14655e+37    6.79261e+14    7.45763e+15
          200.8    5.22729e+37    6.79229e+14    7.45131e+15
          200.9    5.30927e+37    6.79197e+14    7.44499e+15
            201     5.3925e+37    6.79166e+14    7.43868e+15
          201.1    5.47701e+37    6.79134e+14    7.43237e+15
          201.2     5.5628e+37    6.79102e+14    7.42608e+15
          201.3    5.64991e+37     6.7907e+14    7.41979e+15
          201.4    5.73834e+37    6.79038e+14    7.41351e+15
          201.5    5.82813e+37    6.79006e+14    7.40724e+15
          201.6    5.91928e+37    6.78974e+14    7.40097e+15
          201.7    6.01183e+37    6.78941e+14    7.39471e+15
          201.8    6.10578e+37    6.78909e+14    7.38846e+15
          201.9    6.20117e+37    6.78877e+14    7.38222e+15
            202    6.29801e+37    6.78844e+14    7.37598e+15
          202.1    6.39633e+37    6.78812e+14    7.36975e+15
          202.2    6.49614e+37     6.7878e+14    7.36352e+15
          202.3    6.59747e+37    6.78747e+14    7.35731e+15
          202.4    6.70034e+37    6.78714e+14     7.3511e+15
          202.5    6.80477e+37    6.78682e+14     7.3449e+15
          202.6     6.9108e+37    6.78649e+14    7.33871e+15
          202.7    7.01843e+37    6.78616e+14    7.33252e+15
          202.8     7.1277e+37    6.78583e+14    7.32634e+15
          202.9    7.23862e+37     6.7855e+14    7.32017e+15
            203    7.35123e+37    6.78517e+14      7.314e+15
          203.1    7.46555e+37    6.78484e+14    7.30784e+15
          203.2     7.5816e+37    6.78451e+14    7.30169e+15
          203.3    7.69941e+37    6.78418e+14    7.29555e+15
          203.4      7.819e+37    6.78385e+14    7.28941e+15
          203.5     7.9404e+37    6.78351e+14    7.28328e+15
          203.6    8.06365e+37    6.78318e+14    7.27716e+15
          203.7    8.18875e+37    6.78285e+14    7.27104e+15
          203.8    8.31576e+37    6.78251e+14    7.26493e+15
          203.9    8.44468e+37    6.78218e+14    7.25883e+15
            204    8.57555e+37    6.78184e+14    7.25273e+15
          204.1    8.70839e+37    6.78151e+14    7.24665e+15
          204.2    8.84325e+37    6.78117e+14    7.24057e+15
          204.3    8.98014e+37    6.78083e+14    7.23449e+15
          204.4    9.11909e+37    6.78049e+14    7.22842e+15
          204.5    9.26014e+37    6.78015e+14    7.22236e+15
          204.6    9.40332e+37    6.77981e+14    7.21631e+15
          204.7    9.54866e+37    6.77947e+14    7.21027e+15
          204.8    9.69619e+37    6.77913e+14    7.20423e+15
          204.9    9.84594e+37    6.77879e+14    7.19819e+15
            205    9.99795e+37    6.77845e+14    7.19217e+15
          205.1    1.01522e+38    6.77811e+14    7.18615e+15
          205.2    1.03089e+38    6.77777e+14    7.18014e+15
          205.3    1.04678e+38    6.77742e+14    7.17413e+15
          205.4    1.06292e+38    6.77708e+14    7.16814e+15
          205.5     1.0793e+38    6.77674e+14    7.16215e+15
          205.6    1.09592e+38    6.77639e+14    7.15616e+15
          205.7     1.1128e+38    6.77604e+14    7.15019e+15
          205.8    1.12992e+38     6.7757e+14    7.14422e+15
          205.9    1.14731e+38    6.77535e+14    7.13825e+15
            206    1.16495e+38      6.775e+14     7.1323e+15
          206.1    1.18286e+38    6.77466e+14    7.12635e+15
          206.2    1.20104e+38    6.77431e+14     7.1204e+15
          206.3    1.21949e+38    6.77396e+14    7.11447e+15
          206.4    1.23822e+38    6.77361e+14    7.10854e+15
          206.5    1.25723e+38    6.77326e+14    7.10261e+15
          206.6    1.27652e+38    6.77291e+14     7.0967e+15
          206.7     1.2961e+38    6.77256e+14    7.09079e+15
          206.8    1.31598e+38    6.77221e+14    7.08489e+15
          206.9    1.33615e+38    6.77185e+14    7.07899e+15
            207    1.35662e+38     6.7715e+14     7.0731e+15
          207.1     1.3774e+38    6.77115e+14    7.06722e+15
          207.2    1.39849e+38    6.77079e+14    7.06134e+15
          207.3    1.41989e+38    6.77044e+14    7.05548e+15
          207.4    1.44161e+38    6.77008e+14    7.04961e+15
          207.5    1.46366e+38    6.76973e+14    7.04376e+15
          207.6    1.48604e+38    6.76937e+14    7.03791e+15
          207.7    1.50875e+38    6.76901e+14    7.03207e+15
          207.8    1.53179e+38    6.76866e+14    7.02623e+15
          207.9    1.55518e+38     6.7683e+14     7.0204e+15
            208    1.57892e+38    6.76794e+14    7.01458e+15
          208.1    1.60302e+38    6.76758e+14    7.00876e+15
          208.2    1.62747e+38    6.76722e+14    7.00296e+15
          208.3    1.65228e+38    6.76686e+14    6.99715e+15
          208.4    1.67747e+38     6.7665e+14    6.99136e+15
          208.5    1.70302e+38    6.76614e+14    6.98557e+15
          208.6    1.72896e+38    6.76578e+14    6.97979e+15
          208.7    1.75528e+38    6.76542e+14    6.97401e+15
          208.8      1.782e+38    6.76506e+14    6.96824e+15
          208.9    1.80911e+38    6.76469e+14    6.96248e+15
            209    1.83662e+38    6.76433e+14    6.95672e+15
          209.1    1.86454e+38    6.76396e+14    6.95097e+15
          209.2    1.89287e+38     6.7636e+14    6.94523e+15
          209.3    1.92163e+38    6.76323e+14    6.93949e+15
          209.4     1.9508e+38    6.76287e+14    6.93376e+15
          209.5    1.98042e+38     6.7625e+14    6.92803e+15
          209.6    2.01047e+38    6.76213e+14    6.92232e+15
          209.7    2.04096e+38    6.76177e+14    6.91661e+15
          209.8    2.07191e+38     6.7614e+14     6.9109e+15
          209.9    2.10331e+38    6.76103e+14     6.9052e+15
            210    2.13517e+38    6.76066e+14    6.89951e+15
          210.1    2.16751e+38    6.76029e+14    6.89383e+15
          210.2    2.20033e+38    6.75992e+14    6.88815e+15
          210.3    2.23363e+38    6.75955e+14    6.88247e+15
          210.4    2.26742e+38    6.75918e+14    6.87681e+15
          210.5    2.30171e+38    6.75881e+14    6.87115e+15
          210.6     2.3365e+38    6.75844e+14     6.8655e+15
          210.7    2.37181e+38    6.75806e+14    6.85985e+15
          210.8    2.40764e+38    6.75769e+14    6.85421e+15
          210.9      2.444e+38    6.75732e+14    6.84857e+15
            211    2.48089e+38    6.75694e+14    6.84295e+15
          211.1    2.51832e+38    6.75657e+14    6.83732e+15
          211.2    2.55631e+38    6.75619e+14    6.83171e+15
          211.3    2.59485e+38    6.75582e+14     6.8261e+15
          211.4    2.63396e+38    6.75544e+14     6.8205e+15
          211.5    2.67365e+38    6.75506e+14     6.8149e+15
          211.6    2.71391e+38    6.75469e+14    6.80931e+15
          211.7    2.75477e+38    6.75431e+14    6.80373e+15
          211.8    2.79623e+38    6.75393e+14    6.79815e+15
          211.9     2.8383e+38    6.75355e+14    6.79258e+15
            212    2.88099e+38    6.75317e+14    6.78701e+15
          212.1     2.9243e+38    6.75279e+14    6.78145e+15
          212.2    2.96824e+38    6.75241e+14     6.7759e+15
          212.3    3.01283e+38    6.75203e+14    6.77035e+15
          212.4    3.05807e+38    6.75165e+14    6.76481e+15
          212.5    3.10398e+38    6.75127e+14    6.75928e+15
          212.6    3.15056e+38    6.75089e+14    6.75375e+15
          212.7    3.19782e+38     6.7505e+14    6.74823e+15
          212.8    3.24577e+38    6.75012e+14    6.74272e+15
          212.9    3.29442e+38    6.74974e+14    6.73721e+15
            213    3.34378e+38    6.74935e+14     6.7317e+15
          213.1    3.39386e+38    6.74897e+14    6.72621e+15
          213.2    3.44468e+38    6.74858e+14    6.72072e+15
          213.3    3.49623e+38    6.74819e+14    6.71523e+15
          213.4    3.54854e+38    6.74781e+14    6.70975e+15
          213.5    3.60162e+38    6.74742e+14    6.70428e+15
          213.6    3.65546e+38    6.74703e+14    6.69881e+15
          213.7    3.71009e+38    6.74665e+14    6.69335e+15
          213.8    3.76552e+38    6.74626e+14     6.6879e+15
          213.9    3.82176e+38    6.74587e+14    6.68245e+15
            214    3.87881e+38    6.74548e+14    6.67701e+15
          214.1    3.93669e+38    6.74509e+14    6.67158e+15
          214.2    3.99542e+38     6.7447e+14    6.66615e+15
          214.3      4.055e+38    6.74431e+14    6.66072e+15
          214.4    4.11545e+38    6.74392e+14     6.6553e+15
          214.5    4.17677e+38    6.74353e+14    6.64989e+15
          214.6    4.23899e+38    6.74313e+14    6.64449e+15
          214.7    4.30211e+38    6.74274e+14    6.63909e+15
          214.8    4.36615e+38    6.74235e+14    6.63369e+15
          214.9    4.43112e+38    6.74196e+14    6.62831e+15
            215    4.49703e+38    6.74156e+14    6.62292e+15
          215.1    4.56389e+38    6.74117e+14    6.61755e+15
          215.2    4.63173e+38    6.74077e+14    6.61218e+15
          215.3    4.70054e+38    6.74038e+14    6.60682e+15
          215.4    4.77036e+38    6.73998e+14    6.60146e+15
          215.5    4.84118e+38    6.73958e+14    6.59611e+15
          215.6    4.91304e+38    6.73919e+14    6.59076e+15
          215.7    4.98593e+38    6.73879e+14    6.58542e+15
          215.8    5.05987e+38    6.73839e+14    6.58009e+15
          215.9    5.13489e+38    6.73799e+14    6.57476e+15
            216    5.21099e+38     6.7376e+14    6.56944e+15
          216.1    5.28819e+38     6.7372e+14    6.56412e+15
          216.2     5.3665e+38     6.7368e+14    6.55881e+15
          216.3    5.44595e+38     6.7364e+14    6.55351e+15
          216.4    5.52654e+38      6.736e+14    6.54821e+15
          216.5     5.6083e+38    6.73559e+14    6.54291e+15
          216.6    5.69123e+38    6.73519e+14    6.53763e+15
          216.7    5.77536e+38    6.73479e+14    6.53235e+15
          216.8    5.86071e+38    6.73439e+14    6.52707e+15
          216.9    5.94728e+38    6.73399e+14     6.5218e+15
            217     6.0351e+38    6.73358e+14    6.51654e+15
          217.1    6.12418e+38    6.73318e+14    6.51128e+15
          217.2    6.21455e+38    6.73277e+14    6.50603e+15
          217.3    6.30622e+38    6.73237e+14    6.50078e+15
          217.4     6.3992e+38    6.73196e+14    6.49554e+15
          217.5    6.49353e+38    6.73156e+14    6.49031e+15
          217.6    6.58921e+38    6.73115e+14    6.48508e+15
          217.7    6.68626e+38    6.73075e+14    6.47986e+15
          217.8    6.78471e+38    6.73034e+14    6.47464e+15
          217.9    6.88457e+38    6.72993e+14    6.46943e+15
            218    6.98586e+38    6.72952e+14    6.46422e+15
          218.1    7.08861e+38    6.72911e+14    6.45902e+15
          218.2    7.19283e+38    6.72871e+14    6.45383e+15
          218.3    7.29855e+38     6.7283e+14    6.44864e+15
          218.4    7.40578e+38    6.72789e+14    6.44346e+15
          218.5    7.51454e+38    6.72748e+14    6.43828e+15
          218.6    7.62487e+38    6.72707e+14    6.43311e+15
          218.7    7.73677e+38    6.72665e+14    6.42794e+15
          218.8    7.85028e+38    6.72624e+14    6.42278e+15
          218.9     7.9654e+38    6.72583e+14    6.41763e+15
            219    8.08218e+38    6.72542e+14    6.41248e+15
          219.1    8.20063e+38    6.72501e+14    6.40733e+15
          219.2    8.32076e+38    6.72459e+14     6.4022e+15
          219.3    8.44262e+38    6.72418e+14    6.39707e+15
          219.4    8.56621e+38    6.72376e+14    6.39194e+15
          219.5    8.69157e+38    6.72335e+14    6.38682e+15
          219.6    8.81872e+38    6.72293e+14     6.3817e+15
          219.7    8.94768e+38    6.72252e+14    6.37659e+15
          219.8    9.07848e+38     6.7221e+14    6.37149e+15
          219.9    9.21114e+38    6.72169e+14    6.36639e+15
            220     9.3457e+38    6.72127e+14     6.3613e+15
          220.1    9.48217e+38    6.72085e+14    6.35621e+15
          220.2    9.62059e+38    6.72044e+14    6.35113e+15
          220.3    9.76097e+38    6.72002e+14    6.34605e+15
          220.4    9.90335e+38     6.7196e+14    6.34098e+15
          220.5    1.00478e+39    6.71918e+14    6.33592e+15
          220.6    1.01942e+39    6.71876e+14    6.33086e+15
          220.7    1.03428e+39    6.71834e+14    6.32581e+15
          220.8    1.04934e+39    6.71792e+14    6.32076e+15
          220.9    1.06462e+39     6.7175e+14    6.31572e+15
            221    1.08012e+39    6.71708e+14    6.31068e+15
          221.1    1.09583e+39    6.71666e+14    6.30565e+15
          221.2    1.11177e+39    6.71624e+14    6.30062e+15
          221.3    1.12794e+39    6.71581e+14     6.2956e+15
          221.4    1.14433e+39    6.71539e+14    6.29058e+15
          221.5    1.16096e+39    6.71497e+14    6.28557e+15
          221.6    1.17782e+39    6.71454e+14    6.28057e+15
          221.7    1.19493e+39    6.71412e+14    6.27557e+15
          221.8    1.21227e+39    6.71369e+14    6.27058e+15
          221.9    1.22986e+39    6.71327e+14    6.26559e+15
            222     1.2477e+39    6.71284e+14    6.26061e+15
          222.1    1.26579e+39    6.71242e+14    6.25563e+15
          222.2    1.28413e+39    6.71199e+14    6.25066e+15
          222.3    1.30274e+39    6.71157e+14    6.24569e+15
          222.4    1.32161e+39    6.71114e+14    6.24073e+15
          222.5    1.34074e+39    6.71071e+14    6.23578e+15
          222.6    1.36015e+39    6.71028e+14    6.23083e+15
          222.7    1.37982e+39    6.70986e+14    6.22588e+15
          222.8    1.39978e+39    6.70943e+14    6.22094e+15
          222.9    1.42002e+39      6.709e+14    6.21601e+15
            223    1.44054e+39    6.70857e+14    6.21108e+15
          223.1    1.46135e+39    6.70814e+14    6.20616e+15
          223.2    1.48246e+39    6.70771e+14    6.20124e+15
          223.3    1.50386e+39    6.70728e+14    6.19632e+15
          223.4    1.52557e+39    6.70685e+14    6.19142e+15
          223.5    1.54758e+39    6.70642e+14    6.18652e+15
          223.6     1.5699e+39    6.70598e+14    6.18162e+15
          223.7    1.59253e+39    6.70555e+14    6.17673e+15
          223.8    1.61548e+39    6.70512e+14    6.17184e+15
          223.9    1.63876e+39    6.70469e+14    6.16696e+15
            224    1.66236e+39    6.70425e+14    6.16208e+15
          224.1    1.68629e+39    6.70382e+14    6.15721e+15
          224.2    1.71056e+39    6.70338e+14    6.15235e+15
          224.3    1.73517e+39    6.70295e+14    6.14749e+15
          224.4    1.76012e+39    6.70251e+14    6.14263e+15
          224.5    1.78543e+39    6.70208e+14    6.13779e+15
          224.6    1.81108e+39    6.70164e+14    6.13294e+15
          224.7     1.8371e+39    6.70121e+14     6.1281e+15
          224.8    1.86349e+39    6.70077e+14    6.12327e+15
          224.9    1.89024e+39    6.70033e+14    6.11844e+15
            225    1.91737e+39     6.6999e+14    6.11362e+15
          225.1    1.94487e+39    6.69946e+14     6.1088e+15
          225.2    1.97276e+39    6.69902e+14    6.10399e+15
          225.3    2.00105e+39    6.69858e+14    6.09918e+15
          225.4    2.02972e+39    6.69814e+14    6.09438e+15
          225.5     2.0588e+39     6.6977e+14    6.08958e+15
          225.6    2.08829e+39    6.69726e+14    6.08479e+15
          225.7    2.11818e+39    6.69682e+14       6.08e+15
          225.8     2.1485e+39    6.69638e+14    6.07522e+15
          225.9    2.17923e+39    6.69594e+14    6.07044e+15
            226     2.2104e+39     6.6955e+14    6.06567e+15
          226.1      2.242e+39    6.69506e+14     6.0609e+15
          226.2    2.27404e+39    6.69462e+14    6.05614e+15
          226.3    2.30653e+39    6.69417e+14    6.05139e+15
          226.4    2.33946e+39    6.69373e+14    6.04664e+15
          226.5    2.37286e+39    6.69329e+14    6.04189e+15
          226.6    2.40673e+39    6.69284e+14    6.03715e+15
          226.7    2.44106e+39     6.6924e+14    6.03241e+15
          226.8    2.47587e+39    6.69195e+14    6.02768e+15
          226.9    2.51117e+39    6.69151e+14    6.02296e+15
            227    2.54696e+39    6.69106e+14    6.01824e+15
          227.1    2.58324e+39    6.69062e+14    6.01352e+15
          227.2    2.62003e+39    6.69017e+14    6.00881e+15
          227.3    2.65733e+39    6.68973e+14    6.00411e+15
          227.4    2.69515e+39    6.68928e+14    5.99941e+15
          227.5    2.73349e+39    6.68883e+14    5.99471e+15
          227.6    2.77236e+39    6.68839e+14    5.99002e+15
          227.7    2.81178e+39    6.68794e+14    5.98534e+15
          227.8    2.85174e+39    6.68749e+14    5.98065e+15
          227.9    2.89225e+39    6.68704e+14    5.97598e+15
            228    2.93333e+39    6.68659e+14    5.97131e+15
          228.1    2.97497e+39    6.68614e+14    5.96664e+15
          228.2    3.01719e+39    6.68569e+14    5.96198e+15
          228.3    3.05999e+39    6.68524e+14    5.95733e+15
          228.4    3.10339e+39    6.68479e+14    5.95268e+15
          228.5    3.14739e+39    6.68434e+14    5.94803e+15
          228.6    3.19199e+39    6.68389e+14    5.94339e+15
          228.7    3.23722e+39    6.68344e+14    5.93876e+15
          228.8    3.28306e+39    6.68299e+14    5.93413e+15
          228.9    3.32954e+39    6.68254e+14     5.9295e+15
            229    3.37666e+39    6.68208e+14    5.92488e+15
          229.1    3.42444e+39    6.68163e+14    5.92027e+15
          229.2    3.47287e+39    6.68118e+14    5.91565e+15
          229.3    3.52197e+39    6.68072e+14    5.91105e+15
          229.4    3.57174e+39    6.68027e+14    5.90645e+15
          229.5    3.62221e+39    6.67981e+14    5.90185e+15
          229.6    3.67336e+39    6.67936e+14    5.89726e+15
          229.7    3.72522e+39     6.6789e+14    5.89267e+15
          229.8     3.7778e+39    6.67845e+14    5.88809e+15
          229.9     3.8311e+39    6.67799e+14    5.88352e+15
            230    3.88513e+39    6.67754e+14    5.87895e+15
          230.1    3.93991e+39    6.67708e+14    5.87438e+15
          230.2    3.99544e+39    6.67662e+14    5.86982e+15
          230.3    4.05173e+39    6.67617e+14    5.86526e+15
          230.4     4.1088e+39    6.67571e+14    5.86071e+15
          230.5    4.16665e+39    6.67525e+14    5.85616e+15
          230.6    4.22529e+39    6.67479e+14    5.85162e+15
          230.7    4.28474e+39    6.67433e+14    5.84708e+15
          230.8    4.34501e+39    6.67387e+14    5.84255e+15
          230.9     4.4061e+39    6.67342e+14    5.83802e+15
            231    4.46803e+39    6.67296e+14    5.83349e+15
          231.1    4.53081e+39     6.6725e+14    5.82898e+15
          231.2    4.59445e+39    6.67203e+14    5.82446e+15
          231.3    4.65896e+39    6.67157e+14    5.81995e+15
          231.4    4.72435e+39    6.67111e+14    5.81545e+15
          231.5    4.79064e+39    6.67065e+14    5.81095e+15
          231.6    4.85783e+39    6.67019e+14    5.80646e+15
          231.7    4.92595e+39    6.66973e+14    5.80197e+15
          231.8      4.995e+39    6.66926e+14    5.79748e+15
          231.9    5.06499e+39     6.6688e+14      5.793e+15
            232    5.13593e+39    6.66834e+14    5.78852e+15
          232.1    5.20785e+39    6.66788e+14    5.78405e+15
          232.2    5.28075e+39    6.66741e+14    5.77959e+15
          232.3    5.35464e+39    6.66695e+14    5.77512e+15
          232.4    5.42954e+39    6.66648e+14    5.77067e+15
          232.5    5.50546e+39    6.66602e+14    5.76622e+15
          232.6    5.58242e+39    6.66555e+14    5.76177e+15
          232.7    5.66043e+39    6.66509e+14    5.75733e+15
          232.8     5.7395e+39    6.66462e+14    5.75289e+15
          232.9    5.81965e+39    6.66415e+14    5.74845e+15
            233    5.90089e+39    6.66369e+14    5.74403e+15
          233.1    5.98324e+39    6.66322e+14     5.7396e+15
          233.2     6.0667e+39    6.66275e+14    5.73518e+15
          233.3     6.1513e+39    6.66229e+14    5.73077e+15
          233.4    6.23706e+39    6.66182e+14    5.72636e+15
          233.5    6.32397e+39    6.66135e+14    5.72195e+15
          233.6    6.41207e+39    6.66088e+14    5.71755e+15
          233.7    6.50137e+39    6.66041e+14    5.71315e+15
          233.8    6.59188e+39    6.65994e+14    5.70876e+15
          233.9    6.68362e+39    6.65947e+14    5.70438e+15
            234     6.7766e+39      6.659e+14    5.69999e+15
          234.1    6.87085e+39    6.65853e+14    5.69562e+15
          234.2    6.96637e+39    6.65806e+14    5.69124e+15
          234.3    7.06319e+39    6.65759e+14    5.68687e+15
          234.4    7.16132e+39    6.65712e+14    5.68251e+15
          234.5    7.26078e+39    6.65665e+14    5.67815e+15
          234.6    7.36159e+39    6.65618e+14     5.6738e+15
          234.7    7.46376e+39     6.6557e+14    5.66945e+15
          234.8    7.56732e+39    6.65523e+14     5.6651e+15
          234.9    7.67227e+39    6.65476e+14    5.66076e+15
            235    7.77865e+39    6.65429e+14    5.65642e+15
          235.1    7.88646e+39    6.65381e+14    5.65209e+15
          235.2    7.99574e+39    6.65334e+14    5.64776e+15
          235.3    8.10648e+39    6.65286e+14    5.64344e+15
          235.4    8.21873e+39    6.65239e+14    5.63912e+15
          235.5    8.33249e+39    6.65192e+14    5.63481e+15
          235.6    8.44779e+39    6.65144e+14     5.6305e+15
          235.7    8.56464e+39    6.65096e+14    5.62619e+15
          235.8    8.68307e+39    6.65049e+14    5.62189e+15
          235.9    8.80309e+39    6.65001e+14     5.6176e+15
            236    8.92474e+39    6.64954e+14    5.61331e+15
          236.1    9.04802e+39    6.64906e+14    5.60902e+15
          236.2    9.17296e+39    6.64858e+14    5.60474e+15
          236.3    9.29959e+39    6.64811e+14    5.60046e+15
          236.4    9.42792e+39    6.64763e+14    5.59618e+15
          236.5    9.55798e+39    6.64715e+14    5.59192e+15
          236.6    9.68979e+39    6.64667e+14    5.58765e+15
          236.7    9.82337e+39    6.64619e+14    5.58339e+15
          236.8    9.95875e+39    6.64571e+14    5.57913e+15
          236.9    1.00959e+40    6.64523e+14    5.57488e+15
            237     1.0235e+40    6.64475e+14    5.57064e+15
          237.1    1.03759e+40    6.64428e+14    5.56639e+15
          237.2    1.05187e+40    6.64379e+14    5.56216e+15
          237.3    1.06634e+40    6.64331e+14    5.55792e+15
          237.4    1.08101e+40    6.64283e+14    5.55369e+15
          237.5    1.09587e+40    6.64235e+14    5.54947e+15
          237.6    1.11093e+40    6.64187e+14    5.54525e+15
          237.7    1.12619e+40    6.64139e+14    5.54103e+15
          237.8    1.14166e+40    6.64091e+14    5.53682e+15
          237.9    1.15734e+40    6.64043e+14    5.53261e+15
            238    1.17322e+40    6.63994e+14    5.52841e+15
          238.1    1.18932e+40    6.63946e+14    5.52421e+15
          238.2    1.20564e+40    6.63898e+14    5.52002e+15
          238.3    1.22217e+40    6.63849e+14    5.51583e+15
          238.4    1.23892e+40    6.63801e+14    5.51164e+15
          238.5     1.2559e+40    6.63752e+14    5.50746e+15
          238.6     1.2731e+40    6.63704e+14    5.50328e+15
          238.7    1.29053e+40    6.63656e+14    5.49911e+15
          238.8     1.3082e+40    6.63607e+14    5.49494e+15
          238.9     1.3261e+40    6.63559e+14    5.49078e+15
            239    1.34424e+40     6.6351e+14    5.48662e+15
          239.1    1.36263e+40    6.63461e+14    5.48246e+15
          239.2    1.38125e+40    6.63413e+14    5.47831e+15
          239.3    1.40013e+40    6.63364e+14    5.47417e+15
          239.4    1.41926e+40    6.63315e+14    5.47002e+15
          239.5    1.43864e+40    6.63267e+14    5.46589e+15
          239.6    1.45828e+40    6.63218e+14    5.46175e+15
          239.7    1.47819e+40    6.63169e+14    5.45762e+15
          239.8    1.49835e+40     6.6312e+14     5.4535e+15
          239.9    1.51879e+40    6.63072e+14    5.44938e+15
            240     1.5395e+40    6.63023e+14    5.44526e+15
          240.1    1.56048e+40    6.62974e+14    5.44115e+15
          240.2    1.58174e+40    6.62925e+14    5.43704e+15
          240.3    1.60329e+40    6.62876e+14    5.43293e+15
          240.4    1.62512e+40    6.62827e+14    5.42883e+15
          240.5    1.64724e+40    6.62778e+14    5.42474e+15
          240.6    1.66965e+40    6.62729e+14    5.42065e+15
          240.7    1.69237e+40     6.6268e+14    5.41656e+15
          240.8    1.71538e+40    6.62631e+14    5.41248e+15
          240.9     1.7387e+40    6.62582e+14     5.4084e+15
            241    1.76233e+40    6.62533e+14    5.40432e+15
          241.1    1.78627e+40    6.62483e+14    5.40025e+15
          241.2    1.81053e+40    6.62434e+14    5.39619e+15
          241.3    1.83511e+40    6.62385e+14    5.39213e+15
          241.4    1.86001e+40    6.62336e+14    5.38807e+15
          241.5    1.88524e+40    6.62286e+14    5.38402e+15
          241.6    1.91081e+40    6.62237e+14    5.37997e+15
          241.7    1.93672e+40    6.62188e+14    5.37592e+15
          241.8    1.96297e+40    6.62138e+14    5.37188e+15
          241.9    1.98957e+40    6.62089e+14    5.36784e+15
            242    2.01651e+40     6.6204e+14    5.36381e+15
          242.1    2.04382e+40     6.6199e+14    5.35978e+15
          242.2    2.07148e+40    6.61941e+14    5.35576e+15
          242.3    2.09951e+40    6.61891e+14    5.35174e+15
          242.4    2.12791e+40    6.61842e+14    5.34772e+15
          242.5    2.15668e+40    6.61792e+14    5.34371e+15
          242.6    2.18584e+40    6.61742e+14     5.3397e+15
          242.7    2.21537e+40    6.61693e+14     5.3357e+15
          242.8     2.2453e+40    6.61643e+14     5.3317e+15
          242.9    2.27562e+40    6.61593e+14     5.3277e+15
            243    2.30634e+40    6.61544e+14    5.32371e+15
          243.1    2.33747e+40    6.61494e+14    5.31972e+15
          243.2      2.369e+40    6.61444e+14    5.31574e+15
          243.3    2.40095e+40    6.61394e+14    5.31176e+15
          243.4    2.43332e+40    6.61345e+14    5.30778e+15
          243.5    2.46612e+40    6.61295e+14    5.30381e+15
          243.6    2.49935e+40    6.61245e+14    5.29984e+15
          243.7    2.53301e+40    6.61195e+14    5.29588e+15
          243.8    2.56712e+40    6.61145e+14    5.29192e+15
          243.9    2.60167e+40    6.61095e+14    5.28797e+15
            244    2.63668e+40    6.61045e+14    5.28402e+15
          244.1    2.67214e+40    6.60995e+14    5.28007e+15
          244.2    2.70808e+40    6.60945e+14    5.27613e+15
          244.3    2.74448e+40    6.60895e+14    5.27219e+15
          244.4    2.78136e+40    6.60845e+14    5.26825e+15
          244.5    2.81872e+40    6.60795e+14    5.26432e+15
          244.6    2.85658e+40    6.60745e+14    5.26039e+15
          244.7    2.89493e+40    6.60694e+14    5.25647e+15
          244.8    2.93378e+40    6.60644e+14    5.25255e+15
          244.9    2.97314e+40    6.60594e+14    5.24864e+15
            245    3.01301e+40    6.60544e+14    5.24473e+15
          245.1    3.05341e+40    6.60494e+14    5.24082e+15
          245.2    3.09433e+40    6.60443e+14    5.23692e+15
          245.3    3.13579e+40    6.60393e+14    5.23302e+15
          245.4     3.1778e+40    6.60343e+14    5.22912e+15
          245.5    3.22035e+40    6.60292e+14    5.22523e+15
          245.6    3.26345e+40    6.60242e+14    5.22134e+15
          245.7    3.30712e+40    6.60191e+14    5.21746e+15
          245.8    3.35136e+40    6.60141e+14    5.21358e+15
          245.9    3.39618e+40     6.6009e+14    5.20971e+15
            246    3.44158e+40     6.6004e+14    5.20584e+15
          246.1    3.48757e+40    6.59989e+14    5.20197e+15
          246.2    3.53416e+40    6.59939e+14     5.1981e+15
          246.3    3.58136e+40    6.59888e+14    5.19425e+15
          246.4    3.62917e+40    6.59838e+14    5.19039e+15
          246.5    3.67761e+40    6.59787e+14    5.18654e+15
          246.6    3.72668e+40    6.59736e+14    5.18269e+15
          246.7    3.77638e+40    6.59686e+14    5.17885e+15
          246.8    3.82673e+40    6.59635e+14    5.17501e+15
          246.9    3.87774e+40    6.59584e+14    5.17117e+15
            247    3.92941e+40    6.59533e+14    5.16734e+15
          247.1    3.98175e+40    6.59483e+14    5.16351e+15
          247.2    4.03477e+40    6.59432e+14    5.15968e+15
          247.3    4.08848e+40    6.59381e+14    5.15586e+15
          247.4    4.14289e+40     6.5933e+14    5.15205e+15
          247.5      4.198e+40    6.59279e+14    5.14823e+15
          247.6    4.25383e+40    6.59228e+14    5.14443e+15
          247.7    4.31039e+40    6.59177e+14    5.14062e+15
          247.8    4.36767e+40    6.59126e+14    5.13682e+15
          247.9     4.4257e+40    6.59075e+14    5.13302e+15
            248    4.48448e+40    6.59024e+14    5.12923e+15
          248.1    4.54402e+40    6.58973e+14    5.12544e+15
          248.2    4.60434e+40    6.58922e+14    5.12165e+15
          248.3    4.66543e+40    6.58871e+14    5.11787e+15
          248.4    4.72732e+40     6.5882e+14    5.11409e+15
          248.5       4.79e+40    6.58769e+14    5.11032e+15
          248.6     4.8535e+40    6.58718e+14    5.10655e+15
          248.7    4.91781e+40    6.58667e+14    5.10278e+15
          248.8    4.98296e+40    6.58615e+14    5.09902e+15
          248.9    5.04895e+40    6.58564e+14    5.09526e+15
            249     5.1158e+40    6.58513e+14     5.0915e+15
          249.1     5.1835e+40    6.58462e+14    5.08775e+15
          249.2    5.25208e+40     6.5841e+14      5.084e+15
          249.3    5.32154e+40    6.58359e+14    5.08026e+15
          249.4    5.39191e+40    6.58308e+14    5.07652e+15
          249.5    5.46317e+40    6.58256e+14    5.07278e+15
          249.6    5.53536e+40    6.58205e+14    5.06905e+15
          249.7    5.60848e+40    6.58154e+14    5.06532e+15
          249.8    5.68254e+40    6.58102e+14    5.06159e+15
          249.9    5.75755e+40    6.58051e+14    5.05787e+15
            250    5.83353e+40    6.57999e+14    5.05415e+15
          250.1    5.91049e+40    6.57948e+14    5.05044e+15
          250.2    5.98843e+40    6.57896e+14    5.04673e+15
          250.3    6.06738e+40    6.57844e+14    5.04302e+15
          250.4    6.14735e+40    6.57793e+14    5.03932e+15
          250.5    6.22834e+40    6.57741e+14    5.03562e+15
          250.6    6.31037e+40     6.5769e+14    5.03192e+15
          250.7    6.39346e+40    6.57638e+14    5.02823e+15
          250.8    6.47762e+40    6.57586e+14    5.02454e+15
          250.9    6.56285e+40    6.57535e+14    5.02086e+15
            251    6.64918e+40    6.57483e+14    5.01718e+15
          251.1    6.73662e+40    6.57431e+14     5.0135e+15
          251.2    6.82517e+40    6.57379e+14    5.00983e+15
          251.3    6.91487e+40    6.57328e+14    5.00616e+15
          251.4    7.00571e+40    6.57276e+14    5.00249e+15
          251.5    7.09772e+40    6.57224e+14    4.99883e+15
          251.6     7.1909e+40    6.57172e+14    4.99517e+15
          251.7    7.28528e+40     6.5712e+14    4.99151e+15
          251.8    7.38087e+40    6.57068e+14    4.98786e+15
          251.9    7.47768e+40    6.57016e+14    4.98421e+15
            252    7.57573e+40    6.56964e+14    4.98057e+15
          252.1    7.67503e+40    6.56912e+14    4.97693e+15
          252.2     7.7756e+40     6.5686e+14    4.97329e+15
          252.3    7.87746e+40    6.56808e+14    4.96966e+15
          252.4    7.98062e+40    6.56756e+14    4.96603e+15
          252.5     8.0851e+40    6.56704e+14     4.9624e+15
          252.6    8.19091e+40    6.56652e+14    4.95878e+15
          252.7    8.29807e+40      6.566e+14    4.95516e+15
          252.8     8.4066e+40    6.56548e+14    4.95155e+15
          252.9    8.51652e+40    6.56496e+14    4.94793e+15
            253    8.62783e+40    6.56443e+14    4.94433e+15
          253.1    8.74057e+40    6.56391e+14    4.94072e+15
          253.2    8.85474e+40    6.56339e+14    4.93712e+15
          253.3    8.97036e+40    6.56287e+14    4.93352e+15
          253.4    9.08746e+40    6.56234e+14    4.92993e+15
          253.5    9.20605e+40    6.56182e+14    4.92634e+15
          253.6    9.32615e+40     6.5613e+14    4.92275e+15
          253.7    9.44778e+40    6.56078e+14    4.91917e+15
          253.8    9.57095e+40    6.56025e+14    4.91559e+15
          253.9    9.69569e+40    6.55973e+14    4.91201e+15
            254    9.82202e+40     6.5592e+14    4.90844e+15
          254.1    9.94995e+40    6.55868e+14    4.90487e+15
          254.2    1.00795e+41    6.55816e+14    4.90131e+15
          254.3    1.02107e+41    6.55763e+14    4.89775e+15
          254.4    1.03436e+41    6.55711e+14    4.89419e+15
          254.5    1.04781e+41    6.55658e+14    4.89063e+15
          254.6    1.06144e+41    6.55606e+14    4.88708e+15
          254.7    1.07524e+41    6.55553e+14    4.88353e+15
          254.8    1.08921e+41      6.555e+14    4.87999e+15
          254.9    1.10336e+41    6.55448e+14    4.87645e+15
            255    1.11769e+41    6.55395e+14    4.87291e+15
          255.1    1.13221e+41    6.55343e+14    4.86938e+15
          255.2     1.1469e+41     6.5529e+14    4.86585e+15
          255.3    1.16178e+41    6.55237e+14    4.86232e+15
          255.4    1.17686e+41    6.55184e+14     4.8588e+15
          255.5    1.19212e+41    6.55132e+14    4.85528e+15
          255.6    1.20757e+41    6.55079e+14    4.85176e+15
          255.7    1.22322e+41    6.55026e+14    4.84825e+15
          255.8    1.23907e+41    6.54973e+14    4.84474e+15
          255.9    1.25511e+41    6.54921e+14    4.84124e+15
            256    1.27136e+41    6.54868e+14    4.83773e+15
          256.1    1.28782e+41    6.54815e+14    4.83424e+15
          256.2    1.30448e+41    6.54762e+14    4.83074e+15
          256.3    1.32136e+41    6.54709e+14    4.82725e+15
          256.4    1.33844e+41    6.54656e+14    4.82376e+15
          256.5    1.35574e+41    6.54603e+14    4.82027e+15
          256.6    1.37326e+41     6.5455e+14    4.81679e+15
          256.7    1.39101e+41    6.54497e+14    4.81332e+15
          256.8    1.40897e+41    6.54444e+14    4.80984e+15
          256.9    1.42716e+41    6.54391e+14    4.80637e+15
            257    1.44558e+41    6.54338e+14     4.8029e+15
          257.1    1.46423e+41    6.54285e+14    4.79944e+15
          257.2    1.48312e+41    6.54232e+14    4.79598e+15
          257.3    1.50224e+41    6.54179e+14    4.79252e+15
          257.4    1.52161e+41    6.54126e+14    4.78906e+15
          257.5    1.54121e+41    6.54073e+14    4.78561e+15
          257.6    1.56107e+41     6.5402e+14    4.78217e+15
          257.7    1.58117e+41    6.53967e+14    4.77872e+15
          257.8    1.60153e+41    6.53913e+14    4.77528e+15
          257.9    1.62214e+41     6.5386e+14    4.77184e+15
            258    1.64301e+41    6.53807e+14    4.76841e+15
          258.1    1.66415e+41    6.53754e+14    4.76498e+15
          258.2    1.68554e+41      6.537e+14    4.76155e+15
          258.3    1.70721e+41    6.53647e+14    4.75813e+15
          258.4    1.72915e+41    6.53594e+14    4.75471e+15
          258.5    1.75136e+41     6.5354e+14    4.75129e+15
          258.6    1.77385e+41    6.53487e+14    4.74788e+15
          258.7    1.79662e+41    6.53434e+14    4.74447e+15
          258.8    1.81968e+41     6.5338e+14    4.74106e+15
          258.9    1.84303e+41    6.53327e+14    4.73766e+15
            259    1.86667e+41    6.53274e+14    4.73426e+15
          259.1     1.8906e+41     6.5322e+14    4.73086e+15
          259.2    1.91484e+41    6.53167e+14    4.72747e+15
          259.3    1.93937e+41    6.53113e+14    4.72408e+15
          259.4    1.96422e+41     6.5306e+14    4.72069e+15
          259.5    1.98937e+41    6.53006e+14     4.7173e+15
          259.6    2.01484e+41    6.52953e+14    4.71392e+15
          259.7    2.04063e+41    6.52899e+14    4.71055e+15
          259.8    2.06674e+41    6.52845e+14    4.70717e+15
          259.9    2.09317e+41    6.52792e+14     4.7038e+15
            260    2.11993e+41    6.52738e+14    4.70044e+15
          260.1    2.14703e+41    6.52685e+14    4.69707e+15
          260.2    2.17447e+41    6.52631e+14    4.69371e+15
          260.3    2.20225e+41    6.52577e+14    4.69035e+15
          260.4    2.23037e+41    6.52523e+14      4.687e+15
          260.5    2.25884e+41     6.5247e+14    4.68365e+15
          260.6    2.28767e+41    6.52416e+14     4.6803e+15
          260.7    2.31686e+41    6.52362e+14    4.67696e+15
          260.8    2.34641e+41    6.52308e+14    4.67362e+15
          260.9    2.37633e+41    6.52255e+14    4.67028e+15
            261    2.40662e+41    6.52201e+14    4.66694e+15
          261.1    2.43729e+41    6.52147e+14    4.66361e+15
          261.2    2.46834e+41    6.52093e+14    4.66029e+15
          261.3    2.49977e+41    6.52039e+14    4.65696e+15
          261.4    2.53159e+41    6.51985e+14    4.65364e+15
          261.5    2.56381e+41    6.51932e+14    4.65032e+15
          261.6    2.59643e+41    6.51878e+14    4.64701e+15
          261.7    2.62946e+41    6.51824e+14    4.64369e+15
          261.8    2.66289e+41     6.5177e+14    4.64039e+15
          261.9    2.69674e+41    6.51716e+14    4.63708e+15
            262    2.73101e+41    6.51662e+14    4.63378e+15
          262.1     2.7657e+41    6.51608e+14    4.63048e+15
          262.2    2.80083e+41    6.51554e+14    4.62718e+15
          262.3    2.83639e+41      6.515e+14    4.62389e+15
          262.4    2.87239e+41    6.51446e+14     4.6206e+15
          262.5    2.90883e+41    6.51392e+14    4.61731e+15
          262.6    2.94573e+41    6.51337e+14    4.61403e+15
          262.7    2.98308e+41    6.51283e+14    4.61075e+15
          262.8    3.02089e+41    6.51229e+14    4.60748e+15
          262.9    3.05917e+41    6.51175e+14     4.6042e+15
            263    3.09793e+41    6.51121e+14    4.60093e+15
          263.1    3.13716e+41    6.51067e+14    4.59766e+15
          263.2    3.17688e+41    6.51012e+14     4.5944e+15
          263.3    3.21709e+41    6.50958e+14    4.59114e+15
          263.4    3.25779e+41    6.50904e+14    4.58788e+15
          263.5      3.299e+41     6.5085e+14    4.58463e+15
          263.6    3.34072e+41    6.50795e+14    4.58138e+15
          263.7    3.38295e+41    6.50741e+14    4.57813e+15
          263.8     3.4257e+41    6.50687e+14    4.57488e+15
          263.9    3.46898e+41    6.50632e+14    4.57164e+15
            264    3.51279e+41    6.50578e+14     4.5684e+15
          264.1    3.55714e+41    6.50524e+14    4.56517e+15
          264.2    3.60204e+41    6.50469e+14    4.56194e+15
          264.3    3.64749e+41    6.50415e+14    4.55871e+15
          264.4     3.6935e+41    6.50361e+14    4.55548e+15
          264.5    3.74008e+41    6.50306e+14    4.55226e+15
          264.6    3.78723e+41    6.50252e+14    4.54904e+15
          264.7    3.83496e+41    6.50197e+14    4.54582e+15
          264.8    3.88327e+41    6.50143e+14    4.54261e+15
          264.9    3.93218e+41    6.50088e+14     4.5394e+15
            265    3.98169e+41    6.50034e+14    4.53619e+15
          265.1    4.03181e+41    6.49979e+14    4.53298e+15
          265.2    4.08254e+41    6.49925e+14    4.52978e+15
          265.3     4.1339e+41     6.4987e+14    4.52658e+15
          265.4    4.18588e+41    6.49815e+14    4.52339e+15
          265.5    4.23851e+41    6.49761e+14     4.5202e+15
          265.6    4.29178e+41    6.49706e+14    4.51701e+15
          265.7     4.3457e+41    6.49652e+14    4.51382e+15
          265.8    4.40028e+41    6.49597e+14    4.51064e+15
          265.9    4.45554e+41    6.49542e+14    4.50746e+15
            266    4.51147e+41    6.49488e+14    4.50428e+15
          266.1    4.56808e+41    6.49433e+14    4.50111e+15
          266.2    4.62539e+41    6.49378e+14    4.49794e+15
          266.3    4.68339e+41    6.49323e+14    4.49477e+15
          266.4    4.74211e+41    6.49269e+14    4.49161e+15
          266.5    4.80155e+41    6.49214e+14    4.48844e+15
          266.6    4.86171e+41    6.49159e+14    4.48529e+15
          266.7    4.92261e+41    6.49104e+14    4.48213e+15
          266.8    4.98425e+41    6.49049e+14    4.47898e+15
          266.9    5.04665e+41    6.48995e+14    4.47583e+15
            267     5.1098e+41     6.4894e+14    4.47268e+15
          267.1    5.17373e+41    6.48885e+14    4.46954e+15
          267.2    5.23844e+41     6.4883e+14     4.4664e+15
          267.3    5.30394e+41    6.48775e+14    4.46326e+15
          267.4    5.37023e+41     6.4872e+14    4.46013e+15
          267.5    5.43734e+41    6.48665e+14    4.45699e+15
          267.6    5.50526e+41     6.4861e+14    4.45387e+15
          267.7    5.57401e+41    6.48555e+14    4.45074e+15
          267.8     5.6436e+41      6.485e+14    4.44762e+15
          267.9    5.71403e+41    6.48445e+14     4.4445e+15
            268    5.78532e+41     6.4839e+14    4.44138e+15
          268.1    5.85748e+41    6.48335e+14    4.43827e+15
          268.2    5.93052e+41     6.4828e+14    4.43516e+15
          268.3    6.00445e+41    6.48225e+14    4.43205e+15
          268.4    6.07927e+41     6.4817e+14    4.42895e+15
          268.5    6.15501e+41    6.48115e+14    4.42585e+15
          268.6    6.23166e+41     6.4806e+14    4.42275e+15
          268.7    6.30925e+41    6.48005e+14    4.41965e+15
          268.8    6.38778e+41     6.4795e+14    4.41656e+15
          268.9    6.46726e+41    6.47895e+14    4.41347e+15
            269    6.54771e+41    6.47839e+14    4.41038e+15
          269.1    6.62913e+41    6.47784e+14     4.4073e+15
          269.2    6.71154e+41    6.47729e+14    4.40422e+15
          269.3    6.79495e+41    6.47674e+14    4.40114e+15
          269.4    6.87937e+41    6.47619e+14    4.39806e+15
          269.5    6.96482e+41    6.47563e+14    4.39499e+15
          269.6     7.0513e+41    6.47508e+14    4.39192e+15
          269.7    7.13883e+41    6.47453e+14    4.38886e+15
          269.8    7.22741e+41    6.47398e+14    4.38579e+15
          269.9    7.31707e+41    6.47342e+14    4.38273e+15
            270    7.40782e+41    6.47287e+14    4.37968e+15
          270.1    7.49966e+41    6.47232e+14    4.37662e+15
          270.2    7.59261e+41    6.47176e+14    4.37357e+15
          270.3    7.68669e+41    6.47121e+14    4.37052e+15
          270.4     7.7819e+41    6.47066e+14    4.36748e+15
          270.5    7.87827e+41     6.4701e+14    4.36443e+15
          270.6     7.9758e+41    6.46955e+14    4.36139e+15
          270.7     8.0745e+41    6.46899e+14    4.35836e+15
          270.8     8.1744e+41    6.46844e+14    4.35532e+15
          270.9     8.2755e+41    6.46788e+14    4.35229e+15
            271    8.37783e+41    6.46733e+14    4.34926e+15
          271.1    8.48138e+41    6.46677e+14    4.34624e+15
          271.2    8.58619e+41    6.46622e+14    4.34321e+15
          271.3    8.69226e+41    6.46566e+14    4.34019e+15
          271.4    8.79961e+41    6.46511e+14    4.33718e+15
          271.5    8.90825e+41    6.46455e+14    4.33416e+15
          271.6     9.0182e+41      6.464e+14    4.33115e+15
          271.7    9.12947e+41    6.46344e+14    4.32814e+15
          271.8    9.24208e+41    6.46289e+14    4.32514e+15
          271.9    9.35605e+41    6.46233e+14    4.32213e+15
            272    9.47139e+41    6.46178e+14    4.31913e+15
          272.1    9.58811e+41    6.46122e+14    4.31614e+15
          272.2    9.70624e+41    6.46066e+14    4.31314e+15
          272.3    9.82579e+41    6.46011e+14    4.31015e+15
          272.4    9.94677e+41    6.45955e+14    4.30716e+15
          272.5    1.00692e+42    6.45899e+14    4.30418e+15
          272.6    1.01931e+42    6.45844e+14    4.30119e+15
          272.7    1.03185e+42    6.45788e+14    4.29821e+15
          272.8    1.04454e+42    6.45732e+14    4.29524e+15
          272.9    1.05738e+42    6.45676e+14    4.29226e+15
            273    1.07038e+42    6.45621e+14    4.28929e+15
          273.1    1.08353e+42    6.45565e+14    4.28632e+15
          273.2    1.09684e+42    6.45509e+14    4.28336e+15
          273.3    1.11031e+42    6.45453e+14    4.28039e+15
          273.4    1.12394e+42    6.45398e+14    4.27743e+15
          273.5    1.13773e+42    6.45342e+14    4.27447e+15
          273.6    1.15169e+42    6.45286e+14    4.27152e+15
          273.7    1.16582e+42     6.4523e+14    4.26857e+15
          273.8    1.18011e+42    6.45174e+14    4.26562e+15
          273.9    1.19458e+42    6.45118e+14    4.26267e+15
            274    1.20922e+42    6.45062e+14    4.25973e+15
          274.1    1.22403e+42    6.45007e+14    4.25679e+15
          274.2    1.23902e+42    6.44951e+14    4.25385e+15
          274.3    1.25419e+42    6.44895e+14    4.25091e+15
          274.4    1.26955e+42    6.44839e+14    4.24798e+15
          274.5    1.28508e+42    6.44783e+14    4.24505e+15
          274.6     1.3008e+42    6.44727e+14    4.24212e+15
          274.7    1.31671e+42    6.44671e+14     4.2392e+15
          274.8    1.33281e+42    6.44615e+14    4.23628e+15
          274.9    1.34909e+42    6.44559e+14    4.23336e+15
            275    1.36558e+42    6.44503e+14    4.23044e+15
          275.1    1.38226e+42    6.44447e+14    4.22753e+15
          275.2    1.39914e+42    6.44391e+14    4.22462e+15
          275.3    1.41622e+42    6.44335e+14    4.22171e+15
          275.4     1.4335e+42    6.44279e+14    4.21881e+15
          275.5    1.45099e+42    6.44222e+14     4.2159e+15
          275.6    1.46869e+42    6.44166e+14      4.213e+15
          275.7    1.48659e+42     6.4411e+14    4.21011e+15
          275.8    1.50471e+42    6.44054e+14    4.20721e+15
          275.9    1.52305e+42    6.43998e+14    4.20432e+15
            276     1.5416e+42    6.43942e+14    4.20143e+15
          276.1    1.56038e+42    6.43886e+14    4.19855e+15
          276.2    1.57938e+42     6.4383e+14    4.19566e+15
          276.3     1.5986e+42    6.43773e+14    4.19278e+15
          276.4    1.61805e+42    6.43717e+14     4.1899e+15
          276.5    1.63773e+42    6.43661e+14    4.18703e+15
          276.6    1.65765e+42    6.43605e+14    4.18415e+15
          276.7     1.6778e+42    6.43548e+14    4.18128e+15
          276.8    1.69819e+42    6.43492e+14    4.17842e+15
          276.9    1.71883e+42    6.43436e+14    4.17555e+15
            277     1.7397e+42     6.4338e+14    4.17269e+15
          277.1    1.76083e+42    6.43323e+14    4.16983e+15
          277.2     1.7822e+42    6.43267e+14    4.16697e+15
          277.3    1.80383e+42    6.43211e+14    4.16412e+15
          277.4    1.82572e+42    6.43154e+14    4.16127e+15
          277.5    1.84786e+42    6.43098e+14    4.15842e+15
          277.6    1.87026e+42    6.43042e+14    4.15558e+15
          277.7    1.89293e+42    6.42985e+14    4.15273e+15
          277.8    1.91587e+42    6.42929e+14    4.14989e+15
          277.9    1.93908e+42    6.42873e+14    4.14705e+15
            278    1.96257e+42    6.42816e+14    4.14422e+15
          278.1    1.98633e+42     6.4276e+14    4.14139e+15
          278.2    2.01037e+42    6.42703e+14    4.13856e+15
          278.3    2.03469e+42    6.42647e+14    4.13573e+15
          278.4    2.05931e+42     6.4259e+14     4.1329e+15
          278.5    2.08421e+42    6.42534e+14    4.13008e+15
          278.6    2.10941e+42    6.42478e+14    4.12726e+15
          278.7     2.1349e+42    6.42421e+14    4.12444e+15
          278.8     2.1607e+42    6.42365e+14    4.12163e+15
          278.9     2.1868e+42    6.42308e+14    4.11882e+15
            279     2.2132e+42    6.42252e+14    4.11601e+15
          279.1    2.23992e+42    6.42195e+14     4.1132e+15
          279.2    2.26695e+42    6.42138e+14     4.1104e+15
          279.3     2.2943e+42    6.42082e+14     4.1076e+15
          279.4    2.32197e+42    6.42025e+14     4.1048e+15
          279.5    2.34997e+42    6.41969e+14      4.102e+15
          279.6     2.3783e+42    6.41912e+14    4.09921e+15
          279.7    2.40696e+42    6.41856e+14    4.09642e+15
          279.8    2.43596e+42    6.41799e+14    4.09363e+15
          279.9    2.46529e+42    6.41742e+14    4.09085e+15
            280    2.49498e+42    6.41686e+14    4.08806e+15
          280.1    2.52501e+42    6.41629e+14    4.08528e+15
          280.2    2.55539e+42    6.41572e+14     4.0825e+15
          280.3    2.58613e+42    6.41516e+14    4.07973e+15
          280.4    2.61723e+42    6.41459e+14    4.07696e+15
          280.5     2.6487e+42    6.41402e+14    4.07419e+15
          280.6    2.68053e+42    6.41346e+14    4.07142e+15
          280.7    2.71274e+42    6.41289e+14    4.06865e+15
          280.8    2.74533e+42    6.41232e+14    4.06589e+15
          280.9     2.7783e+42    6.41175e+14    4.06313e+15
            281    2.81165e+42    6.41119e+14    4.06037e+15
          281.1     2.8454e+42    6.41062e+14    4.05762e+15
          281.2    2.87954e+42    6.41005e+14    4.05487e+15
          281.3    2.91407e+42    6.40948e+14    4.05212e+15
          281.4    2.94902e+42    6.40892e+14    4.04937e+15
          281.5    2.98437e+42    6.40835e+14    4.04662e+15
          281.6    3.02014e+42    6.40778e+14    4.04388e+15
          281.7    3.05632e+42    6.40721e+14    4.04114e+15
          281.8    3.09293e+42    6.40664e+14    4.03841e+15
          281.9    3.12996e+42    6.40607e+14    4.03567e+15
            282    3.16743e+42    6.40551e+14    4.03294e+15
          282.1    3.20533e+42    6.40494e+14    4.03021e+15
          282.2    3.24368e+42    6.40437e+14    4.02748e+15
          282.3    3.28247e+42     6.4038e+14    4.02476e+15
          282.4    3.32172e+42    6.40323e+14    4.02204e+15
          282.5    3.36143e+42    6.40266e+14    4.01932e+15
          282.6    3.40159e+42    6.40209e+14     4.0166e+15
          282.7    3.44223e+42    6.40152e+14    4.01389e+15
          282.8    3.48334e+42    6.40095e+14    4.01117e+15
          282.9    3.52493e+42    6.40038e+14    4.00846e+15
            283      3.567e+42    6.39981e+14    4.00576e+15
          283.1    3.60957e+42    6.39924e+14    4.00305e+15
          283.2    3.65262e+42    6.39867e+14    4.00035e+15
          283.3    3.69618e+42     6.3981e+14    3.99765e+15
          283.4    3.74025e+42    6.39753e+14    3.99495e+15
          283.5    3.78483e+42    6.39696e+14    3.99226e+15
          283.6    3.82993e+42    6.39639e+14    3.98957e+15
          283.7    3.87555e+42    6.39582e+14    3.98688e+15
          283.8     3.9217e+42    6.39525e+14    3.98419e+15
          283.9    3.96839e+42    6.39468e+14    3.98151e+15
            284    4.01562e+42    6.39411e+14    3.97883e+15
          284.1     4.0634e+42    6.39354e+14    3.97615e+15
          284.2    4.11173e+42    6.39297e+14    3.97347e+15
          284.3    4.16062e+42     6.3924e+14    3.97079e+15
          284.4    4.21008e+42    6.39183e+14    3.96812e+15
          284.5    4.26012e+42    6.39125e+14    3.96545e+15
          284.6    4.31073e+42    6.39068e+14    3.96278e+15
          284.7    4.36193e+42    6.39011e+14    3.96012e+15
          284.8    4.41373e+42    6.38954e+14    3.95746e+15
          284.9    4.46612e+42    6.38897e+14     3.9548e+15
            285    4.51912e+42     6.3884e+14    3.95214e+15
          285.1    4.57274e+42    6.38783e+14    3.94948e+15
          285.2    4.62697e+42    6.38725e+14    3.94683e+15
          285.3    4.68184e+42    6.38668e+14    3.94418e+15
          285.4    4.73733e+42    6.38611e+14    3.94153e+15
          285.5    4.79347e+42    6.38554e+14    3.93889e+15
          285.6    4.85026e+42    6.38496e+14    3.93624e+15
          285.7    4.90771e+42    6.38439e+14     3.9336e+15
          285.8    4.96582e+42    6.38382e+14    3.93097e+15
          285.9     5.0246e+42    6.38325e+14    3.92833e+15
            286    5.08405e+42    6.38267e+14     3.9257e+15
          286.1     5.1442e+42     6.3821e+14    3.92307e+15
          286.2    5.20504e+42    6.38153e+14    3.92044e+15
          286.3    5.26658e+42    6.38095e+14    3.91781e+15
          286.4    5.32883e+42    6.38038e+14    3.91519e+15
          286.5     5.3918e+42    6.37981e+14    3.91257e+15
          286.6    5.45549e+42    6.37924e+14    3.90995e+15
          286.7    5.51992e+42    6.37866e+14    3.90733e+15
          286.8    5.58509e+42    6.37809e+14    3.90472e+15
          286.9    5.65101e+42    6.37751e+14     3.9021e+15
            287    5.71769e+42    6.37694e+14    3.89949e+15
          287.1    5.78514e+42    6.37637e+14    3.89689e+15
          287.2    5.85336e+42    6.37579e+14    3.89428e+15
          287.3    5.92237e+42    6.37522e+14    3.89168e+15
          287.4    5.99217e+42    6.37465e+14    3.88908e+15
          287.5    6.06278e+42    6.37407e+14    3.88648e+15
          287.6     6.1342e+42     6.3735e+14    3.88389e+15
          287.7    6.20643e+42    6.37292e+14     3.8813e+15
          287.8     6.2795e+42    6.37235e+14     3.8787e+15
          287.9    6.35341e+42    6.37177e+14    3.87612e+15
            288    6.42816e+42     6.3712e+14    3.87353e+15
          288.1    6.50378e+42    6.37062e+14    3.87095e+15
          288.2    6.58026e+42    6.37005e+14    3.86837e+15
          288.3    6.65762e+42    6.36947e+14    3.86579e+15
          288.4    6.73586e+42     6.3689e+14    3.86321e+15
          288.5      6.815e+42    6.36832e+14    3.86064e+15
          288.6    6.89505e+42    6.36775e+14    3.85807e+15
          288.7    6.97602e+42    6.36717e+14     3.8555e+15
          288.8    7.05792e+42     6.3666e+14    3.85293e+15
          288.9    7.14075e+42    6.36602e+14    3.85036e+15
            289    7.22453e+42    6.36545e+14     3.8478e+15
          289.1    7.30927e+42    6.36487e+14    3.84524e+15
          289.2    7.39498e+42     6.3643e+14    3.84268e+15
          289.3    7.48167e+42    6.36372e+14    3.84013e+15
          289.4    7.56935e+42    6.36314e+14    3.83758e+15
          289.5    7.65803e+42    6.36257e+14    3.83503e+15
          289.6    7.74773e+42    6.36199e+14    3.83248e+15
          289.7    7.83845e+42    6.36142e+14    3.82993e+15
          289.8    7.93021e+42    6.36084e+14    3.82739e+15
          289.9    8.02302e+42    6.36026e+14    3.82485e+15
            290    8.11689e+42    6.35969e+14    3.82231e+15
          290.1    8.21182e+42    6.35911e+14    3.81977e+15
          290.2    8.30784e+42    6.35853e+14    3.81723e+15
          290.3    8.40496e+42    6.35796e+14     3.8147e+15
          290.4    8.50318e+42    6.35738e+14    3.81217e+15
          290.5    8.60253e+42     6.3568e+14    3.80964e+15
          290.6      8.703e+42    6.35623e+14    3.80712e+15
          290.7    8.80462e+42    6.35565e+14     3.8046e+15
          290.8     8.9074e+42    6.35507e+14    3.80207e+15
          290.9    9.01135e+42     6.3545e+14    3.79956e+15
            291    9.11648e+42    6.35392e+14    3.79704e+15
          291.1    9.22281e+42    6.35334e+14    3.79453e+15
          291.2    9.33035e+42    6.35276e+14    3.79201e+15
          291.3    9.43911e+42    6.35219e+14     3.7895e+15
          291.4    9.54911e+42    6.35161e+14      3.787e+15
          291.5    9.66036e+42    6.35103e+14    3.78449e+15
          291.6    9.77288e+42    6.35045e+14    3.78199e+15
          291.7    9.88667e+42    6.34987e+14    3.77949e+15
          291.8    1.00018e+43     6.3493e+14    3.77699e+15
          291.9    1.01181e+43    6.34872e+14    3.77449e+15
            292    1.02359e+43    6.34814e+14      3.772e+15
          292.1    1.03549e+43    6.34756e+14    3.76951e+15
          292.2    1.04753e+43    6.34698e+14    3.76702e+15
          292.3    1.05971e+43    6.34641e+14    3.76453e+15
          292.4    1.07202e+43    6.34583e+14    3.76205e+15
          292.5    1.08448e+43    6.34525e+14    3.75957e+15
          292.6    1.09707e+43    6.34467e+14    3.75708e+15
          292.7    1.10981e+43    6.34409e+14    3.75461e+15
          292.8    1.12269e+43    6.34351e+14    3.75213e+15
          292.9    1.13572e+43    6.34293e+14    3.74966e+15
            293     1.1489e+43    6.34236e+14    3.74719e+15
          293.1    1.16222e+43    6.34178e+14    3.74472e+15
          293.2     1.1757e+43     6.3412e+14    3.74225e+15
          293.3    1.18933e+43    6.34062e+14    3.73978e+15
          293.4    1.20311e+43    6.34004e+14    3.73732e+15
          293.5    1.21705e+43    6.33946e+14    3.73486e+15
          293.6    1.23114e+43    6.33888e+14     3.7324e+15
          293.7     1.2454e+43     6.3383e+14    3.72995e+15
          293.8    1.25981e+43    6.33772e+14    3.72749e+15
          293.9    1.27439e+43    6.33714e+14    3.72504e+15
            294    1.28913e+43    6.33656e+14    3.72259e+15
          294.1    1.30404e+43    6.33598e+14    3.72015e+15
          294.2    1.31912e+43     6.3354e+14     3.7177e+15
          294.3    1.33437e+43    6.33482e+14    3.71526e+15
          294.4    1.34979e+43    6.33424e+14    3.71282e+15
          294.5    1.36538e+43    6.33366e+14    3.71038e+15
          294.6    1.38115e+43    6.33308e+14    3.70794e+15
          294.7     1.3971e+43     6.3325e+14    3.70551e+15
          294.8    1.41323e+43    6.33192e+14    3.70308e+15
          294.9    1.42954e+43    6.33134e+14    3.70065e+15
            295    1.44603e+43    6.33076e+14    3.69822e+15
          295.1     1.4627e+43    6.33018e+14    3.69579e+15
          295.2    1.47957e+43     6.3296e+14    3.69337e+15
          295.3    1.49663e+43    6.32902e+14    3.69095e+15
          295.4    1.51387e+43    6.32844e+14    3.68853e+15
          295.5    1.53131e+43    6.32786e+14    3.68611e+15
          295.6    1.54895e+43    6.32728e+14     3.6837e+15
          295.7    1.56678e+43     6.3267e+14    3.68129e+15
          295.8    1.58482e+43    6.32612e+14    3.67888e+15
          295.9    1.60306e+43    6.32553e+14    3.67647e+15
            296     1.6215e+43    6.32495e+14    3.67406e+15
          296.1    1.64015e+43    6.32437e+14    3.67166e+15
          296.2    1.65901e+43    6.32379e+14    3.66926e+15
          296.3    1.67808e+43    6.32321e+14    3.66686e+15
          296.4    1.69736e+43    6.32263e+14    3.66446e+15
          296.5    1.71686e+43    6.32205e+14    3.66207e+15
          296.6    1.73658e+43    6.32146e+14    3.65967e+15
          296.7    1.75652e+43    6.32088e+14    3.65728e+15
          296.8    1.77669e+43     6.3203e+14    3.65489e+15
          296.9    1.79707e+43    6.31972e+14    3.65251e+15
            297    1.81769e+43    6.31914e+14    3.65012e+15
          297.1    1.83854e+43    6.31856e+14    3.64774e+15
          297.2    1.85962e+43    6.31797e+14    3.64536e+15
          297.3    1.88094e+43    6.31739e+14    3.64298e+15
          297.4    1.90249e+43    6.31681e+14    3.64061e+15
          297.5    1.92429e+43    6.31623e+14    3.63823e+15
          297.6    1.94633e+43    6.31565e+14    3.63586e+15
          297.7    1.96862e+43    6.31506e+14    3.63349e+15
          297.8    1.99115e+43    6.31448e+14    3.63112e+15
          297.9    2.01394e+43     6.3139e+14    3.62876e+15
            298    2.03698e+43    6.31332e+14    3.62639e+15
          298.1    2.06028e+43    6.31273e+14    3.62403e+15
          298.2    2.08384e+43    6.31215e+14    3.62167e+15
          298.3    2.10766e+43    6.31157e+14    3.61932e+15
          298.4    2.13175e+43    6.31099e+14    3.61696e+15
          298.5    2.15611e+43     6.3104e+14    3.61461e+15
          298.6    2.18073e+43    6.30982e+14    3.61226e+15
          298.7    2.20563e+43    6.30924e+14    3.60991e+15
          298.8    2.23081e+43    6.30865e+14    3.60756e+15
          298.9    2.25627e+43    6.30807e+14    3.60522e+15
            299    2.28202e+43    6.30749e+14    3.60287e+15
          299.1    2.30805e+43     6.3069e+14    3.60053e+15
          299.2    2.33437e+43    6.30632e+14    3.59819e+15
          299.3    2.36098e+43    6.30574e+14    3.59586e+15
          299.4    2.38789e+43    6.30515e+14    3.59352e+15
          299.5    2.41509e+43    6.30457e+14    3.59119e+15
          299.6     2.4426e+43    6.30399e+14    3.58886e+15
          299.7    2.47042e+43     6.3034e+14    3.58653e+15
          299.8    2.49854e+43    6.30282e+14    3.58421e+15
          299.9    2.52698e+43    6.30224e+14    3.58188e+15
            300    2.55573e+43    6.30165e+14    3.57956e+15
          300.1     2.5848e+43    6.30107e+14    3.57724e+15
          300.2     2.6142e+43    6.30049e+14    3.57492e+15
          300.3    2.64392e+43     6.2999e+14    3.57261e+15
          300.4    2.67397e+43    6.29932e+14    3.57029e+15
          300.5    2.70435e+43    6.29873e+14    3.56798e+15
          300.6    2.73507e+43    6.29815e+14    3.56567e+15
          300.7    2.76613e+43    6.29756e+14    3.56337e+15
          300.8    2.79754e+43    6.29698e+14    3.56106e+15
          300.9    2.82929e+43     6.2964e+14    3.55876e+15
            301     2.8614e+43    6.29581e+14    3.55645e+15
          301.1    2.89386e+43    6.29523e+14    3.55415e+15
          301.2    2.92667e+43    6.29464e+14    3.55186e+15
          301.3    2.95986e+43    6.29406e+14    3.54956e+15
          301.4    2.99341e+43    6.29347e+14    3.54727e+15
          301.5    3.02733e+43    6.29289e+14    3.54498e+15
          301.6    3.06162e+43     6.2923e+14    3.54269e+15
          301.7     3.0963e+43    6.29172e+14     3.5404e+15
          301.8    3.13135e+43    6.29114e+14    3.53811e+15
          301.9     3.1668e+43    6.29055e+14    3.53583e+15
            302    3.20263e+43    6.28997e+14    3.53355e+15
          302.1    3.23886e+43    6.28938e+14    3.53127e+15
          302.2     3.2755e+43     6.2888e+14    3.52899e+15
          302.3    3.31253e+43    6.28821e+14    3.52672e+15
          302.4    3.34998e+43    6.28762e+14    3.52444e+15
          302.5    3.38783e+43    6.28704e+14    3.52217e+15
          302.6    3.42611e+43    6.28645e+14     3.5199e+15
          302.7     3.4648e+43    6.28587e+14    3.51764e+15
          302.8    3.50393e+43    6.28528e+14    3.51537e+15
          302.9    3.54348e+43     6.2847e+14    3.51311e+15
            303    3.58347e+43    6.28411e+14    3.51085e+15
          303.1     3.6239e+43    6.28353e+14    3.50859e+15
          303.2    3.66477e+43    6.28294e+14    3.50633e+15
          303.3     3.7061e+43    6.28236e+14    3.50407e+15
          303.4    3.74788e+43    6.28177e+14    3.50182e+15
          303.5    3.79012e+43    6.28118e+14    3.49957e+15
          303.6    3.83282e+43     6.2806e+14    3.49732e+15
          303.7    3.87599e+43    6.28001e+14    3.49507e+15
          303.8    3.91964e+43    6.27943e+14    3.49283e+15
          303.9    3.96377e+43    6.27884e+14    3.49058e+15
            304    4.00838e+43    6.27826e+14    3.48834e+15
          304.1    4.05348e+43    6.27767e+14     3.4861e+15
          304.2    4.09907e+43    6.27708e+14    3.48386e+15
          304.3    4.14517e+43     6.2765e+14    3.48163e+15
          304.4    4.19177e+43    6.27591e+14    3.47939e+15
          304.5    4.23889e+43    6.27532e+14    3.47716e+15
          304.6    4.28652e+43    6.27474e+14    3.47493e+15
          304.7    4.33467e+43    6.27415e+14     3.4727e+15
          304.8    4.38335e+43    6.27357e+14    3.47048e+15
          304.9    4.43256e+43    6.27298e+14    3.46825e+15
            305    4.48231e+43    6.27239e+14    3.46603e+15
          305.1    4.53261e+43    6.27181e+14    3.46381e+15
          305.2    4.58346e+43    6.27122e+14    3.46159e+15
          305.3    4.63486e+43    6.27063e+14    3.45938e+15
          305.4    4.68683e+43    6.27005e+14    3.45716e+15
          305.5    4.73936e+43    6.26946e+14    3.45495e+15
          305.6    4.79247e+43    6.26887e+14    3.45274e+15
          305.7    4.84616e+43    6.26828e+14    3.45053e+15
          305.8    4.90044e+43     6.2677e+14    3.44832e+15
          305.9    4.95531e+43    6.26711e+14    3.44612e+15
            306    5.01078e+43    6.26652e+14    3.44392e+15
          306.1    5.06686e+43    6.26594e+14    3.44172e+15
          306.2    5.12354e+43    6.26535e+14    3.43952e+15
          306.3    5.18085e+43    6.26476e+14    3.43732e+15
          306.4    5.23878e+43    6.26418e+14    3.43512e+15
          306.5    5.29734e+43    6.26359e+14    3.43293e+15
          306.6    5.35655e+43      6.263e+14    3.43074e+15
          306.7     5.4164e+43    6.26241e+14    3.42855e+15
          306.8     5.4769e+43    6.26183e+14    3.42636e+15
          306.9    5.53806e+43    6.26124e+14    3.42418e+15
            307    5.59988e+43    6.26065e+14    3.42199e+15
          307.1    5.66238e+43    6.26006e+14    3.41981e+15
          307.2    5.72556e+43    6.25948e+14    3.41763e+15
          307.3    5.78943e+43    6.25889e+14    3.41545e+15
          307.4    5.85399e+43     6.2583e+14    3.41328e+15
          307.5    5.91926e+43    6.25771e+14     3.4111e+15
          307.6    5.98523e+43    6.25713e+14    3.40893e+15
          307.7    6.05192e+43    6.25654e+14    3.40676e+15
          307.8    6.11934e+43    6.25595e+14    3.40459e+15
          307.9    6.18749e+43    6.25536e+14    3.40243e+15
            308    6.25638e+43    6.25477e+14    3.40026e+15
          308.1    6.32602e+43    6.25419e+14     3.3981e+15
          308.2    6.39642e+43     6.2536e+14    3.39594e+15
          308.3    6.46758e+43    6.25301e+14    3.39378e+15
          308.4    6.53951e+43    6.25242e+14    3.39162e+15
          308.5    6.61222e+43    6.25183e+14    3.38946e+15
          308.6    6.68572e+43    6.25125e+14    3.38731e+15
          308.7    6.76002e+43    6.25066e+14    3.38516e+15
          308.8    6.83513e+43    6.25007e+14    3.38301e+15
          308.9    6.91104e+43    6.24948e+14    3.38086e+15
            309    6.98779e+43    6.24889e+14    3.37871e+15
          309.1    7.06536e+43     6.2483e+14    3.37657e+15
          309.2    7.14377e+43    6.24772e+14    3.37443e+15
          309.3    7.22303e+43    6.24713e+14    3.37229e+15
          309.4    7.30315e+43    6.24654e+14    3.37015e+15
          309.5    7.38414e+43    6.24595e+14    3.36801e+15
          309.6      7.466e+43    6.24536e+14    3.36588e+15
          309.7    7.54875e+43    6.24477e+14    3.36374e+15
          309.8    7.63239e+43    6.24418e+14    3.36161e+15
          309.9    7.71694e+43     6.2436e+14    3.35948e+15
            310     7.8024e+43    6.24301e+14    3.35735e+15
          310.1    7.88879e+43    6.24242e+14    3.35523e+15
          310.2     7.9761e+43    6.24183e+14     3.3531e+15
          310.3    8.06436e+43    6.24124e+14    3.35098e+15
          310.4    8.15358e+43    6.24065e+14    3.34886e+15
          310.5    8.24375e+43    6.24006e+14    3.34674e+15
          310.6     8.3349e+43    6.23947e+14    3.34463e+15
          310.7    8.42703e+43    6.23888e+14    3.34251e+15
          310.8    8.52016e+43    6.23829e+14     3.3404e+15
          310.9    8.61429e+43    6.23771e+14    3.33829e+15
            311    8.70944e+43    6.23712e+14    3.33618e+15
          311.1    8.80561e+43    6.23653e+14    3.33407e+15
          311.2    8.90281e+43    6.23594e+14    3.33196e+15
          311.3    9.00107e+43    6.23535e+14    3.32986e+15
          311.4    9.10038e+43    6.23476e+14    3.32776e+15
          311.5    9.20076e+43    6.23417e+14    3.32566e+15
          311.6    9.30222e+43    6.23358e+14    3.32356e+15
          311.7    9.40477e+43    6.23299e+14    3.32146e+15
          311.8    9.50842e+43     6.2324e+14    3.31937e+15
          311.9    9.61319e+43    6.23181e+14    3.31727e+15
            312    9.71909e+43    6.23122e+14    3.31518e+15
          312.1    9.82612e+43    6.23063e+14    3.31309e+15
          312.2    9.93431e+43    6.23004e+14      3.311e+15
          312.3    1.00437e+44    6.22945e+14    3.30892e+15
          312.4    1.01542e+44    6.22886e+14    3.30683e+15
          312.5    1.02659e+44    6.22827e+14    3.30475e+15
          312.6    1.03788e+44    6.22769e+14    3.30267e+15
          312.7    1.04929e+44     6.2271e+14    3.30059e+15
          312.8    1.06082e+44    6.22651e+14    3.29852e+15
          312.9    1.07248e+44    6.22592e+14    3.29644e+15
            313    1.08427e+44    6.22533e+14    3.29437e+15
          313.1    1.09617e+44    6.22474e+14     3.2923e+15
          313.2    1.10821e+44    6.22415e+14    3.29023e+15
          313.3    1.12038e+44    6.22356e+14    3.28816e+15
          313.4    1.13267e+44    6.22297e+14    3.28609e+15
          313.5     1.1451e+44    6.22238e+14    3.28403e+15
          313.6    1.15766e+44    6.22179e+14    3.28196e+15
          313.7    1.17036e+44     6.2212e+14     3.2799e+15
          313.8    1.18319e+44    6.22061e+14    3.27784e+15
          313.9    1.19616e+44    6.22002e+14    3.27578e+15
            314    1.20926e+44    6.21943e+14    3.27373e+15
          314.1    1.22251e+44    6.21884e+14    3.27167e+15
          314.2     1.2359e+44    6.21824e+14    3.26962e+15
          314.3    1.24943e+44    6.21765e+14    3.26757e+15
          314.4    1.26311e+44    6.21706e+14    3.26552e+15
          314.5    1.27693e+44    6.21647e+14    3.26348e+15
          314.6     1.2909e+44    6.21588e+14    3.26143e+15
          314.7    1.30502e+44    6.21529e+14    3.25939e+15
          314.8    1.31929e+44     6.2147e+14    3.25735e+15
          314.9    1.33371e+44    6.21411e+14    3.25531e+15
            315    1.34829e+44    6.21352e+14    3.25327e+15
          315.1    1.36302e+44    6.21293e+14    3.25123e+15
          315.2     1.3779e+44    6.21234e+14     3.2492e+15
          315.3    1.39295e+44    6.21175e+14    3.24716e+15
          315.4    1.40816e+44    6.21116e+14    3.24513e+15
          315.5    1.42353e+44    6.21057e+14     3.2431e+15
          315.6    1.43906e+44    6.20998e+14    3.24107e+15
          315.7    1.45476e+44    6.20939e+14    3.23905e+15
          315.8    1.47062e+44     6.2088e+14    3.23702e+15
          315.9    1.48666e+44    6.20821e+14      3.235e+15
            316    1.50286e+44    6.20762e+14    3.23298e+15
          316.1    1.51924e+44    6.20702e+14    3.23096e+15
          316.2    1.53579e+44    6.20643e+14    3.22894e+15
          316.3    1.55252e+44    6.20584e+14    3.22693e+15
          316.4    1.56942e+44    6.20525e+14    3.22491e+15
          316.5    1.58651e+44    6.20466e+14     3.2229e+15
          316.6    1.60377e+44    6.20407e+14    3.22089e+15
          316.7    1.62122e+44    6.20348e+14    3.21888e+15
          316.8    1.63886e+44    6.20289e+14    3.21687e+15
          316.9    1.65668e+44     6.2023e+14    3.21487e+15
            317    1.67469e+44    6.20171e+14    3.21286e+15
          317.1    1.69289e+44    6.20111e+14    3.21086e+15
          317.2    1.71128e+44    6.20052e+14    3.20886e+15
          317.3    1.72987e+44    6.19993e+14    3.20686e+15
          317.4    1.74866e+44    6.19934e+14    3.20486e+15
          317.5    1.76765e+44    6.19875e+14    3.20287e+15
          317.6    1.78683e+44    6.19816e+14    3.20087e+15
          317.7    1.80622e+44    6.19757e+14    3.19888e+15
          317.8    1.82582e+44    6.19698e+14    3.19689e+15
          317.9    1.84562e+44    6.19638e+14     3.1949e+15
            318    1.86563e+44    6.19579e+14    3.19292e+15
          318.1    1.88586e+44     6.1952e+14    3.19093e+15
          318.2     1.9063e+44    6.19461e+14    3.18895e+15
          318.3    1.92695e+44    6.19402e+14    3.18696e+15
          318.4    1.94782e+44    6.19343e+14    3.18498e+15
          318.5    1.96891e+44    6.19284e+14    3.18301e+15
          318.6    1.99023e+44    6.19225e+14    3.18103e+15
          318.7    2.01177e+44    6.19165e+14    3.17905e+15
          318.8    2.03354e+44    6.19106e+14    3.17708e+15
          318.9    2.05554e+44    6.19047e+14    3.17511e+15
            319    2.07777e+44    6.18988e+14    3.17314e+15
          319.1    2.10023e+44    6.18929e+14    3.17117e+15
          319.2    2.12294e+44     6.1887e+14     3.1692e+15
          319.3    2.14588e+44     6.1881e+14    3.16724e+15
          319.4    2.16906e+44    6.18751e+14    3.16527e+15
          319.5    2.19249e+44    6.18692e+14    3.16331e+15
          319.6    2.21616e+44    6.18633e+14    3.16135e+15
          319.7    2.24009e+44    6.18574e+14    3.15939e+15
          319.8    2.26426e+44    6.18515e+14    3.15744e+15
          319.9    2.28869e+44    6.18455e+14    3.15548e+15
            320    2.31338e+44    6.18396e+14    3.15353e+15
    E, kcal/mol    D, mol/kcal         W2->W1         W2->P2
            0.1    3.63968e+23              0    3.87034e+13
            0.2    3.82622e+23              0    3.85381e+13
            0.3      4.022e+23              0    3.83739e+13
            0.4    4.22744e+23              0    3.82107e+13
            0.5    4.44303e+23              0    3.80484e+13
            0.6    4.66923e+23              0    3.78872e+13
            0.7    4.90656e+23              0     3.7727e+13
            0.8    5.15555e+23              0    3.75677e+13
            0.9    5.41673e+23              0    3.74095e+13
              1     5.6907e+23              0    3.72521e+13
            1.1    5.97806e+23              0    3.70958e+13
            1.2    6.27943e+23    8.79184e-08    3.69404e+13
            1.3    6.59548e+23    6.92985e-07    3.67859e+13
            1.4     6.9269e+23    1.74884e-06    3.66324e+13
            1.5    7.27441e+23    3.84435e-06    3.64798e+13
            1.6    7.63876e+23    7.10756e-06    3.63281e+13
            1.7    8.02075e+23    1.26082e-05    3.61773e+13
            1.8    8.42119e+23    2.03739e-05    3.60274e+13
            1.9    8.84095e+23    3.18272e-05    3.58784e+13
              2    9.28093e+23    4.76071e-05    3.57304e+13
            2.1    9.74206e+23     6.9123e-05    3.55832e+13
            2.2    1.02253e+24    9.76956e-05    3.54368e+13
            2.3    1.07318e+24    0.000135417    3.52914e+13
            2.4    1.12625e+24    0.000184421    3.51468e+13
            2.5    1.18185e+24    0.000246811     3.5003e+13
            2.6    1.24011e+24    0.000326338    3.48601e+13
            2.7    1.30114e+24    0.000425567    3.47181e+13
            2.8    1.36507e+24    0.000548817    3.45768e+13
            2.9    1.43205e+24    0.000700082    3.44364e+13
              3    1.50219e+24    0.000884765    3.42969e+13
            3.1    1.57566e+24     0.00110771    3.41581e+13
            3.2     1.6526e+24     0.00137562    3.40202e+13
            3.3    1.73317e+24     0.00169553     3.3883e+13
            3.4    1.81754e+24     0.00207465    3.37467e+13
            3.5    1.90588e+24     0.00252223    3.36111e+13
            3.6    1.99837e+24     0.00304702    3.34764e+13
            3.7     2.0952e+24     0.00366005    3.33424e+13
            3.8    2.19657e+24     0.00437157    3.32091e+13
            3.9    2.30267e+24     0.00519563    3.30767e+13
              4    2.41373e+24     0.00614426     3.2945e+13
            4.1    2.52997e+24     0.00723388     3.2814e+13
            4.2    2.65162e+24     0.00847931    3.26839e+13
            4.3    2.77893e+24     0.00989997    3.25544e+13
            4.4    2.91214e+24      0.0115134    3.24257e+13
            4.5    3.05153e+24      0.0133424    3.22977e+13
            4.6    3.19737e+24      0.0154082    3.21705e+13
            4.7    3.34994e+24      0.0177361    3.20439e+13
            4.8    3.50956e+24      0.0203524    3.19181e+13
            4.9    3.67653e+24      0.0232862     3.1793e+13
              5    3.85119e+24      0.0265679    3.16686e+13
            5.1    4.03386e+24      0.0302313    3.15449e+13
            5.2    4.22492e+24      0.0343123    3.14219e+13
            5.3    4.42473e+24      0.0388493    3.12996e+13
            5.4    4.63367e+24      0.0438847     3.1178e+13
            5.5    4.85215e+24      0.0494624     3.1057e+13
            5.6     5.0806e+24      0.0556307    3.09367e+13
            5.7    5.31945e+24      0.0624404    3.08171e+13
            5.8    5.56916e+24      0.0699469    3.06982e+13
            5.9     5.8302e+24      0.0782082    3.05799e+13
              6    6.10308e+24      0.0872873    3.04623e+13
            6.1    6.38832e+24      0.0972506    3.03453e+13
            6.2    6.68644e+24       0.108169    3.02289e+13
            6.3    6.99803e+24       0.120119    3.01132e+13
            6.4    7.32365e+24       0.133181    2.99982e+13
            6.5    7.66393e+24        0.14744    2.98838e+13
            6.6    8.01951e+24       0.162987    2.97699e+13
            6.7    8.39104e+24        0.17992    2.96568e+13
            6.8    8.77923e+24       0.198338    2.95442e+13
            6.9    9.18478e+24       0.218353    2.94322e+13
              7    9.60846e+24       0.240078    2.93209e+13
            7.1     1.0051e+25       0.263634    2.92102e+13
            7.2    1.05134e+25        0.28915       2.91e+13
            7.3    1.09962e+25       0.316761    2.89905e+13
            7.4    1.15006e+25       0.346611    2.88815e+13
            7.5    1.20273e+25       0.378851    2.87731e+13
            7.6    1.25773e+25        0.41364    2.86654e+13
            7.7    1.31517e+25       0.451146    2.85581e+13
            7.8    1.37515e+25       0.491545    2.84515e+13
            7.9    1.43777e+25       0.534882    2.83455e+13
              8    1.50315e+25        0.58145      2.824e+13
            8.1    1.57141e+25       0.631472     2.8135e+13
            8.2    1.64267e+25       0.685163    2.80306e+13
            8.3    1.71706e+25       0.742747    2.79268e+13
            8.4     1.7947e+25        0.80446    2.78235e+13
            8.5    1.87574e+25       0.870548    2.77208e+13
            8.6    1.96033e+25       0.941272    2.76186e+13
            8.7     2.0486e+25         1.0169     2.7517e+13
            8.8    2.14072e+25        1.09772    2.74159e+13
            8.9    2.23685e+25        1.18403    2.73153e+13
              9    2.33716e+25        1.27614    2.72153e+13
            9.1    2.44182e+25        1.37438    2.71157e+13
            9.2    2.55101e+25        1.47909    2.70167e+13
            9.3    2.66493e+25        1.59061    2.69182e+13
            9.4    2.78378e+25        1.70934    2.68203e+13
            9.5    2.90775e+25        1.83565    2.67228e+13
            9.6    3.03707e+25        1.96994    2.66258e+13
            9.7    3.17196e+25        2.11266    2.65294e+13
            9.8    3.31264e+25        2.26422    2.64334e+13
            9.9    3.45936e+25         2.4251    2.63379e+13
             10    3.61237e+25        2.59576     2.6243e+13
           10.1    3.77194e+25        2.77673    2.61485e+13
           10.2    3.93832e+25         2.9685    2.60545e+13
           10.3    4.11181e+25        3.17162     2.5961e+13
           10.4     4.2927e+25        3.38665    2.58679e+13
           10.5    4.48129e+25        3.61419    2.57754e+13
           10.6    4.67791e+25        3.85483    2.56833e+13
           10.7    4.88287e+25        4.10921    2.55917e+13
           10.8    5.09653e+25        4.37798    2.55005e+13
           10.9    5.31923e+25        4.66184    2.54098e+13
             11    5.55136e+25        4.96148    2.53196e+13
           11.1     5.7933e+25        5.27763    2.52298e+13
           11.2    6.04544e+25        5.61107    2.51405e+13
           11.3    6.30821e+25        5.96259    2.50517e+13
           11.4    6.58203e+25        6.33299    2.49632e+13
           11.5    6.86736e+25        6.72314    2.48753e+13
           11.6    7.16467e+25        7.13391    2.47877e+13
           11.7    7.47444e+25        7.56622    2.47006e+13
           11.8    7.79718e+25          8.021     2.4614e+13
           11.9    8.13341e+25        8.49925    2.45278e+13
             12    8.48368e+25        9.00196     2.4442e+13
           12.1    8.84856e+25        9.53019    2.43566e+13
           12.2    9.22863e+25         10.085    2.42717e+13
           12.3    9.62452e+25        10.6676    2.41872e+13
           12.4    1.00368e+26         11.279    2.41031e+13
           12.5    1.04663e+26        11.9205    2.40194e+13
           12.6    1.09135e+26        12.5933    2.39361e+13
           12.7    1.13792e+26        13.2987    2.38532e+13
           12.8    1.18642e+26         14.038    2.37708e+13
           12.9    1.23692e+26        14.8126    2.36887e+13
             13     1.2895e+26        15.6239    2.36071e+13
           13.1    1.34425e+26        16.4733    2.35259e+13
           13.2    1.40124e+26        17.3623     2.3445e+13
           13.3    1.46058e+26        18.2925    2.33646e+13
           13.4    1.52235e+26        19.2655    2.32845e+13
           13.5    1.58665e+26        20.2828    2.32048e+13
           13.6    1.65358e+26        21.3462    2.31256e+13
           13.7    1.72324e+26        22.4575    2.30467e+13
           13.8    1.79575e+26        23.6184    2.29682e+13
           13.9    1.87122e+26        24.8308      2.289e+13
             14    1.94975e+26        26.0966    2.28123e+13
           14.1    2.03148e+26        27.4178    2.27349e+13
           14.2    2.11652e+26        28.7963    2.26579e+13
           14.3    2.20502e+26        30.2342    2.25813e+13
           14.4     2.2971e+26        31.7337     2.2505e+13
           14.5     2.3929e+26         33.297    2.24291e+13
           14.6    2.49257e+26        34.9263    2.23535e+13
           14.7    2.59627e+26         36.624    2.22784e+13
           14.8    2.70414e+26        38.3925    2.22036e+13
           14.9    2.81636e+26        40.2342    2.21291e+13
             15    2.93308e+26        42.1515     2.2055e+13
           15.1     3.0545e+26        44.1473    2.19812e+13
           15.2    3.18078e+26         46.224    2.19078e+13
           15.3    3.31212e+26        48.3844    2.18348e+13
           15.4    3.44871e+26        50.6313    2.17621e+13
           15.5    3.59077e+26        52.9677    2.16897e+13
           15.6    3.73849e+26        55.3964    2.16177e+13
           15.7     3.8921e+26        57.9206     2.1546e+13
           15.8    4.05182e+26        60.5432    2.14746e+13
           15.9     4.2179e+26        63.2676    2.14036e+13
             16    4.39056e+26         66.097    2.13329e+13
           16.1    4.57008e+26        69.0348    2.12626e+13
           16.2    4.75671e+26        72.0843    2.11926e+13
           16.3    4.95073e+26        75.2492    2.11229e+13
           16.4    5.15241e+26        78.5331    2.10535e+13
           16.5    5.36206e+26        81.9396    2.09845e+13
           16.6    5.57996e+26        85.4727    2.09157e+13
           16.7    5.80645e+26         89.136    2.08473e+13
           16.8    6.04185e+26        92.9338    2.07792e+13
           16.9     6.2865e+26          96.87    2.07115e+13
             17    6.54075e+26        100.949     2.0644e+13
           17.1    6.80496e+26        105.175    2.05768e+13
           17.2    7.07951e+26        109.552      2.051e+13
           17.3    7.36479e+26        114.084    2.04435e+13
           17.4    7.66122e+26        118.778    2.03772e+13
           17.5    7.96921e+26        123.636    2.03113e+13
           17.6     8.2892e+26        128.664    2.02457e+13
           17.7    8.62164e+26        133.867    2.01804e+13
           17.8      8.967e+26         139.25    2.01153e+13
           17.9    9.32577e+26        144.818    2.00506e+13
             18    9.69846e+26        150.576    1.99862e+13
           18.1    1.00856e+27         156.53     1.9922e+13
           18.2    1.04877e+27        162.684    1.98582e+13
           18.3    1.09053e+27        169.046    1.97946e+13
           18.4     1.1339e+27         175.62    1.97314e+13
           18.5    1.17895e+27        182.412    1.96684e+13
           18.6    1.22573e+27        189.429    1.96057e+13
           18.7    1.27431e+27        196.676    1.95433e+13
           18.8    1.32476e+27        204.159    1.94811e+13
           18.9    1.37714e+27        211.886    1.94193e+13
             19    1.43153e+27        219.862    1.93577e+13
           19.1    1.48801e+27        228.094    1.92964e+13
           19.2    1.54664e+27         236.59    1.92353e+13
           19.3    1.60751e+27        245.355    1.91746e+13
           19.4     1.6707e+27        254.397    1.91141e+13
           19.5    1.73631e+27        263.723    1.90539e+13
           19.6     1.8044e+27        273.341    1.89939e+13
           19.7    1.87509e+27        283.258    1.89342e+13
           19.8    1.94847e+27        293.482    1.88748e+13
           19.9    2.02462e+27         304.02    1.88157e+13
             20    2.10366e+27         314.88    1.87568e+13
           20.1     2.1857e+27        326.071    1.86981e+13
           20.2    2.27083e+27        337.601    1.86397e+13
           20.3    2.35918e+27        349.479    1.85816e+13
           20.4    2.45086e+27        361.712    1.85238e+13
           20.5      2.546e+27        374.309    1.84662e+13
           20.6    2.64471e+27         387.28    1.84088e+13
           20.7    2.74714e+27        400.634    1.83517e+13
           20.8    2.85341e+27         414.38    1.82948e+13
           20.9    2.96367e+27        428.527    1.82382e+13
             21    3.07806e+27        443.085    1.81819e+13
           21.1    3.19673e+27        458.064    1.81258e+13
           21.2    3.31984e+27        473.473    1.80699e+13
           21.3    3.44754e+27        489.324    1.80143e+13
           21.4    3.58001e+27        505.625    1.79589e+13
           21.5    3.71741e+27        522.388    1.79037e+13
           21.6    3.85993e+27        539.624    1.78488e+13
           21.7    4.00774e+27        557.343    1.77942e+13
           21.8    4.16104e+27        575.557    1.77397e+13
           21.9    4.32003e+27        594.276    1.76855e+13
             22    4.48491e+27        613.512    1.76316e+13
           22.1    4.65589e+27        633.278    1.75778e+13
           22.2    4.83319e+27        653.584    1.75243e+13
           22.3    5.01704e+27        674.443     1.7471e+13
           22.4    5.20767e+27        695.867     1.7418e+13
           22.5    5.40532e+27        717.869    1.73652e+13
           22.6    5.61025e+27        740.461    1.73126e+13
           22.7    5.82272e+27        763.656    1.72602e+13
           22.8    6.04298e+27        787.468    1.72081e+13
           22.9    6.27133e+27         811.91    1.71561e+13
             23    6.50805e+27        836.996    1.71044e+13
           23.1    6.75343e+27        862.738     1.7053e+13
           23.2    7.00778e+27        889.152    1.70017e+13
           23.3    7.27142e+27        916.252    1.69506e+13
           23.4    7.54469e+27        944.051    1.68998e+13
           23.5    7.82791e+27        972.566    1.68492e+13
           23.6    8.12145e+27        1001.81    1.67988e+13
           23.7    8.42566e+27         1031.8    1.67486e+13
           23.8    8.74092e+27        1062.55    1.66986e+13
           23.9    9.06762e+27        1094.07    1.66488e+13
             24    9.40617e+27        1126.39    1.65992e+13
           24.1    9.75698e+27        1159.52    1.65499e+13
           24.2    1.01205e+28        1193.47    1.65007e+13
           24.3    1.04971e+28        1228.26    1.64518e+13
           24.4    1.08873e+28        1263.91     1.6403e+13
           24.5    1.12916e+28        1300.43    1.63545e+13
           24.6    1.17105e+28        1337.85    1.63062e+13
           24.7    1.21444e+28        1376.18     1.6258e+13
           24.8     1.2594e+28        1415.44    1.62101e+13
           24.9    1.30596e+28        1455.64    1.61624e+13
             25     1.3542e+28        1496.81    1.61148e+13
           25.1    1.40417e+28        1538.97    1.60675e+13
           25.2    1.45592e+28        1582.12    1.60203e+13
           25.3    1.50953e+28         1626.3    1.59734e+13
           25.4    1.56504e+28        1671.52    1.59266e+13
           25.5    1.62254e+28        1717.81      1.588e+13
           25.6    1.68209e+28        1765.17    1.58336e+13
           25.7    1.74376e+28        1813.64    1.57875e+13
           25.8    1.80763e+28        1863.23    1.57415e+13
           25.9    1.87376e+28        1913.97    1.56956e+13
             26    1.94224e+28        1965.87      1.565e+13
           26.1    2.01314e+28        2018.96    1.56046e+13
           26.2    2.08656e+28        2073.26    1.55593e+13
           26.3    2.16258e+28        2128.79    1.55143e+13
           26.4    2.24128e+28        2185.57    1.54694e+13
           26.5    2.32276e+28        2243.63    1.54247e+13
           26.6    2.40712e+28           2303    1.53801e+13
           26.7    2.49445e+28        2363.68    1.53358e+13
           26.8    2.58485e+28        2425.72    1.52916e+13
           26.9    2.67843e+28        2489.12    1.52476e+13
             27     2.7753e+28        2553.92    1.52038e+13
           27.1    2.87556e+28        2620.14    1.51602e+13
           27.2    2.97934e+28        2687.81    1.51167e+13
           27.3    3.08676e+28        2756.95    1.50735e+13
           27.4    3.19793e+28        2827.59    1.50303e+13
           27.5    3.31299e+28        2899.75    1.49874e+13
           27.6    3.43207e+28        2973.46    1.49446e+13
           27.7    3.55529e+28        3048.74    1.49021e+13
           27.8    3.68281e+28        3125.63    1.48596e+13
           27.9    3.81477e+28        3204.15    1.48174e+13
             28    3.95132e+28        3284.33    1.47753e+13
           28.1    4.09261e+28        3366.19    1.47334e+13
           28.2     4.2388e+28        3449.77    1.46916e+13
           28.3    4.39006e+28         3535.1      1.465e+13
           28.4    4.54656e+28         3622.2    1.46086e+13
           28.5    4.70847e+28         3711.1    1.45674e+13
           28.6    4.87598e+28        3801.83    1.45263e+13
           28.7    5.04927e+28        3893.84    1.44853e+13
           28.8    5.22853e+28        3987.62    1.44446e+13
           28.9    5.41398e+28        4083.29    1.44039e+13
             29     5.6058e+28        4180.89    1.43635e+13
           29.1    5.80422e+28        4280.45    1.43232e+13
           29.2    6.00946e+28        4381.99    1.42831e+13
           29.3    6.22174e+28        4485.56    1.42431e+13
           29.4     6.4413e+28        4591.18    1.42033e+13
           29.5    6.66837e+28        4698.88    1.41636e+13
           29.6    6.90322e+28         4808.7    1.41241e+13
           29.7    7.14609e+28        4920.68    1.40847e+13
           29.8    7.39725e+28        5034.84    1.40455e+13
           29.9    7.65699e+28        5151.21    1.40065e+13
             30    7.92557e+28        5269.85    1.39676e+13
           30.1     8.2033e+28        5390.77    1.39288e+13
           30.2    8.49047e+28        5514.01    1.38902e+13
           30.3     8.7874e+28        5639.61    1.38518e+13
           30.4    9.09441e+28        5767.61    1.38135e+13
           30.5    9.41183e+28        5898.04    1.37753e+13
           30.6       9.74e+28        6030.94    1.37373e+13
           30.7    1.00793e+29        6166.34    1.36995e+13
           30.8      1.043e+29        6304.29    1.36618e+13
           30.9    1.07926e+29        6444.82    1.36242e+13
             31    1.11675e+29        6587.96    1.35868e+13
           31.1    1.15549e+29        6733.77    1.35495e+13
           31.2    1.19554e+29        6882.27    1.35124e+13
           31.3    1.23694e+29        7033.51    1.34754e+13
           31.4    1.27973e+29        7187.53    1.34385e+13
           31.5    1.32396e+29        7344.37    1.34018e+13
           31.6    1.36967e+29        7504.06    1.33652e+13
           31.7    1.41692e+29        7666.65    1.33288e+13
           31.8    1.46574e+29        7832.19    1.32925e+13
           31.9     1.5162e+29        8000.71    1.32564e+13
             32    1.56835e+29        8172.26    1.32203e+13
           32.1    1.62223e+29        8346.87    1.31845e+13
           32.2    1.67791e+29         8524.6    1.31487e+13
           32.3    1.73545e+29        8705.49    1.31131e+13
           32.4    1.79491e+29        8889.58    1.30776e+13
           32.5    1.85634e+29        9076.91    1.30423e+13
           32.6    1.91981e+29        9267.54    1.30071e+13
           32.7    1.98539e+29         9461.5     1.2972e+13
           32.8    2.05314e+29        9658.85    1.29371e+13
           32.9    2.12314e+29        9859.62    1.29022e+13
             33    2.19545e+29        10063.9    1.28676e+13
           33.1    2.27016e+29        10271.7     1.2833e+13
           33.2    2.34733e+29          10483    1.27986e+13
           33.3    2.42706e+29          10698    1.27643e+13
           33.4    2.50941e+29        10916.6    1.27301e+13
           33.5    2.59447e+29          11139    1.26961e+13
           33.6    2.68233e+29        11365.1    1.26622e+13
           33.7    2.77308e+29        11595.1    1.26284e+13
           33.8    2.86681e+29        11828.9    1.25947e+13
           33.9    2.96362e+29        12066.6    1.25612e+13
             34     3.0636e+29        12308.4    1.25278e+13
           34.1    3.16686e+29        12554.1    1.24945e+13
           34.2    3.27349e+29        12803.9    1.24613e+13
           34.3    3.38361e+29        13057.9    1.24283e+13
           34.4    3.49733e+29          13316    1.23954e+13
           34.5    3.61476e+29        13578.4    1.23626e+13
           34.6    3.73602e+29        13845.1    1.23299e+13
           34.7    3.86123e+29        14116.1    1.22973e+13
           34.8    3.99051e+29        14391.6    1.22649e+13
           34.9    4.12399e+29        14671.5    1.22326e+13
             35    4.26181e+29        14955.9    1.22004e+13
           35.1    4.40411e+29        15244.9    1.21683e+13
           35.2    4.55101e+29        15538.5    1.21363e+13
           35.3    4.70268e+29        15836.8    1.21045e+13
           35.4    4.85925e+29        16139.9    1.20727e+13
           35.5    5.02088e+29        16447.7    1.20411e+13
           35.6    5.18774e+29        16760.5    1.20096e+13
           35.7    5.35998e+29        17078.2    1.19782e+13
           35.8    5.53777e+29        17400.8     1.1947e+13
           35.9    5.72129e+29        17728.5    1.19158e+13
             36    5.91071e+29        18061.4    1.18847e+13
           36.1    6.10622e+29        18399.4    1.18538e+13
           36.2    6.30802e+29        18742.6     1.1823e+13
           36.3    6.51629e+29        19091.2    1.17923e+13
           36.4    6.73124e+29        19445.1    1.17617e+13
           36.5    6.95307e+29        19804.4    1.17312e+13
           36.6    7.18201e+29        20169.3    1.17008e+13
           36.7    7.41826e+29        20539.7    1.16705e+13
           36.8    7.66206e+29        20915.7    1.16404e+13
           36.9    7.91364e+29        21297.4    1.16103e+13
             37    8.17325e+29        21684.9    1.15804e+13
           37.1    8.44113e+29        22078.2    1.15505e+13
           37.2    8.71753e+29        22477.5    1.15208e+13
           37.3    9.00272e+29        22882.6    1.14912e+13
           37.4    9.29697e+29        23293.9    1.14617e+13
           37.5    9.60057e+29        23711.2    1.14323e+13
           37.6    9.91379e+29        24134.7     1.1403e+13
           37.7    1.02369e+30        24564.4    1.13737e+13
           37.8    1.05703e+30        25000.5    1.13446e+13
           37.9    1.09142e+30        25442.9    1.13156e+13
             38     1.1269e+30        25891.8    1.12868e+13
           38.1     1.1635e+30        26347.3     1.1258e+13
           38.2    1.20126e+30        26809.4    1.12293e+13
           38.3     1.2402e+30        27278.1    1.12007e+13
           38.4    1.28037e+30        27753.6    1.11722e+13
           38.5     1.3218e+30          28236    1.11438e+13
           38.6    1.36454e+30        28725.2    1.11155e+13
           38.7    1.40861e+30        29221.5    1.10873e+13
           38.8    1.45408e+30        29724.8    1.10592e+13
           38.9    1.50096e+30        30235.2    1.10313e+13
             39    1.54932e+30        30752.9    1.10034e+13
           39.1    1.59918e+30        31277.9    1.09756e+13
           39.2    1.65061e+30        31810.2    1.09479e+13
           39.3    1.70364e+30        32350.1    1.09203e+13
           39.4    1.75833e+30        32897.4    1.08928e+13
           39.5    1.81472e+30        33452.4    1.08654e+13
           39.6    1.87287e+30        34015.1    1.08381e+13
           39.7    1.93283e+30        34585.6    1.08108e+13
           39.8    1.99465e+30        35163.9    1.07837e+13
           39.9     2.0584e+30        35750.2    1.07567e+13
             40    2.12412e+30        36344.5    1.07298e+13
           40.1    2.19189e+30          36947    1.07029e+13
           40.2    2.26175e+30        37557.7    1.06762e+13
           40.3    2.33377e+30        38176.6    1.06495e+13
           40.4    2.40803e+30          38804     1.0623e+13
           40.5    2.48458e+30        39439.8    1.05965e+13
           40.6    2.56349e+30        40084.2    1.05701e+13
           40.7    2.64484e+30        40737.2    1.05438e+13
           40.8    2.72869e+30        41398.9    1.05176e+13
           40.9    2.81513e+30        42069.5    1.04915e+13
             41    2.90423e+30          42749    1.04655e+13
           41.1    2.99606e+30        43437.5    1.04396e+13
           41.2    3.09072e+30        44135.1    1.04137e+13
           41.3    3.18828e+30        44841.9     1.0388e+13
           41.4    3.28884e+30        45557.9    1.03623e+13
           41.5    3.39248e+30        46283.4    1.03368e+13
           41.6    3.49928e+30        47018.3    1.03113e+13
           41.7    3.60936e+30        47762.8    1.02859e+13
           41.8     3.7228e+30        48516.9    1.02606e+13
           41.9    3.83971e+30        49280.8    1.02353e+13
             42    3.96018e+30        50054.5    1.02102e+13
           42.1    4.08432e+30        50838.2    1.01851e+13
           42.2    4.21224e+30          51632    1.01602e+13
           42.3    4.34406e+30        52435.9    1.01353e+13
           42.4    4.47988e+30          53250    1.01105e+13
           42.5    4.61983e+30        54074.5    1.00858e+13
           42.6    4.76403e+30        54909.4    1.00611e+13
           42.7     4.9126e+30        55754.9    1.00366e+13
           42.8    5.06567e+30          56611    1.00121e+13
           42.9    5.22338e+30        57477.8    9.98773e+12
             43    5.38585e+30        58355.6    9.96342e+12
           43.1    5.55324e+30        59244.2     9.9392e+12
           43.2    5.72568e+30          60144    9.91506e+12
           43.3    5.90333e+30        61054.9      9.891e+12
           43.4    6.08633e+30          61977    9.86703e+12
           43.5    6.27484e+30        62910.6    9.84313e+12
           43.6    6.46902e+30        63855.6    9.81931e+12
           43.7    6.66905e+30        64812.3    9.79557e+12
           43.8    6.87508e+30        65780.6    9.77191e+12
           43.9     7.0873e+30        66760.7    9.74833e+12
             44    7.30588e+30        67752.8    9.72483e+12
           44.1    7.53101e+30        68756.8    9.70141e+12
           44.2    7.76289e+30          69773    9.67807e+12
           44.3     8.0017e+30        70801.5     9.6548e+12
           44.4    8.24765e+30        71842.3    9.63161e+12
           44.5    8.50095e+30        72895.6     9.6085e+12
           44.6     8.7618e+30        73961.5    9.58546e+12
           44.7    9.03043e+30        75040.1     9.5625e+12
           44.8    9.30707e+30        76131.5    9.53962e+12
           44.9    9.59194e+30        77235.8    9.51681e+12
             45    9.88529e+30        78353.2    9.49407e+12
           45.1    1.01873e+31        79483.8    9.47142e+12
           45.2    1.04984e+31        80627.6    9.44883e+12
           45.3    1.08186e+31        81784.8    9.42632e+12
           45.4    1.11484e+31        82955.5    9.40389e+12
           45.5    1.14879e+31        84139.9    9.38153e+12
           45.6    1.18375e+31        85338.1    9.35924e+12
           45.7    1.21974e+31        86550.1    9.33702e+12
           45.8    1.25679e+31        87776.1    9.31488e+12
           45.9    1.29494e+31        89016.2    9.29281e+12
             46    1.33421e+31        90270.6    9.27081e+12
           46.1    1.37464e+31        91539.3    9.24889e+12
           46.2    1.41626e+31        92822.5    9.22703e+12
           46.3    1.45911e+31        94120.4    9.20525e+12
           46.4    1.50322e+31        95432.9    9.18354e+12
           46.5    1.54862e+31        96760.4     9.1619e+12
           46.6    1.59535e+31        98102.8    9.14033e+12
           46.7    1.64346e+31        99460.4    9.11883e+12
           46.8    1.69297e+31         100833    9.09739e+12
           46.9    1.74393e+31         102221    9.07603e+12
             47    1.79639e+31         103625    9.05474e+12
           47.1    1.85038e+31         105044    9.03352e+12
           47.2    1.90594e+31         106479    9.01236e+12
           47.3    1.96313e+31         107930    8.99128e+12
           47.4    2.02198e+31         109397    8.97026e+12
           47.5    2.08255e+31         110881    8.94931e+12
           47.6    2.14489e+31         112380    8.92842e+12
           47.7    2.20903e+31         113896    8.90761e+12
           47.8    2.27504e+31         115428    8.88686e+12
           47.9    2.34297e+31         116978    8.86617e+12
             48    2.41287e+31         118544    8.84556e+12
           48.1    2.48479e+31         120126    8.82501e+12
           48.2     2.5588e+31         121727    8.80452e+12
           48.3    2.63496e+31         123344     8.7841e+12
           48.4    2.71331e+31         124979    8.76375e+12
           48.5    2.79393e+31         126631    8.74346e+12
           48.6    2.87688e+31         128301    8.72324e+12
           48.7    2.96222e+31         129988    8.70308e+12
           48.8    3.05002e+31         131694    8.68298e+12
           48.9    3.14035e+31         133418    8.66295e+12
             49    3.23328e+31         135160    8.64298e+12
           49.1    3.32889e+31         136920    8.62308e+12
           49.2    3.42724e+31         138699    8.60323e+12
           49.3    3.52842e+31         140497    8.58346e+12
           49.4     3.6325e+31         142313    8.56374e+12
           49.5    3.73957e+31         144148    8.54409e+12
           49.6     3.8497e+31         146003    8.52449e+12
           49.7    3.96298e+31         147876    8.50497e+12
           49.8    4.07951e+31         149769     8.4855e+12
           49.9    4.19936e+31         151682    8.46609e+12
             50    4.32264e+31         153614    8.44674e+12
           50.1    4.44944e+31         155566    8.42746e+12
           50.2    4.57985e+31         157539    8.40824e+12
           50.3    4.71398e+31         159531    8.38907e+12
           50.4    4.85193e+31         161544    8.36997e+12
           50.5     4.9938e+31         163577    8.35092e+12
           50.6     5.1397e+31         165630    8.33194e+12
           50.7    5.28975e+31         167705    8.31301e+12
           50.8    5.44405e+31         169800    8.29415e+12
           50.9    5.60273e+31         171917    8.27534e+12
             51    5.76591e+31         174054    8.25659e+12
           51.1     5.9337e+31         176214     8.2379e+12
           51.2    6.10625e+31         178394    8.21927e+12
           51.3    6.28367e+31         180595     8.2007e+12
           51.4     6.4661e+31         182817    8.18218e+12
           51.5    6.65368e+31         185060    8.16372e+12
           51.6    6.84655e+31         187325    8.14532e+12
           51.7    7.04486e+31         189613    8.12698e+12
           51.8    7.24875e+31         191924    8.10869e+12
           51.9    7.45837e+31         194256    8.09046e+12
             52    7.67389e+31         196612    8.07228e+12
           52.1    7.89547e+31         198991    8.05416e+12
           52.2    8.12326e+31         201392     8.0361e+12
           52.3    8.35745e+31         203817     8.0181e+12
           52.4    8.59819e+31         206266    8.00014e+12
           52.5    8.84568e+31         208738    7.98225e+12
           52.6     9.1001e+31         211234    7.96441e+12
           52.7    9.36162e+31         213753    7.94662e+12
           52.8    9.63046e+31         216297    7.92889e+12
           52.9     9.9068e+31         218865    7.91121e+12
             53    1.01909e+32         221458    7.89359e+12
           53.1    1.04828e+32         224075    7.87602e+12
           53.2    1.07829e+32         226717     7.8585e+12
           53.3    1.10914e+32         229384    7.84104e+12
           53.4    1.14084e+32         232076    7.82363e+12
           53.5    1.17343e+32         234794    7.80627e+12
           53.6    1.20691e+32         237537    7.78897e+12
           53.7    1.24133e+32         240305    7.77172e+12
           53.8    1.27671e+32         243100    7.75452e+12
           53.9    1.31306e+32         245920    7.73738e+12
             54    1.35042e+32         248766    7.72028e+12
           54.1    1.38881e+32         251639    7.70324e+12
           54.2    1.42826e+32         254539    7.68625e+12
           54.3    1.46881e+32         257465    7.66931e+12
           54.4    1.51047e+32         260418    7.65243e+12
           54.5    1.55328e+32         263398    7.63559e+12
           54.6    1.59727e+32         266406     7.6188e+12
           54.7    1.64248e+32         269441    7.60207e+12
           54.8    1.68892e+32         272503    7.58538e+12
           54.9    1.73665e+32         275593    7.56875e+12
             55    1.78568e+32         278712    7.55216e+12
           55.1    1.83606e+32         281858    7.53563e+12
           55.2    1.88783e+32         285033    7.51915e+12
           55.3    1.94101e+32         288236    7.50271e+12
           55.4    1.99565e+32         291468    7.48632e+12
           55.5    2.05178e+32         294729    7.46999e+12
           55.6    2.10945e+32         298019     7.4537e+12
           55.7     2.1687e+32         301339    7.43746e+12
           55.8    2.22956e+32         304687    7.42127e+12
           55.9    2.29209e+32         308066    7.40513e+12
             56    2.35632e+32         311474    7.38903e+12
           56.1     2.4223e+32         314913    7.37299e+12
           56.2    2.49007e+32         318381    7.35699e+12
           56.3    2.55969e+32         321881    7.34104e+12
           56.4    2.63121e+32         325410    7.32513e+12
           56.5    2.70466e+32         328971    7.30928e+12
           56.6    2.78012e+32         332562    7.29347e+12
           56.7    2.85761e+32         336185     7.2777e+12
           56.8    2.93721e+32         339839    7.26199e+12
           56.9    3.01897e+32         343525    7.24632e+12
             57    3.10293e+32         347243     7.2307e+12
           57.1    3.18917e+32         350992    7.21512e+12
           57.2    3.27774e+32         354774    7.19959e+12
           57.3     3.3687e+32         358588     7.1841e+12
           57.4    3.46211e+32         362435    7.16867e+12
           57.5    3.55805e+32         366314    7.15327e+12
           57.6    3.65657e+32         370227    7.13792e+12
           57.7    3.75774e+32         374173    7.12262e+12
           57.8    3.86164e+32         378152    7.10736e+12
           57.9    3.96832e+32         382165    7.09215e+12
             58    4.07788e+32         386211    7.07698e+12
           58.1    4.19037e+32         390292    7.06185e+12
           58.2    4.30589e+32         394406    7.04677e+12
           58.3     4.4245e+32         398556    7.03174e+12
           58.4    4.54629e+32         402739    7.01674e+12
           58.5    4.67133e+32         406958    7.00179e+12
           58.6    4.79973e+32         411212    6.98689e+12
           58.7    4.93155e+32         415501    6.97203e+12
           58.8     5.0669e+32         419825    6.95721e+12
           58.9    5.20586e+32         424185    6.94243e+12
             59    5.34852e+32         428581     6.9277e+12
           59.1    5.49499e+32         433013    6.91301e+12
           59.2    5.64535e+32         437481    6.89837e+12
           59.3    5.79972e+32         441986    6.88376e+12
           59.4     5.9582e+32         446527     6.8692e+12
           59.5    6.12088e+32         451106    6.85468e+12
           59.6    6.28789e+32         455721     6.8402e+12
           59.7    6.45933e+32         460374    6.82577e+12
           59.8    6.63531e+32         465065    6.81137e+12
           59.9    6.81596e+32         469793    6.79702e+12
             60    7.00139e+32         474559    6.78271e+12
           60.1    7.19173e+32         479364    6.76844e+12
           60.2     7.3871e+32         484207    6.75421e+12
           60.3    7.58763e+32         489089    6.74002e+12
           60.4    7.79345e+32         494009    6.72587e+12
           60.5    8.00471e+32         498969    6.71176e+12
           60.6    8.22153e+32         503968     6.6977e+12
           60.7    8.44407e+32         509006    6.68367e+12
           60.8    8.67247e+32         514085    6.66969e+12
           60.9    8.90687e+32         519203    6.65574e+12
             61    9.14744e+32         524361    6.64183e+12
           61.1    9.39433e+32         529560    6.62797e+12
           61.2     9.6477e+32         534800    6.61414e+12
           61.3    9.90771e+32         540080    6.60035e+12
           61.4    1.01745e+33         545402     6.5866e+12
           61.5    1.04484e+33         550765     6.5729e+12
           61.6    1.07293e+33         556169    6.55923e+12
           61.7    1.10177e+33         561615    6.54559e+12
           61.8    1.13136e+33         567104      6.532e+12
           61.9    1.16172e+33         572634    6.51845e+12
             62    1.19287e+33         578207    6.50493e+12
           62.1    1.22483e+33         583823    6.49146e+12
           62.2    1.25763e+33         589481    6.47802e+12
           62.3    1.29129e+33         595183    6.46462e+12
           62.4    1.32581e+33         600928    6.45125e+12
           62.5    1.36124e+33         606717    6.43793e+12
           62.6    1.39759e+33         612550    6.42464e+12
           62.7    1.43488e+33         618426    6.41139e+12
           62.8    1.47314e+33         624347    6.39818e+12
           62.9    1.51239e+33         630313      6.385e+12
             63    1.55266e+33         636323    6.37186e+12
           63.1    1.59397e+33         642379    6.35876e+12
           63.2    1.63635e+33         648480     6.3457e+12
           63.3    1.67983e+33         654626    6.33267e+12
           63.4    1.72443e+33         660818    6.31968e+12
           63.5    1.77019e+33         667056    6.30672e+12
           63.6    1.81712e+33         673340     6.2938e+12
           63.7    1.86526e+33         679671    6.28092e+12
           63.8    1.91465e+33         686048    6.26807e+12
           63.9    1.96531e+33         692472    6.25526e+12
             64    2.01727e+33         698944    6.24248e+12
           64.1    2.07056e+33         705463    6.22974e+12
           64.2    2.12523e+33         712029    6.21704e+12
           64.3     2.1813e+33         718643    6.20437e+12
           64.4    2.23881e+33         725306    6.19174e+12
           64.5     2.2978e+33         732017    6.17914e+12
           64.6    2.35829e+33         738777    6.16658e+12
           64.7    2.42034e+33         745585    6.15405e+12
           64.8    2.48397e+33         752443    6.14155e+12
           64.9    2.54924e+33         759350    6.12909e+12
             65    2.61617e+33         766307    6.11667e+12
           65.1    2.68481e+33         773313    6.10428e+12
           65.2     2.7552e+33         780370    6.09192e+12
           65.3    2.82738e+33         787477     6.0796e+12
           65.4    2.90141e+33         794634    6.06731e+12
           65.5    2.97732e+33         801843    6.05506e+12
           65.6    3.05517e+33         809103    6.04284e+12
           65.7    3.13499e+33         816414    6.03065e+12
           65.8    3.21684e+33         823776     6.0185e+12
           65.9    3.30078e+33         831191    6.00638e+12
             66    3.38684e+33         838657    5.99429e+12
           66.1    3.47508e+33         846176    5.98224e+12
           66.2    3.56557e+33         853748    5.97022e+12
           66.3    3.65834e+33         861372    5.95823e+12
           66.4    3.75346e+33         869050    5.94627e+12
           66.5    3.85099e+33         876781    5.93435e+12
           66.6    3.95099e+33         884566    5.92246e+12
           66.7    4.05351e+33         892404     5.9106e+12
           66.8    4.15862e+33         900297    5.89878e+12
           66.9    4.26638e+33         908244    5.88699e+12
             67    4.37685e+33         916246    5.87523e+12
           67.1    4.49011e+33         924303     5.8635e+12
           67.2    4.60623e+33         932415     5.8518e+12
           67.3    4.72526e+33         940583    5.84014e+12
           67.4    4.84728e+33         948806    5.82851e+12
           67.5    4.97238e+33         957085     5.8169e+12
           67.6    5.10061e+33         965420    5.80533e+12
           67.7    5.23206e+33         973812     5.7938e+12
           67.8     5.3668e+33         982261    5.78229e+12
           67.9    5.50492e+33         990767    5.77081e+12
             68     5.6465e+33         999330    5.75937e+12
           68.1    5.79163e+33    1.00795e+06    5.74795e+12
           68.2    5.94038e+33    1.01663e+06    5.73657e+12
           68.3    6.09285e+33    1.02537e+06    5.72522e+12
           68.4    6.24912e+33    1.03416e+06     5.7139e+12
           68.5     6.4093e+33    1.04301e+06     5.7026e+12
           68.6    6.57347e+33    1.05193e+06    5.69134e+12
           68.7    6.74173e+33     1.0609e+06    5.68011e+12
           68.8    6.91419e+33    1.06993e+06    5.66891e+12
           68.9    7.09093e+33    1.07902e+06    5.65774e+12
             69    7.27207e+33    1.08817e+06     5.6466e+12
           69.1    7.45772e+33    1.09738e+06    5.63549e+12
           69.2    7.64797e+33    1.10665e+06    5.62441e+12
           69.3    7.84295e+33    1.11598e+06    5.61336e+12
           69.4    8.04276e+33    1.12538e+06    5.60234e+12
           69.5    8.24753e+33    1.13483e+06    5.59134e+12
           69.6    8.45736e+33    1.14435e+06    5.58038e+12
           69.7     8.6724e+33    1.15393e+06    5.56945e+12
           69.8    8.89275e+33    1.16357e+06    5.55854e+12
           69.9    9.11855e+33    1.17327e+06    5.54767e+12
             70    9.34993e+33    1.18303e+06    5.53682e+12
           70.1    9.58702e+33    1.19286e+06      5.526e+12
           70.2    9.82997e+33    1.20275e+06    5.51521e+12
           70.3    1.00789e+34    1.21271e+06    5.50445e+12
           70.4     1.0334e+34    1.22273e+06    5.49372e+12
           70.5    1.05953e+34    1.23281e+06    5.48302e+12
           70.6    1.08631e+34    1.24295e+06    5.47234e+12
           70.7    1.11375e+34    1.25317e+06     5.4617e+12
           70.8    1.14186e+34    1.26344e+06    5.45108e+12
           70.9    1.17066e+34    1.27378e+06    5.44049e+12
             71    1.20016e+34    1.28419e+06    5.42993e+12
           71.1     1.2304e+34    1.29466e+06    5.41939e+12
           71.2    1.26137e+34     1.3052e+06    5.40889e+12
           71.3     1.2931e+34    1.31581e+06    5.39841e+12
           71.4    1.32561e+34    1.32648e+06    5.38796e+12
           71.5    1.35891e+34    1.33722e+06    5.37753e+12
           71.6    1.39303e+34    1.34802e+06    5.36714e+12
           71.7    1.42798e+34     1.3589e+06    5.35677e+12
           71.8    1.46378e+34    1.36984e+06    5.34642e+12
           71.9    1.50046e+34    1.38084e+06    5.33611e+12
             72    1.53803e+34    1.39192e+06    5.32582e+12
           72.1    1.57652e+34    1.40307e+06    5.31556e+12
           72.2    1.61595e+34    1.41428e+06    5.30533e+12
           72.3    1.65633e+34    1.42556e+06    5.29512e+12
           72.4     1.6977e+34    1.43692e+06    5.28494e+12
           72.5    1.74007e+34    1.44834e+06    5.27479e+12
           72.6    1.78347e+34    1.45983e+06    5.26466e+12
           72.7    1.82792e+34    1.47139e+06    5.25456e+12
           72.8    1.87346e+34    1.48303e+06    5.24449e+12
           72.9    1.92009e+34    1.49473e+06    5.23444e+12
             73    1.96786e+34     1.5065e+06    5.22442e+12
           73.1    2.01678e+34    1.51835e+06    5.21442e+12
           73.2    2.06688e+34    1.53027e+06    5.20445e+12
           73.3     2.1182e+34    1.54226e+06    5.19451e+12
           73.4    2.17076e+34    1.55432e+06    5.18459e+12
           73.5    2.22458e+34    1.56646e+06    5.17469e+12
           73.6    2.27971e+34    1.57866e+06    5.16483e+12
           73.7    2.33616e+34    1.59094e+06    5.15499e+12
           73.8    2.39398e+34     1.6033e+06    5.14517e+12
           73.9    2.45318e+34    1.61573e+06    5.13538e+12
             74    2.51382e+34    1.62823e+06    5.12562e+12
           74.1    2.57591e+34     1.6408e+06    5.11588e+12
           74.2    2.63949e+34    1.65345e+06    5.10616e+12
           74.3     2.7046e+34    1.66618e+06    5.09647e+12
           74.4    2.77127e+34    1.67898e+06    5.08681e+12
           74.5    2.83954e+34    1.69186e+06    5.07717e+12
           74.6    2.90945e+34    1.70481e+06    5.06755e+12
           74.7    2.98104e+34    1.71784e+06    5.05796e+12
           74.8    3.05433e+34    1.73094e+06     5.0484e+12
           74.9    3.12939e+34    1.74412e+06    5.03886e+12
             75    3.20623e+34    1.75738e+06    5.02934e+12
           75.1    3.28492e+34    1.77072e+06    5.01985e+12
           75.2    3.36548e+34    1.78413e+06    5.01038e+12
           75.3    3.44797e+34    1.79762e+06    5.00094e+12
           75.4    3.53242e+34    1.81119e+06    4.99152e+12
           75.5    3.61889e+34    1.82484e+06    4.98212e+12
           75.6    3.70741e+34    1.83856e+06    4.97275e+12
           75.7    3.79805e+34    1.85237e+06     4.9634e+12
           75.8    3.89084e+34    1.86625e+06    4.95408e+12
           75.9    3.98583e+34    1.88022e+06    4.94478e+12
             76    4.08309e+34    1.89426e+06     4.9355e+12
           76.1    4.18265e+34    1.90838e+06    4.92625e+12
           76.2    4.28457e+34    1.92259e+06    4.91702e+12
           76.3    4.38892e+34    1.93687e+06    4.90782e+12
           76.4    4.49573e+34    1.95124e+06    4.89863e+12
           76.5    4.60508e+34    1.96569e+06    4.88948e+12
           76.6    4.71702e+34    1.98022e+06    4.88034e+12
           76.7     4.8316e+34    1.99483e+06    4.87123e+12
           76.8    4.94889e+34    2.00952e+06    4.86214e+12
           76.9    5.06895e+34     2.0243e+06    4.85307e+12
             77    5.19185e+34    2.03916e+06    4.84403e+12
           77.1    5.31765e+34     2.0541e+06    4.83501e+12
           77.2    5.44641e+34    2.06913e+06    4.82601e+12
           77.3    5.57821e+34    2.08424e+06    4.81704e+12
           77.4    5.71312e+34    2.09943e+06    4.80808e+12
           77.5     5.8512e+34    2.11471e+06    4.79915e+12
           77.6    5.99252e+34    2.13008e+06    4.79025e+12
           77.7    6.13717e+34    2.14553e+06    4.78136e+12
           77.8    6.28522e+34    2.16106e+06     4.7725e+12
           77.9    6.43674e+34    2.17668e+06    4.76366e+12
             78    6.59182e+34    2.19239e+06    4.75484e+12
           78.1    6.75054e+34    2.20818e+06    4.74605e+12
           78.2    6.91297e+34    2.22406e+06    4.73727e+12
           78.3    7.07921e+34    2.24002e+06    4.72852e+12
           78.4    7.24934e+34    2.25608e+06    4.71979e+12
           78.5    7.42345e+34    2.27222e+06    4.71108e+12
           78.6    7.60163e+34    2.28844e+06     4.7024e+12
           78.7    7.78398e+34    2.30476e+06    4.69373e+12
           78.8    7.97058e+34    2.32117e+06    4.68509e+12
           78.9    8.16153e+34    2.33766e+06    4.67647e+12
             79    8.35694e+34    2.35424e+06    4.66787e+12
           79.1     8.5569e+34    2.37092e+06    4.65929e+12
           79.2    8.76152e+34    2.38768e+06    4.65073e+12
           79.3     8.9709e+34    2.40453e+06     4.6422e+12
           79.4    9.18515e+34    2.42147e+06    4.63368e+12
           79.5    9.40438e+34     2.4385e+06    4.62519e+12
           79.6     9.6287e+34    2.45563e+06    4.61672e+12
           79.7    9.85823e+34    2.47284e+06    4.60826e+12
           79.8    1.00931e+35    2.49015e+06    4.59983e+12
           79.9    1.03334e+35    2.50755e+06    4.59142e+12
             80    1.05793e+35    2.52504e+06    4.58304e+12
           80.1    1.08308e+35    2.54262e+06    4.57467e+12
           80.2    1.10882e+35     2.5603e+06    4.56632e+12
           80.3    1.13516e+35    2.57807e+06      4.558e+12
           80.4     1.1621e+35    2.59593e+06    4.54969e+12
           80.5    1.18967e+35    2.61389e+06     4.5414e+12
           80.6    1.21787e+35    2.63194e+06    4.53314e+12
           80.7    1.24672e+35    2.65008e+06    4.52489e+12
           80.8    1.27624e+35    2.66832e+06    4.51667e+12
           80.9    1.30644e+35    2.68666e+06    4.50847e+12
             81    1.33733e+35    2.70509e+06    4.50028e+12
           81.1    1.36894e+35    2.72361e+06    4.49212e+12
           81.2    1.40127e+35    2.74224e+06    4.48398e+12
           81.3    1.43435e+35    2.76095e+06    4.47585e+12
           81.4    1.46818e+35    2.77977e+06    4.46775e+12
           81.5    1.50279e+35    2.79868e+06    4.45966e+12
           81.6     1.5382e+35    2.81769e+06     4.4516e+12
           81.7    1.57442e+35     2.8368e+06    4.44356e+12
           81.8    1.61147e+35      2.856e+06    4.43553e+12
           81.9    1.64937e+35     2.8753e+06    4.42753e+12
             82    1.68813e+35     2.8947e+06    4.41954e+12
           82.1    1.72779e+35     2.9142e+06    4.41158e+12
           82.2    1.76835e+35     2.9338e+06    4.40363e+12
           82.3    1.80983e+35     2.9535e+06     4.3957e+12
           82.4    1.85226e+35     2.9733e+06    4.38779e+12
           82.5    1.89567e+35     2.9932e+06    4.37991e+12
           82.6    1.94006e+35     3.0132e+06    4.37204e+12
           82.7    1.98546e+35     3.0333e+06    4.36419e+12
           82.8     2.0319e+35     3.0535e+06    4.35635e+12
           82.9     2.0794e+35     3.0738e+06    4.34854e+12
             83    2.12797e+35     3.0942e+06    4.34075e+12
           83.1    2.17765e+35    3.11471e+06    4.33297e+12
           83.2    2.22846e+35    3.13532e+06    4.32522e+12
           83.3    2.28043e+35    3.15603e+06    4.31748e+12
           83.4    2.33357e+35    3.17684e+06    4.30977e+12
           83.5    2.38792e+35    3.19776e+06    4.30207e+12
           83.6     2.4435e+35    3.21878e+06    4.29439e+12
           83.7    2.50034e+35    3.23991e+06    4.28672e+12
           83.8    2.55847e+35    3.26114e+06    4.27908e+12
           83.9    2.61791e+35    3.28247e+06    4.27145e+12
             84     2.6787e+35    3.30391e+06    4.26385e+12
           84.1    2.74086e+35    3.32545e+06    4.25626e+12
           84.2    2.80443e+35     3.3471e+06    4.24869e+12
           84.3    2.86943e+35    3.36886e+06    4.24114e+12
           84.4     2.9359e+35    3.39072e+06     4.2336e+12
           84.5    3.00387e+35    3.41269e+06    4.22609e+12
           84.6    3.07337e+35    3.43476e+06    4.21859e+12
           84.7    3.14443e+35    3.45695e+06    4.21111e+12
           84.8     3.2171e+35    3.47924e+06    4.20365e+12
           84.9    3.29139e+35    3.50164e+06     4.1962e+12
             85    3.36736e+35    3.52414e+06    4.18878e+12
           85.1    3.44504e+35    3.54676e+06    4.18137e+12
           85.2    3.52446e+35    3.56948e+06    4.17398e+12
           85.3    3.60566e+35    3.59231e+06    4.16661e+12
           85.4    3.68869e+35    3.61525e+06    4.15925e+12
           85.5    3.77357e+35    3.63831e+06    4.15191e+12
           85.6    3.86036e+35    3.66147e+06    4.14459e+12
           85.7    3.94909e+35    3.68474e+06    4.13729e+12
           85.8    4.03981e+35    3.70812e+06    4.13001e+12
           85.9    4.13255e+35    3.73162e+06    4.12274e+12
             86    4.22737e+35    3.75522e+06    4.11549e+12
           86.1    4.32431e+35    3.77894e+06    4.10825e+12
           86.2    4.42341e+35    3.80277e+06    4.10104e+12
           86.3    4.52472e+35    3.82671e+06    4.09384e+12
           86.4    4.62829e+35    3.85077e+06    4.08666e+12
           86.5    4.73417e+35    3.87494e+06    4.07949e+12
           86.6     4.8424e+35    3.89922e+06    4.07234e+12
           86.7    4.95305e+35    3.92361e+06    4.06521e+12
           86.8    5.06616e+35    3.94812e+06     4.0581e+12
           86.9    5.18178e+35    3.97275e+06      4.051e+12
             87    5.29997e+35    3.99749e+06    4.04392e+12
           87.1    5.42078e+35    4.02234e+06    4.03685e+12
           87.2    5.54428e+35    4.04731e+06    4.02981e+12
           87.3    5.67052e+35    4.07239e+06    4.02278e+12
           87.4    5.79955e+35    4.09759e+06    4.01576e+12
           87.5    5.93144e+35    4.12291e+06    4.00877e+12
           87.6    6.06626e+35    4.14834e+06    4.00178e+12
           87.7    6.20405e+35    4.17389e+06    3.99482e+12
           87.8     6.3449e+35    4.19956e+06    3.98787e+12
           87.9    6.48885e+35    4.22535e+06    3.98094e+12
             88    6.63599e+35    4.25125e+06    3.97402e+12
           88.1    6.78637e+35    4.27727e+06    3.96712e+12
           88.2    6.94008e+35    4.30341e+06    3.96024e+12
           88.3    7.09717e+35    4.32967e+06    3.95337e+12
           88.4    7.25772e+35    4.35605e+06    3.94652e+12
           88.5    7.42181e+35    4.38255e+06    3.93969e+12
           88.6    7.58952e+35    4.40917e+06    3.93287e+12
           88.7    7.76091e+35    4.43591e+06    3.92606e+12
           88.8    7.93607e+35    4.46277e+06    3.91928e+12
           88.9    8.11508e+35    4.48975e+06    3.91251e+12
             89    8.29802e+35    4.51685e+06    3.90575e+12
           89.1    8.48498e+35    4.54407e+06    3.89901e+12
           89.2    8.67604e+35    4.57142e+06    3.89229e+12
           89.3    8.87128e+35    4.59889e+06    3.88558e+12
           89.4    9.07081e+35    4.62648e+06    3.87889e+12
           89.5     9.2747e+35    4.65419e+06    3.87221e+12
           89.6    9.48306e+35    4.68203e+06    3.86555e+12
           89.7    9.69597e+35    4.70999e+06     3.8589e+12
           89.8    9.91354e+35    4.73807e+06    3.85227e+12
           89.9    1.01359e+36    4.76628e+06    3.84565e+12
             90     1.0363e+36    4.79462e+06    3.83905e+12
           90.1    1.05952e+36    4.82307e+06    3.83247e+12
           90.2    1.08324e+36    4.85166e+06     3.8259e+12
           90.3    1.10747e+36    4.88037e+06    3.81934e+12
           90.4    1.13224e+36     4.9092e+06     3.8128e+12
           90.5    1.15754e+36    4.93816e+06    3.80628e+12
           90.6     1.1834e+36    4.96725e+06    3.79977e+12
           90.7    1.20981e+36    4.99647e+06    3.79328e+12
           90.8    1.23681e+36    5.02581e+06     3.7868e+12
           90.9    1.26438e+36    5.05528e+06    3.78033e+12
             91    1.29256e+36    5.08488e+06    3.77388e+12
           91.1    1.32135e+36     5.1146e+06    3.76745e+12
           91.2    1.35076e+36    5.14446e+06    3.76103e+12
           91.3    1.38081e+36    5.17444e+06    3.75463e+12
           91.4    1.41151e+36    5.20455e+06    3.74823e+12
           91.5    1.44287e+36     5.2348e+06    3.74186e+12
           91.6    1.47492e+36    5.26517e+06     3.7355e+12
           91.7    1.50765e+36    5.29567e+06    3.72915e+12
           91.8     1.5411e+36     5.3263e+06    3.72282e+12
           91.9    1.57526e+36    5.35707e+06     3.7165e+12
             92    1.61017e+36    5.38796e+06     3.7102e+12
           92.1    1.64582e+36    5.41891e+06    3.70391e+12
           92.2    1.68225e+36    5.44991e+06    3.69764e+12
           92.3    1.71946e+36    5.48104e+06    3.69138e+12
           92.4    1.75747e+36     5.5123e+06    3.68513e+12
           92.5     1.7963e+36    5.54369e+06     3.6789e+12
           92.6    1.83597e+36    5.57522e+06    3.67268e+12
           92.7    1.87649e+36    5.60688e+06    3.66648e+12
           92.8    1.91788e+36    5.63867e+06    3.66029e+12
           92.9    1.96015e+36    5.67059e+06    3.65412e+12
             93    2.00334e+36    5.70264e+06    3.64796e+12
           93.1    2.04745e+36    5.73483e+06    3.64181e+12
           93.2    2.09251e+36    5.76716e+06    3.63568e+12
           93.3    2.13853e+36    5.79961e+06    3.62956e+12
           93.4    2.18554e+36     5.8322e+06    3.62346e+12
           93.5    2.23356e+36    5.86493e+06    3.61736e+12
           93.6     2.2826e+36    5.89779e+06    3.61129e+12
           93.7     2.3327e+36    5.93079e+06    3.60522e+12
           93.8    2.38386e+36    5.96392e+06    3.59917e+12
           93.9    2.43611e+36    5.99719e+06    3.59314e+12
             94    2.48948e+36    6.03059e+06    3.58712e+12
           94.1    2.54399e+36    6.06414e+06    3.58111e+12
           94.2    2.59966e+36    6.09782e+06    3.57511e+12
           94.3    2.65652e+36    6.13163e+06    3.56913e+12
           94.4    2.71459e+36    6.16559e+06    3.56316e+12
           94.5    2.77389e+36    6.19968e+06    3.55721e+12
           94.6    2.83446e+36    6.23391e+06    3.55127e+12
           94.7    2.89631e+36    6.26828e+06    3.54534e+12
           94.8    2.95948e+36    6.30278e+06    3.53942e+12
           94.9    3.02399e+36    6.33743e+06    3.53352e+12
             95    3.08987e+36    6.37222e+06    3.52763e+12
           95.1    3.15715e+36    6.40715e+06    3.52176e+12
           95.2    3.22585e+36    6.44221e+06     3.5159e+12
           95.3    3.29601e+36    6.47742e+06    3.51005e+12
           95.4    3.36765e+36    6.51277e+06    3.50421e+12
           95.5    3.44081e+36    6.54826e+06    3.49839e+12
           95.6    3.51552e+36    6.58389e+06    3.49258e+12
           95.7    3.59181e+36    6.61967e+06    3.48679e+12
           95.8    3.66971e+36    6.65558e+06      3.481e+12
           95.9    3.74926e+36    6.69164e+06    3.47523e+12
             96    3.83049e+36    6.72784e+06    3.46948e+12
           96.1    3.91342e+36    6.76419e+06    3.46373e+12
           96.2    3.99811e+36    6.80068e+06      3.458e+12
           96.3    4.08459e+36    6.83731e+06    3.45228e+12
           96.4    4.17288e+36    6.87408e+06    3.44657e+12
           96.5    4.26303e+36    6.91101e+06    3.44088e+12
           96.6    4.35508e+36    6.94807e+06     3.4352e+12
           96.7    4.44907e+36    6.98528e+06    3.42953e+12
           96.8    4.54503e+36    7.02264e+06    3.42387e+12
           96.9      4.643e+36    7.06014e+06    3.41823e+12
             97    4.74304e+36    7.09779e+06     3.4126e+12
           97.1    4.84517e+36    7.13559e+06    3.40698e+12
           97.2    4.94944e+36    7.17353e+06    3.40138e+12
           97.3     5.0559e+36    7.21162e+06    3.39578e+12
           97.4    5.16459e+36    7.24986e+06     3.3902e+12
           97.5    5.27555e+36    7.28824e+06    3.38463e+12
           97.6    5.38884e+36    7.32678e+06    3.37908e+12
           97.7     5.5045e+36    7.36546e+06    3.37353e+12
           97.8    5.62257e+36    7.40429e+06      3.368e+12
           97.9    5.74311e+36    7.44327e+06    3.36248e+12
             98    5.86616e+36     7.4824e+06    3.35698e+12
           98.1    5.99179e+36    7.52167e+06    3.35148e+12
           98.2    6.12003e+36     7.5611e+06      3.346e+12
           98.3    6.25095e+36    7.60068e+06    3.34053e+12
           98.4    6.38459e+36    7.64041e+06    3.33507e+12
           98.5    6.52102e+36    7.68029e+06    3.32962e+12
           98.6    6.66028e+36    7.72033e+06    3.32419e+12
           98.7    6.80245e+36    7.76051e+06    3.31876e+12
           98.8    6.94756e+36    7.80085e+06    3.31335e+12
           98.9     7.0957e+36    7.84134e+06    3.30795e+12
             99     7.2469e+36    7.88198e+06    3.30256e+12
           99.1    7.40125e+36    7.92277e+06    3.29719e+12
           99.2     7.5588e+36    7.96372e+06    3.29182e+12
           99.3    7.71961e+36    8.00482e+06    3.28647e+12
           99.4    7.88376e+36    8.04608e+06    3.28113e+12
           99.5    8.05131e+36    8.08749e+06     3.2758e+12
           99.6    8.22232e+36    8.12905e+06    3.27049e+12
           99.7    8.39687e+36    8.17077e+06    3.26518e+12
           99.8    8.57503e+36    8.21265e+06    3.25989e+12
           99.9    8.75687e+36    8.25468e+06     3.2546e+12
            100    8.94247e+36    8.29686e+06    3.24933e+12
          100.1     9.1319e+36    8.33921e+06    3.24407e+12
          100.2    9.32524e+36    8.38171e+06    3.23883e+12
          100.3    9.52256e+36    8.42436e+06    3.23359e+12
          100.4    9.72395e+36    8.46717e+06    3.22836e+12
          100.5    9.92949e+36    8.51015e+06    3.22315e+12
          100.6    1.01393e+37    8.55327e+06    3.21795e+12
          100.7    1.03533e+37    8.59656e+06    3.21276e+12
          100.8    1.05718e+37    8.64001e+06    3.20758e+12
          100.9    1.07948e+37    8.68361e+06    3.20241e+12
            101    1.10224e+37    8.72738e+06    3.19725e+12
          101.1    1.12546e+37     8.7713e+06    3.19211e+12
          101.2    1.14916e+37    8.81538e+06    3.18697e+12
          101.3    1.17334e+37    8.85962e+06    3.18185e+12
          101.4    1.19803e+37    8.90403e+06    3.17673e+12
          101.5    1.22321e+37    8.94859e+06    3.17163e+12
          101.6    1.24892e+37    8.99332e+06    3.16654e+12
          101.7    1.27514e+37    9.03821e+06    3.16146e+12
          101.8    1.30191e+37    9.08325e+06    3.15639e+12
          101.9    1.32922e+37    9.12846e+06    3.15133e+12
            102    1.35709e+37    9.17384e+06    3.14629e+12
          102.1    1.38553e+37    9.21937e+06    3.14125e+12
          102.2    1.41455e+37    9.26507e+06    3.13622e+12
          102.3    1.44417e+37    9.31093e+06    3.13121e+12
          102.4    1.47438e+37    9.35696e+06    3.12621e+12
          102.5    1.50521e+37    9.40315e+06    3.12121e+12
          102.6    1.53667e+37     9.4495e+06    3.11623e+12
          102.7    1.56877e+37    9.49602e+06    3.11126e+12
          102.8    1.60153e+37    9.54271e+06     3.1063e+12
          102.9    1.63495e+37    9.58956e+06    3.10135e+12
            103    1.66904e+37    9.63657e+06    3.09641e+12
          103.1    1.70384e+37    9.68375e+06    3.09148e+12
          103.2    1.73933e+37     9.7311e+06    3.08656e+12
          103.3    1.77555e+37    9.77861e+06    3.08165e+12
          103.4     1.8125e+37    9.82629e+06    3.07675e+12
          103.5    1.85021e+37    9.87414e+06    3.07187e+12
          103.6    1.88867e+37    9.92215e+06    3.06699e+12
          103.7    1.92792e+37    9.97034e+06    3.06212e+12
          103.8    1.96795e+37    1.00187e+07    3.05727e+12
          103.9     2.0088e+37    1.00672e+07    3.05242e+12
            104    2.05048e+37    1.01159e+07    3.04759e+12
          104.1    2.09299e+37    1.01648e+07    3.04276e+12
          104.2    2.13637e+37    1.02138e+07    3.03795e+12
          104.3    2.18062e+37     1.0263e+07    3.03314e+12
          104.4    2.22576e+37    1.03123e+07    3.02835e+12
          104.5    2.27182e+37    1.03619e+07    3.02356e+12
          104.6     2.3188e+37    1.04116e+07    3.01879e+12
          104.7    2.36673e+37    1.04615e+07    3.01403e+12
          104.8    2.41562e+37    1.05115e+07    3.00927e+12
          104.9     2.4655e+37    1.05617e+07    3.00453e+12
            105    2.51638e+37    1.06121e+07     2.9998e+12
          105.1    2.56828e+37    1.06627e+07    2.99507e+12
          105.2    2.62122e+37    1.07134e+07    2.99036e+12
          105.3    2.67523e+37    1.07643e+07    2.98565e+12
          105.4    2.73033e+37    1.08154e+07    2.98096e+12
          105.5    2.78652e+37    1.08667e+07    2.97628e+12
          105.6    2.84385e+37    1.09181e+07     2.9716e+12
          105.7    2.90232e+37    1.09697e+07    2.96694e+12
          105.8    2.96197e+37    1.10215e+07    2.96228e+12
          105.9     3.0228e+37    1.10735e+07    2.95764e+12
            106    3.08486e+37    1.11256e+07    2.95301e+12
          106.1    3.14816e+37    1.11779e+07    2.94838e+12
          106.2    3.21272e+37    1.12304e+07    2.94377e+12
          106.3    3.27857e+37     1.1283e+07    2.93916e+12
          106.4    3.34573e+37    1.13359e+07    2.93456e+12
          106.5    3.41424e+37    1.13889e+07    2.92998e+12
          106.6    3.48411e+37    1.14421e+07     2.9254e+12
          106.7    3.55538e+37    1.14954e+07    2.92083e+12
          106.8    3.62806e+37     1.1549e+07    2.91628e+12
          106.9     3.7022e+37    1.16027e+07    2.91173e+12
            107     3.7778e+37    1.16566e+07    2.90719e+12
          107.1    3.85492e+37    1.17107e+07    2.90266e+12
          107.2    3.93356e+37    1.17649e+07    2.89814e+12
          107.3    4.01377e+37    1.18194e+07    2.89363e+12
          107.4    4.09557e+37     1.1874e+07    2.88913e+12
          107.5      4.179e+37    1.19288e+07    2.88464e+12
          107.6    4.26408e+37    1.19837e+07    2.88016e+12
          107.7    4.35084e+37    1.20389e+07    2.87569e+12
          107.8    4.43933e+37    1.20942e+07    2.87122e+12
          107.9    4.52957e+37    1.21497e+07    2.86677e+12
            108     4.6216e+37    1.22054e+07    2.86233e+12
          108.1    4.71545e+37    1.22613e+07    2.85789e+12
          108.2    4.81116e+37    1.23174e+07    2.85346e+12
          108.3    4.90875e+37    1.23736e+07    2.84905e+12
          108.4    5.00828e+37      1.243e+07    2.84464e+12
          108.5    5.10977e+37    1.24867e+07    2.84024e+12
          108.6    5.21327e+37    1.25434e+07    2.83585e+12
          108.7     5.3188e+37    1.26004e+07    2.83147e+12
          108.8    5.42642e+37    1.26576e+07     2.8271e+12
          108.9    5.53616e+37    1.27149e+07    2.82274e+12
            109    5.64806e+37    1.27724e+07    2.81839e+12
          109.1    5.76217e+37    1.28302e+07    2.81404e+12
          109.2    5.87852e+37    1.28881e+07    2.80971e+12
          109.3    5.99716e+37    1.29461e+07    2.80538e+12
          109.4    6.11813e+37    1.30044e+07    2.80106e+12
          109.5    6.24148e+37    1.30629e+07    2.79675e+12
          109.6    6.36725e+37    1.31215e+07    2.79246e+12
          109.7    6.49549e+37    1.31803e+07    2.78816e+12
          109.8    6.62625e+37    1.32393e+07    2.78388e+12
          109.9    6.75957e+37    1.32985e+07    2.77961e+12
            110     6.8955e+37    1.33579e+07    2.77535e+12
          110.1     7.0341e+37    1.34175e+07    2.77109e+12
          110.2    7.17541e+37    1.34773e+07    2.76684e+12
          110.3    7.31948e+37    1.35372e+07    2.76261e+12
          110.4    7.46637e+37    1.35974e+07    2.75838e+12
          110.5    7.61614e+37    1.36577e+07    2.75416e+12
          110.6    7.76883e+37    1.37182e+07    2.74994e+12
          110.7     7.9245e+37    1.37789e+07    2.74574e+12
          110.8    8.08322e+37    1.38398e+07    2.74155e+12
          110.9    8.24503e+37    1.39009e+07    2.73736e+12
            111    8.40999e+37    1.39622e+07    2.73318e+12
          111.1    8.57817e+37    1.40237e+07    2.72902e+12
          111.2    8.74963e+37    1.40853e+07    2.72485e+12
          111.3    8.92442e+37    1.41472e+07     2.7207e+12
          111.4    9.10262e+37    1.42092e+07    2.71656e+12
          111.5    9.28428e+37    1.42714e+07    2.71242e+12
          111.6    9.46947e+37    1.43339e+07     2.7083e+12
          111.7    9.65827e+37    1.43965e+07    2.70418e+12
          111.8    9.85072e+37    1.44593e+07    2.70007e+12
          111.9    1.00469e+38    1.45223e+07    2.69597e+12
            112    1.02469e+38    1.45855e+07    2.69188e+12
          112.1    1.04508e+38    1.46489e+07    2.68779e+12
          112.2    1.06586e+38    1.47125e+07    2.68372e+12
          112.3    1.08705e+38    1.47763e+07    2.67965e+12
          112.4    1.10865e+38    1.48403e+07    2.67559e+12
          112.5    1.13066e+38    1.49044e+07    2.67154e+12
          112.6     1.1531e+38    1.49688e+07    2.66749e+12
          112.7    1.17597e+38    1.50334e+07    2.66346e+12
          112.8    1.19929e+38    1.50981e+07    2.65943e+12
          112.9    1.22306e+38    1.51631e+07    2.65541e+12
            113    1.24728e+38    1.52282e+07     2.6514e+12
          113.1    1.27197e+38    1.52936e+07     2.6474e+12
          113.2    1.29714e+38    1.53591e+07    2.64341e+12
          113.3     1.3228e+38    1.54249e+07    2.63942e+12
          113.4    1.34894e+38    1.54908e+07    2.63544e+12
          113.5     1.3756e+38    1.55569e+07    2.63147e+12
          113.6    1.40276e+38    1.56233e+07    2.62751e+12
          113.7    1.43045e+38    1.56898e+07    2.62355e+12
          113.8    1.45867e+38    1.57566e+07    2.61961e+12
          113.9    1.48743e+38    1.58235e+07    2.61567e+12
            114    1.51675e+38    1.58906e+07    2.61174e+12
          114.1    1.54662e+38    1.59579e+07    2.60782e+12
          114.2    1.57707e+38    1.60255e+07     2.6039e+12
          114.3    1.60811e+38    1.60932e+07        2.6e+12
          114.4    1.63974e+38    1.61611e+07     2.5961e+12
          114.5    1.67198e+38    1.62293e+07    2.59221e+12
          114.6    1.70483e+38    1.62976e+07    2.58832e+12
          114.7    1.73831e+38    1.63661e+07    2.58445e+12
          114.8    1.77243e+38    1.64349e+07    2.58058e+12
          114.9    1.80721e+38    1.65038e+07    2.57672e+12
            115    1.84265e+38     1.6573e+07    2.57287e+12
          115.1    1.87877e+38    1.66423e+07    2.56902e+12
          115.2    1.91557e+38    1.67119e+07    2.56519e+12
          115.3    1.95308e+38    1.67816e+07    2.56136e+12
          115.4    1.99131e+38    1.68516e+07    2.55754e+12
          115.5    2.03026e+38    1.69217e+07    2.55372e+12
          115.6    2.06996e+38    1.69921e+07    2.54992e+12
          115.7    2.11041e+38    1.70626e+07    2.54612e+12
          115.8    2.15164e+38    1.71334e+07    2.54233e+12
          115.9    2.19364e+38    1.72044e+07    2.53854e+12
            116    2.23645e+38    1.72756e+07    2.53477e+12
          116.1    2.28007e+38     1.7347e+07      2.531e+12
          116.2    2.32452e+38    1.74186e+07    2.52724e+12
          116.3    2.36981e+38    1.74904e+07    2.52349e+12
          116.4    2.41597e+38    1.75624e+07    2.51974e+12
          116.5      2.463e+38    1.76346e+07      2.516e+12
          116.6    2.51092e+38     1.7707e+07    2.51227e+12
          116.7    2.55975e+38    1.77796e+07    2.50855e+12
          116.8     2.6095e+38    1.78524e+07    2.50483e+12
          116.9     2.6602e+38    1.79255e+07    2.50112e+12
            117    2.71185e+38    1.79987e+07    2.49742e+12
          117.1    2.76449e+38    1.80722e+07    2.49373e+12
          117.2    2.81812e+38    1.81459e+07    2.49004e+12
          117.3    2.87276e+38    1.82197e+07    2.48636e+12
          117.4    2.92843e+38    1.82938e+07    2.48269e+12
          117.5    2.98516e+38    1.83681e+07    2.47902e+12
          117.6    3.04295e+38    1.84426e+07    2.47537e+12
          117.7    3.10184e+38    1.85173e+07    2.47171e+12
          117.8    3.16184e+38    1.85922e+07    2.46807e+12
          117.9    3.22297e+38    1.86674e+07    2.46444e+12
            118    3.28524e+38    1.87427e+07    2.46081e+12
          118.1     3.3487e+38    1.88183e+07    2.45718e+12
          118.2    3.41334e+38     1.8894e+07    2.45357e+12
          118.3     3.4792e+38      1.897e+07    2.44996e+12
          118.4     3.5463e+38    1.90462e+07    2.44636e+12
          118.5    3.61466e+38    1.91226e+07    2.44277e+12
          118.6    3.68431e+38    1.91992e+07    2.43918e+12
          118.7    3.75526e+38     1.9276e+07     2.4356e+12
          118.8    3.82754e+38    1.93531e+07    2.43203e+12
          118.9    3.90118e+38    1.94303e+07    2.42847e+12
            119     3.9762e+38    1.95078e+07    2.42491e+12
          119.1    4.05262e+38    1.95855e+07    2.42136e+12
          119.2    4.13048e+38    1.96634e+07    2.41781e+12
          119.3    4.20979e+38    1.97415e+07    2.41427e+12
          119.4    4.29059e+38    1.98198e+07    2.41074e+12
          119.5     4.3729e+38    1.98984e+07    2.40722e+12
          119.6    4.45674e+38    1.99771e+07     2.4037e+12
          119.7    4.54216e+38    2.00561e+07    2.40019e+12
          119.8    4.62916e+38    2.01353e+07    2.39669e+12
          119.9    4.71779e+38    2.02147e+07     2.3932e+12
            120    4.80808e+38    2.02943e+07    2.38971e+12
          120.1    4.90005e+38    2.03741e+07    2.38622e+12
          120.2    4.99373e+38    2.04542e+07    2.38275e+12
          120.3    5.08916e+38    2.05344e+07    2.37928e+12
          120.4    5.18636e+38    2.06149e+07    2.37582e+12
          120.5    5.28537e+38    2.06956e+07    2.37236e+12
          120.6    5.38623e+38    2.07766e+07    2.36891e+12
          120.7    5.48896e+38    2.08577e+07    2.36547e+12
          120.8     5.5936e+38    2.09391e+07    2.36204e+12
          120.9    5.70018e+38    2.10206e+07    2.35861e+12
            121    5.80874e+38    2.11024e+07    2.35519e+12
          121.1    5.91932e+38    2.11844e+07    2.35177e+12
          121.2    6.03194e+38    2.12667e+07    2.34836e+12
          121.3    6.14666e+38    2.13491e+07    2.34496e+12
          121.4     6.2635e+38    2.14318e+07    2.34156e+12
          121.5     6.3825e+38    2.15147e+07    2.33818e+12
          121.6    6.50371e+38    2.15978e+07    2.33479e+12
          121.7    6.62716e+38    2.16812e+07    2.33142e+12
          121.8     6.7529e+38    2.17647e+07    2.32805e+12
          121.9    6.88095e+38    2.18485e+07    2.32468e+12
            122    7.01138e+38    2.19325e+07    2.32133e+12
          122.1    7.14421e+38    2.20167e+07    2.31798e+12
          122.2     7.2795e+38    2.21012e+07    2.31464e+12
          122.3    7.41728e+38    2.21858e+07     2.3113e+12
          122.4     7.5576e+38    2.22707e+07    2.30797e+12
          122.5    7.70051e+38    2.23558e+07    2.30464e+12
          122.6    7.84605e+38    2.24412e+07    2.30133e+12
          122.7    7.99427e+38    2.25267e+07    2.29802e+12
          122.8    8.14522e+38    2.26125e+07    2.29471e+12
          122.9    8.29895e+38    2.26985e+07    2.29141e+12
            123     8.4555e+38    2.27848e+07    2.28812e+12
          123.1    8.61494e+38    2.28712e+07    2.28483e+12
          123.2     8.7773e+38    2.29579e+07    2.28155e+12
          123.3    8.94264e+38    2.30448e+07    2.27828e+12
          123.4    9.11102e+38     2.3132e+07    2.27501e+12
          123.5    9.28249e+38    2.32193e+07    2.27175e+12
          123.6     9.4571e+38    2.33069e+07     2.2685e+12
          123.7    9.63491e+38    2.33947e+07    2.26525e+12
          123.8    9.81598e+38    2.34827e+07    2.26201e+12
          123.9    1.00004e+39     2.3571e+07    2.25877e+12
            124    1.01881e+39    2.36595e+07    2.25554e+12
          124.1    1.03793e+39    2.37482e+07    2.25232e+12
          124.2     1.0574e+39    2.38372e+07     2.2491e+12
          124.3    1.07723e+39    2.39263e+07    2.24589e+12
          124.4    1.09741e+39    2.40157e+07    2.24269e+12
          124.5    1.11797e+39    2.41054e+07    2.23949e+12
          124.6     1.1389e+39    2.41952e+07    2.23629e+12
          124.7    1.16021e+39    2.42853e+07    2.23311e+12
          124.8    1.18191e+39    2.43756e+07    2.22993e+12
          124.9    1.20401e+39    2.44662e+07    2.22675e+12
            125    1.22651e+39    2.45569e+07    2.22358e+12
          125.1    1.24942e+39    2.46479e+07    2.22042e+12
          125.2    1.27275e+39    2.47392e+07    2.21727e+12
          125.3     1.2965e+39    2.48306e+07    2.21411e+12
          125.4    1.32068e+39    2.49223e+07    2.21097e+12
          125.5     1.3453e+39    2.50142e+07    2.20783e+12
          125.6    1.37037e+39    2.51064e+07     2.2047e+12
          125.7     1.3959e+39    2.51988e+07    2.20157e+12
          125.8    1.42188e+39    2.52914e+07    2.19845e+12
          125.9    1.44834e+39    2.53843e+07    2.19534e+12
            126    1.47528e+39    2.54773e+07    2.19223e+12
          126.1    1.50271e+39    2.55707e+07    2.18912e+12
          126.2    1.53063e+39    2.56642e+07    2.18603e+12
          126.3    1.55906e+39     2.5758e+07    2.18294e+12
          126.4    1.58801e+39     2.5852e+07    2.17985e+12
          126.5    1.61748e+39    2.59462e+07    2.17677e+12
          126.6    1.64748e+39    2.60407e+07     2.1737e+12
          126.7    1.67802e+39    2.61354e+07    2.17063e+12
          126.8    1.70911e+39    2.62304e+07    2.16757e+12
          126.9    1.74077e+39    2.63256e+07    2.16451e+12
            127      1.773e+39     2.6421e+07    2.16146e+12
          127.1    1.80581e+39    2.65166e+07    2.15841e+12
          127.2    1.83921e+39    2.66125e+07    2.15537e+12
          127.3    1.87321e+39    2.67086e+07    2.15234e+12
          127.4    1.90783e+39     2.6805e+07    2.14931e+12
          127.5    1.94306e+39    2.69016e+07    2.14629e+12
          127.6    1.97894e+39    2.69984e+07    2.14327e+12
          127.7    2.01546e+39    2.70955e+07    2.14026e+12
          127.8    2.05263e+39    2.71927e+07    2.13726e+12
          127.9    2.09047e+39    2.72903e+07    2.13426e+12
            128      2.129e+39    2.73881e+07    2.13127e+12
          128.1    2.16821e+39    2.74861e+07    2.12828e+12
          128.2    2.20813e+39    2.75843e+07    2.12529e+12
          128.3    2.24876e+39    2.76828e+07    2.12232e+12
          128.4    2.29013e+39    2.77815e+07    2.11935e+12
          128.5    2.33223e+39    2.78805e+07    2.11638e+12
          128.6    2.37509e+39    2.79797e+07    2.11342e+12
          128.7    2.41872e+39    2.80791e+07    2.11046e+12
          128.8    2.46313e+39    2.81788e+07    2.10751e+12
          128.9    2.50833e+39    2.82787e+07    2.10457e+12
            129    2.55434e+39    2.83788e+07    2.10163e+12
          129.1    2.60117e+39    2.84792e+07     2.0987e+12
          129.2    2.64884e+39    2.85799e+07    2.09577e+12
          129.3    2.69736e+39    2.86807e+07    2.09285e+12
          129.4    2.74675e+39    2.87819e+07    2.08993e+12
          129.5    2.79702e+39    2.88832e+07    2.08702e+12
          129.6    2.84818e+39    2.89848e+07    2.08412e+12
          129.7    2.90026e+39    2.90866e+07    2.08122e+12
          129.8    2.95327e+39    2.91887e+07    2.07832e+12
          129.9    3.00721e+39     2.9291e+07    2.07543e+12
            130    3.06212e+39    2.93936e+07    2.07255e+12
          130.1    3.11801e+39    2.94964e+07    2.06967e+12
          130.2    3.17489e+39    2.95994e+07    2.06679e+12
          130.3    3.23278e+39    2.97027e+07    2.06393e+12
          130.4     3.2917e+39    2.98062e+07    2.06106e+12
          130.5    3.35167e+39      2.991e+07     2.0582e+12
          130.6     3.4127e+39     3.0014e+07    2.05535e+12
          130.7    3.47481e+39    3.01183e+07    2.05251e+12
          130.8    3.53803e+39    3.02228e+07    2.04966e+12
          130.9    3.60237e+39    3.03275e+07    2.04683e+12
            131    3.66784e+39    3.04325e+07      2.044e+12
          131.1    3.73448e+39    3.05377e+07    2.04117e+12
          131.2     3.8023e+39    3.06432e+07    2.03835e+12
          131.3    3.87131e+39    3.07489e+07    2.03553e+12
          131.4    3.94155e+39    3.08549e+07    2.03272e+12
          131.5    4.01303e+39    3.09611e+07    2.02992e+12
          131.6    4.08577e+39    3.10675e+07    2.02712e+12
          131.7     4.1598e+39    3.11742e+07    2.02432e+12
          131.8    4.23513e+39    3.12812e+07    2.02153e+12
          131.9     4.3118e+39    3.13884e+07    2.01875e+12
            132    4.38981e+39    3.14958e+07    2.01597e+12
          132.1    4.46921e+39    3.16035e+07    2.01319e+12
          132.2       4.55e+39    3.17114e+07    2.01042e+12
          132.3    4.63221e+39    3.18196e+07    2.00766e+12
          132.4    4.71587e+39     3.1928e+07     2.0049e+12
          132.5    4.80101e+39    3.20367e+07    2.00215e+12
          132.6    4.88764e+39    3.21456e+07     1.9994e+12
          132.7     4.9758e+39    3.22548e+07    1.99665e+12
          132.8     5.0655e+39    3.23642e+07    1.99391e+12
          132.9    5.15679e+39    3.24738e+07    1.99118e+12
            133    5.24967e+39    3.25837e+07    1.98845e+12
          133.1    5.34419e+39    3.26939e+07    1.98573e+12
          133.2    5.44036e+39    3.28043e+07    1.98301e+12
          133.3    5.53822e+39     3.2915e+07    1.98029e+12
          133.4     5.6378e+39    3.30259e+07    1.97758e+12
          133.5    5.73912e+39     3.3137e+07    1.97488e+12
          133.6    5.84221e+39    3.32484e+07    1.97218e+12
          133.7    5.94711e+39    3.33601e+07    1.96949e+12
          133.8    6.05385e+39     3.3472e+07     1.9668e+12
          133.9    6.16245e+39    3.35841e+07    1.96411e+12
            134    6.27295e+39    3.36965e+07    1.96143e+12
          134.1    6.38538e+39    3.38092e+07    1.95876e+12
          134.2    6.49978e+39    3.39221e+07    1.95609e+12
          134.3    6.61617e+39    3.40352e+07    1.95342e+12
          134.4     6.7346e+39    3.41487e+07    1.95076e+12
          134.5    6.85509e+39    3.42623e+07    1.94811e+12
          134.6    6.97768e+39    3.43762e+07    1.94546e+12
          134.7    7.10241e+39    3.44904e+07    1.94281e+12
          134.8    7.22931e+39    3.46048e+07    1.94017e+12
          134.9    7.35842e+39    3.47195e+07    1.93753e+12
            135    7.48978e+39    3.48344e+07     1.9349e+12
          135.1    7.62342e+39    3.49495e+07    1.93228e+12
          135.2    7.75939e+39     3.5065e+07    1.92965e+12
          135.3    7.89772e+39    3.51806e+07    1.92704e+12
          135.4    8.03845e+39    3.52966e+07    1.92442e+12
          135.5    8.18163e+39    3.54128e+07    1.92182e+12
          135.6    8.32729e+39    3.55292e+07    1.91921e+12
          135.7    8.47549e+39    3.56459e+07    1.91661e+12
          135.8    8.62625e+39    3.57628e+07    1.91402e+12
          135.9    8.77962e+39      3.588e+07    1.91143e+12
            136    8.93565e+39    3.59975e+07    1.90885e+12
          136.1    9.09439e+39    3.61152e+07    1.90627e+12
          136.2    9.25587e+39    3.62332e+07    1.90369e+12
          136.3    9.42015e+39    3.63514e+07    1.90112e+12
          136.4    9.58727e+39    3.64699e+07    1.89856e+12
          136.5    9.75728e+39    3.65886e+07      1.896e+12
          136.6    9.93022e+39    3.67076e+07    1.89344e+12
          136.7    1.01062e+40    3.68268e+07    1.89089e+12
          136.8    1.02851e+40    3.69463e+07    1.88834e+12
          136.9    1.04672e+40    3.70661e+07     1.8858e+12
            137    1.06524e+40    3.71861e+07    1.88326e+12
          137.1    1.08408e+40    3.73063e+07    1.88073e+12
          137.2    1.10324e+40    3.74269e+07     1.8782e+12
          137.3    1.12274e+40    3.75477e+07    1.87567e+12
          137.4    1.14257e+40    3.76687e+07    1.87315e+12
          137.5    1.16274e+40      3.779e+07    1.87064e+12
          137.6    1.18326e+40    3.79115e+07    1.86813e+12
          137.7    1.20413e+40    3.80334e+07    1.86562e+12
          137.8    1.22536e+40    3.81554e+07    1.86312e+12
          137.9    1.24696e+40    3.82778e+07    1.86062e+12
            138    1.26892e+40    3.84003e+07    1.85813e+12
          138.1    1.29126e+40    3.85232e+07    1.85564e+12
          138.2    1.31399e+40    3.86463e+07    1.85315e+12
          138.3    1.33711e+40    3.87697e+07    1.85067e+12
          138.4    1.36062e+40    3.88933e+07     1.8482e+12
          138.5    1.38454e+40    3.90172e+07    1.84573e+12
          138.6    1.40886e+40    3.91413e+07    1.84326e+12
          138.7     1.4336e+40    3.92657e+07     1.8408e+12
          138.8    1.45877e+40    3.93904e+07    1.83834e+12
          138.9    1.48437e+40    3.95153e+07    1.83589e+12
            139     1.5104e+40    3.96405e+07    1.83344e+12
          139.1    1.53688e+40    3.97659e+07    1.83099e+12
          139.2    1.56381e+40    3.98916e+07    1.82855e+12
          139.3     1.5912e+40    4.00176e+07    1.82612e+12
          139.4    1.61906e+40    4.01438e+07    1.82369e+12
          139.5    1.64739e+40    4.02703e+07    1.82126e+12
          139.6    1.67621e+40    4.03971e+07    1.81884e+12
          139.7    1.70552e+40    4.05241e+07    1.81642e+12
          139.8    1.73533e+40    4.06513e+07      1.814e+12
          139.9    1.76565e+40    4.07789e+07    1.81159e+12
            140    1.79648e+40    4.09067e+07    1.80919e+12
          140.1    1.82783e+40    4.10347e+07    1.80678e+12
          140.2    1.85972e+40    4.11631e+07    1.80439e+12
          140.3    1.89216e+40    4.12916e+07    1.80199e+12
          140.4    1.92514e+40    4.14205e+07    1.79961e+12
          140.5    1.95869e+40    4.15496e+07    1.79722e+12
          140.6     1.9928e+40     4.1679e+07    1.79484e+12
          140.7    2.02749e+40    4.18086e+07    1.79246e+12
          140.8    2.06278e+40    4.19385e+07    1.79009e+12
          140.9    2.09866e+40    4.20687e+07    1.78772e+12
            141    2.13514e+40    4.21991e+07    1.78536e+12
          141.1    2.17225e+40    4.23298e+07      1.783e+12
          141.2    2.20999e+40    4.24608e+07    1.78064e+12
          141.3    2.24836e+40     4.2592e+07    1.77829e+12
          141.4    2.28739e+40    4.27235e+07    1.77595e+12
          141.5    2.32707e+40    4.28552e+07     1.7736e+12
          141.6    2.36742e+40    4.29873e+07    1.77126e+12
          141.7    2.40846e+40    4.31195e+07    1.76893e+12
          141.8    2.45019e+40    4.32521e+07     1.7666e+12
          141.9    2.49263e+40    4.33849e+07    1.76427e+12
            142    2.53578e+40     4.3518e+07    1.76195e+12
          142.1    2.57966e+40    4.36513e+07    1.75963e+12
          142.2    2.62428e+40     4.3785e+07    1.75732e+12
          142.3    2.66965e+40    4.39188e+07    1.75501e+12
          142.4    2.71579e+40     4.4053e+07     1.7527e+12
          142.5     2.7627e+40    4.41874e+07     1.7504e+12
          142.6     2.8104e+40    4.43221e+07     1.7481e+12
          142.7    2.85891e+40     4.4457e+07     1.7458e+12
          142.8    2.90823e+40    4.45922e+07    1.74351e+12
          142.9    2.95838e+40    4.47277e+07    1.74123e+12
            143    3.00938e+40    4.48635e+07    1.73895e+12
          143.1    3.06123e+40    4.49995e+07    1.73667e+12
          143.2    3.11395e+40    4.51358e+07    1.73439e+12
          143.3    3.16756e+40    4.52723e+07    1.73212e+12
          143.4    3.22207e+40    4.54092e+07    1.72986e+12
          143.5    3.27749e+40    4.55462e+07    1.72759e+12
          143.6    3.33384e+40    4.56836e+07    1.72534e+12
          143.7    3.39113e+40    4.58212e+07    1.72308e+12
          143.8    3.44939e+40    4.59591e+07    1.72083e+12
          143.9    3.50862e+40    4.60973e+07    1.71858e+12
            144    3.56884e+40    4.62357e+07    1.71634e+12
          144.1    3.63007e+40    4.63744e+07     1.7141e+12
          144.2    3.69232e+40    4.65134e+07    1.71187e+12
          144.3    3.75561e+40    4.66527e+07    1.70964e+12
          144.4    3.81996e+40    4.67922e+07    1.70741e+12
          144.5    3.88539e+40     4.6932e+07    1.70518e+12
          144.6     3.9519e+40     4.7072e+07    1.70297e+12
          144.7    4.01953e+40    4.72123e+07    1.70075e+12
          144.8    4.08829e+40    4.73529e+07    1.69854e+12
          144.9    4.15819e+40    4.74938e+07    1.69633e+12
            145    4.22925e+40    4.76349e+07    1.69413e+12
          145.1     4.3015e+40    4.77764e+07    1.69192e+12
          145.2    4.37496e+40     4.7918e+07    1.68973e+12
          145.3    4.44963e+40      4.806e+07    1.68754e+12
          145.4    4.52555e+40    4.82022e+07    1.68535e+12
          145.5    4.60273e+40    4.83447e+07    1.68316e+12
          145.6     4.6812e+40    4.84875e+07    1.68098e+12
          145.7    4.76097e+40    4.86305e+07     1.6788e+12
          145.8    4.84206e+40    4.87738e+07    1.67663e+12
          145.9     4.9245e+40    4.89174e+07    1.67446e+12
            146     5.0083e+40    4.90613e+07    1.67229e+12
          146.1     5.0935e+40    4.92054e+07    1.67013e+12
          146.2    5.18011e+40    4.93498e+07    1.66797e+12
          146.3    5.26816e+40    4.94945e+07    1.66581e+12
          146.4    5.35766e+40    4.96394e+07    1.66366e+12
          146.5    5.44865e+40    4.97846e+07    1.66151e+12
          146.6    5.54114e+40    4.99301e+07    1.65937e+12
          146.7    5.63516e+40    5.00759e+07    1.65723e+12
          146.8    5.73074e+40    5.02219e+07    1.65509e+12
          146.9     5.8279e+40    5.03683e+07    1.65296e+12
            147    5.92666e+40    5.05148e+07    1.65083e+12
          147.1    6.02706e+40    5.06617e+07     1.6487e+12
          147.2    6.12911e+40    5.08089e+07    1.64658e+12
          147.3    6.23285e+40    5.09563e+07    1.64446e+12
          147.4     6.3383e+40     5.1104e+07    1.64235e+12
          147.5    6.44548e+40    5.12519e+07    1.64024e+12
          147.6    6.55444e+40    5.14002e+07    1.63813e+12
          147.7    6.66519e+40    5.15487e+07    1.63602e+12
          147.8    6.77776e+40    5.16975e+07    1.63392e+12
          147.9    6.89219e+40    5.18465e+07    1.63183e+12
            148     7.0085e+40    5.19959e+07    1.62973e+12
          148.1    7.12672e+40    5.21455e+07    1.62764e+12
          148.2    7.24689e+40    5.22954e+07    1.62556e+12
          148.3    7.36903e+40    5.24455e+07    1.62347e+12
          148.4    7.49318e+40     5.2596e+07     1.6214e+12
          148.5    7.61937e+40    5.27467e+07    1.61932e+12
          148.6    7.74763e+40    5.28977e+07    1.61725e+12
          148.7    7.87799e+40     5.3049e+07    1.61518e+12
          148.8     8.0105e+40    5.32005e+07    1.61311e+12
          148.9    8.14517e+40    5.33523e+07    1.61105e+12
            149    8.28205e+40    5.35044e+07    1.60899e+12
          149.1    8.42117e+40    5.36568e+07    1.60694e+12
          149.2    8.56258e+40    5.38095e+07    1.60489e+12
          149.3    8.70629e+40    5.39624e+07    1.60284e+12
          149.4    8.85236e+40    5.41156e+07     1.6008e+12
          149.5    9.00082e+40    5.42691e+07    1.59876e+12
          149.6     9.1517e+40    5.44229e+07    1.59672e+12
          149.7    9.30505e+40    5.45769e+07    1.59469e+12
          149.8     9.4609e+40    5.47312e+07    1.59266e+12
          149.9     9.6193e+40    5.48858e+07    1.59063e+12
            150    9.78028e+40    5.50407e+07    1.58861e+12
          150.1    9.94389e+40    5.51959e+07    1.58659e+12
          150.2    1.01102e+41    5.53513e+07    1.58457e+12
          150.3    1.02792e+41     5.5507e+07    1.58256e+12
          150.4    1.04509e+41     5.5663e+07    1.58055e+12
          150.5    1.06254e+41    5.58193e+07    1.57854e+12
          150.6    1.08028e+41    5.59758e+07    1.57654e+12
          150.7    1.09831e+41    5.61327e+07    1.57454e+12
          150.8    1.11663e+41    5.62898e+07    1.57254e+12
          150.9    1.13524e+41    5.64472e+07    1.57055e+12
            151    1.15416e+41    5.66048e+07    1.56856e+12
          151.1    1.17339e+41    5.67628e+07    1.56657e+12
          151.2    1.19293e+41     5.6921e+07    1.56459e+12
          151.3    1.21279e+41    5.70795e+07    1.56261e+12
          151.4    1.23297e+41    5.72383e+07    1.56063e+12
          151.5    1.25347e+41    5.73974e+07    1.55866e+12
          151.6    1.27431e+41    5.75568e+07    1.55669e+12
          151.7    1.29549e+41    5.77164e+07    1.55472e+12
          151.8    1.31701e+41    5.78763e+07    1.55276e+12
          151.9    1.33888e+41    5.80365e+07     1.5508e+12
            152     1.3611e+41     5.8197e+07    1.54885e+12
          152.1    1.38368e+41    5.83577e+07    1.54689e+12
          152.2    1.40663e+41    5.85188e+07    1.54494e+12
          152.3    1.42995e+41    5.86801e+07      1.543e+12
          152.4    1.45364e+41    5.88417e+07    1.54105e+12
          152.5    1.47772e+41    5.90036e+07    1.53911e+12
          152.6    1.50218e+41    5.91657e+07    1.53718e+12
          152.7    1.52705e+41    5.93282e+07    1.53524e+12
          152.8    1.55231e+41    5.94909e+07    1.53331e+12
          152.9    1.57798e+41    5.96539e+07    1.53139e+12
            153    1.60406e+41    5.98172e+07    1.52946e+12
          153.1    1.63056e+41    5.99808e+07    1.52754e+12
          153.2    1.65749e+41    6.01446e+07    1.52562e+12
          153.3    1.68486e+41    6.03088e+07    1.52371e+12
          153.4    1.71266e+41    6.04732e+07     1.5218e+12
          153.5    1.74091e+41    6.06379e+07    1.51989e+12
          153.6    1.76962e+41    6.08029e+07    1.51799e+12
          153.7    1.79879e+41    6.09681e+07    1.51608e+12
          153.8    1.82842e+41    6.11337e+07    1.51419e+12
          153.9    1.85854e+41    6.12995e+07    1.51229e+12
            154    1.88913e+41    6.14657e+07     1.5104e+12
          154.1    1.92022e+41    6.16321e+07    1.50851e+12
          154.2     1.9518e+41    6.17988e+07    1.50662e+12
          154.3    1.98389e+41    6.19657e+07    1.50474e+12
          154.4     2.0165e+41     6.2133e+07    1.50286e+12
          154.5    2.04963e+41    6.23005e+07    1.50099e+12
          154.6    2.08329e+41    6.24683e+07    1.49911e+12
          154.7    2.11748e+41    6.26364e+07    1.49724e+12
          154.8    2.15223e+41    6.28048e+07    1.49538e+12
          154.9    2.18753e+41    6.29735e+07    1.49351e+12
            155    2.22339e+41    6.31425e+07    1.49165e+12
          155.1    2.25983e+41    6.33117e+07    1.48979e+12
          155.2    2.29685e+41    6.34813e+07    1.48794e+12
          155.3    2.33446e+41    6.36511e+07    1.48609e+12
          155.4    2.37268e+41    6.38212e+07    1.48424e+12
          155.5     2.4115e+41    6.39916e+07    1.48239e+12
          155.6    2.45094e+41    6.41622e+07    1.48055e+12
          155.7    2.49101e+41    6.43332e+07    1.47871e+12
          155.8    2.53172e+41    6.45044e+07    1.47687e+12
          155.9    2.57307e+41     6.4676e+07    1.47504e+12
            156    2.61509e+41    6.48478e+07    1.47321e+12
          156.1    2.65777e+41    6.50199e+07    1.47138e+12
          156.2    2.70114e+41    6.51923e+07    1.46956e+12
          156.3    2.74519e+41    6.53649e+07    1.46774e+12
          156.4    2.78994e+41    6.55379e+07    1.46592e+12
          156.5    2.83541e+41    6.57111e+07     1.4641e+12
          156.6     2.8816e+41    6.58847e+07    1.46229e+12
          156.7    2.92852e+41    6.60585e+07    1.46048e+12
          156.8    2.97618e+41    6.62326e+07    1.45868e+12
          156.9     3.0246e+41     6.6407e+07    1.45687e+12
            157    3.07379e+41    6.65816e+07    1.45507e+12
          157.1    3.12376e+41    6.67566e+07    1.45327e+12
          157.2    3.17452e+41    6.69319e+07    1.45148e+12
          157.3    3.22609e+41    6.71074e+07    1.44969e+12
          157.4    3.27847e+41    6.72832e+07     1.4479e+12
          157.5    3.33168e+41    6.74593e+07    1.44611e+12
          157.6    3.38574e+41    6.76357e+07    1.44433e+12
          157.7    3.44064e+41    6.78124e+07    1.44255e+12
          157.8    3.49642e+41    6.79894e+07    1.44077e+12
          157.9    3.55308e+41    6.81666e+07      1.439e+12
            158    3.61063e+41    6.83442e+07    1.43723e+12
          158.1    3.66909e+41     6.8522e+07    1.43546e+12
          158.2    3.72848e+41    6.87002e+07     1.4337e+12
          158.3     3.7888e+41    6.88786e+07    1.43193e+12
          158.4    3.85007e+41    6.90573e+07    1.43017e+12
          158.5    3.91231e+41    6.92363e+07    1.42842e+12
          158.6    3.97553e+41    6.94155e+07    1.42666e+12
          158.7    4.03974e+41    6.95951e+07    1.42491e+12
          158.8    4.10497e+41     6.9775e+07    1.42316e+12
          158.9    4.17122e+41    6.99551e+07    1.42142e+12
            159    4.23852e+41    7.01355e+07    1.41968e+12
          159.1    4.30687e+41    7.03162e+07    1.41794e+12
          159.2     4.3763e+41    7.04973e+07     1.4162e+12
          159.3    4.44682e+41    7.06786e+07    1.41447e+12
          159.4    4.51845e+41    7.08601e+07    1.41273e+12
          159.5     4.5912e+41     7.1042e+07    1.41101e+12
          159.6     4.6651e+41    7.12242e+07    1.40928e+12
          159.7    4.74015e+41    7.14066e+07    1.40756e+12
          159.8    4.81638e+41    7.15894e+07    1.40584e+12
          159.9    4.89381e+41    7.17724e+07    1.40412e+12
            160    4.97245e+41    7.19557e+07    1.40241e+12
          160.1    5.05232e+41    7.21394e+07    1.40069e+12
          160.2    5.13344e+41    7.23233e+07    1.39899e+12
          160.3    5.21583e+41    7.25075e+07    1.39728e+12
          160.4    5.29951e+41    7.26919e+07    1.39558e+12
          160.5     5.3845e+41    7.28767e+07    1.39388e+12
          160.6    5.47082e+41    7.30618e+07    1.39218e+12
          160.7    5.55849e+41    7.32471e+07    1.39048e+12
          160.8    5.64753e+41    7.34328e+07    1.38879e+12
          160.9    5.73796e+41    7.36187e+07     1.3871e+12
            161     5.8298e+41    7.38049e+07    1.38541e+12
          161.1    5.92307e+41    7.39915e+07    1.38373e+12
          161.2     6.0178e+41    7.41783e+07    1.38205e+12
          161.3      6.114e+41    7.43654e+07    1.38037e+12
          161.4     6.2117e+41    7.45527e+07    1.37869e+12
          161.5    6.31093e+41    7.47404e+07    1.37702e+12
          161.6     6.4117e+41    7.49284e+07    1.37535e+12
          161.7    6.51404e+41    7.51167e+07    1.37368e+12
          161.8    6.61797e+41    7.53052e+07    1.37202e+12
          161.9    6.72352e+41     7.5494e+07    1.37035e+12
            162    6.83071e+41    7.56832e+07    1.36869e+12
          162.1    6.93957e+41    7.58726e+07    1.36704e+12
          162.2    7.05012e+41    7.60623e+07    1.36538e+12
          162.3    7.16238e+41    7.62523e+07    1.36373e+12
          162.4    7.27639e+41    7.64426e+07    1.36208e+12
          162.5    7.39216e+41    7.66332e+07    1.36043e+12
          162.6    7.50974e+41    7.68241e+07    1.35879e+12
          162.7    7.62913e+41    7.70153e+07    1.35715e+12
          162.8    7.75038e+41    7.72068e+07    1.35551e+12
          162.9     7.8735e+41    7.73985e+07    1.35387e+12
            163    7.99853e+41    7.75906e+07    1.35224e+12
          163.1     8.1255e+41    7.77829e+07    1.35061e+12
          163.2    8.25443e+41    7.79756e+07    1.34898e+12
          163.3    8.38536e+41    7.81685e+07    1.34736e+12
          163.4    8.51831e+41    7.83617e+07    1.34573e+12
          163.5    8.65332e+41    7.85552e+07    1.34411e+12
          163.6    8.79041e+41     7.8749e+07     1.3425e+12
          163.7    8.92962e+41    7.89431e+07    1.34088e+12
          163.8    9.07098e+41    7.91375e+07    1.33927e+12
          163.9    9.21452e+41    7.93322e+07    1.33766e+12
            164    9.36027e+41    7.95272e+07    1.33605e+12
          164.1    9.50828e+41    7.97224e+07    1.33445e+12
          164.2    9.65856e+41     7.9918e+07    1.33284e+12
          164.3    9.81116e+41    8.01139e+07    1.33124e+12
          164.4    9.96611e+41      8.031e+07    1.32965e+12
          164.5    1.01235e+42    8.05065e+07    1.32805e+12
          164.6    1.02832e+42    8.07032e+07    1.32646e+12
          164.7    1.04454e+42    8.09002e+07    1.32487e+12
          164.8    1.06101e+42    8.10975e+07    1.32328e+12
          164.9    1.07774e+42    8.12952e+07     1.3217e+12
            165    1.09472e+42    8.14931e+07    1.32012e+12
          165.1    1.11196e+42    8.16913e+07    1.31854e+12
          165.2    1.12947e+42    8.18898e+07    1.31696e+12
          165.3    1.14724e+42    8.20886e+07    1.31538e+12
          165.4    1.16529e+42    8.22876e+07    1.31381e+12
          165.5    1.18362e+42     8.2487e+07    1.31224e+12
          165.6    1.20222e+42    8.26867e+07    1.31068e+12
          165.7    1.22112e+42    8.28866e+07    1.30911e+12
          165.8     1.2403e+42    8.30869e+07    1.30755e+12
          165.9    1.25977e+42    8.32875e+07    1.30599e+12
            166    1.27954e+42    8.34883e+07    1.30443e+12
          166.1    1.29962e+42    8.36895e+07    1.30288e+12
          166.2       1.32e+42    8.38909e+07    1.30132e+12
          166.3     1.3407e+42    8.40926e+07    1.29977e+12
          166.4    1.36171e+42    8.42946e+07    1.29823e+12
          166.5    1.38304e+42     8.4497e+07    1.29668e+12
          166.6    1.40469e+42    8.46996e+07    1.29514e+12
          166.7    1.42668e+42    8.49025e+07     1.2936e+12
          166.8      1.449e+42    8.51057e+07    1.29206e+12
          166.9    1.47167e+42    8.53092e+07    1.29053e+12
            167    1.49468e+42     8.5513e+07    1.28899e+12
          167.1    1.51804e+42    8.57171e+07    1.28746e+12
          167.2    1.54175e+42    8.59214e+07    1.28594e+12
          167.3    1.56583e+42    8.61261e+07    1.28441e+12
          167.4    1.59028e+42    8.63311e+07    1.28289e+12
          167.5    1.61509e+42    8.65364e+07    1.28137e+12
          167.6    1.64028e+42    8.67419e+07    1.27985e+12
          167.7    1.66586e+42    8.69478e+07    1.27833e+12
          167.8    1.69183e+42    8.71539e+07    1.27682e+12
          167.9    1.71819e+42    8.73604e+07    1.27531e+12
            168    1.74495e+42    8.75671e+07     1.2738e+12
          168.1    1.77211e+42    8.77742e+07    1.27229e+12
          168.2    1.79969e+42    8.79815e+07    1.27079e+12
          168.3    1.82769e+42    8.81891e+07    1.26929e+12
          168.4    1.85611e+42     8.8397e+07    1.26779e+12
          168.5    1.88497e+42    8.86053e+07    1.26629e+12
          168.6    1.91426e+42    8.88138e+07    1.26479e+12
          168.7    1.94399e+42    8.90226e+07     1.2633e+12
          168.8    1.97418e+42    8.92317e+07    1.26181e+12
          168.9    2.00482e+42    8.94411e+07    1.26032e+12
            169    2.03592e+42    8.96508e+07    1.25884e+12
          169.1     2.0675e+42    8.98608e+07    1.25736e+12
          169.2    2.09955e+42    9.00711e+07    1.25587e+12
          169.3    2.13209e+42    9.02817e+07     1.2544e+12
          169.4    2.16512e+42    9.04926e+07    1.25292e+12
          169.5    2.19865e+42    9.07037e+07    1.25145e+12
          169.6    2.23268e+42    9.09152e+07    1.24997e+12
          169.7    2.26723e+42     9.1127e+07    1.24851e+12
          169.8     2.3023e+42     9.1339e+07    1.24704e+12
          169.9     2.3379e+42    9.15514e+07    1.24557e+12
            170    2.37403e+42    9.17641e+07    1.24411e+12
          170.1    2.41071e+42     9.1977e+07    1.24265e+12
          170.2    2.44795e+42    9.21903e+07    1.24119e+12
          170.3    2.48574e+42    9.24038e+07    1.23974e+12
          170.4     2.5241e+42    9.26177e+07    1.23828e+12
          170.5    2.56304e+42    9.28318e+07    1.23683e+12
          170.6    2.60256e+42    9.30462e+07    1.23538e+12
          170.7    2.64268e+42     9.3261e+07    1.23394e+12
          170.8    2.68341e+42     9.3476e+07    1.23249e+12
          170.9    2.72474e+42    9.36913e+07    1.23105e+12
            171    2.76669e+42     9.3907e+07    1.22961e+12
          171.1    2.80928e+42    9.41229e+07    1.22817e+12
          171.2     2.8525e+42    9.43391e+07    1.22674e+12
          171.3    2.89637e+42    9.45556e+07    1.22531e+12
          171.4     2.9409e+42    9.47724e+07    1.22387e+12
          171.5     2.9861e+42    9.49895e+07    1.22245e+12
          171.6    3.03197e+42    9.52069e+07    1.22102e+12
          171.7    3.07853e+42    9.54246e+07     1.2196e+12
          171.8    3.12579e+42    9.56426e+07    1.21817e+12
          171.9    3.17376e+42    9.58609e+07    1.21675e+12
            172    3.22244e+42    9.60795e+07    1.21534e+12
          172.1    3.27185e+42    9.62984e+07    1.21392e+12
          172.2      3.322e+42    9.65176e+07    1.21251e+12
          172.3     3.3729e+42    9.67371e+07     1.2111e+12
          172.4    3.42456e+42    9.69569e+07    1.20969e+12
          172.5      3.477e+42    9.71769e+07    1.20828e+12
          172.6    3.53021e+42    9.73973e+07    1.20687e+12
          172.7    3.58422e+42     9.7618e+07    1.20547e+12
          172.8    3.63903e+42     9.7839e+07    1.20407e+12
          172.9    3.69467e+42    9.80602e+07    1.20267e+12
            173    3.75113e+42    9.82818e+07    1.20128e+12
          173.1    3.80843e+42    9.85037e+07    1.19988e+12
          173.2    3.86658e+42    9.87258e+07    1.19849e+12
          173.3     3.9256e+42    9.89483e+07     1.1971e+12
          173.4     3.9855e+42     9.9171e+07    1.19572e+12
          173.5     4.0463e+42    9.93941e+07    1.19433e+12
          173.6    4.10799e+42    9.96174e+07    1.19295e+12
          173.7     4.1706e+42    9.98411e+07    1.19157e+12
          173.8    4.23415e+42    1.00065e+08    1.19019e+12
          173.9    4.29863e+42    1.00289e+08    1.18881e+12
            174    4.36408e+42    1.00514e+08    1.18744e+12
          174.1    4.43049e+42    1.00739e+08    1.18606e+12
          174.2    4.49789e+42    1.00964e+08    1.18469e+12
          174.3    4.56629e+42    1.01189e+08    1.18332e+12
          174.4    4.63571e+42    1.01415e+08    1.18196e+12
          174.5    4.70615e+42    1.01641e+08    1.18059e+12
          174.6    4.77764e+42    1.01867e+08    1.17923e+12
          174.7    4.85019e+42    1.02094e+08    1.17787e+12
          174.8    4.92381e+42    1.02321e+08    1.17651e+12
          174.9    4.99852e+42    1.02548e+08    1.17516e+12
            175    5.07433e+42    1.02776e+08     1.1738e+12
          175.1    5.15127e+42    1.03003e+08    1.17245e+12
          175.2    5.22935e+42    1.03232e+08     1.1711e+12
          175.3    5.30857e+42     1.0346e+08    1.16975e+12
          175.4    5.38897e+42    1.03689e+08    1.16841e+12
          175.5    5.47056e+42    1.03918e+08    1.16706e+12
          175.6    5.55335e+42    1.04147e+08    1.16572e+12
          175.7    5.63736e+42    1.04377e+08    1.16438e+12
          175.8    5.72261e+42    1.04606e+08    1.16305e+12
          175.9    5.80912e+42    1.04837e+08    1.16171e+12
            176     5.8969e+42    1.05067e+08    1.16038e+12
          176.1    5.98598e+42    1.05298e+08    1.15905e+12
          176.2    6.07637e+42    1.05529e+08    1.15772e+12
          176.3    6.16809e+42     1.0576e+08    1.15639e+12
          176.4    6.26116e+42    1.05992e+08    1.15506e+12
          176.5    6.35559e+42    1.06224e+08    1.15374e+12
          176.6    6.45142e+42    1.06456e+08    1.15242e+12
          176.7    6.54866e+42    1.06689e+08     1.1511e+12
          176.8    6.64732e+42    1.06922e+08    1.14978e+12
          176.9    6.74744e+42    1.07155e+08    1.14847e+12
            177    6.84902e+42    1.07389e+08    1.14715e+12
          177.1     6.9521e+42    1.07622e+08    1.14584e+12
          177.2    7.05669e+42    1.07856e+08    1.14453e+12
          177.3    7.16281e+42    1.08091e+08    1.14323e+12
          177.4    7.27049e+42    1.08325e+08    1.14192e+12
          177.5    7.37974e+42     1.0856e+08    1.14062e+12
          177.6     7.4906e+42    1.08796e+08    1.13932e+12
          177.7    7.60308e+42    1.09031e+08    1.13802e+12
          177.8    7.71721e+42    1.09267e+08    1.13672e+12
          177.9    7.83301e+42    1.09503e+08    1.13542e+12
            178    7.95051e+42     1.0974e+08    1.13413e+12
          178.1    8.06972e+42    1.09977e+08    1.13284e+12
          178.2    8.19067e+42    1.10214e+08    1.13155e+12
          178.3     8.3134e+42    1.10451e+08    1.13026e+12
          178.4    8.43791e+42    1.10689e+08    1.12898e+12
          178.5    8.56425e+42    1.10927e+08    1.12769e+12
          178.6    8.69242e+42    1.11165e+08    1.12641e+12
          178.7    8.82247e+42    1.11403e+08    1.12513e+12
          178.8    8.95442e+42    1.11642e+08    1.12385e+12
          178.9    9.08829e+42    1.11881e+08    1.12258e+12
            179    9.22411e+42    1.12121e+08     1.1213e+12
          179.1    9.36191e+42    1.12361e+08    1.12003e+12
          179.2    9.50172e+42    1.12601e+08    1.11876e+12
          179.3    9.64357e+42    1.12841e+08    1.11749e+12
          179.4    9.78747e+42    1.13082e+08    1.11622e+12
          179.5    9.93348e+42    1.13323e+08    1.11496e+12
          179.6    1.00816e+43    1.13564e+08     1.1137e+12
          179.7    1.02319e+43    1.13805e+08    1.11244e+12
          179.8    1.03843e+43    1.14047e+08    1.11118e+12
          179.9     1.0539e+43    1.14289e+08    1.10992e+12
            180     1.0696e+43    1.14532e+08    1.10867e+12
          180.1    1.08552e+43    1.14775e+08    1.10741e+12
          180.2    1.10167e+43    1.15018e+08    1.10616e+12
          180.3    1.11805e+43    1.15261e+08    1.10491e+12
          180.4    1.13468e+43    1.15505e+08    1.10366e+12
          180.5    1.15154e+43    1.15748e+08    1.10242e+12
          180.6    1.16865e+43    1.15993e+08    1.10117e+12
          180.7    1.18601e+43    1.16237e+08    1.09993e+12
          180.8    1.20362e+43    1.16482e+08    1.09869e+12
          180.9    1.22148e+43    1.16727e+08    1.09745e+12
            181     1.2396e+43    1.16973e+08    1.09622e+12
          181.1    1.25798e+43    1.17218e+08    1.09498e+12
          181.2    1.27663e+43    1.17464e+08    1.09375e+12
          181.3    1.29555e+43    1.17711e+08    1.09252e+12
          181.4    1.31475e+43    1.17957e+08    1.09129e+12
          181.5    1.33422e+43    1.18204e+08    1.09006e+12
          181.6    1.35397e+43    1.18451e+08    1.08883e+12
          181.7      1.374e+43    1.18699e+08    1.08761e+12
          181.8    1.39433e+43    1.18947e+08    1.08639e+12
          181.9    1.41495e+43    1.19195e+08    1.08517e+12
            182    1.43586e+43    1.19443e+08    1.08395e+12
          182.1    1.45708e+43    1.19692e+08    1.08273e+12
          182.2     1.4786e+43    1.19941e+08    1.08152e+12
          182.3    1.50043e+43     1.2019e+08    1.08031e+12
          182.4    1.52258e+43     1.2044e+08     1.0791e+12
          182.5    1.54505e+43     1.2069e+08    1.07789e+12
          182.6    1.56784e+43     1.2094e+08    1.07668e+12
          182.7    1.59095e+43     1.2119e+08    1.07547e+12
          182.8     1.6144e+43    1.21441e+08    1.07427e+12
          182.9    1.63819e+43    1.21692e+08    1.07307e+12
            183    1.66232e+43    1.21944e+08    1.07187e+12
          183.1    1.68679e+43    1.22195e+08    1.07067e+12
          183.2    1.71162e+43    1.22447e+08    1.06947e+12
          183.3     1.7368e+43      1.227e+08    1.06828e+12
          183.4    1.76234e+43    1.22952e+08    1.06708e+12
          183.5    1.78825e+43    1.23205e+08    1.06589e+12
          183.6    1.81454e+43    1.23458e+08     1.0647e+12
          183.7    1.84119e+43    1.23712e+08    1.06351e+12
          183.8    1.86823e+43    1.23966e+08    1.06233e+12
          183.9    1.89566e+43     1.2422e+08    1.06114e+12
            184    1.92348e+43    1.24474e+08    1.05996e+12
          184.1     1.9517e+43    1.24729e+08    1.05878e+12
          184.2    1.98032e+43    1.24984e+08     1.0576e+12
          184.3    2.00935e+43    1.25239e+08    1.05642e+12
          184.4     2.0388e+43    1.25494e+08    1.05525e+12
          184.5    2.06866e+43     1.2575e+08    1.05407e+12
          184.6    2.09896e+43    1.26007e+08     1.0529e+12
          184.7    2.12968e+43    1.26263e+08    1.05173e+12
          184.8    2.16085e+43     1.2652e+08    1.05056e+12
          184.9    2.19245e+43    1.26777e+08    1.04939e+12
            185    2.22451e+43    1.27034e+08    1.04823e+12
          185.1    2.25703e+43    1.27292e+08    1.04707e+12
          185.2    2.29001e+43     1.2755e+08     1.0459e+12
          185.3    2.32346e+43    1.27808e+08    1.04474e+12
          185.4    2.35739e+43    1.28067e+08    1.04358e+12
          185.5     2.3918e+43    1.28325e+08    1.04243e+12
          185.6     2.4267e+43    1.28585e+08    1.04127e+12
          185.7     2.4621e+43    1.28844e+08    1.04012e+12
          185.8      2.498e+43    1.29104e+08    1.03897e+12
          185.9    2.53441e+43    1.29364e+08    1.03782e+12
            186    2.57133e+43    1.29624e+08    1.03667e+12
          186.1    2.60879e+43    1.29885e+08    1.03552e+12
          186.2    2.64677e+43    1.30146e+08    1.03438e+12
          186.3    2.68529e+43    1.30407e+08    1.03323e+12
          186.4    2.72436e+43    1.30669e+08    1.03209e+12
          186.5    2.76399e+43     1.3093e+08    1.03095e+12
          186.6    2.80418e+43    1.31192e+08    1.02981e+12
          186.7    2.84493e+43    1.31455e+08    1.02868e+12
          186.8    2.88627e+43    1.31718e+08    1.02754e+12
          186.9    2.92819e+43    1.31981e+08    1.02641e+12
            187     2.9707e+43    1.32244e+08    1.02528e+12
          187.1    3.01382e+43    1.32508e+08    1.02415e+12
          187.2    3.05754e+43    1.32771e+08    1.02302e+12
          187.3    3.10189e+43    1.33036e+08    1.02189e+12
          187.4    3.14686e+43      1.333e+08    1.02077e+12
          187.5    3.19246e+43    1.33565e+08    1.01964e+12
          187.6    3.23872e+43     1.3383e+08    1.01852e+12
          187.7    3.28562e+43    1.34096e+08     1.0174e+12
          187.8    3.33319e+43    1.34361e+08    1.01628e+12
          187.9    3.38143e+43    1.34627e+08    1.01516e+12
            188    3.43035e+43    1.34894e+08    1.01405e+12
          188.1    3.47996e+43     1.3516e+08    1.01294e+12
          188.2    3.53027e+43    1.35427e+08    1.01182e+12
          188.3    3.58129e+43    1.35694e+08    1.01071e+12
          188.4    3.63302e+43    1.35962e+08     1.0096e+12
          188.5    3.68549e+43    1.36229e+08     1.0085e+12
          188.6     3.7387e+43    1.36498e+08    1.00739e+12
          188.7    3.79265e+43    1.36766e+08    1.00629e+12
          188.8    3.84737e+43    1.37035e+08    1.00518e+12
          188.9    3.90285e+43    1.37304e+08    1.00408e+12
            189    3.95911e+43    1.37573e+08    1.00298e+12
          189.1    4.01617e+43    1.37842e+08    1.00189e+12
          189.2    4.07403e+43    1.38112e+08    1.00079e+12
          189.3     4.1327e+43    1.38382e+08    9.99696e+11
          189.4    4.19219e+43    1.38653e+08    9.98603e+11
          189.5    4.25252e+43    1.38924e+08    9.97511e+11
          189.6    4.31369e+43    1.39195e+08    9.96422e+11
          189.7    4.37573e+43    1.39466e+08    9.95333e+11
          189.8    4.43863e+43    1.39738e+08    9.94247e+11
          189.9    4.50241e+43     1.4001e+08    9.93162e+11
            190    4.56709e+43    1.40282e+08    9.92078e+11
          190.1    4.63268e+43    1.40554e+08    9.90996e+11
          190.2    4.69918e+43    1.40827e+08    9.89916e+11
          190.3    4.76662e+43      1.411e+08    9.88837e+11
          190.4    4.83499e+43    1.41374e+08     9.8776e+11
          190.5    4.90433e+43    1.41648e+08    9.86684e+11
          190.6    4.97463e+43    1.41922e+08     9.8561e+11
          190.7    5.04592e+43    1.42196e+08    9.84537e+11
          190.8     5.1182e+43    1.42471e+08    9.83466e+11
          190.9     5.1915e+43    1.42745e+08    9.82397e+11
            191    5.26581e+43    1.43021e+08    9.81328e+11
          191.1    5.34117e+43    1.43296e+08    9.80262e+11
          191.2    5.41757e+43    1.43572e+08    9.79197e+11
          191.3    5.49504e+43    1.43848e+08    9.78134e+11
          191.4     5.5736e+43    1.44124e+08    9.77072e+11
          191.5    5.65324e+43    1.44401e+08    9.76011e+11
          191.6      5.734e+43    1.44678e+08    9.74953e+11
          191.7    5.81588e+43    1.44955e+08    9.73895e+11
          191.8     5.8989e+43    1.45233e+08    9.72839e+11
          191.9    5.98308e+43    1.45511e+08    9.71785e+11
            192    6.06843e+43    1.45789e+08    9.70732e+11
          192.1    6.15496e+43    1.46068e+08    9.69681e+11
          192.2     6.2427e+43    1.46346e+08    9.68631e+11
          192.3    6.33166e+43    1.46625e+08    9.67583e+11
          192.4    6.42186e+43    1.46905e+08    9.66536e+11
          192.5    6.51331e+43    1.47184e+08    9.65491e+11
          192.6    6.60603e+43    1.47464e+08    9.64447e+11
          192.7    6.70003e+43    1.47745e+08    9.63405e+11
          192.8    6.79534e+43    1.48025e+08    9.62364e+11
          192.9    6.89197e+43    1.48306e+08    9.61325e+11
            193    6.98995e+43    1.48587e+08    9.60287e+11
          193.1    7.08928e+43    1.48868e+08    9.59251e+11
          193.2    7.18998e+43     1.4915e+08    9.58216e+11
          193.3    7.29209e+43    1.49432e+08    9.57182e+11
          193.4     7.3956e+43    1.49715e+08     9.5615e+11
          193.5    7.50055e+43    1.49997e+08     9.5512e+11
          193.6    7.60695e+43     1.5028e+08    9.54091e+11
          193.7    7.71482e+43    1.50563e+08    9.53064e+11
          193.8    7.82419e+43    1.50847e+08    9.52037e+11
          193.9    7.93507e+43    1.51131e+08    9.51013e+11
            194    8.04748e+43    1.51415e+08     9.4999e+11
          194.1    8.16144e+43    1.51699e+08    9.48968e+11
          194.2    8.27697e+43    1.51984e+08    9.47948e+11
          194.3     8.3941e+43    1.52269e+08    9.46929e+11
          194.4    8.51285e+43    1.52554e+08    9.45912e+11
          194.5    8.63324e+43     1.5284e+08    9.44896e+11
          194.6    8.75528e+43    1.53125e+08    9.43881e+11
          194.7    8.87901e+43    1.53412e+08    9.42868e+11
          194.8    9.00445e+43    1.53698e+08    9.41857e+11
          194.9    9.13161e+43    1.53985e+08    9.40847e+11
            195    9.26052e+43    1.54272e+08    9.39838e+11
          195.1    9.39121e+43    1.54559e+08    9.38831e+11
          195.2    9.52369e+43    1.54847e+08    9.37825e+11
          195.3      9.658e+43    1.55135e+08     9.3682e+11
          195.4    9.79416e+43    1.55423e+08    9.35817e+11
          195.5    9.93219e+43    1.55711e+08    9.34816e+11
          195.6    1.00721e+44       1.56e+08    9.33816e+11
          195.7     1.0214e+44    1.56289e+08    9.32817e+11
          195.8    1.03578e+44    1.56579e+08     9.3182e+11
          195.9    1.05035e+44    1.56868e+08    9.30824e+11
            196    1.06513e+44    1.57158e+08    9.29829e+11
          196.1    1.08011e+44    1.57449e+08    9.28836e+11
          196.2    1.09529e+44    1.57739e+08    9.27844e+11
          196.3    1.11069e+44     1.5803e+08    9.26854e+11
          196.4    1.12629e+44    1.58321e+08    9.25865e+11
          196.5    1.14211e+44    1.58613e+08    9.24878e+11
          196.6    1.15815e+44    1.58904e+08    9.23891e+11
          196.7     1.1744e+44    1.59196e+08    9.22907e+11
          196.8    1.19088e+44    1.59489e+08    9.21923e+11
          196.9    1.20758e+44    1.59781e+08    9.20941e+11
            197    1.22451e+44    1.60074e+08    9.19961e+11
          197.1    1.24167e+44    1.60368e+08    9.18982e+11
          197.2    1.25907e+44    1.60661e+08    9.18004e+11
          197.3     1.2767e+44    1.60955e+08    9.17027e+11
          197.4    1.29458e+44    1.61249e+08    9.16052e+11
          197.5     1.3127e+44    1.61543e+08    9.15078e+11
          197.6    1.33106e+44    1.61838e+08    9.14106e+11
          197.7    1.34968e+44    1.62133e+08    9.13135e+11
          197.8    1.36855e+44    1.62428e+08    9.12165e+11
          197.9    1.38768e+44    1.62724e+08    9.11197e+11
            198    1.40707e+44     1.6302e+08     9.1023e+11
          198.1    1.42672e+44    1.63316e+08    9.09265e+11
          198.2    1.44665e+44    1.63612e+08    9.08301e+11
          198.3    1.46684e+44    1.63909e+08    9.07338e+11
          198.4    1.48731e+44    1.64206e+08    9.06376e+11
          198.5    1.50805e+44    1.64503e+08    9.05416e+11
          198.6    1.52908e+44    1.64801e+08    9.04457e+11
          198.7    1.55039e+44    1.65099e+08      9.035e+11
          198.8      1.572e+44    1.65397e+08    9.02544e+11
          198.9     1.5939e+44    1.65696e+08    9.01589e+11
            199    1.61609e+44    1.65994e+08    9.00635e+11
          199.1    1.63859e+44    1.66294e+08    8.99683e+11
          199.2    1.66139e+44    1.66593e+08    8.98733e+11
          199.3     1.6845e+44    1.66893e+08    8.97783e+11
          199.4    1.70792e+44    1.67193e+08    8.96835e+11
          199.5    1.73167e+44    1.67493e+08    8.95888e+11
          199.6    1.75573e+44    1.67793e+08    8.94943e+11
          199.7    1.78012e+44    1.68094e+08    8.93998e+11
          199.8    1.80484e+44    1.68395e+08    8.93056e+11
          199.9     1.8299e+44    1.68697e+08    8.92114e+11
            200    1.85529e+44    1.68998e+08    8.91174e+11
          200.1    1.88103e+44      1.693e+08    8.90235e+11
          200.2    1.90712e+44    1.69603e+08    8.89297e+11
          200.3    1.93356e+44    1.69905e+08    8.88361e+11
          200.4    1.96035e+44    1.70208e+08    8.87426e+11
          200.5    1.98751e+44    1.70511e+08    8.86492e+11
          200.6    2.01504e+44    1.70815e+08     8.8556e+11
          200.7    2.04294e+44    1.71119e+08    8.84629e+11
          200.8    2.07121e+44    1.71423e+08    8.83699e+11
          200.9    2.09987e+44    1.71727e+08     8.8277e+11
            201    2.12891e+44    1.72032e+08    8.81843e+11
          201.1    2.15835e+44    1.72336e+08    8.80917e+11
          201.2    2.18818e+44    1.72642e+08    8.79992e+11
          201.3    2.21841e+44    1.72947e+08    8.79069e+11
          201.4    2.24905e+44    1.73253e+08    8.78147e+11
          201.5    2.28011e+44    1.73559e+08    8.77226e+11
          201.6    2.31158e+44    1.73865e+08    8.76306e+11
          201.7    2.34348e+44    1.74172e+08    8.75388e+11
          201.8     2.3758e+44    1.74479e+08    8.74471e+11
          201.9    2.40856e+44    1.74786e+08    8.73555e+11
            202    2.44176e+44    1.75094e+08    8.72641e+11
          202.1    2.47541e+44    1.75402e+08    8.71728e+11
          202.2    2.50951e+44     1.7571e+08    8.70816e+11
          202.3    2.54406e+44    1.76018e+08    8.69905e+11
          202.4    2.57908e+44    1.76327e+08    8.68996e+11
          202.5    2.61457e+44    1.76636e+08    8.68087e+11
          202.6    2.65054e+44    1.76945e+08     8.6718e+11
          202.7    2.68699e+44    1.77255e+08    8.66275e+11
          202.8    2.72393e+44    1.77565e+08     8.6537e+11
          202.9    2.76136e+44    1.77875e+08    8.64467e+11
            203     2.7993e+44    1.78185e+08    8.63565e+11
          203.1    2.83774e+44    1.78496e+08    8.62664e+11
          203.2     2.8767e+44    1.78807e+08    8.61765e+11
          203.3    2.91618e+44    1.79118e+08    8.60867e+11
          203.4    2.95619e+44     1.7943e+08     8.5997e+11
          203.5    2.99674e+44    1.79742e+08    8.59074e+11
          203.6    3.03782e+44    1.80054e+08    8.58179e+11
          203.7    3.07946e+44    1.80366e+08    8.57286e+11
          203.8    3.12165e+44    1.80679e+08    8.56394e+11
          203.9    3.16441e+44    1.80992e+08    8.55503e+11
            204    3.20774e+44    1.81305e+08    8.54614e+11
          204.1    3.25164e+44    1.81619e+08    8.53725e+11
          204.2    3.29613e+44    1.81933e+08    8.52838e+11
          204.3    3.34122e+44    1.82247e+08    8.51952e+11
          204.4    3.38691e+44    1.82562e+08    8.51067e+11
          204.5     3.4332e+44    1.82876e+08    8.50184e+11
          204.6    3.48012e+44    1.83191e+08    8.49302e+11
          204.7    3.52766e+44    1.83507e+08     8.4842e+11
          204.8    3.57583e+44    1.83822e+08    8.47541e+11
          204.9    3.62464e+44    1.84138e+08    8.46662e+11
            205    3.67411e+44    1.84455e+08    8.45784e+11
          205.1    3.72423e+44    1.84771e+08    8.44908e+11
          205.2    3.77502e+44    1.85088e+08    8.44033e+11
          205.3    3.82648e+44    1.85405e+08    8.43159e+11
          205.4    3.87863e+44    1.85722e+08    8.42286e+11
          205.5    3.93147e+44     1.8604e+08    8.41415e+11
          205.6    3.98502e+44    1.86358e+08    8.40545e+11
          205.7    4.03927e+44    1.86676e+08    8.39675e+11
          205.8    4.09425e+44    1.86995e+08    8.38808e+11
          205.9    4.14995e+44    1.87313e+08    8.37941e+11
            206     4.2064e+44    1.87633e+08    8.37075e+11
          206.1    4.26359e+44    1.87952e+08    8.36211e+11
          206.2    4.32154e+44    1.88272e+08    8.35348e+11
          206.3    4.38026e+44    1.88592e+08    8.34486e+11
          206.4    4.43976e+44    1.88912e+08    8.33625e+11
          206.5    4.50005e+44    1.89232e+08    8.32765e+11
          206.6    4.56113e+44    1.89553e+08    8.31906e+11
          206.7    4.62303e+44    1.89874e+08    8.31049e+11
          206.8    4.68574e+44    1.90196e+08    8.30193e+11
          206.9    4.74928e+44    1.90517e+08    8.29338e+11
            207    4.81366e+44    1.90839e+08    8.28484e+11
          207.1     4.8789e+44    1.91162e+08    8.27631e+11
          207.2    4.94499e+44    1.91484e+08     8.2678e+11
          207.3    5.01196e+44    1.91807e+08    8.25929e+11
          207.4    5.07982e+44     1.9213e+08     8.2508e+11
          207.5    5.14857e+44    1.92453e+08    8.24232e+11
          207.6    5.21822e+44    1.92777e+08    8.23385e+11
          207.7     5.2888e+44    1.93101e+08    8.22539e+11
          207.8    5.36031e+44    1.93425e+08    8.21695e+11
          207.9    5.43276e+44     1.9375e+08    8.20851e+11
            208    5.50616e+44    1.94075e+08    8.20009e+11
          208.1    5.58053e+44      1.944e+08    8.19168e+11
          208.2    5.65589e+44    1.94725e+08    8.18328e+11
          208.3    5.73223e+44    1.95051e+08    8.17489e+11
          208.4    5.80958e+44    1.95377e+08    8.16651e+11
          208.5    5.88795e+44    1.95703e+08    8.15814e+11
          208.6    5.96735e+44     1.9603e+08    8.14979e+11
          208.7    6.04779e+44    1.96356e+08    8.14144e+11
          208.8    6.12929e+44    1.96683e+08    8.13311e+11
          208.9    6.21186e+44    1.97011e+08    8.12479e+11
            209    6.29552e+44    1.97339e+08    8.11648e+11
          209.1    6.38027e+44    1.97667e+08    8.10818e+11
          209.2    6.46614e+44    1.97995e+08    8.09989e+11
          209.3    6.55314e+44    1.98323e+08    8.09162e+11
          209.4    6.64127e+44    1.98652e+08    8.08335e+11
          209.5    6.73057e+44    1.98981e+08     8.0751e+11
          209.6    6.82103e+44    1.99311e+08    8.06685e+11
          209.7    6.91268e+44     1.9964e+08    8.05862e+11
          209.8    7.00553e+44     1.9997e+08     8.0504e+11
          209.9     7.0996e+44      2.003e+08    8.04219e+11
            210     7.1949e+44    2.00631e+08    8.03399e+11
          210.1    7.29145e+44    2.00962e+08     8.0258e+11
          210.2    7.38926e+44    2.01293e+08    8.01763e+11
          210.3    7.48835e+44    2.01624e+08    8.00946e+11
          210.4    7.58873e+44    2.01956e+08     8.0013e+11
          210.5    7.69043e+44    2.02288e+08    7.99316e+11
          210.6    7.79346e+44     2.0262e+08    7.98503e+11
          210.7    7.89783e+44    2.02953e+08    7.97691e+11
          210.8    8.00357e+44    2.03285e+08    7.96879e+11
          210.9    8.11069e+44    2.03618e+08    7.96069e+11
            211     8.2192e+44    2.03952e+08     7.9526e+11
          211.1    8.32913e+44    2.04285e+08    7.94453e+11
          211.2     8.4405e+44    2.04619e+08    7.93646e+11
          211.3    8.55332e+44    2.04954e+08     7.9284e+11
          211.4    8.66761e+44    2.05288e+08    7.92036e+11
          211.5    8.78339e+44    2.05623e+08    7.91232e+11
          211.6    8.90067e+44    2.05958e+08     7.9043e+11
          211.7    9.01949e+44    2.06293e+08    7.89628e+11
          211.8    9.13985e+44    2.06629e+08    7.88828e+11
          211.9    9.26178e+44    2.06965e+08    7.88029e+11
            212    9.38529e+44    2.07301e+08     7.8723e+11
          212.1    9.51041e+44    2.07637e+08    7.86433e+11
          212.2    9.63716e+44    2.07974e+08    7.85637e+11
          212.3    9.76555e+44    2.08311e+08    7.84842e+11
          212.4    9.89562e+44    2.08648e+08    7.84048e+11
          212.5    1.00274e+45    2.08986e+08    7.83255e+11
          212.6    1.01608e+45    2.09324e+08    7.82464e+11
          212.7     1.0296e+45    2.09662e+08    7.81673e+11
          212.8     1.0433e+45        2.1e+08    7.80883e+11
          212.9    1.05717e+45    2.10339e+08    7.80095e+11
            213    1.07122e+45    2.10678e+08    7.79307e+11
          213.1    1.08546e+45    2.11017e+08     7.7852e+11
          213.2    1.09988e+45    2.11357e+08    7.77735e+11
          213.3    1.11448e+45    2.11697e+08     7.7695e+11
          213.4    1.12928e+45    2.12037e+08    7.76167e+11
          213.5    1.14427e+45    2.12377e+08    7.75385e+11
          213.6    1.15945e+45    2.12718e+08    7.74603e+11
          213.7    1.17482e+45    2.13059e+08    7.73823e+11
          213.8     1.1904e+45      2.134e+08    7.73044e+11
          213.9    1.20618e+45    2.13742e+08    7.72266e+11
            214    1.22216e+45    2.14083e+08    7.71488e+11
          214.1    1.23835e+45    2.14426e+08    7.70712e+11
          214.2    1.25475e+45    2.14768e+08    7.69937e+11
          214.3    1.27136e+45    2.15111e+08    7.69163e+11
          214.4    1.28818e+45    2.15453e+08     7.6839e+11
          214.5    1.30522e+45    2.15797e+08    7.67618e+11
          214.6    1.32248e+45     2.1614e+08    7.66847e+11
          214.7    1.33996e+45    2.16484e+08    7.66077e+11
          214.8    1.35767e+45    2.16828e+08    7.65308e+11
          214.9    1.37561e+45    2.17172e+08     7.6454e+11
            215    1.39378e+45    2.17517e+08    7.63773e+11
          215.1    1.41218e+45    2.17862e+08    7.63007e+11
          215.2    1.43082e+45    2.18207e+08    7.62242e+11
          215.3     1.4497e+45    2.18552e+08    7.61478e+11
          215.4    1.46882e+45    2.18898e+08    7.60715e+11
          215.5    1.48819e+45    2.19244e+08    7.59954e+11
          215.6     1.5078e+45     2.1959e+08    7.59193e+11
          215.7    1.52767e+45    2.19937e+08    7.58433e+11
          215.8     1.5478e+45    2.20284e+08    7.57674e+11
          215.9    1.56818e+45    2.20631e+08    7.56916e+11
            216    1.58882e+45    2.20978e+08    7.56159e+11
          216.1    1.60973e+45    2.21326e+08    7.55403e+11
          216.2    1.63091e+45    2.21674e+08    7.54649e+11
          216.3    1.65236e+45    2.22022e+08    7.53895e+11
          216.4    1.67409e+45     2.2237e+08    7.53142e+11
          216.5    1.69609e+45    2.22719e+08     7.5239e+11
          216.6    1.71838e+45    2.23068e+08    7.51639e+11
          216.7    1.74095e+45    2.23417e+08    7.50889e+11
          216.8    1.76381e+45    2.23767e+08     7.5014e+11
          216.9    1.78696e+45    2.24117e+08    7.49392e+11
            217    1.81041e+45    2.24467e+08    7.48645e+11
          217.1    1.83416e+45    2.24817e+08    7.47899e+11
          217.2    1.85822e+45    2.25168e+08    7.47154e+11
          217.3    1.88258e+45    2.25519e+08     7.4641e+11
          217.4    1.90725e+45     2.2587e+08    7.45667e+11
          217.5    1.93224e+45    2.26222e+08    7.44925e+11
          217.6    1.95755e+45    2.26574e+08    7.44184e+11
          217.7    1.98318e+45    2.26926e+08    7.43444e+11
          217.8    2.00914e+45    2.27278e+08    7.42705e+11
          217.9    2.03543e+45    2.27631e+08    7.41967e+11
            218    2.06206e+45    2.27984e+08    7.41229e+11
          218.1    2.08902e+45    2.28337e+08    7.40493e+11
          218.2    2.11633e+45     2.2869e+08    7.39758e+11
          218.3    2.14399e+45    2.29044e+08    7.39024e+11
          218.4      2.172e+45    2.29398e+08     7.3829e+11
          218.5    2.20036e+45    2.29752e+08    7.37558e+11
          218.6    2.22909e+45    2.30107e+08    7.36826e+11
          218.7    2.25819e+45    2.30462e+08    7.36096e+11
          218.8    2.28765e+45    2.30817e+08    7.35366e+11
          218.9    2.31749e+45    2.31172e+08    7.34638e+11
            219    2.34771e+45    2.31528e+08     7.3391e+11
          219.1    2.37831e+45    2.31884e+08    7.33183e+11
          219.2    2.40931e+45     2.3224e+08    7.32458e+11
          219.3    2.44069e+45    2.32597e+08    7.31733e+11
          219.4    2.47248e+45    2.32953e+08    7.31009e+11
          219.5    2.50467e+45     2.3331e+08    7.30286e+11
          219.6    2.53726e+45    2.33668e+08    7.29564e+11
          219.7    2.57028e+45    2.34025e+08    7.28843e+11
          219.8    2.60371e+45    2.34383e+08    7.28123e+11
          219.9    2.63756e+45    2.34741e+08    7.27404e+11
            220    2.67184e+45      2.351e+08    7.26686e+11
          220.1    2.70656e+45    2.35458e+08    7.25969e+11
          220.2    2.74172e+45    2.35817e+08    7.25252e+11
          220.3    2.77733e+45    2.36177e+08    7.24537e+11
          220.4    2.81338e+45    2.36536e+08    7.23823e+11
          220.5    2.84989e+45    2.36896e+08    7.23109e+11
          220.6    2.88687e+45    2.37256e+08    7.22396e+11
          220.7    2.92431e+45    2.37616e+08    7.21685e+11
          220.8    2.96222e+45    2.37977e+08    7.20974e+11
          220.9    3.00062e+45    2.38338e+08    7.20264e+11
            221     3.0395e+45    2.38699e+08    7.19555e+11
          221.1    3.07887e+45     2.3906e+08    7.18847e+11
          221.2    3.11874e+45    2.39422e+08     7.1814e+11
          221.3    3.15911e+45    2.39784e+08    7.17434e+11
          221.4    3.19999e+45    2.40146e+08    7.16729e+11
          221.5    3.24139e+45    2.40508e+08    7.16024e+11
          221.6    3.28331e+45    2.40871e+08    7.15321e+11
          221.7    3.32576e+45    2.41234e+08    7.14619e+11
          221.8    3.36874e+45    2.41597e+08    7.13917e+11
          221.9    3.41227e+45    2.41961e+08    7.13216e+11
            222    3.45635e+45    2.42325e+08    7.12516e+11
          222.1    3.50098e+45    2.42689e+08    7.11818e+11
          222.2    3.54617e+45    2.43053e+08     7.1112e+11
          222.3    3.59193e+45    2.43418e+08    7.10423e+11
          222.4    3.63827e+45    2.43783e+08    7.09726e+11
          222.5    3.68519e+45    2.44148e+08    7.09031e+11
          222.6     3.7327e+45    2.44514e+08    7.08337e+11
          222.7    3.78081e+45    2.44879e+08    7.07643e+11
          222.8    3.82952e+45    2.45245e+08    7.06951e+11
          222.9    3.87885e+45    2.45612e+08    7.06259e+11
            223    3.92879e+45    2.45978e+08    7.05568e+11
          223.1    3.97936e+45    2.46345e+08    7.04878e+11
          223.2    4.03057e+45    2.46712e+08    7.04189e+11
          223.3    4.08242e+45     2.4708e+08    7.03501e+11
          223.4    4.13492e+45    2.47447e+08    7.02814e+11
          223.5    4.18808e+45    2.47815e+08    7.02128e+11
          223.6    4.24191e+45    2.48183e+08    7.01442e+11
          223.7    4.29641e+45    2.48552e+08    7.00758e+11
          223.8    4.35159e+45     2.4892e+08    7.00074e+11
          223.9    4.40746e+45    2.49289e+08    6.99391e+11
            224    4.46404e+45    2.49659e+08    6.98709e+11
          224.1    4.52132e+45    2.50028e+08    6.98028e+11
          224.2    4.57932e+45    2.50398e+08    6.97348e+11
          224.3    4.63805e+45    2.50768e+08    6.96668e+11
          224.4    4.69751e+45    2.51138e+08     6.9599e+11
          224.5    4.75771e+45    2.51509e+08    6.95312e+11
          224.6    4.81867e+45     2.5188e+08    6.94636e+11
          224.7    4.88038e+45    2.52251e+08     6.9396e+11
          224.8    4.94287e+45    2.52622e+08    6.93285e+11
          224.9    5.00614e+45    2.52994e+08    6.92611e+11
            225     5.0702e+45    2.53366e+08    6.91938e+11
          225.1    5.13506e+45    2.53738e+08    6.91265e+11
          225.2    5.20073e+45     2.5411e+08    6.90594e+11
          225.3    5.26722e+45    2.54483e+08    6.89923e+11
          225.4    5.33453e+45    2.54856e+08    6.89253e+11
          225.5    5.40269e+45    2.55229e+08    6.88584e+11
          225.6    5.47169e+45    2.55603e+08    6.87916e+11
          225.7    5.54156e+45    2.55977e+08    6.87249e+11
          225.8    5.61229e+45    2.56351e+08    6.86582e+11
          225.9    5.68391e+45    2.56725e+08    6.85917e+11
            226    5.75641e+45      2.571e+08    6.85252e+11
          226.1    5.82982e+45    2.57474e+08    6.84588e+11
          226.2    5.90414e+45     2.5785e+08    6.83925e+11
          226.3    5.97939e+45    2.58225e+08    6.83263e+11
          226.4    6.05557e+45    2.58601e+08    6.82602e+11
          226.5     6.1327e+45    2.58977e+08    6.81942e+11
          226.6    6.21079e+45    2.59353e+08    6.81282e+11
          226.7    6.28984e+45    2.59729e+08    6.80623e+11
          226.8    6.36988e+45    2.60106e+08    6.79965e+11
          226.9    6.45091e+45    2.60483e+08    6.79308e+11
            227    6.53295e+45     2.6086e+08    6.78652e+11
          227.1      6.616e+45    2.61238e+08    6.77996e+11
          227.2    6.70009e+45    2.61615e+08    6.77342e+11
          227.3    6.78521e+45    2.61993e+08    6.76688e+11
          227.4     6.8714e+45    2.62372e+08    6.76035e+11
          227.5    6.95864e+45     2.6275e+08    6.75383e+11
          227.6    7.04697e+45    2.63129e+08    6.74732e+11
          227.7     7.1364e+45    2.63508e+08    6.74081e+11
          227.8    7.22693e+45    2.63888e+08    6.73432e+11
          227.9    7.31858e+45    2.64267e+08    6.72783e+11
            228    7.41136e+45    2.64647e+08    6.72135e+11
          228.1     7.5053e+45    2.65027e+08    6.71488e+11
          228.2    7.60039e+45    2.65408e+08    6.70842e+11
          228.3    7.69666e+45    2.65788e+08    6.70196e+11
          228.4    7.79411e+45    2.66169e+08    6.69551e+11
          228.5    7.89277e+45     2.6655e+08    6.68908e+11
          228.6    7.99265e+45    2.66932e+08    6.68264e+11
          228.7    8.09377e+45    2.67314e+08    6.67622e+11
          228.8    8.19613e+45    2.67696e+08    6.66981e+11
          228.9    8.29975e+45    2.68078e+08     6.6634e+11
            229    8.40465e+45     2.6846e+08      6.657e+11
          229.1    8.51084e+45    2.68843e+08    6.65061e+11
          229.2    8.61835e+45    2.69226e+08    6.64423e+11
          229.3    8.72717e+45    2.69609e+08    6.63786e+11
          229.4    8.83734e+45    2.69993e+08    6.63149e+11
          229.5    8.94886e+45    2.70377e+08    6.62514e+11
          229.6    9.06176e+45    2.70761e+08    6.61879e+11
          229.7    9.17605e+45    2.71145e+08    6.61244e+11
          229.8    9.29174e+45     2.7153e+08    6.60611e+11
          229.9    9.40885e+45    2.71915e+08    6.59978e+11
            230    9.52741e+45      2.723e+08    6.59347e+11
          230.1    9.64742e+45    2.72685e+08    6.58716e+11
          230.2    9.76891e+45    2.73071e+08    6.58086e+11
          230.3    9.89189e+45    2.73457e+08    6.57456e+11
          230.4    1.00164e+46    2.73843e+08    6.56828e+11
          230.5    1.01424e+46    2.74229e+08      6.562e+11
          230.6      1.027e+46    2.74616e+08    6.55573e+11
          230.7    1.03991e+46    2.75003e+08    6.54947e+11
          230.8    1.05298e+46     2.7539e+08    6.54321e+11
          230.9    1.06621e+46    2.75778e+08    6.53697e+11
            231     1.0796e+46    2.76166e+08    6.53073e+11
          231.1    1.09316e+46    2.76554e+08     6.5245e+11
          231.2    1.10689e+46    2.76942e+08    6.51827e+11
          231.3    1.12078e+46     2.7733e+08    6.51206e+11
          231.4    1.13484e+46    2.77719e+08    6.50585e+11
          231.5    1.14907e+46    2.78108e+08    6.49965e+11
          231.6    1.16348e+46    2.78497e+08    6.49346e+11
          231.7    1.17807e+46    2.78887e+08    6.48728e+11
          231.8    1.19283e+46    2.79277e+08     6.4811e+11
          231.9    1.20777e+46    2.79667e+08    6.47493e+11
            232     1.2229e+46    2.80057e+08    6.46877e+11
          232.1    1.23821e+46    2.80448e+08    6.46262e+11
          232.2    1.25371e+46    2.80838e+08    6.45647e+11
          232.3    1.26939e+46     2.8123e+08    6.45034e+11
          232.4    1.28527e+46    2.81621e+08    6.44421e+11
          232.5    1.30134e+46    2.82013e+08    6.43808e+11
          232.6    1.31761e+46    2.82404e+08    6.43197e+11
          232.7    1.33408e+46    2.82797e+08    6.42586e+11
          232.8    1.35075e+46    2.83189e+08    6.41976e+11
          232.9    1.36762e+46    2.83582e+08    6.41367e+11
            233    1.38469e+46    2.83974e+08    6.40759e+11
          233.1    1.40197e+46    2.84368e+08    6.40151e+11
          233.2    1.41947e+46    2.84761e+08    6.39544e+11
          233.3    1.43718e+46    2.85155e+08    6.38938e+11
          233.4     1.4551e+46    2.85549e+08    6.38333e+11
          233.5    1.47324e+46    2.85943e+08    6.37728e+11
          233.6     1.4916e+46    2.86337e+08    6.37124e+11
          233.7    1.51018e+46    2.86732e+08    6.36521e+11
          233.8    1.52899e+46    2.87127e+08    6.35919e+11
          233.9    1.54803e+46    2.87522e+08    6.35317e+11
            234     1.5673e+46    2.87917e+08    6.34716e+11
          234.1    1.58681e+46    2.88313e+08    6.34116e+11
          234.2    1.60655e+46    2.88709e+08    6.33517e+11
          234.3    1.62653e+46    2.89105e+08    6.32918e+11
          234.4    1.64675e+46    2.89502e+08     6.3232e+11
          234.5    1.66722e+46    2.89899e+08    6.31723e+11
          234.6    1.68794e+46    2.90296e+08    6.31127e+11
          234.7     1.7089e+46    2.90693e+08    6.30531e+11
          234.8    1.73012e+46     2.9109e+08    6.29936e+11
          234.9     1.7516e+46    2.91488e+08    6.29342e+11
            235    1.77334e+46    2.91886e+08    6.28749e+11
          235.1    1.79534e+46    2.92284e+08    6.28156e+11
          235.2    1.81761e+46    2.92683e+08    6.27564e+11
          235.3    1.84015e+46    2.93082e+08    6.26973e+11
          235.4    1.86296e+46    2.93481e+08    6.26383e+11
          235.5    1.88604e+46     2.9388e+08    6.25793e+11
          235.6    1.90941e+46    2.94279e+08    6.25204e+11
          235.7    1.93306e+46    2.94679e+08    6.24615e+11
          235.8    1.95699e+46    2.95079e+08    6.24028e+11
          235.9    1.98121e+46    2.95479e+08    6.23441e+11
            236    2.00572e+46     2.9588e+08    6.22855e+11
          236.1    2.03053e+46    2.96281e+08     6.2227e+11
          236.2    2.05564e+46    2.96682e+08    6.21685e+11
          236.3    2.08106e+46    2.97083e+08    6.21101e+11
          236.4    2.10677e+46    2.97485e+08    6.20518e+11
          236.5     2.1328e+46    2.97886e+08    6.19935e+11
          236.6    2.15915e+46    2.98289e+08    6.19354e+11
          236.7    2.18581e+46    2.98691e+08    6.18773e+11
          236.8    2.21279e+46    2.99093e+08    6.18192e+11
          236.9    2.24009e+46    2.99496e+08    6.17613e+11
            237    2.26773e+46    2.99899e+08    6.17034e+11
          237.1    2.29569e+46    3.00303e+08    6.16456e+11
          237.2      2.324e+46    3.00706e+08    6.15878e+11
          237.3    2.35264e+46     3.0111e+08    6.15301e+11
          237.4    2.38163e+46    3.01514e+08    6.14725e+11
          237.5    2.41097e+46    3.01918e+08     6.1415e+11
          237.6    2.44066e+46    3.02323e+08    6.13575e+11
          237.7     2.4707e+46    3.02728e+08    6.13001e+11
          237.8    2.50111e+46    3.03133e+08    6.12428e+11
          237.9    2.53188e+46    3.03538e+08    6.11856e+11
            238    2.56302e+46    3.03944e+08    6.11284e+11
          238.1    2.59454e+46    3.04349e+08    6.10713e+11
          238.2    2.62643e+46    3.04755e+08    6.10142e+11
          238.3     2.6587e+46    3.05162e+08    6.09573e+11
          238.4    2.69136e+46    3.05568e+08    6.09004e+11
          238.5    2.72442e+46    3.05975e+08    6.08435e+11
          238.6    2.75787e+46    3.06382e+08    6.07868e+11
          238.7    2.79172e+46    3.06789e+08    6.07301e+11
          238.8    2.82597e+46    3.07197e+08    6.06735e+11
          238.9    2.86064e+46    3.07605e+08    6.06169e+11
            239    2.89572e+46    3.08013e+08    6.05604e+11
          239.1    2.93122e+46    3.08421e+08     6.0504e+11
          239.2    2.96714e+46     3.0883e+08    6.04477e+11
          239.3     3.0035e+46    3.09239e+08    6.03914e+11
          239.4    3.04028e+46    3.09648e+08    6.03352e+11
          239.5    3.07751e+46    3.10057e+08    6.02791e+11
          239.6    3.11518e+46    3.10466e+08     6.0223e+11
          239.7    3.15331e+46    3.10876e+08     6.0167e+11
          239.8    3.19188e+46    3.11286e+08    6.01111e+11
          239.9    3.23092e+46    3.11696e+08    6.00552e+11
            240    3.27042e+46    3.12107e+08    5.99994e+11
          240.1     3.3104e+46    3.12518e+08    5.99437e+11
          240.2    3.35085e+46    3.12929e+08     5.9888e+11
          240.3    3.39178e+46     3.1334e+08    5.98325e+11
          240.4     3.4332e+46    3.13752e+08    5.97769e+11
          240.5    3.47512e+46    3.14163e+08    5.97215e+11
          240.6    3.51753e+46    3.14575e+08    5.96661e+11
          240.7    3.56045e+46    3.14988e+08    5.96108e+11
          240.8    3.60388e+46      3.154e+08    5.95555e+11
          240.9    3.64783e+46    3.15813e+08    5.95003e+11
            241    3.69229e+46    3.16226e+08    5.94452e+11
          241.1    3.73729e+46    3.16639e+08    5.93902e+11
          241.2    3.78282e+46    3.17053e+08    5.93352e+11
          241.3     3.8289e+46    3.17466e+08    5.92803e+11
          241.4    3.87552e+46     3.1788e+08    5.92254e+11
          241.5    3.92269e+46    3.18294e+08    5.91707e+11
          241.6    3.97043e+46    3.18709e+08    5.91159e+11
          241.7    4.01873e+46    3.19124e+08    5.90613e+11
          241.8    4.06761e+46    3.19539e+08    5.90067e+11
          241.9    4.11706e+46    3.19954e+08    5.89522e+11
            242     4.1671e+46    3.20369e+08    5.88978e+11
          242.1    4.21774e+46    3.20785e+08    5.88434e+11
          242.2    4.26897e+46    3.21201e+08    5.87891e+11
          242.3    4.32081e+46    3.21617e+08    5.87348e+11
          242.4    4.37327e+46    3.22033e+08    5.86806e+11
          242.5    4.42635e+46     3.2245e+08    5.86265e+11
          242.6    4.48005e+46    3.22867e+08    5.85724e+11
          242.7     4.5344e+46    3.23284e+08    5.85185e+11
          242.8    4.58938e+46    3.23701e+08    5.84645e+11
          242.9    4.64501e+46    3.24119e+08    5.84107e+11
            243    4.70131e+46    3.24537e+08    5.83569e+11
          243.1    4.75827e+46    3.24955e+08    5.83032e+11
          243.2     4.8159e+46    3.25373e+08    5.82495e+11
          243.3    4.87421e+46    3.25792e+08    5.81959e+11
          243.4    4.93321e+46    3.26211e+08    5.81424e+11
          243.5    4.99291e+46     3.2663e+08    5.80889e+11
          243.6    5.05331e+46    3.27049e+08    5.80355e+11
          243.7    5.11443e+46    3.27469e+08    5.79822e+11
          243.8    5.17626e+46    3.27888e+08    5.79289e+11
          243.9    5.23883e+46    3.28308e+08    5.78757e+11
            244    5.30213e+46    3.28729e+08    5.78226e+11
          244.1    5.36618e+46    3.29149e+08    5.77695e+11
          244.2    5.43098e+46     3.2957e+08    5.77165e+11
          244.3    5.49655e+46    3.29991e+08    5.76635e+11
          244.4    5.56289e+46    3.30412e+08    5.76106e+11
          244.5    5.63001e+46    3.30834e+08    5.75578e+11
          244.6    5.69792e+46    3.31256e+08     5.7505e+11
          244.7    5.76663e+46    3.31677e+08    5.74523e+11
          244.8    5.83615e+46      3.321e+08    5.73997e+11
          244.9    5.90649e+46    3.32522e+08    5.73471e+11
            245    5.97765e+46    3.32945e+08    5.72946e+11
          245.1    6.04965e+46    3.33368e+08    5.72422e+11
          245.2    6.12249e+46    3.33791e+08    5.71898e+11
          245.3    6.19619e+46    3.34214e+08    5.71375e+11
          245.4    6.27076e+46    3.34638e+08    5.70853e+11
          245.5     6.3462e+46    3.35062e+08    5.70331e+11
          245.6    6.42253e+46    3.35486e+08    5.69809e+11
          245.7    6.49975e+46     3.3591e+08    5.69289e+11
          245.8    6.57788e+46    3.36335e+08    5.68769e+11
          245.9    6.65692e+46     3.3676e+08    5.68249e+11
            246    6.73689e+46    3.37185e+08    5.67731e+11
          246.1     6.8178e+46     3.3761e+08    5.67212e+11
          246.2    6.89966e+46    3.38036e+08    5.66695e+11
          246.3    6.98247e+46    3.38461e+08    5.66178e+11
          246.4    7.06626e+46    3.38887e+08    5.65662e+11
          246.5    7.15102e+46    3.39314e+08    5.65146e+11
          246.6    7.23678e+46     3.3974e+08    5.64631e+11
          246.7    7.32354e+46    3.40167e+08    5.64117e+11
          246.8    7.41131e+46    3.40594e+08    5.63603e+11
          246.9    7.50011e+46    3.41021e+08     5.6309e+11
            247    7.58995e+46    3.41448e+08    5.62577e+11
          247.1    7.68084e+46    3.41876e+08    5.62065e+11
          247.2    7.77279e+46    3.42304e+08    5.61554e+11
          247.3    7.86582e+46    3.42732e+08    5.61043e+11
          247.4    7.95993e+46    3.43161e+08    5.60533e+11
          247.5    8.05514e+46    3.43589e+08    5.60023e+11
          247.6    8.15146e+46    3.44018e+08    5.59514e+11
          247.7     8.2489e+46    3.44447e+08    5.59006e+11
          247.8    8.34748e+46    3.44876e+08    5.58498e+11
          247.9    8.44721e+46    3.45306e+08    5.57991e+11
            248     8.5481e+46    3.45736e+08    5.57485e+11
          248.1    8.65016e+46    3.46166e+08    5.56979e+11
          248.2    8.75342e+46    3.46596e+08    5.56474e+11
          248.3    8.85788e+46    3.47027e+08    5.55969e+11
          248.4    8.96355e+46    3.47457e+08    5.55465e+11
          248.5    9.07046e+46    3.47888e+08    5.54961e+11
          248.6     9.1786e+46    3.48319e+08    5.54459e+11
          248.7    9.28801e+46    3.48751e+08    5.53956e+11
          248.8    9.39869e+46    3.49182e+08    5.53455e+11
          248.9    9.51065e+46    3.49614e+08    5.52954e+11
            249    9.62391e+46    3.50047e+08    5.52453e+11
          249.1     9.7385e+46    3.50479e+08    5.51953e+11
          249.2    9.85441e+46    3.50911e+08    5.51454e+11
          249.3    9.97166e+46    3.51344e+08    5.50955e+11
          249.4    1.00903e+47    3.51777e+08    5.50457e+11
          249.5    1.02103e+47    3.52211e+08     5.4996e+11
          249.6    1.03317e+47    3.52644e+08    5.49463e+11
          249.7    1.04545e+47    3.53078e+08    5.48966e+11
          249.8    1.05787e+47    3.53512e+08    5.48471e+11
          249.9    1.07043e+47    3.53946e+08    5.47976e+11
            250    1.08315e+47    3.54381e+08    5.47481e+11
          250.1      1.096e+47    3.54815e+08    5.46987e+11
          250.2    1.10901e+47     3.5525e+08    5.46494e+11
          250.3    1.12217e+47    3.55685e+08    5.46001e+11
          250.4    1.13548e+47    3.56121e+08    5.45509e+11
          250.5    1.14895e+47    3.56556e+08    5.45017e+11
          250.6    1.16257e+47    3.56992e+08    5.44526e+11
          250.7    1.17634e+47    3.57428e+08    5.44036e+11
          250.8    1.19028e+47    3.57865e+08    5.43546e+11
          250.9    1.20438e+47    3.58301e+08    5.43056e+11
            251    1.21864e+47    3.58738e+08    5.42568e+11
          251.1    1.23307e+47    3.59175e+08    5.42079e+11
          251.2    1.24766e+47    3.59612e+08    5.41592e+11
          251.3    1.26242e+47    3.60049e+08    5.41105e+11
          251.4    1.27735e+47    3.60487e+08    5.40619e+11
          251.5    1.29245e+47    3.60925e+08    5.40133e+11
          251.6    1.30773e+47    3.61363e+08    5.39647e+11
          251.7    1.32319e+47    3.61802e+08    5.39163e+11
          251.8    1.33882e+47     3.6224e+08    5.38679e+11
          251.9    1.35463e+47    3.62679e+08    5.38195e+11
            252    1.37062e+47    3.63118e+08    5.37712e+11
          252.1     1.3868e+47    3.63557e+08     5.3723e+11
          252.2    1.40317e+47    3.63997e+08    5.36748e+11
          252.3    1.41972e+47    3.64437e+08    5.36267e+11
          252.4    1.43646e+47    3.64877e+08    5.35786e+11
          252.5     1.4534e+47    3.65317e+08    5.35306e+11
          252.6    1.47053e+47    3.65757e+08    5.34826e+11
          252.7    1.48786e+47    3.66198e+08    5.34347e+11
          252.8    1.50539e+47    3.66639e+08    5.33869e+11
          252.9    1.52312e+47     3.6708e+08    5.33391e+11
            253    1.54105e+47    3.67521e+08    5.32914e+11
          253.1    1.55919e+47    3.67963e+08    5.32437e+11
          253.2    1.57754e+47    3.68404e+08    5.31961e+11
          253.3    1.59609e+47    3.68846e+08    5.31485e+11
          253.4    1.61486e+47    3.69289e+08     5.3101e+11
          253.5    1.63385e+47    3.69731e+08    5.30535e+11
          253.6    1.65305e+47    3.70174e+08    5.30062e+11
          253.7    1.67248e+47    3.70617e+08    5.29588e+11
          253.8    1.69212e+47     3.7106e+08    5.29115e+11
          253.9    1.71199e+47    3.71503e+08    5.28643e+11
            254    1.73209e+47    3.71947e+08    5.28171e+11
          254.1    1.75242e+47    3.72391e+08      5.277e+11
          254.2    1.77298e+47    3.72835e+08    5.27229e+11
          254.3    1.79378e+47    3.73279e+08    5.26759e+11
          254.4    1.81482e+47    3.73723e+08     5.2629e+11
          254.5    1.83609e+47    3.74168e+08    5.25821e+11
          254.6    1.85761e+47    3.74613e+08    5.25352e+11
          254.7    1.87938e+47    3.75058e+08    5.24885e+11
          254.8    1.90139e+47    3.75504e+08    5.24417e+11
          254.9    1.92366e+47    3.75949e+08    5.23951e+11
            255    1.94618e+47    3.76395e+08    5.23484e+11
          255.1    1.96896e+47    3.76841e+08    5.23019e+11
          255.2    1.99199e+47    3.77287e+08    5.22553e+11
          255.3    2.01529e+47    3.77734e+08    5.22089e+11
          255.4    2.03886e+47    3.78181e+08    5.21625e+11
          255.5    2.06269e+47    3.78628e+08    5.21161e+11
          255.6     2.0868e+47    3.79075e+08    5.20698e+11
          255.7    2.11118e+47    3.79522e+08    5.20236e+11
          255.8    2.13584e+47     3.7997e+08    5.19774e+11
          255.9    2.16078e+47    3.80418e+08    5.19313e+11
            256    2.18601e+47    3.80866e+08    5.18852e+11
          256.1    2.21152e+47    3.81314e+08    5.18392e+11
          256.2    2.23732e+47    3.81762e+08    5.17932e+11
          256.3    2.26342e+47    3.82211e+08    5.17473e+11
          256.4    2.28981e+47     3.8266e+08    5.17014e+11
          256.5    2.31651e+47    3.83109e+08    5.16556e+11
          256.6     2.3435e+47    3.83559e+08    5.16098e+11
          256.7    2.37081e+47    3.84008e+08    5.15641e+11
          256.8    2.39842e+47    3.84458e+08    5.15185e+11
          256.9    2.42635e+47    3.84908e+08    5.14729e+11
            257    2.45459e+47    3.85358e+08    5.14273e+11
          257.1    2.48316e+47    3.85809e+08    5.13818e+11
          257.2    2.51205e+47     3.8626e+08    5.13364e+11
          257.3    2.54127e+47    3.86711e+08     5.1291e+11
          257.4    2.57082e+47    3.87162e+08    5.12457e+11
          257.5     2.6007e+47    3.87613e+08    5.12004e+11
          257.6    2.63093e+47    3.88065e+08    5.11552e+11
          257.7    2.66149e+47    3.88516e+08      5.111e+11
          257.8    2.69241e+47    3.88969e+08    5.10649e+11
          257.9    2.72367e+47    3.89421e+08    5.10198e+11
            258    2.75529e+47    3.89873e+08    5.09748e+11
          258.1    2.78726e+47    3.90326e+08    5.09298e+11
          258.2     2.8196e+47    3.90779e+08    5.08849e+11
          258.3     2.8523e+47    3.91232e+08      5.084e+11
          258.4    2.88538e+47    3.91685e+08    5.07952e+11
          258.5    2.91883e+47    3.92139e+08    5.07504e+11
          258.6    2.95265e+47    3.92593e+08    5.07057e+11
          258.7    2.98686e+47    3.93047e+08    5.06611e+11
          258.8    3.02146e+47    3.93501e+08    5.06165e+11
          258.9    3.05644e+47    3.93955e+08    5.05719e+11
            259    3.09182e+47     3.9441e+08    5.05274e+11
          259.1     3.1276e+47    3.94865e+08     5.0483e+11
          259.2    3.16379e+47     3.9532e+08    5.04386e+11
          259.3    3.20038e+47    3.95775e+08    5.03942e+11
          259.4    3.23739e+47    3.96231e+08    5.03499e+11
          259.5    3.27481e+47    3.96686e+08    5.03057e+11
          259.6    3.31266e+47    3.97142e+08    5.02615e+11
          259.7    3.35093e+47    3.97598e+08    5.02173e+11
          259.8    3.38963e+47    3.98055e+08    5.01733e+11
          259.9    3.42877e+47    3.98511e+08    5.01292e+11
            260    3.46835e+47    3.98968e+08    5.00852e+11
          260.1    3.50838e+47    3.99425e+08    5.00413e+11
          260.2    3.54885e+47    3.99883e+08    4.99974e+11
          260.3    3.58979e+47     4.0034e+08    4.99536e+11
          260.4    3.63118e+47    4.00798e+08    4.99098e+11
          260.5    3.67304e+47    4.01256e+08     4.9866e+11
          260.6    3.71537e+47    4.01714e+08    4.98224e+11
          260.7    3.75817e+47    4.02172e+08    4.97787e+11
          260.8    3.80146e+47     4.0263e+08    4.97351e+11
          260.9    3.84523e+47    4.03089e+08    4.96916e+11
            261     3.8895e+47    4.03548e+08    4.96481e+11
          261.1    3.93426e+47    4.04007e+08    4.96047e+11
          261.2    3.97952e+47    4.04467e+08    4.95613e+11
          261.3     4.0253e+47    4.04926e+08     4.9518e+11
          261.4    4.07158e+47    4.05386e+08    4.94747e+11
          261.5    4.11839e+47    4.05846e+08    4.94314e+11
          261.6    4.16572e+47    4.06306e+08    4.93882e+11
          261.7    4.21358e+47    4.06767e+08    4.93451e+11
          261.8    4.26197e+47    4.07228e+08     4.9302e+11
          261.9    4.31091e+47    4.07688e+08     4.9259e+11
            262     4.3604e+47    4.08149e+08     4.9216e+11
          262.1    4.41044e+47    4.08611e+08    4.91731e+11
          262.2    4.46104e+47    4.09072e+08    4.91302e+11
          262.3    4.51221e+47    4.09534e+08    4.90873e+11
          262.4    4.56395e+47    4.09996e+08    4.90445e+11
          262.5    4.61627e+47    4.10458e+08    4.90018e+11
          262.6    4.66918e+47     4.1092e+08    4.89591e+11
          262.7    4.72268e+47    4.11383e+08    4.89165e+11
          262.8    4.77677e+47    4.11846e+08    4.88739e+11
          262.9    4.83147e+47    4.12309e+08    4.88313e+11
            263    4.88678e+47    4.12772e+08    4.87888e+11
          263.1    4.94271e+47    4.13235e+08    4.87464e+11
          263.2    4.99926e+47    4.13699e+08     4.8704e+11
          263.3    5.05644e+47    4.14163e+08    4.86616e+11
          263.4    5.11426e+47    4.14627e+08    4.86193e+11
          263.5    5.17273e+47    4.15091e+08     4.8577e+11
          263.6    5.23185e+47    4.15556e+08    4.85348e+11
          263.7    5.29163e+47     4.1602e+08    4.84927e+11
          263.8    5.35207e+47    4.16485e+08    4.84506e+11
          263.9    5.41319e+47     4.1695e+08    4.84085e+11
            264    5.47499e+47    4.17416e+08    4.83665e+11
          264.1    5.53748e+47    4.17881e+08    4.83245e+11
          264.2    5.60066e+47    4.18347e+08    4.82826e+11
          264.3    5.66454e+47    4.18813e+08    4.82407e+11
          264.4    5.72914e+47    4.19279e+08    4.81989e+11
          264.5    5.79446e+47    4.19745e+08    4.81571e+11
          264.6     5.8605e+47    4.20212e+08    4.81154e+11
          264.7    5.92728e+47    4.20678e+08    4.80737e+11
          264.8    5.99479e+47    4.21145e+08    4.80321e+11
          264.9    6.06306e+47    4.21613e+08    4.79905e+11
            265    6.13209e+47     4.2208e+08     4.7949e+11
          265.1    6.20189e+47    4.22548e+08    4.79075e+11
          265.2    6.27245e+47    4.23015e+08     4.7866e+11
          265.3    6.34381e+47    4.23483e+08    4.78246e+11
          265.4    6.41595e+47    4.23952e+08    4.77833e+11
          265.5     6.4889e+47     4.2442e+08     4.7742e+11
          265.6    6.56265e+47    4.24889e+08    4.77007e+11
          265.7    6.63722e+47    4.25357e+08    4.76595e+11
          265.8    6.71262e+47    4.25826e+08    4.76183e+11
          265.9    6.78886e+47    4.26296e+08    4.75772e+11
            266    6.86593e+47    4.26765e+08    4.75362e+11
          266.1    6.94387e+47    4.27235e+08    4.74951e+11
          266.2    7.02266e+47    4.27705e+08    4.74542e+11
          266.3    7.10233e+47    4.28175e+08    4.74132e+11
          266.4    7.18288e+47    4.28645e+08    4.73723e+11
          266.5    7.26432e+47    4.29115e+08    4.73315e+11
          266.6    7.34666e+47    4.29586e+08    4.72907e+11
          266.7    7.42992e+47    4.30057e+08      4.725e+11
          266.8    7.51409e+47    4.30528e+08    4.72093e+11
          266.9    7.59919e+47    4.30999e+08    4.71686e+11
            267    7.68523e+47    4.31471e+08     4.7128e+11
          267.1    7.77223e+47    4.31942e+08    4.70875e+11
          267.2    7.86018e+47    4.32414e+08    4.70469e+11
          267.3    7.94911e+47    4.32886e+08    4.70065e+11
          267.4    8.03902e+47    4.33359e+08     4.6966e+11
          267.5    8.12991e+47    4.33831e+08    4.69257e+11
          267.6    8.22182e+47    4.34304e+08    4.68853e+11
          267.7    8.31473e+47    4.34777e+08    4.68451e+11
          267.8    8.40867e+47     4.3525e+08    4.68048e+11
          267.9    8.50365e+47    4.35723e+08    4.67646e+11
            268    8.59967e+47    4.36197e+08    4.67245e+11
          268.1    8.69675e+47    4.36671e+08    4.66844e+11
          268.2     8.7949e+47    4.37144e+08    4.66443e+11
          268.3    8.89413e+47    4.37619e+08    4.66043e+11
          268.4    8.99445e+47    4.38093e+08    4.65643e+11
          268.5    9.09587e+47    4.38567e+08    4.65244e+11
          268.6    9.19842e+47    4.39042e+08    4.64845e+11
          268.7    9.30208e+47    4.39517e+08    4.64447e+11
          268.8    9.40689e+47    4.39992e+08    4.64049e+11
          268.9    9.51286e+47    4.40468e+08    4.63651e+11
            269    9.61998e+47    4.40943e+08    4.63254e+11
          269.1    9.72828e+47    4.41419e+08    4.62858e+11
          269.2    9.83778e+47    4.41895e+08    4.62462e+11
          269.3    9.94847e+47    4.42371e+08    4.62066e+11
          269.4    1.00604e+48    4.42847e+08    4.61671e+11
          269.5    1.01735e+48    4.43324e+08    4.61276e+11
          269.6    1.02879e+48      4.438e+08    4.60882e+11
          269.7    1.04035e+48    4.44277e+08    4.60488e+11
          269.8    1.05204e+48    4.44755e+08    4.60094e+11
          269.9    1.06386e+48    4.45232e+08    4.59701e+11
            270    1.07581e+48    4.45709e+08    4.59309e+11
          270.1    1.08789e+48    4.46187e+08    4.58917e+11
          270.2     1.1001e+48    4.46665e+08    4.58525e+11
          270.3    1.11244e+48    4.47143e+08    4.58134e+11
          270.4    1.12492e+48    4.47621e+08    4.57743e+11
          270.5    1.13754e+48      4.481e+08    4.57353e+11
          270.6     1.1503e+48    4.48579e+08    4.56963e+11
          270.7    1.16319e+48    4.49058e+08    4.56573e+11
          270.8    1.17622e+48    4.49537e+08    4.56184e+11
          270.9     1.1894e+48    4.50016e+08    4.55796e+11
            271    1.20272e+48    4.50496e+08    4.55407e+11
          271.1    1.21619e+48    4.50975e+08     4.5502e+11
          271.2    1.22981e+48    4.51455e+08    4.54632e+11
          271.3    1.24357e+48    4.51935e+08    4.54245e+11
          271.4    1.25748e+48    4.52416e+08    4.53859e+11
          271.5    1.27155e+48    4.52896e+08    4.53473e+11
          271.6    1.28577e+48    4.53377e+08    4.53087e+11
          271.7    1.30014e+48    4.53858e+08    4.52702e+11
          271.8    1.31467e+48    4.54339e+08    4.52318e+11
          271.9    1.32936e+48     4.5482e+08    4.51933e+11
            272    1.34421e+48    4.55301e+08    4.51549e+11
          272.1    1.35922e+48    4.55783e+08    4.51166e+11
          272.2    1.37439e+48    4.56265e+08    4.50783e+11
          272.3    1.38973e+48    4.56747e+08      4.504e+11
          272.4    1.40524e+48    4.57229e+08    4.50018e+11
          272.5    1.42091e+48    4.57712e+08    4.49636e+11
          272.6    1.43676e+48    4.58194e+08    4.49255e+11
          272.7    1.45278e+48    4.58677e+08    4.48874e+11
          272.8    1.46897e+48     4.5916e+08    4.48494e+11
          272.9    1.48534e+48    4.59644e+08    4.48114e+11
            273    1.50189e+48    4.60127e+08    4.47734e+11
          273.1    1.51861e+48    4.60611e+08    4.47355e+11
          273.2    1.53552e+48    4.61094e+08    4.46976e+11
          273.3    1.55262e+48    4.61578e+08    4.46598e+11
          273.4    1.56989e+48    4.62063e+08     4.4622e+11
          273.5    1.58736e+48    4.62547e+08    4.45842e+11
          273.6    1.60501e+48    4.63031e+08    4.45465e+11
          273.7    1.62286e+48    4.63516e+08    4.45089e+11
          273.8     1.6409e+48    4.64001e+08    4.44712e+11
          273.9    1.65914e+48    4.64486e+08    4.44337e+11
            274    1.67757e+48    4.64972e+08    4.43961e+11
          274.1     1.6962e+48    4.65457e+08    4.43586e+11
          274.2    1.71504e+48    4.65943e+08    4.43212e+11
          274.3    1.73408e+48    4.66429e+08    4.42837e+11
          274.4    1.75332e+48    4.66915e+08    4.42464e+11
          274.5    1.77278e+48    4.67401e+08     4.4209e+11
          274.6    1.79244e+48    4.67888e+08    4.41717e+11
          274.7    1.81232e+48    4.68375e+08    4.41345e+11
          274.8    1.83241e+48    4.68861e+08    4.40973e+11
          274.9    1.85272e+48    4.69348e+08    4.40601e+11
            275    1.87325e+48    4.69836e+08     4.4023e+11
          275.1      1.894e+48    4.70323e+08    4.39859e+11
          275.2    1.91497e+48    4.70811e+08    4.39489e+11
          275.3    1.93618e+48    4.71299e+08    4.39119e+11
          275.4    1.95761e+48    4.71787e+08    4.38749e+11
          275.5    1.97927e+48    4.72275e+08     4.3838e+11
          275.6    2.00117e+48    4.72763e+08    4.38011e+11
          275.7     2.0233e+48    4.73252e+08    4.37642e+11
          275.8    2.04567e+48    4.73741e+08    4.37274e+11
          275.9    2.06828e+48     4.7423e+08    4.36907e+11
            276    2.09114e+48    4.74719e+08     4.3654e+11
          276.1    2.11424e+48    4.75208e+08    4.36173e+11
          276.2     2.1376e+48    4.75698e+08    4.35807e+11
          276.3     2.1612e+48    4.76187e+08    4.35441e+11
          276.4    2.18506e+48    4.76677e+08    4.35075e+11
          276.5    2.20917e+48    4.77167e+08     4.3471e+11
          276.6    2.23355e+48    4.77658e+08    4.34345e+11
          276.7    2.25818e+48    4.78148e+08    4.33981e+11
          276.8    2.28309e+48    4.78639e+08    4.33617e+11
          276.9    2.30826e+48     4.7913e+08    4.33253e+11
            277     2.3337e+48    4.79621e+08     4.3289e+11
          277.1    2.35941e+48    4.80112e+08    4.32527e+11
          277.2     2.3854e+48    4.80603e+08    4.32165e+11
          277.3    2.41167e+48    4.81095e+08    4.31803e+11
          277.4    2.43823e+48    4.81587e+08    4.31441e+11
          277.5    2.46506e+48    4.82079e+08     4.3108e+11
          277.6    2.49219e+48    4.82571e+08    4.30719e+11
          277.7    2.51961e+48    4.83063e+08    4.30359e+11
          277.8    2.54732e+48    4.83556e+08    4.29999e+11
          277.9    2.57533e+48    4.84048e+08     4.2964e+11
            278    2.60364e+48    4.84541e+08     4.2928e+11
          278.1    2.63225e+48    4.85034e+08    4.28922e+11
          278.2    2.66117e+48    4.85528e+08    4.28563e+11
          278.3     2.6904e+48    4.86021e+08    4.28205e+11
          278.4    2.71994e+48    4.86515e+08    4.27848e+11
          278.5     2.7498e+48    4.87009e+08     4.2749e+11
          278.6    2.77998e+48    4.87503e+08    4.27133e+11
          278.7    2.81048e+48    4.87997e+08    4.26777e+11
          278.8    2.84131e+48    4.88491e+08    4.26421e+11
          278.9    2.87247e+48    4.88986e+08    4.26065e+11
            279    2.90396e+48     4.8948e+08     4.2571e+11
          279.1    2.93579e+48    4.89975e+08    4.25355e+11
          279.2    2.96796e+48     4.9047e+08    4.25001e+11
          279.3    3.00047e+48    4.90966e+08    4.24647e+11
          279.4    3.03333e+48    4.91461e+08    4.24293e+11
          279.5    3.06655e+48    4.91957e+08     4.2394e+11
          279.6    3.10011e+48    4.92453e+08    4.23587e+11
          279.7    3.13404e+48    4.92949e+08    4.23234e+11
          279.8    3.16832e+48    4.93445e+08    4.22882e+11
          279.9    3.20298e+48    4.93941e+08     4.2253e+11
            280      3.238e+48    4.94438e+08    4.22179e+11
          280.1     3.2734e+48    4.94935e+08    4.21828e+11
          280.2    3.30917e+48    4.95432e+08    4.21477e+11
          280.3    3.34533e+48    4.95929e+08    4.21127e+11
          280.4    3.38187e+48    4.96426e+08    4.20777e+11
          280.5     3.4188e+48    4.96924e+08    4.20427e+11
          280.6    3.45612e+48    4.97421e+08    4.20078e+11
          280.7    3.49385e+48    4.97919e+08     4.1973e+11
          280.8    3.53197e+48    4.98417e+08    4.19381e+11
          280.9     3.5705e+48    4.98915e+08    4.19033e+11
            281    3.60944e+48    4.99414e+08    4.18686e+11
          281.1    3.64879e+48    4.99912e+08    4.18339e+11
          281.2    3.68856e+48    5.00411e+08    4.17992e+11
          281.3    3.72876e+48     5.0091e+08    4.17645e+11
          281.4    3.76938e+48    5.01409e+08    4.17299e+11
          281.5    3.81043e+48    5.01908e+08    4.16953e+11
          281.6    3.85192e+48    5.02408e+08    4.16608e+11
          281.7    3.89386e+48    5.02907e+08    4.16263e+11
          281.8    3.93623e+48    5.03407e+08    4.15919e+11
          281.9    3.97906e+48    5.03907e+08    4.15574e+11
            282    4.02234e+48    5.04407e+08    4.15231e+11
          282.1    4.06608e+48    5.04908e+08    4.14887e+11
          282.2    4.11029e+48    5.05408e+08    4.14544e+11
          282.3    4.15496e+48    5.05909e+08    4.14201e+11
          282.4    4.20011e+48     5.0641e+08    4.13859e+11
          282.5    4.24573e+48    5.06911e+08    4.13517e+11
          282.6    4.29184e+48    5.07412e+08    4.13176e+11
          282.7    4.33844e+48    5.07914e+08    4.12834e+11
          282.8    4.38553e+48    5.08415e+08    4.12493e+11
          282.9    4.43312e+48    5.08917e+08    4.12153e+11
            283    4.48121e+48    5.09419e+08    4.11813e+11
          283.1    4.52982e+48    5.09921e+08    4.11473e+11
          283.2    4.57894e+48    5.10423e+08    4.11134e+11
          283.3    4.62857e+48    5.10926e+08    4.10795e+11
          283.4    4.67873e+48    5.11428e+08    4.10456e+11
          283.5    4.72943e+48    5.11931e+08    4.10118e+11
          283.6    4.78066e+48    5.12434e+08     4.0978e+11
          283.7    4.83243e+48    5.12937e+08    4.09442e+11
          283.8    4.88474e+48    5.13441e+08    4.09105e+11
          283.9    4.93761e+48    5.13944e+08    4.08768e+11
            284    4.99104e+48    5.14448e+08    4.08432e+11
          284.1    5.04503e+48    5.14952e+08    4.08096e+11
          284.2    5.09959e+48    5.15456e+08     4.0776e+11
          284.3    5.15473e+48     5.1596e+08    4.07425e+11
          284.4    5.21045e+48    5.16465e+08     4.0709e+11
          284.5    5.26675e+48    5.16969e+08    4.06755e+11
          284.6    5.32365e+48    5.17474e+08    4.06421e+11
          284.7    5.38115e+48    5.17979e+08    4.06087e+11
          284.8    5.43926e+48    5.18484e+08    4.05753e+11
          284.9    5.49798e+48    5.18989e+08     4.0542e+11
            285    5.55731e+48    5.19495e+08    4.05087e+11
          285.1    5.61728e+48        5.2e+08    4.04755e+11
          285.2    5.67787e+48    5.20506e+08    4.04423e+11
          285.3     5.7391e+48    5.21012e+08    4.04091e+11
          285.4    5.80097e+48    5.21518e+08     4.0376e+11
          285.5     5.8635e+48    5.22025e+08    4.03429e+11
          285.6    5.92668e+48    5.22531e+08    4.03098e+11
          285.7    5.99053e+48    5.23038e+08    4.02768e+11
          285.8    6.05505e+48    5.23545e+08    4.02438e+11
          285.9    6.12024e+48    5.24052e+08    4.02108e+11
            286    6.18612e+48    5.24559e+08    4.01779e+11
          286.1     6.2527e+48    5.25066e+08     4.0145e+11
          286.2    6.31997e+48    5.25574e+08    4.01121e+11
          286.3    6.38795e+48    5.26081e+08    4.00793e+11
          286.4    6.45664e+48    5.26589e+08    4.00465e+11
          286.5    6.52605e+48    5.27097e+08    4.00138e+11
          286.6    6.59619e+48    5.27606e+08    3.99811e+11
          286.7    6.66706e+48    5.28114e+08    3.99484e+11
          286.8    6.73868e+48    5.28622e+08    3.99157e+11
          286.9    6.81105e+48    5.29131e+08    3.98831e+11
            287    6.88418e+48     5.2964e+08    3.98505e+11
          287.1    6.95807e+48    5.30149e+08     3.9818e+11
          287.2    7.03274e+48    5.30658e+08    3.97855e+11
          287.3    7.10819e+48    5.31168e+08     3.9753e+11
          287.4    7.18443e+48    5.31677e+08    3.97206e+11
          287.5    7.26147e+48    5.32187e+08    3.96882e+11
          287.6    7.33931e+48    5.32697e+08    3.96558e+11
          287.7    7.41797e+48    5.33207e+08    3.96235e+11
          287.8    7.49745e+48    5.33717e+08    3.95912e+11
          287.9    7.57776e+48    5.34228e+08    3.95589e+11
            288    7.65891e+48    5.34738e+08    3.95267e+11
          288.1     7.7409e+48    5.35249e+08    3.94945e+11
          288.2    7.82376e+48     5.3576e+08    3.94624e+11
          288.3    7.90748e+48    5.36271e+08    3.94302e+11
          288.4    7.99207e+48    5.36782e+08    3.93981e+11
          288.5    8.07755e+48    5.37294e+08    3.93661e+11
          288.6    8.16391e+48    5.37805e+08    3.93341e+11
          288.7    8.25118e+48    5.38317e+08    3.93021e+11
          288.8    8.33936e+48    5.38829e+08    3.92701e+11
          288.9    8.42846e+48    5.39341e+08    3.92382e+11
            289    8.51849e+48    5.39853e+08    3.92063e+11
          289.1    8.60945e+48    5.40366e+08    3.91745e+11
          289.2    8.70137e+48    5.40878e+08    3.91427e+11
          289.3    8.79424e+48    5.41391e+08    3.91109e+11
          289.4    8.88808e+48    5.41904e+08    3.90791e+11
          289.5    8.98289e+48    5.42417e+08    3.90474e+11
          289.6    9.07869e+48     5.4293e+08    3.90157e+11
          289.7    9.17549e+48    5.43444e+08    3.89841e+11
          289.8     9.2733e+48    5.43957e+08    3.89525e+11
          289.9    9.37212e+48    5.44471e+08    3.89209e+11
            290    9.47197e+48    5.44985e+08    3.88893e+11
          290.1    9.57286e+48    5.45499e+08    3.88578e+11
          290.2     9.6748e+48    5.46013e+08    3.88263e+11
          290.3    9.77779e+48    5.46528e+08    3.87949e+11
          290.4    9.88186e+48    5.47042e+08    3.87635e+11
          290.5    9.98701e+48    5.47557e+08    3.87321e+11
          290.6    1.00932e+49    5.48072e+08    3.87008e+11
          290.7    1.02006e+49    5.48587e+08    3.86694e+11
          290.8     1.0309e+49    5.49102e+08    3.86382e+11
          290.9    1.04186e+49    5.49618e+08    3.86069e+11
            291    1.05293e+49    5.50133e+08    3.85757e+11
          291.1    1.06412e+49    5.50649e+08    3.85445e+11
          291.2    1.07542e+49    5.51165e+08    3.85134e+11
          291.3    1.08684e+49    5.51681e+08    3.84823e+11
          291.4    1.09838e+49    5.52197e+08    3.84512e+11
          291.5    1.11004e+49    5.52714e+08    3.84201e+11
          291.6    1.12181e+49     5.5323e+08    3.83891e+11
          291.7    1.13371e+49    5.53747e+08    3.83581e+11
          291.8    1.14574e+49    5.54264e+08    3.83272e+11
          291.9    1.15789e+49    5.54781e+08    3.82963e+11
            292    1.17016e+49    5.55298e+08    3.82654e+11
          292.1    1.18256e+49    5.55815e+08    3.82345e+11
          292.2    1.19509e+49    5.56333e+08    3.82037e+11
          292.3    1.20774e+49     5.5685e+08    3.81729e+11
          292.4    1.22053e+49    5.57368e+08    3.81422e+11
          292.5    1.23345e+49    5.57886e+08    3.81115e+11
          292.6    1.24651e+49    5.58404e+08    3.80808e+11
          292.7     1.2597e+49    5.58923e+08    3.80501e+11
          292.8    1.27302e+49    5.59441e+08    3.80195e+11
          292.9    1.28649e+49     5.5996e+08    3.79889e+11
            293    1.30009e+49    5.60479e+08    3.79583e+11
          293.1    1.31383e+49    5.60998e+08    3.79278e+11
          293.2    1.32771e+49    5.61517e+08    3.78973e+11
          293.3    1.34174e+49    5.62036e+08    3.78668e+11
          293.4    1.35591e+49    5.62555e+08    3.78364e+11
          293.5    1.37023e+49    5.63075e+08     3.7806e+11
          293.6    1.38469e+49    5.63595e+08    3.77757e+11
          293.7    1.39931e+49    5.64115e+08    3.77453e+11
          293.8    1.41407e+49    5.64635e+08     3.7715e+11
          293.9    1.42899e+49    5.65155e+08    3.76847e+11
            294    1.44406e+49    5.65675e+08    3.76545e+11
          294.1    1.45928e+49    5.66196e+08    3.76243e+11
          294.2    1.47466e+49    5.66717e+08    3.75941e+11
          294.3     1.4902e+49    5.67237e+08     3.7564e+11
          294.4     1.5059e+49    5.67758e+08    3.75339e+11
          294.5    1.52176e+49     5.6828e+08    3.75038e+11
          294.6    1.53779e+49    5.68801e+08    3.74737e+11
          294.7    1.55398e+49    5.69322e+08    3.74437e+11
          294.8    1.57033e+49    5.69844e+08    3.74137e+11
          294.9    1.58685e+49    5.70366e+08    3.73838e+11
            295    1.60355e+49    5.70888e+08    3.73539e+11
          295.1    1.62041e+49     5.7141e+08     3.7324e+11
          295.2    1.63745e+49    5.71932e+08    3.72941e+11
          295.3    1.65466e+49    5.72455e+08    3.72643e+11
          295.4    1.67205e+49    5.72977e+08    3.72345e+11
          295.5    1.68961e+49      5.735e+08    3.72047e+11
          295.6    1.70736e+49    5.74023e+08     3.7175e+11
          295.7    1.72529e+49    5.74546e+08    3.71453e+11
          295.8     1.7434e+49    5.75069e+08    3.71156e+11
          295.9     1.7617e+49    5.75593e+08     3.7086e+11
            296    1.78018e+49    5.76116e+08    3.70564e+11
          296.1    1.79886e+49     5.7664e+08    3.70268e+11
          296.2    1.81772e+49    5.77164e+08    3.69972e+11
          296.3    1.83678e+49    5.77688e+08    3.69677e+11
          296.4    1.85603e+49    5.78212e+08    3.69382e+11
          296.5    1.87548e+49    5.78736e+08    3.69088e+11
          296.6    1.89513e+49     5.7926e+08    3.68794e+11
          296.7    1.91498e+49    5.79785e+08      3.685e+11
          296.8    1.93503e+49     5.8031e+08    3.68206e+11
          296.9    1.95529e+49    5.80835e+08    3.67913e+11
            297    1.97576e+49     5.8136e+08     3.6762e+11
          297.1    1.99643e+49    5.81885e+08    3.67327e+11
          297.2    2.01731e+49     5.8241e+08    3.67035e+11
          297.3    2.03841e+49    5.82936e+08    3.66743e+11
          297.4    2.05972e+49    5.83461e+08    3.66451e+11
          297.5    2.08125e+49    5.83987e+08    3.66159e+11
          297.6      2.103e+49    5.84513e+08    3.65868e+11
          297.7    2.12498e+49    5.85039e+08    3.65577e+11
          297.8    2.14717e+49    5.85566e+08    3.65287e+11
          297.9    2.16959e+49    5.86092e+08    3.64996e+11
            298    2.19224e+49    5.86619e+08    3.64706e+11
          298.1    2.21513e+49    5.87145e+08    3.64417e+11
          298.2    2.23824e+49    5.87672e+08    3.64127e+11
          298.3    2.26159e+49    5.88199e+08    3.63838e+11
          298.4    2.28518e+49    5.88727e+08     3.6355e+11
          298.5      2.309e+49    5.89254e+08    3.63261e+11
          298.6    2.33307e+49    5.89781e+08    3.62973e+11
          298.7    2.35739e+49    5.90309e+08    3.62685e+11
          298.8    2.38195e+49    5.90837e+08    3.62398e+11
          298.9    2.40676e+49    5.91365e+08     3.6211e+11
            299    2.43182e+49    5.91893e+08    3.61823e+11
          299.1    2.45714e+49    5.92421e+08    3.61537e+11
          299.2    2.48272e+49    5.92949e+08     3.6125e+11
          299.3    2.50855e+49    5.93478e+08    3.60964e+11
          299.4    2.53465e+49    5.94007e+08    3.60678e+11
          299.5    2.56101e+49    5.94536e+08    3.60393e+11
          299.6    2.58764e+49    5.95064e+08    3.60108e+11
          299.7    2.61454e+49    5.95594e+08    3.59823e+11
          299.8    2.64171e+49    5.96123e+08    3.59538e+11
          299.9    2.66916e+49    5.96652e+08    3.59254e+11
            300    2.69689e+49    5.97182e+08     3.5897e+11
          300.1     2.7249e+49    5.97712e+08    3.58686e+11
          300.2    2.75319e+49    5.98242e+08    3.58403e+11
          300.3    2.78177e+49    5.98772e+08     3.5812e+11
          300.4    2.81063e+49    5.99302e+08    3.57837e+11
          300.5    2.83979e+49    5.99832e+08    3.57554e+11
          300.6    2.86925e+49    6.00363e+08    3.57272e+11
          300.7      2.899e+49    6.00893e+08     3.5699e+11
          300.8    2.92906e+49    6.01424e+08    3.56709e+11
          300.9    2.95942e+49    6.01955e+08    3.56427e+11
            301    2.99008e+49    6.02486e+08    3.56146e+11
          301.1    3.02106e+49    6.03017e+08    3.55865e+11
          301.2    3.05234e+49    6.03548e+08    3.55585e+11
          301.3    3.08395e+49     6.0408e+08    3.55305e+11
          301.4    3.11587e+49    6.04612e+08    3.55025e+11
          301.5    3.14812e+49    6.05143e+08    3.54745e+11
          301.6    3.18069e+49    6.05675e+08    3.54466e+11
          301.7    3.21359e+49    6.06207e+08    3.54187e+11
          301.8    3.24682e+49     6.0674e+08    3.53908e+11
          301.9    3.28039e+49    6.07272e+08     3.5363e+11
            302     3.3143e+49    6.07804e+08    3.53351e+11
          302.1    3.34855e+49    6.08337e+08    3.53074e+11
          302.2    3.38314e+49     6.0887e+08    3.52796e+11
          302.3    3.41808e+49    6.09403e+08    3.52519e+11
          302.4    3.45338e+49    6.09936e+08    3.52242e+11
          302.5    3.48903e+49    6.10469e+08    3.51965e+11
          302.6    3.52504e+49    6.11003e+08    3.51688e+11
          302.7    3.56141e+49    6.11536e+08    3.51412e+11
          302.8    3.59815e+49     6.1207e+08    3.51136e+11
          302.9    3.63526e+49    6.12604e+08    3.50861e+11
            303    3.67274e+49    6.13137e+08    3.50585e+11
          303.1     3.7106e+49    6.13672e+08     3.5031e+11
          303.2    3.74884e+49    6.14206e+08    3.50036e+11
          303.3    3.78746e+49     6.1474e+08    3.49761e+11
          303.4    3.82647e+49    6.15275e+08    3.49487e+11
          303.5    3.86588e+49    6.15809e+08    3.49213e+11
          303.6    3.90568e+49    6.16344e+08    3.48939e+11
          303.7    3.94587e+49    6.16879e+08    3.48666e+11
          303.8    3.98648e+49    6.17414e+08    3.48393e+11
          303.9    4.02749e+49    6.17949e+08     3.4812e+11
            304    4.06891e+49    6.18485e+08    3.47848e+11
          304.1    4.11075e+49     6.1902e+08    3.47576e+11
          304.2    4.15301e+49    6.19556e+08    3.47304e+11
          304.3    4.19569e+49    6.20092e+08    3.47032e+11
          304.4     4.2388e+49    6.20628e+08    3.46761e+11
          304.5    4.28234e+49    6.21164e+08    3.46489e+11
          304.6    4.32632e+49      6.217e+08    3.46219e+11
          304.7    4.37074e+49    6.22236e+08    3.45948e+11
          304.8    4.41561e+49    6.22773e+08    3.45678e+11
          304.9    4.46092e+49     6.2331e+08    3.45408e+11
            305    4.50669e+49    6.23846e+08    3.45138e+11
          305.1    4.55292e+49    6.24383e+08    3.44869e+11
          305.2     4.5996e+49     6.2492e+08    3.44599e+11
          305.3    4.64676e+49    6.25458e+08    3.44331e+11
          305.4    4.69439e+49    6.25995e+08    3.44062e+11
          305.5    4.74249e+49    6.26532e+08    3.43794e+11
          305.6    4.79108e+49     6.2707e+08    3.43525e+11
          305.7    4.84015e+49    6.27608e+08    3.43258e+11
          305.8    4.88971e+49    6.28146e+08     3.4299e+11
          305.9    4.93976e+49    6.28684e+08    3.42723e+11
            306    4.99032e+49    6.29222e+08    3.42456e+11
          306.1    5.04138e+49     6.2976e+08    3.42189e+11
          306.2    5.09295e+49    6.30299e+08    3.41923e+11
          306.3    5.14503e+49    6.30837e+08    3.41657e+11
          306.4    5.19764e+49    6.31376e+08    3.41391e+11
          306.5    5.25077e+49    6.31915e+08    3.41125e+11
          306.6    5.30443e+49    6.32454e+08     3.4086e+11
          306.7    5.35862e+49    6.32993e+08    3.40595e+11
          306.8    5.41336e+49    6.33532e+08     3.4033e+11
          306.9    5.46864e+49    6.34072e+08    3.40065e+11
            307    5.52447e+49    6.34611e+08    3.39801e+11
          307.1    5.58086e+49    6.35151e+08    3.39537e+11
          307.2    5.63781e+49    6.35691e+08    3.39273e+11
          307.3    5.69532e+49    6.36231e+08     3.3901e+11
          307.4    5.75341e+49    6.36771e+08    3.38747e+11
          307.5    5.81208e+49    6.37311e+08    3.38484e+11
          307.6    5.87133e+49    6.37851e+08    3.38221e+11
          307.7    5.93117e+49    6.38392e+08    3.37959e+11
          307.8     5.9916e+49    6.38933e+08    3.37697e+11
          307.9    6.05264e+49    6.39473e+08    3.37435e+11
            308    6.11428e+49    6.40014e+08    3.37173e+11
          308.1    6.17654e+49    6.40555e+08    3.36912e+11
          308.2    6.23941e+49    6.41096e+08    3.36651e+11
          308.3    6.30291e+49    6.41638e+08     3.3639e+11
          308.4    6.36703e+49    6.42179e+08     3.3613e+11
          308.5     6.4318e+49    6.42721e+08    3.35869e+11
          308.6    6.49721e+49    6.43262e+08    3.35609e+11
          308.7    6.56326e+49    6.43804e+08     3.3535e+11
          308.8    6.62998e+49    6.44346e+08     3.3509e+11
          308.9    6.69735e+49    6.44888e+08    3.34831e+11
            309    6.76539e+49    6.45431e+08    3.34572e+11
          309.1    6.83411e+49    6.45973e+08    3.34313e+11
          309.2    6.90351e+49    6.46516e+08    3.34055e+11
          309.3    6.97359e+49    6.47058e+08    3.33797e+11
          309.4    7.04437e+49    6.47601e+08    3.33539e+11
          309.5    7.11585e+49    6.48144e+08    3.33281e+11
          309.6    7.18804e+49    6.48687e+08    3.33024e+11
          309.7    7.26094e+49     6.4923e+08    3.32767e+11
          309.8    7.33457e+49    6.49773e+08     3.3251e+11
          309.9    7.40892e+49    6.50317e+08    3.32253e+11
            310    7.48401e+49    6.50861e+08    3.31997e+11
          310.1    7.55984e+49    6.51404e+08    3.31741e+11
          310.2    7.63642e+49    6.51948e+08    3.31485e+11
          310.3    7.71375e+49    6.52492e+08     3.3123e+11
          310.4    7.79185e+49    6.53036e+08    3.30974e+11
          310.5    7.87073e+49     6.5358e+08    3.30719e+11
          310.6    7.95038e+49    6.54125e+08    3.30464e+11
          310.7    8.03082e+49    6.54669e+08     3.3021e+11
          310.8    8.11205e+49    6.55214e+08    3.29956e+11
          310.9    8.19408e+49    6.55759e+08    3.29702e+11
            311    8.27693e+49    6.56304e+08    3.29448e+11
          311.1    8.36059e+49    6.56849e+08    3.29194e+11
          311.2    8.44507e+49    6.57394e+08    3.28941e+11
          311.3    8.53039e+49    6.57939e+08    3.28688e+11
          311.4    8.61655e+49    6.58484e+08    3.28435e+11
          311.5    8.70356e+49     6.5903e+08    3.28183e+11
          311.6    8.79143e+49    6.59576e+08    3.27931e+11
          311.7    8.88016e+49    6.60121e+08    3.27679e+11
          311.8    8.96977e+49    6.60667e+08    3.27427e+11
          311.9    9.06026e+49    6.61213e+08    3.27176e+11
            312    9.15164e+49    6.61759e+08    3.26924e+11
          312.1    9.24391e+49    6.62306e+08    3.26673e+11
          312.2     9.3371e+49    6.62852e+08    3.26423e+11
          312.3     9.4312e+49    6.63399e+08    3.26172e+11
          312.4    9.52623e+49    6.63945e+08    3.25922e+11
          312.5    9.62219e+49    6.64492e+08    3.25672e+11
          312.6     9.7191e+49    6.65039e+08    3.25422e+11
          312.7    9.81696e+49    6.65586e+08    3.25173e+11
          312.8    9.91578e+49    6.66134e+08    3.24924e+11
          312.9    1.00156e+50    6.66681e+08    3.24675e+11
            313    1.01163e+50    6.67228e+08    3.24426e+11
          313.1    1.02181e+50    6.67776e+08    3.24178e+11
          313.2    1.03209e+50    6.68324e+08     3.2393e+11
          313.3    1.04246e+50    6.68871e+08    3.23682e+11
          313.4    1.05294e+50    6.69419e+08    3.23434e+11
          313.5    1.06352e+50    6.69968e+08    3.23187e+11
          313.6    1.07421e+50    6.70516e+08    3.22939e+11
          313.7      1.085e+50    6.71064e+08    3.22692e+11
          313.8    1.09589e+50    6.71613e+08    3.22446e+11
          313.9    1.10689e+50    6.72161e+08    3.22199e+11
            314      1.118e+50     6.7271e+08    3.21953e+11
          314.1    1.12922e+50    6.73259e+08    3.21707e+11
          314.2    1.14055e+50    6.73808e+08    3.21461e+11
          314.3    1.15199e+50    6.74357e+08    3.21216e+11
          314.4    1.16354e+50    6.74906e+08    3.20971e+11
          314.5    1.17521e+50    6.75455e+08    3.20726e+11
          314.6    1.18699e+50    6.76005e+08    3.20481e+11
          314.7    1.19888e+50    6.76554e+08    3.20236e+11
          314.8    1.21089e+50    6.77104e+08    3.19992e+11
          314.9    1.22302e+50    6.77654e+08    3.19748e+11
            315    1.23526e+50    6.78204e+08    3.19504e+11
          315.1    1.24763e+50    6.78754e+08    3.19261e+11
          315.2    1.26011e+50    6.79304e+08    3.19018e+11
          315.3    1.27272e+50    6.79854e+08    3.18775e+11
          315.4    1.28545e+50    6.80405e+08    3.18532e+11
          315.5    1.29831e+50    6.80956e+08    3.18289e+11
          315.6    1.31129e+50    6.81506e+08    3.18047e+11
          315.7     1.3244e+50    6.82057e+08    3.17805e+11
          315.8    1.33764e+50    6.82608e+08    3.17563e+11
          315.9      1.351e+50    6.83159e+08    3.17322e+11
            316     1.3645e+50     6.8371e+08     3.1708e+11
          316.1    1.37812e+50    6.84262e+08    3.16839e+11
          316.2    1.39188e+50    6.84813e+08    3.16598e+11
          316.3    1.40577e+50    6.85365e+08    3.16358e+11
          316.4     1.4198e+50    6.85916e+08    3.16117e+11
          316.5    1.43397e+50    6.86468e+08    3.15877e+11
          316.6    1.44827e+50     6.8702e+08    3.15637e+11
          316.7    1.46271e+50    6.87572e+08    3.15398e+11
          316.8     1.4773e+50    6.88124e+08    3.15158e+11
          316.9    1.49202e+50    6.88676e+08    3.14919e+11
            317    1.50689e+50    6.89229e+08     3.1468e+11
          317.1     1.5219e+50    6.89781e+08    3.14441e+11
          317.2    1.53706e+50    6.90334e+08    3.14203e+11
          317.3    1.55237e+50    6.90887e+08    3.13965e+11
          317.4    1.56782e+50     6.9144e+08    3.13727e+11
          317.5    1.58343e+50    6.91993e+08    3.13489e+11
          317.6    1.59918e+50    6.92546e+08    3.13252e+11
          317.7    1.61509e+50    6.93099e+08    3.13014e+11
          317.8    1.63116e+50    6.93652e+08    3.12777e+11
          317.9    1.64738e+50    6.94206e+08     3.1254e+11
            318    1.66375e+50    6.94759e+08    3.12304e+11
          318.1    1.68029e+50    6.95313e+08    3.12067e+11
          318.2    1.69698e+50    6.95867e+08    3.11831e+11
          318.3    1.71384e+50    6.96421e+08    3.11596e+11
          318.4    1.73086e+50    6.96975e+08     3.1136e+11
          318.5    1.74805e+50    6.97529e+08    3.11124e+11
          318.6     1.7654e+50    6.98084e+08    3.10889e+11
          318.7    1.78293e+50    6.98638e+08    3.10654e+11
          318.8    1.80062e+50    6.99193e+08     3.1042e+11
          318.9    1.81848e+50    6.99747e+08    3.10185e+11
            319    1.83651e+50    7.00302e+08    3.09951e+11
          319.1    1.85472e+50    7.00857e+08    3.09717e+11
          319.2    1.87311e+50    7.01412e+08    3.09483e+11
          319.3    1.89167e+50    7.01967e+08     3.0925e+11
          319.4    1.91041e+50    7.02522e+08    3.09016e+11
          319.5    1.92934e+50    7.03078e+08    3.08783e+11
          319.6    1.94845e+50    7.03633e+08     3.0855e+11
          319.7    1.96774e+50    7.04189e+08    3.08318e+11
          319.8    1.98722e+50    7.04744e+08    3.08085e+11
          319.9    2.00688e+50      7.053e+08    3.07853e+11
            320    2.02674e+50    7.05856e+08    3.07621e+11
Bimolecular fragments density of states, mol/kcal:
    E, kcal/mol           P2_0           P2_1
            0.1        80788.2        66.8528
            0.2         228858        94.5442
            0.3         338470        115.792
            0.4         417624        133.706
            0.5         483439        149.487
            0.6         604262        163.755
            0.7         839954        176.876
            0.8    1.07869e+06        189.088
            0.9    1.29452e+06        200.558
              1    1.52181e+06        211.407
            1.1    1.74461e+06        221.726
            1.2    2.03184e+06        231.585
            1.3     2.4661e+06        241.041
            1.4    2.95845e+06         250.14
            1.5    3.42087e+06         258.92
            1.6    4.07952e+06        267.411
            1.7    4.80635e+06        275.641
            1.8    5.58585e+06        283.632
            1.9    6.54183e+06        291.405
              2    7.60932e+06        298.975
            2.1    8.84938e+06        306.358
            2.2    1.03689e+07        313.567
            2.3    1.20193e+07        320.615
            2.4    1.39151e+07        327.511
            2.5    1.59686e+07        334.264
            2.6    1.81054e+07        340.884
            2.7     2.0661e+07        347.377
            2.8    2.37992e+07        353.752
            2.9    2.74131e+07        360.013
              3    3.12443e+07        366.168
            3.1    3.57313e+07        372.221
            3.2    4.06478e+07        378.177
            3.3     4.6347e+07         384.04
            3.4    5.26924e+07        389.816
            3.5    5.96296e+07        395.507
            3.6    6.74552e+07        401.117
            3.7    7.63327e+07         406.65
            3.8    8.61818e+07        412.108
            3.9    9.73124e+07        417.496
              4    1.09594e+08        422.814
            4.1    1.22886e+08        428.067
            4.2    1.37937e+08        433.256
            4.3    1.55287e+08        438.383
            4.4     1.7443e+08        443.451
            4.5    1.95542e+08        448.462
            4.6    2.18884e+08        453.418
            4.7    2.44424e+08        487.948
            4.8    2.73001e+08        536.294
            4.9    3.05011e+08        567.048
              5    3.40535e+08        592.244
            5.1    3.79493e+08        614.374
            5.2    4.22358e+08        634.478
            5.3    4.69412e+08         653.11
            5.4    5.21985e+08        670.606
            5.5    5.79744e+08        687.189
            5.6    6.42715e+08        703.016
            5.7     7.1238e+08        718.201
            5.8     7.8988e+08        732.832
            5.9    8.75002e+08        746.979
              6    9.68378e+08        760.695
            6.1    1.07104e+09        774.026
            6.2    1.18307e+09        787.009
            6.3     1.3061e+09        799.675
            6.4    1.44163e+09        812.052
            6.5    1.59027e+09         824.16
            6.6    1.75303e+09        836.022
            6.7    1.93024e+09        847.653
            6.8    2.12405e+09         859.07
            6.9    2.33687e+09        870.285
              7     2.5697e+09        881.312
            7.1    2.82332e+09         892.16
            7.2    3.10077e+09         902.84
            7.3    3.40334e+09         913.36
            7.4    3.73348e+09        923.728
            7.5    4.09361e+09        933.953
            7.6    4.48662e+09         944.04
            7.7    4.91317e+09        953.996
            7.8    5.37726e+09        963.826
            7.9    5.88349e+09        973.536
              8     6.4353e+09        983.131
            8.1     7.0343e+09        992.615
            8.2    7.68465e+09        1001.99
            8.3    8.39035e+09        1011.27
            8.4    9.15772e+09        1020.44
            8.5    9.99068e+09        1029.52
            8.6    1.08946e+10        1038.51
            8.7    1.18762e+10        1047.41
            8.8    1.29394e+10        1056.23
            8.9    1.40908e+10        1064.96
              9    1.53388e+10         1073.6
            9.1    1.66915e+10        1082.18
            9.2    1.81546e+10        1090.67
            9.3    1.97373e+10        1099.09
            9.4    2.14492e+10        1149.34
            9.5    2.33022e+10        1194.62
            9.6    2.53047e+10        1227.34
            9.7    2.74674e+10        1255.21
            9.8    2.98033e+10        1280.27
            9.9    3.23251e+10        1303.42
             10    3.50477e+10        1325.16
           10.1    3.79874e+10        1345.79
           10.2    4.11584e+10        1365.53
           10.3    4.45763e+10        1384.53
           10.4    4.82599e+10        1402.88
           10.5    5.22294e+10        1420.68
           10.6    5.65087e+10           1438
           10.7     6.1116e+10        1454.87
           10.8    6.60762e+10        1471.36
           10.9    7.14143e+10        1487.49
             11    7.71588e+10        1503.29
           11.1     8.3338e+10        1544.89
           11.2    8.99837e+10        1605.78
           11.3    9.71272e+10        1647.06
           11.4    1.04804e+11        1702.85
           11.5    1.13051e+11        1784.33
           11.6    1.21912e+11        1840.96
           11.7    1.31427e+11        1889.98
           11.8    1.41642e+11        1934.52
           11.9    1.52601e+11        1975.95
             12    1.64359e+11        2015.02
           12.1    1.76973e+11        2052.19
           12.2    1.90502e+11         2087.8
           12.3    2.05006e+11        2122.08
           12.4    2.20549e+11        2155.22
           12.5    2.37203e+11        2187.34
           12.6    2.55045e+11        2218.57
           12.7    2.74154e+11        2248.98
           12.8    2.94611e+11        2278.66
           12.9    3.16511e+11        2307.68
             13    3.39946e+11        2336.08
           13.1    3.65021e+11        2363.91
           13.2    3.91841e+11        2391.21
           13.3    4.20525e+11        2418.02
           13.4     4.5119e+11        2444.37
           13.5    4.83966e+11        2470.29
           13.6    5.18992e+11         2495.8
           13.7    5.56418e+11        2520.93
           13.8    5.96394e+11        2545.69
           13.9    6.39083e+11        2570.11
             14     6.8466e+11         2594.2
           14.1    7.33309e+11        2669.29
           14.2     7.8523e+11        2725.73
           14.3    8.40629e+11        2772.22
           14.4    8.99723e+11        2814.22
           14.5    9.62747e+11        2853.43
           14.6    1.02995e+12        2890.67
           14.7    1.10159e+12        2926.38
           14.8    1.17795e+12        2960.87
           14.9    1.25931e+12        2994.33
             15      1.346e+12         3026.9
           15.1    1.43834e+12         3058.7
           15.2    1.53668e+12        3089.81
           15.3    1.64138e+12         3120.3
           15.4    1.75285e+12        3150.23
           15.5    1.87148e+12        3179.64
           15.6    1.99772e+12        3208.56
           15.7    2.13203e+12        3237.04
           15.8    2.27489e+12         3304.6
           15.9    2.42683e+12        3370.43
             16    2.58839e+12        3422.55
           16.1    2.76014e+12        3505.37
           16.2    2.94269e+12        3589.01
           16.3     3.1367e+12        3655.77
           16.4    3.34284e+12        3715.72
           16.5    3.56182e+12        3771.44
           16.6    3.79441e+12        3824.13
           16.7    4.04141e+12        3874.47
           16.8    4.30366e+12         3922.9
           16.9    4.58206e+12        3969.74
             17    4.87755e+12         4015.2
           17.1    5.19111e+12        4059.45
           17.2    5.52382e+12        4102.64
           17.3    5.87676e+12        4144.87
           17.4    6.25112e+12        4186.23
           17.5    6.64811e+12        4226.79
           17.6    7.06903e+12        4266.62
           17.7    7.51527e+12        4305.77
           17.8    7.98826e+12        4344.29
           17.9    8.48952e+12        4382.22
             18    9.02067e+12        4419.59
           18.1    9.58338e+12        4456.44
           18.2    1.01794e+13        4492.81
           18.3    1.08107e+13         4528.7
           18.4    1.14792e+13        4564.15
           18.5     1.2187e+13        4599.18
           18.6    1.29362e+13         4633.8
           18.7    1.37292e+13        4668.04
           18.8    1.45685e+13        4761.17
           18.9    1.54564e+13        4824.77
             19    1.63959e+13        4880.19
           19.1    1.73897e+13        4931.53
           19.2    1.84407e+13        4980.24
           19.3    1.95521e+13        5027.03
           19.4    2.07273e+13        5072.31
           19.5    2.19696e+13        5116.36
           19.6    2.32828e+13        5159.36
           19.7    2.46706e+13        5201.45
           19.8    2.61371e+13        5242.73
           19.9    2.76866e+13        5283.29
             20    2.93234e+13         5323.2
           20.1    3.10524e+13         5362.5
           20.2    3.28784e+13        5401.25
           20.3    3.48066e+13        5439.48
           20.4    3.68424e+13        5477.22
           20.5    3.89916e+13        5563.88
           20.6    4.12601e+13        5634.48
           20.7    4.36543e+13        5694.48
           20.8    4.61807e+13        5796.38
           20.9    4.88464e+13        5883.62
             21    5.16586e+13        5957.78
           21.1     5.4625e+13        6025.82
           21.2    5.77537e+13        6089.88
           21.3     6.1053e+13        6151.04
           21.4    6.45319e+13        6209.92
           21.5    6.81996e+13        6266.91
           21.6    7.20659e+13        6322.32
           21.7     7.6141e+13        6376.36
           21.8    8.04357e+13        6429.18
           21.9    8.49613e+13        6480.93
             22    8.97295e+13        6531.69
           22.1    9.47527e+13        6581.57
           22.2    1.00044e+14        6667.54
           22.3    1.05617e+14         6755.3
           22.4    1.11486e+14        6828.03
           22.5    1.17665e+14        6928.14
           22.6    1.24172e+14        7033.13
           22.7    1.31021e+14        7119.72
           22.8     1.3823e+14        7227.92
           22.9    1.45818e+14        7346.69
             23    1.53803e+14        7444.25
           23.1    1.62205e+14        7533.68
           23.2    1.71045e+14        7617.96
           23.3    1.80344e+14        7698.45
           23.4    1.90125e+14        7775.13
           23.5    2.00413e+14        7917.23
           23.6    2.11231e+14        8018.01
           23.7    2.22607e+14        8110.41
           23.8    2.34567e+14        8197.82
           23.9    2.47141e+14        8281.63
             24    2.60357e+14        8362.59
           24.1    2.74248e+14         8441.2
           24.2    2.88846e+14        8517.78
           24.3    3.04186e+14        8592.58
           24.4    3.20303e+14        8665.81
           24.5    3.37235e+14        8737.61
           24.6    3.55022e+14         8808.1
           24.7    3.73705e+14         8877.4
           24.8    3.93325e+14        8945.59
           24.9     4.1393e+14        9012.75
             25    4.35565e+14        9078.94
           25.1    4.58279e+14        9144.23
           25.2    4.82125e+14        9266.24
           25.3    5.07156e+14        9360.52
           25.4    5.33427e+14        9445.85
           25.5    5.60999e+14        9581.84
           25.6    5.89931e+14        9691.02
           25.7    6.20289e+14         9789.2
           25.8    6.52139e+14        9881.53
           25.9    6.85551e+14        9969.87
             26    7.20598e+14        10055.2
           26.1    7.57357e+14          10138
           26.2    7.95907e+14        10218.8
           26.3    8.36333e+14        10297.8
           26.4     8.7872e+14        10375.2
           26.5     9.2316e+14        10451.2
           26.6    9.69747e+14        10525.9
           26.7    1.01858e+15        10599.5
           26.8    1.06977e+15          10672
           26.9    1.12341e+15        10790.8
             27    1.17962e+15        10895.9
           27.1    1.23852e+15        10989.4
           27.2    1.30024e+15          11122
           27.3    1.36489e+15        11242.7
           27.4    1.43262e+15        11349.1
           27.5    1.50356e+15        11490.3
           27.6    1.57785e+15          11623
           27.7    1.65566e+15        11739.7
           27.8    1.73714e+15          11849
           27.9    1.82245e+15        11953.3
             28    1.91176e+15        12053.9
           28.1    2.00527e+15        12179.7
           28.2    2.10314e+15        12319.1
           28.3    2.20559e+15        12438.1
           28.4     2.3128e+15        12549.5
           28.5    2.42501e+15        12656.2
           28.6    2.54242e+15        12759.3
           28.7    2.66526e+15        12859.6
           28.8    2.79379e+15        12957.5
           28.9    2.92824e+15        13053.3
             29    3.06888e+15        13147.2
           29.1    3.21599e+15        13239.5
           29.2    3.36984e+15        13330.2
           29.3    3.53074e+15        13419.6
           29.4    3.69898e+15        13507.7
           29.5     3.8749e+15        13594.6
           29.6    4.05882e+15        13680.4
           29.7     4.2511e+15        13765.1
           29.8    4.45209e+15        13848.8
           29.9    4.66218e+15        13996.4
             30    4.88176e+15        14106.6
           30.1    5.11124e+15        14209.2
           30.2    5.35104e+15        14370.2
           30.3    5.60161e+15        14494.5
           30.4    5.86341e+15        14609.3
           30.5    6.13692e+15        14718.7
           30.6    6.42265e+15        14824.3
           30.7    6.72111e+15        14926.9
           30.8    7.03286e+15          15027
           30.9    7.35844e+15        15125.1
             31    7.69846e+15        15221.3
           31.1    8.05352e+15        15315.9
           31.2    8.42427e+15        15409.1
           31.3    8.81135e+15        15500.9
           31.4    9.21547e+15        15591.5
           31.5    9.63734e+15        15680.9
           31.6    1.00777e+16        15825.2
           31.7    1.05373e+16        15943.8
           31.8    1.10171e+16          16053
           31.9    1.15177e+16        16210.7
             32    1.20401e+16        16343.9
           32.1    1.25852e+16        16465.5
           32.2     1.3154e+16        16631.9
           32.3    1.37474e+16        16776.4
           32.4    1.43664e+16        16907.9
           32.5    1.50121e+16        17032.6
           32.6    1.56857e+16        17152.5
           32.7    1.63882e+16        17268.8
           32.8    1.71208e+16        17423.1
           32.9    1.78848e+16        17571.4
             33    1.86815e+16        17704.7
           33.1    1.95122e+16        17831.1
           33.2    2.03783e+16        17953.1
           33.3    2.12812e+16        18116.9
           33.4    2.22224e+16        18268.1
           33.5    2.32036e+16        18405.5
           33.6    2.42263e+16        18578.4
           33.7    2.52922e+16        18741.5
           33.8     2.6403e+16        18888.7
           33.9    2.75606e+16        19067.2
             34    2.87668e+16          19240
           34.1    3.00236e+16        19395.3
           34.2    3.13331e+16        19577.7
           34.3    3.26973e+16        19759.4
           34.4    3.41185e+16        19921.9
           34.5    3.55989e+16        20100.1
           34.6    3.71408e+16        20294.7
           34.7    3.87468e+16        20464.4
           34.8    4.04194e+16        20642.9
           34.9    4.21612e+16          20848
             35     4.3975e+16        21024.2
           35.1    4.58635e+16        21190.4
           35.2    4.78299e+16        21350.1
           35.3    4.98771e+16        21504.8
           35.4    5.20083e+16        21655.4
           35.5    5.42269e+16        21802.6
           35.6    5.65362e+16        21946.7
           35.7    5.89399e+16        22088.1
           35.8    6.14415e+16        22227.1
           35.9     6.4045e+16        22363.9
             36    6.67543e+16        22498.7
           36.1    6.95735e+16        22631.5
           36.2     7.2507e+16        22762.6
           36.3     7.5559e+16        22955.3
           36.4    7.87343e+16          23112
           36.5    8.20376e+16        23260.1
           36.6    8.54739e+16        23464.5
           36.7    8.90483e+16        23633.6
           36.8     9.2766e+16        23792.5
           36.9    9.66326e+16        24004.2
             37    1.00654e+17        24182.9
           37.1    1.04836e+17        24350.3
           37.2    1.09184e+17          24511
           37.3    1.13706e+17        24666.8
           37.4    1.18407e+17        24818.8
           37.5    1.23295e+17        25018.2
           37.6    1.28376e+17        25197.5
           37.7    1.33659e+17        25364.5
           37.8     1.3915e+17          25525
           37.9    1.44857e+17          25681
             38    1.50789e+17        25887.4
           38.1    1.56954e+17        26068.7
           38.2    1.63362e+17        26238.5
           38.3     1.7002e+17        26453.4
           38.4    1.76938e+17        26645.2
           38.5    1.84127e+17        26823.7
           38.6    1.91596e+17        27043.9
           38.7    1.99356e+17        27244.1
           38.8    2.07418e+17        27429.9
           38.9    2.15793e+17          27654
             39    2.24492e+17        27861.7
           39.1    2.33528e+17        28053.9
           39.2    2.42913e+17        28276.4
           39.3     2.5266e+17        28493.4
           39.4    2.62783e+17        28692.1
           39.5    2.73295e+17        28916.8
           39.6    2.84211e+17        29141.2
           39.7    2.95545e+17        29345.6
           39.8    3.07313e+17        29540.8
           39.9    3.19532e+17        29729.8
             40    3.32217e+17        29913.7
           40.1    3.45385e+17        30093.6
           40.2    3.59054e+17          30270
           40.3    3.73243e+17        30443.2
           40.4    3.87971e+17        30613.7
           40.5    4.03256e+17        30781.6
           40.6     4.1912e+17        30947.2
           40.7    4.35583e+17        31110.6
           40.8    4.52667e+17          31272
           40.9    4.70395e+17        31451.7
             41     4.8879e+17        31659.2
           41.1    5.07875e+17        31842.1
           41.2    5.27676e+17        32029.6
           41.3    5.48219e+17        32256.1
           41.4     5.6953e+17        32450.7
           41.5    5.91637e+17        32636.1
           41.6    6.14568e+17        32881.8
           41.7    6.38352e+17        33085.3
           41.8    6.63021e+17        33278.7
           41.9    6.88606e+17        33465.8
             42    7.15139e+17        33648.2
           42.1    7.42654e+17        33826.8
           42.2    7.71187e+17        34060.8
           42.3    8.00772e+17        34263.7
           42.4    8.31448e+17        34456.1
           42.5    8.63253e+17        34642.4
           42.6    8.96227e+17        34824.3
           42.7    9.30411e+17        35064.4
           42.8    9.65848e+17          35269
           42.9    1.00258e+18        35463.7
             43    1.04066e+18        35711.8
           43.1    1.08012e+18        35926.1
           43.2    1.12103e+18        36129.1
           43.3    1.16342e+18        36382.5
           43.4    1.20735e+18        36604.5
           43.5    1.25288e+18        36814.3
           43.6    1.30006e+18        37071.7
           43.7    1.34894e+18        37300.6
           43.8    1.39959e+18        37516.4
           43.9    1.45207e+18        37773.2
             44    1.50644e+18          38010
           44.1    1.56277e+18        38231.8
           44.2    1.62112e+18        38491.3
           44.3    1.68156e+18        38734.5
           44.4    1.74417e+18        39013.9
           44.5    1.80902e+18        39265.3
           44.6    1.87619e+18        39501.2
           44.7    1.94576e+18        39777.7
           44.8     2.0178e+18        40031.7
           44.9    2.09241e+18        40270.4
             45    2.16968e+18        40547.1
           45.1    2.24968e+18        40805.5
           45.2    2.33252e+18        41047.8
           45.3    2.41829e+18        41325.3
           45.4     2.5071e+18        41588.5
           45.5    2.59904e+18        41834.7
           45.6    2.69422e+18        42148.6
           45.7    2.79276e+18        42456.9
           45.8    2.89475e+18        42732.4
           45.9    3.00033e+18        43025.4
             46    3.10962e+18        43319.1
           46.1    3.22273e+18        43589.3
           46.2    3.33979e+18        43875.7
           46.3    3.46095e+18        44171.5
           46.4    3.58633e+18        44442.5
           46.5    3.71607e+18        44702.6
           46.6    3.85034e+18        44955.2
           46.7    3.98926e+18        45201.7
           46.8    4.13301e+18        45443.5
           46.9    4.28174e+18          45746
             47    4.43561e+18        46007.3
           47.1    4.59481e+18        46258.5
           47.2    4.75949e+18          46503
           47.3    4.92986e+18        46757.4
           47.4    5.10609e+18          47046
           47.5    5.28837e+18        47304.7
           47.6    5.47692e+18        47552.8
           47.7    5.67193e+18        47863.2
           47.8    5.87362e+18        48129.1
           47.9    6.08221e+18        48384.3
             48    6.29793e+18        48697.2
           48.1      6.521e+18        48968.7
           48.2    6.75167e+18          49229
           48.3    6.99019e+18        49544.4
           48.4    7.23682e+18        49820.9
           48.5    7.49182e+18        50085.6
           48.6    7.75546e+18        50399.7
           48.7    8.02803e+18        50682.1
           48.8    8.30981e+18        50951.4
           48.9     8.6011e+18        51267.3
             49    8.90222e+18        51554.4
           49.1    9.21348e+18        51887.8
           49.2    9.53521e+18        52182.9
           49.3    9.86775e+18        52464.1
           49.4    1.02114e+19        52794.3
           49.5    1.05667e+19        53090.9
           49.6    1.09338e+19        53373.9
           49.7    1.13131e+19        53703.9
           49.8    1.17052e+19        54003.5
           49.9    1.21103e+19        54289.3
             50    1.25289e+19        54619.5
           50.1    1.29614e+19        54922.7
           50.2    1.34083e+19        55211.5
           50.3      1.387e+19        55588.5
           50.4     1.4347e+19        55930.5
           50.5    1.48398e+19        56246.3
           50.6    1.53489e+19        56592.3
           50.7    1.58748e+19        56921.9
           50.8     1.6418e+19        57232.5
           50.9    1.69792e+19        57572.9
             51    1.75587e+19        57902.9
           51.1    1.81574e+19        58213.7
           51.2    1.87756e+19        58514.3
           51.3    1.94141e+19        58807.5
           51.4    2.00736e+19        59094.7
           51.5    2.07545e+19        59403.6
           51.6    2.14577e+19        59726.4
           51.7    2.21839e+19        60026.3
           51.8    2.29337e+19        60316.9
           51.9    2.37078e+19        60601.1
             52    2.45072e+19        60913.1
           52.1    2.53325e+19        61229.4
           52.2    2.61845e+19          61526
           52.3    2.70641e+19        61842.4
           52.4    2.79721e+19        62168.2
           52.5    2.89095e+19        62471.1
           52.6    2.98771e+19        62787.8
           52.7    3.08759e+19        63121.7
           52.8    3.19068e+19        63429.6
           52.9    3.29709e+19        63744.1
             53    3.40691e+19        64086.9
           53.1    3.52026e+19        64399.1
           53.2    3.63723e+19        64700.7
           53.3    3.75795e+19        65059.2
           53.4    3.88252e+19        65376.4
           53.5    4.01107e+19        65681.9
           53.6    4.14371e+19          66042
           53.7    4.28058e+19        66363.9
           53.8     4.4218e+19        66739.4
           53.9    4.56751e+19        67068.4
             54    4.71784e+19          67385
           54.1    4.87293e+19        67758.3
           54.2    5.03294e+19        68088.4
           54.3      5.198e+19        68406.5
           54.4    5.36827e+19        68779.4
           54.5    5.54392e+19        69112.1
           54.6    5.72509e+19        69432.5
           54.7    5.91197e+19        69805.6
           54.8    6.10472e+19        70141.3
           54.9    6.30353e+19        70464.3
             55    6.50857e+19        70892.8
           55.1    6.72003e+19        71263.2
           55.2     6.9381e+19        71611.7
           55.3    7.16299e+19        72000.6
           55.4     7.3949e+19        72360.5
           55.5    7.63404e+19        72762.5
           55.6    7.88063e+19        73176.7
           55.7    8.13489e+19        73558.8
           55.8    8.39705e+19          73977
           55.9    8.66734e+19        74358.5
             56    8.94602e+19        74722.6
           56.1    9.23332e+19        75129.4
           56.2    9.52951e+19        75546.1
           56.3    9.83485e+19        75944.8
           56.4    1.01496e+20        76371.4
           56.5    1.04741e+20        76767.5
           56.6    1.08085e+20        77144.6
           56.7    1.11533e+20          77603
           56.8    1.15086e+20        78029.8
           56.9    1.18748e+20        78427.4
             57    1.22523e+20        78896.7
           57.1    1.26413e+20        79341.1
           57.2    1.30422e+20        79753.1
           57.3    1.34554e+20        80186.6
           57.4    1.38812e+20        80609.8
           57.5    1.43199e+20        81009.9
           57.6     1.4772e+20        81431.7
           57.7    1.52379e+20          81851
           57.8    1.57179e+20        82247.1
           57.9    1.62125e+20        82654.4
             58     1.6722e+20          83078
           58.1     1.7247e+20        83473.3
           58.2    1.77879e+20        83872.7
           58.3    1.83451e+20        84300.3
           58.4    1.89192e+20        84725.3
           58.5    1.95105e+20        85151.8
           58.6    2.01196e+20        85552.4
           58.7    2.07471e+20        85965.8
           58.8    2.13934e+20        86391.8
           58.9    2.20591e+20        86790.8
             59    2.27448e+20        87196.9
           59.1     2.3451e+20        87626.4
           59.2    2.41783e+20        88025.4
           59.3    2.49274e+20        88421.1
           59.4    2.56988e+20        88859.3
           59.5    2.64932e+20        89259.1
           59.6    2.73113e+20        89647.3
           59.7    2.81537e+20        90154.7
           59.8    2.90212e+20        90584.8
           59.9    2.99144e+20        90995.4
             60    3.08341e+20        91454.5
           60.1     3.1781e+20        91874.4
           60.2     3.2756e+20        92344.4
           60.3    3.37598e+20        92825.8
           60.4    3.47932e+20        93265.1
           60.5    3.58571e+20          93750
           60.6    3.69524e+20        94188.7
           60.7    3.80799e+20        94611.5
           60.8    3.92406e+20        95084.9
           60.9    4.04353e+20        95567.6
             61    4.16651e+20        96019.7
           61.1     4.2931e+20          96511
           61.2    4.42339e+20        96961.4
           61.3    4.55749e+20        97394.9
           61.4    4.69551e+20        97927.2
           61.5    4.83756e+20        98403.9
           61.6    4.98375e+20        98855.8
           61.7    5.13419e+20        99398.6
           61.8    5.28902e+20        99890.8
           61.9    5.44834e+20         100356
             62    5.61229e+20         100854
           62.1    5.78099e+20         101327
           62.2    5.95458e+20         101780
           62.3     6.1332e+20         102267
           62.4    6.31698e+20         102734
           62.5    6.50606e+20         103183
           62.6     6.7006e+20         103658
           62.7    6.90075e+20         104126
           62.8    7.10666e+20         104573
           62.9     7.3185e+20         105043
             63    7.53642e+20         105511
           63.1    7.76059e+20         105999
           63.2    7.99119e+20         106471
           63.3     8.2284e+20         106922
           63.4    8.47239e+20         107400
           63.5    8.72336e+20         107870
           63.6     8.9815e+20         108319
           63.7    9.24699e+20         108792
           63.8    9.52006e+20         109262
           63.9    9.80089e+20         109710
             64    1.00897e+21         110178
           64.1    1.03867e+21         110650
           64.2    1.06922e+21         111098
           64.3    1.10063e+21         111580
           64.4    1.13293e+21         112106
           64.5    1.16615e+21         112582
           64.6     1.2003e+21         113045
           64.7    1.23542e+21         113555
           64.8    1.27153e+21         114048
           64.9    1.30865e+21         114546
             65    1.34683e+21         115081
           65.1    1.38607e+21         115586
           65.2    1.42642e+21         116104
           65.3     1.4679e+21         116588
           65.4    1.51054e+21         117071
           65.5    1.55438e+21         117585
           65.6    1.59944e+21         118121
           65.7    1.64576e+21         118617
           65.8    1.69338e+21         119161
           65.9    1.74233e+21         119656
             66    1.79263e+21         120135
           66.1    1.84434e+21         120729
           66.2    1.89749e+21         121247
           66.3    1.95212e+21         121743
           66.4    2.00826e+21         122347
           66.5    2.06595e+21         122879
           66.6    2.12525e+21         123452
           66.7    2.18619e+21         124032
           66.8    2.24881e+21         124568
           66.9    2.31316e+21         125146
             67    2.37929e+21         125732
           67.1    2.44724e+21         126277
           67.2    2.51706e+21         126861
           67.3     2.5888e+21         127449
           67.4    2.66252e+21         128005
           67.5    2.73825e+21         128596
           67.6    2.81607e+21         129191
           67.7    2.89602e+21         129757
           67.8    2.97816e+21         130405
           67.9    3.06254e+21         130996
             68    3.14923e+21         131558
           68.1    3.23829e+21         132203
           68.2    3.32977e+21         132801
           68.3    3.42375e+21         133369
           68.4    3.52028e+21         134015
           68.5    3.61944e+21         134622
           68.6     3.7213e+21         135196
           68.7    3.82592e+21         135797
           68.8    3.93337e+21         136377
           68.9    4.04374e+21         136935
             69    4.15709e+21         137554
           69.1    4.27351e+21         138167
           69.2    4.39307e+21         138742
           69.3    4.51586e+21         139330
           69.4    4.64195e+21         139918
           69.5    4.77145e+21         140519
           69.6    4.90443e+21         141130
           69.7    5.04098e+21         141737
           69.8     5.1812e+21         142347
           69.9    5.32518e+21         142946
             70    5.47302e+21         143517
           70.1    5.62482e+21         144107
           70.2    5.78068e+21         144695
           70.3    5.94071e+21         145324
           70.4    6.10501e+21         145930
           70.5    6.27369e+21         146536
           70.6    6.44687e+21         147112
           70.7    6.62466e+21         147707
           70.8    6.80719e+21         148362
           70.9    6.99456e+21         148958
             71     7.1869e+21         149549
           71.1    7.38435e+21         150230
           71.2    7.58703e+21         150860
           71.3    7.79508e+21         151494
           71.4    8.00863e+21         152156
           71.5    8.22783e+21         152782
           71.6    8.45281e+21         153427
           71.7    8.68373e+21         154094
           71.8    8.92073e+21         154710
           71.9    9.16397e+21         155376
             72    9.41361e+21         156045
           72.1    9.66982e+21         156671
           72.2    9.93274e+21         157341
           72.3    1.02026e+22         158015
           72.4    1.04795e+22         158649
           72.5    1.07636e+22         159384
           72.6    1.10552e+22         160041
           72.7    1.13544e+22         160672
           72.8    1.16614e+22         161404
           72.9    1.19764e+22         162066
             73    1.22997e+22         162702
           73.1    1.26313e+22         163435
           73.2    1.29716e+22         164104
           73.3    1.33207e+22         164746
           73.4    1.36789e+22         165423
           73.5    1.40464e+22         166068
           73.6    1.44234e+22         166693
           73.7    1.48102e+22         167401
           73.8    1.52069e+22         168071
           73.9     1.5614e+22         168712
             74    1.60315e+22         169378
           74.1    1.64598e+22         170026
           74.2    1.68992e+22         170702
           74.3    1.73499e+22         171388
           74.4    1.78122e+22         172052
           74.5    1.82863e+22         172737
           74.6    1.87727e+22         173395
           74.7    1.92715e+22         174030
           74.8    1.97831e+22         174695
           74.9    2.03078e+22         175368
             75    2.08459e+22         176040
           75.1    2.13979e+22         176721
           75.2    2.19639e+22         177384
           75.3    2.25443e+22         178022
           75.4    2.31396e+22         178715
           75.5      2.375e+22         179410
           75.6    2.43759e+22         180065
           75.7    2.50178e+22         180763
           75.8     2.5676e+22         181474
           75.9    2.63509e+22         182177
             76     2.7043e+22         182885
           76.1    2.77525e+22         183592
           76.2      2.848e+22         184295
           76.3     2.9226e+22         185003
           76.4    2.99908e+22         185720
           76.5    3.07749e+22         186425
           76.6    3.15788e+22         187127
           76.7    3.24029e+22         187861
           76.8    3.32478e+22         188569
           76.9     3.4114e+22         189280
             77    3.50019e+22         190019
           77.1    3.59122e+22         190726
           77.2    3.68453e+22         191516
           77.3    3.78018e+22         192228
           77.4    3.87823e+22         192920
           77.5    3.97873e+22         193721
           77.6    4.08174e+22         194454
           77.7    4.18733e+22         195199
           77.8    4.29555e+22         196031
           77.9    4.40648e+22         196777
             78    4.52017e+22         197557
           78.1    4.63669e+22         198343
           78.2    4.75611e+22         199078
           78.3    4.87849e+22         199856
           78.4    5.00392e+22         200693
           78.5    5.13246e+22         201462
           78.6    5.26419e+22         202263
           78.7    5.39918e+22         203062
           78.8    5.53751e+22         203820
           78.9    5.67927e+22         204672
             79    5.82452e+22         205498
           79.1    5.97336e+22         206280
           79.2    6.12587e+22         207147
           79.3    6.28215e+22         207943
           79.4    6.44226e+22         208708
           79.5    6.60632e+22         209563
           79.6    6.77441e+22         210396
           79.7    6.94663e+22         211198
           79.8    7.12308e+22         212073
           79.9    7.30385e+22         212888
             80    7.48905e+22         213671
           80.1    7.67879e+22         214524
           80.2    7.87316e+22         215341
           80.3    8.07229e+22         216122
           80.4    8.27627e+22         216969
           80.5    8.48523e+22         217789
           80.6    8.69929e+22         218620
           80.7    8.91855e+22         219454
           80.8    9.14315e+22         220266
           80.9    9.37322e+22         221092
             81    9.60887e+22         221923
           81.1    9.85024e+22         222738
           81.2    1.00975e+23         223562
           81.3    1.03507e+23         224384
           81.4      1.061e+23         225209
           81.5    1.08756e+23         226033
           81.6    1.11477e+23         226853
           81.7    1.14263e+23         227686
           81.8    1.17116e+23         228539
           81.9    1.20038e+23         229394
             82    1.23031e+23         230203
           82.1    1.26095e+23         231043
           82.2    1.29233e+23         231903
           82.3    1.32447e+23         232748
           82.4    1.35737e+23         233619
           82.5    1.39107e+23         234515
           82.6    1.42558e+23         235379
           82.7    1.46091e+23         236232
           82.8    1.49708e+23         237115
           82.9    1.53412e+23         237965
             83    1.57205e+23         238815
           83.1    1.61088e+23         239757
           83.2    1.65064e+23         240631
           83.3    1.69134e+23         241507
           83.4    1.73301e+23         242402
           83.5    1.77568e+23         243256
           83.6    1.81936e+23         244199
           83.7    1.86407e+23         245117
           83.8    1.90985e+23         245982
           83.9    1.95671e+23         246949
             84    2.00469e+23         247827
           84.1    2.05379e+23         248677
           84.2    2.10406e+23         249632
           84.3    2.15552e+23         250555
           84.4     2.2082e+23         251436
           84.5    2.26211e+23         252409
           84.6     2.3173e+23         253303
           84.7    2.37379e+23         254167
           84.8    2.43161e+23         255120
           84.9    2.49078e+23         256013
             85    2.55135e+23         256875
           85.1    2.61334e+23         257822
           85.2    2.67679e+23         258717
           85.3    2.74172e+23         259635
           85.4    2.80817e+23         260558
           85.5    2.87618e+23         261444
           85.6    2.94578e+23         262358
           85.7      3.017e+23         263277
           85.8    3.08989e+23         264165
           85.9    3.16448e+23         265077
             86     3.2408e+23         265989
           86.1    3.31891e+23         266883
           86.2    3.39883e+23         267794
           86.3    3.48061e+23         268706
           86.4    3.56429e+23         269604
           86.5    3.64991e+23         270556
           86.6    3.73752e+23         271477
           86.7    3.82717e+23         272360
           86.8    3.91888e+23         273302
           86.9    4.01272e+23         274225
             87    4.10873e+23         275155
           87.1    4.20696e+23         276127
           87.2    4.30746e+23         277079
           87.3    4.41027e+23         278027
           87.4    4.51546e+23         278976
           87.5    4.62306e+23         279910
           87.6    4.73315e+23         280847
           87.7    4.84576e+23         281804
           87.8    4.96097e+23         282791
           87.9    5.07882e+23         283751
             88    5.19937e+23         284689
           88.1    5.32268e+23         285663
           88.2    5.44882e+23         286634
           88.3    5.57785e+23         287616
           88.4    5.70983e+23         288611
           88.5    5.84483e+23         289591
           88.6     5.9829e+23         290597
           88.7    6.12413e+23         291574
           88.8    6.26858e+23         292566
           88.9    6.41631e+23         293603
             89    6.56741e+23         294650
           89.1    6.72195e+23         295676
           89.2       6.88e+23         296759
           89.3    7.04164e+23         297775
           89.4    7.20695e+23         298788
           89.5      7.376e+23         299881
           89.6    7.54889e+23         300900
           89.7    7.72569e+23         301926
           89.8    7.90648e+23         303024
           89.9    8.09137e+23         304038
             90    8.28043e+23         305151
           90.1    8.47376e+23         306223
           90.2    8.67145e+23         307241
           90.3    8.87359e+23         308354
           90.4    9.08028e+23         309432
           90.5    9.29163e+23         310459
           90.6    9.50772e+23         311576
           90.7    9.72867e+23         312657
           90.8    9.95458e+23         313695
           90.9    1.01856e+24         314817
             91    1.04217e+24         315906
           91.1    1.06632e+24         316954
           91.2      1.091e+24         318131
           91.3    1.11624e+24         319219
           91.4    1.14204e+24         320263
           91.5    1.16841e+24         321381
           91.6    1.19538e+24         322446
           91.7    1.22294e+24         323529
           91.8    1.25112e+24         324662
           91.9    1.27993e+24         325743
             92    1.30938e+24         326836
           92.1    1.33948e+24         327928
           92.2    1.37025e+24         328987
           92.3    1.40171e+24         330064
           92.4    1.43386e+24         331177
           92.5    1.46672e+24         332271
           92.6    1.50031e+24         333365
           92.7    1.53465e+24         334452
           92.8    1.56974e+24         335524
           92.9    1.60561e+24         336640
             93    1.64227e+24         337753
           93.1    1.67974e+24         338847
           93.2    1.71804e+24         339972
           93.3    1.75718e+24         341078
           93.4    1.79718e+24         342181
           93.5    1.83806e+24         343320
           93.6    1.87983e+24         344444
           93.7    1.92253e+24         345621
           93.8    1.96616e+24         346793
           93.9    2.01075e+24         347954
             94    2.05632e+24         349093
           94.1    2.10288e+24         350230
           94.2    2.15046e+24         351420
           94.3    2.19908e+24         352561
           94.4    2.24877e+24         353696
           94.5    2.29954e+24         354900
           94.6    2.35141e+24         356066
           94.7    2.40442e+24         357247
           94.8    2.45858e+24         358429
           94.9    2.51392e+24         359584
             95    2.57046e+24         360778
           95.1    2.62824e+24         361964
           95.2    2.68726e+24         363106
           95.3    2.74757e+24         364322
           95.4    2.80918e+24         365510
           95.5    2.87213e+24         366646
           95.6    2.93645e+24         367882
           95.7    3.00215e+24         369076
           95.8    3.06927e+24         370219
           95.9    3.13785e+24         371518
             96     3.2079e+24         372697
           96.1    3.27947e+24         373838
           96.2    3.35258e+24         375070
           96.3    3.42726e+24         376228
           96.4    3.50355e+24         377415
           96.5    3.58148e+24         378659
           96.6    3.66109e+24         379830
           96.7     3.7424e+24         381025
           96.8    3.82547e+24         382220
           96.9    3.91031e+24         383370
             97    3.99697e+24         384549
           97.1    4.08548e+24         385776
           97.2    4.17589e+24         386955
           97.3    4.26824e+24         388149
           97.4    4.36255e+24         389339
           97.5    4.45888e+24         390497
           97.6    4.55727e+24         391725
           97.7    4.65775e+24         392937
           97.8    4.76037e+24         394114
           97.9    4.86518e+24         395350
             98    4.97222e+24         396538
           98.1    5.08154e+24         397740
           98.2    5.19317e+24         398989
           98.3    5.30718e+24         400215
           98.4     5.4236e+24         401474
           98.5    5.54249e+24         402754
           98.6     5.6639e+24         403991
           98.7    5.78788e+24         405227
           98.8    5.91449e+24         406490
           98.9    6.04377e+24         407738
             99    6.17577e+24         408977
           99.1    6.31057e+24         410238
           99.2    6.44821e+24         411497
           99.3    6.58875e+24         412776
           99.4    6.73225e+24         414048
           99.5    6.87877e+24         415301
           99.6    7.02837e+24         416574
           99.7    7.18111e+24         417845
           99.8    7.33707e+24         419151
           99.9    7.49629e+24         420460
            100    7.65886e+24         421754
          100.1    7.82483e+24         423090
          100.2    7.99427e+24         424416
          100.3    8.16727e+24         425738
          100.4    8.34388e+24         427089
          100.5    8.52418e+24         428426
          100.6    8.70825e+24         429841
          100.7    8.89616e+24         431175
          100.8    9.08798e+24         432482
          100.9     9.2838e+24         433876
            101    9.48371e+24         435209
          101.1    9.68777e+24         436567
          101.2    9.89607e+24         437981
          101.3    1.01087e+25         439312
          101.4    1.03258e+25         440708
          101.5    1.05473e+25         442073
          101.6    1.07734e+25         443382
          101.7    1.10043e+25         444779
          101.8    1.12399e+25         446193
          101.9    1.14804e+25         447528
            102    1.17258e+25         448950
          102.1    1.19764e+25         450327
          102.2    1.22321e+25         451650
          102.3    1.24931e+25         453120
          102.4    1.27594e+25         454523
          102.5    1.30313e+25         455870
          102.6    1.33087e+25         457352
          102.7    1.35919e+25         458727
          102.8    1.38808e+25         460117
          102.9    1.41758e+25         461556
            103    1.44767e+25         462959
          103.1    1.47839e+25         464380
          103.2    1.50973e+25         465837
          103.3    1.54172e+25         467223
          103.4    1.57436e+25         468621
          103.5    1.60767e+25         470056
          103.6    1.64166e+25         471444
          103.7    1.67635e+25         472839
          103.8    1.71174e+25         474268
          103.9    1.74786e+25         475659
            104    1.78471e+25         477100
          104.1    1.82232e+25         478520
          104.2    1.86069e+25         479903
          104.3    1.89984e+25         481336
          104.4    1.93978e+25         482754
          104.5    1.98054e+25         484191
          104.6    2.02213e+25         485654
          104.7    2.06456e+25         487088
          104.8    2.10785e+25         488553
          104.9    2.15202e+25         490031
            105    2.19708e+25         491477
          105.1    2.24306e+25         492966
          105.2    2.28996e+25         494483
          105.3    2.33781e+25         495985
          105.4    2.38663e+25         497454
          105.5    2.43644e+25         498932
          105.6    2.48725e+25         500413
          105.7    2.53908e+25         501899
          105.8    2.59196e+25         503401
          105.9     2.6459e+25         504911
            106    2.70093e+25         506407
          106.1    2.75706e+25         507889
          106.2    2.81432e+25         509382
          106.3    2.87273e+25         510858
          106.4    2.93231e+25         512339
          106.5    2.99309e+25         513886
          106.6    3.05508e+25         515379
          106.7    3.11832e+25         516889
          106.8    3.18282e+25         518388
          106.9    3.24861e+25         519849
            107    3.31571e+25         521433
          107.1    3.38416e+25         522956
          107.2    3.45397e+25         524428
          107.3    3.52517e+25         526034
          107.4    3.59779e+25         527519
          107.5    3.67186e+25         529027
          107.6     3.7474e+25         530593
          107.7    3.82444e+25         532115
          107.8    3.90302e+25         533652
          107.9    3.98315e+25         535234
            108    4.06488e+25         536727
          108.1    4.14822e+25         538243
          108.2    4.23322e+25         539805
          108.3    4.31991e+25         541297
          108.4     4.4083e+25         542809
          108.5    4.49845e+25         544366
          108.6    4.59038e+25         545858
          108.7    4.68412e+25         547424
          108.8    4.77972e+25         548958
          108.9     4.8772e+25         550444
            109     4.9766e+25         552002
          109.1    5.07796e+25         553534
          109.2    5.18132e+25         555080
          109.3    5.28671e+25         556665
          109.4    5.39418e+25         558214
          109.5    5.50375e+25         559783
          109.6    5.61548e+25         561383
          109.7     5.7294e+25         562948
          109.8    5.84555e+25         564533
          109.9    5.96398e+25         566184
            110    6.08473e+25         567773
          110.1    6.20784e+25         569353
          110.2    6.33336e+25         570958
          110.3    6.46134e+25         572526
          110.4    6.59181e+25         574135
          110.5    6.72483e+25         575762
          110.6    6.86045e+25         577354
          110.7    6.99871e+25         578974
          110.8    7.13967e+25         580575
          110.9    7.28336e+25         582193
            111    7.42986e+25         583830
          111.1     7.5792e+25         585459
          111.2    7.73145e+25         587147
          111.3    7.88665e+25         588820
          111.4    8.04487e+25         590450
          111.5    8.20615e+25         592131
          111.6    8.37056e+25         593822
          111.7    8.53815e+25         595510
          111.8    8.70899e+25         597220
          111.9    8.88313e+25         598927
            112    9.06064e+25         600653
          112.1    9.24158e+25         602351
          112.2    9.42601e+25         604045
          112.3      9.614e+25         605773
          112.4    9.80561e+25         607519
          112.5    1.00009e+26         609242
          112.6       1.02e+26         611004
          112.7    1.04029e+26         612708
          112.8    1.06097e+26         614419
          112.9    1.08205e+26         616181
            113    1.10353e+26         617875
          113.1    1.12542e+26         619603
          113.2    1.14774e+26         621367
          113.3    1.17048e+26         623052
          113.4    1.19366e+26         624862
          113.5    1.21728e+26         626599
          113.6    1.24136e+26         628269
          113.7    1.26589e+26         630093
          113.8    1.29089e+26         631835
          113.9    1.31637e+26         633579
            114    1.34234e+26         635430
          114.1     1.3688e+26         637196
          114.2    1.39577e+26         638966
          114.3    1.42325e+26         640773
          114.4    1.45125e+26         642532
          114.5    1.47979e+26         644302
          114.6    1.50887e+26         646157
          114.7     1.5385e+26         647912
          114.8    1.56869e+26         649672
          114.9    1.59946e+26         651466
            115    1.63081e+26         653195
          115.1    1.66275e+26         654988
          115.2     1.6953e+26         656796
          115.3    1.72847e+26         658540
          115.4    1.76226e+26         660338
          115.5    1.79669e+26         662106
          115.6    1.83177e+26         663883
          115.7    1.86752e+26         665693
          115.8    1.90394e+26         667504
          115.9    1.94104e+26         669333
            116    1.97885e+26         671174
          116.1    2.01736e+26         672974
          116.2     2.0566e+26         674792
          116.3    2.09658e+26         676665
          116.4    2.13731e+26         678505
          116.5    2.17881e+26         680354
          116.6    2.22109e+26         682244
          116.7    2.26415e+26         684090
          116.8    2.30803e+26         685953
          116.9    2.35273e+26         687824
            117    2.39826e+26         689662
          117.1    2.44465e+26         691580
          117.2    2.49191e+26         693475
          117.3    2.54004e+26         695342
          117.4    2.58908e+26         697212
          117.5    2.63903e+26         699063
          117.6    2.68992e+26         700958
          117.7    2.74175e+26         702824
          117.8    2.79455e+26         704672
          117.9    2.84833e+26         706577
            118    2.90312e+26         708458
          118.1    2.95892e+26         710360
          118.2    3.01576e+26         712236
          118.3    3.07365e+26         714095
          118.4    3.13262e+26         716015
          118.5    3.19269e+26         717920
          118.6    3.25386e+26         719812
          118.7    3.31617e+26         721776
          118.8    3.37964e+26         723698
          118.9    3.44428e+26         725580
            119    3.51011e+26         727531
          119.1    3.57717e+26         729438
          119.2    3.64546e+26         731326
          119.3    3.71501e+26         733332
          119.4    3.78584e+26         735207
          119.5    3.85798e+26         737102
          119.6    3.93145e+26         739039
          119.7    4.00628e+26         740890
          119.8    4.08248e+26         742824
          119.9    4.16008e+26         744772
            120    4.23911e+26         746635
          120.1    4.31959e+26         748575
          120.2    4.40154e+26         750473
          120.3      4.485e+26         752378
          120.4       4.57e+26         754326
          120.5    4.65655e+26         756277
          120.6    4.74468e+26         758227
          120.7    4.83443e+26         760204
          120.8    4.92582e+26         762133
          120.9    5.01888e+26         764073
            121    5.11364e+26         766094
          121.1    5.21013e+26         768058
          121.2    5.30838e+26         770025
          121.3    5.40842e+26         772063
          121.4    5.51029e+26         774015
          121.5    5.61401e+26         776014
          121.6    5.71962e+26         778021
          121.7    5.82715e+26         779987
          121.8    5.93664e+26         782027
          121.9    6.04811e+26         784056
            122    6.16161e+26         786081
          122.1    6.27717e+26         788120
          122.2    6.39483e+26         790149
          122.3    6.51462e+26         792198
          122.4    6.63657e+26         794249
          122.5    6.76074e+26         796289
          122.6    6.88715e+26         798358
          122.7    7.01585e+26         800456
          122.8    7.14688e+26         802518
          122.9    7.28027e+26         804587
            123    7.41607e+26         806686
          123.1    7.55432e+26         808752
          123.2    7.69506e+26         810884
          123.3    7.83834e+26         813024
          123.4     7.9842e+26         815132
          123.5    8.13268e+26         817290
          123.6    8.28384e+26         819418
          123.7    8.43771e+26         821523
          123.8    8.59434e+26         823676
          123.9    8.75379e+26         825803
            124     8.9161e+26         827991
          124.1    9.08132e+26         830115
          124.2     9.2495e+26         832212
          124.3    9.42069e+26         834369
          124.4    9.59495e+26         836478
          124.5    9.77232e+26         838626
          124.6    9.95286e+26         840799
          124.7    1.01366e+27         842902
          124.8    1.03237e+27         845083
          124.9    1.05141e+27         847227
            125    1.07079e+27         849342
          125.1    1.09051e+27         851557
          125.2    1.11059e+27         853762
          125.3    1.13102e+27         855921
          125.4    1.15182e+27         858176
          125.5    1.17298e+27         860340
          125.6    1.19453e+27         862503
          125.7    1.21645e+27         864758
          125.8    1.23877e+27         866933
          125.9    1.26148e+27         869105
            126    1.28459e+27         871365
          126.1    1.30811e+27         873505
          126.2    1.33205e+27         875711
          126.3    1.35641e+27         877923
          126.4    1.38121e+27         880086
          126.5    1.40644e+27         882318
          126.6    1.43212e+27         884546
          126.7    1.45825e+27         886752
          126.8    1.48485e+27         888984
          126.9    1.51191e+27         891210
            127    1.53945e+27         893432
          127.1    1.56747e+27         895673
          127.2    1.59599e+27         897907
          127.3    1.62501e+27         900142
          127.4    1.65454e+27         902438
          127.5    1.68459e+27         904674
          127.6    1.71516e+27         906909
          127.7    1.74628e+27         909204
          127.8    1.77794e+27         911449
          127.9    1.81015e+27         913744
            128    1.84293e+27         916075
          128.1    1.87629e+27         918345
          128.2    1.91022e+27         920674
          128.3    1.94475e+27         922982
          128.4    1.97989e+27         925231
          128.5    2.01564e+27         927571
          128.6    2.05201e+27         929904
          128.7    2.08902e+27         932209
          128.8    2.12667e+27         934511
          128.9    2.16499e+27         936801
            129    2.20396e+27         939079
          129.1    2.24362e+27         941389
          129.2    2.28397e+27         943697
          129.3    2.32502e+27         946002
          129.4    2.36678e+27         948315
          129.5    2.40927e+27         950609
          129.6    2.45249e+27         952925
          129.7    2.49647e+27         955249
          129.8    2.54121e+27         957566
          129.9    2.58672e+27         959951
            130    2.63302e+27         962305
          130.1    2.68013e+27         964666
          130.2    2.72805e+27         967013
          130.3     2.7768e+27         969314
          130.4    2.82639e+27         971720
          130.5    2.87684e+27         974070
          130.6    2.92815e+27         976373
          130.7    2.98036e+27         978793
          130.8    3.03346e+27         981090
          130.9    3.08748e+27         983438
            131    3.14243e+27         985808
          131.1    3.19833e+27         988126
          131.2    3.25519e+27         990506
          131.3    3.31302e+27         992907
          131.4    3.37186e+27         995240
          131.5     3.4317e+27         997627
          131.6    3.49256e+27    1.00001e+06
          131.7    3.55448e+27    1.00237e+06
          131.8    3.61745e+27    1.00477e+06
          131.9     3.6815e+27    1.00716e+06
            132    3.74665e+27    1.00953e+06
          132.1    3.81292e+27    1.01199e+06
          132.2    3.88032e+27    1.01437e+06
          132.3    3.94887e+27    1.01674e+06
          132.4     4.0186e+27     1.0192e+06
          132.5    4.08951e+27    1.02158e+06
          132.6    4.16163e+27    1.02402e+06
          132.7    4.23499e+27    1.02652e+06
          132.8     4.3096e+27    1.02893e+06
          132.9    4.38547e+27     1.0314e+06
            133    4.46264e+27    1.03385e+06
          133.1    4.54113e+27    1.03632e+06
          133.2    4.62095e+27    1.03882e+06
          133.3    4.70212e+27    1.04134e+06
          133.4    4.78468e+27    1.04383e+06
          133.5    4.86864e+27    1.04633e+06
          133.6    4.95402e+27    1.04881e+06
          133.7    5.04085e+27     1.0513e+06
          133.8    5.12916e+27    1.05383e+06
          133.9    5.21896e+27    1.05634e+06
            134    5.31028e+27    1.05885e+06
          134.1    5.40315e+27     1.0614e+06
          134.2    5.49758e+27     1.0639e+06
          134.3    5.59362e+27    1.06644e+06
          134.4    5.69128e+27    1.06901e+06
          134.5    5.79059e+27    1.07153e+06
          134.6    5.89157e+27    1.07415e+06
          134.7    5.99426e+27    1.07676e+06
          134.8    6.09868e+27     1.0793e+06
          134.9    6.20486e+27    1.08191e+06
            135    6.31282e+27     1.0845e+06
          135.1    6.42261e+27    1.08707e+06
          135.2    6.53424e+27    1.08969e+06
          135.3    6.64775e+27    1.09228e+06
          135.4    6.76316e+27    1.09488e+06
          135.5    6.88052e+27    1.09747e+06
          135.6    6.99984e+27    1.10005e+06
          135.7    7.12117e+27    1.10264e+06
          135.8    7.24453e+27    1.10527e+06
          135.9    7.36996e+27    1.10787e+06
            136    7.49749e+27    1.11052e+06
          136.1    7.62716e+27    1.11314e+06
          136.2    7.75899e+27    1.11576e+06
          136.3    7.89303e+27    1.11842e+06
          136.4    8.02931e+27    1.12104e+06
          136.5    8.16786e+27    1.12369e+06
          136.6    8.30873e+27    1.12636e+06
          136.7    8.45195e+27    1.12898e+06
          136.8    8.59756e+27    1.13172e+06
          136.9    8.74559e+27    1.13438e+06
            137    8.89609e+27    1.13697e+06
          137.1     9.0491e+27    1.13968e+06
          137.2    9.20465e+27    1.14231e+06
          137.3    9.36279e+27    1.14497e+06
          137.4    9.52355e+27    1.14771e+06
          137.5    9.68699e+27    1.15034e+06
          137.6    9.85314e+27    1.15303e+06
          137.7     1.0022e+28    1.15572e+06
          137.8    1.01938e+28     1.1584e+06
          137.9    1.03683e+28    1.16111e+06
            138    1.05458e+28    1.16385e+06
          138.1    1.07261e+28    1.16655e+06
          138.2    1.09095e+28    1.16926e+06
          138.3    1.10959e+28    1.17195e+06
          138.4    1.12854e+28    1.17463e+06
          138.5     1.1478e+28    1.17738e+06
          138.6    1.16738e+28     1.1801e+06
          138.7    1.18729e+28     1.1828e+06
          138.8    1.20752e+28    1.18556e+06
          138.9    1.22808e+28    1.18825e+06
            139    1.24898e+28    1.19099e+06
          139.1    1.27023e+28    1.19377e+06
          139.2    1.29183e+28    1.19651e+06
          139.3    1.31378e+28     1.1993e+06
          139.4     1.3361e+28    1.20212e+06
          139.5    1.35878e+28    1.20486e+06
          139.6    1.38183e+28    1.20764e+06
          139.7    1.40526e+28    1.21044e+06
          139.8    1.42908e+28    1.21319e+06
          139.9    1.45328e+28    1.21599e+06
            140    1.47789e+28     1.2188e+06
          140.1    1.50289e+28    1.22155e+06
          140.2    1.52831e+28    1.22435e+06
          140.3    1.55414e+28    1.22713e+06
          140.4    1.58039e+28    1.22986e+06
          140.5    1.60707e+28    1.23271e+06
          140.6    1.63419e+28    1.23551e+06
          140.7    1.66175e+28    1.23831e+06
          140.8    1.68976e+28    1.24114e+06
          140.9    1.71823e+28    1.24391e+06
            141    1.74716e+28    1.24676e+06
          141.1    1.77657e+28    1.24959e+06
          141.2    1.80645e+28    1.25237e+06
          141.3    1.83682e+28    1.25524e+06
          141.4    1.86768e+28    1.25809e+06
          141.5    1.89904e+28    1.26095e+06
          141.6    1.93092e+28    1.26378e+06
          141.7    1.96331e+28    1.26658e+06
          141.8    1.99622e+28    1.26943e+06
          141.9    2.02967e+28    1.27227e+06
            142    2.06367e+28     1.2751e+06
          142.1    2.09821e+28    1.27798e+06
          142.2    2.13332e+28    1.28083e+06
          142.3    2.16899e+28    1.28364e+06
          142.4    2.20524e+28    1.28653e+06
          142.5    2.24207e+28    1.28939e+06
          142.6     2.2795e+28    1.29224e+06
          142.7    2.31754e+28    1.29519e+06
          142.8    2.35619e+28    1.29804e+06
          142.9    2.39546e+28     1.3009e+06
            143    2.43536e+28    1.30379e+06
          143.1    2.47591e+28    1.30661e+06
          143.2    2.51712e+28    1.30954e+06
          143.3    2.55898e+28    1.31244e+06
          143.4    2.60152e+28    1.31529e+06
          143.5    2.64475e+28    1.31823e+06
          143.6    2.68866e+28    1.32108e+06
          143.7    2.73329e+28    1.32398e+06
          143.8    2.77863e+28    1.32694e+06
          143.9     2.8247e+28    1.32984e+06
            144    2.87151e+28     1.3328e+06
          144.1    2.91907e+28    1.33579e+06
          144.2    2.96739e+28    1.33875e+06
          144.3    3.01648e+28    1.34172e+06
          144.4    3.06636e+28    1.34472e+06
          144.5    3.11704e+28    1.34771e+06
          144.6    3.16853e+28    1.35071e+06
          144.7    3.22084e+28    1.35373e+06
          144.8    3.27399e+28    1.35671e+06
          144.9    3.32799e+28    1.35974e+06
            145    3.38285e+28    1.36274e+06
          145.1    3.43858e+28    1.36573e+06
          145.2     3.4952e+28    1.36881e+06
          145.3    3.55273e+28    1.37183e+06
          145.4    3.61117e+28    1.37489e+06
          145.5    3.67054e+28    1.37796e+06
          145.6    3.73085e+28    1.38099e+06
          145.7    3.79212e+28    1.38407e+06
          145.8    3.85437e+28    1.38717e+06
          145.9    3.91761e+28    1.39021e+06
            146    3.98185e+28    1.39332e+06
          146.1    4.04711e+28    1.39646e+06
          146.2     4.1134e+28    1.39953e+06
          146.3    4.18075e+28    1.40264e+06
          146.4    4.24916e+28    1.40574e+06
          146.5    4.31866e+28    1.40879e+06
          146.6    4.38925e+28    1.41194e+06
          146.7    4.46096e+28    1.41507e+06
          146.8    4.53381e+28    1.41815e+06
          146.9    4.60781e+28    1.42131e+06
            147    4.68297e+28    1.42441e+06
          147.1    4.75932e+28    1.42753e+06
          147.2    4.83688e+28    1.43071e+06
          147.3    4.91566e+28    1.43383e+06
          147.4    4.99568e+28    1.43704e+06
          147.5    5.07696e+28     1.4402e+06
          147.6    5.15952e+28    1.44331e+06
          147.7    5.24338e+28    1.44649e+06
          147.8    5.32856e+28    1.44963e+06
          147.9    5.41508e+28    1.45281e+06
            148    5.50296e+28    1.45601e+06
          148.1    5.59222e+28    1.45916e+06
          148.2    5.68288e+28    1.46238e+06
          148.3    5.77496e+28    1.46555e+06
          148.4    5.86848e+28    1.46869e+06
          148.5    5.96347e+28     1.4719e+06
          148.6    6.05995e+28    1.47511e+06
          148.7    6.15794e+28    1.47828e+06
          148.8    6.25746e+28    1.48155e+06
          148.9    6.35854e+28    1.48475e+06
            149     6.4612e+28    1.48795e+06
          149.1    6.56546e+28    1.49122e+06
          149.2    6.67135e+28    1.49443e+06
          149.3     6.7789e+28    1.49766e+06
          149.4    6.88812e+28    1.50094e+06
          149.5    6.99904e+28    1.50412e+06
          149.6    7.11169e+28     1.5074e+06
          149.7     7.2261e+28    1.51062e+06
          149.8    7.34229e+28    1.51385e+06
          149.9    7.46028e+28    1.51715e+06
            150    7.58012e+28     1.5204e+06
          150.1    7.70181e+28    1.52367e+06
          150.2    7.82539e+28    1.52698e+06
          150.3     7.9509e+28    1.53024e+06
          150.4    8.07835e+28    1.53353e+06
          150.5    8.20778e+28    1.53685e+06
          150.6    8.33921e+28    1.54012e+06
          150.7    8.47268e+28    1.54343e+06
          150.8    8.60822e+28    1.54681e+06
          150.9    8.74586e+28    1.55008e+06
            151    8.88563e+28    1.55339e+06
          151.1    9.02756e+28    1.55672e+06
          151.2    9.17168e+28    1.55998e+06
          151.3    9.31803e+28    1.56333e+06
          151.4    9.46664e+28    1.56668e+06
          151.5    9.61754e+28    1.56996e+06
          151.6    9.77077e+28    1.57333e+06
          151.7    9.92636e+28    1.57665e+06
          151.8    1.00844e+29    1.57995e+06
          151.9    1.02448e+29    1.58336e+06
            152    1.04077e+29    1.58672e+06
          152.1    1.05731e+29    1.59008e+06
          152.2     1.0741e+29    1.59346e+06
          152.3    1.09115e+29    1.59679e+06
          152.4    1.10847e+29    1.60014e+06
          152.5    1.12605e+29    1.60353e+06
          152.6     1.1439e+29    1.60688e+06
          152.7    1.16202e+29    1.61026e+06
          152.8    1.18043e+29    1.61366e+06
          152.9    1.19911e+29    1.61702e+06
            153    1.21808e+29     1.6204e+06
          153.1    1.23734e+29    1.62378e+06
          153.2     1.2569e+29    1.62713e+06
          153.3    1.27675e+29    1.63056e+06
          153.4    1.29691e+29    1.63395e+06
          153.5    1.31738e+29    1.63738e+06
          153.6    1.33815e+29     1.6408e+06
          153.7    1.35925e+29    1.64416e+06
          153.8    1.38067e+29    1.64763e+06
          153.9    1.40241e+29    1.65106e+06
            154    1.42449e+29    1.65443e+06
          154.1     1.4469e+29    1.65793e+06
          154.2    1.46965e+29    1.66132e+06
          154.3    1.49275e+29    1.66475e+06
          154.4     1.5162e+29    1.66819e+06
          154.5    1.54001e+29    1.67159e+06
          154.6    1.56418e+29    1.67507e+06
          154.7    1.58872e+29    1.67855e+06
          154.8    1.61363e+29    1.68197e+06
          154.9    1.63891e+29    1.68547e+06
            155    1.66458e+29    1.68892e+06
          155.1    1.69064e+29    1.69238e+06
          155.2     1.7171e+29    1.69592e+06
          155.3    1.74395e+29    1.69943e+06
          155.4    1.77121e+29    1.70293e+06
          155.5    1.79889e+29    1.70655e+06
          155.6    1.82698e+29    1.71007e+06
          155.7     1.8555e+29     1.7136e+06
          155.8    1.88445e+29    1.71716e+06
          155.9    1.91383e+29    1.72069e+06
            156    1.94366e+29    1.72428e+06
          156.1    1.97394e+29    1.72787e+06
          156.2    2.00467e+29    1.73143e+06
          156.3    2.03587e+29    1.73505e+06
          156.4    2.06754e+29    1.73861e+06
          156.5    2.09968e+29    1.74221e+06
          156.6    2.13231e+29    1.74586e+06
          156.7    2.16543e+29    1.74948e+06
          156.8    2.19905e+29    1.75313e+06
          156.9    2.23317e+29    1.75678e+06
            157     2.2678e+29    1.76037e+06
          157.1    2.30296e+29      1.764e+06
          157.2    2.33864e+29    1.76768e+06
          157.3    2.37485e+29    1.77131e+06
          157.4    2.41161e+29    1.77497e+06
          157.5    2.44892e+29    1.77867e+06
          157.6    2.48679e+29    1.78228e+06
          157.7    2.52523e+29    1.78597e+06
          157.8    2.56424e+29    1.78965e+06
          157.9    2.60383e+29    1.79325e+06
            158    2.64402e+29    1.79701e+06
          158.1     2.6848e+29    1.80071e+06
          158.2     2.7262e+29    1.80438e+06
          158.3    2.76821e+29    1.80813e+06
          158.4    2.81085e+29    1.81183e+06
          158.5    2.85412e+29    1.81554e+06
          158.6    2.89804e+29     1.8193e+06
          158.7    2.94262e+29    1.82301e+06
          158.8    2.98785e+29    1.82675e+06
          158.9    3.03376e+29     1.8305e+06
            159    3.08036e+29     1.8342e+06
          159.1    3.12764e+29    1.83793e+06
          159.2    3.17563e+29    1.84172e+06
          159.3    3.22433e+29    1.84544e+06
          159.4    3.27375e+29    1.84925e+06
          159.5    3.32391e+29    1.85303e+06
          159.6    3.37481e+29    1.85679e+06
          159.7    3.42646e+29    1.86059e+06
          159.8    3.47888e+29    1.86434e+06
          159.9    3.53208e+29    1.86814e+06
            160    3.58606e+29    1.87197e+06
          160.1    3.64085e+29    1.87572e+06
          160.2    3.69644e+29    1.87962e+06
          160.3    3.75285e+29    1.88343e+06
          160.4     3.8101e+29    1.88718e+06
          160.5    3.86819e+29    1.89104e+06
          160.6    3.92714e+29    1.89482e+06
          160.7    3.98696e+29    1.89866e+06
          160.8    4.04766e+29    1.90253e+06
          160.9    4.10926e+29    1.90633e+06
            161    4.17176e+29    1.91019e+06
          161.1    4.23518e+29    1.91402e+06
          161.2    4.29954e+29    1.91787e+06
          161.3    4.36484e+29    1.92177e+06
          161.4     4.4311e+29    1.92566e+06
          161.5    4.49834e+29    1.92952e+06
          161.6    4.56656e+29    1.93342e+06
          161.7    4.63579e+29    1.93725e+06
          161.8    4.70603e+29    1.94112e+06
          161.9     4.7773e+29    1.94506e+06
            162    4.84961e+29    1.94892e+06
          162.1    4.92299e+29    1.95281e+06
          162.2    4.99744e+29    1.95676e+06
          162.3    5.07298e+29     1.9606e+06
          162.4    5.14962e+29    1.96453e+06
          162.5    5.22739e+29    1.96845e+06
          162.6    5.30629e+29     1.9723e+06
          162.7    5.38635e+29    1.97627e+06
          162.8    5.46757e+29    1.98021e+06
          162.9    5.54998e+29    1.98411e+06
            163    5.63359e+29    1.98809e+06
          163.1    5.71842e+29    1.99203e+06
          163.2    5.80449e+29    1.99595e+06
          163.3    5.89181e+29    1.99994e+06
          163.4     5.9804e+29     2.0039e+06
          163.5    6.07029e+29    2.00783e+06
          163.6    6.16148e+29    2.01182e+06
          163.7    6.25399e+29    2.01576e+06
          163.8    6.34785e+29    2.01968e+06
          163.9    6.44308e+29    2.02372e+06
            164    6.53968e+29    2.02768e+06
          164.1    6.63769e+29    2.03167e+06
          164.2    6.73712e+29     2.0357e+06
          164.3    6.83799e+29    2.03965e+06
          164.4    6.94033e+29    2.04368e+06
          164.5    7.04414e+29    2.04767e+06
          164.6    7.14946e+29    2.05164e+06
          164.7    7.25631e+29    2.05571e+06
          164.8    7.36469e+29    2.05973e+06
          164.9    7.47465e+29    2.06378e+06
            165     7.5862e+29    2.06782e+06
          165.1    7.69935e+29    2.07179e+06
          165.2    7.81414e+29    2.07584e+06
          165.3    7.93059e+29    2.07989e+06
          165.4    8.04872e+29    2.08389e+06
          165.5    8.16855e+29    2.08798e+06
          165.6     8.2901e+29    2.09203e+06
          165.7    8.41341e+29    2.09604e+06
          165.8    8.53849e+29    2.10012e+06
          165.9    8.66537e+29    2.10418e+06
            166    8.79408e+29    2.10824e+06
          166.1    8.92464e+29    2.11239e+06
          166.2    9.05707e+29    2.11645e+06
          166.3    9.19141e+29    2.12056e+06
          166.4    9.32768e+29    2.12469e+06
          166.5     9.4659e+29    2.12874e+06
          166.6     9.6061e+29    2.13294e+06
          166.7    9.74831e+29     2.1371e+06
          166.8    9.89257e+29    2.14119e+06
          166.9    1.00389e+30    2.14543e+06
            167    1.01873e+30    2.14954e+06
          167.1    1.03378e+30    2.15371e+06
          167.2    1.04905e+30    2.15791e+06
          167.3    1.06454e+30    2.16206e+06
          167.4    1.08025e+30    2.16629e+06
          167.5    1.09618e+30    2.17051e+06
          167.6    1.11234e+30    2.17472e+06
          167.7    1.12873e+30    2.17896e+06
          167.8    1.14536e+30    2.18318e+06
          167.9    1.16222e+30    2.18743e+06
            168    1.17932e+30     2.1917e+06
          168.1    1.19667e+30    2.19593e+06
          168.2    1.21426e+30    2.20017e+06
          168.3     1.2321e+30    2.20447e+06
          168.4     1.2502e+30    2.20869e+06
          168.5    1.26855e+30    2.21294e+06
          168.6    1.28717e+30    2.21729e+06
          168.7    1.30605e+30    2.22153e+06
          168.8     1.3252e+30    2.22585e+06
          168.9    1.34462e+30     2.2302e+06
            169    1.36431e+30    2.23445e+06
          169.1    1.38428e+30    2.23879e+06
          169.2    1.40454e+30     2.2431e+06
          169.3    1.42509e+30     2.2474e+06
          169.4    1.44592e+30    2.25178e+06
          169.5    1.46705e+30    2.25614e+06
          169.6    1.48848e+30    2.26047e+06
          169.7    1.51021e+30    2.26485e+06
          169.8    1.53225e+30    2.26918e+06
          169.9     1.5546e+30    2.27349e+06
            170    1.57726e+30    2.27791e+06
          170.1    1.60025e+30    2.28227e+06
          170.2    1.62356e+30    2.28662e+06
          170.3     1.6472e+30    2.29105e+06
          170.4    1.67117e+30     2.2954e+06
          170.5    1.69548e+30    2.29977e+06
          170.6    1.72013e+30    2.30423e+06
          170.7    1.74513e+30    2.30859e+06
          170.8    1.77048e+30    2.31307e+06
          170.9    1.79619e+30     2.3175e+06
            171    1.82225e+30    2.32191e+06
          171.1    1.84869e+30    2.32639e+06
          171.2    1.87549e+30    2.33079e+06
          171.3    1.90268e+30    2.33526e+06
          171.4    1.93024e+30    2.33974e+06
          171.5    1.95819e+30    2.34415e+06
          171.6    1.98653e+30    2.34865e+06
          171.7    2.01527e+30    2.35311e+06
          171.8    2.04441e+30    2.35752e+06
          171.9    2.07396e+30    2.36201e+06
            172    2.10392e+30    2.36649e+06
          172.1     2.1343e+30    2.37094e+06
          172.2    2.16511e+30    2.37549e+06
          172.3    2.19635e+30    2.37997e+06
          172.4    2.22802e+30    2.38446e+06
          172.5    2.26013e+30      2.389e+06
          172.6     2.2927e+30    2.39349e+06
          172.7    2.32571e+30    2.39802e+06
          172.8    2.35919e+30    2.40256e+06
          172.9    2.39313e+30    2.40703e+06
            173    2.42755e+30     2.4116e+06
          173.1    2.46245e+30     2.4161e+06
          173.2    2.49783e+30    2.42061e+06
          173.3     2.5337e+30    2.42522e+06
          173.4    2.57008e+30    2.42972e+06
          173.5    2.60695e+30    2.43429e+06
          173.6    2.64434e+30    2.43891e+06
          173.7    2.68225e+30    2.44342e+06
          173.8    2.72069e+30    2.44802e+06
          173.9    2.75966e+30    2.45259e+06
            174    2.79917e+30    2.45715e+06
          174.1    2.83922e+30    2.46177e+06
          174.2    2.87983e+30    2.46641e+06
          174.3    2.92101e+30    2.47098e+06
          174.4    2.96275e+30    2.47561e+06
          174.5    3.00507e+30     2.4802e+06
          174.6    3.04798e+30    2.48476e+06
          174.7    3.09148e+30    2.48942e+06
          174.8    3.13558e+30    2.49404e+06
          174.9    3.18029e+30    2.49861e+06
            175    3.22561e+30    2.50331e+06
          175.1    3.27157e+30     2.5079e+06
          175.2    3.31815e+30     2.5125e+06
          175.3    3.36538e+30    2.51722e+06
          175.4    3.41326e+30    2.52186e+06
          175.5     3.4618e+30    2.52653e+06
          175.6      3.511e+30    2.53123e+06
          175.7    3.56089e+30    2.53589e+06
          175.8    3.61146e+30    2.54058e+06
          175.9    3.66272e+30    2.54526e+06
            176    3.71469e+30    2.54993e+06
          176.1    3.76737e+30    2.55465e+06
          176.2    3.82078e+30    2.55935e+06
          176.3    3.87492e+30    2.56402e+06
          176.4     3.9298e+30    2.56874e+06
          176.5    3.98544e+30    2.57341e+06
          176.6    4.04183e+30    2.57809e+06
          176.7      4.099e+30    2.58285e+06
          176.8    4.15696e+30    2.58753e+06
          176.9     4.2157e+30    2.59229e+06
            177    4.27525e+30    2.59704e+06
          177.1    4.33561e+30    2.60171e+06
          177.2     4.3968e+30     2.6065e+06
          177.3    4.45883e+30    2.61126e+06
          177.4     4.5217e+30    2.61599e+06
          177.5    4.58543e+30    2.62084e+06
          177.6    4.65003e+30    2.62558e+06
          177.7    4.71551e+30    2.63039e+06
          177.8    4.78189e+30    2.63521e+06
          177.9    4.84916e+30    2.63998e+06
            178    4.91736e+30    2.64486e+06
          178.1    4.98648e+30    2.64971e+06
          178.2    5.05654e+30    2.65452e+06
          178.3    5.12756e+30    2.65943e+06
          178.4    5.19954e+30    2.66428e+06
          178.5     5.2725e+30    2.66912e+06
          178.6    5.34646e+30    2.67403e+06
          178.7    5.42141e+30    2.67891e+06
          178.8    5.49738e+30     2.6838e+06
          178.9    5.57439e+30    2.68877e+06
            179    5.65244e+30    2.69366e+06
          179.1    5.73154e+30    2.69858e+06
          179.2    5.81172e+30    2.70348e+06
          179.3    5.89299e+30    2.70838e+06
          179.4    5.97535e+30    2.71336e+06
          179.5    6.05883e+30    2.71829e+06
          179.6    6.14344e+30    2.72321e+06
          179.7    6.22919e+30    2.72822e+06
          179.8     6.3161e+30    2.73311e+06
          179.9    6.40418e+30     2.7381e+06
            180    6.49345e+30    2.74314e+06
          180.1    6.58393e+30    2.74809e+06
          180.2    6.67563e+30    2.75311e+06
          180.3    6.76857e+30    2.75815e+06
          180.4    6.86275e+30    2.76314e+06
          180.5    6.95821e+30    2.76818e+06
          180.6    7.05495e+30    2.77321e+06
          180.7      7.153e+30    2.77822e+06
          180.8    7.25236e+30    2.78328e+06
          180.9    7.35306e+30    2.78834e+06
            181    7.45511e+30    2.79333e+06
          181.1    7.55854e+30    2.79842e+06
          181.2    7.66335e+30    2.80345e+06
          181.3    7.76957e+30    2.80844e+06
          181.4    7.87722e+30    2.81359e+06
          181.5    7.98631e+30    2.81864e+06
          181.6    8.09687e+30     2.8237e+06
          181.7     8.2089e+30    2.82885e+06
          181.8    8.32244e+30     2.8339e+06
          181.9    8.43749e+30    2.83899e+06
            182    8.55409e+30    2.84415e+06
          182.1    8.67224e+30    2.84926e+06
          182.2    8.79198e+30    2.85443e+06
          182.3    8.91332e+30    2.85959e+06
          182.4    9.03627e+30    2.86473e+06
          182.5    9.16087e+30    2.86989e+06
          182.6    9.28714e+30    2.87506e+06
          182.7    9.41509e+30    2.88021e+06
          182.8    9.54474e+30    2.88543e+06
          182.9    9.67612e+30    2.89059e+06
            183    9.80926e+30    2.89576e+06
          183.1    9.94417e+30    2.90098e+06
          183.2    1.00809e+31    2.90611e+06
          183.3    1.02194e+31    2.91132e+06
          183.4    1.03598e+31    2.91656e+06
          183.5     1.0502e+31     2.9217e+06
          183.6    1.06461e+31      2.927e+06
          183.7    1.07922e+31    2.93222e+06
          183.8    1.09401e+31    2.93737e+06
          183.9    1.10901e+31    2.94263e+06
            184     1.1242e+31    2.94782e+06
          184.1     1.1396e+31    2.95305e+06
          184.2     1.1552e+31    2.95832e+06
          184.3      1.171e+31    2.96352e+06
          184.4    1.18702e+31     2.9688e+06
          184.5    1.20324e+31    2.97402e+06
          184.6    1.21968e+31    2.97927e+06
          184.7    1.23634e+31    2.98458e+06
          184.8    1.25322e+31    2.98985e+06
          184.9    1.27033e+31    2.99512e+06
            185    1.28766e+31    3.00047e+06
          185.1    1.30521e+31    3.00574e+06
          185.2      1.323e+31    3.01103e+06
          185.3    1.34103e+31    3.01636e+06
          185.4    1.35929e+31    3.02165e+06
          185.5    1.37779e+31    3.02698e+06
          185.6    1.39654e+31    3.03232e+06
          185.7    1.41553e+31    3.03758e+06
          185.8    1.43478e+31    3.04295e+06
          185.9    1.45427e+31    3.04825e+06
            186    1.47403e+31    3.05353e+06
          186.1    1.49404e+31    3.05894e+06
          186.2    1.51432e+31    3.06426e+06
          186.3    1.53486e+31    3.06959e+06
          186.4    1.55567e+31    3.07501e+06
          186.5    1.57676e+31    3.08033e+06
          186.6    1.59812e+31    3.08569e+06
          186.7    1.61976e+31    3.09112e+06
          186.8    1.64169e+31    3.09652e+06
          186.9     1.6639e+31    3.10191e+06
            187    1.68641e+31    3.10736e+06
          187.1    1.70921e+31    3.11277e+06
          187.2    1.73231e+31    3.11817e+06
          187.3    1.75571e+31    3.12363e+06
          187.4    1.77941e+31    3.12905e+06
          187.5    1.80343e+31     3.1345e+06
          187.6    1.82776e+31    3.13995e+06
          187.7    1.85241e+31    3.14534e+06
          187.8    1.87738e+31    3.15083e+06
          187.9    1.90267e+31    3.15624e+06
            188     1.9283e+31    3.16167e+06
          188.1    1.95426e+31    3.16719e+06
          188.2    1.98056e+31    3.17262e+06
          188.3     2.0072e+31    3.17813e+06
          188.4    2.03419e+31    3.18362e+06
          188.5    2.06153e+31    3.18907e+06
          188.6    2.08922e+31    3.19459e+06
          188.7    2.11728e+31    3.20012e+06
          188.8     2.1457e+31    3.20561e+06
          188.9    2.17449e+31     3.2112e+06
            189    2.20365e+31    3.21674e+06
          189.1    2.23319e+31    3.22226e+06
          189.2    2.26312e+31    3.22785e+06
          189.3    2.29343e+31    3.23341e+06
          189.4    2.32414e+31      3.239e+06
          189.5    2.35524e+31    3.24466e+06
          189.6    2.38675e+31    3.25022e+06
          189.7    2.41867e+31    3.25588e+06
          189.8      2.451e+31    3.26153e+06
          189.9    2.48375e+31    3.26708e+06
            190    2.51692e+31    3.27278e+06
          190.1    2.55052e+31    3.27844e+06
          190.2    2.58455e+31    3.28403e+06
          190.3    2.61903e+31    3.28975e+06
          190.4    2.65395e+31    3.29537e+06
          190.5    2.68932e+31    3.30103e+06
          190.6    2.72515e+31     3.3067e+06
          190.7    2.76144e+31    3.31235e+06
          190.8    2.79819e+31    3.31807e+06
          190.9    2.83542e+31    3.32376e+06
            191    2.87313e+31    3.32945e+06
          191.1    2.91133e+31    3.33521e+06
          191.2    2.95002e+31    3.34089e+06
          191.3     2.9892e+31    3.34662e+06
          191.4    3.02889e+31    3.35241e+06
          191.5    3.06909e+31    3.35815e+06
          191.6    3.10981e+31    3.36392e+06
          191.7    3.15105e+31    3.36974e+06
          191.8    3.19282e+31    3.37549e+06
          191.9    3.23513e+31    3.38128e+06
            192    3.27797e+31    3.38711e+06
          192.1    3.32137e+31    3.39288e+06
          192.2    3.36533e+31    3.39872e+06
          192.3    3.40984e+31    3.40455e+06
          192.4    3.45493e+31    3.41031e+06
          192.5     3.5006e+31    3.41618e+06
          192.6    3.54684e+31    3.42197e+06
          192.7    3.59368e+31    3.42777e+06
          192.8    3.64112e+31    3.43367e+06
          192.9    3.68917e+31    3.43951e+06
            193    3.73783e+31    3.44534e+06
          193.1    3.78711e+31    3.45125e+06
          193.2    3.83702e+31    3.45711e+06
          193.3    3.88757e+31    3.46296e+06
          193.4    3.93876e+31    3.46892e+06
          193.5    3.99061e+31    3.47483e+06
          193.6    4.04311e+31    3.48073e+06
          193.7    4.09629e+31    3.48672e+06
          193.8    4.15014e+31    3.49263e+06
          193.9    4.20468e+31    3.49857e+06
            194    4.25991e+31    3.50454e+06
          194.1    4.31584e+31    3.51044e+06
          194.2    4.37249e+31    3.51647e+06
          194.3    4.42985e+31    3.52242e+06
          194.4    4.48795e+31    3.52837e+06
          194.5    4.54678e+31    3.53439e+06
          194.6    4.60636e+31     3.5403e+06
          194.7    4.66669e+31     3.5463e+06
          194.8    4.72779e+31    3.55232e+06
          194.9    4.78966e+31    3.55823e+06
            195    4.85232e+31    3.56427e+06
          195.1    4.91577e+31    3.57026e+06
          195.2    4.98003e+31    3.57619e+06
          195.3     5.0451e+31     3.5822e+06
          195.4    5.11099e+31    3.58821e+06
          195.5    5.17771e+31    3.59418e+06
          195.6    5.24528e+31    3.60025e+06
          195.7     5.3137e+31    3.60626e+06
          195.8    5.38299e+31    3.61227e+06
          195.9    5.45315e+31    3.61833e+06
            196     5.5242e+31    3.62435e+06
          196.1    5.59614e+31    3.63043e+06
          196.2    5.66899e+31    3.63653e+06
          196.3    5.74276e+31    3.64255e+06
          196.4    5.81746e+31    3.64871e+06
          196.5     5.8931e+31    3.65477e+06
          196.6    5.96969e+31    3.66084e+06
          196.7    6.04724e+31    3.66698e+06
          196.8    6.12577e+31    3.67304e+06
          196.9    6.20529e+31    3.67917e+06
            197    6.28581e+31    3.68531e+06
          197.1    6.36734e+31    3.69137e+06
          197.2    6.44989e+31    3.69753e+06
          197.3    6.53348e+31    3.70361e+06
          197.4    6.61812e+31    3.70972e+06
          197.5    6.70382e+31    3.71591e+06
          197.6     6.7906e+31    3.72205e+06
          197.7    6.87846e+31    3.72818e+06
          197.8    6.96742e+31    3.73437e+06
          197.9     7.0575e+31    3.74053e+06
            198    7.14871e+31    3.74667e+06
          198.1    7.24105e+31    3.75292e+06
          198.2    7.33455e+31    3.75913e+06
          198.3    7.42923e+31    3.76529e+06
          198.4    7.52508e+31    3.77159e+06
          198.5    7.62213e+31    3.77779e+06
          198.6     7.7204e+31      3.784e+06
          198.7    7.81989e+31    3.79027e+06
          198.8    7.92062e+31    3.79649e+06
          198.9    8.02261e+31    3.80276e+06
            199    8.12587e+31      3.809e+06
          199.1    8.23042e+31    3.81524e+06
          199.2    8.33627e+31    3.82152e+06
          199.3    8.44343e+31    3.82775e+06
          199.4    8.55194e+31    3.83399e+06
          199.5    8.66179e+31     3.8403e+06
          199.6    8.77301e+31    3.84659e+06
          199.7    8.88561e+31    3.85287e+06
          199.8    8.99961e+31    3.85919e+06
          199.9    9.11503e+31    3.86548e+06
            200    9.23188e+31    3.87177e+06
          200.1    9.35018e+31    3.87815e+06
          200.2    9.46995e+31    3.88446e+06
          200.3    9.59121e+31    3.89085e+06
          200.4    9.71397e+31    3.89723e+06
          200.5    9.83825e+31    3.90354e+06
          200.6    9.96407e+31    3.90997e+06
          200.7    1.00914e+32    3.91637e+06
          200.8    1.02204e+32    3.92275e+06
          200.9    1.03509e+32    3.92925e+06
            201    1.04831e+32    3.93562e+06
          201.1    1.06169e+32     3.9421e+06
          201.2    1.07524e+32    3.94857e+06
          201.3    1.08895e+32    3.95497e+06
          201.4    1.10283e+32    3.96147e+06
          201.5    1.11688e+32    3.96796e+06
          201.6    1.13111e+32    3.97438e+06
          201.7    1.14551e+32    3.98091e+06
          201.8    1.16009e+32    3.98739e+06
          201.9    1.17485e+32    3.99384e+06
            202    1.18979e+32    4.00035e+06
          202.1    1.20492e+32    4.00685e+06
          202.2    1.22023e+32    4.01336e+06
          202.3    1.23573e+32    4.01993e+06
          202.4    1.25142e+32    4.02643e+06
          202.5    1.26731e+32    4.03299e+06
          202.6    1.28339e+32    4.03954e+06
          202.7    1.29966e+32    4.04607e+06
          202.8    1.31614e+32    4.05271e+06
          202.9    1.33282e+32    4.05929e+06
            203     1.3497e+32    4.06586e+06
          203.1    1.36679e+32    4.07255e+06
          203.2    1.38409e+32    4.07911e+06
          203.3     1.4016e+32    4.08575e+06
          203.4    1.41933e+32     4.0924e+06
          203.5    1.43727e+32      4.099e+06
          203.6    1.45544e+32    4.10569e+06
          203.7    1.47382e+32    4.11233e+06
          203.8    1.49243e+32    4.11896e+06
          203.9    1.51127e+32    4.12565e+06
            204    1.53034e+32    4.13228e+06
          204.1    1.54964e+32    4.13893e+06
          204.2    1.56918e+32    4.14564e+06
          204.3    1.58895e+32    4.15236e+06
          204.4    1.60897e+32    4.15902e+06
          204.5    1.62923e+32    4.16577e+06
          204.6    1.64974e+32    4.17248e+06
          204.7     1.6705e+32    4.17914e+06
          204.8    1.69151e+32    4.18597e+06
          204.9    1.71277e+32    4.19272e+06
            205     1.7343e+32    4.19946e+06
          205.1    1.75609e+32     4.2063e+06
          205.2    1.77814e+32    4.21305e+06
          205.3    1.80046e+32    4.21984e+06
          205.4    1.82306e+32    4.22665e+06
          205.5    1.84592e+32    4.23343e+06
          205.6    1.86907e+32    4.24028e+06
          205.7    1.89249e+32    4.24708e+06
          205.8     1.9162e+32    4.25388e+06
          205.9     1.9402e+32    4.26072e+06
            206    1.96449e+32    4.26753e+06
          206.1    1.98907e+32    4.27434e+06
          206.2    2.01395e+32    4.28122e+06
          206.3    2.03914e+32    4.28801e+06
          206.4    2.06463e+32    4.29485e+06
          206.5    2.09042e+32    4.30173e+06
          206.6    2.11653e+32    4.30849e+06
          206.7    2.14295e+32    4.31535e+06
          206.8     2.1697e+32    4.32225e+06
          206.9    2.19676e+32    4.32903e+06
            207    2.22416e+32    4.33598e+06
          207.1    2.25188e+32    4.34285e+06
          207.2    2.27994e+32    4.34969e+06
          207.3    2.30834e+32    4.35662e+06
          207.4    2.33708e+32    4.36349e+06
          207.5    2.36617e+32    4.37043e+06
          207.6     2.3956e+32    4.37739e+06
          207.7     2.4254e+32    4.38428e+06
          207.8    2.45555e+32    4.39127e+06
          207.9    2.48606e+32     4.3982e+06
            208    2.51694e+32    4.40513e+06
          208.1     2.5482e+32    4.41212e+06
          208.2    2.57982e+32    4.41907e+06
          208.3    2.61183e+32    4.42603e+06
          208.4    2.64423e+32    4.43303e+06
          208.5    2.67701e+32    4.43998e+06
          208.6    2.71018e+32    4.44696e+06
          208.7    2.74376e+32    4.45394e+06
          208.8    2.77773e+32    4.46091e+06
          208.9    2.81212e+32    4.46794e+06
            209    2.84692e+32    4.47497e+06
          209.1    2.88213e+32    4.48193e+06
          209.2    2.91776e+32    4.48902e+06
          209.3    2.95383e+32    4.49603e+06
          209.4    2.99032e+32    4.50303e+06
          209.5    3.02725e+32    4.51016e+06
          209.6    3.06462e+32    4.51722e+06
          209.7    3.10244e+32    4.52428e+06
          209.8    3.14071e+32    4.53142e+06
          209.9    3.17944e+32    4.53849e+06
            210    3.21863e+32    4.54558e+06
          210.1    3.25829e+32     4.5527e+06
          210.2    3.29842e+32    4.55982e+06
          210.3    3.33903e+32    4.56693e+06
          210.4    3.38012e+32    4.57406e+06
          210.5    3.42171e+32    4.58118e+06
          210.6    3.46379e+32    4.58829e+06
          210.7    3.50637e+32    4.59549e+06
          210.8    3.54945e+32    4.60264e+06
          210.9    3.59305e+32    4.60983e+06
            211    3.63717e+32    4.61702e+06
          211.1    3.68182e+32    4.62416e+06
          211.2    3.72699e+32     4.6314e+06
          211.3     3.7727e+32    4.63857e+06
          211.4    3.81896e+32    4.64575e+06
          211.5    3.86576e+32    4.65303e+06
          211.6    3.91312e+32    4.66022e+06
          211.7    3.96104e+32     4.6675e+06
          211.8    4.00953e+32    4.67475e+06
          211.9    4.05859e+32    4.68198e+06
            212    4.10824e+32    4.68928e+06
          212.1    4.15847e+32    4.69657e+06
          212.2     4.2093e+32    4.70385e+06
          212.3    4.26073e+32    4.71121e+06
          212.4    4.31277e+32    4.71852e+06
          212.5    4.36542e+32    4.72585e+06
          212.6     4.4187e+32    4.73322e+06
          212.7     4.4726e+32    4.74053e+06
          212.8    4.52715e+32    4.74788e+06
          212.9    4.58233e+32     4.7553e+06
            213    4.63817e+32    4.76259e+06
          213.1    4.69467e+32       4.77e+06
          213.2    4.75184e+32     4.7774e+06
          213.3    4.80967e+32    4.78469e+06
          213.4    4.86819e+32    4.79213e+06
          213.5     4.9274e+32    4.79953e+06
          213.6    4.98731e+32     4.8069e+06
          213.7    5.04792e+32    4.81439e+06
          213.8    5.10925e+32    4.82177e+06
          213.9     5.1713e+32    4.82923e+06
            214    5.23407e+32    4.83668e+06
          214.1    5.29759e+32    4.84411e+06
          214.2    5.36185e+32    4.85163e+06
          214.3    5.42687e+32     4.8591e+06
          214.4    5.49265e+32    4.86659e+06
          214.5     5.5592e+32    4.87415e+06
          214.6    5.62653e+32    4.88163e+06
          214.7    5.69466e+32    4.88915e+06
          214.8    5.76358e+32    4.89669e+06
          214.9    5.83331e+32    4.90422e+06
            215    5.90386e+32    4.91176e+06
          215.1    5.97523e+32    4.91933e+06
          215.2    6.04744e+32    4.92684e+06
          215.3    6.12049e+32    4.93444e+06
          215.4     6.1944e+32    4.94204e+06
          215.5    6.26917e+32     4.9496e+06
          215.6    6.34482e+32    4.95726e+06
          215.7    6.42135e+32    4.96488e+06
          215.8    6.49878e+32    4.97245e+06
          215.9    6.57711e+32    4.98013e+06
            216    6.65635e+32    4.98773e+06
          216.1    6.73652e+32    4.99535e+06
          216.2    6.81762e+32    5.00307e+06
          216.3    6.89967e+32    5.01073e+06
          216.4    6.98268e+32    5.01839e+06
          216.5    7.06665e+32    5.02613e+06
          216.6     7.1516e+32    5.03382e+06
          216.7    7.23754e+32     5.0415e+06
          216.8    7.32448e+32    5.04924e+06
          216.9    7.41243e+32    5.05696e+06
            217    7.50141e+32    5.06467e+06
          217.1    7.59141e+32    5.07242e+06
          217.2    7.68247e+32    5.08013e+06
          217.3    7.77458e+32    5.08788e+06
          217.4    7.86776e+32    5.09562e+06
          217.5    7.96203e+32    5.10331e+06
          217.6    8.05738e+32    5.11114e+06
          217.7    8.15385e+32    5.11885e+06
          217.8    8.25143e+32    5.12658e+06
          217.9    8.35014e+32    5.13439e+06
            218       8.45e+32    5.14206e+06
          218.1    8.55101e+32    5.14984e+06
          218.2    8.65319e+32    5.15766e+06
          218.3    8.75656e+32    5.16538e+06
          218.4    8.86112e+32    5.17322e+06
          218.5    8.96689e+32    5.18102e+06
          218.6    9.07388e+32    5.18877e+06
          218.7    9.18211e+32    5.19661e+06
          218.8    9.29159e+32    5.20444e+06
          218.9    9.40233e+32    5.21226e+06
            219    9.51436e+32    5.22016e+06
          219.1    9.62767e+32    5.22799e+06
          219.2    9.74229e+32    5.23586e+06
          219.3    9.85824e+32    5.24376e+06
          219.4    9.97552e+32    5.25159e+06
          219.5    1.00941e+33    5.25948e+06
          219.6    1.02141e+33     5.2674e+06
          219.7    1.03355e+33    5.27523e+06
          219.8    1.04583e+33    5.28318e+06
          219.9    1.05825e+33    5.29106e+06
            220    1.07081e+33    5.29897e+06
          220.1    1.08352e+33    5.30694e+06
          220.2    1.09637e+33    5.31484e+06
          220.3    1.10937e+33    5.32282e+06
          220.4    1.12252e+33     5.3308e+06
          220.5    1.13582e+33     5.3387e+06
          220.6    1.14927e+33    5.34673e+06
          220.7    1.16288e+33    5.35466e+06
          220.8    1.17664e+33    5.36263e+06
          220.9    1.19056e+33    5.37069e+06
            221    1.20464e+33    5.37867e+06
          221.1    1.21888e+33    5.38667e+06
          221.2    1.23329e+33    5.39475e+06
          221.3    1.24786e+33    5.40277e+06
          221.4    1.26259e+33    5.41079e+06
          221.5     1.2775e+33    5.41885e+06
          221.6    1.29257e+33    5.42691e+06
          221.7    1.30782e+33    5.43495e+06
          221.8    1.32324e+33     5.4431e+06
          221.9    1.33884e+33    5.45117e+06
            222    1.35462e+33    5.45925e+06
          222.1    1.37057e+33    5.46741e+06
          222.2    1.38671e+33    5.47551e+06
          222.3    1.40303e+33    5.48366e+06
          222.4    1.41954e+33     5.4918e+06
          222.5    1.43624e+33    5.49992e+06
          222.6    1.45312e+33    5.50809e+06
          222.7     1.4702e+33    5.51621e+06
          222.8    1.48747e+33    5.52436e+06
          222.9    1.50494e+33    5.53256e+06
            223    1.52261e+33    5.54075e+06
          223.1    1.54048e+33    5.54894e+06
          223.2    1.55855e+33    5.55716e+06
          223.3    1.57683e+33    5.56535e+06
          223.4    1.59532e+33    5.57356e+06
          223.5    1.61401e+33    5.58184e+06
          223.6    1.63292e+33    5.59007e+06
          223.7    1.65204e+33    5.59837e+06
          223.8    1.67138e+33    5.60666e+06
          223.9    1.69094e+33    5.61489e+06
            224    1.71072e+33    5.62324e+06
          224.1    1.73072e+33    5.63151e+06
          224.2    1.75095e+33    5.63979e+06
          224.3    1.77141e+33    5.64818e+06
          224.4     1.7921e+33    5.65642e+06
          224.5    1.81303e+33    5.66479e+06
          224.6    1.83419e+33    5.67314e+06
          224.7    1.85559e+33    5.68144e+06
          224.8    1.87723e+33    5.68985e+06
          224.9    1.89912e+33    5.69823e+06
            225    1.92125e+33    5.70658e+06
          225.1    1.94364e+33    5.71503e+06
          225.2    1.96627e+33    5.72342e+06
          225.3    1.98917e+33     5.7318e+06
          225.4    2.01232e+33    5.74023e+06
          225.5    2.03573e+33    5.74866e+06
          225.6     2.0594e+33     5.7571e+06
          225.7    2.08334e+33    5.76559e+06
          225.8    2.10755e+33    5.77402e+06
          225.9    2.13204e+33    5.78253e+06
            226     2.1568e+33    5.79101e+06
          226.1    2.18184e+33    5.79945e+06
          226.2    2.20715e+33      5.808e+06
          226.3    2.23276e+33    5.81649e+06
          226.4    2.25865e+33      5.825e+06
          226.5    2.28483e+33    5.83361e+06
          226.6    2.31131e+33     5.8421e+06
          226.7    2.33808e+33    5.85069e+06
          226.8    2.36516e+33    5.85927e+06
          226.9    2.39253e+33    5.86782e+06
            227    2.42022e+33    5.87646e+06
          227.1    2.44821e+33    5.88503e+06
          227.2    2.47652e+33     5.8936e+06
          227.3    2.50515e+33    5.90226e+06
          227.4    2.53409e+33    5.91084e+06
          227.5    2.56336e+33    5.91944e+06
          227.6    2.59296e+33    5.92812e+06
          227.7    2.62289e+33    5.93679e+06
          227.8    2.65315e+33    5.94541e+06
          227.9    2.68375e+33    5.95413e+06
            228    2.71469e+33    5.96281e+06
          228.1    2.74598e+33    5.97144e+06
          228.2    2.77762e+33    5.98018e+06
          228.3    2.80961e+33    5.98887e+06
          228.4    2.84196e+33    5.99756e+06
          228.5    2.87467e+33     6.0063e+06
          228.6    2.90774e+33    6.01497e+06
          228.7    2.94118e+33    6.02371e+06
          228.8      2.975e+33    6.03241e+06
          228.9    3.00919e+33    6.04112e+06
            229    3.04376e+33     6.0499e+06
          229.1    3.07871e+33    6.05859e+06
          229.2    3.11406e+33     6.0673e+06
          229.3     3.1498e+33    6.07608e+06
          229.4    3.18593e+33    6.08482e+06
          229.5    3.22247e+33    6.09358e+06
          229.6    3.25941e+33    6.10241e+06
          229.7    3.29676e+33    6.11115e+06
          229.8    3.33453e+33    6.11995e+06
          229.9    3.37271e+33    6.12878e+06
            230    3.41132e+33    6.13751e+06
          230.1    3.45036e+33    6.14634e+06
          230.2    3.48983e+33     6.1552e+06
          230.3    3.52974e+33    6.16396e+06
          230.4    3.57009e+33    6.17288e+06
          230.5    3.61089e+33    6.18172e+06
          230.6    3.65214e+33    6.19054e+06
          230.7    3.69384e+33    6.19945e+06
          230.8    3.73601e+33    6.20826e+06
          230.9    3.77864e+33    6.21715e+06
            231    3.82174e+33    6.22608e+06
          231.1    3.86532e+33    6.23494e+06
          231.2    3.90938e+33    6.24391e+06
          231.3    3.95393e+33    6.25281e+06
          231.4    3.99897e+33    6.26172e+06
          231.5     4.0445e+33     6.2707e+06
          231.6    4.09054e+33    6.27964e+06
          231.7    4.13709e+33    6.28859e+06
          231.8    4.18415e+33    6.29758e+06
          231.9    4.23172e+33    6.30652e+06
            232    4.27983e+33     6.3155e+06
          232.1    4.32846e+33    6.32447e+06
          232.2    4.37762e+33    6.33344e+06
          232.3    4.42733e+33    6.34248e+06
          232.4    4.47758e+33     6.3515e+06
          232.5    4.52839e+33    6.36047e+06
          232.6    4.57975e+33    6.36958e+06
          232.7    4.63168e+33    6.37859e+06
          232.8    4.68418e+33    6.38762e+06
          232.9    4.73726e+33    6.39676e+06
            233    4.79092e+33    6.40581e+06
          233.1    4.84516e+33    6.41491e+06
          233.2        4.9e+33    6.42407e+06
          233.3    4.95545e+33    6.43315e+06
          233.4     5.0115e+33    6.44228e+06
          233.5    5.06816e+33    6.45141e+06
          233.6    5.12545e+33    6.46055e+06
          233.7    5.18336e+33    6.46971e+06
          233.8    5.24191e+33    6.47886e+06
          233.9    5.30109e+33    6.48801e+06
            234    5.36093e+33    6.49715e+06
          234.1    5.42142e+33    6.50639e+06
          234.2    5.48257e+33    6.51557e+06
          234.3    5.54438e+33     6.5248e+06
          234.4    5.60688e+33    6.53403e+06
          234.5    5.67005e+33    6.54321e+06
          234.6    5.73392e+33     6.5525e+06
          234.7    5.79848e+33    6.56171e+06
          234.8    5.86374e+33    6.57094e+06
          234.9    5.92972e+33    6.58026e+06
            235    5.99641e+33     6.5895e+06
          235.1    6.06384e+33    6.59883e+06
          235.2    6.13199e+33    6.60813e+06
          235.3    6.20089e+33    6.61741e+06
          235.4    6.27054e+33    6.62677e+06
          235.5    6.34095e+33    6.63606e+06
          235.6    6.41212e+33    6.64538e+06
          235.7    6.48407e+33    6.65477e+06
          235.8    6.55679e+33    6.66412e+06
          235.9    6.63031e+33     6.6735e+06
            236    6.70463e+33    6.68291e+06
          236.1    6.77975e+33    6.69228e+06
          236.2    6.85569e+33    6.70168e+06
          236.3    6.93245e+33    6.71116e+06
          236.4    7.01005e+33    6.72052e+06
          236.5    7.08848e+33    6.72999e+06
          236.6    7.16777e+33    6.73944e+06
          236.7    7.24791e+33     6.7488e+06
          236.8    7.32893e+33    6.75831e+06
          236.9    7.41082e+33    6.76777e+06
            237     7.4936e+33    6.77721e+06
          237.1    7.57727e+33    6.78677e+06
          237.2    7.66185e+33    6.79621e+06
          237.3    7.74734e+33    6.80576e+06
          237.4    7.83375e+33    6.81528e+06
          237.5     7.9211e+33    6.82479e+06
          237.6     8.0094e+33    6.83439e+06
          237.7    8.09864e+33    6.84394e+06
          237.8    8.18885e+33    6.85352e+06
          237.9    8.28003e+33    6.86316e+06
            238     8.3722e+33    6.87272e+06
          238.1    8.46536e+33    6.88233e+06
          238.2    8.55952e+33    6.89195e+06
          238.3     8.6547e+33    6.90157e+06
          238.4    8.75091e+33    6.91121e+06
          238.5    8.84815e+33    6.92086e+06
          238.6    8.94643e+33    6.93047e+06
          238.7    9.04578e+33    6.94016e+06
          238.8    9.14619e+33    6.94986e+06
          238.9    9.24768e+33    6.95951e+06
            239    9.35026e+33    6.96927e+06
          239.1    9.45395e+33    6.97898e+06
          239.2    9.55875e+33    6.98865e+06
          239.3    9.66467e+33    6.99845e+06
          239.4    9.77173e+33    7.00815e+06
          239.5    9.87994e+33    7.01787e+06
          239.6    9.98931e+33    7.02764e+06
          239.7    1.00999e+34    7.03738e+06
          239.8    1.02116e+34    7.04712e+06
          239.9    1.03245e+34    7.05689e+06
            240    1.04386e+34    7.06666e+06
          240.1     1.0554e+34    7.07642e+06
          240.2    1.06706e+34    7.08617e+06
          240.3    1.07884e+34    7.09595e+06
          240.4    1.09075e+34    7.10574e+06
          240.5    1.10279e+34    7.11557e+06
          240.6    1.11496e+34    7.12535e+06
          240.7    1.12725e+34     7.1352e+06
          240.8    1.13968e+34    7.14502e+06
          240.9    1.15224e+34    7.15481e+06
            241    1.16494e+34    7.16473e+06
          241.1    1.17776e+34    7.17454e+06
          241.2    1.19073e+34    7.18438e+06
          241.3    1.20384e+34    7.19429e+06
          241.4    1.21708e+34    7.20406e+06
          241.5    1.23047e+34    7.21396e+06
          241.6      1.244e+34    7.22388e+06
          241.7    1.25767e+34    7.23371e+06
          241.8    1.27149e+34    7.24367e+06
          241.9    1.28545e+34    7.25357e+06
            242    1.29956e+34    7.26345e+06
          242.1    1.31383e+34    7.27341e+06
          242.2    1.32824e+34    7.28337e+06
          242.3    1.34281e+34    7.29331e+06
          242.4    1.35754e+34    7.30332e+06
          242.5    1.37241e+34    7.31329e+06
          242.6    1.38745e+34    7.32329e+06
          242.7    1.40265e+34    7.33331e+06
          242.8    1.41801e+34    7.34327e+06
          242.9    1.43353e+34     7.3533e+06
            243    1.44922e+34    7.36334e+06
          243.1    1.46507e+34    7.37332e+06
          243.2    1.48109e+34    7.38341e+06
          243.3    1.49728e+34    7.39342e+06
          243.4    1.51364e+34    7.40347e+06
          243.5    1.53017e+34    7.41358e+06
          243.6    1.54688e+34    7.42362e+06
          243.7    1.56377e+34    7.43376e+06
          243.8    1.58083e+34    7.44387e+06
          243.9    1.59808e+34    7.45396e+06
            244    1.61551e+34    7.46418e+06
          244.1    1.63312e+34    7.47428e+06
          244.2    1.65092e+34    7.48442e+06
          244.3     1.6689e+34    7.49466e+06
          244.4    1.68708e+34     7.5048e+06
          244.5    1.70544e+34    7.51498e+06
          244.6      1.724e+34    7.52522e+06
          244.7    1.74276e+34     7.5354e+06
          244.8    1.76172e+34    7.54561e+06
          244.9    1.78087e+34    7.55583e+06
            245    1.80022e+34    7.56605e+06
          245.1    1.81978e+34    7.57628e+06
          245.2    1.83955e+34    7.58659e+06
          245.3    1.85952e+34    7.59684e+06
          245.4     1.8797e+34    7.60711e+06
          245.5     1.9001e+34    7.61743e+06
          245.6    1.92071e+34    7.62771e+06
          245.7    1.94154e+34    7.63804e+06
          245.8    1.96258e+34    7.64836e+06
          245.9    1.98385e+34    7.65865e+06
            246    2.00534e+34    7.66901e+06
          246.1    2.02705e+34    7.67932e+06
          246.2    2.04899e+34    7.68965e+06
          246.3    2.07116e+34    7.70004e+06
          246.4    2.09357e+34    7.71042e+06
          246.5    2.11621e+34     7.7208e+06
          246.6    2.13909e+34     7.7312e+06
          246.7     2.1622e+34    7.74159e+06
          246.8    2.18556e+34    7.75199e+06
          246.9    2.20916e+34    7.76247e+06
            247    2.23301e+34    7.77289e+06
          247.1    2.25711e+34    7.78339e+06
          247.2    2.28146e+34    7.79387e+06
          247.3    2.30607e+34     7.8043e+06
          247.4    2.33093e+34    7.81486e+06
          247.5    2.35605e+34    7.82532e+06
          247.6    2.38144e+34    7.83581e+06
          247.7    2.40709e+34     7.8464e+06
          247.8      2.433e+34    7.85684e+06
          247.9    2.45919e+34    7.86742e+06
            248    2.48565e+34    7.87797e+06
          248.1    2.51239e+34    7.88847e+06
          248.2     2.5394e+34     7.8991e+06
          248.3     2.5667e+34    7.90969e+06
          248.4    2.59428e+34    7.92025e+06
          248.5    2.62215e+34    7.93091e+06
          248.6     2.6503e+34    7.94155e+06
          248.7    2.67875e+34    7.95219e+06
          248.8     2.7075e+34    7.96286e+06
          248.9    2.73654e+34    7.97352e+06
            249    2.76589e+34     7.9842e+06
          249.1    2.79554e+34    7.99492e+06
          249.2     2.8255e+34     8.0056e+06
          249.3    2.85577e+34    8.01634e+06
          249.4    2.88636e+34    8.02705e+06
          249.5    2.91726e+34    8.03772e+06
          249.6    2.94848e+34     8.0485e+06
          249.7    2.98003e+34    8.05923e+06
          249.8     3.0119e+34    8.06998e+06
          249.9    3.04411e+34    8.08082e+06
            250    3.07664e+34    8.09154e+06
          250.1    3.10952e+34    8.10239e+06
          250.2    3.14273e+34     8.1132e+06
          250.3    3.17629e+34    8.12398e+06
          250.4    3.21019e+34    8.13487e+06
          250.5    3.24445e+34    8.14567e+06
          250.6    3.27906e+34     8.1565e+06
          250.7    3.31403e+34    8.16741e+06
          250.8    3.34936e+34    8.17821e+06
          250.9    3.38505e+34    8.18906e+06
            251    3.42111e+34    8.19992e+06
          251.1    3.45754e+34     8.2108e+06
          251.2    3.49435e+34    8.22166e+06
          251.3    3.53154e+34    8.23255e+06
          251.4    3.56912e+34    8.24343e+06
          251.5    3.60708e+34    8.25427e+06
          251.6    3.64543e+34    8.26524e+06
          251.7    3.68417e+34    8.27615e+06
          251.8    3.72332e+34    8.28708e+06
          251.9    3.76287e+34    8.29805e+06
            252    3.80282e+34    8.30895e+06
          252.1    3.84319e+34    8.31993e+06
          252.2    3.88397e+34    8.33087e+06
          252.3    3.92517e+34    8.34182e+06
          252.4    3.96679e+34    8.35285e+06
          252.5    4.00884e+34    8.36378e+06
          252.6    4.05133e+34    8.37474e+06
          252.7    4.09425e+34    8.38576e+06
          252.8    4.13761e+34    8.39675e+06
          252.9    4.18141e+34    8.40777e+06
            253    4.22566e+34    8.41884e+06
          253.1    4.27037e+34    8.42984e+06
          253.2    4.31554e+34     8.4409e+06
          253.3    4.36117e+34    8.45204e+06
          253.4    4.40726e+34    8.46305e+06
          253.5    4.45383e+34    8.47417e+06
          253.6    4.50087e+34    8.48531e+06
          253.7     4.5484e+34    8.49635e+06
          253.8    4.59641e+34    8.50755e+06
          253.9    4.64491e+34    8.51866e+06
            254    4.69391e+34    8.52978e+06
          254.1    4.74341e+34    8.54096e+06
          254.2    4.79342e+34    8.55205e+06
          254.3    4.84393e+34    8.56322e+06
          254.4    4.89496e+34    8.57442e+06
          254.5    4.94652e+34    8.58558e+06
          254.6    4.99859e+34    8.59682e+06
          254.7     5.0512e+34      8.608e+06
          254.8    5.10435e+34    8.61921e+06
          254.9    5.15804e+34    8.63047e+06
            255    5.21227e+34    8.64173e+06
          255.1    5.26706e+34    8.65302e+06
          255.2     5.3224e+34    8.66431e+06
          255.3    5.37831e+34     8.6756e+06
          255.4    5.43479e+34    8.68694e+06
          255.5    5.49184e+34    8.69823e+06
          255.6    5.54947e+34    8.70953e+06
          255.7    5.60769e+34     8.7209e+06
          255.8     5.6665e+34    8.73222e+06
          255.9     5.7259e+34    8.74353e+06
            256    5.78591e+34    8.75496e+06
          256.1    5.84653e+34    8.76627e+06
          256.2    5.90777e+34    8.77764e+06
          256.3    5.96962e+34    8.78909e+06
          256.4    6.03211e+34    8.80045e+06
          256.5    6.09522e+34    8.81189e+06
          256.6    6.15898e+34    8.82335e+06
          256.7    6.22338e+34    8.83474e+06
          256.8    6.28844e+34     8.8462e+06
          256.9    6.35415e+34    8.85765e+06
            257    6.42053e+34    8.86911e+06
          257.1    6.48758e+34     8.8806e+06
          257.2    6.55531e+34    8.89206e+06
          257.3    6.62372e+34    8.90354e+06
          257.4    6.69283e+34    8.91502e+06
          257.5    6.76263e+34    8.92657e+06
          257.6    6.83314e+34    8.93807e+06
          257.7    6.90436e+34    8.94963e+06
          257.8    6.97631e+34     8.9612e+06
          257.9    7.04897e+34    8.97271e+06
            258    7.12237e+34    8.98438e+06
          258.1    7.19651e+34    8.99596e+06
          258.2     7.2714e+34    9.00754e+06
          258.3    7.34704e+34    9.01921e+06
          258.4    7.42345e+34     9.0308e+06
          258.5    7.50062e+34    9.04248e+06
          258.6    7.57858e+34    9.05414e+06
          258.7    7.65731e+34    9.06576e+06
          258.8    7.73684e+34    9.07747e+06
          258.9    7.81717e+34    9.08911e+06
            259    7.89831e+34    9.10077e+06
          259.1    7.98027e+34    9.11252e+06
          259.2    8.06304e+34    9.12421e+06
          259.3    8.14665e+34    9.13595e+06
          259.4     8.2311e+34    9.14771e+06
          259.5     8.3164e+34    9.15942e+06
          259.6    8.40255e+34    9.17119e+06
          259.7    8.48957e+34    9.18306e+06
          259.8    8.57746e+34    9.19481e+06
          259.9    8.66624e+34    9.20666e+06
            260     8.7559e+34    9.21853e+06
          260.1    8.84646e+34    9.23031e+06
          260.2    8.93793e+34    9.24221e+06
          260.3    9.03032e+34    9.25406e+06
          260.4    9.12363e+34     9.2659e+06
          260.5    9.21787e+34    9.27783e+06
          260.6    9.31306e+34    9.28967e+06
          260.7     9.4092e+34    9.30159e+06
          260.8     9.5063e+34     9.3135e+06
          260.9    9.60437e+34    9.32539e+06
            261    9.70342e+34    9.33738e+06
          261.1    9.80346e+34     9.3493e+06
          261.2    9.90451e+34    9.36127e+06
          261.3    1.00066e+35    9.37329e+06
          261.4    1.01096e+35    9.38523e+06
          261.5    1.02137e+35    9.39724e+06
          261.6    1.03189e+35    9.40924e+06
          261.7     1.0425e+35    9.42124e+06
          261.8    1.05323e+35    9.43328e+06
          261.9    1.06406e+35    9.44529e+06
            262      1.075e+35    9.45729e+06
          262.1    1.08605e+35    9.46937e+06
          262.2     1.0972e+35    9.48145e+06
          262.3    1.10847e+35    9.49347e+06
          262.4    1.11985e+35    9.50558e+06
          262.5    1.13135e+35    9.51764e+06
          262.6    1.14296e+35    9.52969e+06
          262.7    1.15468e+35    9.54186e+06
          262.8    1.16652e+35    9.55392e+06
          262.9    1.17848e+35    9.56603e+06
            263    1.19056e+35    9.57818e+06
          263.1    1.20275e+35    9.59029e+06
          263.2    1.21507e+35    9.60243e+06
          263.3    1.22751e+35    9.61458e+06
          263.4    1.24007e+35    9.62673e+06
          263.5    1.25276e+35    9.63887e+06
          263.6    1.26558e+35    9.65102e+06
          263.7    1.27852e+35    9.66319e+06
          263.8    1.29159e+35    9.67537e+06
          263.9    1.30478e+35    9.68759e+06
            264    1.31811e+35    9.69976e+06
          264.1    1.33157e+35      9.712e+06
          264.2    1.34517e+35    9.72422e+06
          264.3     1.3589e+35     9.7364e+06
          264.4    1.37276e+35    9.74879e+06
          264.5    1.38676e+35    9.76102e+06
          264.6     1.4009e+35    9.77329e+06
          264.7    1.41518e+35    9.78567e+06
          264.8     1.4296e+35    9.79788e+06
          264.9    1.44417e+35    9.81023e+06
            265    1.45887e+35    9.82258e+06
          265.1    1.47372e+35    9.83485e+06
          265.2    1.48872e+35    9.84724e+06
          265.3    1.50387e+35    9.85957e+06
          265.4    1.51916e+35    9.87188e+06
          265.5    1.53461e+35    9.88427e+06
          265.6    1.55021e+35    9.89665e+06
          265.7    1.56596e+35    9.90903e+06
          265.8    1.58186e+35    9.92147e+06
          265.9    1.59793e+35    9.93387e+06
            266    1.61415e+35    9.94629e+06
          266.1    1.63053e+35    9.95879e+06
          266.2    1.64707e+35    9.97122e+06
          266.3    1.66377e+35    9.98371e+06
          266.4    1.68064e+35    9.99625e+06
          266.5    1.69768e+35    1.00087e+07
          266.6    1.71488e+35    1.00213e+07
          266.7    1.73225e+35    1.00338e+07
          266.8    1.74979e+35    1.00463e+07
          266.9     1.7675e+35    1.00589e+07
            267    1.78539e+35    1.00715e+07
          267.1    1.80345e+35    1.00841e+07
          267.2    1.82169e+35    1.00966e+07
          267.3    1.84011e+35    1.01092e+07
          267.4    1.85871e+35    1.01219e+07
          267.5    1.87749e+35    1.01345e+07
          267.6    1.89645e+35    1.01471e+07
          267.7     1.9156e+35    1.01598e+07
          267.8    1.93494e+35    1.01724e+07
          267.9    1.95446e+35    1.01851e+07
            268    1.97418e+35    1.01978e+07
          268.1    1.99409e+35    1.02104e+07
          268.2    2.01419e+35    1.02231e+07
          268.3    2.03449e+35    1.02358e+07
          268.4    2.05499e+35    1.02484e+07
          268.5    2.07569e+35    1.02612e+07
          268.6    2.09659e+35    1.02739e+07
          268.7    2.11769e+35    1.02866e+07
          268.8      2.139e+35    1.02994e+07
          268.9    2.16052e+35    1.03122e+07
            269    2.18225e+35    1.03249e+07
          269.1    2.20419e+35    1.03378e+07
          269.2    2.22634e+35    1.03506e+07
          269.3    2.24871e+35    1.03634e+07
          269.4     2.2713e+35    1.03763e+07
          269.5     2.2941e+35    1.03891e+07
          269.6    2.31713e+35     1.0402e+07
          269.7    2.34039e+35    1.04149e+07
          269.8    2.36386e+35    1.04277e+07
          269.9    2.38757e+35    1.04406e+07
            270    2.41151e+35    1.04535e+07
          270.1    2.43568e+35    1.04664e+07
          270.2    2.46008e+35    1.04793e+07
          270.3    2.48472e+35    1.04923e+07
          270.4     2.5096e+35    1.05052e+07
          270.5    2.53472e+35    1.05182e+07
          270.6    2.56009e+35    1.05312e+07
          270.7     2.5857e+35    1.05441e+07
          270.8    2.61156e+35    1.05572e+07
          270.9    2.63767e+35    1.05702e+07
            271    2.66403e+35    1.05832e+07
          271.1    2.69065e+35    1.05964e+07
          271.2    2.71752e+35    1.06094e+07
          271.3    2.74466e+35    1.06225e+07
          271.4    2.77206e+35    1.06356e+07
          271.5    2.79972e+35    1.06487e+07
          271.6    2.82765e+35    1.06619e+07
          271.7    2.85585e+35     1.0675e+07
          271.8    2.88432e+35    1.06881e+07
          271.9    2.91307e+35    1.07013e+07
            272     2.9421e+35    1.07145e+07
          272.1     2.9714e+35    1.07277e+07
          272.2    3.00099e+35    1.07409e+07
          272.3    3.03086e+35    1.07541e+07
          272.4    3.06102e+35    1.07673e+07
          272.5    3.09148e+35    1.07805e+07
          272.6    3.12222e+35    1.07937e+07
          272.7    3.15327e+35     1.0807e+07
          272.8    3.18461e+35    1.08202e+07
          272.9    3.21625e+35    1.08335e+07
            273     3.2482e+35    1.08468e+07
          273.1    3.28045e+35      1.086e+07
          273.2    3.31302e+35    1.08733e+07
          273.3     3.3459e+35    1.08867e+07
          273.4    3.37909e+35    1.08999e+07
          273.5    3.41261e+35    1.09133e+07
          273.6    3.44644e+35    1.09267e+07
          273.7    3.48061e+35      1.094e+07
          273.8     3.5151e+35    1.09534e+07
          273.9    3.54992e+35    1.09667e+07
            274    3.58507e+35    1.09801e+07
          274.1    3.62056e+35    1.09935e+07
          274.2    3.65639e+35    1.10069e+07
          274.3    3.69257e+35    1.10203e+07
          274.4    3.72909e+35    1.10337e+07
          274.5    3.76597e+35    1.10471e+07
          274.6    3.80319e+35    1.10605e+07
          274.7    3.84077e+35    1.10739e+07
          274.8    3.87872e+35    1.10873e+07
          274.9    3.91702e+35    1.11007e+07
            275    3.95569e+35    1.11142e+07
          275.1    3.99473e+35    1.11276e+07
          275.2    4.03415e+35    1.11411e+07
          275.3    4.07394e+35    1.11546e+07
          275.4    4.11411e+35    1.11681e+07
          275.5    4.15467e+35    1.11816e+07
          275.6    4.19561e+35    1.11951e+07
          275.7    4.23694e+35    1.12086e+07
          275.8    4.27867e+35    1.12223e+07
          275.9     4.3208e+35    1.12358e+07
            276    4.36333e+35    1.12494e+07
          276.1    4.40626e+35     1.1263e+07
          276.2    4.44961e+35    1.12766e+07
          276.3    4.49336e+35    1.12902e+07
          276.4    4.53753e+35    1.13039e+07
          276.5    4.58213e+35    1.13175e+07
          276.6    4.62715e+35    1.13311e+07
          276.7    4.67259e+35    1.13448e+07
          276.8    4.71847e+35    1.13584e+07
          276.9    4.76479e+35    1.13721e+07
            277    4.81155e+35    1.13859e+07
          277.1    4.85875e+35    1.13995e+07
          277.2     4.9064e+35    1.14133e+07
          277.3     4.9545e+35     1.1427e+07
          277.4    5.00306e+35    1.14408e+07
          277.5    5.05208e+35    1.14546e+07
          277.6    5.10156e+35    1.14683e+07
          277.7    5.15152e+35    1.14821e+07
          277.8    5.20195e+35     1.1496e+07
          277.9    5.25286e+35    1.15098e+07
            278    5.30425e+35    1.15236e+07
          278.1    5.35612e+35    1.15375e+07
          278.2    5.40849e+35    1.15513e+07
          278.3    5.46136e+35    1.15652e+07
          278.4    5.51472e+35    1.15791e+07
          278.5    5.56859e+35    1.15931e+07
          278.6    5.62297e+35     1.1607e+07
          278.7    5.67787e+35    1.16209e+07
          278.8    5.73328e+35    1.16349e+07
          278.9    5.78922e+35    1.16488e+07
            279    5.84569e+35    1.16627e+07
          279.1    5.90269e+35    1.16767e+07
          279.2    5.96023e+35    1.16906e+07
          279.3    6.01831e+35    1.17045e+07
          279.4    6.07694e+35    1.17186e+07
          279.5    6.13613e+35    1.17325e+07
          279.6    6.19587e+35    1.17465e+07
          279.7    6.25617e+35    1.17606e+07
          279.8    6.31705e+35    1.17745e+07
          279.9     6.3785e+35    1.17886e+07
            280    6.44053e+35    1.18027e+07
          280.1    6.50314e+35    1.18167e+07
          280.2    6.56634e+35    1.18308e+07
          280.3    6.63014e+35    1.18449e+07
          280.4    6.69454e+35     1.1859e+07
          280.5    6.75954e+35    1.18732e+07
          280.6    6.82516e+35    1.18873e+07
          280.7    6.89139e+35    1.19015e+07
          280.8    6.95824e+35    1.19157e+07
          280.9    7.02573e+35    1.19299e+07
            281    7.09384e+35     1.1944e+07
          281.1     7.1626e+35    1.19583e+07
          281.2      7.232e+35    1.19725e+07
          281.3    7.30206e+35    1.19866e+07
          281.4    7.37277e+35     1.2001e+07
          281.5    7.44415e+35    1.20152e+07
          281.6    7.51619e+35    1.20294e+07
          281.7    7.58891e+35    1.20437e+07
          281.8    7.66231e+35     1.2058e+07
          281.9     7.7364e+35    1.20724e+07
            282    7.81119e+35    1.20867e+07
          282.1    7.88667e+35     1.2101e+07
          282.2    7.96286e+35    1.21154e+07
          282.3    8.03977e+35    1.21298e+07
          282.4    8.11739e+35    1.21441e+07
          282.5    8.19574e+35    1.21586e+07
          282.6    8.27483e+35     1.2173e+07
          282.7    8.35465e+35    1.21874e+07
          282.8    8.43522e+35    1.22019e+07
          282.9    8.51654e+35    1.22164e+07
            283    8.59862e+35    1.22308e+07
          283.1    8.68147e+35    1.22454e+07
          283.2    8.76509e+35    1.22599e+07
          283.3    8.84949e+35    1.22744e+07
          283.4    8.93468e+35    1.22889e+07
          283.5    9.02066e+35    1.23034e+07
          283.6    9.10744e+35     1.2318e+07
          283.7    9.19504e+35    1.23325e+07
          283.8    9.28344e+35    1.23471e+07
          283.9    9.37268e+35    1.23617e+07
            284    9.46274e+35    1.23762e+07
          284.1    9.55364e+35    1.23908e+07
          284.2    9.64539e+35    1.24054e+07
          284.3      9.738e+35      1.242e+07
          284.4    9.83146e+35    1.24346e+07
          284.5    9.92579e+35    1.24492e+07
          284.6     1.0021e+36    1.24639e+07
          284.7    1.01171e+36    1.24786e+07
          284.8    1.02141e+36    1.24932e+07
          284.9     1.0312e+36     1.2508e+07
            285    1.04108e+36    1.25227e+07
          285.1    1.05105e+36    1.25374e+07
          285.2    1.06111e+36    1.25521e+07
          285.3    1.07127e+36    1.25668e+07
          285.4    1.08152e+36    1.25815e+07
          285.5    1.09187e+36    1.25963e+07
          285.6    1.10231e+36     1.2611e+07
          285.7    1.11285e+36    1.26258e+07
          285.8    1.12349e+36    1.26406e+07
          285.9    1.13422e+36    1.26553e+07
            286    1.14506e+36    1.26701e+07
          286.1    1.15599e+36    1.26849e+07
          286.2    1.16703e+36    1.26997e+07
          286.3    1.17817e+36    1.27144e+07
          286.4    1.18941e+36    1.27293e+07
          286.5    1.20075e+36    1.27441e+07
          286.6     1.2122e+36     1.2759e+07
          286.7    1.22376e+36    1.27739e+07
          286.8    1.23542e+36    1.27887e+07
          286.9    1.24719e+36    1.28036e+07
            287    1.25907e+36    1.28185e+07
          287.1    1.27106e+36    1.28334e+07
          287.2    1.28316e+36    1.28484e+07
          287.3    1.29537e+36    1.28633e+07
          287.4    1.30769e+36    1.28783e+07
          287.5    1.32013e+36    1.28933e+07
          287.6    1.33268e+36    1.29083e+07
          287.7    1.34535e+36    1.29232e+07
          287.8    1.35813e+36    1.29383e+07
          287.9    1.37103e+36    1.29533e+07
            288    1.38405e+36    1.29683e+07
          288.1    1.39719e+36    1.29834e+07
          288.2    1.41045e+36    1.29984e+07
          288.3    1.42384e+36    1.30135e+07
          288.4    1.43734e+36    1.30286e+07
          288.5    1.45097e+36    1.30436e+07
          288.6    1.46473e+36    1.30589e+07
          288.7    1.47861e+36     1.3074e+07
          288.8    1.49262e+36     1.3089e+07
          288.9    1.50676e+36    1.31043e+07
            289    1.52102e+36    1.31194e+07
          289.1    1.53542e+36    1.31346e+07
          289.2    1.54995e+36    1.31498e+07
          289.3    1.56462e+36     1.3165e+07
          289.4    1.57941e+36    1.31802e+07
          289.5    1.59435e+36    1.31956e+07
          289.6    1.60942e+36    1.32108e+07
          289.7    1.62463e+36    1.32261e+07
          289.8    1.63997e+36    1.32414e+07
          289.9    1.65546e+36    1.32567e+07
            290    1.67109e+36     1.3272e+07
          290.1    1.68686e+36    1.32873e+07
          290.2    1.70278e+36    1.33027e+07
          290.3    1.71884e+36     1.3318e+07
          290.4    1.73505e+36    1.33333e+07
          290.5    1.75141e+36    1.33487e+07
          290.6    1.76792e+36     1.3364e+07
          290.7    1.78457e+36    1.33794e+07
          290.8    1.80138e+36    1.33948e+07
          290.9    1.81835e+36    1.34102e+07
            291    1.83547e+36    1.34256e+07
          291.1    1.85274e+36     1.3441e+07
          291.2    1.87017e+36    1.34564e+07
          291.3    1.88776e+36    1.34719e+07
          291.4    1.90551e+36    1.34874e+07
          291.5    1.92342e+36    1.35028e+07
          291.6     1.9415e+36    1.35184e+07
          291.7    1.95974e+36    1.35339e+07
          291.8    1.97815e+36    1.35493e+07
          291.9    1.99672e+36    1.35649e+07
            292    2.01546e+36    1.35805e+07
          292.1    2.03438e+36     1.3596e+07
          292.2    2.05346e+36    1.36116e+07
          292.3    2.07272e+36    1.36272e+07
          292.4    2.09215e+36    1.36428e+07
          292.5    2.11176e+36    1.36585e+07
          292.6    2.13155e+36    1.36741e+07
          292.7    2.15152e+36    1.36897e+07
          292.8    2.17167e+36    1.37054e+07
          292.9      2.192e+36    1.37211e+07
            293    2.21252e+36    1.37368e+07
          293.1    2.23322e+36    1.37525e+07
          293.2    2.25411e+36    1.37682e+07
          293.3    2.27519e+36     1.3784e+07
          293.4    2.29646e+36    1.37997e+07
          293.5    2.31792e+36    1.38154e+07
          293.6    2.33958e+36    1.38312e+07
          293.7    2.36143e+36     1.3847e+07
          293.8    2.38348e+36    1.38628e+07
          293.9    2.40573e+36    1.38787e+07
            294    2.42819e+36    1.38945e+07
          294.1    2.45084e+36    1.39103e+07
          294.2     2.4737e+36    1.39263e+07
          294.3    2.49677e+36    1.39422e+07
          294.4    2.52004e+36    1.39581e+07
          294.5    2.54353e+36    1.39741e+07
          294.6    2.56722e+36    1.39899e+07
          294.7    2.59114e+36    1.40059e+07
          294.8    2.61526e+36    1.40219e+07
          294.9    2.63961e+36    1.40378e+07
            295    2.66417e+36    1.40538e+07
          295.1    2.68896e+36    1.40698e+07
          295.2    2.71397e+36    1.40857e+07
          295.3     2.7392e+36    1.41018e+07
          295.4    2.76466e+36    1.41178e+07
          295.5    2.79035e+36    1.41338e+07
          295.6    2.81627e+36    1.41498e+07
          295.7    2.84243e+36    1.41658e+07
          295.8    2.86882e+36    1.41819e+07
          295.9    2.89545e+36     1.4198e+07
            296    2.92232e+36    1.42141e+07
          296.1    2.94943e+36    1.42302e+07
          296.2    2.97678e+36    1.42463e+07
          296.3    3.00438e+36    1.42624e+07
          296.4    3.03223e+36    1.42786e+07
          296.5    3.06032e+36    1.42947e+07
          296.6    3.08867e+36    1.43109e+07
          296.7    3.11728e+36    1.43271e+07
          296.8    3.14614e+36    1.43432e+07
          296.9    3.17526e+36    1.43594e+07
            297    3.20464e+36    1.43756e+07
          297.1    3.23428e+36    1.43918e+07
          297.2    3.26419e+36    1.44081e+07
          297.3    3.29437e+36    1.44242e+07
          297.4    3.32481e+36    1.44404e+07
          297.5    3.35553e+36    1.44567e+07
          297.6    3.38653e+36    1.44729e+07
          297.7     3.4178e+36    1.44892e+07
          297.8    3.44936e+36    1.45055e+07
          297.9    3.48119e+36    1.45218e+07
            298    3.51331e+36    1.45381e+07
          298.1    3.54572e+36    1.45544e+07
          298.2    3.57841e+36    1.45707e+07
          298.3     3.6114e+36     1.4587e+07
          298.4    3.64468e+36    1.46034e+07
          298.5    3.67826e+36    1.46197e+07
          298.6    3.71214e+36    1.46361e+07
          298.7    3.74633e+36    1.46526e+07
          298.8    3.78081e+36    1.46689e+07
          298.9    3.81561e+36    1.46854e+07
            299    3.85071e+36    1.47019e+07
          299.1    3.88613e+36    1.47183e+07
          299.2    3.92187e+36    1.47348e+07
          299.3    3.95792e+36    1.47513e+07
          299.4    3.99429e+36    1.47678e+07
          299.5    4.03099e+36    1.47843e+07
          299.6    4.06801e+36    1.48008e+07
          299.7    4.10537e+36    1.48174e+07
          299.8    4.14305e+36     1.4834e+07
          299.9    4.18107e+36    1.48505e+07
            300    4.21943e+36    1.48671e+07
          300.1    4.25813e+36    1.48838e+07
          300.2    4.29718e+36    1.49003e+07
          300.3    4.33657e+36     1.4917e+07
          300.4    4.37631e+36    1.49337e+07
          300.5     4.4164e+36    1.49502e+07
          300.6    4.45685e+36    1.49671e+07
          300.7    4.49766e+36    1.49838e+07
          300.8    4.53883e+36    1.50004e+07
          300.9    4.58037e+36    1.50172e+07
            301    4.62227e+36    1.50339e+07
          301.1    4.66455e+36    1.50507e+07
          301.2     4.7072e+36    1.50675e+07
          301.3    4.75022e+36    1.50842e+07
          301.4    4.79363e+36     1.5101e+07
          301.5    4.83743e+36    1.51178e+07
          301.6    4.88161e+36    1.51346e+07
          301.7    4.92618e+36    1.51514e+07
          301.8    4.97115e+36    1.51683e+07
          301.9    5.01651e+36    1.51851e+07
            302    5.06227e+36    1.52019e+07
          302.1    5.10844e+36    1.52188e+07
          302.2    5.15502e+36    1.52357e+07
          302.3    5.20201e+36    1.52525e+07
          302.4    5.24941e+36    1.52694e+07
          302.5    5.29724e+36    1.52863e+07
          302.6    5.34548e+36    1.53033e+07
          302.7    5.39415e+36    1.53202e+07
          302.8    5.44325e+36    1.53372e+07
          302.9    5.49279e+36    1.53541e+07
            303    5.54276e+36    1.53711e+07
          303.1    5.59317e+36    1.53881e+07
          303.2    5.64402e+36     1.5405e+07
          303.3    5.69532e+36    1.54221e+07
          303.4    5.74708e+36    1.54392e+07
          303.5    5.79929e+36    1.54562e+07
          303.6    5.85196e+36    1.54733e+07
          303.7    5.90509e+36    1.54904e+07
          303.8    5.95869e+36    1.55075e+07
          303.9    6.01276e+36    1.55246e+07
            304    6.06731e+36    1.55417e+07
          304.1    6.12234e+36    1.55589e+07
          304.2    6.17785e+36    1.55761e+07
          304.3    6.23384e+36    1.55933e+07
          304.4    6.29033e+36    1.56105e+07
          304.5    6.34732e+36    1.56277e+07
          304.6    6.40481e+36    1.56449e+07
          304.7     6.4628e+36    1.56621e+07
          304.8     6.5213e+36    1.56794e+07
          304.9    6.58031e+36    1.56967e+07
            305    6.63984e+36     1.5714e+07
          305.1    6.69989e+36    1.57313e+07
          305.2    6.76047e+36    1.57485e+07
          305.3    6.82158e+36     1.5766e+07
          305.4    6.88322e+36    1.57833e+07
          305.5     6.9454e+36    1.58006e+07
          305.6    7.00813e+36    1.58181e+07
          305.7    7.07141e+36    1.58355e+07
          305.8    7.13524e+36    1.58529e+07
          305.9    7.19963e+36    1.58704e+07
            306    7.26458e+36    1.58878e+07
          306.1     7.3301e+36    1.59052e+07
          306.2    7.39619e+36    1.59227e+07
          306.3    7.46286e+36    1.59401e+07
          306.4    7.53011e+36    1.59576e+07
          306.5    7.59795e+36    1.59752e+07
          306.6    7.66638e+36    1.59926e+07
          306.7    7.73541e+36    1.60101e+07
          306.8    7.80504e+36    1.60277e+07
          306.9    7.87528e+36    1.60451e+07
            307    7.94613e+36    1.60628e+07
          307.1     8.0176e+36    1.60803e+07
          307.2    8.08969e+36    1.60979e+07
          307.3    8.16241e+36    1.61155e+07
          307.4    8.23576e+36    1.61331e+07
          307.5    8.30975e+36    1.61507e+07
          307.6    8.38439e+36    1.61683e+07
          307.7    8.45967e+36     1.6186e+07
          307.8    8.53561e+36    1.62037e+07
          307.9    8.61221e+36    1.62213e+07
            308    8.68948e+36    1.62389e+07
          308.1    8.76742e+36    1.62567e+07
          308.2    8.84603e+36    1.62743e+07
          308.3    8.92533e+36    1.62921e+07
          308.4    9.00532e+36    1.63098e+07
          308.5      9.086e+36    1.63275e+07
          308.6    9.16738e+36    1.63452e+07
          308.7    9.24947e+36     1.6363e+07
          308.8    9.33227e+36    1.63807e+07
          308.9    9.41579e+36    1.63985e+07
            309    9.50003e+36    1.64163e+07
          309.1      9.585e+36    1.64341e+07
          309.2    9.67071e+36    1.64519e+07
          309.3    9.75717e+36    1.64697e+07
          309.4    9.84437e+36    1.64876e+07
          309.5    9.93232e+36    1.65055e+07
          309.6     1.0021e+37    1.65233e+07
          309.7    1.01105e+37    1.65412e+07
          309.8    1.02008e+37    1.65591e+07
          309.9    1.02918e+37    1.65769e+07
            310    1.03837e+37    1.65949e+07
          310.1    1.04763e+37    1.66129e+07
          310.2    1.05697e+37    1.66308e+07
          310.3    1.06639e+37    1.66488e+07
          310.4     1.0759e+37    1.66668e+07
          310.5    1.08548e+37    1.66848e+07
          310.6    1.09515e+37    1.67028e+07
          310.7    1.10491e+37    1.67209e+07
          310.8    1.11474e+37    1.67389e+07
          310.9    1.12466e+37    1.67571e+07
            311    1.13467e+37    1.67751e+07
          311.1    1.14477e+37    1.67932e+07
          311.2    1.15495e+37    1.68114e+07
          311.3    1.16521e+37    1.68295e+07
          311.4    1.17557e+37    1.68476e+07
          311.5    1.18602e+37    1.68659e+07
          311.6    1.19655e+37    1.68839e+07
          311.7    1.20718e+37    1.69022e+07
          311.8     1.2179e+37    1.69204e+07
          311.9    1.22871e+37    1.69385e+07
            312    1.23961e+37    1.69569e+07
          312.1    1.25061e+37    1.69751e+07
          312.2     1.2617e+37    1.69933e+07
          312.3    1.27289e+37    1.70117e+07
          312.4    1.28417e+37    1.70299e+07
          312.5    1.29555e+37    1.70482e+07
          312.6    1.30703e+37    1.70666e+07
          312.7     1.3186e+37    1.70849e+07
          312.8    1.33028e+37    1.71032e+07
          312.9    1.34205e+37    1.71216e+07
            313    1.35393e+37      1.714e+07
          313.1    1.36591e+37    1.71583e+07
          313.2    1.37799e+37    1.71767e+07
          313.3    1.39017e+37    1.71951e+07
          313.4    1.40246e+37    1.72135e+07
          313.5    1.41486e+37    1.72319e+07
          313.6    1.42736e+37    1.72504e+07
          313.7    1.43997e+37    1.72689e+07
          313.8    1.45268e+37    1.72873e+07
          313.9     1.4655e+37    1.73058e+07
            314    1.47844e+37    1.73243e+07
          314.1    1.49148e+37    1.73428e+07
          314.2    1.50464e+37    1.73614e+07
          314.3    1.51791e+37    1.73798e+07
          314.4    1.53129e+37    1.73984e+07
          314.5    1.54479e+37     1.7417e+07
          314.6     1.5584e+37    1.74355e+07
          314.7    1.57212e+37    1.74542e+07
          314.8    1.58597e+37    1.74728e+07
          314.9    1.59993e+37    1.74914e+07
            315    1.61401e+37    1.75101e+07
          315.1    1.62822e+37    1.75288e+07
          315.2    1.64254e+37    1.75474e+07
          315.3    1.65698e+37    1.75661e+07
          315.4    1.67155e+37    1.75849e+07
          315.5    1.68625e+37    1.76036e+07
          315.6    1.70106e+37    1.76224e+07
          315.7    1.71601e+37    1.76412e+07
          315.8    1.73108e+37    1.76599e+07
          315.9    1.74628e+37    1.76788e+07
            316    1.76161e+37    1.76976e+07
          316.1    1.77706e+37    1.77164e+07
          316.2    1.79266e+37    1.77353e+07
          316.3    1.80838e+37    1.77541e+07
          316.4    1.82423e+37     1.7773e+07
          316.5    1.84023e+37    1.77919e+07
          316.6    1.85635e+37    1.78108e+07
          316.7    1.87262e+37    1.78297e+07
          316.8    1.88902e+37    1.78487e+07
          316.9    1.90556e+37    1.78676e+07
            317    1.92224e+37    1.78866e+07
          317.1    1.93907e+37    1.79056e+07
          317.2    1.95603e+37    1.79245e+07
          317.3    1.97314e+37    1.79436e+07
          317.4     1.9904e+37    1.79626e+07
          317.5     2.0078e+37    1.79816e+07
          317.6    2.02535e+37    1.80007e+07
          317.7    2.04304e+37    1.80197e+07
          317.8    2.06089e+37    1.80388e+07
          317.9    2.07889e+37    1.80579e+07
            318    2.09704e+37    1.80769e+07
          318.1    2.11534e+37    1.80961e+07
          318.2     2.1338e+37    1.81153e+07
          318.3    2.15241e+37    1.81343e+07
          318.4    2.17119e+37    1.81536e+07
          318.5    2.19012e+37    1.81727e+07
          318.6    2.20921e+37    1.81918e+07
          318.7    2.22846e+37    1.82111e+07
          318.8    2.24787e+37    1.82303e+07
          318.9    2.26745e+37    1.82495e+07
            319     2.2872e+37    1.82687e+07
          319.1    2.30711e+37     1.8288e+07
          319.2    2.32718e+37    1.83072e+07
          319.3    2.34743e+37    1.83265e+07
          319.4    2.36785e+37    1.83458e+07
          319.5    2.38844e+37    1.83651e+07
          319.6     2.4092e+37    1.83844e+07
          319.7    2.43014e+37    1.84037e+07
          319.8    2.45126e+37     1.8423e+07
          319.9    2.47255e+37    1.84424e+07
            320    2.49402e+37    1.84617e+07
