Model::init:  starts
   Model::ExponentialKernel::ExponentialKernel:  ... done
   Model::LennardJonesCollision::LennardJonesCollision:  ... done
   BIMOLECULAR: C5H5CH3-1+OH
   Model::Bimolecular::Bimolecular:  starts
-------------------------------------------
| Model::Species::Species: WARNING: unknown keyword: Core
| Available keys:
| Geometry[angstrom]
| Geometry[au]
| Mass[amu]
| Stoichiometry
| Print[1/cm]
| Hint: to get rid of this message separate the base class input from the derived class one with +++
-------------------------------------------
      Model::RRHO::RRHO:  starts
         Model::new_core:  starts
            Model::RigidRotor::RigidRotor:  starts
               molecular geometry will be used to estimate rotational constants
               rotational configuration: nonlinear
               rotational constants[1/cm]:      0.271     0.109      0.08
            Model::RigidRotor::RigidRotor:  done, cpu time[sec] = 0.48, elapsed time[sec] = 0
         Model::new_core:  done, cpu time[sec] = 0.48, elapsed time[sec] = 0
         1-th ROTOR:
-------------------------------------------
| Model::Rotor::Rotor: WARNING: unknown keyword: Group
| Available keys:
| Geometry[angstrom]
| Geometry[au]
| HamiltonSizeMax
| HamiltonSizeMin
| GridSize
| ThermalPowerMax
| Hint: to get rid of this message separate the base class input from the derived class one with +++
-------------------------------------------
-------------------------------------------
| Model::InternalRotationDef::init: WARNING: unknown keyword: Potential[kcal/mol]
| Available keys:
| Group
| Axis
| Symmetry
| Hint: to get rid of this message separate the base class input from the derived class one with +++
-------------------------------------------
         Model::HinderedRotor::HinderedRotor:  starts
            Model::HinderedRotor::_read:  starts
               first point frequency estimate = 144 1/cm
               Fourier Expansion Coefficients(kcal/mol):
                 0     0.634
                 1    -0.649
                 2  -0.00228
                 3    0.0133
                 4   0.00289
                 5   0.00333
                 6  -0.00167
                 7  -0.00167
                 8         0
                 9  0.000593
                10   0.00061
                11 -0.000833
            Model::HinderedRotor::_read:  done, cpu time[sec] = 0.01, elapsed time[sec] = 0
            effective rotational constant[1/cm]  = 5.67
            potential minimum angle[deg]         = 0
            analytic  frequency at minimum[1/cm] = 147
            numerical frequency at minimum[1/cm] = 147
            minimum energy[kcal/mol]             = 6.84e-17
            maximum energy[kcal/mol]             = 1.29
            maximum frequency[1/cm]              = 147
            ground energy [kcal/mol]             = 0.2
            highest energy level [kcal/mol]      = 3.62e+04
            number of levels                     = 997
            10 lowest excited states [kcal/mol] relative to the ground: 0.384 0.721 1.06 1.17 1.79 1.79 2.79 2.79 4.1
            Statistical Weight (*** - deep tunneling regime):
             T, K   Quantum        PG        PI  ***
              100      1.18      1.14      1.18
              200      1.69      1.66      1.69
              300      2.25      2.23      2.25
              400       2.8      2.78       2.8
              500      3.31      3.29      3.31
              600      3.78      3.77      3.78
              700      4.22      4.21      4.22
              800      4.64      4.63      4.64
              900      5.03      5.02      5.03
             1000       5.4      5.39       5.4
         Model::HinderedRotor::HinderedRotor:  done, cpu time[sec] = 33.4, elapsed time[sec] = 3
         ground state energy = 0 kcal/mol
      Model::RRHO::RRHO:  done, cpu time[sec] = 33.9, elapsed time[sec] = 3
-------------------------------------------
| Model::Species::Species: WARNING: unknown keyword: Core
| Available keys:
| Geometry[angstrom]
| Geometry[au]
| Mass[amu]
| Stoichiometry
| Print[1/cm]
| Hint: to get rid of this message separate the base class input from the derived class one with +++
-------------------------------------------
      Model::RRHO::RRHO:  starts
         Model::new_core:  starts
            Model::RigidRotor::RigidRotor:  starts
               molecular geometry will be used to estimate rotational constants
               rotational configuration: linear
               rotational constant[1/cm]:       18.9
            Model::RigidRotor::RigidRotor:  done, cpu time[sec] = 0.23, elapsed time[sec] = 0
         Model::new_core:  done, cpu time[sec] = 0.23, elapsed time[sec] = 0
         ground state energy = 0 kcal/mol
      Model::RRHO::RRHO:  done, cpu time[sec] = 0.23, elapsed time[sec] = 0
   Model::Bimolecular::Bimolecular:  done, cpu time[sec] = 34.1, elapsed time[sec] = 3
   BIMOLECULAR: C5H4CH3+H2O
   Model::Bimolecular::Bimolecular:  starts
-------------------------------------------
| Model::Species::Species: WARNING: unknown keyword: Core
| Available keys:
| Geometry[angstrom]
| Geometry[au]
| Mass[amu]
| Stoichiometry
| Print[1/cm]
| Hint: to get rid of this message separate the base class input from the derived class one with +++
-------------------------------------------
      Model::RRHO::RRHO:  starts
         Model::new_core:  starts
            Model::RigidRotor::RigidRotor:  starts
               molecular geometry will be used to estimate rotational constants
               rotational configuration: nonlinear
               rotational constants[1/cm]:      0.274     0.116    0.0826
            Model::RigidRotor::RigidRotor:  done, cpu time[sec] = 0.02, elapsed time[sec] = 0
         Model::new_core:  done, cpu time[sec] = 0.02, elapsed time[sec] = 0
         1-th ROTOR:
-------------------------------------------
| Model::Rotor::Rotor: WARNING: unknown keyword: Group
| Available keys:
| Geometry[angstrom]
| Geometry[au]
| HamiltonSizeMax
| HamiltonSizeMin
| GridSize
| ThermalPowerMax
| Hint: to get rid of this message separate the base class input from the derived class one with +++
-------------------------------------------
-------------------------------------------
| Model::InternalRotationDef::init: WARNING: unknown keyword: Potential[kcal/mol]
| Available keys:
| Group
| Axis
| Symmetry
| Hint: to get rid of this message separate the base class input from the derived class one with +++
-------------------------------------------
         Model::HinderedRotor::HinderedRotor:  starts
            Model::HinderedRotor::_read:  starts
               first point frequency estimate = 51 1/cm
               Fourier Expansion Coefficients(kcal/mol):
                 0    0.0275
                 1  -0.00144
                 2 -0.000833
                 3   -0.0292
                 4   0.00144
                 5  2.66e-19
                 6  -0.00167
                 7    0.0025
                 8   0.00144
                 9   0.00144
                10 -0.000833
                11 -0.000833
            Model::HinderedRotor::_read:  done, cpu time[sec] = 0.01, elapsed time[sec] = 0
            effective rotational constant[1/cm]  = 5.66
            potential minimum angle[deg]         = 57.6
            analytic  frequency at minimum[1/cm] = 75
            numerical frequency at minimum[1/cm] = 75
            minimum energy[kcal/mol]             = -0.00116
            maximum energy[kcal/mol]             = 0.0602
            maximum frequency[1/cm]              = 75.1
            ground energy [kcal/mol]             = 0.0268
            highest energy level [kcal/mol]      = 3.61e+04
            number of levels                     = 997
            10 lowest excited states [kcal/mol] relative to the ground: 0.132 0.161 0.582 0.585 1.31 1.31 2.33 2.33 3.64
            Statistical Weight (*** - deep tunneling regime):
             T, K   Quantum        PG        PI  ***
              100      2.07      1.98      2.07
              200      2.93      2.89      2.93
              300      3.58      3.56      3.58
              400      4.14      4.13      4.14
              500      4.63      4.62      4.63
              600      5.07      5.06      5.07
              700      5.47      5.47      5.47
              800      5.85      5.85      5.85
              900      6.21       6.2      6.21
             1000      6.54      6.54      6.54
         Model::HinderedRotor::HinderedRotor:  done, cpu time[sec] = 24.9, elapsed time[sec] = 2
         ground state energy = 0 kcal/mol
         interpolating states number/density starts
            core state contribution ... done, cpu time[sec] = 0.01, elapsed time[sec] = 0
            electronic states contribution ... done, cpu time[sec] = 0.01, elapsed time[sec] = 0
            vibrational modes contribution ... done, cpu time[sec] = 0.23, elapsed time[sec] = 0
            hindered rotors contribution starts
               Model::HinderedRotor::set:  starts
               Model::HinderedRotor::set:  done, cpu time[sec] = 0, elapsed time[sec] = 0
            hindered rotors contribution done, cpu time[sec] = 0.42, elapsed time[sec] = 0
            effective power exponent at 800 kcal/mol = 30.4
         interpolating states number/density done, cpu time[sec] = 1.58, elapsed time[sec] = 0
      Model::RRHO::RRHO:  done, cpu time[sec] = 26.5, elapsed time[sec] = 2
-------------------------------------------
| Model::Species::Species: WARNING: unknown keyword: Core
| Available keys:
| Geometry[angstrom]
| Geometry[au]
| Mass[amu]
| Stoichiometry
| Print[1/cm]
| Hint: to get rid of this message separate the base class input from the derived class one with +++
-------------------------------------------
      Model::RRHO::RRHO:  starts
         Model::new_core:  starts
            Model::RigidRotor::RigidRotor:  starts
               molecular geometry will be used to estimate rotational constants
               rotational configuration: nonlinear
               rotational constants[1/cm]:       27.8      14.5      9.52
            Model::RigidRotor::RigidRotor:  done, cpu time[sec] = 0.07, elapsed time[sec] = 0
         Model::new_core:  done, cpu time[sec] = 0.07, elapsed time[sec] = 0
         ground state energy = 0 kcal/mol
         interpolating states number/density starts
            core state contribution ... done, cpu time[sec] = 0.04, elapsed time[sec] = 0
            electronic states contribution ... done, cpu time[sec] = 0, elapsed time[sec] = 0
            vibrational modes contribution ... done, cpu time[sec] = 0, elapsed time[sec] = 0
            effective power exponent at 800 kcal/mol = 3.44
         interpolating states number/density done, cpu time[sec] = 0.87, elapsed time[sec] = 0
      Model::RRHO::RRHO:  done, cpu time[sec] = 0.94, elapsed time[sec] = 0
   Model::Bimolecular::Bimolecular:  done, cpu time[sec] = 27.4, elapsed time[sec] = 2
   WELL: WR
-------------------------------------------
| Model::Species::Species: WARNING: unknown keyword: Core
| Available keys:
| Geometry[angstrom]
| Geometry[au]
| Mass[amu]
| Stoichiometry
| Print[1/cm]
| Hint: to get rid of this message separate the base class input from the derived class one with +++
-------------------------------------------
   Model::RRHO::RRHO:  starts
      Model::new_core:  starts
         Model::RigidRotor::RigidRotor:  starts
            molecular geometry will be used to estimate rotational constants
            rotational configuration: nonlinear
            rotational constants[1/cm]:      0.148    0.0787    0.0745
         Model::RigidRotor::RigidRotor:  done, cpu time[sec] = 0.2, elapsed time[sec] = 1
      Model::new_core:  done, cpu time[sec] = 0.2, elapsed time[sec] = 1
      ground state energy = -0 kcal/mol
      interpolating states number/density starts
         core state contribution ... done, cpu time[sec] = 0.01, elapsed time[sec] = 0
         electronic states contribution ... done, cpu time[sec] = 0, elapsed time[sec] = 0
         vibrational modes contribution ... done, cpu time[sec] = 0.32, elapsed time[sec] = 0
         effective power exponent at 800 kcal/mol = 38.4
      interpolating states number/density done, cpu time[sec] = 1.36, elapsed time[sec] = 0
   Model::RRHO::RRHO:  done, cpu time[sec] = 1.56, elapsed time[sec] = 1
   WELL: WP
-------------------------------------------
| Model::Species::Species: WARNING: unknown keyword: Core
| Available keys:
| Geometry[angstrom]
| Geometry[au]
| Mass[amu]
| Stoichiometry
| Print[1/cm]
| Hint: to get rid of this message separate the base class input from the derived class one with +++
-------------------------------------------
   Model::RRHO::RRHO:  starts
      Model::new_core:  starts
         Model::RigidRotor::RigidRotor:  starts
            molecular geometry will be used to estimate rotational constants
            rotational configuration: nonlinear
            rotational constants[1/cm]:     0.0828    0.0816    0.0586
         Model::RigidRotor::RigidRotor:  done, cpu time[sec] = 0.2, elapsed time[sec] = 0
      Model::new_core:  done, cpu time[sec] = 0.2, elapsed time[sec] = 0
      ground state energy = -37.9 kcal/mol
      interpolating states number/density starts
         core state contribution ... done, cpu time[sec] = 0.02, elapsed time[sec] = 0
         electronic states contribution ... done, cpu time[sec] = 0, elapsed time[sec] = 0
         vibrational modes contribution ... done, cpu time[sec] = 0.3, elapsed time[sec] = 0
         effective power exponent at 838 kcal/mol = 38.7
      interpolating states number/density done, cpu time[sec] = 1.21, elapsed time[sec] = 0
   Model::RRHO::RRHO:  done, cpu time[sec] = 1.41, elapsed time[sec] = 0
   BARRIER: B1
-------------------------------------------
| Model::Species::Species: WARNING: unknown keyword: Core
| Available keys:
| Geometry[angstrom]
| Geometry[au]
| Mass[amu]
| Stoichiometry
| Print[1/cm]
| Hint: to get rid of this message separate the base class input from the derived class one with +++
-------------------------------------------
   Model::RRHO::RRHO:  starts
      Model::new_core:  starts
         Model::PhaseSpaceTheory::PhaseSpaceTheory:  starts
            molecular geometry will be used to estimate rotational constants
            rotational configuration: nonlinear
            rotational constants[1/cm]:      0.271     0.109      0.08
            molecular geometry will be used to estimate rotational constants
            rotational configuration: linear
            rotational constant[1/cm]:       18.9
            TST level: E
         Model::PhaseSpaceTheory::PhaseSpaceTheory:  done, cpu time[sec] = 0.34, elapsed time[sec] = 0
      Model::new_core:  done, cpu time[sec] = 0.34, elapsed time[sec] = 0
      1-th ROTOR:
-------------------------------------------
| Model::Rotor::Rotor: WARNING: unknown keyword: Group
| Available keys:
| Geometry[angstrom]
| Geometry[au]
| HamiltonSizeMax
| HamiltonSizeMin
| GridSize
| ThermalPowerMax
| Hint: to get rid of this message separate the base class input from the derived class one with +++
-------------------------------------------
-------------------------------------------
| Model::InternalRotationDef::init: WARNING: unknown keyword: Potential[kcal/mol]
| Available keys:
| Group
| Axis
| Symmetry
| Hint: to get rid of this message separate the base class input from the derived class one with +++
-------------------------------------------
      Model::HinderedRotor::HinderedRotor:  starts
         Model::HinderedRotor::_read:  starts
            first point frequency estimate = 144 1/cm
            Fourier Expansion Coefficients(kcal/mol):
              0     0.634
              1    -0.649
              2  -0.00228
              3    0.0133
              4   0.00289
              5   0.00333
              6  -0.00167
              7  -0.00167
              8         0
              9  0.000593
             10   0.00061
             11 -0.000833
         Model::HinderedRotor::_read:  done, cpu time[sec] = 0, elapsed time[sec] = 0
         effective rotational constant[1/cm]  = 5.67
         potential minimum angle[deg]         = 0
         analytic  frequency at minimum[1/cm] = 147
         numerical frequency at minimum[1/cm] = 147
         minimum energy[kcal/mol]             = 6.84e-17
         maximum energy[kcal/mol]             = 1.29
         maximum frequency[1/cm]              = 147
         ground energy [kcal/mol]             = 0.2
         highest energy level [kcal/mol]      = 3.62e+04
         number of levels                     = 997
         10 lowest excited states [kcal/mol] relative to the ground: 0.384 0.721 1.06 1.17 1.79 1.79 2.79 2.79 4.1
         Statistical Weight (*** - deep tunneling regime):
          T, K   Quantum        PG        PI  ***
           100      1.18      1.14      1.18
           200      1.69      1.66      1.69
           300      2.25      2.23      2.25
           400       2.8      2.78       2.8
           500      3.31      3.29      3.31
           600      3.78      3.77      3.78
           700      4.22      4.21      4.22
           800      4.64      4.63      4.64
           900      5.03      5.02      5.03
          1000       5.4      5.39       5.4
      Model::HinderedRotor::HinderedRotor:  done, cpu time[sec] = 24.4, elapsed time[sec] = 2
      ground state energy = 0 kcal/mol
      interpolating states number/density starts
         core state contribution ... done, cpu time[sec] = 0.65, elapsed time[sec] = 0
         electronic states contribution ... done, cpu time[sec] = 0.01, elapsed time[sec] = 0
         vibrational modes contribution ... done, cpu time[sec] = 0.3, elapsed time[sec] = 0
         hindered rotors contribution starts
            Model::HinderedRotor::set:  starts
            Model::HinderedRotor::set:  done, cpu time[sec] = 0, elapsed time[sec] = 0
         hindered rotors contribution done, cpu time[sec] = 1.03, elapsed time[sec] = 0
         effective power exponent at 800 kcal/mol = 36
      interpolating states number/density done, cpu time[sec] = 3.01, elapsed time[sec] = 0
   Model::RRHO::RRHO:  done, cpu time[sec] = 27.8, elapsed time[sec] = 2
   BARRIER: B3
-------------------------------------------
| Model::Species::Species: WARNING: unknown keyword: Core
| Available keys:
| Geometry[angstrom]
| Geometry[au]
| Mass[amu]
| Stoichiometry
| Print[1/cm]
| Hint: to get rid of this message separate the base class input from the derived class one with +++
-------------------------------------------
   Model::RRHO::RRHO:  starts
      Model::new_core:  starts
         Model::PhaseSpaceTheory::PhaseSpaceTheory:  starts
            molecular geometry will be used to estimate rotational constants
            rotational configuration: nonlinear
            rotational constants[1/cm]:      0.274     0.116    0.0826
            molecular geometry will be used to estimate rotational constants
            rotational configuration: nonlinear
            rotational constants[1/cm]:       27.8      14.5      9.52
            TST level: E
         Model::PhaseSpaceTheory::PhaseSpaceTheory:  done, cpu time[sec] = 0.18, elapsed time[sec] = 0
      Model::new_core:  done, cpu time[sec] = 0.18, elapsed time[sec] = 0
      1-th ROTOR:
-------------------------------------------
| Model::Rotor::Rotor: WARNING: unknown keyword: Group
| Available keys:
| Geometry[angstrom]
| Geometry[au]
| HamiltonSizeMax
| HamiltonSizeMin
| GridSize
| ThermalPowerMax
| Hint: to get rid of this message separate the base class input from the derived class one with +++
-------------------------------------------
-------------------------------------------
| Model::InternalRotationDef::init: WARNING: unknown keyword: Potential[kcal/mol]
| Available keys:
| Group
| Axis
| Symmetry
| Hint: to get rid of this message separate the base class input from the derived class one with +++
-------------------------------------------
      Model::HinderedRotor::HinderedRotor:  starts
         Model::HinderedRotor::_read:  starts
            first point frequency estimate = 51 1/cm
            Fourier Expansion Coefficients(kcal/mol):
              0    0.0275
              1  -0.00144
              2 -0.000833
              3   -0.0292
              4   0.00144
              5  2.66e-19
              6  -0.00167
              7    0.0025
              8   0.00144
              9   0.00144
             10 -0.000833
             11 -0.000833
         Model::HinderedRotor::_read:  done, cpu time[sec] = 0, elapsed time[sec] = 0
         effective rotational constant[1/cm]  = 5.66
         potential minimum angle[deg]         = 57.6
         analytic  frequency at minimum[1/cm] = 75
         numerical frequency at minimum[1/cm] = 75
         minimum energy[kcal/mol]             = -0.00116
         maximum energy[kcal/mol]             = 0.0602
         maximum frequency[1/cm]              = 75.1
         ground energy [kcal/mol]             = 0.0268
         highest energy level [kcal/mol]      = 3.61e+04
         number of levels                     = 997
         10 lowest excited states [kcal/mol] relative to the ground: 0.132 0.161 0.582 0.585 1.31 1.31 2.33 2.33 3.64
         Statistical Weight (*** - deep tunneling regime):
          T, K   Quantum        PG        PI  ***
           100      2.07      1.98      2.07
           200      2.93      2.89      2.93
           300      3.58      3.56      3.58
           400      4.14      4.13      4.14
           500      4.63      4.62      4.63
           600      5.07      5.06      5.07
           700      5.47      5.47      5.47
           800      5.85      5.85      5.85
           900      6.21       6.2      6.21
          1000      6.54      6.54      6.54
      Model::HinderedRotor::HinderedRotor:  done, cpu time[sec] = 30.9, elapsed time[sec] = 3
      ground state energy = -37.8 kcal/mol
      interpolating states number/density starts
         core state contribution ... done, cpu time[sec] = 0.6, elapsed time[sec] = 0
         electronic states contribution ... done, cpu time[sec] = 0, elapsed time[sec] = 0
         vibrational modes contribution ... done, cpu time[sec] = 0.07, elapsed time[sec] = 0
         hindered rotors contribution starts
            Model::HinderedRotor::set:  starts
            Model::HinderedRotor::set:  done, cpu time[sec] = 0, elapsed time[sec] = 0
         hindered rotors contribution done, cpu time[sec] = 4.29, elapsed time[sec] = 0
         effective power exponent at 838 kcal/mol = 35.7
      interpolating states number/density done, cpu time[sec] = 5.67, elapsed time[sec] = 0
   Model::RRHO::RRHO:  done, cpu time[sec] = 36.7, elapsed time[sec] = 3
   BARRIER: B2
   Model::VarBarrier::VarBarrier:  starts
      1-th RRHO:
-------------------------------------------
| Model::Species::Species: WARNING: unknown keyword: Core
| Available keys:
| Geometry[angstrom]
| Geometry[au]
| Mass[amu]
| Stoichiometry
| Print[1/cm]
| Hint: to get rid of this message separate the base class input from the derived class one with +++
-------------------------------------------
      Model::RRHO::RRHO:  starts
         Model::new_core:  starts
            Model::RigidRotor::RigidRotor:  starts
               molecular geometry will be used to estimate rotational constants
               rotational configuration: nonlinear
               rotational constants[1/cm]:     0.0947     0.079    0.0515
            Model::RigidRotor::RigidRotor:  done, cpu time[sec] = 0.14, elapsed time[sec] = 0
         Model::new_core:  done, cpu time[sec] = 0.14, elapsed time[sec] = 0
         1-th ROTOR:
-------------------------------------------
| Model::Rotor::Rotor: WARNING: unknown keyword: Group
| Available keys:
| Geometry[angstrom]
| Geometry[au]
| HamiltonSizeMax
| HamiltonSizeMin
| GridSize
| ThermalPowerMax
| Hint: to get rid of this message separate the base class input from the derived class one with +++
-------------------------------------------
-------------------------------------------
| Model::InternalRotationDef::init: WARNING: unknown keyword: Potential[kcal/mol]
| Available keys:
| Group
| Axis
| Symmetry
| Hint: to get rid of this message separate the base class input from the derived class one with +++
-------------------------------------------
         Model::HinderedRotor::HinderedRotor:  starts
            Model::HinderedRotor::_read:  starts
               first point frequency estimate = 145 1/cm
               Fourier Expansion Coefficients(kcal/mol):
                 0     0.707
                 1   -0.0072
                 2   0.00733
                 3   0.00209
                 4   0.00505
                 5    -0.721
                 6   -0.0269
                 7   -0.0017
                 8   0.00514
                 9   0.00665
                10   0.00647
                11    0.0178
                12  -0.00962
                13  0.000545
                14 -0.000852
                15 -0.000386
                16  9.17e-05
                17  -0.00389
            Model::HinderedRotor::_read:  done, cpu time[sec] = 0, elapsed time[sec] = 0
            effective rotational constant[1/cm]  = 5.46
            potential minimum angle[deg]         = 242
            analytic  frequency at minimum[1/cm] = 154
            numerical frequency at minimum[1/cm] = 154
            minimum energy[kcal/mol]             = -0.00357
            maximum energy[kcal/mol]             = 1.45
            maximum frequency[1/cm]              = 157
            ground energy [kcal/mol]             = 0.207
            highest energy level [kcal/mol]      = 3.87e+03
            number of levels                     = 997
            10 lowest excited states [kcal/mol] relative to the ground: 0.000395 0.00473 0.398 0.402 0.411 0.756 0.764 0.774 1.05
            Statistical Weight (*** - deep tunneling regime):
             T, K   Quantum        PG        PI  ***
              100      3.45      3.33      3.44
              200       4.9      4.81      4.89
              300      6.54      6.46      6.54
              400      8.15      8.09      8.15
              500      9.68      9.63      9.68
              600      11.1      11.1      11.1
              700      12.5      12.4      12.5
              800      13.7      13.7      13.7
              900      14.9      14.9      14.9
             1000      16.1        16      16.1
         Model::HinderedRotor::HinderedRotor:  done, cpu time[sec] = 57.1, elapsed time[sec] = 5
         2-th ROTOR:
-------------------------------------------
| Model::Rotor::Rotor: WARNING: unknown keyword: Group
| Available keys:
| Geometry[angstrom]
| Geometry[au]
| HamiltonSizeMax
| HamiltonSizeMin
| GridSize
| ThermalPowerMax
| Hint: to get rid of this message separate the base class input from the derived class one with +++
-------------------------------------------
-------------------------------------------
| Model::InternalRotationDef::init: WARNING: unknown keyword: Potential[kcal/mol]
| Available keys:
| Group
| Axis
| Symmetry
| Hint: to get rid of this message separate the base class input from the derived class one with +++
-------------------------------------------
         Model::HinderedRotor::HinderedRotor:  starts
            Model::HinderedRotor::_read:  starts
               first point frequency estimate = 117 1/cm
               Fourier Expansion Coefficients(kcal/mol):
                 0     0.869
                 1    -0.629
                 2   -0.0858
                 3     -0.28
                 4    0.0253
                 5  -0.00444
                 6    0.0192
                 7    0.0339
                 8   0.00863
                 9   0.00796
                10  -0.00875
                11   0.00222
                12 -2.46e-17
                13   0.00109
                14   0.00202
                15 -0.000417
                16  0.000623
                17 -0.000556
            Model::HinderedRotor::_read:  done, cpu time[sec] = 0, elapsed time[sec] = 0
            effective rotational constant[1/cm]  = 18.5
            potential minimum angle[deg]         = 358
            analytic  frequency at minimum[1/cm] = 115
            numerical frequency at minimum[1/cm] = 115
            minimum energy[kcal/mol]             = -0.000529
            maximum energy[kcal/mol]             = 1.39
            maximum frequency[1/cm]              = 153
            ground energy [kcal/mol]             = 0.176
            highest energy level [kcal/mol]      = 1.31e+04
            number of levels                     = 997
            10 lowest excited states [kcal/mol] relative to the ground: 0.36 0.708 0.99 1.11 1.26 1.29 1.6 1.61 2.06
            Statistical Weight (*** - deep tunneling regime):
             T, K   Quantum        PG        PI  ***
              100      1.21      1.23      1.21
              200      1.85      1.84      1.85
              300      2.67      2.66      2.67
              400      3.52      3.51      3.52
              500      4.35      4.34      4.35
              600      5.15      5.14      5.15
              700       5.9      5.89       5.9
              800       6.6       6.6       6.6
              900      7.28      7.27      7.28
             1000      7.91       7.9      7.91
         Model::HinderedRotor::HinderedRotor:  done, cpu time[sec] = 35.7, elapsed time[sec] = 2
         ground state energy = 1.2 kcal/mol
         interpolating states number/density starts
            core state contribution ... done, cpu time[sec] = 0.28, elapsed time[sec] = 0
            electronic states contribution ... done, cpu time[sec] = 0, elapsed time[sec] = 0
            vibrational modes contribution ... done, cpu time[sec] = 0.29, elapsed time[sec] = 0
            hindered rotors contribution starts
               Model::HinderedRotor::set:  starts
               Model::HinderedRotor::set:  done, cpu time[sec] = 0, elapsed time[sec] = 0
               Model::HinderedRotor::set:  starts
               Model::HinderedRotor::set:  done, cpu time[sec] = 0, elapsed time[sec] = 0
            hindered rotors contribution done, cpu time[sec] = 3.38, elapsed time[sec] = 0
            effective power exponent at 799 kcal/mol = 37.7
         interpolating states number/density done, cpu time[sec] = 4.96, elapsed time[sec] = 1
      Model::RRHO::RRHO:  done, cpu time[sec] = 97.8, elapsed time[sec] = 8
      2-th RRHO:
-------------------------------------------
| Model::Species::Species: WARNING: unknown keyword: Core
| Available keys:
| Geometry[angstrom]
| Geometry[au]
| Mass[amu]
| Stoichiometry
| Print[1/cm]
| Hint: to get rid of this message separate the base class input from the derived class one with +++
-------------------------------------------
      Model::RRHO::RRHO:  starts
         Model::new_core:  starts
            Model::RigidRotor::RigidRotor:  starts
               molecular geometry will be used to estimate rotational constants
               rotational configuration: nonlinear
               rotational constants[1/cm]:     0.0948    0.0791    0.0515
            Model::RigidRotor::RigidRotor:  done, cpu time[sec] = 0.14, elapsed time[sec] = 0
         Model::new_core:  done, cpu time[sec] = 0.14, elapsed time[sec] = 0
         1-th ROTOR:
-------------------------------------------
| Model::Rotor::Rotor: WARNING: unknown keyword: Group
| Available keys:
| Geometry[angstrom]
| Geometry[au]
| HamiltonSizeMax
| HamiltonSizeMin
| GridSize
| ThermalPowerMax
| Hint: to get rid of this message separate the base class input from the derived class one with +++
-------------------------------------------
-------------------------------------------
| Model::InternalRotationDef::init: WARNING: unknown keyword: Potential[kcal/mol]
| Available keys:
| Group
| Axis
| Symmetry
| Hint: to get rid of this message separate the base class input from the derived class one with +++
-------------------------------------------
         Model::HinderedRotor::HinderedRotor:  starts
            Model::HinderedRotor::_read:  starts
               first point frequency estimate = 145 1/cm
               Fourier Expansion Coefficients(kcal/mol):
                 0     0.707
                 1   -0.0072
                 2   0.00733
                 3   0.00209
                 4   0.00505
                 5    -0.721
                 6   -0.0269
                 7   -0.0017
                 8   0.00514
                 9   0.00665
                10   0.00647
                11    0.0178
                12  -0.00962
                13  0.000545
                14 -0.000852
                15 -0.000386
                16  9.17e-05
                17  -0.00389
            Model::HinderedRotor::_read:  done, cpu time[sec] = 0, elapsed time[sec] = 0
            effective rotational constant[1/cm]  = 5.46
            potential minimum angle[deg]         = 242
            analytic  frequency at minimum[1/cm] = 154
            numerical frequency at minimum[1/cm] = 154
            minimum energy[kcal/mol]             = -0.00357
            maximum energy[kcal/mol]             = 1.45
            maximum frequency[1/cm]              = 157
            ground energy [kcal/mol]             = 0.207
            highest energy level [kcal/mol]      = 3.87e+03
            number of levels                     = 997
            10 lowest excited states [kcal/mol] relative to the ground: 0.000395 0.00473 0.398 0.402 0.411 0.756 0.764 0.774 1.05
            Statistical Weight (*** - deep tunneling regime):
             T, K   Quantum        PG        PI  ***
              100      3.45      3.33      3.44
              200       4.9      4.81      4.89
              300      6.54      6.46      6.54
              400      8.15      8.09      8.15
              500      9.68      9.63      9.68
              600      11.1      11.1      11.1
              700      12.5      12.4      12.5
              800      13.7      13.7      13.7
              900      14.9      14.9      14.9
             1000      16.1        16      16.1
         Model::HinderedRotor::HinderedRotor:  done, cpu time[sec] = 15.8, elapsed time[sec] = 1
         2-th ROTOR:
-------------------------------------------
| Model::Rotor::Rotor: WARNING: unknown keyword: Group
| Available keys:
| Geometry[angstrom]
| Geometry[au]
| HamiltonSizeMax
| HamiltonSizeMin
| GridSize
| ThermalPowerMax
| Hint: to get rid of this message separate the base class input from the derived class one with +++
-------------------------------------------
-------------------------------------------
| Model::InternalRotationDef::init: WARNING: unknown keyword: Potential[kcal/mol]
| Available keys:
| Group
| Axis
| Symmetry
| Hint: to get rid of this message separate the base class input from the derived class one with +++
-------------------------------------------
         Model::HinderedRotor::HinderedRotor:  starts
            Model::HinderedRotor::_read:  starts
               first point frequency estimate = 118 1/cm
               Fourier Expansion Coefficients(kcal/mol):
                 0     0.869
                 1    -0.629
                 2   -0.0858
                 3     -0.28
                 4    0.0253
                 5  -0.00444
                 6    0.0192
                 7    0.0339
                 8   0.00863
                 9   0.00796
                10  -0.00875
                11   0.00222
                12 -2.46e-17
                13   0.00109
                14   0.00202
                15 -0.000417
                16  0.000623
                17 -0.000556
            Model::HinderedRotor::_read:  done, cpu time[sec] = 0, elapsed time[sec] = 0
            effective rotational constant[1/cm]  = 18.5
            potential minimum angle[deg]         = 358
            analytic  frequency at minimum[1/cm] = 115
            numerical frequency at minimum[1/cm] = 115
            minimum energy[kcal/mol]             = -0.000529
            maximum energy[kcal/mol]             = 1.39
            maximum frequency[1/cm]              = 153
            ground energy [kcal/mol]             = 0.176
            highest energy level [kcal/mol]      = 1.31e+04
            number of levels                     = 997
            10 lowest excited states [kcal/mol] relative to the ground: 0.36 0.708 0.991 1.11 1.26 1.29 1.6 1.61 2.06
            Statistical Weight (*** - deep tunneling regime):
             T, K   Quantum        PG        PI  ***
              100      1.21      1.23      1.21
              200      1.85      1.84      1.85
              300      2.67      2.65      2.67
              400      3.52      3.51      3.52
              500      4.35      4.34      4.35
              600      5.15      5.13      5.15
              700      5.89      5.89      5.89
              800       6.6      6.59       6.6
              900      7.27      7.27      7.27
             1000      7.91       7.9      7.91
         Model::HinderedRotor::HinderedRotor:  done, cpu time[sec] = 14.9, elapsed time[sec] = 1
         ground state energy = 1.2 kcal/mol
         interpolating states number/density starts
            core state contribution ... done, cpu time[sec] = 0.03, elapsed time[sec] = 0
            electronic states contribution ... done, cpu time[sec] = 0, elapsed time[sec] = 0
            vibrational modes contribution ... done, cpu time[sec] = 0.27, elapsed time[sec] = 0
            hindered rotors contribution starts
               Model::HinderedRotor::set:  starts
               Model::HinderedRotor::set:  done, cpu time[sec] = 0, elapsed time[sec] = 0
               Model::HinderedRotor::set:  starts
               Model::HinderedRotor::set:  done, cpu time[sec] = 0, elapsed time[sec] = 0
            hindered rotors contribution done, cpu time[sec] = 4.04, elapsed time[sec] = 0
            effective power exponent at 799 kcal/mol = 37.7
         interpolating states number/density done, cpu time[sec] = 4.99, elapsed time[sec] = 0
      Model::RRHO::RRHO:  done, cpu time[sec] = 35.9, elapsed time[sec] = 2
      3-th RRHO:
-------------------------------------------
| Model::Species::Species: WARNING: unknown keyword: Core
| Available keys:
| Geometry[angstrom]
| Geometry[au]
| Mass[amu]
| Stoichiometry
| Print[1/cm]
| Hint: to get rid of this message separate the base class input from the derived class one with +++
-------------------------------------------
      Model::RRHO::RRHO:  starts
         Model::new_core:  starts
            Model::RigidRotor::RigidRotor:  starts
               molecular geometry will be used to estimate rotational constants
               rotational configuration: nonlinear
               rotational constants[1/cm]:     0.0948    0.0792    0.0516
            Model::RigidRotor::RigidRotor:  done, cpu time[sec] = 0.08, elapsed time[sec] = 0
         Model::new_core:  done, cpu time[sec] = 0.08, elapsed time[sec] = 0
         1-th ROTOR:
-------------------------------------------
| Model::Rotor::Rotor: WARNING: unknown keyword: Group
| Available keys:
| Geometry[angstrom]
| Geometry[au]
| HamiltonSizeMax
| HamiltonSizeMin
| GridSize
| ThermalPowerMax
| Hint: to get rid of this message separate the base class input from the derived class one with +++
-------------------------------------------
-------------------------------------------
| Model::InternalRotationDef::init: WARNING: unknown keyword: Potential[kcal/mol]
| Available keys:
| Group
| Axis
| Symmetry
| Hint: to get rid of this message separate the base class input from the derived class one with +++
-------------------------------------------
         Model::HinderedRotor::HinderedRotor:  starts
            Model::HinderedRotor::_read:  starts
               first point frequency estimate = 145 1/cm
               Fourier Expansion Coefficients(kcal/mol):
                 0     0.707
                 1   -0.0072
                 2   0.00733
                 3   0.00209
                 4   0.00505
                 5    -0.721
                 6   -0.0269
                 7   -0.0017
                 8   0.00514
                 9   0.00665
                10   0.00647
                11    0.0178
                12  -0.00962
                13  0.000545
                14 -0.000852
                15 -0.000386
                16  9.17e-05
                17  -0.00389
            Model::HinderedRotor::_read:  done, cpu time[sec] = 0, elapsed time[sec] = 0
            effective rotational constant[1/cm]  = 5.46
            potential minimum angle[deg]         = 242
            analytic  frequency at minimum[1/cm] = 154
            numerical frequency at minimum[1/cm] = 154
            minimum energy[kcal/mol]             = -0.00357
            maximum energy[kcal/mol]             = 1.45
            maximum frequency[1/cm]              = 157
            ground energy [kcal/mol]             = 0.207
            highest energy level [kcal/mol]      = 3.87e+03
            number of levels                     = 997
            10 lowest excited states [kcal/mol] relative to the ground: 0.000395 0.00473 0.398 0.402 0.411 0.756 0.764 0.774 1.05
            Statistical Weight (*** - deep tunneling regime):
             T, K   Quantum        PG        PI  ***
              100      3.45      3.33      3.44
              200       4.9      4.81      4.89
              300      6.54      6.46      6.54
              400      8.15      8.09      8.15
              500      9.68      9.63      9.68
              600      11.1      11.1      11.1
              700      12.5      12.4      12.5
              800      13.7      13.7      13.7
              900      14.9      14.9      14.9
             1000      16.1        16      16.1
         Model::HinderedRotor::HinderedRotor:  done, cpu time[sec] = 18.4, elapsed time[sec] = 2
         2-th ROTOR:
-------------------------------------------
| Model::Rotor::Rotor: WARNING: unknown keyword: Group
| Available keys:
| Geometry[angstrom]
| Geometry[au]
| HamiltonSizeMax
| HamiltonSizeMin
| GridSize
| ThermalPowerMax
| Hint: to get rid of this message separate the base class input from the derived class one with +++
-------------------------------------------
-------------------------------------------
| Model::InternalRotationDef::init: WARNING: unknown keyword: Potential[kcal/mol]
| Available keys:
| Group
| Axis
| Symmetry
| Hint: to get rid of this message separate the base class input from the derived class one with +++
-------------------------------------------
         Model::HinderedRotor::HinderedRotor:  starts
            Model::HinderedRotor::_read:  starts
               first point frequency estimate = 118 1/cm
               Fourier Expansion Coefficients(kcal/mol):
                 0     0.869
                 1    -0.629
                 2   -0.0858
                 3     -0.28
                 4    0.0253
                 5  -0.00444
                 6    0.0192
                 7    0.0339
                 8   0.00863
                 9   0.00796
                10  -0.00875
                11   0.00222
                12 -2.46e-17
                13   0.00109
                14   0.00202
                15 -0.000417
                16  0.000623
                17 -0.000556
            Model::HinderedRotor::_read:  done, cpu time[sec] = 0, elapsed time[sec] = 0
            effective rotational constant[1/cm]  = 18.5
            potential minimum angle[deg]         = 358
            analytic  frequency at minimum[1/cm] = 115
            numerical frequency at minimum[1/cm] = 115
            minimum energy[kcal/mol]             = -0.000529
            maximum energy[kcal/mol]             = 1.39
            maximum frequency[1/cm]              = 153
            ground energy [kcal/mol]             = 0.176
            highest energy level [kcal/mol]      = 1.31e+04
            number of levels                     = 997
            10 lowest excited states [kcal/mol] relative to the ground: 0.36 0.709 0.991 1.11 1.26 1.29 1.6 1.61 2.06
            Statistical Weight (*** - deep tunneling regime):
             T, K   Quantum        PG        PI  ***
              100      1.21      1.23      1.21
              200      1.85      1.84      1.85
              300      2.67      2.65      2.67
              400      3.52      3.51      3.52
              500      4.35      4.34      4.35
              600      5.14      5.13      5.14
              700      5.89      5.88      5.89
              800       6.6      6.59       6.6
              900      7.27      7.26      7.27
             1000      7.91       7.9      7.91
         Model::HinderedRotor::HinderedRotor:  done, cpu time[sec] = 26, elapsed time[sec] = 3
         ground state energy = 1.2 kcal/mol
         interpolating states number/density starts
            core state contribution ... done, cpu time[sec] = 0.01, elapsed time[sec] = 0
            electronic states contribution ... done, cpu time[sec] = 0.01, elapsed time[sec] = 0
            vibrational modes contribution ... done, cpu time[sec] = 0.26, elapsed time[sec] = 0
            hindered rotors contribution starts
               Model::HinderedRotor::set:  starts
               Model::HinderedRotor::set:  done, cpu time[sec] = 0, elapsed time[sec] = 0
               Model::HinderedRotor::set:  starts
               Model::HinderedRotor::set:  done, cpu time[sec] = 0, elapsed time[sec] = 0
            hindered rotors contribution done, cpu time[sec] = 4.09, elapsed time[sec] = 0
            effective power exponent at 799 kcal/mol = 37.7
         interpolating states number/density done, cpu time[sec] = 5.59, elapsed time[sec] = 0
      Model::RRHO::RRHO:  done, cpu time[sec] = 50, elapsed time[sec] = 5
      4-th RRHO:
-------------------------------------------
| Model::Species::Species: WARNING: unknown keyword: Core
| Available keys:
| Geometry[angstrom]
| Geometry[au]
| Mass[amu]
| Stoichiometry
| Print[1/cm]
| Hint: to get rid of this message separate the base class input from the derived class one with +++
-------------------------------------------
      Model::RRHO::RRHO:  starts
         Model::new_core:  starts
            Model::RigidRotor::RigidRotor:  starts
               molecular geometry will be used to estimate rotational constants
               rotational configuration: nonlinear
               rotational constants[1/cm]:     0.0949    0.0793    0.0516
            Model::RigidRotor::RigidRotor:  done, cpu time[sec] = 0.02, elapsed time[sec] = 0
         Model::new_core:  done, cpu time[sec] = 0.03, elapsed time[sec] = 0
         1-th ROTOR:
-------------------------------------------
| Model::Rotor::Rotor: WARNING: unknown keyword: Group
| Available keys:
| Geometry[angstrom]
| Geometry[au]
| HamiltonSizeMax
| HamiltonSizeMin
| GridSize
| ThermalPowerMax
| Hint: to get rid of this message separate the base class input from the derived class one with +++
-------------------------------------------
-------------------------------------------
| Model::InternalRotationDef::init: WARNING: unknown keyword: Potential[kcal/mol]
| Available keys:
| Group
| Axis
| Symmetry
| Hint: to get rid of this message separate the base class input from the derived class one with +++
-------------------------------------------
         Model::HinderedRotor::HinderedRotor:  starts
            Model::HinderedRotor::_read:  starts
               first point frequency estimate = 145 1/cm
               Fourier Expansion Coefficients(kcal/mol):
                 0     0.707
                 1   -0.0072
                 2   0.00733
                 3   0.00209
                 4   0.00505
                 5    -0.721
                 6   -0.0269
                 7   -0.0017
                 8   0.00514
                 9   0.00665
                10   0.00647
                11    0.0178
                12  -0.00962
                13  0.000545
                14 -0.000852
                15 -0.000386
                16  9.17e-05
                17  -0.00389
            Model::HinderedRotor::_read:  done, cpu time[sec] = 0, elapsed time[sec] = 0
            effective rotational constant[1/cm]  = 5.46
            potential minimum angle[deg]         = 242
            analytic  frequency at minimum[1/cm] = 154
            numerical frequency at minimum[1/cm] = 154
            minimum energy[kcal/mol]             = -0.00357
            maximum energy[kcal/mol]             = 1.45
            maximum frequency[1/cm]              = 157
            ground energy [kcal/mol]             = 0.207
            highest energy level [kcal/mol]      = 3.87e+03
            number of levels                     = 997
            10 lowest excited states [kcal/mol] relative to the ground: 0.000395 0.00473 0.398 0.402 0.411 0.756 0.764 0.774 1.05
            Statistical Weight (*** - deep tunneling regime):
             T, K   Quantum        PG        PI  ***
              100      3.45      3.33      3.44
              200       4.9      4.81      4.89
              300      6.54      6.46      6.54
              400      8.15      8.09      8.15
              500      9.68      9.63      9.68
              600      11.1      11.1      11.1
              700      12.5      12.4      12.5
              800      13.7      13.7      13.7
              900      14.9      14.9      14.9
             1000      16.1        16      16.1
         Model::HinderedRotor::HinderedRotor:  done, cpu time[sec] = 29, elapsed time[sec] = 3
         2-th ROTOR:
-------------------------------------------
| Model::Rotor::Rotor: WARNING: unknown keyword: Group
| Available keys:
| Geometry[angstrom]
| Geometry[au]
| HamiltonSizeMax
| HamiltonSizeMin
| GridSize
| ThermalPowerMax
| Hint: to get rid of this message separate the base class input from the derived class one with +++
-------------------------------------------
-------------------------------------------
| Model::InternalRotationDef::init: WARNING: unknown keyword: Potential[kcal/mol]
| Available keys:
| Group
| Axis
| Symmetry
| Hint: to get rid of this message separate the base class input from the derived class one with +++
-------------------------------------------
         Model::HinderedRotor::HinderedRotor:  starts
            Model::HinderedRotor::_read:  starts
               first point frequency estimate = 118 1/cm
               Fourier Expansion Coefficients(kcal/mol):
                 0     0.869
                 1    -0.629
                 2   -0.0858
                 3     -0.28
                 4    0.0253
                 5  -0.00444
                 6    0.0192
                 7    0.0339
                 8   0.00863
                 9   0.00796
                10  -0.00875
                11   0.00222
                12 -2.46e-17
                13   0.00109
                14   0.00202
                15 -0.000417
                16  0.000623
                17 -0.000556
            Model::HinderedRotor::_read:  done, cpu time[sec] = 0, elapsed time[sec] = 0
            effective rotational constant[1/cm]  = 18.5
            potential minimum angle[deg]         = 358
            analytic  frequency at minimum[1/cm] = 115
            numerical frequency at minimum[1/cm] = 115
            minimum energy[kcal/mol]             = -0.000529
            maximum energy[kcal/mol]             = 1.39
            maximum frequency[1/cm]              = 153
            ground energy [kcal/mol]             = 0.176
            highest energy level [kcal/mol]      = 1.31e+04
            number of levels                     = 997
            10 lowest excited states [kcal/mol] relative to the ground: 0.36 0.709 0.991 1.11 1.26 1.29 1.6 1.61 2.06
            Statistical Weight (*** - deep tunneling regime):
             T, K   Quantum        PG        PI  ***
              100      1.21      1.23      1.21
              200      1.85      1.84      1.85
              300      2.66      2.65      2.66
              400      3.52      3.51      3.52
              500      4.35      4.34      4.35
              600      5.14      5.13      5.14
              700      5.89      5.88      5.89
              800       6.6      6.59       6.6
              900      7.27      7.26      7.27
             1000      7.91       7.9      7.91
         Model::HinderedRotor::HinderedRotor:  done, cpu time[sec] = 22.9, elapsed time[sec] = 3
         ground state energy = 1.1 kcal/mol
         interpolating states number/density starts
            core state contribution ... done, cpu time[sec] = 0.02, elapsed time[sec] = 0
            electronic states contribution ... done, cpu time[sec] = 0, elapsed time[sec] = 0
            vibrational modes contribution ... done, cpu time[sec] = 0.22, elapsed time[sec] = 0
            hindered rotors contribution starts
               Model::HinderedRotor::set:  starts
               Model::HinderedRotor::set:  done, cpu time[sec] = 0, elapsed time[sec] = 0
               Model::HinderedRotor::set:  starts
               Model::HinderedRotor::set:  done, cpu time[sec] = 0, elapsed time[sec] = 0
            hindered rotors contribution done, cpu time[sec] = 3.19, elapsed time[sec] = 0
            effective power exponent at 799 kcal/mol = 37.7
         interpolating states number/density done, cpu time[sec] = 4.12, elapsed time[sec] = 0
      Model::RRHO::RRHO:  done, cpu time[sec] = 56, elapsed time[sec] = 6
      5-th RRHO:
-------------------------------------------
| Model::Species::Species: WARNING: unknown keyword: Core
| Available keys:
| Geometry[angstrom]
| Geometry[au]
| Mass[amu]
| Stoichiometry
| Print[1/cm]
| Hint: to get rid of this message separate the base class input from the derived class one with +++
-------------------------------------------
      Model::RRHO::RRHO:  starts
         Model::new_core:  starts
            Model::RigidRotor::RigidRotor:  starts
               molecular geometry will be used to estimate rotational constants
               rotational configuration: nonlinear
               rotational constants[1/cm]:     0.0949    0.0794    0.0516
            Model::RigidRotor::RigidRotor:  done, cpu time[sec] = 0.08, elapsed time[sec] = 0
         Model::new_core:  done, cpu time[sec] = 0.08, elapsed time[sec] = 0
         1-th ROTOR:
-------------------------------------------
| Model::Rotor::Rotor: WARNING: unknown keyword: Group
| Available keys:
| Geometry[angstrom]
| Geometry[au]
| HamiltonSizeMax
| HamiltonSizeMin
| GridSize
| ThermalPowerMax
| Hint: to get rid of this message separate the base class input from the derived class one with +++
-------------------------------------------
-------------------------------------------
| Model::InternalRotationDef::init: WARNING: unknown keyword: Potential[kcal/mol]
| Available keys:
| Group
| Axis
| Symmetry
| Hint: to get rid of this message separate the base class input from the derived class one with +++
-------------------------------------------
         Model::HinderedRotor::HinderedRotor:  starts
            Model::HinderedRotor::_read:  starts
               first point frequency estimate = 145 1/cm
               Fourier Expansion Coefficients(kcal/mol):
                 0     0.707
                 1   -0.0072
                 2   0.00733
                 3   0.00209
                 4   0.00505
                 5    -0.721
                 6   -0.0269
                 7   -0.0017
                 8   0.00514
                 9   0.00665
                10   0.00647
                11    0.0178
                12  -0.00962
                13  0.000545
                14 -0.000852
                15 -0.000386
                16  9.17e-05
                17  -0.00389
            Model::HinderedRotor::_read:  done, cpu time[sec] = 0, elapsed time[sec] = 0
            effective rotational constant[1/cm]  = 5.46
            potential minimum angle[deg]         = 242
            analytic  frequency at minimum[1/cm] = 154
            numerical frequency at minimum[1/cm] = 154
            minimum energy[kcal/mol]             = -0.00357
            maximum energy[kcal/mol]             = 1.45
            maximum frequency[1/cm]              = 157
            ground energy [kcal/mol]             = 0.207
            highest energy level [kcal/mol]      = 3.87e+03
            number of levels                     = 997
            10 lowest excited states [kcal/mol] relative to the ground: 0.000395 0.00473 0.398 0.402 0.411 0.756 0.764 0.774 1.05
            Statistical Weight (*** - deep tunneling regime):
             T, K   Quantum        PG        PI  ***
              100      3.45      3.33      3.44
              200       4.9      4.81      4.89
              300      6.54      6.46      6.54
              400      8.15      8.09      8.15
              500      9.68      9.63      9.68
              600      11.1      11.1      11.1
              700      12.5      12.4      12.5
              800      13.7      13.7      13.7
              900      14.9      14.9      14.9
             1000      16.1        16      16.1
         Model::HinderedRotor::HinderedRotor:  done, cpu time[sec] = 21.7, elapsed time[sec] = 3
         2-th ROTOR:
-------------------------------------------
| Model::Rotor::Rotor: WARNING: unknown keyword: Group
| Available keys:
| Geometry[angstrom]
| Geometry[au]
| HamiltonSizeMax
| HamiltonSizeMin
| GridSize
| ThermalPowerMax
| Hint: to get rid of this message separate the base class input from the derived class one with +++
-------------------------------------------
-------------------------------------------
| Model::InternalRotationDef::init: WARNING: unknown keyword: Potential[kcal/mol]
| Available keys:
| Group
| Axis
| Symmetry
| Hint: to get rid of this message separate the base class input from the derived class one with +++
-------------------------------------------
         Model::HinderedRotor::HinderedRotor:  starts
            Model::HinderedRotor::_read:  starts
               first point frequency estimate = 118 1/cm
               Fourier Expansion Coefficients(kcal/mol):
                 0     0.869
                 1    -0.629
                 2   -0.0858
                 3     -0.28
                 4    0.0253
                 5  -0.00444
                 6    0.0192
                 7    0.0339
                 8   0.00863
                 9   0.00796
                10  -0.00875
                11   0.00222
                12 -2.46e-17
                13   0.00109
                14   0.00202
                15 -0.000417
                16  0.000623
                17 -0.000556
            Model::HinderedRotor::_read:  done, cpu time[sec] = 0, elapsed time[sec] = 0
            effective rotational constant[1/cm]  = 18.5
            potential minimum angle[deg]         = 358
            analytic  frequency at minimum[1/cm] = 115
            numerical frequency at minimum[1/cm] = 115
            minimum energy[kcal/mol]             = -0.000529
            maximum energy[kcal/mol]             = 1.39
            maximum frequency[1/cm]              = 153
            ground energy [kcal/mol]             = 0.176
            highest energy level [kcal/mol]      = 1.31e+04
            number of levels                     = 997
            10 lowest excited states [kcal/mol] relative to the ground: 0.36 0.709 0.991 1.11 1.26 1.29 1.6 1.61 2.06
            Statistical Weight (*** - deep tunneling regime):
             T, K   Quantum        PG        PI  ***
              100      1.21      1.23       1.2
              200      1.85      1.84      1.85
              300      2.66      2.65      2.66
              400      3.52      3.51      3.52
              500      4.35      4.34      4.35
              600      5.14      5.13      5.14
              700      5.89      5.88      5.89
              800       6.6      6.59       6.6
              900      7.27      7.26      7.27
             1000       7.9       7.9       7.9
         Model::HinderedRotor::HinderedRotor:  done, cpu time[sec] = 19.7, elapsed time[sec] = 2
         ground state energy = 1.1 kcal/mol
         interpolating states number/density starts
            core state contribution ... done, cpu time[sec] = 0.01, elapsed time[sec] = 0
            electronic states contribution ... done, cpu time[sec] = 0, elapsed time[sec] = 0
            vibrational modes contribution ... done, cpu time[sec] = 0.16, elapsed time[sec] = 0
            hindered rotors contribution starts
               Model::HinderedRotor::set:  starts
               Model::HinderedRotor::set:  done, cpu time[sec] = 0, elapsed time[sec] = 0
               Model::HinderedRotor::set:  starts
               Model::HinderedRotor::set:  done, cpu time[sec] = 0, elapsed time[sec] = 0
            hindered rotors contribution done, cpu time[sec] = 2.15, elapsed time[sec] = 0
            effective power exponent at 799 kcal/mol = 37.7
         interpolating states number/density done, cpu time[sec] = 3.27, elapsed time[sec] = 0
      Model::RRHO::RRHO:  done, cpu time[sec] = 44.7, elapsed time[sec] = 5
      6-th RRHO:
-------------------------------------------
| Model::Species::Species: WARNING: unknown keyword: Core
| Available keys:
| Geometry[angstrom]
| Geometry[au]
| Mass[amu]
| Stoichiometry
| Print[1/cm]
| Hint: to get rid of this message separate the base class input from the derived class one with +++
-------------------------------------------
      Model::RRHO::RRHO:  starts
         Model::new_core:  starts
            Model::RigidRotor::RigidRotor:  starts
               molecular geometry will be used to estimate rotational constants
               rotational configuration: nonlinear
               rotational constants[1/cm]:      0.095    0.0795    0.0516
            Model::RigidRotor::RigidRotor:  done, cpu time[sec] = 0.16, elapsed time[sec] = 0
         Model::new_core:  done, cpu time[sec] = 0.16, elapsed time[sec] = 0
         1-th ROTOR:
-------------------------------------------
| Model::Rotor::Rotor: WARNING: unknown keyword: Group
| Available keys:
| Geometry[angstrom]
| Geometry[au]
| HamiltonSizeMax
| HamiltonSizeMin
| GridSize
| ThermalPowerMax
| Hint: to get rid of this message separate the base class input from the derived class one with +++
-------------------------------------------
-------------------------------------------
| Model::InternalRotationDef::init: WARNING: unknown keyword: Potential[kcal/mol]
| Available keys:
| Group
| Axis
| Symmetry
| Hint: to get rid of this message separate the base class input from the derived class one with +++
-------------------------------------------
         Model::HinderedRotor::HinderedRotor:  starts
            Model::HinderedRotor::_read:  starts
               first point frequency estimate = 145 1/cm
               Fourier Expansion Coefficients(kcal/mol):
                 0     0.707
                 1   -0.0072
                 2   0.00733
                 3   0.00209
                 4   0.00505
                 5    -0.721
                 6   -0.0269
                 7   -0.0017
                 8   0.00514
                 9   0.00665
                10   0.00647
                11    0.0178
                12  -0.00962
                13  0.000545
                14 -0.000852
                15 -0.000386
                16  9.17e-05
                17  -0.00389
            Model::HinderedRotor::_read:  done, cpu time[sec] = 0, elapsed time[sec] = 0
            effective rotational constant[1/cm]  = 5.46
            potential minimum angle[deg]         = 242
            analytic  frequency at minimum[1/cm] = 154
            numerical frequency at minimum[1/cm] = 154
            minimum energy[kcal/mol]             = -0.00357
            maximum energy[kcal/mol]             = 1.45
            maximum frequency[1/cm]              = 157
            ground energy [kcal/mol]             = 0.207
            highest energy level [kcal/mol]      = 3.87e+03
            number of levels                     = 997
            10 lowest excited states [kcal/mol] relative to the ground: 0.000395 0.00473 0.398 0.402 0.411 0.756 0.764 0.774 1.05
            Statistical Weight (*** - deep tunneling regime):
             T, K   Quantum        PG        PI  ***
              100      3.45      3.33      3.44
              200       4.9      4.81      4.89
              300      6.54      6.46      6.54
              400      8.15      8.09      8.15
              500      9.68      9.63      9.68
              600      11.1      11.1      11.1
              700      12.5      12.4      12.5
              800      13.7      13.7      13.7
              900      14.9      14.9      14.9
             1000      16.1        16      16.1
         Model::HinderedRotor::HinderedRotor:  done, cpu time[sec] = 15.8, elapsed time[sec] = 2
         2-th ROTOR:
-------------------------------------------
| Model::Rotor::Rotor: WARNING: unknown keyword: Group
| Available keys:
| Geometry[angstrom]
| Geometry[au]
| HamiltonSizeMax
| HamiltonSizeMin
| GridSize
| ThermalPowerMax
| Hint: to get rid of this message separate the base class input from the derived class one with +++
-------------------------------------------
-------------------------------------------
| Model::InternalRotationDef::init: WARNING: unknown keyword: Potential[kcal/mol]
| Available keys:
| Group
| Axis
| Symmetry
| Hint: to get rid of this message separate the base class input from the derived class one with +++
-------------------------------------------
         Model::HinderedRotor::HinderedRotor:  starts
            Model::HinderedRotor::_read:  starts
               first point frequency estimate = 118 1/cm
               Fourier Expansion Coefficients(kcal/mol):
                 0     0.869
                 1    -0.629
                 2   -0.0858
                 3     -0.28
                 4    0.0253
                 5  -0.00444
                 6    0.0192
                 7    0.0339
                 8   0.00863
                 9   0.00796
                10  -0.00875
                11   0.00222
                12 -2.46e-17
                13   0.00109
                14   0.00202
                15 -0.000417
                16  0.000623
                17 -0.000556
            Model::HinderedRotor::_read:  done, cpu time[sec] = 0, elapsed time[sec] = 0
            effective rotational constant[1/cm]  = 18.5
            potential minimum angle[deg]         = 358
            analytic  frequency at minimum[1/cm] = 115
            numerical frequency at minimum[1/cm] = 115
            minimum energy[kcal/mol]             = -0.000529
            maximum energy[kcal/mol]             = 1.39
            maximum frequency[1/cm]              = 153
            ground energy [kcal/mol]             = 0.176
            highest energy level [kcal/mol]      = 1.31e+04
            number of levels                     = 997
            10 lowest excited states [kcal/mol] relative to the ground: 0.36 0.709 0.991 1.11 1.26 1.29 1.6 1.61 2.06
            Statistical Weight (*** - deep tunneling regime):
             T, K   Quantum        PG        PI  ***
              100      1.21      1.23       1.2
              200      1.85      1.84      1.85
              300      2.66      2.65      2.66
              400      3.52       3.5      3.52
              500      4.35      4.34      4.35
              600      5.14      5.13      5.14
              700      5.89      5.88      5.89
              800       6.6      6.59       6.6
              900      7.27      7.26      7.27
             1000       7.9       7.9       7.9
         Model::HinderedRotor::HinderedRotor:  done, cpu time[sec] = 17.1, elapsed time[sec] = 3
         ground state energy = 1 kcal/mol
         interpolating states number/density starts
            core state contribution ... done, cpu time[sec] = 0.16, elapsed time[sec] = 0
            electronic states contribution ... done, cpu time[sec] = 0.01, elapsed time[sec] = 0
            vibrational modes contribution ... done, cpu time[sec] = 0.18, elapsed time[sec] = 0
            hindered rotors contribution starts
               Model::HinderedRotor::set:  starts
               Model::HinderedRotor::set:  done, cpu time[sec] = 0, elapsed time[sec] = 0
               Model::HinderedRotor::set:  starts
               Model::HinderedRotor::set:  done, cpu time[sec] = 0, elapsed time[sec] = 0
            hindered rotors contribution done, cpu time[sec] = 3.05, elapsed time[sec] = 0
            effective power exponent at 799 kcal/mol = 37.7
         interpolating states number/density done, cpu time[sec] = 4.42, elapsed time[sec] = 0
      Model::RRHO::RRHO:  done, cpu time[sec] = 37.5, elapsed time[sec] = 5
      7-th RRHO:
-------------------------------------------
| Model::Species::Species: WARNING: unknown keyword: Core
| Available keys:
| Geometry[angstrom]
| Geometry[au]
| Mass[amu]
| Stoichiometry
| Print[1/cm]
| Hint: to get rid of this message separate the base class input from the derived class one with +++
-------------------------------------------
      Model::RRHO::RRHO:  starts
         Model::new_core:  starts
            Model::RigidRotor::RigidRotor:  starts
               molecular geometry will be used to estimate rotational constants
               rotational configuration: nonlinear
               rotational constants[1/cm]:      0.095    0.0797    0.0517
            Model::RigidRotor::RigidRotor:  done, cpu time[sec] = 0.1, elapsed time[sec] = 0
         Model::new_core:  done, cpu time[sec] = 0.1, elapsed time[sec] = 0
         1-th ROTOR:
-------------------------------------------
| Model::Rotor::Rotor: WARNING: unknown keyword: Group
| Available keys:
| Geometry[angstrom]
| Geometry[au]
| HamiltonSizeMax
| HamiltonSizeMin
| GridSize
| ThermalPowerMax
| Hint: to get rid of this message separate the base class input from the derived class one with +++
-------------------------------------------
-------------------------------------------
| Model::InternalRotationDef::init: WARNING: unknown keyword: Potential[kcal/mol]
| Available keys:
| Group
| Axis
| Symmetry
| Hint: to get rid of this message separate the base class input from the derived class one with +++
-------------------------------------------
         Model::HinderedRotor::HinderedRotor:  starts
            Model::HinderedRotor::_read:  starts
               first point frequency estimate = 145 1/cm
               Fourier Expansion Coefficients(kcal/mol):
                 0     0.707
                 1   -0.0072
                 2   0.00733
                 3   0.00209
                 4   0.00505
                 5    -0.721
                 6   -0.0269
                 7   -0.0017
                 8   0.00514
                 9   0.00665
                10   0.00647
                11    0.0178
                12  -0.00962
                13  0.000545
                14 -0.000852
                15 -0.000386
                16  9.17e-05
                17  -0.00389
            Model::HinderedRotor::_read:  done, cpu time[sec] = 0, elapsed time[sec] = 0
            effective rotational constant[1/cm]  = 5.46
            potential minimum angle[deg]         = 242
            analytic  frequency at minimum[1/cm] = 154
            numerical frequency at minimum[1/cm] = 154
            minimum energy[kcal/mol]             = -0.00357
            maximum energy[kcal/mol]             = 1.45
            maximum frequency[1/cm]              = 157
            ground energy [kcal/mol]             = 0.207
            highest energy level [kcal/mol]      = 3.87e+03
            number of levels                     = 997
            10 lowest excited states [kcal/mol] relative to the ground: 0.000395 0.00473 0.398 0.402 0.411 0.756 0.764 0.774 1.05
            Statistical Weight (*** - deep tunneling regime):
             T, K   Quantum        PG        PI  ***
              100      3.45      3.33      3.44
              200       4.9      4.81      4.89
              300      6.54      6.46      6.54
              400      8.15      8.09      8.15
              500      9.68      9.63      9.68
              600      11.1      11.1      11.1
              700      12.5      12.4      12.5
              800      13.7      13.7      13.7
              900      14.9      14.9      14.9
             1000      16.1        16      16.1
         Model::HinderedRotor::HinderedRotor:  done, cpu time[sec] = 17.1, elapsed time[sec] = 3
         2-th ROTOR:
-------------------------------------------
| Model::Rotor::Rotor: WARNING: unknown keyword: Group
| Available keys:
| Geometry[angstrom]
| Geometry[au]
| HamiltonSizeMax
| HamiltonSizeMin
| GridSize
| ThermalPowerMax
| Hint: to get rid of this message separate the base class input from the derived class one with +++
-------------------------------------------
-------------------------------------------
| Model::InternalRotationDef::init: WARNING: unknown keyword: Potential[kcal/mol]
| Available keys:
| Group
| Axis
| Symmetry
| Hint: to get rid of this message separate the base class input from the derived class one with +++
-------------------------------------------
         Model::HinderedRotor::HinderedRotor:  starts
            Model::HinderedRotor::_read:  starts
               first point frequency estimate = 118 1/cm
               Fourier Expansion Coefficients(kcal/mol):
                 0     0.869
                 1    -0.629
                 2   -0.0858
                 3     -0.28
                 4    0.0253
                 5  -0.00444
                 6    0.0192
                 7    0.0339
                 8   0.00863
                 9   0.00796
                10  -0.00875
                11   0.00222
                12 -2.46e-17
                13   0.00109
                14   0.00202
                15 -0.000417
                16  0.000623
                17 -0.000556
            Model::HinderedRotor::_read:  done, cpu time[sec] = 0, elapsed time[sec] = 0
            effective rotational constant[1/cm]  = 18.5
            potential minimum angle[deg]         = 358
            analytic  frequency at minimum[1/cm] = 115
            numerical frequency at minimum[1/cm] = 115
            minimum energy[kcal/mol]             = -0.000529
            maximum energy[kcal/mol]             = 1.39
            maximum frequency[1/cm]              = 153
            ground energy [kcal/mol]             = 0.176
            highest energy level [kcal/mol]      = 1.32e+04
            number of levels                     = 997
            10 lowest excited states [kcal/mol] relative to the ground: 0.36 0.709 0.991 1.11 1.26 1.29 1.6 1.61 2.06
            Statistical Weight (*** - deep tunneling regime):
             T, K   Quantum        PG        PI  ***
              100      1.21      1.23       1.2
              200      1.85      1.84      1.85
              300      2.66      2.65      2.66
              400      3.52       3.5      3.52
              500      4.35      4.34      4.35
              600      5.14      5.13      5.14
              700      5.89      5.88      5.89
              800       6.6      6.59       6.6
              900      7.27      7.26      7.27
             1000       7.9      7.89       7.9
         Model::HinderedRotor::HinderedRotor:  done, cpu time[sec] = 22.2, elapsed time[sec] = 3
         ground state energy = 1 kcal/mol
         interpolating states number/density starts
            core state contribution ... done, cpu time[sec] = 0.02, elapsed time[sec] = 0
            electronic states contribution ... done, cpu time[sec] = 0, elapsed time[sec] = 0
            vibrational modes contribution ... done, cpu time[sec] = 0.22, elapsed time[sec] = 0
            hindered rotors contribution starts
               Model::HinderedRotor::set:  starts
               Model::HinderedRotor::set:  done, cpu time[sec] = 0, elapsed time[sec] = 0
               Model::HinderedRotor::set:  starts
               Model::HinderedRotor::set:  done, cpu time[sec] = 0, elapsed time[sec] = 0
            hindered rotors contribution done, cpu time[sec] = 3.14, elapsed time[sec] = 0
            effective power exponent at 799 kcal/mol = 37.7
         interpolating states number/density done, cpu time[sec] = 4.19, elapsed time[sec] = 0
      Model::RRHO::RRHO:  done, cpu time[sec] = 43.7, elapsed time[sec] = 6
      8-th RRHO:
-------------------------------------------
| Model::Species::Species: WARNING: unknown keyword: Core
| Available keys:
| Geometry[angstrom]
| Geometry[au]
| Mass[amu]
| Stoichiometry
| Print[1/cm]
| Hint: to get rid of this message separate the base class input from the derived class one with +++
-------------------------------------------
      Model::RRHO::RRHO:  starts
         Model::new_core:  starts
            Model::RigidRotor::RigidRotor:  starts
               molecular geometry will be used to estimate rotational constants
               rotational configuration: nonlinear
               rotational constants[1/cm]:     0.0951    0.0798    0.0517
            Model::RigidRotor::RigidRotor:  done, cpu time[sec] = 0.1, elapsed time[sec] = 0
         Model::new_core:  done, cpu time[sec] = 0.1, elapsed time[sec] = 0
         1-th ROTOR:
-------------------------------------------
| Model::Rotor::Rotor: WARNING: unknown keyword: Group
| Available keys:
| Geometry[angstrom]
| Geometry[au]
| HamiltonSizeMax
| HamiltonSizeMin
| GridSize
| ThermalPowerMax
| Hint: to get rid of this message separate the base class input from the derived class one with +++
-------------------------------------------
-------------------------------------------
| Model::InternalRotationDef::init: WARNING: unknown keyword: Potential[kcal/mol]
| Available keys:
| Group
| Axis
| Symmetry
| Hint: to get rid of this message separate the base class input from the derived class one with +++
-------------------------------------------
         Model::HinderedRotor::HinderedRotor:  starts
            Model::HinderedRotor::_read:  starts
               first point frequency estimate = 145 1/cm
               Fourier Expansion Coefficients(kcal/mol):
                 0     0.707
                 1   -0.0072
                 2   0.00733
                 3   0.00209
                 4   0.00505
                 5    -0.721
                 6   -0.0269
                 7   -0.0017
                 8   0.00514
                 9   0.00665
                10   0.00647
                11    0.0178
                12  -0.00962
                13  0.000545
                14 -0.000852
                15 -0.000386
                16  9.17e-05
                17  -0.00389
            Model::HinderedRotor::_read:  done, cpu time[sec] = 0, elapsed time[sec] = 0
            effective rotational constant[1/cm]  = 5.46
            potential minimum angle[deg]         = 242
            analytic  frequency at minimum[1/cm] = 154
            numerical frequency at minimum[1/cm] = 154
            minimum energy[kcal/mol]             = -0.00357
            maximum energy[kcal/mol]             = 1.45
            maximum frequency[1/cm]              = 157
            ground energy [kcal/mol]             = 0.207
            highest energy level [kcal/mol]      = 3.87e+03
            number of levels                     = 997
            10 lowest excited states [kcal/mol] relative to the ground: 0.000395 0.00473 0.398 0.402 0.411 0.756 0.764 0.774 1.05
            Statistical Weight (*** - deep tunneling regime):
             T, K   Quantum        PG        PI  ***
              100      3.45      3.33      3.44
              200       4.9      4.81      4.89
              300      6.54      6.46      6.54
              400      8.15      8.09      8.15
              500      9.68      9.63      9.68
              600      11.1      11.1      11.1
              700      12.5      12.4      12.5
              800      13.7      13.7      13.7
              900      14.9      14.9      14.9
             1000      16.1        16      16.1
         Model::HinderedRotor::HinderedRotor:  done, cpu time[sec] = 27.4, elapsed time[sec] = 4
         2-th ROTOR:
-------------------------------------------
| Model::Rotor::Rotor: WARNING: unknown keyword: Group
| Available keys:
| Geometry[angstrom]
| Geometry[au]
| HamiltonSizeMax
| HamiltonSizeMin
| GridSize
| ThermalPowerMax
| Hint: to get rid of this message separate the base class input from the derived class one with +++
-------------------------------------------
-------------------------------------------
| Model::InternalRotationDef::init: WARNING: unknown keyword: Potential[kcal/mol]
| Available keys:
| Group
| Axis
| Symmetry
| Hint: to get rid of this message separate the base class input from the derived class one with +++
-------------------------------------------
         Model::HinderedRotor::HinderedRotor:  starts
            Model::HinderedRotor::_read:  starts
               first point frequency estimate = 118 1/cm
               Fourier Expansion Coefficients(kcal/mol):
                 0     0.869
                 1    -0.629
                 2   -0.0858
                 3     -0.28
                 4    0.0253
                 5  -0.00444
                 6    0.0192
                 7    0.0339
                 8   0.00863
                 9   0.00796
                10  -0.00875
                11   0.00222
                12 -2.46e-17
                13   0.00109
                14   0.00202
                15 -0.000417
                16  0.000623
                17 -0.000556
            Model::HinderedRotor::_read:  done, cpu time[sec] = 0, elapsed time[sec] = 0
            effective rotational constant[1/cm]  = 18.6
            potential minimum angle[deg]         = 358
            analytic  frequency at minimum[1/cm] = 115
            numerical frequency at minimum[1/cm] = 115
            minimum energy[kcal/mol]             = -0.000529
            maximum energy[kcal/mol]             = 1.39
            maximum frequency[1/cm]              = 153
            ground energy [kcal/mol]             = 0.176
            highest energy level [kcal/mol]      = 1.32e+04
            number of levels                     = 997
            10 lowest excited states [kcal/mol] relative to the ground: 0.36 0.709 0.991 1.11 1.26 1.29 1.6 1.61 2.06
            Statistical Weight (*** - deep tunneling regime):
             T, K   Quantum        PG        PI  ***
              100      1.21      1.23       1.2
              200      1.85      1.84      1.84
              300      2.66      2.65      2.66
              400      3.52       3.5      3.52
              500      4.35      4.33      4.35
              600      5.14      5.13      5.14
              700      5.89      5.88      5.89
              800      6.59      6.59      6.59
              900      7.26      7.26      7.26
             1000       7.9      7.89       7.9
         Model::HinderedRotor::HinderedRotor:  done, cpu time[sec] = 18.6, elapsed time[sec] = 2
         ground state energy = 0.9 kcal/mol
         interpolating states number/density starts
            core state contribution ... done, cpu time[sec] = 0.02, elapsed time[sec] = 0
            electronic states contribution ... done, cpu time[sec] = 0, elapsed time[sec] = 0
            vibrational modes contribution ... done, cpu time[sec] = 0.15, elapsed time[sec] = 0
            hindered rotors contribution starts
               Model::HinderedRotor::set:  starts
               Model::HinderedRotor::set:  done, cpu time[sec] = 0, elapsed time[sec] = 0
               Model::HinderedRotor::set:  starts
               Model::HinderedRotor::set:  done, cpu time[sec] = 0, elapsed time[sec] = 0
            hindered rotors contribution done, cpu time[sec] = 4.17, elapsed time[sec] = 1
            effective power exponent at 799 kcal/mol = 37.7
         interpolating states number/density done, cpu time[sec] = 5.18, elapsed time[sec] = 1
      Model::RRHO::RRHO:  done, cpu time[sec] = 51.3, elapsed time[sec] = 7
      9-th RRHO:
-------------------------------------------
| Model::Species::Species: WARNING: unknown keyword: Core
| Available keys:
| Geometry[angstrom]
| Geometry[au]
| Mass[amu]
| Stoichiometry
| Print[1/cm]
| Hint: to get rid of this message separate the base class input from the derived class one with +++
-------------------------------------------
      Model::RRHO::RRHO:  starts
         Model::new_core:  starts
            Model::RigidRotor::RigidRotor:  starts
               molecular geometry will be used to estimate rotational constants
               rotational configuration: nonlinear
               rotational constants[1/cm]:     0.0951    0.0799    0.0518
            Model::RigidRotor::RigidRotor:  done, cpu time[sec] = 0.08, elapsed time[sec] = 0
         Model::new_core:  done, cpu time[sec] = 0.08, elapsed time[sec] = 0
         1-th ROTOR:
-------------------------------------------
| Model::Rotor::Rotor: WARNING: unknown keyword: Group
| Available keys:
| Geometry[angstrom]
| Geometry[au]
| HamiltonSizeMax
| HamiltonSizeMin
| GridSize
| ThermalPowerMax
| Hint: to get rid of this message separate the base class input from the derived class one with +++
-------------------------------------------
-------------------------------------------
| Model::InternalRotationDef::init: WARNING: unknown keyword: Potential[kcal/mol]
| Available keys:
| Group
| Axis
| Symmetry
| Hint: to get rid of this message separate the base class input from the derived class one with +++
-------------------------------------------
         Model::HinderedRotor::HinderedRotor:  starts
            Model::HinderedRotor::_read:  starts
               first point frequency estimate = 145 1/cm
               Fourier Expansion Coefficients(kcal/mol):
                 0     0.707
                 1   -0.0072
                 2   0.00733
                 3   0.00209
                 4   0.00505
                 5    -0.721
                 6   -0.0269
                 7   -0.0017
                 8   0.00514
                 9   0.00665
                10   0.00647
                11    0.0178
                12  -0.00962
                13  0.000545
                14 -0.000852
                15 -0.000386
                16  9.17e-05
                17  -0.00389
            Model::HinderedRotor::_read:  done, cpu time[sec] = 0, elapsed time[sec] = 0
            effective rotational constant[1/cm]  = 5.46
            potential minimum angle[deg]         = 242
            analytic  frequency at minimum[1/cm] = 154
            numerical frequency at minimum[1/cm] = 154
            minimum energy[kcal/mol]             = -0.00357
            maximum energy[kcal/mol]             = 1.45
            maximum frequency[1/cm]              = 157
            ground energy [kcal/mol]             = 0.207
            highest energy level [kcal/mol]      = 3.87e+03
            number of levels                     = 997
            10 lowest excited states [kcal/mol] relative to the ground: 0.000395 0.00473 0.398 0.402 0.411 0.756 0.764 0.774 1.05
            Statistical Weight (*** - deep tunneling regime):
             T, K   Quantum        PG        PI  ***
              100      3.45      3.33      3.44
              200       4.9      4.81      4.89
              300      6.54      6.46      6.54
              400      8.15      8.09      8.15
              500      9.68      9.63      9.68
              600      11.1      11.1      11.1
              700      12.5      12.4      12.5
              800      13.7      13.7      13.7
              900      14.9      14.9      14.9
             1000      16.1        16      16.1
         Model::HinderedRotor::HinderedRotor:  done, cpu time[sec] = 20.6, elapsed time[sec] = 3
         2-th ROTOR:
-------------------------------------------
| Model::Rotor::Rotor: WARNING: unknown keyword: Group
| Available keys:
| Geometry[angstrom]
| Geometry[au]
| HamiltonSizeMax
| HamiltonSizeMin
| GridSize
| ThermalPowerMax
| Hint: to get rid of this message separate the base class input from the derived class one with +++
-------------------------------------------
-------------------------------------------
| Model::InternalRotationDef::init: WARNING: unknown keyword: Potential[kcal/mol]
| Available keys:
| Group
| Axis
| Symmetry
| Hint: to get rid of this message separate the base class input from the derived class one with +++
-------------------------------------------
         Model::HinderedRotor::HinderedRotor:  starts
            Model::HinderedRotor::_read:  starts
               first point frequency estimate = 118 1/cm
               Fourier Expansion Coefficients(kcal/mol):
                 0     0.869
                 1    -0.629
                 2   -0.0858
                 3     -0.28
                 4    0.0253
                 5  -0.00444
                 6    0.0192
                 7    0.0339
                 8   0.00863
                 9   0.00796
                10  -0.00875
                11   0.00222
                12 -2.46e-17
                13   0.00109
                14   0.00202
                15 -0.000417
                16  0.000623
                17 -0.000556
            Model::HinderedRotor::_read:  done, cpu time[sec] = 0, elapsed time[sec] = 0
            effective rotational constant[1/cm]  = 18.6
            potential minimum angle[deg]         = 358
            analytic  frequency at minimum[1/cm] = 115
            numerical frequency at minimum[1/cm] = 115
            minimum energy[kcal/mol]             = -0.000529
            maximum energy[kcal/mol]             = 1.39
            maximum frequency[1/cm]              = 153
            ground energy [kcal/mol]             = 0.176
            highest energy level [kcal/mol]      = 1.32e+04
            number of levels                     = 997
            10 lowest excited states [kcal/mol] relative to the ground: 0.36 0.71 0.992 1.11 1.26 1.29 1.6 1.61 2.06
            Statistical Weight (*** - deep tunneling regime):
             T, K   Quantum        PG        PI  ***
              100      1.21      1.23       1.2
              200      1.85      1.84      1.84
              300      2.66      2.65      2.66
              400      3.51       3.5      3.51
              500      4.35      4.33      4.35
              600      5.14      5.13      5.14
              700      5.89      5.88      5.89
              800      6.59      6.58      6.59
              900      7.26      7.25      7.26
             1000       7.9      7.89       7.9
         Model::HinderedRotor::HinderedRotor:  done, cpu time[sec] = 23.6, elapsed time[sec] = 3
         ground state energy = 0.8 kcal/mol
         interpolating states number/density starts
            core state contribution ... done, cpu time[sec] = 0.01, elapsed time[sec] = 0
            electronic states contribution ... done, cpu time[sec] = 0.01, elapsed time[sec] = 0
            vibrational modes contribution ... done, cpu time[sec] = 0.2, elapsed time[sec] = 0
            hindered rotors contribution starts
               Model::HinderedRotor::set:  starts
               Model::HinderedRotor::set:  done, cpu time[sec] = 0, elapsed time[sec] = 0
               Model::HinderedRotor::set:  starts
               Model::HinderedRotor::set:  done, cpu time[sec] = 0, elapsed time[sec] = 0
            hindered rotors contribution done, cpu time[sec] = 3.18, elapsed time[sec] = 0
            effective power exponent at 799 kcal/mol = 37.7
         interpolating states number/density done, cpu time[sec] = 4.22, elapsed time[sec] = 1
      Model::RRHO::RRHO:  done, cpu time[sec] = 48.4, elapsed time[sec] = 7
      10-th RRHO:
-------------------------------------------
| Model::Species::Species: WARNING: unknown keyword: Core
| Available keys:
| Geometry[angstrom]
| Geometry[au]
| Mass[amu]
| Stoichiometry
| Print[1/cm]
| Hint: to get rid of this message separate the base class input from the derived class one with +++
-------------------------------------------
      Model::RRHO::RRHO:  starts
         Model::new_core:  starts
            Model::RigidRotor::RigidRotor:  starts
               molecular geometry will be used to estimate rotational constants
               rotational configuration: nonlinear
               rotational constants[1/cm]:     0.0952      0.08    0.0518
            Model::RigidRotor::RigidRotor:  done, cpu time[sec] = 0.01, elapsed time[sec] = 0
         Model::new_core:  done, cpu time[sec] = 0.01, elapsed time[sec] = 0
         1-th ROTOR:
-------------------------------------------
| Model::Rotor::Rotor: WARNING: unknown keyword: Group
| Available keys:
| Geometry[angstrom]
| Geometry[au]
| HamiltonSizeMax
| HamiltonSizeMin
| GridSize
| ThermalPowerMax
| Hint: to get rid of this message separate the base class input from the derived class one with +++
-------------------------------------------
-------------------------------------------
| Model::InternalRotationDef::init: WARNING: unknown keyword: Potential[kcal/mol]
| Available keys:
| Group
| Axis
| Symmetry
| Hint: to get rid of this message separate the base class input from the derived class one with +++
-------------------------------------------
         Model::HinderedRotor::HinderedRotor:  starts
            Model::HinderedRotor::_read:  starts
               first point frequency estimate = 145 1/cm
               Fourier Expansion Coefficients(kcal/mol):
                 0     0.707
                 1   -0.0072
                 2   0.00733
                 3   0.00209
                 4   0.00505
                 5    -0.721
                 6   -0.0269
                 7   -0.0017
                 8   0.00514
                 9   0.00665
                10   0.00647
                11    0.0178
                12  -0.00962
                13  0.000545
                14 -0.000852
                15 -0.000386
                16  9.17e-05
                17  -0.00389
            Model::HinderedRotor::_read:  done, cpu time[sec] = 0, elapsed time[sec] = 0
            effective rotational constant[1/cm]  = 5.46
            potential minimum angle[deg]         = 242
            analytic  frequency at minimum[1/cm] = 154
            numerical frequency at minimum[1/cm] = 154
            minimum energy[kcal/mol]             = -0.00357
            maximum energy[kcal/mol]             = 1.45
            maximum frequency[1/cm]              = 157
            ground energy [kcal/mol]             = 0.207
            highest energy level [kcal/mol]      = 3.87e+03
            number of levels                     = 997
            10 lowest excited states [kcal/mol] relative to the ground: 0.000395 0.00473 0.398 0.403 0.411 0.756 0.764 0.774 1.05
            Statistical Weight (*** - deep tunneling regime):
             T, K   Quantum        PG        PI  ***
              100      3.45      3.33      3.44
              200       4.9      4.81      4.89
              300      6.54      6.46      6.53
              400      8.15      8.09      8.15
              500      9.68      9.63      9.68
              600      11.1      11.1      11.1
              700      12.5      12.4      12.5
              800      13.7      13.7      13.7
              900      14.9      14.9      14.9
             1000      16.1        16      16.1
         Model::HinderedRotor::HinderedRotor:  done, cpu time[sec] = 32.4, elapsed time[sec] = 4
         2-th ROTOR:
-------------------------------------------
| Model::Rotor::Rotor: WARNING: unknown keyword: Group
| Available keys:
| Geometry[angstrom]
| Geometry[au]
| HamiltonSizeMax
| HamiltonSizeMin
| GridSize
| ThermalPowerMax
| Hint: to get rid of this message separate the base class input from the derived class one with +++
-------------------------------------------
-------------------------------------------
| Model::InternalRotationDef::init: WARNING: unknown keyword: Potential[kcal/mol]
| Available keys:
| Group
| Axis
| Symmetry
| Hint: to get rid of this message separate the base class input from the derived class one with +++
-------------------------------------------
         Model::HinderedRotor::HinderedRotor:  starts
            Model::HinderedRotor::_read:  starts
               first point frequency estimate = 118 1/cm
               Fourier Expansion Coefficients(kcal/mol):
                 0     0.869
                 1    -0.629
                 2   -0.0858
                 3     -0.28
                 4    0.0253
                 5  -0.00444
                 6    0.0192
                 7    0.0339
                 8   0.00863
                 9   0.00796
                10  -0.00875
                11   0.00222
                12 -2.46e-17
                13   0.00109
                14   0.00202
                15 -0.000417
                16  0.000623
                17 -0.000556
            Model::HinderedRotor::_read:  done, cpu time[sec] = 0, elapsed time[sec] = 0
            effective rotational constant[1/cm]  = 18.6
            potential minimum angle[deg]         = 358
            analytic  frequency at minimum[1/cm] = 115
            numerical frequency at minimum[1/cm] = 115
            minimum energy[kcal/mol]             = -0.000529
            maximum energy[kcal/mol]             = 1.39
            maximum frequency[1/cm]              = 153
            ground energy [kcal/mol]             = 0.176
            highest energy level [kcal/mol]      = 1.32e+04
            number of levels                     = 997
            10 lowest excited states [kcal/mol] relative to the ground: 0.361 0.71 0.992 1.11 1.26 1.29 1.6 1.61 2.06
            Statistical Weight (*** - deep tunneling regime):
             T, K   Quantum        PG        PI  ***
              100      1.21      1.23       1.2
              200      1.84      1.84      1.84
              300      2.66      2.65      2.66
              400      3.51       3.5      3.51
              500      4.34      4.33      4.34
              600      5.14      5.12      5.14
              700      5.88      5.87      5.88
              800      6.59      6.58      6.59
              900      7.26      7.25      7.26
             1000      7.89      7.89      7.89
         Model::HinderedRotor::HinderedRotor:  done, cpu time[sec] = 26, elapsed time[sec] = 3
         ground state energy = 0.7 kcal/mol
         interpolating states number/density starts
            core state contribution ... done, cpu time[sec] = 0.11, elapsed time[sec] = 0
            electronic states contribution ... done, cpu time[sec] = 0, elapsed time[sec] = 0
            vibrational modes contribution ... done, cpu time[sec] = 0.06, elapsed time[sec] = 0
            hindered rotors contribution starts
               Model::HinderedRotor::set:  starts
               Model::HinderedRotor::set:  done, cpu time[sec] = 0, elapsed time[sec] = 0
               Model::HinderedRotor::set:  starts
               Model::HinderedRotor::set:  done, cpu time[sec] = 0, elapsed time[sec] = 0
            hindered rotors contribution done, cpu time[sec] = 3.89, elapsed time[sec] = 1
            effective power exponent at 799 kcal/mol = 37.7
         interpolating states number/density done, cpu time[sec] = 4.64, elapsed time[sec] = 1
      Model::RRHO::RRHO:  done, cpu time[sec] = 63.1, elapsed time[sec] = 8
      11-th RRHO:
-------------------------------------------
| Model::Species::Species: WARNING: unknown keyword: Core
| Available keys:
| Geometry[angstrom]
| Geometry[au]
| Mass[amu]
| Stoichiometry
| Print[1/cm]
| Hint: to get rid of this message separate the base class input from the derived class one with +++
-------------------------------------------
      Model::RRHO::RRHO:  starts
         Model::new_core:  starts
            Model::RigidRotor::RigidRotor:  starts
               molecular geometry will be used to estimate rotational constants
               rotational configuration: nonlinear
               rotational constants[1/cm]:     0.0952    0.0801    0.0518
            Model::RigidRotor::RigidRotor:  done, cpu time[sec] = 0.03, elapsed time[sec] = 0
         Model::new_core:  done, cpu time[sec] = 0.03, elapsed time[sec] = 0
         1-th ROTOR:
-------------------------------------------
| Model::Rotor::Rotor: WARNING: unknown keyword: Group
| Available keys:
| Geometry[angstrom]
| Geometry[au]
| HamiltonSizeMax
| HamiltonSizeMin
| GridSize
| ThermalPowerMax
| Hint: to get rid of this message separate the base class input from the derived class one with +++
-------------------------------------------
-------------------------------------------
| Model::InternalRotationDef::init: WARNING: unknown keyword: Potential[kcal/mol]
| Available keys:
| Group
| Axis
| Symmetry
| Hint: to get rid of this message separate the base class input from the derived class one with +++
-------------------------------------------
         Model::HinderedRotor::HinderedRotor:  starts
            Model::HinderedRotor::_read:  starts
               first point frequency estimate = 145 1/cm
               Fourier Expansion Coefficients(kcal/mol):
                 0     0.707
                 1   -0.0072
                 2   0.00733
                 3   0.00209
                 4   0.00505
                 5    -0.721
                 6   -0.0269
                 7   -0.0017
                 8   0.00514
                 9   0.00665
                10   0.00647
                11    0.0178
                12  -0.00962
                13  0.000545
                14 -0.000852
                15 -0.000386
                16  9.17e-05
                17  -0.00389
            Model::HinderedRotor::_read:  done, cpu time[sec] = 0, elapsed time[sec] = 0
            effective rotational constant[1/cm]  = 5.46
            potential minimum angle[deg]         = 242
            analytic  frequency at minimum[1/cm] = 154
            numerical frequency at minimum[1/cm] = 154
            minimum energy[kcal/mol]             = -0.00357
            maximum energy[kcal/mol]             = 1.45
            maximum frequency[1/cm]              = 157
            ground energy [kcal/mol]             = 0.207
            highest energy level [kcal/mol]      = 3.87e+03
            number of levels                     = 997
            10 lowest excited states [kcal/mol] relative to the ground: 0.000395 0.00473 0.398 0.402 0.411 0.756 0.764 0.774 1.05
            Statistical Weight (*** - deep tunneling regime):
             T, K   Quantum        PG        PI  ***
              100      3.45      3.33      3.44
              200       4.9      4.81      4.89
              300      6.54      6.46      6.54
              400      8.15      8.09      8.15
              500      9.68      9.63      9.68
              600      11.1      11.1      11.1
              700      12.5      12.4      12.5
              800      13.7      13.7      13.7
              900      14.9      14.9      14.9
             1000      16.1        16      16.1
         Model::HinderedRotor::HinderedRotor:  done, cpu time[sec] = 20.2, elapsed time[sec] = 2
         2-th ROTOR:
-------------------------------------------
| Model::Rotor::Rotor: WARNING: unknown keyword: Group
| Available keys:
| Geometry[angstrom]
| Geometry[au]
| HamiltonSizeMax
| HamiltonSizeMin
| GridSize
| ThermalPowerMax
| Hint: to get rid of this message separate the base class input from the derived class one with +++
-------------------------------------------
-------------------------------------------
| Model::InternalRotationDef::init: WARNING: unknown keyword: Potential[kcal/mol]
| Available keys:
| Group
| Axis
| Symmetry
| Hint: to get rid of this message separate the base class input from the derived class one with +++
-------------------------------------------
         Model::HinderedRotor::HinderedRotor:  starts
            Model::HinderedRotor::_read:  starts
               first point frequency estimate = 118 1/cm
               Fourier Expansion Coefficients(kcal/mol):
                 0     0.869
                 1    -0.629
                 2   -0.0858
                 3     -0.28
                 4    0.0253
                 5  -0.00444
                 6    0.0192
                 7    0.0339
                 8   0.00863
                 9   0.00796
                10  -0.00875
                11   0.00222
                12 -2.46e-17
                13   0.00109
                14   0.00202
                15 -0.000417
                16  0.000623
                17 -0.000556
            Model::HinderedRotor::_read:  done, cpu time[sec] = 0, elapsed time[sec] = 0
            effective rotational constant[1/cm]  = 18.6
            potential minimum angle[deg]         = 358
            analytic  frequency at minimum[1/cm] = 115
            numerical frequency at minimum[1/cm] = 115
            minimum energy[kcal/mol]             = -0.000529
            maximum energy[kcal/mol]             = 1.39
            maximum frequency[1/cm]              = 153
            ground energy [kcal/mol]             = 0.176
            highest energy level [kcal/mol]      = 1.32e+04
            number of levels                     = 997
            10 lowest excited states [kcal/mol] relative to the ground: 0.361 0.71 0.992 1.11 1.26 1.29 1.6 1.61 2.06
            Statistical Weight (*** - deep tunneling regime):
             T, K   Quantum        PG        PI  ***
              100      1.21      1.23       1.2
              200      1.84      1.84      1.84
              300      2.66      2.65      2.66
              400      3.51       3.5      3.51
              500      4.34      4.33      4.34
              600      5.13      5.12      5.13
              700      5.88      5.87      5.88
              800      6.59      6.58      6.59
              900      7.26      7.25      7.26
             1000      7.89      7.88      7.89
         Model::HinderedRotor::HinderedRotor:  done, cpu time[sec] = 13.7, elapsed time[sec] = 2
         ground state energy = 0.5 kcal/mol
         interpolating states number/density starts
            core state contribution ... done, cpu time[sec] = 0.01, elapsed time[sec] = 0
            electronic states contribution ... done, cpu time[sec] = 0, elapsed time[sec] = 0
            vibrational modes contribution ... done, cpu time[sec] = 0.22, elapsed time[sec] = 0
            hindered rotors contribution starts
               Model::HinderedRotor::set:  starts
               Model::HinderedRotor::set:  done, cpu time[sec] = 0, elapsed time[sec] = 0
               Model::HinderedRotor::set:  starts
               Model::HinderedRotor::set:  done, cpu time[sec] = 0, elapsed time[sec] = 0
            hindered rotors contribution done, cpu time[sec] = 3.02, elapsed time[sec] = 1
            effective power exponent at 800 kcal/mol = 37.8
         interpolating states number/density done, cpu time[sec] = 4.54, elapsed time[sec] = 1
      Model::RRHO::RRHO:  done, cpu time[sec] = 38.5, elapsed time[sec] = 5
      12-th RRHO:
-------------------------------------------
| Model::Species::Species: WARNING: unknown keyword: Core
| Available keys:
| Geometry[angstrom]
| Geometry[au]
| Mass[amu]
| Stoichiometry
| Print[1/cm]
| Hint: to get rid of this message separate the base class input from the derived class one with +++
-------------------------------------------
      Model::RRHO::RRHO:  starts
         Model::new_core:  starts
            Model::RigidRotor::RigidRotor:  starts
               molecular geometry will be used to estimate rotational constants
               rotational configuration: nonlinear
               rotational constants[1/cm]:     0.0953    0.0802    0.0519
            Model::RigidRotor::RigidRotor:  done, cpu time[sec] = 0.09, elapsed time[sec] = 0
         Model::new_core:  done, cpu time[sec] = 0.09, elapsed time[sec] = 0
         1-th ROTOR:
-------------------------------------------
| Model::Rotor::Rotor: WARNING: unknown keyword: Group
| Available keys:
| Geometry[angstrom]
| Geometry[au]
| HamiltonSizeMax
| HamiltonSizeMin
| GridSize
| ThermalPowerMax
| Hint: to get rid of this message separate the base class input from the derived class one with +++
-------------------------------------------
-------------------------------------------
| Model::InternalRotationDef::init: WARNING: unknown keyword: Potential[kcal/mol]
| Available keys:
| Group
| Axis
| Symmetry
| Hint: to get rid of this message separate the base class input from the derived class one with +++
-------------------------------------------
         Model::HinderedRotor::HinderedRotor:  starts
            Model::HinderedRotor::_read:  starts
               first point frequency estimate = 145 1/cm
               Fourier Expansion Coefficients(kcal/mol):
                 0     0.707
                 1   -0.0072
                 2   0.00733
                 3   0.00209
                 4   0.00505
                 5    -0.721
                 6   -0.0269
                 7   -0.0017
                 8   0.00514
                 9   0.00665
                10   0.00647
                11    0.0178
                12  -0.00962
                13  0.000545
                14 -0.000852
                15 -0.000386
                16  9.17e-05
                17  -0.00389
            Model::HinderedRotor::_read:  done, cpu time[sec] = 0, elapsed time[sec] = 0
            effective rotational constant[1/cm]  = 5.46
            potential minimum angle[deg]         = 242
            analytic  frequency at minimum[1/cm] = 154
            numerical frequency at minimum[1/cm] = 154
            minimum energy[kcal/mol]             = -0.00357
            maximum energy[kcal/mol]             = 1.45
            maximum frequency[1/cm]              = 157
            ground energy [kcal/mol]             = 0.207
            highest energy level [kcal/mol]      = 3.87e+03
            number of levels                     = 997
            10 lowest excited states [kcal/mol] relative to the ground: 0.000395 0.00473 0.398 0.402 0.411 0.756 0.764 0.774 1.05
            Statistical Weight (*** - deep tunneling regime):
             T, K   Quantum        PG        PI  ***
              100      3.45      3.33      3.44
              200       4.9      4.81      4.89
              300      6.54      6.46      6.54
              400      8.15      8.09      8.15
              500      9.68      9.63      9.68
              600      11.1      11.1      11.1
              700      12.5      12.4      12.5
              800      13.7      13.7      13.7
              900      14.9      14.9      14.9
             1000      16.1        16      16.1
         Model::HinderedRotor::HinderedRotor:  done, cpu time[sec] = 21.2, elapsed time[sec] = 2
         2-th ROTOR:
-------------------------------------------
| Model::Rotor::Rotor: WARNING: unknown keyword: Group
| Available keys:
| Geometry[angstrom]
| Geometry[au]
| HamiltonSizeMax
| HamiltonSizeMin
| GridSize
| ThermalPowerMax
| Hint: to get rid of this message separate the base class input from the derived class one with +++
-------------------------------------------
-------------------------------------------
| Model::InternalRotationDef::init: WARNING: unknown keyword: Potential[kcal/mol]
| Available keys:
| Group
| Axis
| Symmetry
| Hint: to get rid of this message separate the base class input from the derived class one with +++
-------------------------------------------
         Model::HinderedRotor::HinderedRotor:  starts
            Model::HinderedRotor::_read:  starts
               first point frequency estimate = 118 1/cm
               Fourier Expansion Coefficients(kcal/mol):
                 0     0.869
                 1    -0.629
                 2   -0.0858
                 3     -0.28
                 4    0.0253
                 5  -0.00444
                 6    0.0192
                 7    0.0339
                 8   0.00863
                 9   0.00796
                10  -0.00875
                11   0.00222
                12 -2.46e-17
                13   0.00109
                14   0.00202
                15 -0.000417
                16  0.000623
                17 -0.000556
            Model::HinderedRotor::_read:  done, cpu time[sec] = 0, elapsed time[sec] = 0
            effective rotational constant[1/cm]  = 18.6
            potential minimum angle[deg]         = 358
            analytic  frequency at minimum[1/cm] = 116
            numerical frequency at minimum[1/cm] = 116
            minimum energy[kcal/mol]             = -0.000529
            maximum energy[kcal/mol]             = 1.39
            maximum frequency[1/cm]              = 154
            ground energy [kcal/mol]             = 0.176
            highest energy level [kcal/mol]      = 1.32e+04
            number of levels                     = 997
            10 lowest excited states [kcal/mol] relative to the ground: 0.361 0.71 0.992 1.11 1.26 1.29 1.6 1.61 2.06
            Statistical Weight (*** - deep tunneling regime):
             T, K   Quantum        PG        PI  ***
              100      1.21      1.23       1.2
              200      1.84      1.84      1.84
              300      2.66      2.65      2.66
              400      3.51       3.5      3.51
              500      4.34      4.33      4.34
              600      5.13      5.12      5.13
              700      5.88      5.87      5.88
              800      6.59      6.58      6.59
              900      7.25      7.25      7.25
             1000      7.89      7.88      7.89
         Model::HinderedRotor::HinderedRotor:  done, cpu time[sec] = 20.8, elapsed time[sec] = 3
         ground state energy = 0.3 kcal/mol
         interpolating states number/density starts
            core state contribution ... done, cpu time[sec] = 0.02, elapsed time[sec] = 0
            electronic states contribution ... done, cpu time[sec] = 0, elapsed time[sec] = 0
            vibrational modes contribution ... done, cpu time[sec] = 0.22, elapsed time[sec] = 0
            hindered rotors contribution starts
               Model::HinderedRotor::set:  starts
               Model::HinderedRotor::set:  done, cpu time[sec] = 0, elapsed time[sec] = 0
               Model::HinderedRotor::set:  starts
               Model::HinderedRotor::set:  done, cpu time[sec] = 0, elapsed time[sec] = 0
            hindered rotors contribution done, cpu time[sec] = 5.65, elapsed time[sec] = 1
            effective power exponent at 800 kcal/mol = 37.8
         interpolating states number/density done, cpu time[sec] = 6.83, elapsed time[sec] = 1
      Model::RRHO::RRHO:  done, cpu time[sec] = 49, elapsed time[sec] = 6
      13-th RRHO:
-------------------------------------------
| Model::Species::Species: WARNING: unknown keyword: Core
| Available keys:
| Geometry[angstrom]
| Geometry[au]
| Mass[amu]
| Stoichiometry
| Print[1/cm]
| Hint: to get rid of this message separate the base class input from the derived class one with +++
-------------------------------------------
      Model::RRHO::RRHO:  starts
         Model::new_core:  starts
            Model::RigidRotor::RigidRotor:  starts
               molecular geometry will be used to estimate rotational constants
               rotational configuration: nonlinear
               rotational constants[1/cm]:     0.0953    0.0803    0.0519
            Model::RigidRotor::RigidRotor:  done, cpu time[sec] = 0.45, elapsed time[sec] = 0
         Model::new_core:  done, cpu time[sec] = 0.45, elapsed time[sec] = 0
         1-th ROTOR:
-------------------------------------------
| Model::Rotor::Rotor: WARNING: unknown keyword: Group
| Available keys:
| Geometry[angstrom]
| Geometry[au]
| HamiltonSizeMax
| HamiltonSizeMin
| GridSize
| ThermalPowerMax
| Hint: to get rid of this message separate the base class input from the derived class one with +++
-------------------------------------------
-------------------------------------------
| Model::InternalRotationDef::init: WARNING: unknown keyword: Potential[kcal/mol]
| Available keys:
| Group
| Axis
| Symmetry
| Hint: to get rid of this message separate the base class input from the derived class one with +++
-------------------------------------------
         Model::HinderedRotor::HinderedRotor:  starts
            Model::HinderedRotor::_read:  starts
               first point frequency estimate = 145 1/cm
               Fourier Expansion Coefficients(kcal/mol):
                 0     0.707
                 1   -0.0072
                 2   0.00733
                 3   0.00209
                 4   0.00505
                 5    -0.721
                 6   -0.0269
                 7   -0.0017
                 8   0.00514
                 9   0.00665
                10   0.00647
                11    0.0178
                12  -0.00962
                13  0.000545
                14 -0.000852
                15 -0.000386
                16  9.17e-05
                17  -0.00389
            Model::HinderedRotor::_read:  done, cpu time[sec] = 0, elapsed time[sec] = 0
            effective rotational constant[1/cm]  = 5.46
            potential minimum angle[deg]         = 242
            analytic  frequency at minimum[1/cm] = 154
            numerical frequency at minimum[1/cm] = 154
            minimum energy[kcal/mol]             = -0.00357
            maximum energy[kcal/mol]             = 1.45
            maximum frequency[1/cm]              = 156
            ground energy [kcal/mol]             = 0.207
            highest energy level [kcal/mol]      = 3.87e+03
            number of levels                     = 997
            10 lowest excited states [kcal/mol] relative to the ground: 0.000395 0.00473 0.398 0.402 0.411 0.756 0.764 0.774 1.05
            Statistical Weight (*** - deep tunneling regime):
             T, K   Quantum        PG        PI  ***
              100      3.45      3.33      3.44
              200       4.9      4.81      4.89
              300      6.54      6.46      6.54
              400      8.15      8.09      8.15
              500      9.68      9.63      9.68
              600      11.1      11.1      11.1
              700      12.5      12.4      12.5
              800      13.7      13.7      13.7
              900      14.9      14.9      14.9
             1000      16.1        16      16.1
         Model::HinderedRotor::HinderedRotor:  done, cpu time[sec] = 26.5, elapsed time[sec] = 3
         2-th ROTOR:
-------------------------------------------
| Model::Rotor::Rotor: WARNING: unknown keyword: Group
| Available keys:
| Geometry[angstrom]
| Geometry[au]
| HamiltonSizeMax
| HamiltonSizeMin
| GridSize
| ThermalPowerMax
| Hint: to get rid of this message separate the base class input from the derived class one with +++
-------------------------------------------
-------------------------------------------
| Model::InternalRotationDef::init: WARNING: unknown keyword: Potential[kcal/mol]
| Available keys:
| Group
| Axis
| Symmetry
| Hint: to get rid of this message separate the base class input from the derived class one with +++
-------------------------------------------
         Model::HinderedRotor::HinderedRotor:  starts
            Model::HinderedRotor::_read:  starts
               first point frequency estimate = 118 1/cm
               Fourier Expansion Coefficients(kcal/mol):
                 0     0.869
                 1    -0.629
                 2   -0.0858
                 3     -0.28
                 4    0.0253
                 5  -0.00444
                 6    0.0192
                 7    0.0339
                 8   0.00863
                 9   0.00796
                10  -0.00875
                11   0.00222
                12 -2.46e-17
                13   0.00109
                14   0.00202
                15 -0.000417
                16  0.000623
                17 -0.000556
            Model::HinderedRotor::_read:  done, cpu time[sec] = 0, elapsed time[sec] = 0
            effective rotational constant[1/cm]  = 18.6
            potential minimum angle[deg]         = 358
            analytic  frequency at minimum[1/cm] = 116
            numerical frequency at minimum[1/cm] = 116
            minimum energy[kcal/mol]             = -0.000529
            maximum energy[kcal/mol]             = 1.39
            maximum frequency[1/cm]              = 154
            ground energy [kcal/mol]             = 0.176
            highest energy level [kcal/mol]      = 1.32e+04
            number of levels                     = 997
            10 lowest excited states [kcal/mol] relative to the ground: 0.361 0.71 0.992 1.11 1.26 1.3 1.61 1.61 2.07
            Statistical Weight (*** - deep tunneling regime):
             T, K   Quantum        PG        PI  ***
              100      1.21      1.23       1.2
              200      1.84      1.84      1.84
              300      2.66      2.65      2.66
              400      3.51       3.5      3.51
              500      4.34      4.33      4.34
              600      5.13      5.12      5.13
              700      5.88      5.87      5.88
              800      6.58      6.58      6.58
              900      7.25      7.24      7.25
             1000      7.89      7.88      7.89
         Model::HinderedRotor::HinderedRotor:  done, cpu time[sec] = 24, elapsed time[sec] = 3
         ground state energy = 0.2 kcal/mol
         interpolating states number/density starts
            core state contribution ... done, cpu time[sec] = 0.01, elapsed time[sec] = 0
            electronic states contribution ... done, cpu time[sec] = 0, elapsed time[sec] = 0
            vibrational modes contribution ... done, cpu time[sec] = 0.2, elapsed time[sec] = 0
            hindered rotors contribution starts
               Model::HinderedRotor::set:  starts
               Model::HinderedRotor::set:  done, cpu time[sec] = 0, elapsed time[sec] = 0
               Model::HinderedRotor::set:  starts
               Model::HinderedRotor::set:  done, cpu time[sec] = 0.01, elapsed time[sec] = 0
            hindered rotors contribution done, cpu time[sec] = 5.31, elapsed time[sec] = 1
            effective power exponent at 800 kcal/mol = 37.8
         interpolating states number/density done, cpu time[sec] = 6.1, elapsed time[sec] = 1
      Model::RRHO::RRHO:  done, cpu time[sec] = 57.1, elapsed time[sec] = 7
      14-th RRHO:
-------------------------------------------
| Model::Species::Species: WARNING: unknown keyword: Core
| Available keys:
| Geometry[angstrom]
| Geometry[au]
| Mass[amu]
| Stoichiometry
| Print[1/cm]
| Hint: to get rid of this message separate the base class input from the derived class one with +++
-------------------------------------------
      Model::RRHO::RRHO:  starts
         Model::new_core:  starts
            Model::RigidRotor::RigidRotor:  starts
               molecular geometry will be used to estimate rotational constants
               rotational configuration: nonlinear
               rotational constants[1/cm]:     0.0954    0.0804    0.0519
            Model::RigidRotor::RigidRotor:  done, cpu time[sec] = 0.08, elapsed time[sec] = 0
         Model::new_core:  done, cpu time[sec] = 0.08, elapsed time[sec] = 0
         1-th ROTOR:
-------------------------------------------
| Model::Rotor::Rotor: WARNING: unknown keyword: Group
| Available keys:
| Geometry[angstrom]
| Geometry[au]
| HamiltonSizeMax
| HamiltonSizeMin
| GridSize
| ThermalPowerMax
| Hint: to get rid of this message separate the base class input from the derived class one with +++
-------------------------------------------
-------------------------------------------
| Model::InternalRotationDef::init: WARNING: unknown keyword: Potential[kcal/mol]
| Available keys:
| Group
| Axis
| Symmetry
| Hint: to get rid of this message separate the base class input from the derived class one with +++
-------------------------------------------
         Model::HinderedRotor::HinderedRotor:  starts
            Model::HinderedRotor::_read:  starts
               first point frequency estimate = 145 1/cm
               Fourier Expansion Coefficients(kcal/mol):
                 0     0.707
                 1   -0.0072
                 2   0.00733
                 3   0.00209
                 4   0.00505
                 5    -0.721
                 6   -0.0269
                 7   -0.0017
                 8   0.00514
                 9   0.00665
                10   0.00647
                11    0.0178
                12  -0.00962
                13  0.000545
                14 -0.000852
                15 -0.000386
                16  9.17e-05
                17  -0.00389
            Model::HinderedRotor::_read:  done, cpu time[sec] = 0, elapsed time[sec] = 0
            effective rotational constant[1/cm]  = 5.46
            potential minimum angle[deg]         = 242
            analytic  frequency at minimum[1/cm] = 154
            numerical frequency at minimum[1/cm] = 154
            minimum energy[kcal/mol]             = -0.00357
            maximum energy[kcal/mol]             = 1.45
            maximum frequency[1/cm]              = 156
            ground energy [kcal/mol]             = 0.207
            highest energy level [kcal/mol]      = 3.87e+03
            number of levels                     = 997
            10 lowest excited states [kcal/mol] relative to the ground: 0.000395 0.00473 0.398 0.402 0.411 0.756 0.764 0.774 1.05
            Statistical Weight (*** - deep tunneling regime):
             T, K   Quantum        PG        PI  ***
              100      3.45      3.33      3.44
              200       4.9      4.81      4.89
              300      6.54      6.46      6.54
              400      8.15      8.09      8.15
              500      9.68      9.63      9.68
              600      11.1      11.1      11.1
              700      12.5      12.4      12.5
              800      13.7      13.7      13.7
              900      14.9      14.9      14.9
             1000      16.1        16      16.1
         Model::HinderedRotor::HinderedRotor:  done, cpu time[sec] = 23.2, elapsed time[sec] = 3
         2-th ROTOR:
-------------------------------------------
| Model::Rotor::Rotor: WARNING: unknown keyword: Group
| Available keys:
| Geometry[angstrom]
| Geometry[au]
| HamiltonSizeMax
| HamiltonSizeMin
| GridSize
| ThermalPowerMax
| Hint: to get rid of this message separate the base class input from the derived class one with +++
-------------------------------------------
-------------------------------------------
| Model::InternalRotationDef::init: WARNING: unknown keyword: Potential[kcal/mol]
| Available keys:
| Group
| Axis
| Symmetry
| Hint: to get rid of this message separate the base class input from the derived class one with +++
-------------------------------------------
         Model::HinderedRotor::HinderedRotor:  starts
            Model::HinderedRotor::_read:  starts
               first point frequency estimate = 118 1/cm
               Fourier Expansion Coefficients(kcal/mol):
                 0     0.869
                 1    -0.629
                 2   -0.0858
                 3     -0.28
                 4    0.0253
                 5  -0.00444
                 6    0.0192
                 7    0.0339
                 8   0.00863
                 9   0.00796
                10  -0.00875
                11   0.00222
                12 -2.46e-17
                13   0.00109
                14   0.00202
                15 -0.000417
                16  0.000623
                17 -0.000556
            Model::HinderedRotor::_read:  done, cpu time[sec] = 0, elapsed time[sec] = 0
            effective rotational constant[1/cm]  = 18.6
            potential minimum angle[deg]         = 358
            analytic  frequency at minimum[1/cm] = 116
            numerical frequency at minimum[1/cm] = 116
            minimum energy[kcal/mol]             = -0.000529
            maximum energy[kcal/mol]             = 1.39
            maximum frequency[1/cm]              = 154
            ground energy [kcal/mol]             = 0.176
            highest energy level [kcal/mol]      = 1.32e+04
            number of levels                     = 997
            10 lowest excited states [kcal/mol] relative to the ground: 0.361 0.711 0.993 1.11 1.26 1.3 1.61 1.61 2.07
            Statistical Weight (*** - deep tunneling regime):
             T, K   Quantum        PG        PI  ***
              100       1.2      1.23       1.2
              200      1.84      1.84      1.84
              300      2.66      2.65      2.66
              400      3.51       3.5      3.51
              500      4.34      4.33      4.34
              600      5.13      5.12      5.13
              700      5.88      5.87      5.88
              800      6.58      6.57      6.58
              900      7.25      7.24      7.25
             1000      7.88      7.88      7.88
         Model::HinderedRotor::HinderedRotor:  done, cpu time[sec] = 20.8, elapsed time[sec] = 3
         ground state energy = -0.1 kcal/mol
         interpolating states number/density starts
            core state contribution ... done, cpu time[sec] = 0.17, elapsed time[sec] = 0
            electronic states contribution ... done, cpu time[sec] = 0, elapsed time[sec] = 0
            vibrational modes contribution ... done, cpu time[sec] = 0.22, elapsed time[sec] = 0
            hindered rotors contribution starts
               Model::HinderedRotor::set:  starts
               Model::HinderedRotor::set:  done, cpu time[sec] = 0, elapsed time[sec] = 0
               Model::HinderedRotor::set:  starts
               Model::HinderedRotor::set:  done, cpu time[sec] = 0, elapsed time[sec] = 0
            hindered rotors contribution done, cpu time[sec] = 1.46, elapsed time[sec] = 0
            effective power exponent at 800 kcal/mol = 37.8
         interpolating states number/density done, cpu time[sec] = 2.5, elapsed time[sec] = 0
      Model::RRHO::RRHO:  done, cpu time[sec] = 46.6, elapsed time[sec] = 6
      15-th RRHO:
-------------------------------------------
| Model::Species::Species: WARNING: unknown keyword: Core
| Available keys:
| Geometry[angstrom]
| Geometry[au]
| Mass[amu]
| Stoichiometry
| Print[1/cm]
| Hint: to get rid of this message separate the base class input from the derived class one with +++
-------------------------------------------
      Model::RRHO::RRHO:  starts
         Model::new_core:  starts
            Model::RigidRotor::RigidRotor:  starts
               molecular geometry will be used to estimate rotational constants
               rotational configuration: nonlinear
               rotational constants[1/cm]:     0.0954    0.0805    0.0519
            Model::RigidRotor::RigidRotor:  done, cpu time[sec] = 0.01, elapsed time[sec] = 0
         Model::new_core:  done, cpu time[sec] = 0.01, elapsed time[sec] = 0
         1-th ROTOR:
-------------------------------------------
| Model::Rotor::Rotor: WARNING: unknown keyword: Group
| Available keys:
| Geometry[angstrom]
| Geometry[au]
| HamiltonSizeMax
| HamiltonSizeMin
| GridSize
| ThermalPowerMax
| Hint: to get rid of this message separate the base class input from the derived class one with +++
-------------------------------------------
-------------------------------------------
| Model::InternalRotationDef::init: WARNING: unknown keyword: Potential[kcal/mol]
| Available keys:
| Group
| Axis
| Symmetry
| Hint: to get rid of this message separate the base class input from the derived class one with +++
-------------------------------------------
         Model::HinderedRotor::HinderedRotor:  starts
            Model::HinderedRotor::_read:  starts
               first point frequency estimate = 145 1/cm
               Fourier Expansion Coefficients(kcal/mol):
                 0     0.707
                 1   -0.0072
                 2   0.00733
                 3   0.00209
                 4   0.00505
                 5    -0.721
                 6   -0.0269
                 7   -0.0017
                 8   0.00514
                 9   0.00665
                10   0.00647
                11    0.0178
                12  -0.00962
                13  0.000545
                14 -0.000852
                15 -0.000386
                16  9.17e-05
                17  -0.00389
            Model::HinderedRotor::_read:  done, cpu time[sec] = 0, elapsed time[sec] = 0
            effective rotational constant[1/cm]  = 5.46
            potential minimum angle[deg]         = 242
            analytic  frequency at minimum[1/cm] = 154
            numerical frequency at minimum[1/cm] = 154
            minimum energy[kcal/mol]             = -0.00357
            maximum energy[kcal/mol]             = 1.45
            maximum frequency[1/cm]              = 156
            ground energy [kcal/mol]             = 0.207
            highest energy level [kcal/mol]      = 3.87e+03
            number of levels                     = 997
            10 lowest excited states [kcal/mol] relative to the ground: 0.000396 0.00473 0.398 0.402 0.411 0.756 0.764 0.774 1.05
            Statistical Weight (*** - deep tunneling regime):
             T, K   Quantum        PG        PI  ***
              100      3.45      3.33      3.44
              200       4.9      4.81      4.89
              300      6.54      6.46      6.54
              400      8.15      8.09      8.15
              500      9.68      9.63      9.68
              600      11.1      11.1      11.1
              700      12.5      12.4      12.5
              800      13.7      13.7      13.7
              900      14.9      14.9      14.9
             1000      16.1        16      16.1
         Model::HinderedRotor::HinderedRotor:  done, cpu time[sec] = 15.3, elapsed time[sec] = 2
         2-th ROTOR:
-------------------------------------------
| Model::Rotor::Rotor: WARNING: unknown keyword: Group
| Available keys:
| Geometry[angstrom]
| Geometry[au]
| HamiltonSizeMax
| HamiltonSizeMin
| GridSize
| ThermalPowerMax
| Hint: to get rid of this message separate the base class input from the derived class one with +++
-------------------------------------------
-------------------------------------------
| Model::InternalRotationDef::init: WARNING: unknown keyword: Potential[kcal/mol]
| Available keys:
| Group
| Axis
| Symmetry
| Hint: to get rid of this message separate the base class input from the derived class one with +++
-------------------------------------------
         Model::HinderedRotor::HinderedRotor:  starts
            Model::HinderedRotor::_read:  starts
               first point frequency estimate = 118 1/cm
               Fourier Expansion Coefficients(kcal/mol):
                 0     0.869
                 1    -0.629
                 2   -0.0858
                 3     -0.28
                 4    0.0253
                 5  -0.00444
                 6    0.0192
                 7    0.0339
                 8   0.00863
                 9   0.00796
                10  -0.00875
                11   0.00222
                12 -2.46e-17
                13   0.00109
                14   0.00202
                15 -0.000417
                16  0.000623
                17 -0.000556
            Model::HinderedRotor::_read:  done, cpu time[sec] = 0, elapsed time[sec] = 0
            effective rotational constant[1/cm]  = 18.7
            potential minimum angle[deg]         = 358
            analytic  frequency at minimum[1/cm] = 116
            numerical frequency at minimum[1/cm] = 116
            minimum energy[kcal/mol]             = -0.000529
            maximum energy[kcal/mol]             = 1.39
            maximum frequency[1/cm]              = 154
            ground energy [kcal/mol]             = 0.176
            highest energy level [kcal/mol]      = 1.32e+04
            number of levels                     = 997
            10 lowest excited states [kcal/mol] relative to the ground: 0.361 0.711 0.993 1.11 1.26 1.3 1.61 1.61 2.07
            Statistical Weight (*** - deep tunneling regime):
             T, K   Quantum        PG        PI  ***
              100       1.2      1.23       1.2
              200      1.84      1.84      1.84
              300      2.66      2.65      2.66
              400      3.51       3.5      3.51
              500      4.34      4.33      4.34
              600      5.13      5.12      5.13
              700      5.87      5.86      5.87
              800      6.58      6.57      6.58
              900      7.25      7.24      7.25
             1000      7.88      7.87      7.88
         Model::HinderedRotor::HinderedRotor:  done, cpu time[sec] = 15.9, elapsed time[sec] = 2
         ground state energy = -0.4 kcal/mol
         interpolating states number/density starts
            core state contribution ... done, cpu time[sec] = 0.01, elapsed time[sec] = 0
            electronic states contribution ... done, cpu time[sec] = 0, elapsed time[sec] = 0
            vibrational modes contribution ... done, cpu time[sec] = 0.18, elapsed time[sec] = 0
            hindered rotors contribution starts
               Model::HinderedRotor::set:  starts
               Model::HinderedRotor::set:  done, cpu time[sec] = 0, elapsed time[sec] = 0
               Model::HinderedRotor::set:  starts
               Model::HinderedRotor::set:  done, cpu time[sec] = 0, elapsed time[sec] = 0
            hindered rotors contribution done, cpu time[sec] = 3.07, elapsed time[sec] = 1
            effective power exponent at 800 kcal/mol = 37.8
         interpolating states number/density done, cpu time[sec] = 4.05, elapsed time[sec] = 1
      Model::RRHO::RRHO:  done, cpu time[sec] = 35.3, elapsed time[sec] = 5
      16-th RRHO:
-------------------------------------------
| Model::Species::Species: WARNING: unknown keyword: Core
| Available keys:
| Geometry[angstrom]
| Geometry[au]
| Mass[amu]
| Stoichiometry
| Print[1/cm]
| Hint: to get rid of this message separate the base class input from the derived class one with +++
-------------------------------------------
      Model::RRHO::RRHO:  starts
         Model::new_core:  starts
            Model::RigidRotor::RigidRotor:  starts
               molecular geometry will be used to estimate rotational constants
               rotational configuration: nonlinear
               rotational constants[1/cm]:     0.0955    0.0806     0.052
            Model::RigidRotor::RigidRotor:  done, cpu time[sec] = 0.11, elapsed time[sec] = 0
         Model::new_core:  done, cpu time[sec] = 0.12, elapsed time[sec] = 0
         1-th ROTOR:
-------------------------------------------
| Model::Rotor::Rotor: WARNING: unknown keyword: Group
| Available keys:
| Geometry[angstrom]
| Geometry[au]
| HamiltonSizeMax
| HamiltonSizeMin
| GridSize
| ThermalPowerMax
| Hint: to get rid of this message separate the base class input from the derived class one with +++
-------------------------------------------
-------------------------------------------
| Model::InternalRotationDef::init: WARNING: unknown keyword: Potential[kcal/mol]
| Available keys:
| Group
| Axis
| Symmetry
| Hint: to get rid of this message separate the base class input from the derived class one with +++
-------------------------------------------
         Model::HinderedRotor::HinderedRotor:  starts
            Model::HinderedRotor::_read:  starts
               first point frequency estimate = 145 1/cm
               Fourier Expansion Coefficients(kcal/mol):
                 0     0.707
                 1   -0.0072
                 2   0.00733
                 3   0.00209
                 4   0.00505
                 5    -0.721
                 6   -0.0269
                 7   -0.0017
                 8   0.00514
                 9   0.00665
                10   0.00647
                11    0.0178
                12  -0.00962
                13  0.000545
                14 -0.000852
                15 -0.000386
                16  9.17e-05
                17  -0.00389
            Model::HinderedRotor::_read:  done, cpu time[sec] = 0, elapsed time[sec] = 0
            effective rotational constant[1/cm]  = 5.46
            potential minimum angle[deg]         = 242
            analytic  frequency at minimum[1/cm] = 154
            numerical frequency at minimum[1/cm] = 154
            minimum energy[kcal/mol]             = -0.00357
            maximum energy[kcal/mol]             = 1.45
            maximum frequency[1/cm]              = 156
            ground energy [kcal/mol]             = 0.207
            highest energy level [kcal/mol]      = 3.87e+03
            number of levels                     = 997
            10 lowest excited states [kcal/mol] relative to the ground: 0.000396 0.00473 0.398 0.402 0.411 0.756 0.764 0.774 1.05
            Statistical Weight (*** - deep tunneling regime):
             T, K   Quantum        PG        PI  ***
              100      3.45      3.33      3.44
              200       4.9      4.81      4.89
              300      6.54      6.46      6.54
              400      8.15      8.09      8.15
              500      9.68      9.63      9.68
              600      11.1      11.1      11.1
              700      12.5      12.4      12.5
              800      13.7      13.7      13.7
              900      14.9      14.9      14.9
             1000      16.1        16      16.1
         Model::HinderedRotor::HinderedRotor:  done, cpu time[sec] = 12.5, elapsed time[sec] = 2
         2-th ROTOR:
-------------------------------------------
| Model::Rotor::Rotor: WARNING: unknown keyword: Group
| Available keys:
| Geometry[angstrom]
| Geometry[au]
| HamiltonSizeMax
| HamiltonSizeMin
| GridSize
| ThermalPowerMax
| Hint: to get rid of this message separate the base class input from the derived class one with +++
-------------------------------------------
-------------------------------------------
| Model::InternalRotationDef::init: WARNING: unknown keyword: Potential[kcal/mol]
| Available keys:
| Group
| Axis
| Symmetry
| Hint: to get rid of this message separate the base class input from the derived class one with +++
-------------------------------------------
         Model::HinderedRotor::HinderedRotor:  starts
            Model::HinderedRotor::_read:  starts
               first point frequency estimate = 118 1/cm
               Fourier Expansion Coefficients(kcal/mol):
                 0     0.869
                 1    -0.629
                 2   -0.0858
                 3     -0.28
                 4    0.0253
                 5  -0.00444
                 6    0.0192
                 7    0.0339
                 8   0.00863
                 9   0.00796
                10  -0.00875
                11   0.00222
                12 -2.46e-17
                13   0.00109
                14   0.00202
                15 -0.000417
                16  0.000623
                17 -0.000556
            Model::HinderedRotor::_read:  done, cpu time[sec] = 0, elapsed time[sec] = 0
            effective rotational constant[1/cm]  = 18.7
            potential minimum angle[deg]         = 358
            analytic  frequency at minimum[1/cm] = 116
            numerical frequency at minimum[1/cm] = 116
            minimum energy[kcal/mol]             = -0.000529
            maximum energy[kcal/mol]             = 1.39
            maximum frequency[1/cm]              = 154
            ground energy [kcal/mol]             = 0.176
            highest energy level [kcal/mol]      = 1.32e+04
            number of levels                     = 997
            10 lowest excited states [kcal/mol] relative to the ground: 0.361 0.711 0.993 1.11 1.27 1.3 1.61 1.61 2.07
            Statistical Weight (*** - deep tunneling regime):
             T, K   Quantum        PG        PI  ***
              100       1.2      1.23       1.2
              200      1.84      1.84      1.84
              300      2.66      2.65      2.66
              400      3.51      3.49      3.51
              500      4.34      4.32      4.34
              600      5.13      5.11      5.13
              700      5.87      5.86      5.87
              800      6.58      6.57      6.58
              900      7.24      7.24      7.24
             1000      7.88      7.87      7.88
         Model::HinderedRotor::HinderedRotor:  done, cpu time[sec] = 12.9, elapsed time[sec] = 2
         ground state energy = -0.8 kcal/mol
         interpolating states number/density starts
            core state contribution ... done, cpu time[sec] = 0.01, elapsed time[sec] = 0
            electronic states contribution ... done, cpu time[sec] = 0, elapsed time[sec] = 0
            vibrational modes contribution ... done, cpu time[sec] = 0.38, elapsed time[sec] = 0
            hindered rotors contribution starts
               Model::HinderedRotor::set:  starts
               Model::HinderedRotor::set:  done, cpu time[sec] = 0, elapsed time[sec] = 0
               Model::HinderedRotor::set:  starts
               Model::HinderedRotor::set:  done, cpu time[sec] = 0, elapsed time[sec] = 0
            hindered rotors contribution done, cpu time[sec] = 2.33, elapsed time[sec] = 0
            effective power exponent at 801 kcal/mol = 37.8
         interpolating states number/density done, cpu time[sec] = 3.53, elapsed time[sec] = 0
      Model::RRHO::RRHO:  done, cpu time[sec] = 29.1, elapsed time[sec] = 4
      17-th RRHO:
-------------------------------------------
| Model::Species::Species: WARNING: unknown keyword: Core
| Available keys:
| Geometry[angstrom]
| Geometry[au]
| Mass[amu]
| Stoichiometry
| Print[1/cm]
| Hint: to get rid of this message separate the base class input from the derived class one with +++
-------------------------------------------
      Model::RRHO::RRHO:  starts
         Model::new_core:  starts
            Model::RigidRotor::RigidRotor:  starts
               molecular geometry will be used to estimate rotational constants
               rotational configuration: nonlinear
               rotational constants[1/cm]:     0.0955    0.0807     0.052
            Model::RigidRotor::RigidRotor:  done, cpu time[sec] = 0.18, elapsed time[sec] = 0
         Model::new_core:  done, cpu time[sec] = 0.18, elapsed time[sec] = 0
         1-th ROTOR:
-------------------------------------------
| Model::Rotor::Rotor: WARNING: unknown keyword: Group
| Available keys:
| Geometry[angstrom]
| Geometry[au]
| HamiltonSizeMax
| HamiltonSizeMin
| GridSize
| ThermalPowerMax
| Hint: to get rid of this message separate the base class input from the derived class one with +++
-------------------------------------------
-------------------------------------------
| Model::InternalRotationDef::init: WARNING: unknown keyword: Potential[kcal/mol]
| Available keys:
| Group
| Axis
| Symmetry
| Hint: to get rid of this message separate the base class input from the derived class one with +++
-------------------------------------------
         Model::HinderedRotor::HinderedRotor:  starts
            Model::HinderedRotor::_read:  starts
               first point frequency estimate = 145 1/cm
               Fourier Expansion Coefficients(kcal/mol):
                 0     0.707
                 1   -0.0072
                 2   0.00733
                 3   0.00209
                 4   0.00505
                 5    -0.721
                 6   -0.0269
                 7   -0.0017
                 8   0.00514
                 9   0.00665
                10   0.00647
                11    0.0178
                12  -0.00962
                13  0.000545
                14 -0.000852
                15 -0.000386
                16  9.17e-05
                17  -0.00389
            Model::HinderedRotor::_read:  done, cpu time[sec] = 0, elapsed time[sec] = 0
            effective rotational constant[1/cm]  = 5.46
            potential minimum angle[deg]         = 242
            analytic  frequency at minimum[1/cm] = 154
            numerical frequency at minimum[1/cm] = 154
            minimum energy[kcal/mol]             = -0.00357
            maximum energy[kcal/mol]             = 1.45
            maximum frequency[1/cm]              = 156
            ground energy [kcal/mol]             = 0.207
            highest energy level [kcal/mol]      = 3.87e+03
            number of levels                     = 997
            10 lowest excited states [kcal/mol] relative to the ground: 0.000396 0.00473 0.398 0.402 0.411 0.756 0.764 0.774 1.05
            Statistical Weight (*** - deep tunneling regime):
             T, K   Quantum        PG        PI  ***
              100      3.45      3.33      3.44
              200       4.9      4.81      4.89
              300      6.54      6.46      6.54
              400      8.15      8.09      8.15
              500      9.68      9.63      9.68
              600      11.1      11.1      11.1
              700      12.5      12.4      12.5
              800      13.7      13.7      13.7
              900      14.9      14.9      14.9
             1000      16.1        16      16.1
         Model::HinderedRotor::HinderedRotor:  done, cpu time[sec] = 16.5, elapsed time[sec] = 2
         2-th ROTOR:
-------------------------------------------
| Model::Rotor::Rotor: WARNING: unknown keyword: Group
| Available keys:
| Geometry[angstrom]
| Geometry[au]
| HamiltonSizeMax
| HamiltonSizeMin
| GridSize
| ThermalPowerMax
| Hint: to get rid of this message separate the base class input from the derived class one with +++
-------------------------------------------
-------------------------------------------
| Model::InternalRotationDef::init: WARNING: unknown keyword: Potential[kcal/mol]
| Available keys:
| Group
| Axis
| Symmetry
| Hint: to get rid of this message separate the base class input from the derived class one with +++
-------------------------------------------
         Model::HinderedRotor::HinderedRotor:  starts
            Model::HinderedRotor::_read:  starts
               first point frequency estimate = 118 1/cm
               Fourier Expansion Coefficients(kcal/mol):
                 0     0.869
                 1    -0.629
                 2   -0.0858
                 3     -0.28
                 4    0.0253
                 5  -0.00444
                 6    0.0192
                 7    0.0339
                 8   0.00863
                 9   0.00796
                10  -0.00875
                11   0.00222
                12 -2.46e-17
                13   0.00109
                14   0.00202
                15 -0.000417
                16  0.000623
                17 -0.000556
            Model::HinderedRotor::_read:  done, cpu time[sec] = 0, elapsed time[sec] = 0
            effective rotational constant[1/cm]  = 18.7
            potential minimum angle[deg]         = 358
            analytic  frequency at minimum[1/cm] = 116
            numerical frequency at minimum[1/cm] = 116
            minimum energy[kcal/mol]             = -0.000529
            maximum energy[kcal/mol]             = 1.39
            maximum frequency[1/cm]              = 154
            ground energy [kcal/mol]             = 0.177
            highest energy level [kcal/mol]      = 1.33e+04
            number of levels                     = 997
            10 lowest excited states [kcal/mol] relative to the ground: 0.362 0.712 0.994 1.11 1.27 1.3 1.61 1.61 2.07
            Statistical Weight (*** - deep tunneling regime):
             T, K   Quantum        PG        PI  ***
              100       1.2      1.23       1.2
              200      1.84      1.84      1.84
              300      2.66      2.64      2.66
              400      3.51      3.49      3.51
              500      4.33      4.32      4.33
              600      5.12      5.11      5.12
              700      5.87      5.86      5.87
              800      6.57      6.56      6.57
              900      7.24      7.23      7.24
             1000      7.87      7.87      7.87
         Model::HinderedRotor::HinderedRotor:  done, cpu time[sec] = 14.8, elapsed time[sec] = 2
         ground state energy = -1.2 kcal/mol
         interpolating states number/density starts
            core state contribution ... done, cpu time[sec] = 0.01, elapsed time[sec] = 0
            electronic states contribution ... done, cpu time[sec] = 0, elapsed time[sec] = 0
            vibrational modes contribution ... done, cpu time[sec] = 0.43, elapsed time[sec] = 0
            hindered rotors contribution starts
               Model::HinderedRotor::set:  starts
               Model::HinderedRotor::set:  done, cpu time[sec] = 0, elapsed time[sec] = 0
               Model::HinderedRotor::set:  starts
               Model::HinderedRotor::set:  done, cpu time[sec] = 0, elapsed time[sec] = 0
            hindered rotors contribution done, cpu time[sec] = 1.65, elapsed time[sec] = 1
            effective power exponent at 801 kcal/mol = 37.8
         interpolating states number/density done, cpu time[sec] = 2.93, elapsed time[sec] = 1
      Model::RRHO::RRHO:  done, cpu time[sec] = 34.4, elapsed time[sec] = 5
      18-th RRHO:
-------------------------------------------
| Model::Species::Species: WARNING: unknown keyword: Core
| Available keys:
| Geometry[angstrom]
| Geometry[au]
| Mass[amu]
| Stoichiometry
| Print[1/cm]
| Hint: to get rid of this message separate the base class input from the derived class one with +++
-------------------------------------------
      Model::RRHO::RRHO:  starts
         Model::new_core:  starts
            Model::RigidRotor::RigidRotor:  starts
               molecular geometry will be used to estimate rotational constants
               rotational configuration: nonlinear
               rotational constants[1/cm]:     0.0955    0.0808     0.052
            Model::RigidRotor::RigidRotor:  done, cpu time[sec] = 0.14, elapsed time[sec] = 0
         Model::new_core:  done, cpu time[sec] = 0.14, elapsed time[sec] = 0
         1-th ROTOR:
-------------------------------------------
| Model::Rotor::Rotor: WARNING: unknown keyword: Group
| Available keys:
| Geometry[angstrom]
| Geometry[au]
| HamiltonSizeMax
| HamiltonSizeMin
| GridSize
| ThermalPowerMax
| Hint: to get rid of this message separate the base class input from the derived class one with +++
-------------------------------------------
-------------------------------------------
| Model::InternalRotationDef::init: WARNING: unknown keyword: Potential[kcal/mol]
| Available keys:
| Group
| Axis
| Symmetry
| Hint: to get rid of this message separate the base class input from the derived class one with +++
-------------------------------------------
         Model::HinderedRotor::HinderedRotor:  starts
            Model::HinderedRotor::_read:  starts
               first point frequency estimate = 145 1/cm
               Fourier Expansion Coefficients(kcal/mol):
                 0     0.707
                 1   -0.0072
                 2   0.00733
                 3   0.00209
                 4   0.00505
                 5    -0.721
                 6   -0.0269
                 7   -0.0017
                 8   0.00514
                 9   0.00665
                10   0.00647
                11    0.0178
                12  -0.00962
                13  0.000545
                14 -0.000852
                15 -0.000386
                16  9.17e-05
                17  -0.00389
            Model::HinderedRotor::_read:  done, cpu time[sec] = 0, elapsed time[sec] = 0
            effective rotational constant[1/cm]  = 5.46
            potential minimum angle[deg]         = 242
            analytic  frequency at minimum[1/cm] = 154
            numerical frequency at minimum[1/cm] = 154
            minimum energy[kcal/mol]             = -0.00357
            maximum energy[kcal/mol]             = 1.45
            maximum frequency[1/cm]              = 156
            ground energy [kcal/mol]             = 0.207
            highest energy level [kcal/mol]      = 3.87e+03
            number of levels                     = 997
            10 lowest excited states [kcal/mol] relative to the ground: 0.000396 0.00473 0.398 0.402 0.411 0.756 0.764 0.773 1.05
            Statistical Weight (*** - deep tunneling regime):
             T, K   Quantum        PG        PI  ***
              100      3.45      3.33      3.44
              200       4.9      4.81      4.89
              300      6.54      6.46      6.54
              400      8.15      8.09      8.15
              500      9.68      9.63      9.68
              600      11.1      11.1      11.1
              700      12.5      12.4      12.5
              800      13.7      13.7      13.7
              900      14.9      14.9      14.9
             1000      16.1        16      16.1
         Model::HinderedRotor::HinderedRotor:  done, cpu time[sec] = 16.8, elapsed time[sec] = 2
         2-th ROTOR:
-------------------------------------------
| Model::Rotor::Rotor: WARNING: unknown keyword: Group
| Available keys:
| Geometry[angstrom]
| Geometry[au]
| HamiltonSizeMax
| HamiltonSizeMin
| GridSize
| ThermalPowerMax
| Hint: to get rid of this message separate the base class input from the derived class one with +++
-------------------------------------------
-------------------------------------------
| Model::InternalRotationDef::init: WARNING: unknown keyword: Potential[kcal/mol]
| Available keys:
| Group
| Axis
| Symmetry
| Hint: to get rid of this message separate the base class input from the derived class one with +++
-------------------------------------------
         Model::HinderedRotor::HinderedRotor:  starts
            Model::HinderedRotor::_read:  starts
               first point frequency estimate = 118 1/cm
               Fourier Expansion Coefficients(kcal/mol):
                 0     0.869
                 1    -0.629
                 2   -0.0858
                 3     -0.28
                 4    0.0253
                 5  -0.00444
                 6    0.0192
                 7    0.0339
                 8   0.00863
                 9   0.00796
                10  -0.00875
                11   0.00222
                12 -2.46e-17
                13   0.00109
                14   0.00202
                15 -0.000417
                16  0.000623
                17 -0.000556
            Model::HinderedRotor::_read:  done, cpu time[sec] = 0, elapsed time[sec] = 0
            effective rotational constant[1/cm]  = 18.7
            potential minimum angle[deg]         = 358
            analytic  frequency at minimum[1/cm] = 116
            numerical frequency at minimum[1/cm] = 116
            minimum energy[kcal/mol]             = -0.000529
            maximum energy[kcal/mol]             = 1.39
            maximum frequency[1/cm]              = 154
            ground energy [kcal/mol]             = 0.177
            highest energy level [kcal/mol]      = 1.33e+04
            number of levels                     = 997
            10 lowest excited states [kcal/mol] relative to the ground: 0.362 0.712 0.994 1.11 1.27 1.3 1.61 1.61 2.07
            Statistical Weight (*** - deep tunneling regime):
             T, K   Quantum        PG        PI  ***
              100       1.2      1.23       1.2
              200      1.84      1.84      1.84
              300      2.65      2.64      2.65
              400       3.5      3.49       3.5
              500      4.33      4.32      4.33
              600      5.12      5.11      5.12
              700      5.87      5.86      5.87
              800      6.57      6.56      6.57
              900      7.24      7.23      7.24
             1000      7.87      7.86      7.87
         Model::HinderedRotor::HinderedRotor:  done, cpu time[sec] = 13, elapsed time[sec] = 2
         ground state energy = -1.6 kcal/mol
         interpolating states number/density starts
            core state contribution ... done, cpu time[sec] = 0.01, elapsed time[sec] = 0
            electronic states contribution ... done, cpu time[sec] = 0, elapsed time[sec] = 0
            vibrational modes contribution ... done, cpu time[sec] = 0.34, elapsed time[sec] = 0
            hindered rotors contribution starts
               Model::HinderedRotor::set:  starts
               Model::HinderedRotor::set:  done, cpu time[sec] = 0.01, elapsed time[sec] = 0
               Model::HinderedRotor::set:  starts
               Model::HinderedRotor::set:  done, cpu time[sec] = 0, elapsed time[sec] = 0
            hindered rotors contribution done, cpu time[sec] = 2.71, elapsed time[sec] = 0
            effective power exponent at 802 kcal/mol = 37.8
         interpolating states number/density done, cpu time[sec] = 4.01, elapsed time[sec] = 0
      Model::RRHO::RRHO:  done, cpu time[sec] = 34, elapsed time[sec] = 4
      19-th RRHO:
-------------------------------------------
| Model::Species::Species: WARNING: unknown keyword: Core
| Available keys:
| Geometry[angstrom]
| Geometry[au]
| Mass[amu]
| Stoichiometry
| Print[1/cm]
| Hint: to get rid of this message separate the base class input from the derived class one with +++
-------------------------------------------
      Model::RRHO::RRHO:  starts
         Model::new_core:  starts
            Model::RigidRotor::RigidRotor:  starts
               molecular geometry will be used to estimate rotational constants
               rotational configuration: nonlinear
               rotational constants[1/cm]:     0.0955    0.0808     0.052
            Model::RigidRotor::RigidRotor:  done, cpu time[sec] = 0.16, elapsed time[sec] = 0
         Model::new_core:  done, cpu time[sec] = 0.16, elapsed time[sec] = 0
         1-th ROTOR:
-------------------------------------------
| Model::Rotor::Rotor: WARNING: unknown keyword: Group
| Available keys:
| Geometry[angstrom]
| Geometry[au]
| HamiltonSizeMax
| HamiltonSizeMin
| GridSize
| ThermalPowerMax
| Hint: to get rid of this message separate the base class input from the derived class one with +++
-------------------------------------------
-------------------------------------------
| Model::InternalRotationDef::init: WARNING: unknown keyword: Potential[kcal/mol]
| Available keys:
| Group
| Axis
| Symmetry
| Hint: to get rid of this message separate the base class input from the derived class one with +++
-------------------------------------------
         Model::HinderedRotor::HinderedRotor:  starts
            Model::HinderedRotor::_read:  starts
               first point frequency estimate = 145 1/cm
               Fourier Expansion Coefficients(kcal/mol):
                 0     0.707
                 1   -0.0072
                 2   0.00733
                 3   0.00209
                 4   0.00505
                 5    -0.721
                 6   -0.0269
                 7   -0.0017
                 8   0.00514
                 9   0.00665
                10   0.00647
                11    0.0178
                12  -0.00962
                13  0.000545
                14 -0.000852
                15 -0.000386
                16  9.17e-05
                17  -0.00389
            Model::HinderedRotor::_read:  done, cpu time[sec] = 0, elapsed time[sec] = 0
            effective rotational constant[1/cm]  = 5.46
            potential minimum angle[deg]         = 242
            analytic  frequency at minimum[1/cm] = 154
            numerical frequency at minimum[1/cm] = 154
            minimum energy[kcal/mol]             = -0.00357
            maximum energy[kcal/mol]             = 1.45
            maximum frequency[1/cm]              = 156
            ground energy [kcal/mol]             = 0.207
            highest energy level [kcal/mol]      = 3.87e+03
            number of levels                     = 997
            10 lowest excited states [kcal/mol] relative to the ground: 0.000396 0.00473 0.398 0.402 0.411 0.756 0.764 0.773 1.05
            Statistical Weight (*** - deep tunneling regime):
             T, K   Quantum        PG        PI  ***
              100      3.45      3.33      3.44
              200       4.9      4.81      4.89
              300      6.54      6.46      6.54
              400      8.15      8.09      8.15
              500      9.68      9.63      9.68
              600      11.1      11.1      11.1
              700      12.5      12.4      12.5
              800      13.7      13.7      13.7
              900      14.9      14.9      14.9
             1000      16.1        16      16.1
         Model::HinderedRotor::HinderedRotor:  done, cpu time[sec] = 11.1, elapsed time[sec] = 2
         2-th ROTOR:
-------------------------------------------
| Model::Rotor::Rotor: WARNING: unknown keyword: Group
| Available keys:
| Geometry[angstrom]
| Geometry[au]
| HamiltonSizeMax
| HamiltonSizeMin
| GridSize
| ThermalPowerMax
| Hint: to get rid of this message separate the base class input from the derived class one with +++
-------------------------------------------
-------------------------------------------
| Model::InternalRotationDef::init: WARNING: unknown keyword: Potential[kcal/mol]
| Available keys:
| Group
| Axis
| Symmetry
| Hint: to get rid of this message separate the base class input from the derived class one with +++
-------------------------------------------
         Model::HinderedRotor::HinderedRotor:  starts
            Model::HinderedRotor::_read:  starts
               first point frequency estimate = 118 1/cm
               Fourier Expansion Coefficients(kcal/mol):
                 0     0.869
                 1    -0.629
                 2   -0.0858
                 3     -0.28
                 4    0.0253
                 5  -0.00444
                 6    0.0192
                 7    0.0339
                 8   0.00863
                 9   0.00796
                10  -0.00875
                11   0.00222
                12 -2.46e-17
                13   0.00109
                14   0.00202
                15 -0.000417
                16  0.000623
                17 -0.000556
            Model::HinderedRotor::_read:  done, cpu time[sec] = 0, elapsed time[sec] = 0
            effective rotational constant[1/cm]  = 18.7
            potential minimum angle[deg]         = 358
            analytic  frequency at minimum[1/cm] = 116
            numerical frequency at minimum[1/cm] = 116
            minimum energy[kcal/mol]             = -0.000529
            maximum energy[kcal/mol]             = 1.39
            maximum frequency[1/cm]              = 154
            ground energy [kcal/mol]             = 0.177
            highest energy level [kcal/mol]      = 1.33e+04
            number of levels                     = 997
            10 lowest excited states [kcal/mol] relative to the ground: 0.362 0.712 0.994 1.11 1.27 1.3 1.61 1.62 2.07
            Statistical Weight (*** - deep tunneling regime):
             T, K   Quantum        PG        PI  ***
              100       1.2      1.23       1.2
              200      1.84      1.84      1.84
              300      2.65      2.64      2.65
              400       3.5      3.49       3.5
              500      4.33      4.32      4.33
              600      5.12      5.11      5.12
              700      5.86      5.85      5.86
              800      6.57      6.56      6.57
              900      7.23      7.22      7.23
             1000      7.87      7.86      7.87
         Model::HinderedRotor::HinderedRotor:  done, cpu time[sec] = 11.6, elapsed time[sec] = 2
         ground state energy = -2 kcal/mol
         interpolating states number/density starts
            core state contribution ... done, cpu time[sec] = 0.02, elapsed time[sec] = 0
            electronic states contribution ... done, cpu time[sec] = 0, elapsed time[sec] = 0
            vibrational modes contribution ... done, cpu time[sec] = 0.2, elapsed time[sec] = 0
            hindered rotors contribution starts
               Model::HinderedRotor::set:  starts
               Model::HinderedRotor::set:  done, cpu time[sec] = 0, elapsed time[sec] = 0
               Model::HinderedRotor::set:  starts
               Model::HinderedRotor::set:  done, cpu time[sec] = 0, elapsed time[sec] = 0
            hindered rotors contribution done, cpu time[sec] = 1.47, elapsed time[sec] = 0
            effective power exponent at 802 kcal/mol = 37.8
         interpolating states number/density done, cpu time[sec] = 2.63, elapsed time[sec] = 0
      Model::RRHO::RRHO:  done, cpu time[sec] = 25.5, elapsed time[sec] = 4
      20-th RRHO:
-------------------------------------------
| Model::Species::Species: WARNING: unknown keyword: Core
| Available keys:
| Geometry[angstrom]
| Geometry[au]
| Mass[amu]
| Stoichiometry
| Print[1/cm]
| Hint: to get rid of this message separate the base class input from the derived class one with +++
-------------------------------------------
      Model::RRHO::RRHO:  starts
         Model::new_core:  starts
            Model::RigidRotor::RigidRotor:  starts
               molecular geometry will be used to estimate rotational constants
               rotational configuration: nonlinear
               rotational constants[1/cm]:     0.0956    0.0809     0.052
            Model::RigidRotor::RigidRotor:  done, cpu time[sec] = 0.07, elapsed time[sec] = 0
         Model::new_core:  done, cpu time[sec] = 0.07, elapsed time[sec] = 0
         1-th ROTOR:
-------------------------------------------
| Model::Rotor::Rotor: WARNING: unknown keyword: Group
| Available keys:
| Geometry[angstrom]
| Geometry[au]
| HamiltonSizeMax
| HamiltonSizeMin
| GridSize
| ThermalPowerMax
| Hint: to get rid of this message separate the base class input from the derived class one with +++
-------------------------------------------
-------------------------------------------
| Model::InternalRotationDef::init: WARNING: unknown keyword: Potential[kcal/mol]
| Available keys:
| Group
| Axis
| Symmetry
| Hint: to get rid of this message separate the base class input from the derived class one with +++
-------------------------------------------
         Model::HinderedRotor::HinderedRotor:  starts
            Model::HinderedRotor::_read:  starts
               first point frequency estimate = 145 1/cm
               Fourier Expansion Coefficients(kcal/mol):
                 0     0.707
                 1   -0.0072
                 2   0.00733
                 3   0.00209
                 4   0.00505
                 5    -0.721
                 6   -0.0269
                 7   -0.0017
                 8   0.00514
                 9   0.00665
                10   0.00647
                11    0.0178
                12  -0.00962
                13  0.000545
                14 -0.000852
                15 -0.000386
                16  9.17e-05
                17  -0.00389
            Model::HinderedRotor::_read:  done, cpu time[sec] = 0, elapsed time[sec] = 0
            effective rotational constant[1/cm]  = 5.46
            potential minimum angle[deg]         = 242
            analytic  frequency at minimum[1/cm] = 154
            numerical frequency at minimum[1/cm] = 154
            minimum energy[kcal/mol]             = -0.00357
            maximum energy[kcal/mol]             = 1.45
            maximum frequency[1/cm]              = 156
            ground energy [kcal/mol]             = 0.207
            highest energy level [kcal/mol]      = 3.87e+03
            number of levels                     = 997
            10 lowest excited states [kcal/mol] relative to the ground: 0.000396 0.00473 0.398 0.402 0.411 0.756 0.764 0.773 1.05
            Statistical Weight (*** - deep tunneling regime):
             T, K   Quantum        PG        PI  ***
              100      3.45      3.33      3.44
              200       4.9      4.81      4.89
              300      6.54      6.47      6.54
              400      8.15      8.09      8.15
              500      9.68      9.63      9.68
              600      11.1      11.1      11.1
              700      12.5      12.4      12.5
              800      13.7      13.7      13.7
              900      14.9      14.9      14.9
             1000      16.1        16      16.1
         Model::HinderedRotor::HinderedRotor:  done, cpu time[sec] = 12.6, elapsed time[sec] = 2
         2-th ROTOR:
-------------------------------------------
| Model::Rotor::Rotor: WARNING: unknown keyword: Group
| Available keys:
| Geometry[angstrom]
| Geometry[au]
| HamiltonSizeMax
| HamiltonSizeMin
| GridSize
| ThermalPowerMax
| Hint: to get rid of this message separate the base class input from the derived class one with +++
-------------------------------------------
-------------------------------------------
| Model::InternalRotationDef::init: WARNING: unknown keyword: Potential[kcal/mol]
| Available keys:
| Group
| Axis
| Symmetry
| Hint: to get rid of this message separate the base class input from the derived class one with +++
-------------------------------------------
         Model::HinderedRotor::HinderedRotor:  starts
            Model::HinderedRotor::_read:  starts
               first point frequency estimate = 118 1/cm
               Fourier Expansion Coefficients(kcal/mol):
                 0     0.869
                 1    -0.629
                 2   -0.0858
                 3     -0.28
                 4    0.0253
                 5  -0.00444
                 6    0.0192
                 7    0.0339
                 8   0.00863
                 9   0.00796
                10  -0.00875
                11   0.00222
                12 -2.46e-17
                13   0.00109
                14   0.00202
                15 -0.000417
                16  0.000623
                17 -0.000556
            Model::HinderedRotor::_read:  done, cpu time[sec] = 0, elapsed time[sec] = 0
            effective rotational constant[1/cm]  = 18.8
            potential minimum angle[deg]         = 358
            analytic  frequency at minimum[1/cm] = 116
            numerical frequency at minimum[1/cm] = 116
            minimum energy[kcal/mol]             = -0.000529
            maximum energy[kcal/mol]             = 1.39
            maximum frequency[1/cm]              = 154
            ground energy [kcal/mol]             = 0.177
            highest energy level [kcal/mol]      = 1.33e+04
            number of levels                     = 997
            10 lowest excited states [kcal/mol] relative to the ground: 0.362 0.713 0.995 1.11 1.27 1.3 1.61 1.62 2.07
            Statistical Weight (*** - deep tunneling regime):
             T, K   Quantum        PG        PI  ***
              100       1.2      1.23       1.2
              200      1.84      1.83      1.84
              300      2.65      2.64      2.65
              400       3.5      3.49       3.5
              500      4.33      4.32      4.33
              600      5.12       5.1      5.11
              700      5.86      5.85      5.86
              800      6.56      6.55      6.56
              900      7.23      7.22      7.23
             1000      7.86      7.85      7.86
         Model::HinderedRotor::HinderedRotor:  done, cpu time[sec] = 13.8, elapsed time[sec] = 2
         ground state energy = -2.5 kcal/mol
         interpolating states number/density starts
            core state contribution ... done, cpu time[sec] = 0.02, elapsed time[sec] = 0
            electronic states contribution ... done, cpu time[sec] = 0, elapsed time[sec] = 0
            vibrational modes contribution ... done, cpu time[sec] = 0.23, elapsed time[sec] = 0
            hindered rotors contribution starts
               Model::HinderedRotor::set:  starts
               Model::HinderedRotor::set:  done, cpu time[sec] = 0, elapsed time[sec] = 0
               Model::HinderedRotor::set:  starts
               Model::HinderedRotor::set:  done, cpu time[sec] = 0, elapsed time[sec] = 0
            hindered rotors contribution done, cpu time[sec] = 3.34, elapsed time[sec] = 0
            effective power exponent at 803 kcal/mol = 37.8
         interpolating states number/density done, cpu time[sec] = 4.54, elapsed time[sec] = 0
      Model::RRHO::RRHO:  done, cpu time[sec] = 31.1, elapsed time[sec] = 4
      21-th RRHO:
-------------------------------------------
| Model::Species::Species: WARNING: unknown keyword: Core
| Available keys:
| Geometry[angstrom]
| Geometry[au]
| Mass[amu]
| Stoichiometry
| Print[1/cm]
| Hint: to get rid of this message separate the base class input from the derived class one with +++
-------------------------------------------
      Model::RRHO::RRHO:  starts
         Model::new_core:  starts
            Model::RigidRotor::RigidRotor:  starts
               molecular geometry will be used to estimate rotational constants
               rotational configuration: nonlinear
               rotational constants[1/cm]:     0.0956    0.0809    0.0521
            Model::RigidRotor::RigidRotor:  done, cpu time[sec] = 0.04, elapsed time[sec] = 0
         Model::new_core:  done, cpu time[sec] = 0.04, elapsed time[sec] = 0
         1-th ROTOR:
-------------------------------------------
| Model::Rotor::Rotor: WARNING: unknown keyword: Group
| Available keys:
| Geometry[angstrom]
| Geometry[au]
| HamiltonSizeMax
| HamiltonSizeMin
| GridSize
| ThermalPowerMax
| Hint: to get rid of this message separate the base class input from the derived class one with +++
-------------------------------------------
-------------------------------------------
| Model::InternalRotationDef::init: WARNING: unknown keyword: Potential[kcal/mol]
| Available keys:
| Group
| Axis
| Symmetry
| Hint: to get rid of this message separate the base class input from the derived class one with +++
-------------------------------------------
         Model::HinderedRotor::HinderedRotor:  starts
            Model::HinderedRotor::_read:  starts
               first point frequency estimate = 145 1/cm
               Fourier Expansion Coefficients(kcal/mol):
                 0     0.707
                 1   -0.0072
                 2   0.00733
                 3   0.00209
                 4   0.00505
                 5    -0.721
                 6   -0.0269
                 7   -0.0017
                 8   0.00514
                 9   0.00665
                10   0.00647
                11    0.0178
                12  -0.00962
                13  0.000545
                14 -0.000852
                15 -0.000386
                16  9.17e-05
                17  -0.00389
            Model::HinderedRotor::_read:  done, cpu time[sec] = 0, elapsed time[sec] = 0
            effective rotational constant[1/cm]  = 5.46
            potential minimum angle[deg]         = 242
            analytic  frequency at minimum[1/cm] = 154
            numerical frequency at minimum[1/cm] = 154
            minimum energy[kcal/mol]             = -0.00357
            maximum energy[kcal/mol]             = 1.45
            maximum frequency[1/cm]              = 156
            ground energy [kcal/mol]             = 0.207
            highest energy level [kcal/mol]      = 3.87e+03
            number of levels                     = 997
            10 lowest excited states [kcal/mol] relative to the ground: 0.000396 0.00473 0.398 0.402 0.411 0.756 0.764 0.773 1.05
            Statistical Weight (*** - deep tunneling regime):
             T, K   Quantum        PG        PI  ***
              100      3.45      3.33      3.44
              200       4.9      4.81      4.89
              300      6.54      6.47      6.54
              400      8.15      8.09      8.15
              500      9.68      9.63      9.68
              600      11.1      11.1      11.1
              700      12.5      12.4      12.5
              800      13.7      13.7      13.7
              900      14.9      14.9      14.9
             1000      16.1        16      16.1
         Model::HinderedRotor::HinderedRotor:  done, cpu time[sec] = 17.3, elapsed time[sec] = 3
         2-th ROTOR:
-------------------------------------------
| Model::Rotor::Rotor: WARNING: unknown keyword: Group
| Available keys:
| Geometry[angstrom]
| Geometry[au]
| HamiltonSizeMax
| HamiltonSizeMin
| GridSize
| ThermalPowerMax
| Hint: to get rid of this message separate the base class input from the derived class one with +++
-------------------------------------------
-------------------------------------------
| Model::InternalRotationDef::init: WARNING: unknown keyword: Potential[kcal/mol]
| Available keys:
| Group
| Axis
| Symmetry
| Hint: to get rid of this message separate the base class input from the derived class one with +++
-------------------------------------------
         Model::HinderedRotor::HinderedRotor:  starts
            Model::HinderedRotor::_read:  starts
               first point frequency estimate = 118 1/cm
               Fourier Expansion Coefficients(kcal/mol):
                 0     0.869
                 1    -0.629
                 2   -0.0858
                 3     -0.28
                 4    0.0253
                 5  -0.00444
                 6    0.0192
                 7    0.0339
                 8   0.00863
                 9   0.00796
                10  -0.00875
                11   0.00222
                12 -2.46e-17
                13   0.00109
                14   0.00202
                15 -0.000417
                16  0.000623
                17 -0.000556
            Model::HinderedRotor::_read:  done, cpu time[sec] = 0, elapsed time[sec] = 0
            effective rotational constant[1/cm]  = 18.8
            potential minimum angle[deg]         = 358
            analytic  frequency at minimum[1/cm] = 116
            numerical frequency at minimum[1/cm] = 116
            minimum energy[kcal/mol]             = -0.000529
            maximum energy[kcal/mol]             = 1.39
            maximum frequency[1/cm]              = 154
            ground energy [kcal/mol]             = 0.177
            highest energy level [kcal/mol]      = 1.33e+04
            number of levels                     = 997
            10 lowest excited states [kcal/mol] relative to the ground: 0.362 0.713 0.995 1.11 1.27 1.3 1.61 1.62 2.08
            Statistical Weight (*** - deep tunneling regime):
             T, K   Quantum        PG        PI  ***
              100       1.2      1.23       1.2
              200      1.84      1.83      1.84
              300      2.65      2.64      2.65
              400       3.5      3.49       3.5
              500      4.33      4.31      4.33
              600      5.11       5.1      5.11
              700      5.86      5.85      5.86
              800      6.56      6.55      6.56
              900      7.22      7.22      7.22
             1000      7.86      7.85      7.86
         Model::HinderedRotor::HinderedRotor:  done, cpu time[sec] = 17.2, elapsed time[sec] = 2
         ground state energy = -3.1 kcal/mol
         interpolating states number/density starts
            core state contribution ... done, cpu time[sec] = 0.02, elapsed time[sec] = 0
            electronic states contribution ... done, cpu time[sec] = 0, elapsed time[sec] = 0
            vibrational modes contribution ... done, cpu time[sec] = 0.35, elapsed time[sec] = 0
            hindered rotors contribution starts
               Model::HinderedRotor::set:  starts
               Model::HinderedRotor::set:  done, cpu time[sec] = 0, elapsed time[sec] = 0
               Model::HinderedRotor::set:  starts
               Model::HinderedRotor::set:  done, cpu time[sec] = 0, elapsed time[sec] = 0
            hindered rotors contribution done, cpu time[sec] = 2.88, elapsed time[sec] = 1
            effective power exponent at 803 kcal/mol = 37.9
         interpolating states number/density done, cpu time[sec] = 4.03, elapsed time[sec] = 1
      Model::RRHO::RRHO:  done, cpu time[sec] = 38.6, elapsed time[sec] = 6
-------------------------------------------
| Model::Tunnel::Tunnel : WARNING: unknown keyword: WellDepth[kcal/mol]
| Available keys:
| CutoffEnergy[kcal/mol]
| CutoffEnergy[1/cm]
| CutoffEnergy[kJ/mol]
| StatisticalWeightTolerance
| ImaginaryFrequency[1/cm]
| Hint: to get rid of this message separate the base class input from the derived class one with +++
-------------------------------------------
      Model::EckartTunnel::EckartTunnel:  ... done
      ground state energy with tunneling correction = 1.2 kcal/mol
      ground state energy without tunneling correction = 1.2 kcal/mol
      effective power exponent at 799 kcal/mol = 37.7
      Constituent transition states partition functions
       T, K         1         2         3         4         5         6         7         8         9        10        11        12        13        14        15        16        17        18        19        20        21       Min
        100  7.56e+05  8.41e+05  1.04e+06  1.25e+06  1.54e+06  1.79e+06  2.25e+06  3.31e+06  5.81e+06  1.03e+07  2.12e+07  7.89e+07   1.3e+08  4.65e+08  2.23e+09  1.31e+10  9.26e+10  6.82e+11  6.12e+12  7.51e+13   1.6e+15   6.7e+05
        200  1.88e+07  1.97e+07  2.16e+07  2.35e+07  2.58e+07  2.75e+07  3.04e+07  3.64e+07  4.77e+07  6.13e+07  8.92e+07  1.79e+08  2.13e+08  3.95e+08  8.49e+08  2.02e+09  5.29e+09  1.41e+10  4.18e+10  1.44e+11  6.56e+11  1.58e+07
        300  2.71e+08  2.77e+08  2.92e+08  3.06e+08  3.23e+08  3.33e+08  3.53e+08  3.95e+08  4.68e+08  5.38e+08  6.99e+08  1.14e+09  1.21e+09  1.81e+09  2.98e+09  5.28e+09     1e+10  1.93e+10  3.98e+10   9.1e+10  2.49e+11  2.18e+08
        400  3.01e+09  3.04e+09  3.15e+09  3.23e+09  3.34e+09  3.39e+09  3.52e+09   3.8e+09  4.28e+09  4.66e+09  5.72e+09  8.44e+09  8.47e+09  1.14e+10  1.65e+10  2.53e+10  4.12e+10  6.83e+10  1.19e+11  2.22e+11  4.74e+11  2.33e+09
        500  2.91e+10  2.92e+10  2.99e+10  3.04e+10   3.1e+10  3.12e+10  3.19e+10  3.37e+10  3.69e+10  3.89e+10  4.62e+10  6.43e+10  6.24e+10  7.88e+10  1.06e+11  1.51e+11  2.26e+11  3.43e+11   5.4e+11  8.98e+11  1.66e+12  2.19e+10
        600  2.55e+11  2.55e+11  2.59e+11  2.62e+11  2.65e+11  2.65e+11  2.68e+11   2.8e+11     3e+11   3.1e+11   3.6e+11  4.83e+11  4.59e+11  5.59e+11   7.2e+11  9.74e+11  1.38e+12  1.99e+12  2.94e+12  4.54e+12  7.62e+12  1.88e+11
        700  2.06e+12  2.05e+12  2.07e+12  2.08e+12  2.09e+12  2.09e+12   2.1e+12  2.17e+12   2.3e+12  2.34e+12  2.69e+12  3.51e+12  3.29e+12   3.9e+12  4.88e+12  6.39e+12  8.76e+12  1.22e+13  1.72e+13  2.52e+13  3.95e+13  1.48e+12
        800  1.54e+13  1.53e+13  1.54e+13  1.54e+13  1.54e+13  1.53e+13  1.54e+13  1.58e+13  1.66e+13  1.67e+13  1.89e+13  2.44e+13  2.26e+13  2.63e+13  3.23e+13  4.13e+13  5.52e+13  7.47e+13  1.03e+14  1.44e+14  2.15e+14  1.08e+13
        900  1.07e+14  1.06e+14  1.06e+14  1.06e+14  1.06e+14  1.05e+14  1.05e+14  1.07e+14  1.12e+14  1.12e+14  1.26e+14   1.6e+14  1.47e+14   1.7e+14  2.05e+14  2.58e+14  3.38e+14  4.49e+14  6.02e+14  8.22e+14  1.18e+15  7.32e+13
       1000  6.87e+14  6.81e+14  6.82e+14   6.8e+14  6.78e+14  6.71e+14   6.7e+14  6.82e+14  7.09e+14  7.03e+14  7.89e+14  9.92e+14   9.1e+14  1.04e+15  1.24e+15  1.54e+15  1.99e+15   2.6e+15  3.42e+15  4.57e+15  6.36e+15  4.63e+14
       1100  4.15e+15  4.11e+15  4.11e+15  4.09e+15  4.07e+15  4.02e+15  4.01e+15  4.07e+15  4.21e+15  4.16e+15  4.65e+15   5.8e+15   5.3e+15     6e+15  7.09e+15  8.74e+15  1.12e+16  1.45e+16  1.87e+16  2.45e+16  3.33e+16  2.75e+15
       1200  2.35e+16  2.32e+16  2.32e+16  2.31e+16  2.29e+16  2.27e+16  2.26e+16  2.29e+16  2.36e+16  2.32e+16  2.59e+16  3.21e+16  2.93e+16  3.29e+16  3.86e+16  4.72e+16     6e+16  7.67e+16  9.82e+16  1.27e+17  1.68e+17  1.53e+16
       1300  1.25e+17  1.24e+17  1.23e+17  1.23e+17  1.22e+17   1.2e+17   1.2e+17  1.21e+17  1.25e+17  1.22e+17  1.36e+17  1.68e+17  1.53e+17  1.71e+17     2e+17  2.43e+17  3.06e+17  3.88e+17  4.92e+17  6.25e+17  8.17e+17  8.04e+16
       1400  6.29e+17  6.23e+17  6.21e+17  6.17e+17  6.12e+17  6.04e+17  6.01e+17  6.07e+17  6.24e+17  6.11e+17  6.78e+17  8.33e+17  7.56e+17  8.43e+17   9.8e+17  1.19e+18  1.49e+18  1.87e+18  2.35e+18  2.96e+18  3.81e+18     4e+17
       1500     3e+18  2.97e+18  2.96e+18  2.94e+18  2.92e+18  2.88e+18  2.86e+18  2.88e+18  2.96e+18   2.9e+18  3.21e+18  3.93e+18  3.56e+18  3.96e+18  4.58e+18  5.52e+18  6.89e+18  8.63e+18  1.08e+19  1.34e+19   1.7e+19  1.89e+18
       1600  1.36e+19  1.35e+19  1.34e+19  1.33e+19  1.32e+19   1.3e+19  1.29e+19   1.3e+19  1.34e+19  1.31e+19  1.44e+19  1.76e+19   1.6e+19  1.77e+19  2.04e+19  2.45e+19  3.05e+19   3.8e+19  4.71e+19  5.81e+19  7.31e+19  8.46e+18
       1700  5.88e+19  5.82e+19  5.79e+19  5.75e+19   5.7e+19  5.62e+19  5.58e+19  5.62e+19  5.76e+19  5.62e+19   6.2e+19  7.57e+19  6.84e+19  7.56e+19  8.71e+19  1.04e+20  1.29e+20   1.6e+20  1.97e+20  2.42e+20  3.01e+20  3.62e+19
       1800  2.43e+20   2.4e+20  2.39e+20  2.37e+20  2.35e+20  2.32e+20   2.3e+20  2.32e+20  2.37e+20  2.31e+20  2.55e+20   3.1e+20  2.81e+20   3.1e+20  3.56e+20  4.25e+20  5.24e+20  6.48e+20  7.94e+20  9.66e+20  1.19e+21  1.48e+20
       1900   9.6e+20   9.5e+20  9.46e+20  9.39e+20   9.3e+20  9.17e+20   9.1e+20  9.16e+20  9.36e+20  9.11e+20     1e+21  1.22e+21   1.1e+21  1.21e+21  1.39e+21  1.66e+21  2.04e+21  2.52e+21  3.07e+21  3.72e+21  4.55e+21  5.81e+20
       2000  3.65e+21  3.61e+21  3.59e+21  3.56e+21  3.53e+21  3.48e+21  3.45e+21  3.47e+21  3.55e+21  3.45e+21   3.8e+21  4.62e+21  4.17e+21  4.58e+21  5.25e+21  6.24e+21  7.66e+21  9.41e+21  1.14e+22  1.38e+22  1.67e+22  2.19e+21

   Model::VarBarrier::VarBarrier:  done, cpu time[sec] = 951, elapsed time[sec] = 116
   checking input ... done
   setting connectivity ... done
   Model::reset:  starts
   Model::reset:  done, cpu time[sec] = 0, elapsed time[sec] = 0
Model::init:  done, cpu time[sec] = 1.08e+03, elapsed time[sec] = 127
numeric precision: digits10 = 15
MasterEquation::set_ped_pair:  starts
   ped pairs:
      C5H5CH3-1+OH->C5H4CH3+H2O
MasterEquation::set_ped_pair:  done
partition functions (relative to the ground level, units - 1/cm3):
  T\Q        W1        W2      P1_0      P1_1      P2_0      P2_1        B1        C1        C2
  100  2.55e+31  3.42e+32  7.07e+30   1.1e+26   5.8e+30  2.38e+26   7.6e+31  6.83e+34  1.35e+35
  200  6.23e+32  5.18e+34   1.2e+32  7.49e+26  9.47e+31  1.91e+27  5.12e+33  3.66e+36  9.92e+36
  300  8.54e+33   2.3e+36  1.06e+33  2.28e+27  7.62e+32  6.44e+27  1.33e+35  6.39e+37  1.92e+38
  400  9.98e+34  6.06e+37  7.71e+33  4.98e+27  5.12e+33  1.53e+28  2.25e+36   7.5e+38  2.42e+39
  500  1.08e+36  1.19e+39  5.19e+34  9.05e+27  3.22e+34  3.01e+28  3.01e+37  7.32e+39  2.48e+40
  600  1.11e+37  1.88e+40  3.32e+35  1.47e+28  1.93e+35  5.25e+28  3.45e+38  6.36e+40  2.23e+41
  700  1.05e+38  2.53e+41  2.03e+36   2.2e+28  1.11e+36  8.48e+28  3.49e+39  5.03e+41  1.81e+42
  800  9.36e+38  2.95e+42  1.19e+37  3.12e+28  6.01e+36  1.29e+29  3.16e+40  3.67e+42  1.34e+43
  900  7.72e+39  3.03e+43  6.57e+37  4.25e+28  3.09e+37  1.88e+29  2.59e+41  2.48e+43  9.14e+43
 1000  5.92e+40  2.79e+44  3.46e+38   5.6e+28  1.51e+38  2.65e+29  1.95e+42  1.56e+44  5.76e+44
 1100  4.23e+41  2.31e+45  1.73e+39  7.18e+28  6.99e+38  3.64e+29  1.35e+43  9.14e+44  3.38e+45
 1200  2.82e+42  1.75e+46  8.22e+39  9.03e+28  3.08e+39  4.88e+29  8.64e+43  5.04e+45  1.85e+46
 1300  1.76e+43  1.22e+47  3.72e+40  1.11e+29  1.29e+40  6.43e+29  5.17e+44  2.62e+46  9.55e+46
 1400  1.03e+44  7.83e+47  1.61e+41  1.36e+29  5.14e+40  8.33e+29   2.9e+45  1.29e+47  4.64e+47
 1500  5.71e+44   4.7e+48  6.63e+41  1.63e+29  1.96e+41  1.06e+30  1.53e+46     6e+47  2.14e+48
 1600  2.98e+45  2.64e+49  2.62e+42  1.93e+29  7.17e+41  1.34e+30  7.61e+46  2.66e+48  9.36e+48
 1700  1.48e+46  1.39e+50  9.94e+42  2.28e+29  2.52e+42  1.68e+30  3.59e+47  1.12e+49   3.9e+49
 1800  6.98e+46  6.93e+50  3.63e+43  2.66e+29   8.5e+42  2.08e+30  1.61e+48  4.55e+49  1.56e+50
 1900  3.14e+47  3.28e+51  1.27e+44  3.08e+29  2.77e+43  2.56e+30  6.91e+48  1.76e+50  5.95e+50
 2000  1.35e+48  1.47e+52  4.32e+44  3.54e+29   8.7e+43  3.11e+30  2.83e+49  6.57e+50  2.18e+51
partition functions (relative to 0 kcal/mol, units - 1/cm3):
  T\Q        WR        WP        B2        B1        B3
  100  2.68e+31 2.31e+115  2.06e+29  6.83e+34 7.94e+117
  200  6.39e+32  1.35e+76  2.67e+32  3.66e+36   2.4e+78
  300  8.68e+33  9.37e+63  1.85e+34  6.39e+37  7.47e+65
  400  1.01e+35  3.09e+58  5.13e+35   7.5e+38  1.19e+60
  500  1.09e+36  4.36e+55  9.24e+36  7.32e+39  8.87e+56
  600  1.11e+37   1.2e+54  1.29e+38  6.36e+40  1.39e+55
  700  1.06e+38  1.72e+53   1.5e+39  5.03e+41  1.21e+54
  800  9.42e+38  6.66e+52  1.51e+40  3.67e+42  2.98e+53
  900  7.77e+39  4.84e+52  1.34e+41  2.48e+43  1.44e+53
 1000  5.95e+40  5.34e+52  1.08e+42  1.56e+44  1.09e+53
 1100  4.25e+41  7.83e+52  7.87e+42  9.14e+44  1.13e+53
 1200  2.83e+42   1.4e+53  5.28e+43  5.04e+45  1.46e+53
 1300  1.77e+43  2.86e+53  3.28e+44  2.62e+46  2.22e+53
 1400  1.04e+44  6.46e+53   1.9e+45  1.29e+47  3.79e+53
 1500  5.73e+44  1.56e+54  1.03e+46     6e+47  7.05e+53
 1600  2.99e+45  3.96e+54  5.26e+46  2.66e+48  1.39e+54
 1700  1.48e+46  1.04e+55  2.54e+47  1.12e+49  2.89e+54
 1800     7e+46  2.77e+55  1.16e+48  4.55e+49  6.17e+54
 1900  3.15e+47   7.5e+55  5.06e+48  1.76e+50  1.35e+55
 2000  1.35e+48  2.04e+56   2.1e+49  6.57e+50     3e+55
tunneling partition function correction factors & high pressure effective energy shifts (D), kcal/mol:
  T\B        B1         D        C1         D        C2         D
  100       0.6     0.101         1        -0         1        -0
  200      0.62      0.19         1        -0         1        -0
  300     0.641     0.265         1        -0         1        -0
  400     0.662     0.328         1        -0         1        -0
  500     0.679     0.384         1        -0         1        -0
  600      0.69     0.443         1        -0         1        -0
  700     0.703      0.49         1        -0         1        -0
  800     0.715     0.534         1        -0         1        -0
  900     0.726     0.574         1        -0         1        -0
 1000     0.735     0.611         1        -0         1        -0
 1100     0.744     0.645         1        -0         1        -0
 1200     0.753     0.678         1        -0         1        -0
 1300      0.76     0.708         1        -0         1        -0
 1400     0.767     0.737         1        -0         1        -0
 1500     0.774     0.764         1        -0         1        -0
 1600      0.78      0.79         1        -0         1        -0
 1700     0.786     0.814         1        -0         1        -0
 1800     0.791     0.837         1        -0         1        -0
 1900     0.797     0.859         1        -0         1        -0
 2000     0.801      0.88         1        -0         1        -0
Names Translation Tables (<short name> - <original name>):
Wells:
   W1 - WR
   W2 - WP
Bimolecular products:
   P1 - C5H5CH3-1+OH
   P2 - C5H4CH3+H2O
Inner Barriers:
   B1 - B2
Outer Barriers:
   C1 - B1
   C2 - B3
rate calculation starts
   MasterEquation::set:  starts
      C1: e = 9.5 kcal/mol, c = 17.8
      C2: e = 9.72 kcal/mol, c = 17.9
      B1: e = 11 kcal/mol, c = 19.7
      Temperature      = 500 K
      Energy reference = 1.2e+04 1/cm
      Energy step      = 69.5 1/cm
      setting wells, barriers, and bimolecular starts
         W1 Well: thermal energy = 10.2 kcal/mol
         W1 Well: density of states done, elapsed time[sec] = 0
         W1 Well: collisional kernel bandwidth = 60
         W1 Well: collisional energy transfer kernel done, elapsed time[sec] = 0
         W1 Well: relaxation modes basis done, elapsed time[sec] = 0
         W1 Well: kernel in relaxation modes basis done, elapsed time[sec] = 0.75
         W1 Well: relaxation eigenvalues done, elapsed time[sec] = 0.36
         W1 Well: minimal relaxation eigenvalue = 0.0435
         W1 Well: maximal relaxation eigenvalue = 7.49
         W1 Well:       grid size = 173
         W1 Well:      real depth = -3 1/cm
         W1 Well: effective depth = -55 1/cm
         W2 Well: thermal energy = 12.8 kcal/mol
         W2 Well: density of states done, elapsed time[sec] = 0
         W2 Well: collisional kernel bandwidth = 60
         W2 Well: collisional energy transfer kernel done, elapsed time[sec] = 0.02
         W2 Well: relaxation modes basis done, elapsed time[sec] = 0.22
         W2 Well: kernel in relaxation modes basis done, elapsed time[sec] = 0.32
         W2 Well: relaxation eigenvalues done, elapsed time[sec] = 1.03
         W2 Well: minimal relaxation eigenvalue = 0.0402
         W2 Well: maximal relaxation eigenvalue = 29.6
         W2 Well:       grid size = 363
         W2 Well:      real depth = -13255 1/cm
         W2 Well: effective depth = -13261 1/cm
         B1 Barrier:        grid size = 167
         B1 Barrier:      real height = 407 1/cm
         B1 Barrier: effective height = 361 1/cm
         C1 Barrier:        grid size = 173
         C1 Barrier:      real height = 0 1/cm
         C1 Barrier: effective height = -55 1/cm
         C2 Barrier:        grid size = 363
         C2 Barrier:      real height = -13246 1/cm
         C2 Barrier: effective height = -13261 1/cm
      setting wells, barriers, and bimolecular done, cpu time[sec] = 2.89, elapsed time[sec] = 1
      Bound Species (D1/D2 - density of states at dissociation energy (DE)/reference energy):
       Name  Depth     DE       *D1       *D2
              1/cm   1/cm        cm        cm
         W1    -55    -55       571   3.3e+16
         W2 -13261 -13261  4.61e+03  9.42e+26
      Well-to-Well Barriers (N - number of states at the reference energy):
       Name Height        *N
              1/cm          
         B1    362  4.04e+20
      Well-to-Bimolecular Barriers (N - number of states at the reference energy):
       Name Height        *N
              1/cm          
         C1    -55  6.12e+22
         C2 -13261  3.91e+29
      Effective equilibrium constants(bimolecular units - cm^3):
        Q/Q        W1        W2        P1        P2
         W1         1  2.48e-20  7.39e-24     1e-40
         W2  4.04e+19         1  0.000298  4.05e-21
         P1  1.35e+23  3.35e+03         1  1.36e-17
         P2  9.97e+39  2.47e+20  7.37e+16         1
      Real equilibrium constants(bimolecular units - cm^3):
        Q/Q        W1        W2        P1        P2
         W1         1  2.51e-20  2.33e-27  3.17e-44
         W2  3.98e+19         1   9.3e-08  1.26e-24
         P1  4.29e+26  1.08e+07         1  1.36e-17
         P2  3.16e+43  7.93e+23  7.37e+16         1
   MasterEquation::set:  done, cpu time[sec] = 2.9, elapsed time[sec] = 1
   MasterEquation::direct_diagonalization_method:  starts
      Pressure = 0.01 atm	 Temperature = 500 K
            Well    Collision, 1/sec
              W1            5.07e+07
              W2            5.07e+07
      global relaxation matrix dimension = 536
      setting global matrices ... done, cpu time[sec] = 0.04, elapsed time[sec] = 0
      diagonalizing global relaxation matrix ... done, cpu time[sec] = 3.74, elapsed time[sec] = 0
      microscopic rate coefficients (at reference energy) over collision frequency:
         W1<->W2
        7.24e+06
          W1->P1    W2->P2
         1.1e+09  2.46e+05
      eigenvector populations normalized:
          L        *R        *P        W1        W2
          0     0.989         1         0         1
          1     0.995         1         0         1
      *R - eigenvalue over the relaxation limit
      *P - eigenvector projection squared on the relaxation subspace (= 1 -F_ne)
      eigenvector projections:
          L        *Q        *P        W1        W2
          0  2.46e+05         1 -8.34e-11 -5.72e-08
          1  2.47e+05         1  8.55e-11  6.12e-08
         *Z       ---       ---  3.96e+13  2.51e+23
      *Q - eigenvalue over the collision frequency in first well
      *P - eigenvector projection squared on the relaxation subspace (= 1 - F_ne)
      *Z - well partition function square root
      dimension of the chemical subspace = 0
      isomers-to-bimolecular equilibrium coefficients (kappa matrix):
        W\P        P1        P2
         W1     0.999         0
         W2         0         1
      prompt isomerization/dissociation:
      W\W,P,E     Total        P1        P2
           W1         1         1   0.00122
           W2         1  9.44e-20      1.02

   MasterEquation::direct_diagonalization_method:  done, cpu time[sec] = 7.25, elapsed time[sec] = 1
   MasterEquation::direct_diagonalization_method:  starts
      Pressure = 0.1 atm	 Temperature = 500 K
            Well    Collision, 1/sec
              W1            5.07e+08
              W2            5.07e+08
      global relaxation matrix dimension = 536
      setting global matrices ... done, cpu time[sec] = 0.03, elapsed time[sec] = 0
      diagonalizing global relaxation matrix ... done, cpu time[sec] = 7.13, elapsed time[sec] = 1
      microscopic rate coefficients (at reference energy) over collision frequency:
         W1<->W2
        7.24e+05
          W1->P1    W2->P2
         1.1e+08  2.46e+04
      eigenvector populations normalized:
          L        *R        *P        W1        W2
          0     0.989         1         0         1
          1     0.995         1         0         1
      *R - eigenvalue over the relaxation limit
      *P - eigenvector projection squared on the relaxation subspace (= 1 -F_ne)
      eigenvector projections:
          L        *Q        *P        W1        W2
          0  2.46e+04         1  8.35e-11  5.73e-08
          1  2.47e+04         1  8.56e-11  6.13e-08
         *Z       ---       ---  3.96e+13  2.51e+23
      *Q - eigenvalue over the collision frequency in first well
      *P - eigenvector projection squared on the relaxation subspace (= 1 - F_ne)
      *Z - well partition function square root
      dimension of the chemical subspace = 0
      isomers-to-bimolecular equilibrium coefficients (kappa matrix):
        W\P        P1        P2
         W1     0.999         0
         W2         0         1
      prompt isomerization/dissociation:
      W\W,P,E     Total        P1        P2
           W1         1         1   0.00121
           W2         1  9.44e-20      1.02

   MasterEquation::direct_diagonalization_method:  done, cpu time[sec] = 16.7, elapsed time[sec] = 2
   MasterEquation::direct_diagonalization_method:  starts
      Pressure = 1 atm	 Temperature = 500 K
            Well    Collision, 1/sec
              W1            5.07e+09
              W2            5.07e+09
      global relaxation matrix dimension = 536
      setting global matrices ... done, cpu time[sec] = 0.04, elapsed time[sec] = 0
      diagonalizing global relaxation matrix ... done, cpu time[sec] = 5.49, elapsed time[sec] = 0
      microscopic rate coefficients (at reference energy) over collision frequency:
         W1<->W2
        7.24e+04
          W1->P1    W2->P2
         1.1e+07  2.46e+03
      eigenvector populations normalized:
          L        *R        *P        W1        W2
          0     0.989         1         0         1
          1     0.995         1         0         1
      *R - eigenvalue over the relaxation limit
      *P - eigenvector projection squared on the relaxation subspace (= 1 -F_ne)
      eigenvector projections:
          L        *Q        *P        W1        W2
          0  2.46e+03         1 -8.46e-11 -5.81e-08
          1  2.47e+03         1 -8.61e-11 -6.18e-08
         *Z       ---       ---  3.96e+13  2.51e+23
      *Q - eigenvalue over the collision frequency in first well
      *P - eigenvector projection squared on the relaxation subspace (= 1 - F_ne)
      *Z - well partition function square root
      dimension of the chemical subspace = 0
      isomers-to-bimolecular equilibrium coefficients (kappa matrix):
        W\P        P1        P2
         W1     0.999         0
         W2         0         1
      prompt isomerization/dissociation:
      W\W,P,E     Total        P1        P2
           W1         1         1   0.00122
           W2         1  9.44e-20      1.02

   MasterEquation::direct_diagonalization_method:  done, cpu time[sec] = 18.3, elapsed time[sec] = 2
   MasterEquation::direct_diagonalization_method:  starts
      Pressure = 10 atm	 Temperature = 500 K
            Well    Collision, 1/sec
              W1            5.07e+10
              W2            5.07e+10
      global relaxation matrix dimension = 536
      setting global matrices ... done, cpu time[sec] = 0.03, elapsed time[sec] = 0
      diagonalizing global relaxation matrix ... done, cpu time[sec] = 3.89, elapsed time[sec] = 0
      microscopic rate coefficients (at reference energy) over collision frequency:
         W1<->W2
        7.24e+03
          W1->P1    W2->P2
         1.1e+06       246
      eigenvector populations normalized:
          L        *R        *P        W1        W2
          0     0.989         1         0         1
          1     0.994         1         0         1
      *R - eigenvalue over the relaxation limit
      *P - eigenvector projection squared on the relaxation subspace (= 1 -F_ne)
      eigenvector projections:
          L        *Q        *P        W1        W2
          0       246         1  9.51e-11  6.63e-08
          1       247         1 -9.12e-11 -6.66e-08
         *Z       ---       ---  3.96e+13  2.51e+23
      *Q - eigenvalue over the collision frequency in first well
      *P - eigenvector projection squared on the relaxation subspace (= 1 - F_ne)
      *Z - well partition function square root
      dimension of the chemical subspace = 0
      isomers-to-bimolecular equilibrium coefficients (kappa matrix):
        W\P        P1        P2
         W1     0.999         0
         W2         0         1
      prompt isomerization/dissociation:
      W\W,P,E     Total        P1        P2
           W1         1         1   0.00122
           W2         1  9.44e-20      1.02

   MasterEquation::direct_diagonalization_method:  done, cpu time[sec] = 8.67, elapsed time[sec] = 1
   MasterEquation::direct_diagonalization_method:  starts
      Pressure = 100 atm	 Temperature = 500 K
            Well    Collision, 1/sec
              W1            5.07e+11
              W2            5.07e+11
      global relaxation matrix dimension = 536
      setting global matrices ... done, cpu time[sec] = 0.04, elapsed time[sec] = 0
      diagonalizing global relaxation matrix ... done, cpu time[sec] = 3.7, elapsed time[sec] = 0
      microscopic rate coefficients (at reference energy) over collision frequency:
         W1<->W2
             724
          W1->P1    W2->P2
         1.1e+05      24.6
      eigenvector populations normalized:
          L        *R        *P        W1        W2
          0     0.981         1         0         1
          1     0.992         1         0         1
      *R - eigenvalue over the relaxation limit
      *P - eigenvector projection squared on the relaxation subspace (= 1 -F_ne)
      eigenvector projections:
          L        *Q        *P        W1        W2
          0        25         1  1.99e-10  1.57e-07
          1      25.3         1 -1.15e-10 -9.98e-08
         *Z       ---       ---  3.96e+13  2.51e+23
      *Q - eigenvalue over the collision frequency in first well
      *P - eigenvector projection squared on the relaxation subspace (= 1 - F_ne)
      *Z - well partition function square root
      dimension of the chemical subspace = 0
      isomers-to-bimolecular equilibrium coefficients (kappa matrix):
        W\P        P1        P2
         W1     0.999         0
         W2         0         1
      prompt isomerization/dissociation:
      W\W,P,E     Total        P1        P2
           W1         1         1   0.00122
           W2         1  9.44e-20      1.02

   MasterEquation::direct_diagonalization_method:  done, cpu time[sec] = 8.38, elapsed time[sec] = 1
   MasterEquation::set:  starts
      C1: e = 13.3 kcal/mol, c = 20.5
      C2: e = 13.5 kcal/mol, c = 20.5
      B1: e = 15.2 kcal/mol, c = 22.5
      Temperature      = 600 K
      Energy reference = 1.56e+04 1/cm
      Energy step      = 83.4 1/cm
      setting wells, barriers, and bimolecular starts
         W1 Well: thermal energy = 14.6 kcal/mol
         W1 Well: density of states done, elapsed time[sec] = 0.01
         W1 Well: collisional kernel bandwidth = 55
         W1 Well: collisional energy transfer kernel done, elapsed time[sec] = 0.01
         W1 Well: relaxation modes basis done, elapsed time[sec] = 0
         W1 Well: kernel in relaxation modes basis done, elapsed time[sec] = 0.34
         W1 Well: relaxation eigenvalues done, elapsed time[sec] = 0.12
         W1 Well: minimal relaxation eigenvalue = 0.0347
         W1 Well: maximal relaxation eigenvalue = 11.5
         W1 Well:       grid size = 188
         W1 Well:      real depth = -3 1/cm
         W1 Well: effective depth = -74 1/cm
         W2 Well: thermal energy = 17.4 kcal/mol
         W2 Well: density of states done, elapsed time[sec] = 0
         W2 Well: collisional kernel bandwidth = 55
         W2 Well: collisional energy transfer kernel done, elapsed time[sec] = 0.03
         W2 Well: relaxation modes basis done, elapsed time[sec] = 0.01
         W2 Well: kernel in relaxation modes basis done, elapsed time[sec] = 0.39
         W2 Well: relaxation eigenvalues done, elapsed time[sec] = 0.59
         W2 Well: minimal relaxation eigenvalue = 0.0195
         W2 Well: maximal relaxation eigenvalue = 48.5
         W2 Well:       grid size = 347
         W2 Well:      real depth = -13255 1/cm
         W2 Well: effective depth = -13335 1/cm
         B1 Barrier:        grid size = 183
         B1 Barrier:      real height = 407 1/cm
         B1 Barrier: effective height = 342 1/cm
         C1 Barrier:        grid size = 188
         C1 Barrier:      real height = 0 1/cm
         C1 Barrier: effective height = -74 1/cm
         C2 Barrier:        grid size = 346
         C2 Barrier:      real height = -13246 1/cm
         C2 Barrier: effective height = -13251 1/cm
      setting wells, barriers, and bimolecular done, cpu time[sec] = 1.72, elapsed time[sec] = 0
      Bound Species (D1/D2 - density of states at dissociation energy (DE)/reference energy):
       Name  Depth     DE       *D1       *D2
              1/cm   1/cm        cm        cm
         W1    -74    -74       487  4.18e+18
         W2 -13335 -13251       397  2.52e+28
      Well-to-Well Barriers (N - number of states at the reference energy):
       Name Height        *N
              1/cm          
         B1    343  6.23e+22
      Well-to-Bimolecular Barriers (N - number of states at the reference energy):
       Name Height        *N
              1/cm          
         C1    -74  6.52e+24
         C2 -13251  8.05e+30
      Effective equilibrium constants(bimolecular units - cm^3):
        Q/Q        W1        W2        P1        P2
         W1         1  9.16e-18  6.03e-24  4.66e-38
         W2  1.09e+17         1  6.59e-07  5.08e-21
         P1  1.66e+23  1.52e+06         1  7.72e-15
         P2  2.15e+37  1.97e+20   1.3e+14         1
      Real equilibrium constants(bimolecular units - cm^3):
        Q/Q        W1        W2        P1        P2
         W1         1  9.28e-18  2.29e-27  1.76e-41
         W2  1.08e+17         1  2.46e-10   1.9e-24
         P1  4.37e+26  4.06e+09         1  7.72e-15
         P2  5.67e+40  5.26e+23   1.3e+14         1
   MasterEquation::set:  done, cpu time[sec] = 2.39, elapsed time[sec] = 0
   MasterEquation::direct_diagonalization_method:  starts
      Pressure = 0.01 atm	 Temperature = 600 K
            Well    Collision, 1/sec
              W1            4.43e+07
              W2            4.43e+07
      global relaxation matrix dimension = 535
      setting global matrices ... done, cpu time[sec] = 0.03, elapsed time[sec] = 0
      diagonalizing global relaxation matrix ... done, cpu time[sec] = 3.72, elapsed time[sec] = 0
      microscopic rate coefficients (at reference energy) over collision frequency:
         W1<->W2
        1.01e+07
          W1->P1    W2->P2
        1.05e+09  2.16e+05
      eigenvector populations normalized:
          L        *R        *P        W1        W2
          0  0.000224         1         0         1
          1     0.465         1     0.999         0
      *R - eigenvalue over the relaxation limit
      *P - eigenvector projection squared on the relaxation subspace (= 1 -F_ne)
      eigenvector projections:
          L        *Q        *P        W1        W2
          0      48.5         1 -5.11e-28  6.73e-05
          1  1.01e+05         1  -0.00306 -8.69e-15
         *Z       ---       ---  4.46e+14  1.47e+23
      *Q - eigenvalue over the collision frequency in first well
      *P - eigenvector projection squared on the relaxation subspace (= 1 - F_ne)
      *Z - well partition function square root
      dimension of the chemical subspace = 0
      isomers-to-bimolecular equilibrium coefficients (kappa matrix):
        W\P        P1        P2
         W1     0.998         0
         W2         0         1
      prompt isomerization/dissociation:
      W\W,P,E     Total        P1        P2
           W1         1         1   0.00205
           W2         1  6.66e-17      1.02

   MasterEquation::direct_diagonalization_method:  done, cpu time[sec] = 7.98, elapsed time[sec] = 1
   MasterEquation::direct_diagonalization_method:  starts
      Pressure = 0.1 atm	 Temperature = 600 K
            Well    Collision, 1/sec
              W1            4.43e+08
              W2            4.43e+08
      global relaxation matrix dimension = 535
      setting global matrices ... done, cpu time[sec] = 0.03, elapsed time[sec] = 0
      diagonalizing global relaxation matrix ... done, cpu time[sec] = 3.78, elapsed time[sec] = 0
      microscopic rate coefficients (at reference energy) over collision frequency:
         W1<->W2
        1.01e+06
          W1->P1    W2->P2
        1.05e+08  2.16e+04
      eigenvector populations normalized:
          L        *R        *P        W1        W2
          0   0.00224         1         0         1
          1     0.465         1         1         0
      *R - eigenvalue over the relaxation limit
      *P - eigenvector projection squared on the relaxation subspace (= 1 -F_ne)
      eigenvector projections:
          L        *Q        *P        W1        W2
          0      48.5         1 -5.11e-24  6.73e-05
          1  1.01e+04         1  -0.00306 -4.43e-16
         *Z       ---       ---  4.46e+14  1.47e+23
      *Q - eigenvalue over the collision frequency in first well
      *P - eigenvector projection squared on the relaxation subspace (= 1 - F_ne)
      *Z - well partition function square root
      dimension of the chemical subspace = 0
      isomers-to-bimolecular equilibrium coefficients (kappa matrix):
        W\P        P1        P2
         W1     0.998         0
         W2         0         1
      prompt isomerization/dissociation:
      W\W,P,E     Total        P1        P2
           W1         1         1   0.00205
           W2         1  6.66e-17      1.02

   MasterEquation::direct_diagonalization_method:  done, cpu time[sec] = 6.13, elapsed time[sec] = 0
   MasterEquation::direct_diagonalization_method:  starts
      Pressure = 1 atm	 Temperature = 600 K
            Well    Collision, 1/sec
              W1            4.43e+09
              W2            4.43e+09
      global relaxation matrix dimension = 535
      setting global matrices ... done, cpu time[sec] = 0.03, elapsed time[sec] = 0
      diagonalizing global relaxation matrix ... done, cpu time[sec] = 3.94, elapsed time[sec] = 1
      microscopic rate coefficients (at reference energy) over collision frequency:
         W1<->W2
        1.01e+05
          W1->P1    W2->P2
        1.05e+07  2.16e+03
      eigenvector populations normalized:
          L        *R        *P        W1        W2
          0    0.0224         1         0         1
          1      0.47         1         1         0
      *R - eigenvalue over the relaxation limit
      *P - eigenvector projection squared on the relaxation subspace (= 1 -F_ne)
      eigenvector projections:
          L        *Q        *P        W1        W2
          0      48.5         1  1.08e-17  6.74e-05
          1  1.02e+03         1   0.00306 -1.38e-14
         *Z       ---       ---  4.46e+14  1.47e+23
      *Q - eigenvalue over the collision frequency in first well
      *P - eigenvector projection squared on the relaxation subspace (= 1 - F_ne)
      *Z - well partition function square root
      dimension of the chemical subspace = 0
      isomers-to-bimolecular equilibrium coefficients (kappa matrix):
        W\P        P1        P2
         W1     0.998         0
         W2         0         1
      prompt isomerization/dissociation:
      W\W,P,E     Total        P1        P2
           W1         1         1   0.00205
           W2         1  6.66e-17      1.02

   MasterEquation::direct_diagonalization_method:  done, cpu time[sec] = 7.07, elapsed time[sec] = 1
   MasterEquation::direct_diagonalization_method:  starts
      Pressure = 10 atm	 Temperature = 600 K
            Well    Collision, 1/sec
              W1            4.43e+10
              W2            4.43e+10
      global relaxation matrix dimension = 535
      setting global matrices ... done, cpu time[sec] = 0.04, elapsed time[sec] = 0
      diagonalizing global relaxation matrix ... done, cpu time[sec] = 2.3, elapsed time[sec] = 0
      microscopic rate coefficients (at reference energy) over collision frequency:
         W1<->W2
        1.01e+04
          W1->P1    W2->P2
        1.05e+06       216
      eigenvector populations normalized:
          L        *R        *P        W1        W2
          0     0.224         1         0         1
          1     0.516         1     0.999         0
      *R - eigenvalue over the relaxation limit
      *P - eigenvector projection squared on the relaxation subspace (= 1 -F_ne)
      eigenvector projections:
          L        *Q        *P        W1        W2
          0      48.5         1  5.41e-21  6.78e-05
          1       112         1   0.00306  8.88e-15
         *Z       ---       ---  4.46e+14  1.47e+23
      *Q - eigenvalue over the collision frequency in first well
      *P - eigenvector projection squared on the relaxation subspace (= 1 - F_ne)
      *Z - well partition function square root
      dimension of the chemical subspace = 0
      isomers-to-bimolecular equilibrium coefficients (kappa matrix):
        W\P        P1        P2
         W1     0.998         0
         W2         0         1
      prompt isomerization/dissociation:
      W\W,P,E     Total        P1        P2
           W1         1         1   0.00205
           W2         1  6.66e-17      1.02

   MasterEquation::direct_diagonalization_method:  done, cpu time[sec] = 6.49, elapsed time[sec] = 1
   MasterEquation::direct_diagonalization_method:  starts
      Pressure = 100 atm	 Temperature = 600 K
            Well    Collision, 1/sec
              W1            4.43e+11
              W2            4.43e+11
      global relaxation matrix dimension = 535
      setting global matrices ... done, cpu time[sec] = 0.03, elapsed time[sec] = 0
      diagonalizing global relaxation matrix ... done, cpu time[sec] = 2.35, elapsed time[sec] = 0
      microscopic rate coefficients (at reference energy) over collision frequency:
         W1<->W2
        1.01e+03
          W1->P1    W2->P2
        1.05e+05      21.6
      eigenvector populations normalized:
          L        *R        *P        W1        W2
          0     0.961         1     0.999         0
          1     0.987         1         0         1
      *R - eigenvalue over the relaxation limit
      *P - eigenvector projection squared on the relaxation subspace (= 1 -F_ne)
      eigenvector projections:
          L        *Q        *P        W1        W2
          0      21.5         1  -0.00306 -7.82e-15
          1      22.1         1 -6.44e-10 -1.41e-06
         *Z       ---       ---  4.46e+14  1.47e+23
      *Q - eigenvalue over the collision frequency in first well
      *P - eigenvector projection squared on the relaxation subspace (= 1 - F_ne)
      *Z - well partition function square root
      dimension of the chemical subspace = 0
      isomers-to-bimolecular equilibrium coefficients (kappa matrix):
        W\P        P1        P2
         W1     0.998         0
         W2         0         1
      prompt isomerization/dissociation:
      W\W,P,E     Total        P1        P2
           W1         1         1   0.00205
           W2         1  6.66e-17      1.02

   MasterEquation::direct_diagonalization_method:  done, cpu time[sec] = 5.39, elapsed time[sec] = 0
   MasterEquation::set:  starts
      C1: e = 17.6 kcal/mol, c = 22.8
      C2: e = 17.8 kcal/mol, c = 22.7
      B1: e = 19.9 kcal/mol, c = 24.7
      Temperature      = 700 K
      Energy reference = 1.95e+04 1/cm
      Energy step      = 97.3 1/cm
      setting wells, barriers, and bimolecular starts
         W1 Well: thermal energy = 19.6 kcal/mol
         W1 Well: density of states done, elapsed time[sec] = 0
         W1 Well: collisional kernel bandwidth = 52
         W1 Well: collisional energy transfer kernel done, elapsed time[sec] = 0.01
         W1 Well: relaxation modes basis done, elapsed time[sec] = 0
         W1 Well: kernel in relaxation modes basis done, elapsed time[sec] = 0.24
         W1 Well: relaxation eigenvalues done, elapsed time[sec] = 0.08
         W1 Well: minimal relaxation eigenvalue = 0.0286
         W1 Well: maximal relaxation eigenvalue = 30.3
         W1 Well:       grid size = 201
         W1 Well:      real depth = -3 1/cm
         W1 Well: effective depth = -100 1/cm
         W2 Well: thermal energy = 22.5 kcal/mol
         W2 Well: density of states done, elapsed time[sec] = 0
         W2 Well: collisional kernel bandwidth = 52
         W2 Well: collisional energy transfer kernel done, elapsed time[sec] = 0.04
         W2 Well: relaxation modes basis done, elapsed time[sec] = 0
         W2 Well: kernel in relaxation modes basis done, elapsed time[sec] = 0.57
         W2 Well: relaxation eigenvalues done, elapsed time[sec] = 0.63
         W2 Well: minimal relaxation eigenvalue = 0.0267
         W2 Well: maximal relaxation eigenvalue = 45.4
         W2 Well:       grid size = 337
         W2 Well:      real depth = -13255 1/cm
         W2 Well: effective depth = -13333 1/cm
         B1 Barrier:        grid size = 196
         B1 Barrier:      real height = 407 1/cm
         B1 Barrier: effective height = 386 1/cm
         C1 Barrier:        grid size = 200
         C1 Barrier:      real height = 0 1/cm
         C1 Barrier: effective height = -2 1/cm
         C2 Barrier:        grid size = 337
         C2 Barrier:      real height = -13246 1/cm
         C2 Barrier: effective height = -13333 1/cm
      setting wells, barriers, and bimolecular done, cpu time[sec] = 1.83, elapsed time[sec] = 1
      Bound Species (D1/D2 - density of states at dissociation energy (DE)/reference energy):
       Name  Depth     DE       *D1       *D2
              1/cm   1/cm        cm        cm
         W1   -100     -2       108  3.56e+20
         W2 -13333 -13333       889  6.09e+29
      Well-to-Well Barriers (N - number of states at the reference energy):
       Name Height        *N
              1/cm          
         B1    387  6.07e+24
      Well-to-Bimolecular Barriers (N - number of states at the reference energy):
       Name Height        *N
              1/cm          
         C1     -2  4.64e+26
         C2 -13333  1.51e+32
      Effective equilibrium constants(bimolecular units - cm^3):
        Q/Q        W1        W2        P1        P2
         W1         1  6.09e-16  5.37e-24  3.85e-36
         W2  1.64e+15         1  8.81e-09  6.33e-21
         P1  1.86e+23  1.13e+08         1  7.18e-13
         P2   2.6e+35  1.58e+20  1.39e+12         1
      Real equilibrium constants(bimolecular units - cm^3):
        Q/Q        W1        W2        P1        P2
         W1         1  6.17e-16  2.37e-27   1.7e-39
         W2  1.62e+15         1  3.85e-12  2.76e-24
         P1  4.22e+26   2.6e+11         1  7.18e-13
         P2  5.88e+38  3.62e+23  1.39e+12         1
   MasterEquation::set:  done, cpu time[sec] = 2.35, elapsed time[sec] = 1
   MasterEquation::direct_diagonalization_method:  starts
      Pressure = 0.01 atm	 Temperature = 700 K
            Well    Collision, 1/sec
              W1            3.96e+07
              W2            3.96e+07
      global relaxation matrix dimension = 538
      setting global matrices ... done, cpu time[sec] = 0.23, elapsed time[sec] = 0
      diagonalizing global relaxation matrix ... done, cpu time[sec] = 3.99, elapsed time[sec] = 0
      microscopic rate coefficients (at reference energy) over collision frequency:
         W1<->W2
        1.29e+07
          W1->P1    W2->P2
        9.86e+08  1.88e+05
      eigenvector populations normalized:
          L        *R        *P        W1        W2
          0  0.000161         1     0.998         0
          1    0.0824         1         0         1
      *R - eigenvalue over the relaxation limit
      *P - eigenvector projection squared on the relaxation subspace (= 1 -F_ne)
      eigenvector projections:
          L        *Q        *P        W1        W2
          0      30.3         1  0.000575  3.09e-14
          1  1.55e+04         1   5.3e-21  3.28e-05
         *Z       ---       ---  4.11e+15  1.67e+23
      *Q - eigenvalue over the collision frequency in first well
      *P - eigenvector projection squared on the relaxation subspace (= 1 - F_ne)
      *Z - well partition function square root
      dimension of the chemical subspace = 0
      isomers-to-bimolecular equilibrium coefficients (kappa matrix):
        W\P        P1        P2
         W1     0.997         0
         W2         0         1
      prompt isomerization/dissociation:
      W\W,P,E     Total        P1        P2
           W1         1         1   0.00313
           W2         1  7.37e-15      1.02

   MasterEquation::direct_diagonalization_method:  done, cpu time[sec] = 7.86, elapsed time[sec] = 0
   MasterEquation::direct_diagonalization_method:  starts
      Pressure = 0.1 atm	 Temperature = 700 K
            Well    Collision, 1/sec
              W1            3.96e+08
              W2            3.96e+08
      global relaxation matrix dimension = 538
      setting global matrices ... done, cpu time[sec] = 0.05, elapsed time[sec] = 0
      diagonalizing global relaxation matrix ... done, cpu time[sec] = 3.32, elapsed time[sec] = 1
      microscopic rate coefficients (at reference energy) over collision frequency:
         W1<->W2
        1.29e+06
          W1->P1    W2->P2
        9.86e+07  1.88e+04
      eigenvector populations normalized:
          L        *R        *P        W1        W2
          0   0.00161         1         1         0
          1    0.0846         1         0         1
      *R - eigenvalue over the relaxation limit
      *P - eigenvector projection squared on the relaxation subspace (= 1 -F_ne)
      eigenvector projections:
          L        *Q        *P        W1        W2
          0      30.3         1 -0.000575  1.87e-14
          1  1.59e+03         1  5.81e-18  3.28e-05
         *Z       ---       ---  4.11e+15  1.67e+23
      *Q - eigenvalue over the collision frequency in first well
      *P - eigenvector projection squared on the relaxation subspace (= 1 - F_ne)
      *Z - well partition function square root
      dimension of the chemical subspace = 0
      isomers-to-bimolecular equilibrium coefficients (kappa matrix):
        W\P        P1        P2
         W1     0.997         0
         W2         0         1
      prompt isomerization/dissociation:
      W\W,P,E     Total        P1        P2
           W1         1         1    0.0031
           W2         1  7.37e-15      1.02

   MasterEquation::direct_diagonalization_method:  done, cpu time[sec] = 6.41, elapsed time[sec] = 1
   MasterEquation::direct_diagonalization_method:  starts
      Pressure = 1 atm	 Temperature = 700 K
            Well    Collision, 1/sec
              W1            3.96e+09
              W2            3.96e+09
      global relaxation matrix dimension = 538
      setting global matrices ... done, cpu time[sec] = 0.05, elapsed time[sec] = 0
      diagonalizing global relaxation matrix ... done, cpu time[sec] = 4.07, elapsed time[sec] = 0
      microscopic rate coefficients (at reference energy) over collision frequency:
         W1<->W2
        1.29e+05
          W1->P1    W2->P2
        9.86e+06  1.88e+03
      eigenvector populations normalized:
          L        *R        *P        W1        W2
          0    0.0161         1         1         0
          1     0.106         1         0         1
      *R - eigenvalue over the relaxation limit
      *P - eigenvector projection squared on the relaxation subspace (= 1 -F_ne)
      eigenvector projections:
          L        *Q        *P        W1        W2
          0      30.3         1  0.000575 -3.54e-15
          1       200         1 -6.69e-17 -3.28e-05
         *Z       ---       ---  4.11e+15  1.67e+23
      *Q - eigenvalue over the collision frequency in first well
      *P - eigenvector projection squared on the relaxation subspace (= 1 - F_ne)
      *Z - well partition function square root
      dimension of the chemical subspace = 0
      isomers-to-bimolecular equilibrium coefficients (kappa matrix):
        W\P        P1        P2
         W1     0.997         0
         W2         0         1
      prompt isomerization/dissociation:
      W\W,P,E     Total        P1        P2
           W1         1         1    0.0031
           W2         1  7.37e-15      1.02

   MasterEquation::direct_diagonalization_method:  done, cpu time[sec] = 6.11, elapsed time[sec] = 0
   MasterEquation::direct_diagonalization_method:  starts
      Pressure = 10 atm	 Temperature = 700 K
            Well    Collision, 1/sec
              W1            3.96e+10
              W2            3.96e+10
      global relaxation matrix dimension = 538
      setting global matrices ... done, cpu time[sec] = 0.05, elapsed time[sec] = 0
      diagonalizing global relaxation matrix ... done, cpu time[sec] = 4.39, elapsed time[sec] = 1
      microscopic rate coefficients (at reference energy) over collision frequency:
         W1<->W2
        1.29e+04
          W1->P1    W2->P2
        9.86e+05       188
      eigenvector populations normalized:
          L        *R        *P        W1        W2
          0     0.161         1         1         0
          1     0.323         1         0         1
      *R - eigenvalue over the relaxation limit
      *P - eigenvector projection squared on the relaxation subspace (= 1 -F_ne)
      eigenvector projections:
          L        *Q        *P        W1        W2
          0      30.3         1  0.000575   1.1e-15
          1      60.8         1  2.04e-18   3.3e-05
         *Z       ---       ---  4.11e+15  1.67e+23
      *Q - eigenvalue over the collision frequency in first well
      *P - eigenvector projection squared on the relaxation subspace (= 1 - F_ne)
      *Z - well partition function square root
      dimension of the chemical subspace = 0
      isomers-to-bimolecular equilibrium coefficients (kappa matrix):
        W\P        P1        P2
         W1     0.997         0
         W2         0         1
      prompt isomerization/dissociation:
      W\W,P,E     Total        P1        P2
           W1         1         1    0.0031
           W2         1  7.37e-15      1.02

   MasterEquation::direct_diagonalization_method:  done, cpu time[sec] = 8.16, elapsed time[sec] = 1
   MasterEquation::direct_diagonalization_method:  starts
      Pressure = 100 atm	 Temperature = 700 K
            Well    Collision, 1/sec
              W1            3.96e+11
              W2            3.96e+11
      global relaxation matrix dimension = 538
      setting global matrices ... done, cpu time[sec] = 0.05, elapsed time[sec] = 0
      diagonalizing global relaxation matrix ... done, cpu time[sec] = 3.41, elapsed time[sec] = 0
      microscopic rate coefficients (at reference energy) over collision frequency:
         W1<->W2
        1.29e+03
          W1->P1    W2->P2
        9.86e+04      18.8
      eigenvector populations normalized:
          L        *R        *P        W1        W2
          0     0.976         1         0         1
          1     0.991         1         0         1
      *R - eigenvalue over the relaxation limit
      *P - eigenvector projection squared on the relaxation subspace (= 1 -F_ne)
      eigenvector projections:
          L        *Q        *P        W1        W2
          0      19.2         1 -1.72e-09 -6.35e-06
          1      19.5         1   9.6e-10  3.88e-06
         *Z       ---       ---  4.11e+15  1.67e+23
      *Q - eigenvalue over the collision frequency in first well
      *P - eigenvector projection squared on the relaxation subspace (= 1 - F_ne)
      *Z - well partition function square root
      dimension of the chemical subspace = 0
      isomers-to-bimolecular equilibrium coefficients (kappa matrix):
        W\P        P1        P2
         W1     0.997         0
         W2         0         1
      prompt isomerization/dissociation:
      W\W,P,E     Total        P1        P2
           W1         1         1    0.0031
           W2         1  7.37e-15      1.02

   MasterEquation::direct_diagonalization_method:  done, cpu time[sec] = 6.35, elapsed time[sec] = 1
   MasterEquation::set:  starts
      C1: e = 22.4 kcal/mol, c = 24.8
      C2: e = 22.5 kcal/mol, c = 24.5
      B1: e = 25 kcal/mol, c = 26.7
      Temperature      = 800 K
      Energy reference = 2.35e+04 1/cm
      Energy step      = 111 1/cm
      setting wells, barriers, and bimolecular starts
         W1 Well: thermal energy = 24.9 kcal/mol
         W1 Well: density of states done, elapsed time[sec] = 0
         W1 Well: collisional kernel bandwidth = 49
         W1 Well: collisional energy transfer kernel done, elapsed time[sec] = 0.01
         W1 Well: relaxation modes basis done, elapsed time[sec] = 0
         W1 Well: kernel in relaxation modes basis done, elapsed time[sec] = 0.23
         W1 Well: relaxation eigenvalues done, elapsed time[sec] = 0.39
         W1 Well: minimal relaxation eigenvalue = 0.0244
         W1 Well: maximal relaxation eigenvalue = 16.1
         W1 Well:       grid size = 212
         W1 Well:      real depth = -3 1/cm
         W1 Well: effective depth = -80 1/cm
         W2 Well: thermal energy = 28 kcal/mol
         W2 Well: density of states done, elapsed time[sec] = 0
         W2 Well: collisional kernel bandwidth = 49
         W2 Well: collisional energy transfer kernel done, elapsed time[sec] = 0.03
         W2 Well: relaxation modes basis done, elapsed time[sec] = 0.01
         W2 Well: kernel in relaxation modes basis done, elapsed time[sec] = 0.5
         W2 Well: relaxation eigenvalues done, elapsed time[sec] = 0.48
         W2 Well: minimal relaxation eigenvalue = 0.0238
         W2 Well: maximal relaxation eigenvalue = 39.9
         W2 Well:       grid size = 331
         W2 Well:      real depth = -13255 1/cm
         W2 Well: effective depth = -13313 1/cm
         B1 Barrier:        grid size = 208
         B1 Barrier:      real height = 407 1/cm
         B1 Barrier: effective height = 364 1/cm
         C1 Barrier:        grid size = 212
         C1 Barrier:      real height = 0 1/cm
         C1 Barrier: effective height = -80 1/cm
         C2 Barrier:        grid size = 331
         C2 Barrier:      real height = -13246 1/cm
         C2 Barrier: effective height = -13313 1/cm
      setting wells, barriers, and bimolecular done, cpu time[sec] = 1.9, elapsed time[sec] = 0
      Bound Species (D1/D2 - density of states at dissociation energy (DE)/reference energy):
       Name  Depth     DE       *D1       *D2
              1/cm   1/cm        cm        cm
         W1    -80    -80       794  2.17e+22
         W2 -13313 -13313  3.61e+03  1.31e+31
      Well-to-Well Barriers (N - number of states at the reference energy):
       Name Height        *N
              1/cm          
         B1    365  4.06e+26
      Well-to-Bimolecular Barriers (N - number of states at the reference energy):
       Name Height        *N
              1/cm          
         C1    -80  2.37e+28
         C2 -13313  2.56e+33
      Effective equilibrium constants(bimolecular units - cm^3):
        Q/Q        W1        W2        P1        P2
         W1         1   1.4e-14  5.03e-24  1.09e-34
         W2  7.16e+13         1  3.61e-10  7.77e-21
         P1  1.99e+23  2.77e+09         1  2.16e-11
         P2  9.21e+33  1.29e+20  4.64e+10         1
      Real equilibrium constants(bimolecular units - cm^3):
        Q/Q        W1        W2        P1        P2
         W1         1  1.41e-14  2.54e-27  5.48e-38
         W2  7.07e+13         1   1.8e-13  3.88e-24
         P1  3.93e+26  5.56e+12         1  2.16e-11
         P2  1.82e+37  2.58e+23  4.64e+10         1
   MasterEquation::set:  done, cpu time[sec] = 2.46, elapsed time[sec] = 0
   MasterEquation::direct_diagonalization_method:  starts
      Pressure = 0.01 atm	 Temperature = 800 K
            Well    Collision, 1/sec
              W1            3.61e+07
              W2            3.61e+07
      global relaxation matrix dimension = 543
      setting global matrices ... done, cpu time[sec] = 0.03, elapsed time[sec] = 0
      diagonalizing global relaxation matrix ... done, cpu time[sec] = 3.92, elapsed time[sec] = 0
      microscopic rate coefficients (at reference energy) over collision frequency:
         W1<->W2
        1.56e+07
          W1->P1    W2->P2
        9.07e+08  1.62e+05
      eigenvector populations normalized:
          L        *R        *P        W1        W2
          0     0.987         1         0         1
          1     0.994         1         0         1
      *R - eigenvalue over the relaxation limit
      *P - eigenvector projection squared on the relaxation subspace (= 1 -F_ne)
      eigenvector projections:
          L        *Q        *P        W1        W2
          0  1.62e+05         1  1.48e-09  6.24e-06
          1  1.63e+05         1 -1.52e-09 -6.62e-06
         *Z       ---       ---  3.21e+16  2.72e+23
      *Q - eigenvalue over the collision frequency in first well
      *P - eigenvector projection squared on the relaxation subspace (= 1 - F_ne)
      *Z - well partition function square root
      dimension of the chemical subspace = 0
      isomers-to-bimolecular equilibrium coefficients (kappa matrix):
        W\P        P1        P2
         W1     0.996         0
         W2         0         1
      prompt isomerization/dissociation:
      W\W,P,E     Total        P1        P2
           W1         1     0.999   0.00435
           W2         1  2.57e-13      1.02

   MasterEquation::direct_diagonalization_method:  done, cpu time[sec] = 5.53, elapsed time[sec] = 0
   MasterEquation::direct_diagonalization_method:  starts
      Pressure = 0.1 atm	 Temperature = 800 K
            Well    Collision, 1/sec
              W1            3.61e+08
              W2            3.61e+08
      global relaxation matrix dimension = 543
      setting global matrices ... done, cpu time[sec] = 0.04, elapsed time[sec] = 0
      diagonalizing global relaxation matrix ... done, cpu time[sec] = 2.1, elapsed time[sec] = 1
      microscopic rate coefficients (at reference energy) over collision frequency:
         W1<->W2
        1.56e+06
          W1->P1    W2->P2
        9.07e+07  1.62e+04
      eigenvector populations normalized:
          L        *R        *P        W1        W2
          0     0.987         1         0         1
          1     0.994         1         0         1
      *R - eigenvalue over the relaxation limit
      *P - eigenvector projection squared on the relaxation subspace (= 1 -F_ne)
      eigenvector projections:
          L        *Q        *P        W1        W2
          0  1.62e+04         1 -1.48e-09 -6.25e-06
          1  1.63e+04         1  1.52e-09  6.63e-06
         *Z       ---       ---  3.21e+16  2.72e+23
      *Q - eigenvalue over the collision frequency in first well
      *P - eigenvector projection squared on the relaxation subspace (= 1 - F_ne)
      *Z - well partition function square root
      dimension of the chemical subspace = 0
      isomers-to-bimolecular equilibrium coefficients (kappa matrix):
        W\P        P1        P2
         W1     0.996         0
         W2         0         1
      prompt isomerization/dissociation:
      W\W,P,E     Total        P1        P2
           W1         1     0.999   0.00435
           W2         1  2.57e-13      1.02

   MasterEquation::direct_diagonalization_method:  done, cpu time[sec] = 4.45, elapsed time[sec] = 1
   MasterEquation::direct_diagonalization_method:  starts
      Pressure = 1 atm	 Temperature = 800 K
            Well    Collision, 1/sec
              W1            3.61e+09
              W2            3.61e+09
      global relaxation matrix dimension = 543
      setting global matrices ... done, cpu time[sec] = 0.04, elapsed time[sec] = 0
      diagonalizing global relaxation matrix ... done, cpu time[sec] = 3.65, elapsed time[sec] = 0
      microscopic rate coefficients (at reference energy) over collision frequency:
         W1<->W2
        1.56e+05
          W1->P1    W2->P2
        9.07e+06  1.62e+03
      eigenvector populations normalized:
          L        *R        *P        W1        W2
          0     0.987         1         0         1
          1     0.994         1         0         1
      *R - eigenvalue over the relaxation limit
      *P - eigenvector projection squared on the relaxation subspace (= 1 -F_ne)
      eigenvector projections:
          L        *Q        *P        W1        W2
          0  1.62e+03         1   1.5e-09  6.37e-06
          1  1.63e+03         1 -1.53e-09  -6.7e-06
         *Z       ---       ---  3.21e+16  2.72e+23
      *Q - eigenvalue over the collision frequency in first well
      *P - eigenvector projection squared on the relaxation subspace (= 1 - F_ne)
      *Z - well partition function square root
      dimension of the chemical subspace = 0
      isomers-to-bimolecular equilibrium coefficients (kappa matrix):
        W\P        P1        P2
         W1     0.996         0
         W2         0         1
      prompt isomerization/dissociation:
      W\W,P,E     Total        P1        P2
           W1         1     0.999   0.00435
           W2         1  2.57e-13      1.02

   MasterEquation::direct_diagonalization_method:  done, cpu time[sec] = 5.64, elapsed time[sec] = 1
   MasterEquation::direct_diagonalization_method:  starts
      Pressure = 10 atm	 Temperature = 800 K
            Well    Collision, 1/sec
              W1            3.61e+10
              W2            3.61e+10
      global relaxation matrix dimension = 543
      setting global matrices ... done, cpu time[sec] = 0.04, elapsed time[sec] = 0
      diagonalizing global relaxation matrix ... done, cpu time[sec] = 3.38, elapsed time[sec] = 0
      microscopic rate coefficients (at reference energy) over collision frequency:
         W1<->W2
        1.56e+04
          W1->P1    W2->P2
        9.07e+05       162
      eigenvector populations normalized:
          L        *R        *P        W1        W2
          0     0.986         1         0         1
          1     0.993         1         0         1
      *R - eigenvalue over the relaxation limit
      *P - eigenvector projection squared on the relaxation subspace (= 1 -F_ne)
      eigenvector projections:
          L        *Q        *P        W1        W2
          0       163         1  1.76e-09  7.56e-06
          1       164         1  1.65e-09  7.32e-06
         *Z       ---       ---  3.21e+16  2.72e+23
      *Q - eigenvalue over the collision frequency in first well
      *P - eigenvector projection squared on the relaxation subspace (= 1 - F_ne)
      *Z - well partition function square root
      dimension of the chemical subspace = 0
      isomers-to-bimolecular equilibrium coefficients (kappa matrix):
        W\P        P1        P2
         W1     0.996         0
         W2         0         1
      prompt isomerization/dissociation:
      W\W,P,E     Total        P1        P2
           W1         1     0.999   0.00435
           W2         1  2.57e-13      1.02

   MasterEquation::direct_diagonalization_method:  done, cpu time[sec] = 6.99, elapsed time[sec] = 0
   MasterEquation::direct_diagonalization_method:  starts
      Pressure = 100 atm	 Temperature = 800 K
            Well    Collision, 1/sec
              W1            3.61e+11
              W2            3.61e+11
      global relaxation matrix dimension = 543
      setting global matrices ... done, cpu time[sec] = 0.03, elapsed time[sec] = 0
      diagonalizing global relaxation matrix ... done, cpu time[sec] = 2.34, elapsed time[sec] = 1
      microscopic rate coefficients (at reference energy) over collision frequency:
         W1<->W2
        1.56e+03
          W1->P1    W2->P2
        9.07e+04      16.2
      eigenvector populations normalized:
          L        *R        *P        W1        W2
          0     0.972         1         0         1
          1      0.99         1         0         1
      *R - eigenvalue over the relaxation limit
      *P - eigenvector projection squared on the relaxation subspace (= 1 -F_ne)
      eigenvector projections:
          L        *Q        *P        W1        W2
          0      16.6         1  3.97e-09  1.89e-05
          1      16.9         1  2.18e-09  1.14e-05
         *Z       ---       ---  3.21e+16  2.72e+23
      *Q - eigenvalue over the collision frequency in first well
      *P - eigenvector projection squared on the relaxation subspace (= 1 - F_ne)
      *Z - well partition function square root
      dimension of the chemical subspace = 0
      isomers-to-bimolecular equilibrium coefficients (kappa matrix):
        W\P        P1        P2
         W1     0.996         0
         W2         0         1
      prompt isomerization/dissociation:
      W\W,P,E     Total        P1        P2
           W1         1     0.999   0.00435
           W2         1  2.57e-13      1.02

   MasterEquation::direct_diagonalization_method:  done, cpu time[sec] = 5.54, elapsed time[sec] = 1
   MasterEquation::set:  starts
      C1: e = 27.4 kcal/mol, c = 26.4
      C2: e = 27.5 kcal/mol, c = 26.1
      B1: e = 30.4 kcal/mol, c = 28.3
      Temperature      = 900 K
      Energy reference = 2.77e+04 1/cm
      Energy step      = 125 1/cm
      setting wells, barriers, and bimolecular starts
         W1 Well: thermal energy = 30.7 kcal/mol
         W1 Well: density of states done, elapsed time[sec] = 0
         W1 Well: collisional kernel bandwidth = 46
         W1 Well: collisional energy transfer kernel done, elapsed time[sec] = 0.19
         W1 Well: relaxation modes basis done, elapsed time[sec] = 0
         W1 Well: kernel in relaxation modes basis done, elapsed time[sec] = 0.1
         W1 Well: relaxation eigenvalues done, elapsed time[sec] = 0.1
         W1 Well: minimal relaxation eigenvalue = 0.0212
         W1 Well: maximal relaxation eigenvalue = 16
         W1 Well:       grid size = 222
         W1 Well:      real depth = -3 1/cm
         W1 Well: effective depth = -73 1/cm
         W2 Well: thermal energy = 33.9 kcal/mol
         W2 Well: density of states done, elapsed time[sec] = 0
         W2 Well: collisional kernel bandwidth = 46
         W2 Well: collisional energy transfer kernel done, elapsed time[sec] = 0.02
         W2 Well: relaxation modes basis done, elapsed time[sec] = 0.01
         W2 Well: kernel in relaxation modes basis done, elapsed time[sec] = 0.29
         W2 Well: relaxation eigenvalues done, elapsed time[sec] = 0.44
         W2 Well: minimal relaxation eigenvalue = 0.0209
         W2 Well: maximal relaxation eigenvalue = 39.9
         W2 Well:       grid size = 328
         W2 Well:      real depth = -13255 1/cm
         W2 Well: effective depth = -13334 1/cm
         B1 Barrier:        grid size = 219
         B1 Barrier:      real height = 407 1/cm
         B1 Barrier: effective height = 302 1/cm
         C1 Barrier:        grid size = 222
         C1 Barrier:      real height = 0 1/cm
         C1 Barrier: effective height = -73 1/cm
         C2 Barrier:        grid size = 328
         C2 Barrier:      real height = -13246 1/cm
         C2 Barrier: effective height = -13334 1/cm
      setting wells, barriers, and bimolecular done, cpu time[sec] = 1.4, elapsed time[sec] = 0
      Bound Species (D1/D2 - density of states at dissociation energy (DE)/reference energy):
       Name  Depth     DE       *D1       *D2
              1/cm   1/cm        cm        cm
         W1    -73    -73  1.29e+03  9.94e+23
         W2 -13334 -13334   2.8e+03   2.5e+32
      Well-to-Well Barriers (N - number of states at the reference energy):
       Name Height        *N
              1/cm          
         B1    303  1.99e+28
      Well-to-Bimolecular Barriers (N - number of states at the reference energy):
       Name Height        *N
              1/cm          
         C1    -73  9.13e+29
         C2 -13334  3.88e+34
      Effective equilibrium constants(bimolecular units - cm^3):
        Q/Q        W1        W2        P1        P2
         W1         1  1.58e-13  4.89e-24  1.49e-33
         W2  6.31e+12         1  3.09e-11  9.44e-21
         P1  2.04e+23  3.24e+10         1  3.05e-10
         P2  6.69e+32  1.06e+20  3.27e+09         1
      Real equilibrium constants(bimolecular units - cm^3):
        Q/Q        W1        W2        P1        P2
         W1         1   1.6e-13  2.78e-27  8.49e-37
         W2  6.23e+12         1  1.73e-14  5.29e-24
         P1   3.6e+26  5.77e+13         1  3.05e-10
         P2  1.18e+36  1.89e+23  3.27e+09         1
   MasterEquation::set:  done, cpu time[sec] = 1.72, elapsed time[sec] = 0
   MasterEquation::direct_diagonalization_method:  starts
      Pressure = 0.01 atm	 Temperature = 900 K
            Well    Collision, 1/sec
              W1            3.33e+07
              W2            3.33e+07
      global relaxation matrix dimension = 550
      setting global matrices ... done, cpu time[sec] = 0.04, elapsed time[sec] = 0
      diagonalizing global relaxation matrix ... done, cpu time[sec] = 4.51, elapsed time[sec] = 1
      microscopic rate coefficients (at reference energy) over collision frequency:
         W1<->W2
        1.81e+07
          W1->P1    W2->P2
        8.27e+08   1.4e+05
      eigenvector populations normalized:
          L        *R        *P        W1        W2
          0     0.987         1         0         1
          1     0.993         1         0         1
      *R - eigenvalue over the relaxation limit
      *P - eigenvector projection squared on the relaxation subspace (= 1 -F_ne)
      eigenvector projections:
          L        *Q        *P        W1        W2
          0   1.4e+05         1  2.87e-09  1.35e-05
          1  1.41e+05         1  2.95e-09  1.43e-05
         *Z       ---       ---  2.19e+17  5.51e+23
      *Q - eigenvalue over the collision frequency in first well
      *P - eigenvector projection squared on the relaxation subspace (= 1 - F_ne)
      *Z - well partition function square root
      dimension of the chemical subspace = 0
      isomers-to-bimolecular equilibrium coefficients (kappa matrix):
        W\P        P1        P2
         W1     0.994         0
         W2         0         1
      prompt isomerization/dissociation:
      W\W,P,E     Total        P1        P2
           W1         1     0.997    0.0058
           W2         1  4.15e-12      1.02

   MasterEquation::direct_diagonalization_method:  done, cpu time[sec] = 7, elapsed time[sec] = 1
   MasterEquation::direct_diagonalization_method:  starts
      Pressure = 0.1 atm	 Temperature = 900 K
            Well    Collision, 1/sec
              W1            3.33e+08
              W2            3.33e+08
      global relaxation matrix dimension = 550
      setting global matrices ... done, cpu time[sec] = 0.04, elapsed time[sec] = 0
      diagonalizing global relaxation matrix ... done, cpu time[sec] = 5.01, elapsed time[sec] = 0
      microscopic rate coefficients (at reference energy) over collision frequency:
         W1<->W2
        1.81e+06
          W1->P1    W2->P2
        8.27e+07   1.4e+04
      eigenvector populations normalized:
          L        *R        *P        W1        W2
          0     0.987         1         0         1
          1     0.993         1         0         1
      *R - eigenvalue over the relaxation limit
      *P - eigenvector projection squared on the relaxation subspace (= 1 -F_ne)
      eigenvector projections:
          L        *Q        *P        W1        W2
          0   1.4e+04         1  2.88e-09  1.35e-05
          1  1.41e+04         1  2.96e-09  1.43e-05
         *Z       ---       ---  2.19e+17  5.51e+23
      *Q - eigenvalue over the collision frequency in first well
      *P - eigenvector projection squared on the relaxation subspace (= 1 - F_ne)
      *Z - well partition function square root
      dimension of the chemical subspace = 0
      isomers-to-bimolecular equilibrium coefficients (kappa matrix):
        W\P        P1        P2
         W1     0.994         0
         W2         0         1
      prompt isomerization/dissociation:
      W\W,P,E     Total        P1        P2
           W1         1     0.997    0.0058
           W2         1  4.15e-12      1.02

   MasterEquation::direct_diagonalization_method:  done, cpu time[sec] = 9.53, elapsed time[sec] = 1
   MasterEquation::direct_diagonalization_method:  starts
      Pressure = 1 atm	 Temperature = 900 K
            Well    Collision, 1/sec
              W1            3.33e+09
              W2            3.33e+09
      global relaxation matrix dimension = 550
      setting global matrices ... done, cpu time[sec] = 0.04, elapsed time[sec] = 0
      diagonalizing global relaxation matrix ... done, cpu time[sec] = 5.05, elapsed time[sec] = 1
      microscopic rate coefficients (at reference energy) over collision frequency:
         W1<->W2
        1.81e+05
          W1->P1    W2->P2
        8.27e+06   1.4e+03
      eigenvector populations normalized:
          L        *R        *P        W1        W2
          0     0.987         1         0         1
          1     0.993         1         0         1
      *R - eigenvalue over the relaxation limit
      *P - eigenvector projection squared on the relaxation subspace (= 1 -F_ne)
      eigenvector projections:
          L        *Q        *P        W1        W2
          0   1.4e+03         1  2.93e-09  1.38e-05
          1  1.41e+03         1 -2.98e-09 -1.44e-05
         *Z       ---       ---  2.19e+17  5.51e+23
      *Q - eigenvalue over the collision frequency in first well
      *P - eigenvector projection squared on the relaxation subspace (= 1 - F_ne)
      *Z - well partition function square root
      dimension of the chemical subspace = 0
      isomers-to-bimolecular equilibrium coefficients (kappa matrix):
        W\P        P1        P2
         W1     0.994         0
         W2         0         1
      prompt isomerization/dissociation:
      W\W,P,E     Total        P1        P2
           W1         1     0.997    0.0058
           W2         1  4.15e-12      1.02

   MasterEquation::direct_diagonalization_method:  done, cpu time[sec] = 8.6, elapsed time[sec] = 1
   MasterEquation::direct_diagonalization_method:  starts
      Pressure = 10 atm	 Temperature = 900 K
            Well    Collision, 1/sec
              W1            3.33e+10
              W2            3.33e+10
      global relaxation matrix dimension = 550
      setting global matrices ... done, cpu time[sec] = 0.03, elapsed time[sec] = 0
      diagonalizing global relaxation matrix ... done, cpu time[sec] = 5.47, elapsed time[sec] = 1
      microscopic rate coefficients (at reference energy) over collision frequency:
         W1<->W2
        1.81e+04
          W1->P1    W2->P2
        8.27e+05       140
      eigenvector populations normalized:
          L        *R        *P        W1        W2
          0     0.986         1         0         1
          1     0.993         1         0         1
      *R - eigenvalue over the relaxation limit
      *P - eigenvector projection squared on the relaxation subspace (= 1 -F_ne)
      eigenvector projections:
          L        *Q        *P        W1        W2
          0       140         1 -3.51e-09 -1.67e-05
          1       141         1 -3.23e-09 -1.59e-05
         *Z       ---       ---  2.19e+17  5.51e+23
      *Q - eigenvalue over the collision frequency in first well
      *P - eigenvector projection squared on the relaxation subspace (= 1 - F_ne)
      *Z - well partition function square root
      dimension of the chemical subspace = 0
      isomers-to-bimolecular equilibrium coefficients (kappa matrix):
        W\P        P1        P2
         W1     0.994         0
         W2         0         1
      prompt isomerization/dissociation:
      W\W,P,E     Total        P1        P2
           W1         1     0.997    0.0058
           W2         1  4.15e-12      1.02

   MasterEquation::direct_diagonalization_method:  done, cpu time[sec] = 8.68, elapsed time[sec] = 1
   MasterEquation::direct_diagonalization_method:  starts
      Pressure = 100 atm	 Temperature = 900 K
            Well    Collision, 1/sec
              W1            3.33e+11
              W2            3.33e+11
      global relaxation matrix dimension = 550
      setting global matrices ... done, cpu time[sec] = 0.03, elapsed time[sec] = 0
      diagonalizing global relaxation matrix ... done, cpu time[sec] = 5, elapsed time[sec] = 1
      microscopic rate coefficients (at reference energy) over collision frequency:
         W1<->W2
        1.81e+03
          W1->P1    W2->P2
        8.27e+04        14
      eigenvector populations normalized:
          L        *R        *P        W1        W2
          0     0.968         1         0         1
          1     0.989         1         0         1
      *R - eigenvalue over the relaxation limit
      *P - eigenvector projection squared on the relaxation subspace (= 1 -F_ne)
      eigenvector projections:
          L        *Q        *P        W1        W2
          0      14.4         1 -8.11e-09 -4.27e-05
          1      14.7         1  4.45e-09  2.59e-05
         *Z       ---       ---  2.19e+17  5.51e+23
      *Q - eigenvalue over the collision frequency in first well
      *P - eigenvector projection squared on the relaxation subspace (= 1 - F_ne)
      *Z - well partition function square root
      dimension of the chemical subspace = 0
      isomers-to-bimolecular equilibrium coefficients (kappa matrix):
        W\P        P1        P2
         W1     0.994         0
         W2         0         1
      prompt isomerization/dissociation:
      W\W,P,E     Total        P1        P2
           W1         1     0.997    0.0058
           W2         1  4.15e-12      1.02

   MasterEquation::direct_diagonalization_method:  done, cpu time[sec] = 7.44, elapsed time[sec] = 1
   MasterEquation::set:  starts
      C1: e = 32.8 kcal/mol, c = 27.9
      C2: e = 32.8 kcal/mol, c = 27.4
      B1: e = 36.2 kcal/mol, c = 29.8
      Temperature      = 1000 K
      Energy reference = 3.2e+04 1/cm
      Energy step      = 139 1/cm
      setting wells, barriers, and bimolecular starts
         W1 Well: thermal energy = 36.8 kcal/mol
         W1 Well: density of states done, elapsed time[sec] = 0
         W1 Well: collisional kernel bandwidth = 44
         W1 Well: collisional energy transfer kernel done, elapsed time[sec] = 0.02
         W1 Well: relaxation modes basis done, elapsed time[sec] = 0
         W1 Well: kernel in relaxation modes basis done, elapsed time[sec] = 0.17
         W1 Well: relaxation eigenvalues done, elapsed time[sec] = 0.16
         W1 Well: minimal relaxation eigenvalue = 0.0187
         W1 Well: maximal relaxation eigenvalue = 16.3
         W1 Well:       grid size = 231
         W1 Well:      real depth = -3 1/cm
         W1 Well: effective depth = -64 1/cm
         W2 Well: thermal energy = 40 kcal/mol
         W2 Well: density of states done, elapsed time[sec] = 0
         W2 Well: collisional kernel bandwidth = 44
         W2 Well: collisional energy transfer kernel done, elapsed time[sec] = 0.02
         W2 Well: relaxation modes basis done, elapsed time[sec] = 0.01
         W2 Well: kernel in relaxation modes basis done, elapsed time[sec] = 0.29
         W2 Well: relaxation eigenvalues done, elapsed time[sec] = 0.36
         W2 Well: minimal relaxation eigenvalue = 0.0185
         W2 Well: maximal relaxation eigenvalue = 34.3
         W2 Well:       grid size = 326
         W2 Well:      real depth = -13255 1/cm
         W2 Well: effective depth = -13270 1/cm
         B1 Barrier:        grid size = 228
         B1 Barrier:      real height = 407 1/cm
         B1 Barrier: effective height = 352 1/cm
         C1 Barrier:        grid size = 231
         C1 Barrier:      real height = 0 1/cm
         C1 Barrier: effective height = -64 1/cm
         C2 Barrier:        grid size = 326
         C2 Barrier:      real height = -13246 1/cm
         C2 Barrier: effective height = -13270 1/cm
      setting wells, barriers, and bimolecular done, cpu time[sec] = 1.07, elapsed time[sec] = 0
      Bound Species (D1/D2 - density of states at dissociation energy (DE)/reference energy):
       Name  Depth     DE       *D1       *D2
              1/cm   1/cm        cm        cm
         W1    -64    -64  1.91e+03  3.54e+25
         W2 -13270 -13270  2.03e+04  4.24e+33
      Well-to-Well Barriers (N - number of states at the reference energy):
       Name Height        *N
              1/cm          
         B1    353  7.46e+29
      Well-to-Bimolecular Barriers (N - number of states at the reference energy):
       Name Height        *N
              1/cm          
         C1    -64  2.75e+31
         C2 -13270  5.28e+35
      Effective equilibrium constants(bimolecular units - cm^3):
        Q/Q        W1        W2        P1        P2
         W1         1   1.1e-12  4.87e-24  1.25e-32
         W2  9.09e+11         1  4.43e-12  1.13e-20
         P1  2.05e+23  2.26e+11         1  2.56e-09
         P2  8.03e+31  8.84e+19  3.91e+08         1
      Real equilibrium constants(bimolecular units - cm^3):
        Q/Q        W1        W2        P1        P2
         W1         1  1.11e-12  3.07e-27  7.86e-36
         W2  8.98e+11         1  2.76e-15  7.06e-24
         P1  3.25e+26  3.62e+14         1  2.56e-09
         P2  1.27e+35  1.42e+23  3.91e+08         1
   MasterEquation::set:  done, cpu time[sec] = 1.55, elapsed time[sec] = 0
   MasterEquation::direct_diagonalization_method:  starts
      Pressure = 0.01 atm	 Temperature = 1000 K
            Well    Collision, 1/sec
              W1             3.1e+07
              W2             3.1e+07
      global relaxation matrix dimension = 557
      setting global matrices ... done, cpu time[sec] = 0.02, elapsed time[sec] = 0
      diagonalizing global relaxation matrix ... done, cpu time[sec] = 5.02, elapsed time[sec] = 1
      microscopic rate coefficients (at reference energy) over collision frequency:
         W1<->W2
        2.04e+07
          W1->P1    W2->P2
        7.51e+08   1.2e+05
      eigenvector populations normalized:
          L        *R        *P        W1        W2
          0     0.987         1         0         1
          1     0.993         1         0         1
      *R - eigenvalue over the relaxation limit
      *P - eigenvector projection squared on the relaxation subspace (= 1 -F_ne)
      eigenvector projections:
          L        *Q        *P        W1        W2
          0   1.2e+05         1 -5.08e-09 -2.42e-05
          1  1.21e+05         1 -5.23e-09 -2.56e-05
         *Z       ---       ---  1.32e+18  1.26e+24
      *Q - eigenvalue over the collision frequency in first well
      *P - eigenvector projection squared on the relaxation subspace (= 1 - F_ne)
      *Z - well partition function square root
      dimension of the chemical subspace = 0
      isomers-to-bimolecular equilibrium coefficients (kappa matrix):
        W\P        P1        P2
         W1     0.993         0
         W2         0         1
      prompt isomerization/dissociation:
      W\W,P,E     Total        P1        P2
           W1         1     0.996   0.00745
           W2         1  3.92e-11      1.02

   MasterEquation::direct_diagonalization_method:  done, cpu time[sec] = 11.4, elapsed time[sec] = 1
   MasterEquation::direct_diagonalization_method:  starts
      Pressure = 0.1 atm	 Temperature = 1000 K
            Well    Collision, 1/sec
              W1             3.1e+08
              W2             3.1e+08
      global relaxation matrix dimension = 557
      setting global matrices ... done, cpu time[sec] = 0.04, elapsed time[sec] = 0
      diagonalizing global relaxation matrix ... done, cpu time[sec] = 4.4, elapsed time[sec] = 1
      microscopic rate coefficients (at reference energy) over collision frequency:
         W1<->W2
        2.04e+06
          W1->P1    W2->P2
        7.51e+07   1.2e+04
      eigenvector populations normalized:
          L        *R        *P        W1        W2
          0     0.987         1         0         1
          1     0.993         1         0         1
      *R - eigenvalue over the relaxation limit
      *P - eigenvector projection squared on the relaxation subspace (= 1 -F_ne)
      eigenvector projections:
          L        *Q        *P        W1        W2
          0   1.2e+04         1 -5.09e-09 -2.42e-05
          1  1.21e+04         1 -5.23e-09 -2.56e-05
         *Z       ---       ---  1.32e+18  1.26e+24
      *Q - eigenvalue over the collision frequency in first well
      *P - eigenvector projection squared on the relaxation subspace (= 1 - F_ne)
      *Z - well partition function square root
      dimension of the chemical subspace = 0
      isomers-to-bimolecular equilibrium coefficients (kappa matrix):
        W\P        P1        P2
         W1     0.993         0
         W2         0         1
      prompt isomerization/dissociation:
      W\W,P,E     Total        P1        P2
           W1         1     0.996   0.00745
           W2         1  3.92e-11      1.02

   MasterEquation::direct_diagonalization_method:  done, cpu time[sec] = 6.56, elapsed time[sec] = 1
   MasterEquation::direct_diagonalization_method:  starts
      Pressure = 1 atm	 Temperature = 1000 K
            Well    Collision, 1/sec
              W1             3.1e+09
              W2             3.1e+09
      global relaxation matrix dimension = 557
      setting global matrices ... done, cpu time[sec] = 0.03, elapsed time[sec] = 0
      diagonalizing global relaxation matrix ... done, cpu time[sec] = 3.76, elapsed time[sec] = 0
      microscopic rate coefficients (at reference energy) over collision frequency:
         W1<->W2
        2.04e+05
          W1->P1    W2->P2
        7.51e+06   1.2e+03
      eigenvector populations normalized:
          L        *R        *P        W1        W2
          0     0.986         1         0         1
          1     0.993         1         0         1
      *R - eigenvalue over the relaxation limit
      *P - eigenvector projection squared on the relaxation subspace (= 1 -F_ne)
      eigenvector projections:
          L        *Q        *P        W1        W2
          0   1.2e+03         1  5.21e-09  2.48e-05
          1  1.21e+03         1 -5.29e-09 -2.59e-05
         *Z       ---       ---  1.32e+18  1.26e+24
      *Q - eigenvalue over the collision frequency in first well
      *P - eigenvector projection squared on the relaxation subspace (= 1 - F_ne)
      *Z - well partition function square root
      dimension of the chemical subspace = 0
      isomers-to-bimolecular equilibrium coefficients (kappa matrix):
        W\P        P1        P2
         W1     0.993         0
         W2         0         1
      prompt isomerization/dissociation:
      W\W,P,E     Total        P1        P2
           W1         1     0.996   0.00745
           W2         1  3.92e-11      1.02

   MasterEquation::direct_diagonalization_method:  done, cpu time[sec] = 6.49, elapsed time[sec] = 1
   MasterEquation::direct_diagonalization_method:  starts
      Pressure = 10 atm	 Temperature = 1000 K
            Well    Collision, 1/sec
              W1             3.1e+10
              W2             3.1e+10
      global relaxation matrix dimension = 557
      setting global matrices ... done, cpu time[sec] = 0.03, elapsed time[sec] = 0
      diagonalizing global relaxation matrix ... done, cpu time[sec] = 2.49, elapsed time[sec] = 0
      microscopic rate coefficients (at reference energy) over collision frequency:
         W1<->W2
        2.04e+04
          W1->P1    W2->P2
        7.51e+05       120
      eigenvector populations normalized:
          L        *R        *P        W1        W2
          0     0.985         1         0         1
          1     0.993         1         0         1
      *R - eigenvalue over the relaxation limit
      *P - eigenvector projection squared on the relaxation subspace (= 1 -F_ne)
      eigenvector projections:
          L        *Q        *P        W1        W2
          0       121         1 -6.37e-09 -3.08e-05
          1       122         1 -5.78e-09 -2.88e-05
         *Z       ---       ---  1.32e+18  1.26e+24
      *Q - eigenvalue over the collision frequency in first well
      *P - eigenvector projection squared on the relaxation subspace (= 1 - F_ne)
      *Z - well partition function square root
      dimension of the chemical subspace = 0
      isomers-to-bimolecular equilibrium coefficients (kappa matrix):
        W\P        P1        P2
         W1     0.993         0
         W2         0         1
      prompt isomerization/dissociation:
      W\W,P,E     Total        P1        P2
           W1         1     0.996   0.00745
           W2         1  3.92e-11      1.02

   MasterEquation::direct_diagonalization_method:  done, cpu time[sec] = 5.88, elapsed time[sec] = 0
   MasterEquation::direct_diagonalization_method:  starts
      Pressure = 100 atm	 Temperature = 1000 K
            Well    Collision, 1/sec
              W1             3.1e+11
              W2             3.1e+11
      global relaxation matrix dimension = 557
      setting global matrices ... done, cpu time[sec] = 0.03, elapsed time[sec] = 0
      diagonalizing global relaxation matrix ... done, cpu time[sec] = 3.8, elapsed time[sec] = 1
      microscopic rate coefficients (at reference energy) over collision frequency:
         W1<->W2
        2.04e+03
          W1->P1    W2->P2
        7.51e+04        12
      eigenvector populations normalized:
          L        *R        *P        W1        W2
          0     0.964         1         0         1
          1     0.988         1         0         1
      *R - eigenvalue over the relaxation limit
      *P - eigenvector projection squared on the relaxation subspace (= 1 -F_ne)
      eigenvector projections:
          L        *Q        *P        W1        W2
          0      12.4         1  1.51e-08  8.04e-05
          1      12.7         1  8.39e-09  4.98e-05
         *Z       ---       ---  1.32e+18  1.26e+24
      *Q - eigenvalue over the collision frequency in first well
      *P - eigenvector projection squared on the relaxation subspace (= 1 - F_ne)
      *Z - well partition function square root
      dimension of the chemical subspace = 0
      isomers-to-bimolecular equilibrium coefficients (kappa matrix):
        W\P        P1        P2
         W1     0.993         0
         W2         0         1
      prompt isomerization/dissociation:
      W\W,P,E     Total        P1        P2
           W1         1     0.996   0.00745
           W2         1  3.91e-11      1.02

   MasterEquation::direct_diagonalization_method:  done, cpu time[sec] = 8.64, elapsed time[sec] = 1
   MasterEquation::set:  starts
      C1: e = 38.5 kcal/mol, c = 29.1
      C2: e = 38.4 kcal/mol, c = 28.6
      B1: e = 42.2 kcal/mol, c = 31.1
      Temperature      = 1100 K
      Energy reference = 3.65e+04 1/cm
      Energy step      = 153 1/cm
      setting wells, barriers, and bimolecular starts
         W1 Well: thermal energy = 43.1 kcal/mol
         W1 Well: density of states done, elapsed time[sec] = 0
         W1 Well: collisional kernel bandwidth = 42
         W1 Well: collisional energy transfer kernel done, elapsed time[sec] = 0.21
         W1 Well: relaxation modes basis done, elapsed time[sec] = 0
         W1 Well: kernel in relaxation modes basis done, elapsed time[sec] = 0.11
         W1 Well: relaxation eigenvalues done, elapsed time[sec] = 0.15
         W1 Well: minimal relaxation eigenvalue = 0.0168
         W1 Well: maximal relaxation eigenvalue = 15.9
         W1 Well:       grid size = 239
         W1 Well:      real depth = -3 1/cm
         W1 Well: effective depth = -42 1/cm
         W2 Well: thermal energy = 46.4 kcal/mol
         W2 Well: density of states done, elapsed time[sec] = 0
         W2 Well: collisional kernel bandwidth = 42
         W2 Well: collisional energy transfer kernel done, elapsed time[sec] = 0.02
         W2 Well: relaxation modes basis done, elapsed time[sec] = 0.01
         W2 Well: kernel in relaxation modes basis done, elapsed time[sec] = 0.37
         W2 Well: relaxation eigenvalues done, elapsed time[sec] = 0.51
         W2 Well: minimal relaxation eigenvalue = 0.0166
         W2 Well: maximal relaxation eigenvalue = 37.3
         W2 Well:       grid size = 326
         W2 Well:      real depth = -13255 1/cm
         W2 Well: effective depth = -13345 1/cm
         B1 Barrier:        grid size = 237
         B1 Barrier:      real height = 407 1/cm
         B1 Barrier: effective height = 263 1/cm
         C1 Barrier:        grid size = 239
         C1 Barrier:      real height = 0 1/cm
         C1 Barrier: effective height = -42 1/cm
         C2 Barrier:        grid size = 326
         C2 Barrier:      real height = -13246 1/cm
         C2 Barrier: effective height = -13345 1/cm
      setting wells, barriers, and bimolecular done, cpu time[sec] = 1.62, elapsed time[sec] = 1
      Bound Species (D1/D2 - density of states at dissociation energy (DE)/reference energy):
       Name  Depth     DE       *D1       *D2
              1/cm   1/cm        cm        cm
         W1    -42    -42  3.01e+03  9.97e+26
         W2 -13345 -13345  4.58e+03  6.32e+34
      Well-to-Well Barriers (N - number of states at the reference energy):
       Name Height        *N
              1/cm          
         B1    264  2.17e+31
      Well-to-Bimolecular Barriers (N - number of states at the reference energy):
       Name Height        *N
              1/cm          
         C1    -42  6.59e+32
         C2 -13345  6.39e+36
      Effective equilibrium constants(bimolecular units - cm^3):
        Q/Q        W1        W2        P1        P2
         W1         1  5.36e-12  4.93e-24  7.19e-32
         W2  1.87e+11         1  9.19e-13  1.34e-20
         P1  2.03e+23  1.09e+12         1  1.46e-08
         P2  1.39e+31  7.45e+19  6.85e+07         1
      Real equilibrium constants(bimolecular units - cm^3):
        Q/Q        W1        W2        P1        P2
         W1         1  5.43e-12  3.42e-27     5e-35
         W2  1.84e+11         1  6.31e-16  9.21e-24
         P1  2.92e+26  1.59e+15         1  1.46e-08
         P2     2e+34  1.09e+23  6.85e+07         1
   MasterEquation::set:  done, cpu time[sec] = 1.93, elapsed time[sec] = 1
   MasterEquation::direct_diagonalization_method:  starts
      Pressure = 0.01 atm	 Temperature = 1100 K
            Well    Collision, 1/sec
              W1            2.91e+07
              W2            2.91e+07
      global relaxation matrix dimension = 565
      setting global matrices ... done, cpu time[sec] = 0.24, elapsed time[sec] = 0
      diagonalizing global relaxation matrix ... done, cpu time[sec] = 2.44, elapsed time[sec] = 0
      microscopic rate coefficients (at reference energy) over collision frequency:
         W1<->W2
        2.24e+07
          W1->P1    W2->P2
        6.81e+08  1.04e+05
      eigenvector populations normalized:
          L        *R        *P        W1        W2
          0     0.986         1         0         1
          1     0.993         1         0         1
      *R - eigenvalue over the relaxation limit
      *P - eigenvector projection squared on the relaxation subspace (= 1 -F_ne)
      eigenvector projections:
          L        *Q        *P        W1        W2
          0  1.04e+05         1 -8.33e-09 -3.83e-05
          1  1.05e+05         1 -8.57e-09 -4.05e-05
         *Z       ---       ---  7.12e+18  3.08e+24
      *Q - eigenvalue over the collision frequency in first well
      *P - eigenvector projection squared on the relaxation subspace (= 1 - F_ne)
      *Z - well partition function square root
      dimension of the chemical subspace = 0
      isomers-to-bimolecular equilibrium coefficients (kappa matrix):
        W\P        P1        P2
         W1     0.991         0
         W2         0         1
      prompt isomerization/dissociation:
      W\W,P,E     Total        P1        P2
           W1         1     0.994    0.0093
           W2         1   2.5e-10      1.02

   MasterEquation::direct_diagonalization_method:  done, cpu time[sec] = 6.58, elapsed time[sec] = 0
   MasterEquation::direct_diagonalization_method:  starts
      Pressure = 0.1 atm	 Temperature = 1100 K
            Well    Collision, 1/sec
              W1            2.91e+08
              W2            2.91e+08
      global relaxation matrix dimension = 565
      setting global matrices ... done, cpu time[sec] = 0.04, elapsed time[sec] = 0
      diagonalizing global relaxation matrix ... done, cpu time[sec] = 4.74, elapsed time[sec] = 1
      microscopic rate coefficients (at reference energy) over collision frequency:
         W1<->W2
        2.24e+06
          W1->P1    W2->P2
        6.81e+07  1.04e+04
      eigenvector populations normalized:
          L        *R        *P        W1        W2
          0     0.986         1         0         1
          1     0.993         1         0         1
      *R - eigenvalue over the relaxation limit
      *P - eigenvector projection squared on the relaxation subspace (= 1 -F_ne)
      eigenvector projections:
          L        *Q        *P        W1        W2
          0  1.04e+04         1 -8.35e-09 -3.84e-05
          1  1.05e+04         1 -8.58e-09 -4.05e-05
         *Z       ---       ---  7.12e+18  3.08e+24
      *Q - eigenvalue over the collision frequency in first well
      *P - eigenvector projection squared on the relaxation subspace (= 1 - F_ne)
      *Z - well partition function square root
      dimension of the chemical subspace = 0
      isomers-to-bimolecular equilibrium coefficients (kappa matrix):
        W\P        P1        P2
         W1     0.991         0
         W2         0         1
      prompt isomerization/dissociation:
      W\W,P,E     Total        P1        P2
           W1         1     0.994    0.0093
           W2         1   2.5e-10      1.02

   MasterEquation::direct_diagonalization_method:  done, cpu time[sec] = 6.34, elapsed time[sec] = 1
   MasterEquation::direct_diagonalization_method:  starts
      Pressure = 1 atm	 Temperature = 1100 K
            Well    Collision, 1/sec
              W1            2.91e+09
              W2            2.91e+09
      global relaxation matrix dimension = 565
      setting global matrices ... done, cpu time[sec] = 0.04, elapsed time[sec] = 0
      diagonalizing global relaxation matrix ... done, cpu time[sec] = 3.89, elapsed time[sec] = 0
      microscopic rate coefficients (at reference energy) over collision frequency:
         W1<->W2
        2.24e+05
          W1->P1    W2->P2
        6.81e+06  1.04e+03
      eigenvector populations normalized:
          L        *R        *P        W1        W2
          0     0.986         1         0         1
          1     0.993         1         0         1
      *R - eigenvalue over the relaxation limit
      *P - eigenvector projection squared on the relaxation subspace (= 1 -F_ne)
      eigenvector projections:
          L        *Q        *P        W1        W2
          0  1.04e+03         1  8.56e-09  3.94e-05
          1  1.05e+03         1  8.68e-09  4.11e-05
         *Z       ---       ---  7.12e+18  3.08e+24
      *Q - eigenvalue over the collision frequency in first well
      *P - eigenvector projection squared on the relaxation subspace (= 1 - F_ne)
      *Z - well partition function square root
      dimension of the chemical subspace = 0
      isomers-to-bimolecular equilibrium coefficients (kappa matrix):
        W\P        P1        P2
         W1     0.991         0
         W2         0         1
      prompt isomerization/dissociation:
      W\W,P,E     Total        P1        P2
           W1         1     0.994    0.0093
           W2         1   2.5e-10      1.02

   MasterEquation::direct_diagonalization_method:  done, cpu time[sec] = 7.03, elapsed time[sec] = 1
   MasterEquation::direct_diagonalization_method:  starts
      Pressure = 10 atm	 Temperature = 1100 K
            Well    Collision, 1/sec
              W1            2.91e+10
              W2            2.91e+10
      global relaxation matrix dimension = 565
      setting global matrices ... done, cpu time[sec] = 0.05, elapsed time[sec] = 0
      diagonalizing global relaxation matrix ... done, cpu time[sec] = 6.03, elapsed time[sec] = 0
      microscopic rate coefficients (at reference energy) over collision frequency:
         W1<->W2
        2.24e+04
          W1->P1    W2->P2
        6.81e+05       104
      eigenvector populations normalized:
          L        *R        *P        W1        W2
          0     0.985         1         0         1
          1     0.992         1         0         1
      *R - eigenvalue over the relaxation limit
      *P - eigenvector projection squared on the relaxation subspace (= 1 -F_ne)
      eigenvector projections:
          L        *Q        *P        W1        W2
          0       105         1 -1.07e-08 -5.03e-05
          1       105         1 -9.57e-09 -4.61e-05
         *Z       ---       ---  7.12e+18  3.08e+24
      *Q - eigenvalue over the collision frequency in first well
      *P - eigenvector projection squared on the relaxation subspace (= 1 - F_ne)
      *Z - well partition function square root
      dimension of the chemical subspace = 0
      isomers-to-bimolecular equilibrium coefficients (kappa matrix):
        W\P        P1        P2
         W1     0.991         0
         W2         0         1
      prompt isomerization/dissociation:
      W\W,P,E     Total        P1        P2
           W1         1     0.994    0.0093
           W2         1   2.5e-10      1.02

   MasterEquation::direct_diagonalization_method:  done, cpu time[sec] = 9.79, elapsed time[sec] = 1
   MasterEquation::direct_diagonalization_method:  starts
      Pressure = 100 atm	 Temperature = 1100 K
            Well    Collision, 1/sec
              W1            2.91e+11
              W2            2.91e+11
      global relaxation matrix dimension = 565
      setting global matrices ... done, cpu time[sec] = 0.05, elapsed time[sec] = 0
      diagonalizing global relaxation matrix ... done, cpu time[sec] = 2.77, elapsed time[sec] = 0
      microscopic rate coefficients (at reference energy) over collision frequency:
         W1<->W2
        2.24e+03
          W1->P1    W2->P2
        6.81e+04      10.4
      eigenvector populations normalized:
          L        *R        *P        W1        W2
          0     0.959         1         0         1
          1     0.987         1         0         1
      *R - eigenvalue over the relaxation limit
      *P - eigenvector projection squared on the relaxation subspace (= 1 -F_ne)
      eigenvector projections:
          L        *Q        *P        W1        W2
          0      10.8         1 -2.59e-08 -0.000134
          1      11.1         1  1.49e-08  8.59e-05
         *Z       ---       ---  7.12e+18  3.08e+24
      *Q - eigenvalue over the collision frequency in first well
      *P - eigenvector projection squared on the relaxation subspace (= 1 - F_ne)
      *Z - well partition function square root
      dimension of the chemical subspace = 0
      isomers-to-bimolecular equilibrium coefficients (kappa matrix):
        W\P        P1        P2
         W1     0.991         0
         W2         0         1
      prompt isomerization/dissociation:
      W\W,P,E     Total        P1        P2
           W1         1     0.994    0.0093
           W2         1   2.5e-10      1.02

   MasterEquation::direct_diagonalization_method:  done, cpu time[sec] = 7.46, elapsed time[sec] = 1
   MasterEquation::set:  starts
      C1: e = 44.3 kcal/mol, c = 30.2
      C2: e = 44.1 kcal/mol, c = 29.6
      B1: e = 48.5 kcal/mol, c = 32.2
      Temperature      = 1200 K
      Energy reference = 4.1e+04 1/cm
      Energy step      = 167 1/cm
      setting wells, barriers, and bimolecular starts
         W1 Well: thermal energy = 49.7 kcal/mol
         W1 Well: density of states done, elapsed time[sec] = 0
         W1 Well: collisional kernel bandwidth = 40
         W1 Well: collisional energy transfer kernel done, elapsed time[sec] = 0.01
         W1 Well: relaxation modes basis done, elapsed time[sec] = 0.02
         W1 Well: kernel in relaxation modes basis done, elapsed time[sec] = 0.28
         W1 Well: relaxation eigenvalues done, elapsed time[sec] = 0.2
         W1 Well: minimal relaxation eigenvalue = 0.0152
         W1 Well: maximal relaxation eigenvalue = 28
         W1 Well:       grid size = 247
         W1 Well:      real depth = -3 1/cm
         W1 Well: effective depth = -154 1/cm
         W2 Well: thermal energy = 53.1 kcal/mol
         W2 Well: density of states done, elapsed time[sec] = 0
         W2 Well: collisional kernel bandwidth = 40
         W2 Well: collisional energy transfer kernel done, elapsed time[sec] = 0.02
         W2 Well: relaxation modes basis done, elapsed time[sec] = 0.01
         W2 Well: kernel in relaxation modes basis done, elapsed time[sec] = 0.28
         W2 Well: relaxation eigenvalues done, elapsed time[sec] = 0.26
         W2 Well: minimal relaxation eigenvalue = 0.015
         W2 Well: maximal relaxation eigenvalue = 34.9
         W2 Well:       grid size = 326
         W2 Well:      real depth = -13255 1/cm
         W2 Well: effective depth = -13332 1/cm
         B1 Barrier:        grid size = 244
         B1 Barrier:      real height = 407 1/cm
         B1 Barrier: effective height = 345 1/cm
         C1 Barrier:        grid size = 247
         C1 Barrier:      real height = 0 1/cm
         C1 Barrier: effective height = -154 1/cm
         C2 Barrier:        grid size = 326
         C2 Barrier:      real height = -13246 1/cm
         C2 Barrier: effective height = -13332 1/cm
      setting wells, barriers, and bimolecular done, cpu time[sec] = 1.12, elapsed time[sec] = 0
      Bound Species (D1/D2 - density of states at dissociation energy (DE)/reference energy):
       Name  Depth     DE       *D1       *D2
              1/cm   1/cm        cm        cm
         W1   -154   -154       540  2.27e+28
         W2 -13332 -13332  9.65e+03  8.31e+35
      Well-to-Well Barriers (N - number of states at the reference energy):
       Name Height        *N
              1/cm          
         B1    346  5.06e+32
      Well-to-Bimolecular Barriers (N - number of states at the reference energy):
       Name Height        *N
              1/cm          
         C1   -154  1.29e+34
         C2 -13332  6.88e+37
      Effective equilibrium constants(bimolecular units - cm^3):
        Q/Q        W1        W2        P1        P2
         W1         1     2e-11  5.04e-24  3.16e-31
         W2     5e+10         1  2.52e-13  1.58e-20
         P1  1.98e+23  3.97e+12         1  6.26e-08
         P2  3.17e+30  6.34e+19   1.6e+07         1
      Real equilibrium constants(bimolecular units - cm^3):
        Q/Q        W1        W2        P1        P2
         W1         1  2.03e-11  3.82e-27  2.39e-34
         W2  4.94e+10         1  1.88e-16  1.18e-23
         P1  2.62e+26  5.31e+15         1  6.26e-08
         P2  4.18e+33  8.47e+22   1.6e+07         1
   MasterEquation::set:  done, cpu time[sec] = 1.59, elapsed time[sec] = 0
   MasterEquation::direct_diagonalization_method:  starts
      Pressure = 0.01 atm	 Temperature = 1200 K
            Well    Collision, 1/sec
              W1            2.75e+07
              W2            2.75e+07
      global relaxation matrix dimension = 573
      setting global matrices ... done, cpu time[sec] = 0.04, elapsed time[sec] = 0
      diagonalizing global relaxation matrix ... done, cpu time[sec] = 4.7, elapsed time[sec] = 0
      microscopic rate coefficients (at reference energy) over collision frequency:
         W1<->W2
        2.43e+07
          W1->P1    W2->P2
        6.18e+08  9.05e+04
      eigenvector populations normalized:
          L        *R        *P        W1        W2
          0     0.986         1         0         1
          1     0.993         1         0         1
      *R - eigenvalue over the relaxation limit
      *P - eigenvector projection squared on the relaxation subspace (= 1 -F_ne)
      eigenvector projections:
          L        *Q        *P        W1        W2
          0  9.05e+04         1 -1.29e-08 -5.56e-05
          1  9.11e+04         1  1.33e-08  5.86e-05
         *Z       ---       ---  3.44e+19  7.69e+24
      *Q - eigenvalue over the collision frequency in first well
      *P - eigenvector projection squared on the relaxation subspace (= 1 - F_ne)
      *Z - well partition function square root
      dimension of the chemical subspace = 0
      isomers-to-bimolecular equilibrium coefficients (kappa matrix):
        W\P        P1        P2
         W1     0.989         0
         W2         0         1
      prompt isomerization/dissociation:
      W\W,P,E     Total        P1        P2
           W1         1     0.992    0.0113
           W2         1  1.19e-09      1.02

   MasterEquation::direct_diagonalization_method:  done, cpu time[sec] = 8.86, elapsed time[sec] = 1
   MasterEquation::direct_diagonalization_method:  starts
      Pressure = 0.1 atm	 Temperature = 1200 K
            Well    Collision, 1/sec
              W1            2.75e+08
              W2            2.75e+08
      global relaxation matrix dimension = 573
      setting global matrices ... done, cpu time[sec] = 0.05, elapsed time[sec] = 0
      diagonalizing global relaxation matrix ... done, cpu time[sec] = 3.9, elapsed time[sec] = 0
      microscopic rate coefficients (at reference energy) over collision frequency:
         W1<->W2
        2.43e+06
          W1->P1    W2->P2
        6.18e+07  9.05e+03
      eigenvector populations normalized:
          L        *R        *P        W1        W2
          0     0.986         1         0         1
          1     0.993         1         0         1
      *R - eigenvalue over the relaxation limit
      *P - eigenvector projection squared on the relaxation subspace (= 1 -F_ne)
      eigenvector projections:
          L        *Q        *P        W1        W2
          0  9.05e+03         1 -1.29e-08 -5.57e-05
          1  9.11e+03         1 -1.33e-08 -5.87e-05
         *Z       ---       ---  3.44e+19  7.69e+24
      *Q - eigenvalue over the collision frequency in first well
      *P - eigenvector projection squared on the relaxation subspace (= 1 - F_ne)
      *Z - well partition function square root
      dimension of the chemical subspace = 0
      isomers-to-bimolecular equilibrium coefficients (kappa matrix):
        W\P        P1        P2
         W1     0.989         0
         W2         0         1
      prompt isomerization/dissociation:
      W\W,P,E     Total        P1        P2
           W1         1     0.992    0.0113
           W2         1  1.19e-09      1.02

   MasterEquation::direct_diagonalization_method:  done, cpu time[sec] = 7.63, elapsed time[sec] = 1
   MasterEquation::direct_diagonalization_method:  starts
      Pressure = 1 atm	 Temperature = 1200 K
            Well    Collision, 1/sec
              W1            2.75e+09
              W2            2.75e+09
      global relaxation matrix dimension = 573
      setting global matrices ... done, cpu time[sec] = 0.03, elapsed time[sec] = 0
      diagonalizing global relaxation matrix ... done, cpu time[sec] = 4.8, elapsed time[sec] = 0
      microscopic rate coefficients (at reference energy) over collision frequency:
         W1<->W2
        2.43e+05
          W1->P1    W2->P2
        6.18e+06       905
      eigenvector populations normalized:
          L        *R        *P        W1        W2
          0     0.986         1         0         1
          1     0.993         1         0         1
      *R - eigenvalue over the relaxation limit
      *P - eigenvector projection squared on the relaxation subspace (= 1 -F_ne)
      eigenvector projections:
          L        *Q        *P        W1        W2
          0       905         1 -1.33e-08 -5.75e-05
          1       912         1  1.35e-08  5.97e-05
         *Z       ---       ---  3.44e+19  7.69e+24
      *Q - eigenvalue over the collision frequency in first well
      *P - eigenvector projection squared on the relaxation subspace (= 1 - F_ne)
      *Z - well partition function square root
      dimension of the chemical subspace = 0
      isomers-to-bimolecular equilibrium coefficients (kappa matrix):
        W\P        P1        P2
         W1     0.989         0
         W2         0         1
      prompt isomerization/dissociation:
      W\W,P,E     Total        P1        P2
           W1         1     0.992    0.0113
           W2         1  1.19e-09      1.02

   MasterEquation::direct_diagonalization_method:  done, cpu time[sec] = 6.77, elapsed time[sec] = 0
   MasterEquation::direct_diagonalization_method:  starts
      Pressure = 10 atm	 Temperature = 1200 K
            Well    Collision, 1/sec
              W1            2.75e+10
              W2            2.75e+10
      global relaxation matrix dimension = 573
      setting global matrices ... done, cpu time[sec] = 0.03, elapsed time[sec] = 0
      diagonalizing global relaxation matrix ... done, cpu time[sec] = 5.36, elapsed time[sec] = 1
      microscopic rate coefficients (at reference energy) over collision frequency:
         W1<->W2
        2.43e+04
          W1->P1    W2->P2
        6.18e+05      90.5
      eigenvector populations normalized:
          L        *R        *P        W1        W2
          0     0.984         1         0         1
          1     0.992         1         0         1
      *R - eigenvalue over the relaxation limit
      *P - eigenvector projection squared on the relaxation subspace (= 1 -F_ne)
      eigenvector projections:
          L        *Q        *P        W1        W2
          0      90.9         1 -1.71e-08 -7.54e-05
          1      91.7         1  -1.5e-08 -6.77e-05
         *Z       ---       ---  3.44e+19  7.69e+24
      *Q - eigenvalue over the collision frequency in first well
      *P - eigenvector projection squared on the relaxation subspace (= 1 - F_ne)
      *Z - well partition function square root
      dimension of the chemical subspace = 0
      isomers-to-bimolecular equilibrium coefficients (kappa matrix):
        W\P        P1        P2
         W1     0.989         0
         W2         0         1
      prompt isomerization/dissociation:
      W\W,P,E     Total        P1        P2
           W1         1     0.992    0.0113
           W2         1  1.19e-09      1.02

   MasterEquation::direct_diagonalization_method:  done, cpu time[sec] = 7.47, elapsed time[sec] = 1
   MasterEquation::direct_diagonalization_method:  starts
      Pressure = 100 atm	 Temperature = 1200 K
            Well    Collision, 1/sec
              W1            2.75e+11
              W2            2.75e+11
      global relaxation matrix dimension = 573
      setting global matrices ... done, cpu time[sec] = 0.06, elapsed time[sec] = 0
      diagonalizing global relaxation matrix ... done, cpu time[sec] = 2.43, elapsed time[sec] = 0
      microscopic rate coefficients (at reference energy) over collision frequency:
         W1<->W2
        2.43e+03
          W1->P1    W2->P2
        6.18e+04      9.05
      eigenvector populations normalized:
          L        *R        *P        W1        W2
          0     0.954         1         0         1
          1     0.986         1         0         1
      *R - eigenvalue over the relaxation limit
      *P - eigenvector projection squared on the relaxation subspace (= 1 -F_ne)
      eigenvector projections:
          L        *Q        *P        W1        W2
          0      9.37         1 -4.19e-08 -0.000203
          1      9.69         1  2.52e-08  0.000138
         *Z       ---       ---  3.44e+19  7.69e+24
      *Q - eigenvalue over the collision frequency in first well
      *P - eigenvector projection squared on the relaxation subspace (= 1 - F_ne)
      *Z - well partition function square root
      dimension of the chemical subspace = 0
      isomers-to-bimolecular equilibrium coefficients (kappa matrix):
        W\P        P1        P2
         W1     0.989         0
         W2         0         1
      prompt isomerization/dissociation:
      W\W,P,E     Total        P1        P2
           W1         1     0.992    0.0113
           W2         1  1.19e-09      1.02

   MasterEquation::direct_diagonalization_method:  done, cpu time[sec] = 4.54, elapsed time[sec] = 1
   MasterEquation::set:  starts
      C1: e = 50.4 kcal/mol, c = 31.1
      C2: e = 50.1 kcal/mol, c = 30.6
      B1: e = 55 kcal/mol, c = 33.2
      Temperature      = 1300 K
      Energy reference = 4.57e+04 1/cm
      Energy step      = 181 1/cm
      setting wells, barriers, and bimolecular starts
         W1 Well: thermal energy = 56.5 kcal/mol
         W1 Well: density of states done, elapsed time[sec] = 0
         W1 Well: collisional kernel bandwidth = 39
         W1 Well: collisional energy transfer kernel done, elapsed time[sec] = 0.03
         W1 Well: relaxation modes basis done, elapsed time[sec] = 0.19
         W1 Well: kernel in relaxation modes basis done, elapsed time[sec] = 0.11
         W1 Well: relaxation eigenvalues done, elapsed time[sec] = 0.19
         W1 Well: minimal relaxation eigenvalue = 0.0139
         W1 Well: maximal relaxation eigenvalue = 18.6
         W1 Well:       grid size = 253
         W1 Well:      real depth = -3 1/cm
         W1 Well: effective depth = -57 1/cm
         W2 Well: thermal energy = 59.9 kcal/mol
         W2 Well: density of states done, elapsed time[sec] = 0
         W2 Well: collisional kernel bandwidth = 39
         W2 Well: collisional energy transfer kernel done, elapsed time[sec] = 0.03
         W2 Well: relaxation modes basis done, elapsed time[sec] = 0.01
         W2 Well: kernel in relaxation modes basis done, elapsed time[sec] = 0.44
         W2 Well: relaxation eigenvalues done, elapsed time[sec] = 0.5
         W2 Well: minimal relaxation eigenvalue = 0.0138
         W2 Well: maximal relaxation eigenvalue = 37.4
         W2 Well:       grid size = 327
         W2 Well:      real depth = -13255 1/cm
         W2 Well: effective depth = -13429 1/cm
         B1 Barrier:        grid size = 251
         B1 Barrier:      real height = 407 1/cm
         B1 Barrier: effective height = 304 1/cm
         C1 Barrier:        grid size = 253
         C1 Barrier:      real height = 0 1/cm
         C1 Barrier: effective height = -57 1/cm
         C2 Barrier:        grid size = 326
         C2 Barrier:      real height = -13246 1/cm
         C2 Barrier: effective height = -13249 1/cm
      setting wells, barriers, and bimolecular done, cpu time[sec] = 1.74, elapsed time[sec] = 0
      Bound Species (D1/D2 - density of states at dissociation energy (DE)/reference energy):
       Name  Depth     DE       *D1       *D2
              1/cm   1/cm        cm        cm
         W1    -57    -57  3.39e+03  4.28e+29
         W2 -13429 -13249       520  9.68e+36
      Well-to-Well Barriers (N - number of states at the reference energy):
       Name Height        *N
              1/cm          
         B1    305  9.67e+33
      Well-to-Bimolecular Barriers (N - number of states at the reference energy):
       Name Height        *N
              1/cm          
         C1    -57  2.09e+35
         C2 -13249  6.64e+38
      Effective equilibrium constants(bimolecular units - cm^3):
        Q/Q        W1        W2        P1        P2
         W1         1   6.1e-11  5.19e-24  1.12e-30
         W2  1.64e+10         1  8.52e-14  1.84e-20
         P1  1.93e+23  1.17e+13         1  2.16e-07
         P2  8.93e+29  5.45e+19  4.64e+06         1
      Real equilibrium constants(bimolecular units - cm^3):
        Q/Q        W1        W2        P1        P2
         W1         1  6.17e-11  4.26e-27  9.19e-34
         W2  1.62e+10         1   6.9e-17  1.49e-23
         P1  2.35e+26  1.45e+16         1  2.16e-07
         P2  1.09e+33  6.72e+22  4.64e+06         1
   MasterEquation::set:  done, cpu time[sec] = 2.33, elapsed time[sec] = 0
   MasterEquation::direct_diagonalization_method:  starts
      Pressure = 0.01 atm	 Temperature = 1300 K
            Well    Collision, 1/sec
              W1            2.61e+07
              W2            2.61e+07
      global relaxation matrix dimension = 580
      setting global matrices ... done, cpu time[sec] = 0.13, elapsed time[sec] = 0
      diagonalizing global relaxation matrix ... done, cpu time[sec] = 3.16, elapsed time[sec] = 0
      microscopic rate coefficients (at reference energy) over collision frequency:
         W1<->W2
         2.6e+07
          W1->P1    W2->P2
        5.61e+08  7.89e+04
      eigenvector populations normalized:
          L        *R        *P        W1        W2
          0   0.00047         1         0         1
          1     0.993         1         0         1
      *R - eigenvalue over the relaxation limit
      *P - eigenvector projection squared on the relaxation subspace (= 1 -F_ne)
      eigenvector projections:
          L        *Q        *P        W1        W2
          0      37.4         1  4.24e-19  7.97e-08
          1  7.89e+04         1   1.9e-08  7.56e-05
         *Z       ---       ---  1.51e+20  1.93e+25
      *Q - eigenvalue over the collision frequency in first well
      *P - eigenvector projection squared on the relaxation subspace (= 1 - F_ne)
      *Z - well partition function square root
      dimension of the chemical subspace = 0
      isomers-to-bimolecular equilibrium coefficients (kappa matrix):
        W\P        P1        P2
         W1     0.986         0
         W2         0         1
      prompt isomerization/dissociation:
      W\W,P,E     Total        P1        P2
           W1         1      0.99    0.0136
           W2         1  4.54e-09      1.02

   MasterEquation::direct_diagonalization_method:  done, cpu time[sec] = 5.25, elapsed time[sec] = 0
   MasterEquation::direct_diagonalization_method:  starts
      Pressure = 0.1 atm	 Temperature = 1300 K
            Well    Collision, 1/sec
              W1            2.61e+08
              W2            2.61e+08
      global relaxation matrix dimension = 580
      setting global matrices ... done, cpu time[sec] = 0.04, elapsed time[sec] = 0
      diagonalizing global relaxation matrix ... done, cpu time[sec] = 5, elapsed time[sec] = 1
      microscopic rate coefficients (at reference energy) over collision frequency:
         W1<->W2
         2.6e+06
          W1->P1    W2->P2
        5.61e+07  7.89e+03
      eigenvector populations normalized:
          L        *R        *P        W1        W2
          0    0.0047         1         0         1
          1     0.993         1         0         1
      *R - eigenvalue over the relaxation limit
      *P - eigenvector projection squared on the relaxation subspace (= 1 -F_ne)
      eigenvector projections:
          L        *Q        *P        W1        W2
          0      37.4         1 -6.41e-19  7.97e-08
          1  7.89e+03         1  -1.9e-08 -7.59e-05
         *Z       ---       ---  1.51e+20  1.93e+25
      *Q - eigenvalue over the collision frequency in first well
      *P - eigenvector projection squared on the relaxation subspace (= 1 - F_ne)
      *Z - well partition function square root
      dimension of the chemical subspace = 0
      isomers-to-bimolecular equilibrium coefficients (kappa matrix):
        W\P        P1        P2
         W1     0.986         0
         W2         0         1
      prompt isomerization/dissociation:
      W\W,P,E     Total        P1        P2
           W1         1      0.99    0.0136
           W2         1  4.54e-09      1.02

   MasterEquation::direct_diagonalization_method:  done, cpu time[sec] = 7.94, elapsed time[sec] = 1
   MasterEquation::direct_diagonalization_method:  starts
      Pressure = 1 atm	 Temperature = 1300 K
            Well    Collision, 1/sec
              W1            2.61e+09
              W2            2.61e+09
      global relaxation matrix dimension = 580
      setting global matrices ... done, cpu time[sec] = 0.06, elapsed time[sec] = 0
      diagonalizing global relaxation matrix ... done, cpu time[sec] = 3.84, elapsed time[sec] = 0
      microscopic rate coefficients (at reference energy) over collision frequency:
         W1<->W2
         2.6e+05
          W1->P1    W2->P2
        5.61e+06       789
      eigenvector populations normalized:
          L        *R        *P        W1        W2
          0     0.047         1         0         1
          1     0.993         1         0         1
      *R - eigenvalue over the relaxation limit
      *P - eigenvector projection squared on the relaxation subspace (= 1 -F_ne)
      eigenvector projections:
          L        *Q        *P        W1        W2
          0      37.4         1 -8.31e-20 -7.98e-08
          1       790         1 -1.97e-08 -7.86e-05
         *Z       ---       ---  1.51e+20  1.93e+25
      *Q - eigenvalue over the collision frequency in first well
      *P - eigenvector projection squared on the relaxation subspace (= 1 - F_ne)
      *Z - well partition function square root
      dimension of the chemical subspace = 0
      isomers-to-bimolecular equilibrium coefficients (kappa matrix):
        W\P        P1        P2
         W1     0.986         0
         W2         0         1
      prompt isomerization/dissociation:
      W\W,P,E     Total        P1        P2
           W1         1      0.99    0.0136
           W2         1  4.54e-09      1.02

   MasterEquation::direct_diagonalization_method:  done, cpu time[sec] = 7.28, elapsed time[sec] = 1
   MasterEquation::direct_diagonalization_method:  starts
      Pressure = 10 atm	 Temperature = 1300 K
            Well    Collision, 1/sec
              W1            2.61e+10
              W2            2.61e+10
      global relaxation matrix dimension = 580
      setting global matrices ... done, cpu time[sec] = 0.03, elapsed time[sec] = 0
      diagonalizing global relaxation matrix ... done, cpu time[sec] = 4.26, elapsed time[sec] = 0
      microscopic rate coefficients (at reference energy) over collision frequency:
         W1<->W2
         2.6e+04
          W1->P1    W2->P2
        5.61e+05      78.9
      eigenvector populations normalized:
          L        *R        *P        W1        W2
          0     0.467         1         0         1
          1     0.991         1         0         1
      *R - eigenvalue over the relaxation limit
      *P - eigenvector projection squared on the relaxation subspace (= 1 -F_ne)
      eigenvector projections:
          L        *Q        *P        W1        W2
          0      37.4         1 -6.69e-24 -8.01e-08
          1      79.4         1 -2.61e-08 -0.000106
         *Z       ---       ---  1.51e+20  1.93e+25
      *Q - eigenvalue over the collision frequency in first well
      *P - eigenvector projection squared on the relaxation subspace (= 1 - F_ne)
      *Z - well partition function square root
      dimension of the chemical subspace = 0
      isomers-to-bimolecular equilibrium coefficients (kappa matrix):
        W\P        P1        P2
         W1     0.986         0
         W2         0         1
      prompt isomerization/dissociation:
      W\W,P,E     Total        P1        P2
           W1         1      0.99    0.0136
           W2         1  4.54e-09      1.02

   MasterEquation::direct_diagonalization_method:  done, cpu time[sec] = 6.94, elapsed time[sec] = 1
   MasterEquation::direct_diagonalization_method:  starts
      Pressure = 100 atm	 Temperature = 1300 K
            Well    Collision, 1/sec
              W1            2.61e+11
              W2            2.61e+11
      global relaxation matrix dimension = 580
      setting global matrices ... done, cpu time[sec] = 0.05, elapsed time[sec] = 0
      diagonalizing global relaxation matrix ... done, cpu time[sec] = 5.01, elapsed time[sec] = 0
      microscopic rate coefficients (at reference energy) over collision frequency:
         W1<->W2
         2.6e+03
          W1->P1    W2->P2
        5.61e+04      7.89
      eigenvector populations normalized:
          L        *R        *P        W1        W2
          0     0.948         1         0         1
          1     0.984         1         0         1
      *R - eigenvalue over the relaxation limit
      *P - eigenvector projection squared on the relaxation subspace (= 1 -F_ne)
      eigenvector projections:
          L        *Q        *P        W1        W2
          0       8.2         1  6.43e-08  0.000288
          1      8.51         1 -4.11e-08 -0.000209
         *Z       ---       ---  1.51e+20  1.93e+25
      *Q - eigenvalue over the collision frequency in first well
      *P - eigenvector projection squared on the relaxation subspace (= 1 - F_ne)
      *Z - well partition function square root
      dimension of the chemical subspace = 0
      isomers-to-bimolecular equilibrium coefficients (kappa matrix):
        W\P        P1        P2
         W1     0.986         0
         W2         0         1
      prompt isomerization/dissociation:
      W\W,P,E     Total        P1        P2
           W1         1      0.99    0.0136
           W2         1  4.54e-09      1.02

   MasterEquation::direct_diagonalization_method:  done, cpu time[sec] = 7.36, elapsed time[sec] = 0
   MasterEquation::set:  starts
      C1: e = 56.7 kcal/mol, c = 32
      C2: e = 56.3 kcal/mol, c = 31.4
      B1: e = 61.7 kcal/mol, c = 34
      Temperature      = 1400 K
      Energy reference = 5.03e+04 1/cm
      Energy step      = 195 1/cm
      setting wells, barriers, and bimolecular starts
         W1 Well: thermal energy = 63.5 kcal/mol
         W1 Well: density of states done, elapsed time[sec] = 0
         W1 Well: collisional kernel bandwidth = 38
         W1 Well: collisional energy transfer kernel done, elapsed time[sec] = 0.03
         W1 Well: relaxation modes basis done, elapsed time[sec] = 0
         W1 Well: kernel in relaxation modes basis done, elapsed time[sec] = 0.42
         W1 Well: relaxation eigenvalues done, elapsed time[sec] = 0.59
         W1 Well: minimal relaxation eigenvalue = 0.0128
         W1 Well: maximal relaxation eigenvalue = 19.9
         W1 Well:       grid size = 259
         W1 Well:      real depth = -3 1/cm
         W1 Well: effective depth = -69 1/cm
         W2 Well: thermal energy = 66.9 kcal/mol
         W2 Well: density of states done, elapsed time[sec] = 0
         W2 Well: collisional kernel bandwidth = 38
         W2 Well: collisional energy transfer kernel done, elapsed time[sec] = 0.02
         W2 Well: relaxation modes basis done, elapsed time[sec] = 0.01
         W2 Well: kernel in relaxation modes basis done, elapsed time[sec] = 0.41
         W2 Well: relaxation eigenvalues done, elapsed time[sec] = 0.34
         W2 Well: minimal relaxation eigenvalue = 0.0127
         W2 Well: maximal relaxation eigenvalue = 32.6
         W2 Well:       grid size = 327
         W2 Well:      real depth = -13255 1/cm
         W2 Well: effective depth = -13303 1/cm
         B1 Barrier:        grid size = 257
         B1 Barrier:      real height = 407 1/cm
         B1 Barrier: effective height = 319 1/cm
         C1 Barrier:        grid size = 259
         C1 Barrier:      real height = 0 1/cm
         C1 Barrier: effective height = -69 1/cm
         C2 Barrier:        grid size = 327
         C2 Barrier:      real height = -13246 1/cm
         C2 Barrier: effective height = -13303 1/cm
      setting wells, barriers, and bimolecular done, cpu time[sec] = 2.08, elapsed time[sec] = 1
      Bound Species (D1/D2 - density of states at dissociation energy (DE)/reference energy):
       Name  Depth     DE       *D1       *D2
              1/cm   1/cm        cm        cm
         W1    -69    -69  3.43e+03  6.79e+30
         W2 -13303 -13303  3.16e+04  1.01e+38
      Well-to-Well Barriers (N - number of states at the reference energy):
       Name Height        *N
              1/cm          
         B1    320  1.55e+35
      Well-to-Bimolecular Barriers (N - number of states at the reference energy):
       Name Height        *N
              1/cm          
         C1    -69  2.87e+36
         C2 -13303  5.76e+39
      Effective equilibrium constants(bimolecular units - cm^3):
        Q/Q        W1        W2        P1        P2
         W1         1  1.58e-10  5.38e-24  3.36e-30
         W2  6.31e+09         1   3.4e-14  2.12e-20
         P1  1.86e+23  2.94e+13         1  6.24e-07
         P2  2.98e+29  4.72e+19   1.6e+06         1
      Real equilibrium constants(bimolecular units - cm^3):
        Q/Q        W1        W2        P1        P2
         W1         1   1.6e-10  4.76e-27  2.97e-33
         W2  6.24e+09         1  2.97e-17  1.85e-23
         P1   2.1e+26  3.37e+16         1  6.24e-07
         P2  3.37e+32   5.4e+22   1.6e+06         1
   MasterEquation::set:  done, cpu time[sec] = 2.61, elapsed time[sec] = 1
   MasterEquation::direct_diagonalization_method:  starts
      Pressure = 0.01 atm	 Temperature = 1400 K
            Well    Collision, 1/sec
              W1            2.48e+07
              W2            2.48e+07
      global relaxation matrix dimension = 586
      setting global matrices ... done, cpu time[sec] = 0.26, elapsed time[sec] = 0
      diagonalizing global relaxation matrix ... done, cpu time[sec] = 5.21, elapsed time[sec] = 0
      microscopic rate coefficients (at reference energy) over collision frequency:
         W1<->W2
        2.75e+07
          W1->P1    W2->P2
        5.11e+08  6.92e+04
      eigenvector populations normalized:
          L        *R        *P        W1        W2
          0     0.986         1         0         1
          1     0.993         1         0         1
      *R - eigenvalue over the relaxation limit
      *P - eigenvector projection squared on the relaxation subspace (= 1 -F_ne)
      eigenvector projections:
          L        *Q        *P        W1        W2
          0  6.92e+04         1  2.69e-08  9.81e-05
          1  6.97e+04         1 -2.77e-08 -0.000103
         *Z       ---       ---  6.03e+20  4.79e+25
      *Q - eigenvalue over the collision frequency in first well
      *P - eigenvector projection squared on the relaxation subspace (= 1 - F_ne)
      *Z - well partition function square root
      dimension of the chemical subspace = 0
      isomers-to-bimolecular equilibrium coefficients (kappa matrix):
        W\P        P1        P2
         W1     0.984         0
         W2         0         1
      prompt isomerization/dissociation:
      W\W,P,E     Total        P1        P2
           W1         1     0.987     0.016
           W2         1  1.45e-08      1.02

   MasterEquation::direct_diagonalization_method:  done, cpu time[sec] = 8.94, elapsed time[sec] = 1
   MasterEquation::direct_diagonalization_method:  starts
      Pressure = 0.1 atm	 Temperature = 1400 K
            Well    Collision, 1/sec
              W1            2.48e+08
              W2            2.48e+08
      global relaxation matrix dimension = 586
      setting global matrices ... done, cpu time[sec] = 0.05, elapsed time[sec] = 0
      diagonalizing global relaxation matrix ... done, cpu time[sec] = 5.17, elapsed time[sec] = 0
      microscopic rate coefficients (at reference energy) over collision frequency:
         W1<->W2
        2.75e+06
          W1->P1    W2->P2
        5.11e+07  6.92e+03
      eigenvector populations normalized:
          L        *R        *P        W1        W2
          0     0.986         1         0         1
          1     0.993         1         0         1
      *R - eigenvalue over the relaxation limit
      *P - eigenvector projection squared on the relaxation subspace (= 1 -F_ne)
      eigenvector projections:
          L        *Q        *P        W1        W2
          0  6.92e+03         1  -2.7e-08 -9.85e-05
          1  6.97e+03         1  2.78e-08  0.000104
         *Z       ---       ---  6.03e+20  4.79e+25
      *Q - eigenvalue over the collision frequency in first well
      *P - eigenvector projection squared on the relaxation subspace (= 1 - F_ne)
      *Z - well partition function square root
      dimension of the chemical subspace = 0
      isomers-to-bimolecular equilibrium coefficients (kappa matrix):
        W\P        P1        P2
         W1     0.984         0
         W2         0         1
      prompt isomerization/dissociation:
      W\W,P,E     Total        P1        P2
           W1         1     0.987     0.016
           W2         1  1.45e-08      1.02

   MasterEquation::direct_diagonalization_method:  done, cpu time[sec] = 7.75, elapsed time[sec] = 0
   MasterEquation::direct_diagonalization_method:  starts
      Pressure = 1 atm	 Temperature = 1400 K
            Well    Collision, 1/sec
              W1            2.48e+09
              W2            2.48e+09
      global relaxation matrix dimension = 586
      setting global matrices ... done, cpu time[sec] = 0.04, elapsed time[sec] = 0
      diagonalizing global relaxation matrix ... done, cpu time[sec] = 7.19, elapsed time[sec] = 1
      microscopic rate coefficients (at reference energy) over collision frequency:
         W1<->W2
        2.75e+05
          W1->P1    W2->P2
        5.11e+06       692
      eigenvector populations normalized:
          L        *R        *P        W1        W2
          0     0.985         1         0         1
          1     0.993         1         0         1
      *R - eigenvalue over the relaxation limit
      *P - eigenvector projection squared on the relaxation subspace (= 1 -F_ne)
      eigenvector projections:
          L        *Q        *P        W1        W2
          0       693         1   2.8e-08  0.000102
          1       698         1 -2.82e-08 -0.000106
         *Z       ---       ---  6.03e+20  4.79e+25
      *Q - eigenvalue over the collision frequency in first well
      *P - eigenvector projection squared on the relaxation subspace (= 1 - F_ne)
      *Z - well partition function square root
      dimension of the chemical subspace = 0
      isomers-to-bimolecular equilibrium coefficients (kappa matrix):
        W\P        P1        P2
         W1     0.984         0
         W2         0         1
      prompt isomerization/dissociation:
      W\W,P,E     Total        P1        P2
           W1         1     0.987     0.016
           W2         1  1.45e-08      1.02

   MasterEquation::direct_diagonalization_method:  done, cpu time[sec] = 11.2, elapsed time[sec] = 1
   MasterEquation::direct_diagonalization_method:  starts
      Pressure = 10 atm	 Temperature = 1400 K
            Well    Collision, 1/sec
              W1            2.48e+10
              W2            2.48e+10
      global relaxation matrix dimension = 586
      setting global matrices ... done, cpu time[sec] = 0.12, elapsed time[sec] = 1
      diagonalizing global relaxation matrix ... done, cpu time[sec] = 4.79, elapsed time[sec] = 0
      microscopic rate coefficients (at reference energy) over collision frequency:
         W1<->W2
        2.75e+04
          W1->P1    W2->P2
        5.11e+05      69.2
      eigenvector populations normalized:
          L        *R        *P        W1        W2
          0     0.983         1         0         1
          1     0.992         1         0         1
      *R - eigenvalue over the relaxation limit
      *P - eigenvector projection squared on the relaxation subspace (= 1 -F_ne)
      eigenvector projections:
          L        *Q        *P        W1        W2
          0      69.7         1 -3.84e-08 -0.000143
          1      70.3         1   3.2e-08  0.000122
         *Z       ---       ---  6.03e+20  4.79e+25
      *Q - eigenvalue over the collision frequency in first well
      *P - eigenvector projection squared on the relaxation subspace (= 1 - F_ne)
      *Z - well partition function square root
      dimension of the chemical subspace = 0
      isomers-to-bimolecular equilibrium coefficients (kappa matrix):
        W\P        P1        P2
         W1     0.984         0
         W2         0         1
      prompt isomerization/dissociation:
      W\W,P,E     Total        P1        P2
           W1         1     0.987     0.016
           W2         1  1.45e-08      1.02

   MasterEquation::direct_diagonalization_method:  done, cpu time[sec] = 8.48, elapsed time[sec] = 1
   MasterEquation::direct_diagonalization_method:  starts
      Pressure = 100 atm	 Temperature = 1400 K
            Well    Collision, 1/sec
              W1            2.48e+11
              W2            2.48e+11
      global relaxation matrix dimension = 586
      setting global matrices ... done, cpu time[sec] = 0.04, elapsed time[sec] = 0
      diagonalizing global relaxation matrix ... done, cpu time[sec] = 7.03, elapsed time[sec] = 1
      microscopic rate coefficients (at reference energy) over collision frequency:
         W1<->W2
        2.75e+03
          W1->P1    W2->P2
        5.11e+04      6.92
      eigenvector populations normalized:
          L        *R        *P        W1        W2
          0     0.941         1         0         1
          1     0.982         1         0         1
      *R - eigenvalue over the relaxation limit
      *P - eigenvector projection squared on the relaxation subspace (= 1 -F_ne)
      eigenvector projections:
          L        *Q        *P        W1        W2
          0      7.21         1  9.48e-08  0.000388
          1      7.52         1 -6.46e-08 -0.000303
         *Z       ---       ---  6.03e+20  4.79e+25
      *Q - eigenvalue over the collision frequency in first well
      *P - eigenvector projection squared on the relaxation subspace (= 1 - F_ne)
      *Z - well partition function square root
      dimension of the chemical subspace = 0
      isomers-to-bimolecular equilibrium coefficients (kappa matrix):
        W\P        P1        P2
         W1     0.984         0
         W2         0         1
      prompt isomerization/dissociation:
      W\W,P,E     Total        P1        P2
           W1         1     0.987     0.016
           W2         1  1.45e-08      1.02

   MasterEquation::direct_diagonalization_method:  done, cpu time[sec] = 10.5, elapsed time[sec] = 2
   MasterEquation::set:  starts
      C1: e = 63.1 kcal/mol, c = 32.7
      C2: e = 62.5 kcal/mol, c = 32.1
      B1: e = 68.5 kcal/mol, c = 34.7
      Temperature      = 1500 K
      Energy reference = 5.51e+04 1/cm
      Energy step      = 209 1/cm
      setting wells, barriers, and bimolecular starts
         W1 Well: thermal energy = 70.6 kcal/mol
         W1 Well: density of states done, elapsed time[sec] = 0
         W1 Well: collisional kernel bandwidth = 36
         W1 Well: collisional energy transfer kernel done, elapsed time[sec] = 0.01
         W1 Well: relaxation modes basis done, elapsed time[sec] = 0.01
         W1 Well: kernel in relaxation modes basis done, elapsed time[sec] = 0.18
         W1 Well: relaxation eigenvalues done, elapsed time[sec] = 0.17
         W1 Well: minimal relaxation eigenvalue = 0.0118
         W1 Well: maximal relaxation eigenvalue = 29.3
         W1 Well:       grid size = 265
         W1 Well:      real depth = -3 1/cm
         W1 Well: effective depth = -201 1/cm
         W2 Well: thermal energy = 74 kcal/mol
         W2 Well: density of states done, elapsed time[sec] = 0
         W2 Well: collisional kernel bandwidth = 36
         W2 Well: collisional energy transfer kernel done, elapsed time[sec] = 0.01
         W2 Well: relaxation modes basis done, elapsed time[sec] = 0.01
         W2 Well: kernel in relaxation modes basis done, elapsed time[sec] = 0.29
         W2 Well: relaxation eigenvalues done, elapsed time[sec] = 0.42
         W2 Well: minimal relaxation eigenvalue = 0.0118
         W2 Well: maximal relaxation eigenvalue = 32
         W2 Well:       grid size = 328
         W2 Well:      real depth = -13255 1/cm
         W2 Well: effective depth = -13337 1/cm
         B1 Barrier:        grid size = 263
         B1 Barrier:      real height = 407 1/cm
         B1 Barrier: effective height = 215 1/cm
         C1 Barrier:        grid size = 265
         C1 Barrier:      real height = 0 1/cm
         C1 Barrier: effective height = -201 1/cm
         C2 Barrier:        grid size = 328
         C2 Barrier:      real height = -13246 1/cm
         C2 Barrier: effective height = -13337 1/cm
      setting wells, barriers, and bimolecular done, cpu time[sec] = 1.15, elapsed time[sec] = 0
      Bound Species (D1/D2 - density of states at dissociation energy (DE)/reference energy):
       Name  Depth     DE       *D1       *D2
              1/cm   1/cm        cm        cm
         W1   -201   -201       445  9.22e+31
         W2 -13337 -13337  2.15e+04  9.38e+38
      Well-to-Well Barriers (N - number of states at the reference energy):
       Name Height        *N
              1/cm          
         B1    216  2.11e+36
      Well-to-Bimolecular Barriers (N - number of states at the reference energy):
       Name Height        *N
              1/cm          
         C1   -201   3.4e+37
         C2 -13337  4.53e+40
      Effective equilibrium constants(bimolecular units - cm^3):
        Q/Q        W1        W2        P1        P2
         W1         1  3.62e-10   5.6e-24   8.8e-30
         W2  2.76e+09         1  1.55e-14  2.43e-20
         P1  1.78e+23  6.46e+13         1  1.57e-06
         P2  1.14e+29  4.12e+19  6.37e+05         1
      Real equilibrium constants(bimolecular units - cm^3):
        Q/Q        W1        W2        P1        P2
         W1         1  3.67e-10  5.31e-27  8.33e-33
         W2  2.73e+09         1  1.45e-17  2.27e-23
         P1  1.88e+26  6.91e+16         1  1.57e-06
         P2   1.2e+32   4.4e+22  6.37e+05         1
   MasterEquation::set:  done, cpu time[sec] = 1.61, elapsed time[sec] = 0
   MasterEquation::direct_diagonalization_method:  starts
      Pressure = 0.01 atm	 Temperature = 1500 K
            Well    Collision, 1/sec
              W1            2.37e+07
              W2            2.37e+07
      global relaxation matrix dimension = 593
      setting global matrices ... done, cpu time[sec] = 0.23, elapsed time[sec] = 0
      diagonalizing global relaxation matrix ... done, cpu time[sec] = 4.38, elapsed time[sec] = 0
      microscopic rate coefficients (at reference energy) over collision frequency:
         W1<->W2
        2.89e+07
          W1->P1    W2->P2
        4.67e+08   6.1e+04
      eigenvector populations normalized:
          L        *R        *P        W1        W2
          0     0.985         1         0         1
          1     0.993         1         0         1
      *R - eigenvalue over the relaxation limit
      *P - eigenvector projection squared on the relaxation subspace (= 1 -F_ne)
      eigenvector projections:
          L        *Q        *P        W1        W2
          0   6.1e+04         1 -3.69e-08 -0.000123
          1  6.15e+04         1   3.8e-08  0.000129
         *Z       ---       ---  2.23e+21  1.17e+26
      *Q - eigenvalue over the collision frequency in first well
      *P - eigenvector projection squared on the relaxation subspace (= 1 - F_ne)
      *Z - well partition function square root
      dimension of the chemical subspace = 0
      isomers-to-bimolecular equilibrium coefficients (kappa matrix):
        W\P        P1        P2
         W1     0.981         0
         W2         0         1
      prompt isomerization/dissociation:
      W\W,P,E     Total        P1        P2
           W1         1     0.985    0.0186
           W2         1  3.99e-08      1.02

   MasterEquation::direct_diagonalization_method:  done, cpu time[sec] = 8.03, elapsed time[sec] = 1
   MasterEquation::direct_diagonalization_method:  starts
      Pressure = 0.1 atm	 Temperature = 1500 K
            Well    Collision, 1/sec
              W1            2.37e+08
              W2            2.37e+08
      global relaxation matrix dimension = 593
      setting global matrices ... done, cpu time[sec] = 0.13, elapsed time[sec] = 0
      diagonalizing global relaxation matrix ... done, cpu time[sec] = 5.94, elapsed time[sec] = 0
      microscopic rate coefficients (at reference energy) over collision frequency:
         W1<->W2
        2.89e+06
          W1->P1    W2->P2
        4.67e+07   6.1e+03
      eigenvector populations normalized:
          L        *R        *P        W1        W2
          0     0.985         1         0         1
          1     0.993         1         0         1
      *R - eigenvalue over the relaxation limit
      *P - eigenvector projection squared on the relaxation subspace (= 1 -F_ne)
      eigenvector projections:
          L        *Q        *P        W1        W2
          0   6.1e+03         1  -3.7e-08 -0.000123
          1  6.15e+03         1 -3.81e-08 -0.000129
         *Z       ---       ---  2.23e+21  1.17e+26
      *Q - eigenvalue over the collision frequency in first well
      *P - eigenvector projection squared on the relaxation subspace (= 1 - F_ne)
      *Z - well partition function square root
      dimension of the chemical subspace = 0
      isomers-to-bimolecular equilibrium coefficients (kappa matrix):
        W\P        P1        P2
         W1     0.981         0
         W2         0         1
      prompt isomerization/dissociation:
      W\W,P,E     Total        P1        P2
           W1         1     0.985    0.0186
           W2         1  3.99e-08      1.02

   MasterEquation::direct_diagonalization_method:  done, cpu time[sec] = 9.75, elapsed time[sec] = 1
   MasterEquation::direct_diagonalization_method:  starts
      Pressure = 1 atm	 Temperature = 1500 K
            Well    Collision, 1/sec
              W1            2.37e+09
              W2            2.37e+09
      global relaxation matrix dimension = 593
      setting global matrices ... done, cpu time[sec] = 0.05, elapsed time[sec] = 0
      diagonalizing global relaxation matrix ... done, cpu time[sec] = 5.63, elapsed time[sec] = 0
      microscopic rate coefficients (at reference energy) over collision frequency:
         W1<->W2
        2.89e+05
          W1->P1    W2->P2
        4.67e+06       610
      eigenvector populations normalized:
          L        *R        *P        W1        W2
          0     0.985         1         0         1
          1     0.993         1         0         1
      *R - eigenvalue over the relaxation limit
      *P - eigenvector projection squared on the relaxation subspace (= 1 -F_ne)
      eigenvector projections:
          L        *Q        *P        W1        W2
          0       611         1 -3.86e-08 -0.000129
          1       615         1  3.88e-08  0.000132
         *Z       ---       ---  2.23e+21  1.17e+26
      *Q - eigenvalue over the collision frequency in first well
      *P - eigenvector projection squared on the relaxation subspace (= 1 - F_ne)
      *Z - well partition function square root
      dimension of the chemical subspace = 0
      isomers-to-bimolecular equilibrium coefficients (kappa matrix):
        W\P        P1        P2
         W1     0.981         0
         W2         0         1
      prompt isomerization/dissociation:
      W\W,P,E     Total        P1        P2
           W1         1     0.985    0.0186
           W2         1  3.99e-08      1.02

   MasterEquation::direct_diagonalization_method:  done, cpu time[sec] = 9.25, elapsed time[sec] = 1
   MasterEquation::direct_diagonalization_method:  starts
      Pressure = 10 atm	 Temperature = 1500 K
            Well    Collision, 1/sec
              W1            2.37e+10
              W2            2.37e+10
      global relaxation matrix dimension = 593
      setting global matrices ... done, cpu time[sec] = 0.04, elapsed time[sec] = 0
      diagonalizing global relaxation matrix ... done, cpu time[sec] = 6.87, elapsed time[sec] = 0
      microscopic rate coefficients (at reference energy) over collision frequency:
         W1<->W2
        2.89e+04
          W1->P1    W2->P2
        4.67e+05        61
      eigenvector populations normalized:
          L        *R        *P        W1        W2
          0     0.982         1         0         1
          1     0.991         1         0         1
      *R - eigenvalue over the relaxation limit
      *P - eigenvector projection squared on the relaxation subspace (= 1 -F_ne)
      eigenvector projections:
          L        *Q        *P        W1        W2
          0      61.5         1 -5.46e-08 -0.000185
          1      62.1         1 -4.43e-08 -0.000155
         *Z       ---       ---  2.23e+21  1.17e+26
      *Q - eigenvalue over the collision frequency in first well
      *P - eigenvector projection squared on the relaxation subspace (= 1 - F_ne)
      *Z - well partition function square root
      dimension of the chemical subspace = 0
      isomers-to-bimolecular equilibrium coefficients (kappa matrix):
        W\P        P1        P2
         W1     0.981         0
         W2         0         1
      prompt isomerization/dissociation:
      W\W,P,E     Total        P1        P2
           W1         1     0.985    0.0186
           W2         1  3.99e-08      1.02

   MasterEquation::direct_diagonalization_method:  done, cpu time[sec] = 10.7, elapsed time[sec] = 1
   MasterEquation::direct_diagonalization_method:  starts
      Pressure = 100 atm	 Temperature = 1500 K
            Well    Collision, 1/sec
              W1            2.37e+11
              W2            2.37e+11
      global relaxation matrix dimension = 593
      setting global matrices ... done, cpu time[sec] = 0.04, elapsed time[sec] = 0
      diagonalizing global relaxation matrix ... done, cpu time[sec] = 9.04, elapsed time[sec] = 1
      microscopic rate coefficients (at reference energy) over collision frequency:
         W1<->W2
        2.89e+03
          W1->P1    W2->P2
        4.67e+04       6.1
      eigenvector populations normalized:
          L        *R        *P        W1        W2
          0     0.935         1         0         1
          1      0.98         1         0         1
      *R - eigenvalue over the relaxation limit
      *P - eigenvector projection squared on the relaxation subspace (= 1 -F_ne)
      eigenvector projections:
          L        *Q        *P        W1        W2
          0      6.37         1 -1.35e-07 -0.000503
          1      6.68         1 -9.82e-08 -0.000423
         *Z       ---       ---  2.23e+21  1.17e+26
      *Q - eigenvalue over the collision frequency in first well
      *P - eigenvector projection squared on the relaxation subspace (= 1 - F_ne)
      *Z - well partition function square root
      dimension of the chemical subspace = 0
      isomers-to-bimolecular equilibrium coefficients (kappa matrix):
        W\P        P1        P2
         W1     0.981         0
         W2         0         1
      prompt isomerization/dissociation:
      W\W,P,E     Total        P1        P2
           W1         1     0.985    0.0186
           W2         1  3.99e-08      1.02

   MasterEquation::direct_diagonalization_method:  done, cpu time[sec] = 13, elapsed time[sec] = 1
   MasterEquation::set:  starts
      C1: e = 69.6 kcal/mol, c = 33.3
      C2: e = 69 kcal/mol, c = 32.7
      B1: e = 75.4 kcal/mol, c = 35.3
      Temperature      = 1600 K
      Energy reference = 5.98e+04 1/cm
      Energy step      = 222 1/cm
      setting wells, barriers, and bimolecular starts
         W1 Well: thermal energy = 77.9 kcal/mol
         W1 Well: density of states done, elapsed time[sec] = 0
         W1 Well: collisional kernel bandwidth = 35
         W1 Well: collisional energy transfer kernel done, elapsed time[sec] = 0.01
         W1 Well: relaxation modes basis done, elapsed time[sec] = 0.01
         W1 Well: kernel in relaxation modes basis done, elapsed time[sec] = 0.22
         W1 Well: relaxation eigenvalues done, elapsed time[sec] = 0.16
         W1 Well: minimal relaxation eigenvalue = 0.011
         W1 Well: maximal relaxation eigenvalue = 19.8
         W1 Well:       grid size = 269
         W1 Well:      real depth = -3 1/cm
         W1 Well: effective depth = -12 1/cm
         W2 Well: thermal energy = 81.3 kcal/mol
         W2 Well: density of states done, elapsed time[sec] = 0
         W2 Well: collisional kernel bandwidth = 35
         W2 Well: collisional energy transfer kernel done, elapsed time[sec] = 0.02
         W2 Well: relaxation modes basis done, elapsed time[sec] = 0.01
         W2 Well: kernel in relaxation modes basis done, elapsed time[sec] = 0.37
         W2 Well: relaxation eigenvalues done, elapsed time[sec] = 0.66
         W2 Well: minimal relaxation eigenvalue = 0.011
         W2 Well: maximal relaxation eigenvalue = 31.7
         W2 Well:       grid size = 329
         W2 Well:      real depth = -13255 1/cm
         W2 Well: effective depth = -13357 1/cm
         B1 Barrier:        grid size = 268
         B1 Barrier:      real height = 407 1/cm
         B1 Barrier: effective height = 209 1/cm
         C1 Barrier:        grid size = 269
         C1 Barrier:      real height = 0 1/cm
         C1 Barrier: effective height = -12 1/cm
         C2 Barrier:        grid size = 329
         C2 Barrier:      real height = -13246 1/cm
         C2 Barrier: effective height = -13357 1/cm
      setting wells, barriers, and bimolecular done, cpu time[sec] = 1.69, elapsed time[sec] = 0
      Bound Species (D1/D2 - density of states at dissociation energy (DE)/reference energy):
       Name  Depth     DE       *D1       *D2
              1/cm   1/cm        cm        cm
         W1    -12    -12  6.61e+03  1.09e+33
         W2 -13357 -13357  1.88e+04  7.94e+39
      Well-to-Well Barriers (N - number of states at the reference energy):
       Name Height        *N
              1/cm          
         B1    210  2.49e+37
      Well-to-Bimolecular Barriers (N - number of states at the reference energy):
       Name Height        *N
              1/cm          
         C1    -12  3.53e+38
         C2 -13357  3.25e+41
      Effective equilibrium constants(bimolecular units - cm^3):
        Q/Q        W1        W2        P1        P2
         W1         1  7.47e-10  5.85e-24  2.07e-29
         W2  1.34e+09         1  7.83e-15  2.77e-20
         P1  1.71e+23  1.28e+14         1  3.53e-06
         P2  4.84e+28  3.62e+19  2.83e+05         1
      Real equilibrium constants(bimolecular units - cm^3):
        Q/Q        W1        W2        P1        P2
         W1         1  7.56e-10  5.91e-27  2.09e-32
         W2  1.32e+09         1  7.81e-18  2.76e-23
         P1  1.69e+26  1.28e+17         1  3.53e-06
         P2  4.79e+31  3.62e+22  2.83e+05         1
   MasterEquation::set:  done, cpu time[sec] = 2.19, elapsed time[sec] = 0
   MasterEquation::direct_diagonalization_method:  starts
      Pressure = 0.01 atm	 Temperature = 1600 K
            Well    Collision, 1/sec
              W1            2.28e+07
              W2            2.28e+07
      global relaxation matrix dimension = 598
      setting global matrices ... done, cpu time[sec] = 0.22, elapsed time[sec] = 0
      diagonalizing global relaxation matrix ... done, cpu time[sec] = 7.27, elapsed time[sec] = 1
      microscopic rate coefficients (at reference energy) over collision frequency:
         W1<->W2
        3.01e+07
          W1->P1    W2->P2
        4.27e+08   5.4e+04
      eigenvector populations normalized:
          L        *R        *P        W1        W2
          0     0.985         1         0         1
          1     0.993         1         0         1
      *R - eigenvalue over the relaxation limit
      *P - eigenvector projection squared on the relaxation subspace (= 1 -F_ne)
      eigenvector projections:
          L        *Q        *P        W1        W2
          0   5.4e+04         1  4.91e-08  0.000149
          1  5.44e+04         1 -5.06e-08 -0.000156
         *Z       ---       ---  7.69e+21  2.81e+26
      *Q - eigenvalue over the collision frequency in first well
      *P - eigenvector projection squared on the relaxation subspace (= 1 - F_ne)
      *Z - well partition function square root
      dimension of the chemical subspace = 0
      isomers-to-bimolecular equilibrium coefficients (kappa matrix):
        W\P        P1        P2
         W1     0.979         0
         W2         0         1
      prompt isomerization/dissociation:
      W\W,P,E     Total        P1        P2
           W1         1     0.982    0.0214
           W2         1  9.78e-08      1.02

   MasterEquation::direct_diagonalization_method:  done, cpu time[sec] = 13.3, elapsed time[sec] = 2
   MasterEquation::direct_diagonalization_method:  starts
      Pressure = 0.1 atm	 Temperature = 1600 K
            Well    Collision, 1/sec
              W1            2.28e+08
              W2            2.28e+08
      global relaxation matrix dimension = 598
      setting global matrices ... done, cpu time[sec] = 0.06, elapsed time[sec] = 0
      diagonalizing global relaxation matrix ... done, cpu time[sec] = 6.66, elapsed time[sec] = 0
      microscopic rate coefficients (at reference energy) over collision frequency:
         W1<->W2
        3.01e+06
          W1->P1    W2->P2
        4.27e+07   5.4e+03
      eigenvector populations normalized:
          L        *R        *P        W1        W2
          0     0.985         1         0         1
          1     0.993         1         0         1
      *R - eigenvalue over the relaxation limit
      *P - eigenvector projection squared on the relaxation subspace (= 1 -F_ne)
      eigenvector projections:
          L        *Q        *P        W1        W2
          0   5.4e+03         1  4.93e-08  0.000149
          1  5.44e+03         1 -5.07e-08 -0.000157
         *Z       ---       ---  7.69e+21  2.81e+26
      *Q - eigenvalue over the collision frequency in first well
      *P - eigenvector projection squared on the relaxation subspace (= 1 - F_ne)
      *Z - well partition function square root
      dimension of the chemical subspace = 0
      isomers-to-bimolecular equilibrium coefficients (kappa matrix):
        W\P        P1        P2
         W1     0.979         0
         W2         0         1
      prompt isomerization/dissociation:
      W\W,P,E     Total        P1        P2
           W1         1     0.982    0.0214
           W2         1  9.78e-08      1.02

   MasterEquation::direct_diagonalization_method:  done, cpu time[sec] = 11.1, elapsed time[sec] = 1
   MasterEquation::direct_diagonalization_method:  starts
      Pressure = 1 atm	 Temperature = 1600 K
            Well    Collision, 1/sec
              W1            2.28e+09
              W2            2.28e+09
      global relaxation matrix dimension = 598
      setting global matrices ... done, cpu time[sec] = 0.04, elapsed time[sec] = 0
      diagonalizing global relaxation matrix ... done, cpu time[sec] = 7.87, elapsed time[sec] = 1
      microscopic rate coefficients (at reference energy) over collision frequency:
         W1<->W2
        3.01e+05
          W1->P1    W2->P2
        4.27e+06       540
      eigenvector populations normalized:
          L        *R        *P        W1        W2
          0     0.985         1         0         1
          1     0.992         1         0         1
      *R - eigenvalue over the relaxation limit
      *P - eigenvector projection squared on the relaxation subspace (= 1 -F_ne)
      eigenvector projections:
          L        *Q        *P        W1        W2
          0       541         1 -5.17e-08 -0.000157
          1       545         1 -5.18e-08 -0.000161
         *Z       ---       ---  7.69e+21  2.81e+26
      *Q - eigenvalue over the collision frequency in first well
      *P - eigenvector projection squared on the relaxation subspace (= 1 - F_ne)
      *Z - well partition function square root
      dimension of the chemical subspace = 0
      isomers-to-bimolecular equilibrium coefficients (kappa matrix):
        W\P        P1        P2
         W1     0.979         0
         W2         0         1
      prompt isomerization/dissociation:
      W\W,P,E     Total        P1        P2
           W1         1     0.982    0.0214
           W2         1  9.78e-08      1.02

   MasterEquation::direct_diagonalization_method:  done, cpu time[sec] = 12.5, elapsed time[sec] = 1
   MasterEquation::direct_diagonalization_method:  starts
      Pressure = 10 atm	 Temperature = 1600 K
            Well    Collision, 1/sec
              W1            2.28e+10
              W2            2.28e+10
      global relaxation matrix dimension = 598
      setting global matrices ... done, cpu time[sec] = 0.05, elapsed time[sec] = 0
      diagonalizing global relaxation matrix ... done, cpu time[sec] = 7.61, elapsed time[sec] = 1
      microscopic rate coefficients (at reference energy) over collision frequency:
         W1<->W2
        3.01e+04
          W1->P1    W2->P2
        4.27e+05        54
      eigenvector populations normalized:
          L        *R        *P        W1        W2
          0     0.981         1         0         1
          1     0.991         1         0         1
      *R - eigenvalue over the relaxation limit
      *P - eigenvector projection squared on the relaxation subspace (= 1 -F_ne)
      eigenvector projections:
          L        *Q        *P        W1        W2
          0      54.5         1 -7.55e-08 -0.000233
          1        55         1 -5.97e-08  -0.00019
         *Z       ---       ---  7.69e+21  2.81e+26
      *Q - eigenvalue over the collision frequency in first well
      *P - eigenvector projection squared on the relaxation subspace (= 1 - F_ne)
      *Z - well partition function square root
      dimension of the chemical subspace = 0
      isomers-to-bimolecular equilibrium coefficients (kappa matrix):
        W\P        P1        P2
         W1     0.979         0
         W2         0         1
      prompt isomerization/dissociation:
      W\W,P,E     Total        P1        P2
           W1         1     0.982    0.0214
           W2         1  9.78e-08      1.02

   MasterEquation::direct_diagonalization_method:  done, cpu time[sec] = 10.3, elapsed time[sec] = 1
   MasterEquation::direct_diagonalization_method:  starts
      Pressure = 100 atm	 Temperature = 1600 K
            Well    Collision, 1/sec
              W1            2.28e+11
              W2            2.28e+11
      global relaxation matrix dimension = 598
      setting global matrices ... done, cpu time[sec] = 0.21, elapsed time[sec] = 0
      diagonalizing global relaxation matrix ... done, cpu time[sec] = 3.04, elapsed time[sec] = 1
      microscopic rate coefficients (at reference energy) over collision frequency:
         W1<->W2
        3.01e+03
          W1->P1    W2->P2
        4.27e+04       5.4
      eigenvector populations normalized:
          L        *R        *P        W1        W2
          0     0.928         1         0         1
          1     0.978         1         0         1
      *R - eigenvalue over the relaxation limit
      *P - eigenvector projection squared on the relaxation subspace (= 1 -F_ne)
      eigenvector projections:
          L        *Q        *P        W1        W2
          0      5.65         1  1.86e-07  0.000631
          1      5.96         1  1.44e-07  0.000568
         *Z       ---       ---  7.69e+21  2.81e+26
      *Q - eigenvalue over the collision frequency in first well
      *P - eigenvector projection squared on the relaxation subspace (= 1 - F_ne)
      *Z - well partition function square root
      dimension of the chemical subspace = 0
      isomers-to-bimolecular equilibrium coefficients (kappa matrix):
        W\P        P1        P2
         W1     0.979         0
         W2         0         1
      prompt isomerization/dissociation:
      W\W,P,E     Total        P1        P2
           W1         1     0.982    0.0214
           W2         1  9.78e-08      1.02

   MasterEquation::direct_diagonalization_method:  done, cpu time[sec] = 6.06, elapsed time[sec] = 1
   MasterEquation::set:  starts
      C1: e = 76.3 kcal/mol, c = 33.9
      C2: e = 75.5 kcal/mol, c = 33.3
      B1: e = 82.4 kcal/mol, c = 35.9
      Temperature      = 1700 K
      Energy reference = 6.46e+04 1/cm
      Energy step      = 236 1/cm
      setting wells, barriers, and bimolecular starts
         W1 Well: thermal energy = 85.3 kcal/mol
         W1 Well: density of states done, elapsed time[sec] = 0
         W1 Well: collisional kernel bandwidth = 34
         W1 Well: collisional energy transfer kernel done, elapsed time[sec] = 0.01
         W1 Well: relaxation modes basis done, elapsed time[sec] = 0
         W1 Well: kernel in relaxation modes basis done, elapsed time[sec] = 0.23
         W1 Well: relaxation eigenvalues done, elapsed time[sec] = 0.24
         W1 Well: minimal relaxation eigenvalue = 0.0103
         W1 Well: maximal relaxation eigenvalue = 22.2
         W1 Well:       grid size = 274
         W1 Well:      real depth = -3 1/cm
         W1 Well: effective depth = -132 1/cm
         W2 Well: thermal energy = 88.7 kcal/mol
         W2 Well: density of states done, elapsed time[sec] = 0
         W2 Well: collisional kernel bandwidth = 34
         W2 Well: collisional energy transfer kernel done, elapsed time[sec] = 0.09
         W2 Well: relaxation modes basis done, elapsed time[sec] = 0.01
         W2 Well: kernel in relaxation modes basis done, elapsed time[sec] = 0.34
         W2 Well: relaxation eigenvalues done, elapsed time[sec] = 0.28
         W2 Well: minimal relaxation eigenvalue = 0.0103
         W2 Well: maximal relaxation eigenvalue = 30.9
         W2 Well:       grid size = 330
         W2 Well:      real depth = -13255 1/cm
         W2 Well: effective depth = -13366 1/cm
         B1 Barrier:        grid size = 272
         B1 Barrier:      real height = 407 1/cm
         B1 Barrier: effective height = 340 1/cm
         C1 Barrier:        grid size = 274
         C1 Barrier:      real height = 0 1/cm
         C1 Barrier: effective height = -132 1/cm
         C2 Barrier:        grid size = 330
         C2 Barrier:      real height = -13246 1/cm
         C2 Barrier: effective height = -13366 1/cm
      setting wells, barriers, and bimolecular done, cpu time[sec] = 1.42, elapsed time[sec] = 0
      Bound Species (D1/D2 - density of states at dissociation energy (DE)/reference energy):
       Name  Depth     DE       *D1       *D2
              1/cm   1/cm        cm        cm
         W1   -132   -132  2.74e+03  1.13e+34
         W2 -13366 -13366  2.12e+04  6.13e+40
      Well-to-Well Barriers (N - number of states at the reference energy):
       Name Height        *N
              1/cm          
         B1    341  2.58e+38
      Well-to-Bimolecular Barriers (N - number of states at the reference energy):
       Name Height        *N
              1/cm          
         C1   -132  3.24e+39
         C2 -13366  2.15e+42
      Effective equilibrium constants(bimolecular units - cm^3):
        Q/Q        W1        W2        P1        P2
         W1         1  1.41e-09  6.11e-24  4.43e-29
         W2  7.07e+08         1  4.32e-15  3.13e-20
         P1  1.64e+23  2.31e+14         1  7.24e-06
         P2  2.26e+28   3.2e+19  1.38e+05         1
      Real equilibrium constants(bimolecular units - cm^3):
        Q/Q        W1        W2        P1        P2
         W1         1  1.43e-09  6.56e-27  4.75e-32
         W2  6.98e+08         1  4.58e-18  3.32e-23
         P1  1.52e+26  2.18e+17         1  7.24e-06
         P2   2.1e+31  3.01e+22  1.38e+05         1
   MasterEquation::set:  done, cpu time[sec] = 2.05, elapsed time[sec] = 0
   MasterEquation::direct_diagonalization_method:  starts
      Pressure = 0.01 atm	 Temperature = 1700 K
            Well    Collision, 1/sec
              W1            2.19e+07
              W2            2.19e+07
      global relaxation matrix dimension = 604
      setting global matrices ... done, cpu time[sec] = 0.22, elapsed time[sec] = 1
      diagonalizing global relaxation matrix ... done, cpu time[sec] = 3.28, elapsed time[sec] = 0
      microscopic rate coefficients (at reference energy) over collision frequency:
         W1<->W2
        3.12e+07
          W1->P1    W2->P2
        3.92e+08  4.81e+04
      eigenvector populations normalized:
          L        *R        *P        W1        W2
          0     0.985         1         0         1
          1     0.992         1         0         1
      *R - eigenvalue over the relaxation limit
      *P - eigenvector projection squared on the relaxation subspace (= 1 -F_ne)
      eigenvector projections:
          L        *Q        *P        W1        W2
          0  4.81e+04         1  6.38e-08  0.000176
          1  4.84e+04         1  6.58e-08  0.000185
         *Z       ---       ---  2.49e+22  6.61e+26
      *Q - eigenvalue over the collision frequency in first well
      *P - eigenvector projection squared on the relaxation subspace (= 1 - F_ne)
      *Z - well partition function square root
      dimension of the chemical subspace = 0
      isomers-to-bimolecular equilibrium coefficients (kappa matrix):
        W\P        P1        P2
         W1     0.976         0
         W2         0         1
      prompt isomerization/dissociation:
      W\W,P,E     Total        P1        P2
           W1         1     0.979    0.0244
           W2         1  2.18e-07      1.02

   MasterEquation::direct_diagonalization_method:  done, cpu time[sec] = 5.56, elapsed time[sec] = 1
   MasterEquation::direct_diagonalization_method:  starts
      Pressure = 0.1 atm	 Temperature = 1700 K
            Well    Collision, 1/sec
              W1            2.19e+08
              W2            2.19e+08
      global relaxation matrix dimension = 604
      setting global matrices ... done, cpu time[sec] = 0.04, elapsed time[sec] = 0
      diagonalizing global relaxation matrix ... done, cpu time[sec] = 2.87, elapsed time[sec] = 1
      microscopic rate coefficients (at reference energy) over collision frequency:
         W1<->W2
        3.12e+06
          W1->P1    W2->P2
        3.92e+07  4.81e+03
      eigenvector populations normalized:
          L        *R        *P        W1        W2
          0     0.985         1         0         1
          1     0.992         1         0         1
      *R - eigenvalue over the relaxation limit
      *P - eigenvector projection squared on the relaxation subspace (= 1 -F_ne)
      eigenvector projections:
          L        *Q        *P        W1        W2
          0  4.81e+03         1  6.41e-08  0.000177
          1  4.84e+03         1 -6.59e-08 -0.000185
         *Z       ---       ---  2.49e+22  6.61e+26
      *Q - eigenvalue over the collision frequency in first well
      *P - eigenvector projection squared on the relaxation subspace (= 1 - F_ne)
      *Z - well partition function square root
      dimension of the chemical subspace = 0
      isomers-to-bimolecular equilibrium coefficients (kappa matrix):
        W\P        P1        P2
         W1     0.976         0
         W2         0         1
      prompt isomerization/dissociation:
      W\W,P,E     Total        P1        P2
           W1         1     0.979    0.0244
           W2         1  2.18e-07      1.02

   MasterEquation::direct_diagonalization_method:  done, cpu time[sec] = 4.6, elapsed time[sec] = 1
   MasterEquation::direct_diagonalization_method:  starts
      Pressure = 1 atm	 Temperature = 1700 K
            Well    Collision, 1/sec
              W1            2.19e+09
              W2            2.19e+09
      global relaxation matrix dimension = 604
      setting global matrices ... done, cpu time[sec] = 0.04, elapsed time[sec] = 0
      diagonalizing global relaxation matrix ... done, cpu time[sec] = 3.6, elapsed time[sec] = 0
      microscopic rate coefficients (at reference energy) over collision frequency:
         W1<->W2
        3.12e+05
          W1->P1    W2->P2
        3.92e+06       481
      eigenvector populations normalized:
          L        *R        *P        W1        W2
          0     0.985         1         0         1
          1     0.992         1         0         1
      *R - eigenvalue over the relaxation limit
      *P - eigenvector projection squared on the relaxation subspace (= 1 -F_ne)
      eigenvector projections:
          L        *Q        *P        W1        W2
          0       481         1  6.76e-08  0.000187
          1       485         1  6.75e-08   0.00019
         *Z       ---       ---  2.49e+22  6.61e+26
      *Q - eigenvalue over the collision frequency in first well
      *P - eigenvector projection squared on the relaxation subspace (= 1 - F_ne)
      *Z - well partition function square root
      dimension of the chemical subspace = 0
      isomers-to-bimolecular equilibrium coefficients (kappa matrix):
        W\P        P1        P2
         W1     0.976         0
         W2         0         1
      prompt isomerization/dissociation:
      W\W,P,E     Total        P1        P2
           W1         1     0.979    0.0244
           W2         1  2.18e-07      1.02

   MasterEquation::direct_diagonalization_method:  done, cpu time[sec] = 4.68, elapsed time[sec] = 0
   MasterEquation::direct_diagonalization_method:  starts
      Pressure = 10 atm	 Temperature = 1700 K
            Well    Collision, 1/sec
              W1            2.19e+10
              W2            2.19e+10
      global relaxation matrix dimension = 604
      setting global matrices ... done, cpu time[sec] = 0.04, elapsed time[sec] = 0
      diagonalizing global relaxation matrix ... done, cpu time[sec] = 3.21, elapsed time[sec] = 1
      microscopic rate coefficients (at reference energy) over collision frequency:
         W1<->W2
        3.12e+04
          W1->P1    W2->P2
        3.92e+05      48.1
      eigenvector populations normalized:
          L        *R        *P        W1        W2
          0      0.98         1         0         1
          1     0.991         1         0         1
      *R - eigenvalue over the relaxation limit
      *P - eigenvector projection squared on the relaxation subspace (= 1 -F_ne)
      eigenvector projections:
          L        *Q        *P        W1        W2
          0      48.5         1 -1.02e-07 -0.000287
          1        49         1 -7.84e-08 -0.000227
         *Z       ---       ---  2.49e+22  6.61e+26
      *Q - eigenvalue over the collision frequency in first well
      *P - eigenvector projection squared on the relaxation subspace (= 1 - F_ne)
      *Z - well partition function square root
      dimension of the chemical subspace = 0
      isomers-to-bimolecular equilibrium coefficients (kappa matrix):
        W\P        P1        P2
         W1     0.976         0
         W2         0         1
      prompt isomerization/dissociation:
      W\W,P,E     Total        P1        P2
           W1         1     0.979    0.0244
           W2         1  2.18e-07      1.02

   MasterEquation::direct_diagonalization_method:  done, cpu time[sec] = 5.31, elapsed time[sec] = 1
   MasterEquation::direct_diagonalization_method:  starts
      Pressure = 100 atm	 Temperature = 1700 K
            Well    Collision, 1/sec
              W1            2.19e+11
              W2            2.19e+11
      global relaxation matrix dimension = 604
      setting global matrices ... done, cpu time[sec] = 0.05, elapsed time[sec] = 0
      diagonalizing global relaxation matrix ... done, cpu time[sec] = 3.4, elapsed time[sec] = 0
      microscopic rate coefficients (at reference energy) over collision frequency:
         W1<->W2
        3.12e+03
          W1->P1    W2->P2
        3.92e+04      4.81
      eigenvector populations normalized:
          L        *R        *P        W1        W2
          0     0.921         1         0         1
          1     0.975         1         0         1
      *R - eigenvalue over the relaxation limit
      *P - eigenvector projection squared on the relaxation subspace (= 1 -F_ne)
      eigenvector projections:
          L        *Q        *P        W1        W2
          0      5.04         1 -2.49e-07 -0.000771
          1      5.34         1  2.05e-07  0.000738
         *Z       ---       ---  2.49e+22  6.61e+26
      *Q - eigenvalue over the collision frequency in first well
      *P - eigenvector projection squared on the relaxation subspace (= 1 - F_ne)
      *Z - well partition function square root
      dimension of the chemical subspace = 0
      isomers-to-bimolecular equilibrium coefficients (kappa matrix):
        W\P        P1        P2
         W1     0.976         0
         W2         0         1
      prompt isomerization/dissociation:
      W\W,P,E     Total        P1        P2
           W1         1     0.979    0.0244
           W2         1  2.18e-07      1.02

   MasterEquation::direct_diagonalization_method:  done, cpu time[sec] = 6.87, elapsed time[sec] = 1
   MasterEquation::set:  starts
      C1: e = 83.1 kcal/mol, c = 34.4
      C2: e = 82.1 kcal/mol, c = 33.8
      B1: e = 89.6 kcal/mol, c = 36.3
      Temperature      = 1800 K
      Energy reference = 6.95e+04 1/cm
      Energy step      = 250 1/cm
      setting wells, barriers, and bimolecular starts
         W1 Well: thermal energy = 92.8 kcal/mol
         W1 Well: density of states done, elapsed time[sec] = 0
         W1 Well: collisional kernel bandwidth = 33
         W1 Well: collisional energy transfer kernel done, elapsed time[sec] = 0.01
         W1 Well: relaxation modes basis done, elapsed time[sec] = 0.01
         W1 Well: kernel in relaxation modes basis done, elapsed time[sec] = 0.29
         W1 Well: relaxation eigenvalues done, elapsed time[sec] = 0.09
         W1 Well: minimal relaxation eigenvalue = 0.00971
         W1 Well: maximal relaxation eigenvalue = 21.8
         W1 Well:       grid size = 278
         W1 Well:      real depth = -3 1/cm
         W1 Well: effective depth = -105 1/cm
         W2 Well: thermal energy = 96.2 kcal/mol
         W2 Well: density of states done, elapsed time[sec] = 0
         W2 Well: collisional kernel bandwidth = 33
         W2 Well: collisional energy transfer kernel done, elapsed time[sec] = 0.01
         W2 Well: relaxation modes basis done, elapsed time[sec] = 0.01
         W2 Well: kernel in relaxation modes basis done, elapsed time[sec] = 0.32
         W2 Well: relaxation eigenvalues done, elapsed time[sec] = 0.49
         W2 Well: minimal relaxation eigenvalue = 0.00967
         W2 Well: maximal relaxation eigenvalue = 30.1
         W2 Well:       grid size = 331
         W2 Well:      real depth = -13255 1/cm
         W2 Well: effective depth = -13366 1/cm
         B1 Barrier:        grid size = 276
         B1 Barrier:      real height = 407 1/cm
         B1 Barrier: effective height = 395 1/cm
         C1 Barrier:        grid size = 278
         C1 Barrier:      real height = 0 1/cm
         C1 Barrier: effective height = -105 1/cm
         C2 Barrier:        grid size = 331
         C2 Barrier:      real height = -13246 1/cm
         C2 Barrier: effective height = -13366 1/cm
      setting wells, barriers, and bimolecular done, cpu time[sec] = 1.48, elapsed time[sec] = 0
      Bound Species (D1/D2 - density of states at dissociation energy (DE)/reference energy):
       Name  Depth     DE       *D1       *D2
              1/cm   1/cm        cm        cm
         W1   -105   -105  3.92e+03  1.06e+35
         W2 -13366 -13366   2.7e+04  4.36e+41
      Well-to-Well Barriers (N - number of states at the reference energy):
       Name Height        *N
              1/cm          
         B1    396  2.39e+39
      Well-to-Bimolecular Barriers (N - number of states at the reference energy):
       Name Height        *N
              1/cm          
         C1   -105  2.67e+40
         C2 -13366  1.32e+43
      Effective equilibrium constants(bimolecular units - cm^3):
        Q/Q        W1        W2        P1        P2
         W1         1   2.5e-09   6.4e-24  8.79e-29
         W2  4.01e+08         1  2.56e-15  3.52e-20
         P1  1.56e+23   3.9e+14         1  1.37e-05
         P2  1.14e+28  2.84e+19  7.28e+04         1
      Real equilibrium constants(bimolecular units - cm^3):
        Q/Q        W1        W2        P1        P2
         W1         1  2.53e-09  7.27e-27  9.99e-32
         W2  3.96e+08         1  2.88e-18  3.95e-23
         P1  1.38e+26  3.48e+17         1  1.37e-05
         P2     1e+31  2.53e+22  7.28e+04         1
   MasterEquation::set:  done, cpu time[sec] = 1.97, elapsed time[sec] = 0
   MasterEquation::direct_diagonalization_method:  starts
      Pressure = 0.01 atm	 Temperature = 1800 K
            Well    Collision, 1/sec
              W1            2.11e+07
              W2            2.11e+07
      global relaxation matrix dimension = 609
      setting global matrices ... done, cpu time[sec] = 0.15, elapsed time[sec] = 0
      diagonalizing global relaxation matrix ... done, cpu time[sec] = 3.65, elapsed time[sec] = 0
      microscopic rate coefficients (at reference energy) over collision frequency:
         W1<->W2
        3.23e+07
          W1->P1    W2->P2
         3.6e+08  4.29e+04
      eigenvector populations normalized:
          L        *R        *P        W1        W2
          0     0.985         1         0         1
          1     0.992         1         0         1
      *R - eigenvalue over the relaxation limit
      *P - eigenvector projection squared on the relaxation subspace (= 1 -F_ne)
      eigenvector projections:
          L        *Q        *P        W1        W2
          0  4.29e+04         1   8.1e-08  0.000203
          1  4.33e+04         1 -8.36e-08 -0.000214
         *Z       ---       ---  7.61e+22  1.52e+27
      *Q - eigenvalue over the collision frequency in first well
      *P - eigenvector projection squared on the relaxation subspace (= 1 - F_ne)
      *Z - well partition function square root
      dimension of the chemical subspace = 0
      isomers-to-bimolecular equilibrium coefficients (kappa matrix):
        W\P        P1        P2
         W1     0.973         0
         W2         0         1
      prompt isomerization/dissociation:
      W\W,P,E     Total        P1        P2
           W1         1     0.976    0.0276
           W2         1  4.47e-07      1.02

   MasterEquation::direct_diagonalization_method:  done, cpu time[sec] = 6.39, elapsed time[sec] = 1
   MasterEquation::direct_diagonalization_method:  starts
      Pressure = 0.1 atm	 Temperature = 1800 K
            Well    Collision, 1/sec
              W1            2.11e+08
              W2            2.11e+08
      global relaxation matrix dimension = 609
      setting global matrices ... done, cpu time[sec] = 0.04, elapsed time[sec] = 0
      diagonalizing global relaxation matrix ... done, cpu time[sec] = 4.4, elapsed time[sec] = 0
      microscopic rate coefficients (at reference energy) over collision frequency:
         W1<->W2
        3.23e+06
          W1->P1    W2->P2
         3.6e+07  4.29e+03
      eigenvector populations normalized:
          L        *R        *P        W1        W2
          0     0.985         1         0         1
          1     0.992         1         0         1
      *R - eigenvalue over the relaxation limit
      *P - eigenvector projection squared on the relaxation subspace (= 1 -F_ne)
      eigenvector projections:
          L        *Q        *P        W1        W2
          0  4.29e+03         1  8.15e-08  0.000205
          1  4.33e+03         1 -8.38e-08 -0.000214
         *Z       ---       ---  7.61e+22  1.52e+27
      *Q - eigenvalue over the collision frequency in first well
      *P - eigenvector projection squared on the relaxation subspace (= 1 - F_ne)
      *Z - well partition function square root
      dimension of the chemical subspace = 0
      isomers-to-bimolecular equilibrium coefficients (kappa matrix):
        W\P        P1        P2
         W1     0.973         0
         W2         0         1
      prompt isomerization/dissociation:
      W\W,P,E     Total        P1        P2
           W1         1     0.976    0.0276
           W2         1  4.47e-07      1.02

   MasterEquation::direct_diagonalization_method:  done, cpu time[sec] = 7.55, elapsed time[sec] = 0
   MasterEquation::direct_diagonalization_method:  starts
      Pressure = 1 atm	 Temperature = 1800 K
            Well    Collision, 1/sec
              W1            2.11e+09
              W2            2.11e+09
      global relaxation matrix dimension = 609
      setting global matrices ... done, cpu time[sec] = 0.03, elapsed time[sec] = 0
      diagonalizing global relaxation matrix ... done, cpu time[sec] = 6.14, elapsed time[sec] = 1
      microscopic rate coefficients (at reference energy) over collision frequency:
         W1<->W2
        3.23e+05
          W1->P1    W2->P2
         3.6e+06       429
      eigenvector populations normalized:
          L        *R        *P        W1        W2
          0     0.984         1         0         1
          1     0.992         1         0         1
      *R - eigenvalue over the relaxation limit
      *P - eigenvector projection squared on the relaxation subspace (= 1 -F_ne)
      eigenvector projections:
          L        *Q        *P        W1        W2
          0       430         1  8.64e-08  0.000217
          1       433         1 -8.61e-08 -0.000221
         *Z       ---       ---  7.61e+22  1.52e+27
      *Q - eigenvalue over the collision frequency in first well
      *P - eigenvector projection squared on the relaxation subspace (= 1 - F_ne)
      *Z - well partition function square root
      dimension of the chemical subspace = 0
      isomers-to-bimolecular equilibrium coefficients (kappa matrix):
        W\P        P1        P2
         W1     0.973         0
         W2         0         1
      prompt isomerization/dissociation:
      W\W,P,E     Total        P1        P2
           W1         1     0.976    0.0276
           W2         1  4.47e-07      1.02

   MasterEquation::direct_diagonalization_method:  done, cpu time[sec] = 9.05, elapsed time[sec] = 1
   MasterEquation::direct_diagonalization_method:  starts
      Pressure = 10 atm	 Temperature = 1800 K
            Well    Collision, 1/sec
              W1            2.11e+10
              W2            2.11e+10
      global relaxation matrix dimension = 609
      setting global matrices ... done, cpu time[sec] = 0.04, elapsed time[sec] = 0
      diagonalizing global relaxation matrix ... done, cpu time[sec] = 4.69, elapsed time[sec] = 1
      microscopic rate coefficients (at reference energy) over collision frequency:
         W1<->W2
        3.23e+04
          W1->P1    W2->P2
         3.6e+05      42.9
      eigenvector populations normalized:
          L        *R        *P        W1        W2
          0      0.98         1         0         1
          1     0.991         1         0         1
      *R - eigenvalue over the relaxation limit
      *P - eigenvector projection squared on the relaxation subspace (= 1 -F_ne)
      eigenvector projections:
          L        *Q        *P        W1        W2
          0      43.4         1 -1.34e-07 -0.000345
          1      43.8         1  1.01e-07  0.000266
         *Z       ---       ---  7.61e+22  1.52e+27
      *Q - eigenvalue over the collision frequency in first well
      *P - eigenvector projection squared on the relaxation subspace (= 1 - F_ne)
      *Z - well partition function square root
      dimension of the chemical subspace = 0
      isomers-to-bimolecular equilibrium coefficients (kappa matrix):
        W\P        P1        P2
         W1     0.973         0
         W2         0         1
      prompt isomerization/dissociation:
      W\W,P,E     Total        P1        P2
           W1         1     0.976    0.0276
           W2         1  4.47e-07      1.02

   MasterEquation::direct_diagonalization_method:  done, cpu time[sec] = 7.02, elapsed time[sec] = 1
   MasterEquation::direct_diagonalization_method:  starts
      Pressure = 100 atm	 Temperature = 1800 K
            Well    Collision, 1/sec
              W1            2.11e+11
              W2            2.11e+11
      global relaxation matrix dimension = 609
      setting global matrices ... done, cpu time[sec] = 0.04, elapsed time[sec] = 0
      diagonalizing global relaxation matrix ... done, cpu time[sec] = 5.06, elapsed time[sec] = 1
      microscopic rate coefficients (at reference energy) over collision frequency:
         W1<->W2
        3.23e+03
          W1->P1    W2->P2
         3.6e+04      4.29
      eigenvector populations normalized:
          L        *R        *P        W1        W2
          0     0.913         1         0         1
          1     0.971         1         0         1
      *R - eigenvalue over the relaxation limit
      *P - eigenvector projection squared on the relaxation subspace (= 1 -F_ne)
      eigenvector projections:
          L        *Q        *P        W1        W2
          0      4.51         1 -3.26e-07  -0.00092
          1       4.8         1  2.82e-07  0.000931
         *Z       ---       ---  7.61e+22  1.52e+27
      *Q - eigenvalue over the collision frequency in first well
      *P - eigenvector projection squared on the relaxation subspace (= 1 - F_ne)
      *Z - well partition function square root
      dimension of the chemical subspace = 0
      isomers-to-bimolecular equilibrium coefficients (kappa matrix):
        W\P        P1        P2
         W1     0.973         0
         W2         0         1
      prompt isomerization/dissociation:
      W\W,P,E     Total        P1        P2
           W1         1     0.976    0.0276
           W2         1  4.47e-07      1.02

   MasterEquation::direct_diagonalization_method:  done, cpu time[sec] = 7.24, elapsed time[sec] = 1
   MasterEquation::set:  starts
      C1: e = 89.9 kcal/mol, c = 34.8
      C2: e = 88.9 kcal/mol, c = 34.2
      B1: e = 96.8 kcal/mol, c = 36.8
      Temperature      = 1900 K
      Energy reference = 7.43e+04 1/cm
      Energy step      = 264 1/cm
      setting wells, barriers, and bimolecular starts
         W1 Well: thermal energy = 100 kcal/mol
         W1 Well: density of states done, elapsed time[sec] = 0.01
         W1 Well: collisional kernel bandwidth = 33
         W1 Well: collisional energy transfer kernel done, elapsed time[sec] = 0.01
         W1 Well: relaxation modes basis done, elapsed time[sec] = 0
         W1 Well: kernel in relaxation modes basis done, elapsed time[sec] = 0.29
         W1 Well: relaxation eigenvalues done, elapsed time[sec] = 0.19
         W1 Well: minimal relaxation eigenvalue = 0.00918
         W1 Well: maximal relaxation eigenvalue = 23.1
         W1 Well:       grid size = 282
         W1 Well:      real depth = -3 1/cm
         W1 Well: effective depth = -156 1/cm
         W2 Well: thermal energy = 104 kcal/mol
         W2 Well: density of states done, elapsed time[sec] = 0
         W2 Well: collisional kernel bandwidth = 33
         W2 Well: collisional energy transfer kernel done, elapsed time[sec] = 0.02
         W2 Well: relaxation modes basis done, elapsed time[sec] = 0.01
         W2 Well: kernel in relaxation modes basis done, elapsed time[sec] = 0.32
         W2 Well: relaxation eigenvalues done, elapsed time[sec] = 0.31
         W2 Well: minimal relaxation eigenvalue = 0.00914
         W2 Well: maximal relaxation eigenvalue = 30.1
         W2 Well:       grid size = 332
         W2 Well:      real depth = -13255 1/cm
         W2 Well: effective depth = -13362 1/cm
         B1 Barrier:        grid size = 280
         B1 Barrier:      real height = 407 1/cm
         B1 Barrier: effective height = 371 1/cm
         C1 Barrier:        grid size = 282
         C1 Barrier:      real height = 0 1/cm
         C1 Barrier: effective height = -156 1/cm
         C2 Barrier:        grid size = 332
         C2 Barrier:      real height = -13246 1/cm
         C2 Barrier: effective height = -13362 1/cm
      setting wells, barriers, and bimolecular done, cpu time[sec] = 1.4, elapsed time[sec] = 0
      Bound Species (D1/D2 - density of states at dissociation energy (DE)/reference energy):
       Name  Depth     DE       *D1       *D2
              1/cm   1/cm        cm        cm
         W1   -156   -156  2.87e+03  8.87e+35
         W2 -13362 -13362  3.81e+04  2.87e+42
      Well-to-Well Barriers (N - number of states at the reference energy):
       Name Height        *N
              1/cm          
         B1    372     2e+40
      Well-to-Bimolecular Barriers (N - number of states at the reference energy):
       Name Height        *N
              1/cm          
         C1   -156     2e+41
         C2 -13362  7.49e+43
      Effective equilibrium constants(bimolecular units - cm^3):
        Q/Q        W1        W2        P1        P2
         W1         1  4.15e-09   6.7e-24  1.64e-28
         W2  2.41e+08         1  1.62e-15  3.94e-20
         P1  1.49e+23  6.19e+14         1  2.44e-05
         P2  6.11e+27  2.54e+19   4.1e+04         1
      Real equilibrium constants(bimolecular units - cm^3):
        Q/Q        W1        W2        P1        P2
         W1         1   4.2e-09  8.04e-27  1.96e-31
         W2  2.38e+08         1  1.91e-18  4.67e-23
         P1  1.24e+26  5.23e+17         1  2.44e-05
         P2   5.1e+30  2.14e+22   4.1e+04         1
   MasterEquation::set:  done, cpu time[sec] = 1.92, elapsed time[sec] = 0
   MasterEquation::direct_diagonalization_method:  starts
      Pressure = 0.01 atm	 Temperature = 1900 K
            Well    Collision, 1/sec
              W1            2.03e+07
              W2            2.03e+07
      global relaxation matrix dimension = 614
      setting global matrices ... done, cpu time[sec] = 0.03, elapsed time[sec] = 0
      diagonalizing global relaxation matrix ... done, cpu time[sec] = 5.12, elapsed time[sec] = 1
      microscopic rate coefficients (at reference energy) over collision frequency:
         W1<->W2
        3.32e+07
          W1->P1    W2->P2
        3.32e+08  3.85e+04
      eigenvector populations normalized:
          L        *R        *P        W1        W2
          0     0.985         1         0         1
          1     0.992         1         0         1
      *R - eigenvalue over the relaxation limit
      *P - eigenvector projection squared on the relaxation subspace (= 1 -F_ne)
      eigenvector projections:
          L        *Q        *P        W1        W2
          0  3.85e+04         1 -1.01e-07 -0.000231
          1  3.88e+04         1 -1.04e-07 -0.000243
         *Z       ---       ---  2.21e+23  3.43e+27
      *Q - eigenvalue over the collision frequency in first well
      *P - eigenvector projection squared on the relaxation subspace (= 1 - F_ne)
      *Z - well partition function square root
      dimension of the chemical subspace = 0
      isomers-to-bimolecular equilibrium coefficients (kappa matrix):
        W\P        P1        P2
         W1     0.969         0
         W2         0         1
      prompt isomerization/dissociation:
      W\W,P,E     Total        P1        P2
           W1         1     0.972    0.0309
           W2         1  8.57e-07      1.02

   MasterEquation::direct_diagonalization_method:  done, cpu time[sec] = 8.93, elapsed time[sec] = 1
   MasterEquation::direct_diagonalization_method:  starts
      Pressure = 0.1 atm	 Temperature = 1900 K
            Well    Collision, 1/sec
              W1            2.03e+08
              W2            2.03e+08
      global relaxation matrix dimension = 614
      setting global matrices ... done, cpu time[sec] = 0.1, elapsed time[sec] = 0
      diagonalizing global relaxation matrix ... done, cpu time[sec] = 3.98, elapsed time[sec] = 1
      microscopic rate coefficients (at reference energy) over collision frequency:
         W1<->W2
        3.32e+06
          W1->P1    W2->P2
        3.32e+07  3.85e+03
      eigenvector populations normalized:
          L        *R        *P        W1        W2
          0     0.985         1         0         1
          1     0.992         1         0         1
      *R - eigenvalue over the relaxation limit
      *P - eigenvector projection squared on the relaxation subspace (= 1 -F_ne)
      eigenvector projections:
          L        *Q        *P        W1        W2
          0  3.85e+03         1  1.02e-07  0.000233
          1  3.88e+03         1  1.05e-07  0.000244
         *Z       ---       ---  2.21e+23  3.43e+27
      *Q - eigenvalue over the collision frequency in first well
      *P - eigenvector projection squared on the relaxation subspace (= 1 - F_ne)
      *Z - well partition function square root
      dimension of the chemical subspace = 0
      isomers-to-bimolecular equilibrium coefficients (kappa matrix):
        W\P        P1        P2
         W1     0.969         0
         W2         0         1
      prompt isomerization/dissociation:
      W\W,P,E     Total        P1        P2
           W1         1     0.972    0.0309
           W2         1  8.57e-07      1.02

   MasterEquation::direct_diagonalization_method:  done, cpu time[sec] = 7.93, elapsed time[sec] = 1
   MasterEquation::direct_diagonalization_method:  starts
      Pressure = 1 atm	 Temperature = 1900 K
            Well    Collision, 1/sec
              W1            2.03e+09
              W2            2.03e+09
      global relaxation matrix dimension = 614
      setting global matrices ... done, cpu time[sec] = 0.05, elapsed time[sec] = 0
      diagonalizing global relaxation matrix ... done, cpu time[sec] = 5.82, elapsed time[sec] = 1
      microscopic rate coefficients (at reference energy) over collision frequency:
         W1<->W2
        3.32e+05
          W1->P1    W2->P2
        3.32e+06       385
      eigenvector populations normalized:
          L        *R        *P        W1        W2
          0     0.984         1         0         1
          1     0.992         1         0         1
      *R - eigenvalue over the relaxation limit
      *P - eigenvector projection squared on the relaxation subspace (= 1 -F_ne)
      eigenvector projections:
          L        *Q        *P        W1        W2
          0       385         1  1.08e-07  0.000249
          1       389         1 -1.08e-07 -0.000252
         *Z       ---       ---  2.21e+23  3.43e+27
      *Q - eigenvalue over the collision frequency in first well
      *P - eigenvector projection squared on the relaxation subspace (= 1 - F_ne)
      *Z - well partition function square root
      dimension of the chemical subspace = 0
      isomers-to-bimolecular equilibrium coefficients (kappa matrix):
        W\P        P1        P2
         W1     0.969         0
         W2         0         1
      prompt isomerization/dissociation:
      W\W,P,E     Total        P1        P2
           W1         1     0.972    0.0309
           W2         1  8.57e-07      1.02

   MasterEquation::direct_diagonalization_method:  done, cpu time[sec] = 9.15, elapsed time[sec] = 1
   MasterEquation::direct_diagonalization_method:  starts
      Pressure = 10 atm	 Temperature = 1900 K
            Well    Collision, 1/sec
              W1            2.03e+10
              W2            2.03e+10
      global relaxation matrix dimension = 614
      setting global matrices ... done, cpu time[sec] = 0.04, elapsed time[sec] = 0
      diagonalizing global relaxation matrix ... done, cpu time[sec] = 5.75, elapsed time[sec] = 1
      microscopic rate coefficients (at reference energy) over collision frequency:
         W1<->W2
        3.32e+04
          W1->P1    W2->P2
        3.32e+05      38.5
      eigenvector populations normalized:
          L        *R        *P        W1        W2
          0     0.979         1         0         1
          1      0.99         1         0         1
      *R - eigenvalue over the relaxation limit
      *P - eigenvector projection squared on the relaxation subspace (= 1 -F_ne)
      eigenvector projections:
          L        *Q        *P        W1        W2
          0      38.9         1  1.74e-07  0.000409
          1      39.4         1  1.27e-07  0.000307
         *Z       ---       ---  2.21e+23  3.43e+27
      *Q - eigenvalue over the collision frequency in first well
      *P - eigenvector projection squared on the relaxation subspace (= 1 - F_ne)
      *Z - well partition function square root
      dimension of the chemical subspace = 0
      isomers-to-bimolecular equilibrium coefficients (kappa matrix):
        W\P        P1        P2
         W1     0.969         0
         W2         0         1
      prompt isomerization/dissociation:
      W\W,P,E     Total        P1        P2
           W1         1     0.972    0.0309
           W2         1  8.57e-07      1.02

   MasterEquation::direct_diagonalization_method:  done, cpu time[sec] = 8.11, elapsed time[sec] = 1
   MasterEquation::direct_diagonalization_method:  starts
      Pressure = 100 atm	 Temperature = 1900 K
            Well    Collision, 1/sec
              W1            2.03e+11
              W2            2.03e+11
      global relaxation matrix dimension = 614
      setting global matrices ... done, cpu time[sec] = 0.04, elapsed time[sec] = 0
      diagonalizing global relaxation matrix ... done, cpu time[sec] = 4.18, elapsed time[sec] = 0
      microscopic rate coefficients (at reference energy) over collision frequency:
         W1<->W2
        3.32e+03
          W1->P1    W2->P2
        3.32e+04      3.85
      eigenvector populations normalized:
          L        *R        *P        W1        W2
          0     0.906         1         0         1
          1     0.968         1         0         1
      *R - eigenvalue over the relaxation limit
      *P - eigenvector projection squared on the relaxation subspace (= 1 -F_ne)
      eigenvector projections:
          L        *Q        *P        W1        W2
          0      4.06         1 -4.18e-07  -0.00108
          1      4.33         1  3.78e-07   0.00114
         *Z       ---       ---  2.21e+23  3.43e+27
      *Q - eigenvalue over the collision frequency in first well
      *P - eigenvector projection squared on the relaxation subspace (= 1 - F_ne)
      *Z - well partition function square root
      dimension of the chemical subspace = 0
      isomers-to-bimolecular equilibrium coefficients (kappa matrix):
        W\P        P1        P2
         W1     0.969         0
         W2         0         1
      prompt isomerization/dissociation:
      W\W,P,E     Total        P1        P2
           W1         1     0.972    0.0309
           W2         1  8.57e-07      1.02

   MasterEquation::direct_diagonalization_method:  done, cpu time[sec] = 7.33, elapsed time[sec] = 1
   MasterEquation::set:  starts
      C1: e = 96.9 kcal/mol, c = 35.2
      C2: e = 95.7 kcal/mol, c = 34.6
      B1: e = 104 kcal/mol, c = 37.2
      Temperature      = 2000 K
      Energy reference = 7.92e+04 1/cm
      Energy step      = 278 1/cm
      setting wells, barriers, and bimolecular starts
         W1 Well: thermal energy = 108 kcal/mol
         W1 Well: density of states done, elapsed time[sec] = 0
         W1 Well: collisional kernel bandwidth = 32
         W1 Well: collisional energy transfer kernel done, elapsed time[sec] = 0.01
         W1 Well: relaxation modes basis done, elapsed time[sec] = 0.01
         W1 Well: kernel in relaxation modes basis done, elapsed time[sec] = 0.27
         W1 Well: relaxation eigenvalues done, elapsed time[sec] = 0.14
         W1 Well: minimal relaxation eigenvalue = 0.00869
         W1 Well: maximal relaxation eigenvalue = 21.4
         W1 Well:       grid size = 285
         W1 Well:      real depth = -3 1/cm
         W1 Well: effective depth = -14 1/cm
         W2 Well: thermal energy = 111 kcal/mol
         W2 Well: density of states done, elapsed time[sec] = 0
         W2 Well: collisional kernel bandwidth = 32
         W2 Well: collisional energy transfer kernel done, elapsed time[sec] = 0.01
         W2 Well: relaxation modes basis done, elapsed time[sec] = 0.01
         W2 Well: kernel in relaxation modes basis done, elapsed time[sec] = 0.42
         W2 Well: relaxation eigenvalues done, elapsed time[sec] = 0.34
         W2 Well: minimal relaxation eigenvalue = 0.00866
         W2 Well: maximal relaxation eigenvalue = 29.2
         W2 Well:       grid size = 333
         W2 Well:      real depth = -13255 1/cm
         W2 Well: effective depth = -13358 1/cm
         B1 Barrier:        grid size = 284
         B1 Barrier:      real height = 407 1/cm
         B1 Barrier: effective height = 263 1/cm
         C1 Barrier:        grid size = 285
         C1 Barrier:      real height = 0 1/cm
         C1 Barrier: effective height = -14 1/cm
         C2 Barrier:        grid size = 333
         C2 Barrier:      real height = -13246 1/cm
         C2 Barrier: effective height = -13358 1/cm
      setting wells, barriers, and bimolecular done, cpu time[sec] = 1.45, elapsed time[sec] = 0
      Bound Species (D1/D2 - density of states at dissociation energy (DE)/reference energy):
       Name  Depth     DE       *D1       *D2
              1/cm   1/cm        cm        cm
         W1    -14    -14  9.26e+03  6.78e+36
         W2 -13358 -13358  5.19e+04  1.75e+43
      Well-to-Well Barriers (N - number of states at the reference energy):
       Name Height        *N
              1/cm          
         B1    264  1.51e+41
      Well-to-Bimolecular Barriers (N - number of states at the reference energy):
       Name Height        *N
              1/cm          
         C1    -14  1.37e+42
         C2 -13358  3.99e+44
      Effective equilibrium constants(bimolecular units - cm^3):
        Q/Q        W1        W2        P1        P2
         W1         1  6.56e-09  7.02e-24  2.88e-28
         W2  1.53e+08         1  1.07e-15  4.39e-20
         P1  1.42e+23  9.34e+14         1   4.1e-05
         P2  3.47e+27  2.28e+19  2.44e+04         1
      Real equilibrium constants(bimolecular units - cm^3):
        Q/Q        W1        W2        P1        P2
         W1         1  6.64e-09  8.87e-27  3.64e-31
         W2  1.51e+08         1  1.34e-18  5.48e-23
         P1  1.13e+26  7.49e+17         1   4.1e-05
         P2  2.75e+30  1.83e+22  2.44e+04         1
   MasterEquation::set:  done, cpu time[sec] = 1.99, elapsed time[sec] = 0
   MasterEquation::direct_diagonalization_method:  starts
      Pressure = 0.01 atm	 Temperature = 2000 K
            Well    Collision, 1/sec
              W1            1.97e+07
              W2            1.97e+07
      global relaxation matrix dimension = 618
      setting global matrices ... done, cpu time[sec] = 0.05, elapsed time[sec] = 0
      diagonalizing global relaxation matrix ... done, cpu time[sec] = 3.7, elapsed time[sec] = 0
      microscopic rate coefficients (at reference energy) over collision frequency:
         W1<->W2
         3.4e+07
          W1->P1    W2->P2
        3.07e+08  3.46e+04
      eigenvector populations normalized:
          L        *R        *P        W1        W2
          0     0.985         1         0         1
          1     0.992         1         0         1
      *R - eigenvalue over the relaxation limit
      *P - eigenvector projection squared on the relaxation subspace (= 1 -F_ne)
      eigenvector projections:
          L        *Q        *P        W1        W2
          0  3.47e+04         1  1.24e-07  0.000259
          1  3.49e+04         1 -1.28e-07 -0.000273
         *Z       ---       ---  6.13e+23  7.57e+27
      *Q - eigenvalue over the collision frequency in first well
      *P - eigenvector projection squared on the relaxation subspace (= 1 - F_ne)
      *Z - well partition function square root
      dimension of the chemical subspace = 0
      isomers-to-bimolecular equilibrium coefficients (kappa matrix):
        W\P        P1        P2
         W1     0.966         0
         W2         0         1
      prompt isomerization/dissociation:
      W\W,P,E     Total        P1        P2
           W1         1     0.969    0.0344
           W2         1  1.55e-06      1.02

   MasterEquation::direct_diagonalization_method:  done, cpu time[sec] = 7.8, elapsed time[sec] = 1
   MasterEquation::direct_diagonalization_method:  starts
      Pressure = 0.1 atm	 Temperature = 2000 K
            Well    Collision, 1/sec
              W1            1.97e+08
              W2            1.97e+08
      global relaxation matrix dimension = 618
      setting global matrices ... done, cpu time[sec] = 0.04, elapsed time[sec] = 0
      diagonalizing global relaxation matrix ... done, cpu time[sec] = 4.11, elapsed time[sec] = 0
      microscopic rate coefficients (at reference energy) over collision frequency:
         W1<->W2
         3.4e+06
          W1->P1    W2->P2
        3.07e+07  3.46e+03
      eigenvector populations normalized:
          L        *R        *P        W1        W2
          0     0.985         1         0         1
          1     0.992         1         0         1
      *R - eigenvalue over the relaxation limit
      *P - eigenvector projection squared on the relaxation subspace (= 1 -F_ne)
      eigenvector projections:
          L        *Q        *P        W1        W2
          0  3.47e+03         1  1.25e-07  0.000261
          1  3.49e+03         1  1.28e-07  0.000274
         *Z       ---       ---  6.13e+23  7.57e+27
      *Q - eigenvalue over the collision frequency in first well
      *P - eigenvector projection squared on the relaxation subspace (= 1 - F_ne)
      *Z - well partition function square root
      dimension of the chemical subspace = 0
      isomers-to-bimolecular equilibrium coefficients (kappa matrix):
        W\P        P1        P2
         W1     0.966         0
         W2         0         1
      prompt isomerization/dissociation:
      W\W,P,E     Total        P1        P2
           W1         1     0.969    0.0344
           W2         1  1.55e-06      1.02

   MasterEquation::direct_diagonalization_method:  done, cpu time[sec] = 5.86, elapsed time[sec] = 0
   MasterEquation::direct_diagonalization_method:  starts
      Pressure = 1 atm	 Temperature = 2000 K
            Well    Collision, 1/sec
              W1            1.97e+09
              W2            1.97e+09
      global relaxation matrix dimension = 618
      setting global matrices ... done, cpu time[sec] = 0.04, elapsed time[sec] = 0
      diagonalizing global relaxation matrix ... done, cpu time[sec] = 4.19, elapsed time[sec] = 1
      microscopic rate coefficients (at reference energy) over collision frequency:
         W1<->W2
         3.4e+05
          W1->P1    W2->P2
        3.07e+06       346
      eigenvector populations normalized:
          L        *R        *P        W1        W2
          0     0.984         1         0         1
          1     0.992         1         0         1
      *R - eigenvalue over the relaxation limit
      *P - eigenvector projection squared on the relaxation subspace (= 1 -F_ne)
      eigenvector projections:
          L        *Q        *P        W1        W2
          0       347         1 -1.34e-07 -0.000282
          1       350         1 -1.32e-07 -0.000283
         *Z       ---       ---  6.13e+23  7.57e+27
      *Q - eigenvalue over the collision frequency in first well
      *P - eigenvector projection squared on the relaxation subspace (= 1 - F_ne)
      *Z - well partition function square root
      dimension of the chemical subspace = 0
      isomers-to-bimolecular equilibrium coefficients (kappa matrix):
        W\P        P1        P2
         W1     0.966         0
         W2         0         1
      prompt isomerization/dissociation:
      W\W,P,E     Total        P1        P2
           W1         1     0.969    0.0344
           W2         1  1.55e-06      1.02

   MasterEquation::direct_diagonalization_method:  done, cpu time[sec] = 5.94, elapsed time[sec] = 1
   MasterEquation::direct_diagonalization_method:  starts
      Pressure = 10 atm	 Temperature = 2000 K
            Well    Collision, 1/sec
              W1            1.97e+10
              W2            1.97e+10
      global relaxation matrix dimension = 618
      setting global matrices ... done, cpu time[sec] = 0.05, elapsed time[sec] = 0
      diagonalizing global relaxation matrix ... done, cpu time[sec] = 2.77, elapsed time[sec] = 0
      microscopic rate coefficients (at reference energy) over collision frequency:
         W1<->W2
         3.4e+04
          W1->P1    W2->P2
        3.07e+05      34.6
      eigenvector populations normalized:
          L        *R        *P        W1        W2
          0     0.978         1         0         1
          1      0.99         1         0         1
      *R - eigenvalue over the relaxation limit
      *P - eigenvector projection squared on the relaxation subspace (= 1 -F_ne)
      eigenvector projections:
          L        *Q        *P        W1        W2
          0      35.1         1  2.21e-07  0.000476
          1      35.5         1 -1.58e-07 -0.000349
         *Z       ---       ---  6.13e+23  7.57e+27
      *Q - eigenvalue over the collision frequency in first well
      *P - eigenvector projection squared on the relaxation subspace (= 1 - F_ne)
      *Z - well partition function square root
      dimension of the chemical subspace = 0
      isomers-to-bimolecular equilibrium coefficients (kappa matrix):
        W\P        P1        P2
         W1     0.966         0
         W2         0         1
      prompt isomerization/dissociation:
      W\W,P,E     Total        P1        P2
           W1         1     0.969    0.0344
           W2         1  1.55e-06      1.02

   MasterEquation::direct_diagonalization_method:  done, cpu time[sec] = 6.12, elapsed time[sec] = 1
   MasterEquation::direct_diagonalization_method:  starts
      Pressure = 100 atm	 Temperature = 2000 K
            Well    Collision, 1/sec
              W1            1.97e+11
              W2            1.97e+11
      global relaxation matrix dimension = 618
      setting global matrices ... done, cpu time[sec] = 0.04, elapsed time[sec] = 0
      diagonalizing global relaxation matrix ... done, cpu time[sec] = 3.59, elapsed time[sec] = 0
      microscopic rate coefficients (at reference energy) over collision frequency:
         W1<->W2
         3.4e+03
          W1->P1    W2->P2
        3.07e+04      3.46
      eigenvector populations normalized:
          L        *R        *P        W1        W2
          0     0.899         1         0         1
          1     0.964         1         0         1
      *R - eigenvalue over the relaxation limit
      *P - eigenvector projection squared on the relaxation subspace (= 1 -F_ne)
      eigenvector projections:
          L        *Q        *P        W1        W2
          0      3.66         1 -5.27e-07  -0.00124
          1      3.93         1 -4.94e-07  -0.00137
         *Z       ---       ---  6.13e+23  7.57e+27
      *Q - eigenvalue over the collision frequency in first well
      *P - eigenvector projection squared on the relaxation subspace (= 1 - F_ne)
      *Z - well partition function square root
      dimension of the chemical subspace = 0
      isomers-to-bimolecular equilibrium coefficients (kappa matrix):
        W\P        P1        P2
         W1     0.966         0
         W2         0         1
      prompt isomerization/dissociation:
      W\W,P,E     Total        P1        P2
           W1         1     0.969    0.0344
           W2         1  1.55e-06      1.02

   MasterEquation::direct_diagonalization_method:  done, cpu time[sec] = 4.81, elapsed time[sec] = 0
   MasterEquation::set:  starts
      C1: e = 104 kcal/mol, c = 35.6
      C2: e = 103 kcal/mol, c = 35
      B1: e = 112 kcal/mol, c = 37.5
      Temperature      = 2100 K
      Energy reference = 8.41e+04 1/cm
      Energy step      = 292 1/cm
      setting wells, barriers, and bimolecular starts
         W1 Well: thermal energy = 116 kcal/mol
         W1 Well: density of states done, elapsed time[sec] = 0
         W1 Well: collisional kernel bandwidth = 31
         W1 Well: collisional energy transfer kernel done, elapsed time[sec] = 0.01
         W1 Well: relaxation modes basis done, elapsed time[sec] = 0.01
         W1 Well: kernel in relaxation modes basis done, elapsed time[sec] = 0.23
         W1 Well: relaxation eigenvalues done, elapsed time[sec] = 0.08
         W1 Well: minimal relaxation eigenvalue = 0.00826
         W1 Well: maximal relaxation eigenvalue = 24.2
         W1 Well:       grid size = 289
         W1 Well:      real depth = -3 1/cm
         W1 Well: effective depth = -223 1/cm
         W2 Well: thermal energy = 119 kcal/mol
         W2 Well: density of states done, elapsed time[sec] = 0
         W2 Well: collisional kernel bandwidth = 31
         W2 Well: collisional energy transfer kernel done, elapsed time[sec] = 0.03
         W2 Well: relaxation modes basis done, elapsed time[sec] = 0
         W2 Well: kernel in relaxation modes basis done, elapsed time[sec] = 0.3
         W2 Well: relaxation eigenvalues done, elapsed time[sec] = 0.21
         W2 Well: minimal relaxation eigenvalue = 0.00823
         W2 Well: maximal relaxation eigenvalue = 28.3
         W2 Well:       grid size = 334
         W2 Well:      real depth = -13255 1/cm
         W2 Well: effective depth = -13359 1/cm
         B1 Barrier:        grid size = 287
         B1 Barrier:      real height = 407 1/cm
         B1 Barrier: effective height = 360 1/cm
         C1 Barrier:        grid size = 289
         C1 Barrier:      real height = 0 1/cm
         C1 Barrier: effective height = -223 1/cm
         C2 Barrier:        grid size = 334
         C2 Barrier:      real height = -13246 1/cm
         C2 Barrier: effective height = -13359 1/cm
      setting wells, barriers, and bimolecular done, cpu time[sec] = 0.91, elapsed time[sec] = 0
      Bound Species (D1/D2 - density of states at dissociation energy (DE)/reference energy):
       Name  Depth     DE       *D1       *D2
              1/cm   1/cm        cm        cm
         W1   -223   -223  1.77e+03  4.75e+37
         W2 -13359 -13359  6.38e+04     1e+44
      Well-to-Well Barriers (N - number of states at the reference energy):
       Name Height        *N
              1/cm          
         B1    361  1.05e+42
      Well-to-Bimolecular Barriers (N - number of states at the reference energy):
       Name Height        *N
              1/cm          
         C1   -223   8.6e+42
         C2 -13359  1.99e+45
      Effective equilibrium constants(bimolecular units - cm^3):
        Q/Q        W1        W2        P1        P2
         W1         1  9.92e-09  7.36e-24  4.83e-28
         W2  1.01e+08         1  7.42e-16  4.87e-20
         P1  1.36e+23  1.35e+15         1  6.57e-05
         P2  2.07e+27  2.05e+19  1.52e+04         1
      Real equilibrium constants(bimolecular units - cm^3):
        Q/Q        W1        W2        P1        P2
         W1         1     1e-08  9.76e-27  6.41e-31
         W2  9.96e+07         1  9.72e-19  6.38e-23
         P1  1.03e+26  1.03e+18         1  6.57e-05
         P2  1.56e+30  1.57e+22  1.52e+04         1
   MasterEquation::set:  done, cpu time[sec] = 1.41, elapsed time[sec] = 0
   MasterEquation::direct_diagonalization_method:  starts
      Pressure = 0.01 atm	 Temperature = 2100 K
            Well    Collision, 1/sec
              W1            1.91e+07
              W2            1.91e+07
      global relaxation matrix dimension = 623
      setting global matrices ... done, cpu time[sec] = 0.23, elapsed time[sec] = 0
      diagonalizing global relaxation matrix ... done, cpu time[sec] = 4.99, elapsed time[sec] = 1
      microscopic rate coefficients (at reference energy) over collision frequency:
         W1<->W2
        3.48e+07
          W1->P1    W2->P2
        2.84e+08  3.13e+04
      eigenvector populations normalized:
          L        *R        *P        W1        W2
          0     0.985         1         0         1
          1     0.992         1         0         1
      *R - eigenvalue over the relaxation limit
      *P - eigenvector projection squared on the relaxation subspace (= 1 -F_ne)
      eigenvector projections:
          L        *Q        *P        W1        W2
          0  3.13e+04         1  1.49e-07  0.000288
          1  3.16e+04         1 -1.54e-07 -0.000302
         *Z       ---       ---  1.63e+24  1.63e+28
      *Q - eigenvalue over the collision frequency in first well
      *P - eigenvector projection squared on the relaxation subspace (= 1 - F_ne)
      *Z - well partition function square root
      dimension of the chemical subspace = 0
      isomers-to-bimolecular equilibrium coefficients (kappa matrix):
        W\P        P1        P2
         W1     0.962         0
         W2         0         1
      prompt isomerization/dissociation:
      W\W,P,E     Total        P1        P2
           W1         1     0.965     0.038
           W2         1  2.66e-06      1.02

   MasterEquation::direct_diagonalization_method:  done, cpu time[sec] = 7.03, elapsed time[sec] = 1
   MasterEquation::direct_diagonalization_method:  starts
      Pressure = 0.1 atm	 Temperature = 2100 K
            Well    Collision, 1/sec
              W1            1.91e+08
              W2            1.91e+08
      global relaxation matrix dimension = 623
      setting global matrices ... done, cpu time[sec] = 0.16, elapsed time[sec] = 0
      diagonalizing global relaxation matrix ... done, cpu time[sec] = 3.9, elapsed time[sec] = 1
      microscopic rate coefficients (at reference energy) over collision frequency:
         W1<->W2
        3.48e+06
          W1->P1    W2->P2
        2.84e+07  3.13e+03
      eigenvector populations normalized:
          L        *R        *P        W1        W2
          0     0.985         1         0         1
          1     0.992         1         0         1
      *R - eigenvalue over the relaxation limit
      *P - eigenvector projection squared on the relaxation subspace (= 1 -F_ne)
      eigenvector projections:
          L        *Q        *P        W1        W2
          0  3.13e+03         1  -1.5e-07  -0.00029
          1  3.16e+03         1 -1.55e-07 -0.000303
         *Z       ---       ---  1.63e+24  1.63e+28
      *Q - eigenvalue over the collision frequency in first well
      *P - eigenvector projection squared on the relaxation subspace (= 1 - F_ne)
      *Z - well partition function square root
      dimension of the chemical subspace = 0
      isomers-to-bimolecular equilibrium coefficients (kappa matrix):
        W\P        P1        P2
         W1     0.962         0
         W2         0         1
      prompt isomerization/dissociation:
      W\W,P,E     Total        P1        P2
           W1         1     0.965     0.038
           W2         1  2.66e-06      1.02

   MasterEquation::direct_diagonalization_method:  done, cpu time[sec] = 7.52, elapsed time[sec] = 1
   MasterEquation::direct_diagonalization_method:  starts
      Pressure = 1 atm	 Temperature = 2100 K
            Well    Collision, 1/sec
              W1            1.91e+09
              W2            1.91e+09
      global relaxation matrix dimension = 623
      setting global matrices ... done, cpu time[sec] = 0.04, elapsed time[sec] = 0
      diagonalizing global relaxation matrix ... done, cpu time[sec] = 3.61, elapsed time[sec] = 0
      microscopic rate coefficients (at reference energy) over collision frequency:
         W1<->W2
        3.48e+05
          W1->P1    W2->P2
        2.84e+06       313
      eigenvector populations normalized:
          L        *R        *P        W1        W2
          0     0.984         1         0         1
          1     0.992         1         0         1
      *R - eigenvalue over the relaxation limit
      *P - eigenvector projection squared on the relaxation subspace (= 1 -F_ne)
      eigenvector projections:
          L        *Q        *P        W1        W2
          0       314         1 -1.63e-07 -0.000315
          1       316         1  -1.6e-07 -0.000315
         *Z       ---       ---  1.63e+24  1.63e+28
      *Q - eigenvalue over the collision frequency in first well
      *P - eigenvector projection squared on the relaxation subspace (= 1 - F_ne)
      *Z - well partition function square root
      dimension of the chemical subspace = 0
      isomers-to-bimolecular equilibrium coefficients (kappa matrix):
        W\P        P1        P2
         W1     0.962         0
         W2         0         1
      prompt isomerization/dissociation:
      W\W,P,E     Total        P1        P2
           W1         1     0.965     0.038
           W2         1  2.66e-06      1.02

   MasterEquation::direct_diagonalization_method:  done, cpu time[sec] = 5.08, elapsed time[sec] = 0
   MasterEquation::direct_diagonalization_method:  starts
      Pressure = 10 atm	 Temperature = 2100 K
            Well    Collision, 1/sec
              W1            1.91e+10
              W2            1.91e+10
      global relaxation matrix dimension = 623
      setting global matrices ... done, cpu time[sec] = 0.04, elapsed time[sec] = 0
      diagonalizing global relaxation matrix ... done, cpu time[sec] = 5.62, elapsed time[sec] = 1
      microscopic rate coefficients (at reference energy) over collision frequency:
         W1<->W2
        3.48e+04
          W1->P1    W2->P2
        2.84e+05      31.3
      eigenvector populations normalized:
          L        *R        *P        W1        W2
          0     0.977         1         0         1
          1      0.99         1         0         1
      *R - eigenvalue over the relaxation limit
      *P - eigenvector projection squared on the relaxation subspace (= 1 -F_ne)
      eigenvector projections:
          L        *Q        *P        W1        W2
          0      31.7         1  2.77e-07  0.000548
          1      32.1         1 -1.93e-07 -0.000392
         *Z       ---       ---  1.63e+24  1.63e+28
      *Q - eigenvalue over the collision frequency in first well
      *P - eigenvector projection squared on the relaxation subspace (= 1 - F_ne)
      *Z - well partition function square root
      dimension of the chemical subspace = 0
      isomers-to-bimolecular equilibrium coefficients (kappa matrix):
        W\P        P1        P2
         W1     0.962         0
         W2         0         1
      prompt isomerization/dissociation:
      W\W,P,E     Total        P1        P2
           W1         1     0.965     0.038
           W2         1  2.66e-06      1.02

   MasterEquation::direct_diagonalization_method:  done, cpu time[sec] = 6.79, elapsed time[sec] = 1
   MasterEquation::direct_diagonalization_method:  starts
      Pressure = 100 atm	 Temperature = 2100 K
            Well    Collision, 1/sec
              W1            1.91e+11
              W2            1.91e+11
      global relaxation matrix dimension = 623
      setting global matrices ... done, cpu time[sec] = 0.05, elapsed time[sec] = 0
      diagonalizing global relaxation matrix ... done, cpu time[sec] = 2.59, elapsed time[sec] = 0
      microscopic rate coefficients (at reference energy) over collision frequency:
         W1<->W2
        3.48e+03
          W1->P1    W2->P2
        2.84e+04      3.13
      eigenvector populations normalized:
          L        *R        *P        W1        W2
          0     0.892         1         0         1
          1      0.96         1         0         1
      *R - eigenvalue over the relaxation limit
      *P - eigenvector projection squared on the relaxation subspace (= 1 -F_ne)
      eigenvector projections:
          L        *Q        *P        W1        W2
          0      3.32         1  6.52e-07   0.00141
          1      3.57         1 -6.32e-07  -0.00162
         *Z       ---       ---  1.63e+24  1.63e+28
      *Q - eigenvalue over the collision frequency in first well
      *P - eigenvector projection squared on the relaxation subspace (= 1 - F_ne)
      *Z - well partition function square root
      dimension of the chemical subspace = 0
      isomers-to-bimolecular equilibrium coefficients (kappa matrix):
        W\P        P1        P2
         W1     0.962         0
         W2         0         1
      prompt isomerization/dissociation:
      W\W,P,E     Total        P1        P2
           W1         1     0.965     0.038
           W2         1  2.66e-06      1.02

   MasterEquation::direct_diagonalization_method:  done, cpu time[sec] = 5.25, elapsed time[sec] = 1
   MasterEquation::set:  starts
      C1: e = 111 kcal/mol, c = 35.9
      C2: e = 110 kcal/mol, c = 35.3
      B1: e = 119 kcal/mol, c = 37.9
      Temperature      = 2200 K
      Energy reference = 8.91e+04 1/cm
      Energy step      = 306 1/cm
      setting wells, barriers, and bimolecular starts
         W1 Well: thermal energy = 124 kcal/mol
         W1 Well: density of states done, elapsed time[sec] = 0
         W1 Well: collisional kernel bandwidth = 31
         W1 Well: collisional energy transfer kernel done, elapsed time[sec] = 0.01
         W1 Well: relaxation modes basis done, elapsed time[sec] = 0
         W1 Well: kernel in relaxation modes basis done, elapsed time[sec] = 0.38
         W1 Well: relaxation eigenvalues done, elapsed time[sec] = 0.16
         W1 Well: minimal relaxation eigenvalue = 0.00788
         W1 Well: maximal relaxation eigenvalue = 24.5
         W1 Well:       grid size = 292
         W1 Well:      real depth = -3 1/cm
         W1 Well: effective depth = -218 1/cm
         W2 Well: thermal energy = 127 kcal/mol
         W2 Well: density of states done, elapsed time[sec] = 0
         W2 Well: collisional kernel bandwidth = 31
         W2 Well: collisional energy transfer kernel done, elapsed time[sec] = 0.01
         W2 Well: relaxation modes basis done, elapsed time[sec] = 0.02
         W2 Well: kernel in relaxation modes basis done, elapsed time[sec] = 0.49
         W2 Well: relaxation eigenvalues done, elapsed time[sec] = 0.4
         W2 Well: minimal relaxation eigenvalue = 0.00785
         W2 Well: maximal relaxation eigenvalue = 28.5
         W2 Well:       grid size = 335
         W2 Well:      real depth = -13255 1/cm
         W2 Well: effective depth = -13369 1/cm
         B1 Barrier:        grid size = 290
         B1 Barrier:      real height = 407 1/cm
         B1 Barrier: effective height = 392 1/cm
         C1 Barrier:        grid size = 292
         C1 Barrier:      real height = 0 1/cm
         C1 Barrier: effective height = -218 1/cm
         C2 Barrier:        grid size = 335
         C2 Barrier:      real height = -13246 1/cm
         C2 Barrier: effective height = -13369 1/cm
      setting wells, barriers, and bimolecular done, cpu time[sec] = 1.72, elapsed time[sec] = 0
      Bound Species (D1/D2 - density of states at dissociation energy (DE)/reference energy):
       Name  Depth     DE       *D1       *D2
              1/cm   1/cm        cm        cm
         W1   -218   -218  2.14e+03  3.07e+38
         W2 -13369 -13369  6.87e+04  5.37e+44
      Well-to-Well Barriers (N - number of states at the reference energy):
       Name Height        *N
              1/cm          
         B1    393  6.71e+42
      Well-to-Bimolecular Barriers (N - number of states at the reference energy):
       Name Height        *N
              1/cm          
         C1   -218     5e+43
         C2 -13369   9.4e+45
      Effective equilibrium constants(bimolecular units - cm^3):
        Q/Q        W1        W2        P1        P2
         W1         1  1.45e-08  7.71e-24  7.78e-28
         W2  6.92e+07         1  5.33e-16  5.38e-20
         P1   1.3e+23  1.87e+15         1  0.000101
         P2  1.29e+27  1.86e+19  9.91e+03         1
      Real equilibrium constants(bimolecular units - cm^3):
        Q/Q        W1        W2        P1        P2
         W1         1  1.46e-08  1.07e-26  1.08e-30
         W2  6.83e+07         1  7.32e-19  7.38e-23
         P1  9.34e+25  1.37e+18         1  0.000101
         P2  9.26e+29  1.35e+22  9.91e+03         1
   MasterEquation::set:  done, cpu time[sec] = 2.27, elapsed time[sec] = 0
   MasterEquation::direct_diagonalization_method:  starts
      Pressure = 0.01 atm	 Temperature = 2200 K
            Well    Collision, 1/sec
              W1            1.85e+07
              W2            1.85e+07
      global relaxation matrix dimension = 627
      setting global matrices ... done, cpu time[sec] = 0.23, elapsed time[sec] = 0
      diagonalizing global relaxation matrix ... done, cpu time[sec] = 3.7, elapsed time[sec] = 0
      microscopic rate coefficients (at reference energy) over collision frequency:
         W1<->W2
        3.54e+07
          W1->P1    W2->P2
        2.64e+08  2.84e+04
      eigenvector populations normalized:
          L        *R        *P        W1        W2
          0     0.985         1         0         1
          1     0.992         1         0         1
      *R - eigenvalue over the relaxation limit
      *P - eigenvector projection squared on the relaxation subspace (= 1 -F_ne)
      eigenvector projections:
          L        *Q        *P        W1        W2
          0  2.84e+04         1 -1.78e-07 -0.000316
          1  2.86e+04         1  1.84e-07  0.000331
         *Z       ---       ---  4.14e+24  3.44e+28
      *Q - eigenvalue over the collision frequency in first well
      *P - eigenvector projection squared on the relaxation subspace (= 1 - F_ne)
      *Z - well partition function square root
      dimension of the chemical subspace = 0
      isomers-to-bimolecular equilibrium coefficients (kappa matrix):
        W\P        P1        P2
         W1     0.958         0
         W2         0         1
      prompt isomerization/dissociation:
      W\W,P,E     Total        P1        P2
           W1         1     0.961    0.0418
           W2         1  4.36e-06      1.02

   MasterEquation::direct_diagonalization_method:  done, cpu time[sec] = 5.11, elapsed time[sec] = 0
   MasterEquation::direct_diagonalization_method:  starts
      Pressure = 0.1 atm	 Temperature = 2200 K
            Well    Collision, 1/sec
              W1            1.85e+08
              W2            1.85e+08
      global relaxation matrix dimension = 627
      setting global matrices ... done, cpu time[sec] = 0.04, elapsed time[sec] = 0
      diagonalizing global relaxation matrix ... done, cpu time[sec] = 6.04, elapsed time[sec] = 1
      microscopic rate coefficients (at reference energy) over collision frequency:
         W1<->W2
        3.54e+06
          W1->P1    W2->P2
        2.64e+07  2.84e+03
      eigenvector populations normalized:
          L        *R        *P        W1        W2
          0     0.984         1         0         1
          1     0.992         1         0         1
      *R - eigenvalue over the relaxation limit
      *P - eigenvector projection squared on the relaxation subspace (= 1 -F_ne)
      eigenvector projections:
          L        *Q        *P        W1        W2
          0  2.84e+03         1 -1.79e-07 -0.000319
          1  2.86e+03         1  1.84e-07  0.000333
         *Z       ---       ---  4.14e+24  3.44e+28
      *Q - eigenvalue over the collision frequency in first well
      *P - eigenvector projection squared on the relaxation subspace (= 1 - F_ne)
      *Z - well partition function square root
      dimension of the chemical subspace = 0
      isomers-to-bimolecular equilibrium coefficients (kappa matrix):
        W\P        P1        P2
         W1     0.958         0
         W2         0         1
      prompt isomerization/dissociation:
      W\W,P,E     Total        P1        P2
           W1         1     0.961    0.0418
           W2         1  4.36e-06      1.02

   MasterEquation::direct_diagonalization_method:  done, cpu time[sec] = 7.71, elapsed time[sec] = 1
   MasterEquation::direct_diagonalization_method:  starts
      Pressure = 1 atm	 Temperature = 2200 K
            Well    Collision, 1/sec
              W1            1.85e+09
              W2            1.85e+09
      global relaxation matrix dimension = 627
      setting global matrices ... done, cpu time[sec] = 0.23, elapsed time[sec] = 0
      diagonalizing global relaxation matrix ... done, cpu time[sec] = 3.4, elapsed time[sec] = 1
      microscopic rate coefficients (at reference energy) over collision frequency:
         W1<->W2
        3.54e+05
          W1->P1    W2->P2
        2.64e+06       284
      eigenvector populations normalized:
          L        *R        *P        W1        W2
          0     0.984         1         0         1
          1     0.992         1         0         1
      *R - eigenvalue over the relaxation limit
      *P - eigenvector projection squared on the relaxation subspace (= 1 -F_ne)
      eigenvector projections:
          L        *Q        *P        W1        W2
          0       284         1  1.96e-07  0.000349
          1       287         1 -1.91e-07 -0.000347
         *Z       ---       ---  4.14e+24  3.44e+28
      *Q - eigenvalue over the collision frequency in first well
      *P - eigenvector projection squared on the relaxation subspace (= 1 - F_ne)
      *Z - well partition function square root
      dimension of the chemical subspace = 0
      isomers-to-bimolecular equilibrium coefficients (kappa matrix):
        W\P        P1        P2
         W1     0.958         0
         W2         0         1
      prompt isomerization/dissociation:
      W\W,P,E     Total        P1        P2
           W1         1     0.961    0.0418
           W2         1  4.36e-06      1.02

   MasterEquation::direct_diagonalization_method:  done, cpu time[sec] = 7.98, elapsed time[sec] = 1
   MasterEquation::direct_diagonalization_method:  starts
      Pressure = 10 atm	 Temperature = 2200 K
            Well    Collision, 1/sec
              W1            1.85e+10
              W2            1.85e+10
      global relaxation matrix dimension = 627
      setting global matrices ... done, cpu time[sec] = 0.15, elapsed time[sec] = 0
      diagonalizing global relaxation matrix ... done, cpu time[sec] = 3.13, elapsed time[sec] = 1
      microscopic rate coefficients (at reference energy) over collision frequency:
         W1<->W2
        3.54e+04
          W1->P1    W2->P2
        2.64e+05      28.4
      eigenvector populations normalized:
          L        *R        *P        W1        W2
          0     0.975         1         0         1
          1      0.99         1         0         1
      *R - eigenvalue over the relaxation limit
      *P - eigenvector projection squared on the relaxation subspace (= 1 -F_ne)
      eigenvector projections:
          L        *Q        *P        W1        W2
          0      28.8         1  3.42e-07  0.000624
          1      29.2         1 -2.33e-07 -0.000438
         *Z       ---       ---  4.14e+24  3.44e+28
      *Q - eigenvalue over the collision frequency in first well
      *P - eigenvector projection squared on the relaxation subspace (= 1 - F_ne)
      *Z - well partition function square root
      dimension of the chemical subspace = 0
      isomers-to-bimolecular equilibrium coefficients (kappa matrix):
        W\P        P1        P2
         W1     0.958         0
         W2         0         1
      prompt isomerization/dissociation:
      W\W,P,E     Total        P1        P2
           W1         1     0.961    0.0418
           W2         1  4.36e-06      1.02

   MasterEquation::direct_diagonalization_method:  done, cpu time[sec] = 5.14, elapsed time[sec] = 1
   MasterEquation::direct_diagonalization_method:  starts
      Pressure = 100 atm	 Temperature = 2200 K
            Well    Collision, 1/sec
              W1            1.85e+11
              W2            1.85e+11
      global relaxation matrix dimension = 627
      setting global matrices ... done, cpu time[sec] = 0.04, elapsed time[sec] = 0
      diagonalizing global relaxation matrix ... done, cpu time[sec] = 5.94, elapsed time[sec] = 0
      microscopic rate coefficients (at reference energy) over collision frequency:
         W1<->W2
        3.54e+03
          W1->P1    W2->P2
        2.64e+04      2.84
      eigenvector populations normalized:
          L        *R        *P        W1        W2
          0     0.885         1         0         1
          1     0.957         1         0         1
      *R - eigenvalue over the relaxation limit
      *P - eigenvector projection squared on the relaxation subspace (= 1 -F_ne)
      eigenvector projections:
          L        *Q        *P        W1        W2
          0      3.01         1 -7.97e-07  -0.00159
          1      3.26         1  7.95e-07   0.00188
         *Z       ---       ---  4.14e+24  3.44e+28
      *Q - eigenvalue over the collision frequency in first well
      *P - eigenvector projection squared on the relaxation subspace (= 1 - F_ne)
      *Z - well partition function square root
      dimension of the chemical subspace = 0
      isomers-to-bimolecular equilibrium coefficients (kappa matrix):
        W\P        P1        P2
         W1     0.958         0
         W2         0         1
      prompt isomerization/dissociation:
      W\W,P,E     Total        P1        P2
           W1         1     0.961    0.0418
           W2         1  4.36e-06      1.02

   MasterEquation::direct_diagonalization_method:  done, cpu time[sec] = 9.07, elapsed time[sec] = 1
   MasterEquation::set:  starts
      C1: e = 118 kcal/mol, c = 36.2
      C2: e = 117 kcal/mol, c = 35.6
      B1: e = 127 kcal/mol, c = 38.1
      Temperature      = 2300 K
      Energy reference = 9.4e+04 1/cm
      Energy step      = 320 1/cm
      setting wells, barriers, and bimolecular starts
         W1 Well: thermal energy = 132 kcal/mol
         W1 Well: density of states done, elapsed time[sec] = 0
         W1 Well: collisional kernel bandwidth = 30
         W1 Well: collisional energy transfer kernel done, elapsed time[sec] = 0.02
         W1 Well: relaxation modes basis done, elapsed time[sec] = 0.01
         W1 Well: kernel in relaxation modes basis done, elapsed time[sec] = 0.19
         W1 Well: relaxation eigenvalues done, elapsed time[sec] = 0.13
         W1 Well: minimal relaxation eigenvalue = 0.00753
         W1 Well: maximal relaxation eigenvalue = 26
         W1 Well:       grid size = 295
         W1 Well:      real depth = -3 1/cm
         W1 Well: effective depth = -282 1/cm
         W2 Well: thermal energy = 135 kcal/mol
         W2 Well: density of states done, elapsed time[sec] = 0.01
         W2 Well: collisional kernel bandwidth = 30
         W2 Well: collisional energy transfer kernel done, elapsed time[sec] = 0.01
         W2 Well: relaxation modes basis done, elapsed time[sec] = 0.02
         W2 Well: kernel in relaxation modes basis done, elapsed time[sec] = 0.3
         W2 Well: relaxation eigenvalues done, elapsed time[sec] = 0.31
         W2 Well: minimal relaxation eigenvalue = 0.0075
         W2 Well: maximal relaxation eigenvalue = 27.8
         W2 Well:       grid size = 336
         W2 Well:      real depth = -13255 1/cm
         W2 Well: effective depth = -13390 1/cm
         B1 Barrier:        grid size = 293
         B1 Barrier:      real height = 407 1/cm
         B1 Barrier: effective height = 357 1/cm
         C1 Barrier:        grid size = 295
         C1 Barrier:      real height = 0 1/cm
         C1 Barrier: effective height = -282 1/cm
         C2 Barrier:        grid size = 336
         C2 Barrier:      real height = -13246 1/cm
         C2 Barrier: effective height = -13390 1/cm
      setting wells, barriers, and bimolecular done, cpu time[sec] = 1.21, elapsed time[sec] = 0
      Bound Species (D1/D2 - density of states at dissociation energy (DE)/reference energy):
       Name  Depth     DE       *D1       *D2
              1/cm   1/cm        cm        cm
         W1   -282   -282       867  1.84e+39
         W2 -13390 -13390  6.06e+04  2.71e+45
      Well-to-Well Barriers (N - number of states at the reference energy):
       Name Height        *N
              1/cm          
         B1    358  3.97e+43
      Well-to-Bimolecular Barriers (N - number of states at the reference energy):
       Name Height        *N
              1/cm          
         C1   -282  2.71e+44
         C2 -13390  4.19e+46
      Effective equilibrium constants(bimolecular units - cm^3):
        Q/Q        W1        W2        P1        P2
         W1         1  2.04e-08  8.08e-24  1.21e-27
         W2  4.91e+07         1  3.96e-16  5.92e-20
         P1  1.24e+23  2.52e+15         1   0.00015
         P2  8.28e+26  1.69e+19  6.69e+03         1
      Real equilibrium constants(bimolecular units - cm^3):
        Q/Q        W1        W2        P1        P2
         W1         1  2.06e-08  1.17e-26  1.75e-30
         W2  4.85e+07         1  5.68e-19   8.5e-23
         P1  8.53e+25  1.76e+18         1   0.00015
         P2   5.7e+29  1.18e+22  6.69e+03         1
   MasterEquation::set:  done, cpu time[sec] = 1.53, elapsed time[sec] = 0
   MasterEquation::direct_diagonalization_method:  starts
      Pressure = 0.01 atm	 Temperature = 2300 K
            Well    Collision, 1/sec
              W1             1.8e+07
              W2             1.8e+07
      global relaxation matrix dimension = 631
      setting global matrices ... done, cpu time[sec] = 0.35, elapsed time[sec] = 0
      diagonalizing global relaxation matrix ... done, cpu time[sec] = 6.88, elapsed time[sec] = 1
      microscopic rate coefficients (at reference energy) over collision frequency:
         W1<->W2
         3.6e+07
          W1->P1    W2->P2
        2.46e+08  2.58e+04
      eigenvector populations normalized:
          L        *R        *P        W1        W2
          0     0.984         1         0         1
          1     0.992         1         0         1
      *R - eigenvalue over the relaxation limit
      *P - eigenvector projection squared on the relaxation subspace (= 1 -F_ne)
      eigenvector projections:
          L        *Q        *P        W1        W2
          0  2.58e+04         1 -2.09e-07 -0.000344
          1   2.6e+04         1  2.16e-07   0.00036
         *Z       ---       ---  1.01e+25   7.1e+28
      *Q - eigenvalue over the collision frequency in first well
      *P - eigenvector projection squared on the relaxation subspace (= 1 - F_ne)
      *Z - well partition function square root
      dimension of the chemical subspace = 0
      isomers-to-bimolecular equilibrium coefficients (kappa matrix):
        W\P        P1        P2
         W1     0.954         0
         W2         0         1
      prompt isomerization/dissociation:
      W\W,P,E     Total        P1        P2
           W1         1     0.958    0.0458
           W2         1  6.89e-06      1.02

   MasterEquation::direct_diagonalization_method:  done, cpu time[sec] = 11.7, elapsed time[sec] = 1
   MasterEquation::direct_diagonalization_method:  starts
      Pressure = 0.1 atm	 Temperature = 2300 K
            Well    Collision, 1/sec
              W1             1.8e+08
              W2             1.8e+08
      global relaxation matrix dimension = 631
      setting global matrices ... done, cpu time[sec] = 0.05, elapsed time[sec] = 0
      diagonalizing global relaxation matrix ... done, cpu time[sec] = 5.19, elapsed time[sec] = 1
      microscopic rate coefficients (at reference energy) over collision frequency:
         W1<->W2
         3.6e+06
          W1->P1    W2->P2
        2.46e+07  2.58e+03
      eigenvector populations normalized:
          L        *R        *P        W1        W2
          0     0.984         1         0         1
          1     0.992         1         0         1
      *R - eigenvalue over the relaxation limit
      *P - eigenvector projection squared on the relaxation subspace (= 1 -F_ne)
      eigenvector projections:
          L        *Q        *P        W1        W2
          0  2.58e+03         1  2.11e-07  0.000347
          1   2.6e+03         1 -2.17e-07 -0.000362
         *Z       ---       ---  1.01e+25   7.1e+28
      *Q - eigenvalue over the collision frequency in first well
      *P - eigenvector projection squared on the relaxation subspace (= 1 - F_ne)
      *Z - well partition function square root
      dimension of the chemical subspace = 0
      isomers-to-bimolecular equilibrium coefficients (kappa matrix):
        W\P        P1        P2
         W1     0.954         0
         W2         0         1
      prompt isomerization/dissociation:
      W\W,P,E     Total        P1        P2
           W1         1     0.958    0.0458
           W2         1  6.89e-06      1.02

   MasterEquation::direct_diagonalization_method:  done, cpu time[sec] = 7.87, elapsed time[sec] = 1
   MasterEquation::direct_diagonalization_method:  starts
      Pressure = 1 atm	 Temperature = 2300 K
            Well    Collision, 1/sec
              W1             1.8e+09
              W2             1.8e+09
      global relaxation matrix dimension = 631
      setting global matrices ... done, cpu time[sec] = 0.2, elapsed time[sec] = 0
      diagonalizing global relaxation matrix ... done, cpu time[sec] = 7.27, elapsed time[sec] = 1
      microscopic rate coefficients (at reference energy) over collision frequency:
         W1<->W2
         3.6e+05
          W1->P1    W2->P2
        2.46e+06       258
      eigenvector populations normalized:
          L        *R        *P        W1        W2
          0     0.984         1         0         1
          1     0.992         1         0         1
      *R - eigenvalue over the relaxation limit
      *P - eigenvector projection squared on the relaxation subspace (= 1 -F_ne)
      eigenvector projections:
          L        *Q        *P        W1        W2
          0       259         1 -2.32e-07 -0.000383
          1       261         1  2.26e-07  0.000379
         *Z       ---       ---  1.01e+25   7.1e+28
      *Q - eigenvalue over the collision frequency in first well
      *P - eigenvector projection squared on the relaxation subspace (= 1 - F_ne)
      *Z - well partition function square root
      dimension of the chemical subspace = 0
      isomers-to-bimolecular equilibrium coefficients (kappa matrix):
        W\P        P1        P2
         W1     0.954         0
         W2         0         1
      prompt isomerization/dissociation:
      W\W,P,E     Total        P1        P2
           W1         1     0.958    0.0458
           W2         1  6.89e-06      1.02

   MasterEquation::direct_diagonalization_method:  done, cpu time[sec] = 10.8, elapsed time[sec] = 1
   MasterEquation::direct_diagonalization_method:  starts
      Pressure = 10 atm	 Temperature = 2300 K
            Well    Collision, 1/sec
              W1             1.8e+10
              W2             1.8e+10
      global relaxation matrix dimension = 631
      setting global matrices ... done, cpu time[sec] = 0.15, elapsed time[sec] = 0
      diagonalizing global relaxation matrix ... done, cpu time[sec] = 6.3, elapsed time[sec] = 1
      microscopic rate coefficients (at reference energy) over collision frequency:
         W1<->W2
         3.6e+04
          W1->P1    W2->P2
        2.46e+05      25.8
      eigenvector populations normalized:
          L        *R        *P        W1        W2
          0     0.974         1         0         1
          1     0.989         1         0         1
      *R - eigenvalue over the relaxation limit
      *P - eigenvector projection squared on the relaxation subspace (= 1 -F_ne)
      eigenvector projections:
          L        *Q        *P        W1        W2
          0      26.2         1  4.17e-07  0.000703
          1      26.6         1 -2.79e-07 -0.000485
         *Z       ---       ---  1.01e+25   7.1e+28
      *Q - eigenvalue over the collision frequency in first well
      *P - eigenvector projection squared on the relaxation subspace (= 1 - F_ne)
      *Z - well partition function square root
      dimension of the chemical subspace = 0
      isomers-to-bimolecular equilibrium coefficients (kappa matrix):
        W\P        P1        P2
         W1     0.954         0
         W2         0         1
      prompt isomerization/dissociation:
      W\W,P,E     Total        P1        P2
           W1         1     0.958    0.0458
           W2         1  6.89e-06      1.02

   MasterEquation::direct_diagonalization_method:  done, cpu time[sec] = 9.01, elapsed time[sec] = 1
   MasterEquation::direct_diagonalization_method:  starts
      Pressure = 100 atm	 Temperature = 2300 K
            Well    Collision, 1/sec
              W1             1.8e+11
              W2             1.8e+11
      global relaxation matrix dimension = 631
      setting global matrices ... done, cpu time[sec] = 0.05, elapsed time[sec] = 0
      diagonalizing global relaxation matrix ... done, cpu time[sec] = 10.1, elapsed time[sec] = 1
      microscopic rate coefficients (at reference energy) over collision frequency:
         W1<->W2
         3.6e+03
          W1->P1    W2->P2
        2.46e+04      2.58
      eigenvector populations normalized:
          L        *R        *P        W1        W2
          0     0.879         1         0         1
          1     0.953         1         0         1
      *R - eigenvalue over the relaxation limit
      *P - eigenvector projection squared on the relaxation subspace (= 1 -F_ne)
      eigenvector projections:
          L        *Q        *P        W1        W2
          0      2.75         1  -9.6e-07  -0.00177
          1      2.98         1 -9.83e-07  -0.00215
         *Z       ---       ---  1.01e+25   7.1e+28
      *Q - eigenvalue over the collision frequency in first well
      *P - eigenvector projection squared on the relaxation subspace (= 1 - F_ne)
      *Z - well partition function square root
      dimension of the chemical subspace = 0
      isomers-to-bimolecular equilibrium coefficients (kappa matrix):
        W\P        P1        P2
         W1     0.954         0
         W2         0         1
      prompt isomerization/dissociation:
      W\W,P,E     Total        P1        P2
           W1         1     0.958    0.0458
           W2         1  6.89e-06      1.02

   MasterEquation::direct_diagonalization_method:  done, cpu time[sec] = 14.4, elapsed time[sec] = 2
   MasterEquation::set:  starts
      C1: e = 125 kcal/mol, c = 36.4
      C2: e = 124 kcal/mol, c = 35.8
      B1: e = 134 kcal/mol, c = 38.4
      Temperature      = 2400 K
      Energy reference = 9.9e+04 1/cm
      Energy step      = 334 1/cm
      setting wells, barriers, and bimolecular starts
         W1 Well: thermal energy = 140 kcal/mol
         W1 Well: density of states done, elapsed time[sec] = 0
         W1 Well: collisional kernel bandwidth = 29
         W1 Well: collisional energy transfer kernel done, elapsed time[sec] = 0.02
         W1 Well: relaxation modes basis done, elapsed time[sec] = 0.2
         W1 Well: kernel in relaxation modes basis done, elapsed time[sec] = 0.17
         W1 Well: relaxation eigenvalues done, elapsed time[sec] = 0.12
         W1 Well: minimal relaxation eigenvalue = 0.00721
         W1 Well: maximal relaxation eigenvalue = 22
         W1 Well:       grid size = 297
         W1 Well:      real depth = -3 1/cm
         W1 Well: effective depth = -82 1/cm
         W2 Well: thermal energy = 143 kcal/mol
         W2 Well: density of states done, elapsed time[sec] = 0
         W2 Well: collisional kernel bandwidth = 29
         W2 Well: collisional energy transfer kernel done, elapsed time[sec] = 0.01
         W2 Well: relaxation modes basis done, elapsed time[sec] = 0.01
         W2 Well: kernel in relaxation modes basis done, elapsed time[sec] = 0.43
         W2 Well: relaxation eigenvalues done, elapsed time[sec] = 0.49
         W2 Well: minimal relaxation eigenvalue = 0.00718
         W2 Well: maximal relaxation eigenvalue = 27.1
         W2 Well:       grid size = 337
         W2 Well:      real depth = -13255 1/cm
         W2 Well: effective depth = -13427 1/cm
         B1 Barrier:        grid size = 296
         B1 Barrier:      real height = 407 1/cm
         B1 Barrier: effective height = 251 1/cm
         C1 Barrier:        grid size = 297
         C1 Barrier:      real height = 0 1/cm
         C1 Barrier: effective height = -82 1/cm
         C2 Barrier:        grid size = 337
         C2 Barrier:      real height = -13246 1/cm
         C2 Barrier: effective height = -13427 1/cm
      setting wells, barriers, and bimolecular done, cpu time[sec] = 1.69, elapsed time[sec] = 0
      Bound Species (D1/D2 - density of states at dissociation energy (DE)/reference energy):
       Name  Depth     DE       *D1       *D2
              1/cm   1/cm        cm        cm
         W1    -82    -82   8.1e+03  1.03e+40
         W2 -13427 -13427  4.15e+04  1.29e+46
      Well-to-Well Barriers (N - number of states at the reference energy):
       Name Height        *N
              1/cm          
         B1    252  2.19e+44
      Well-to-Bimolecular Barriers (N - number of states at the reference energy):
       Name Height        *N
              1/cm          
         C1    -82  1.37e+45
         C2 -13427  1.77e+47
      Effective equilibrium constants(bimolecular units - cm^3):
        Q/Q        W1        W2        P1        P2
         W1         1  2.79e-08  8.46e-24  1.82e-27
         W2  3.58e+07         1  3.03e-16   6.5e-20
         P1  1.18e+23   3.3e+15         1  0.000215
         P2  5.51e+26  1.54e+19  4.66e+03         1
      Real equilibrium constants(bimolecular units - cm^3):
        Q/Q        W1        W2        P1        P2
         W1         1  2.83e-08  1.28e-26  2.75e-30
         W2  3.54e+07         1  4.53e-19  9.73e-23
         P1   7.8e+25  2.21e+18         1  0.000215
         P2  3.64e+29  1.03e+22  4.66e+03         1
   MasterEquation::set:  done, cpu time[sec] = 2.19, elapsed time[sec] = 0
   MasterEquation::direct_diagonalization_method:  starts
      Pressure = 0.01 atm	 Temperature = 2400 K
            Well    Collision, 1/sec
              W1            1.75e+07
              W2            1.75e+07
      global relaxation matrix dimension = 634
      setting global matrices ... done, cpu time[sec] = 0.23, elapsed time[sec] = 0
      diagonalizing global relaxation matrix ... done, cpu time[sec] = 7.22, elapsed time[sec] = 1
      microscopic rate coefficients (at reference energy) over collision frequency:
         W1<->W2
        3.66e+07
          W1->P1    W2->P2
        2.29e+08  2.35e+04
      eigenvector populations normalized:
          L        *R        *P        W1        W2
          0     0.984         1         0         1
          1     0.992         1         0         1
      *R - eigenvalue over the relaxation limit
      *P - eigenvector projection squared on the relaxation subspace (= 1 -F_ne)
      eigenvector projections:
          L        *Q        *P        W1        W2
          0  2.36e+04         1 -2.44e-07 -0.000371
          1  2.38e+04         1 -2.52e-07 -0.000389
         *Z       ---       ---   2.4e+25  1.43e+29
      *Q - eigenvalue over the collision frequency in first well
      *P - eigenvector projection squared on the relaxation subspace (= 1 - F_ne)
      *Z - well partition function square root
      dimension of the chemical subspace = 0
      isomers-to-bimolecular equilibrium coefficients (kappa matrix):
        W\P        P1        P2
         W1      0.95         0
         W2         0         1
      prompt isomerization/dissociation:
      W\W,P,E     Total        P1        P2
           W1         1     0.953    0.0499
           W2         1  1.05e-05      1.02

   MasterEquation::direct_diagonalization_method:  done, cpu time[sec] = 10.6, elapsed time[sec] = 1
   MasterEquation::direct_diagonalization_method:  starts
      Pressure = 0.1 atm	 Temperature = 2400 K
            Well    Collision, 1/sec
              W1            1.75e+08
              W2            1.75e+08
      global relaxation matrix dimension = 634
      setting global matrices ... done, cpu time[sec] = 0.04, elapsed time[sec] = 0
      diagonalizing global relaxation matrix ... done, cpu time[sec] = 4.49, elapsed time[sec] = 1
      microscopic rate coefficients (at reference energy) over collision frequency:
         W1<->W2
        3.66e+06
          W1->P1    W2->P2
        2.29e+07  2.35e+03
      eigenvector populations normalized:
          L        *R        *P        W1        W2
          0     0.984         1         0         1
          1     0.992         1         0         1
      *R - eigenvalue over the relaxation limit
      *P - eigenvector projection squared on the relaxation subspace (= 1 -F_ne)
      eigenvector projections:
          L        *Q        *P        W1        W2
          0  2.36e+03         1 -2.46e-07 -0.000375
          1  2.38e+03         1  2.53e-07  0.000391
         *Z       ---       ---   2.4e+25  1.43e+29
      *Q - eigenvalue over the collision frequency in first well
      *P - eigenvector projection squared on the relaxation subspace (= 1 - F_ne)
      *Z - well partition function square root
      dimension of the chemical subspace = 0
      isomers-to-bimolecular equilibrium coefficients (kappa matrix):
        W\P        P1        P2
         W1      0.95         0
         W2         0         1
      prompt isomerization/dissociation:
      W\W,P,E     Total        P1        P2
           W1         1     0.953    0.0499
           W2         1  1.05e-05      1.02

   MasterEquation::direct_diagonalization_method:  done, cpu time[sec] = 8.41, elapsed time[sec] = 1
   MasterEquation::direct_diagonalization_method:  starts
      Pressure = 1 atm	 Temperature = 2400 K
            Well    Collision, 1/sec
              W1            1.75e+09
              W2            1.75e+09
      global relaxation matrix dimension = 634
      setting global matrices ... done, cpu time[sec] = 0.05, elapsed time[sec] = 0
      diagonalizing global relaxation matrix ... done, cpu time[sec] = 7.66, elapsed time[sec] = 1
      microscopic rate coefficients (at reference energy) over collision frequency:
         W1<->W2
        3.66e+05
          W1->P1    W2->P2
        2.29e+06       235
      eigenvector populations normalized:
          L        *R        *P        W1        W2
          0     0.984         1         0         1
          1     0.992         1         0         1
      *R - eigenvalue over the relaxation limit
      *P - eigenvector projection squared on the relaxation subspace (= 1 -F_ne)
      eigenvector projections:
          L        *Q        *P        W1        W2
          0       236         1 -2.73e-07 -0.000418
          1       238         1  2.64e-07   0.00041
         *Z       ---       ---   2.4e+25  1.43e+29
      *Q - eigenvalue over the collision frequency in first well
      *P - eigenvector projection squared on the relaxation subspace (= 1 - F_ne)
      *Z - well partition function square root
      dimension of the chemical subspace = 0
      isomers-to-bimolecular equilibrium coefficients (kappa matrix):
        W\P        P1        P2
         W1      0.95         0
         W2         0         1
      prompt isomerization/dissociation:
      W\W,P,E     Total        P1        P2
           W1         1     0.953    0.0499
           W2         1  1.05e-05      1.02

   MasterEquation::direct_diagonalization_method:  done, cpu time[sec] = 11, elapsed time[sec] = 1
   MasterEquation::direct_diagonalization_method:  starts
      Pressure = 10 atm	 Temperature = 2400 K
            Well    Collision, 1/sec
              W1            1.75e+10
              W2            1.75e+10
      global relaxation matrix dimension = 634
      setting global matrices ... done, cpu time[sec] = 0.05, elapsed time[sec] = 0
      diagonalizing global relaxation matrix ... done, cpu time[sec] = 7.24, elapsed time[sec] = 1
      microscopic rate coefficients (at reference energy) over collision frequency:
         W1<->W2
        3.66e+04
          W1->P1    W2->P2
        2.29e+05      23.5
      eigenvector populations normalized:
          L        *R        *P        W1        W2
          0     0.973         1         0         1
          1     0.989         1         0         1
      *R - eigenvalue over the relaxation limit
      *P - eigenvector projection squared on the relaxation subspace (= 1 -F_ne)
      eigenvector projections:
          L        *Q        *P        W1        W2
          0      23.9         1  5.02e-07  0.000786
          1      24.3         1  3.31e-07  0.000534
         *Z       ---       ---   2.4e+25  1.43e+29
      *Q - eigenvalue over the collision frequency in first well
      *P - eigenvector projection squared on the relaxation subspace (= 1 - F_ne)
      *Z - well partition function square root
      dimension of the chemical subspace = 0
      isomers-to-bimolecular equilibrium coefficients (kappa matrix):
        W\P        P1        P2
         W1      0.95         0
         W2         0         1
      prompt isomerization/dissociation:
      W\W,P,E     Total        P1        P2
           W1         1     0.953    0.0499
           W2         1  1.05e-05      1.02

   MasterEquation::direct_diagonalization_method:  done, cpu time[sec] = 10, elapsed time[sec] = 1
   MasterEquation::direct_diagonalization_method:  starts
      Pressure = 100 atm	 Temperature = 2400 K
            Well    Collision, 1/sec
              W1            1.75e+11
              W2            1.75e+11
      global relaxation matrix dimension = 634
      setting global matrices ... done, cpu time[sec] = 0.06, elapsed time[sec] = 0
      diagonalizing global relaxation matrix ... done, cpu time[sec] = 8.08, elapsed time[sec] = 1
      microscopic rate coefficients (at reference energy) over collision frequency:
         W1<->W2
        3.66e+03
          W1->P1    W2->P2
        2.29e+04      2.35
      eigenvector populations normalized:
          L        *R        *P        W1        W2
          0     0.873         1         0         1
          1      0.95         1         0         1
      *R - eigenvalue over the relaxation limit
      *P - eigenvector projection squared on the relaxation subspace (= 1 -F_ne)
      eigenvector projections:
          L        *Q        *P        W1        W2
          0      2.51         1  1.14e-06   0.00196
          1      2.74         1  -1.2e-06  -0.00244
         *Z       ---       ---   2.4e+25  1.43e+29
      *Q - eigenvalue over the collision frequency in first well
      *P - eigenvector projection squared on the relaxation subspace (= 1 - F_ne)
      *Z - well partition function square root
      dimension of the chemical subspace = 0
      isomers-to-bimolecular equilibrium coefficients (kappa matrix):
        W\P        P1        P2
         W1      0.95         0
         W2         0         1
      prompt isomerization/dissociation:
      W\W,P,E     Total        P1        P2
           W1         1     0.953    0.0499
           W2         1  1.05e-05      1.02

   MasterEquation::direct_diagonalization_method:  done, cpu time[sec] = 12.5, elapsed time[sec] = 2
   MasterEquation::set:  starts
      C1: e = 133 kcal/mol, c = 36.7
      C2: e = 131 kcal/mol, c = 36
      B1: e = 142 kcal/mol, c = 38.6
      Temperature      = 2500 K
      Energy reference = 1.04e+05 1/cm
      Energy step      = 348 1/cm
      setting wells, barriers, and bimolecular starts
         W1 Well: thermal energy = 148 kcal/mol
         W1 Well: density of states done, elapsed time[sec] = 0
         W1 Well: collisional kernel bandwidth = 29
         W1 Well: collisional energy transfer kernel done, elapsed time[sec] = 0.01
         W1 Well: relaxation modes basis done, elapsed time[sec] = 0.01
         W1 Well: kernel in relaxation modes basis done, elapsed time[sec] = 0.26
         W1 Well: relaxation eigenvalues done, elapsed time[sec] = 0.17
         W1 Well: minimal relaxation eigenvalue = 0.00692
         W1 Well: maximal relaxation eigenvalue = 24.3
         W1 Well:       grid size = 300
         W1 Well:      real depth = -3 1/cm
         W1 Well: effective depth = -274 1/cm
         W2 Well: thermal energy = 151 kcal/mol
         W2 Well: density of states done, elapsed time[sec] = 0
         W2 Well: collisional kernel bandwidth = 29
         W2 Well: collisional energy transfer kernel done, elapsed time[sec] = 0.02
         W2 Well: relaxation modes basis done, elapsed time[sec] = 0.01
         W2 Well: kernel in relaxation modes basis done, elapsed time[sec] = 0.29
         W2 Well: relaxation eigenvalues done, elapsed time[sec] = 0.65
         W2 Well: minimal relaxation eigenvalue = 0.00689
         W2 Well: maximal relaxation eigenvalue = 27.5
         W2 Well:       grid size = 338
         W2 Well:      real depth = -13255 1/cm
         W2 Well: effective depth = -13479 1/cm
         B1 Barrier:        grid size = 299
         B1 Barrier:      real height = 407 1/cm
         B1 Barrier: effective height = 73 1/cm
         C1 Barrier:        grid size = 300
         C1 Barrier:      real height = 0 1/cm
         C1 Barrier: effective height = -274 1/cm
         C2 Barrier:        grid size = 338
         C2 Barrier:      real height = -13246 1/cm
         C2 Barrier: effective height = -13479 1/cm
      setting wells, barriers, and bimolecular done, cpu time[sec] = 1.46, elapsed time[sec] = 0
      Bound Species (D1/D2 - density of states at dissociation energy (DE)/reference energy):
       Name  Depth     DE       *D1       *D2
              1/cm   1/cm        cm        cm
         W1   -274   -274  1.88e+03  5.37e+40
         W2 -13479 -13479  1.98e+04  5.82e+46
      Well-to-Well Barriers (N - number of states at the reference energy):
       Name Height        *N
              1/cm          
         B1     74  1.13e+45
      Well-to-Bimolecular Barriers (N - number of states at the reference energy):
       Name Height        *N
              1/cm          
         C1   -274  6.53e+45
         C2 -13479  7.13e+47
      Effective equilibrium constants(bimolecular units - cm^3):
        Q/Q        W1        W2        P1        P2
         W1         1  3.74e-08  8.85e-24  2.65e-27
         W2  2.68e+07         1  2.37e-16   7.1e-20
         P1  1.13e+23  4.22e+15         1    0.0003
         P2  3.77e+26  1.41e+19  3.34e+03         1
      Real equilibrium constants(bimolecular units - cm^3):
        Q/Q        W1        W2        P1        P2
         W1         1  3.78e-08   1.4e-26  4.19e-30
         W2  2.64e+07         1  3.69e-19  1.11e-22
         P1  7.16e+25  2.71e+18         1    0.0003
         P2  2.39e+29  9.03e+21  3.34e+03         1
   MasterEquation::set:  done, cpu time[sec] = 1.81, elapsed time[sec] = 0
   MasterEquation::direct_diagonalization_method:  starts
      Pressure = 0.01 atm	 Temperature = 2500 K
            Well    Collision, 1/sec
              W1             1.7e+07
              W2             1.7e+07
      global relaxation matrix dimension = 638
      setting global matrices ... done, cpu time[sec] = 0.22, elapsed time[sec] = 0
      diagonalizing global relaxation matrix ... done, cpu time[sec] = 5.27, elapsed time[sec] = 0
      microscopic rate coefficients (at reference energy) over collision frequency:
         W1<->W2
        3.71e+07
          W1->P1    W2->P2
        2.14e+08  2.15e+04
      eigenvector populations normalized:
          L        *R        *P        W1        W2
          0     0.984         1         0         1
          1     0.992         1         0         1
      *R - eigenvalue over the relaxation limit
      *P - eigenvector projection squared on the relaxation subspace (= 1 -F_ne)
      eigenvector projections:
          L        *Q        *P        W1        W2
          0  2.16e+04         1 -2.81e-07 -0.000399
          1  2.17e+04         1  2.91e-07  0.000418
         *Z       ---       ---  5.49e+25  2.84e+29
      *Q - eigenvalue over the collision frequency in first well
      *P - eigenvector projection squared on the relaxation subspace (= 1 - F_ne)
      *Z - well partition function square root
      dimension of the chemical subspace = 0
      isomers-to-bimolecular equilibrium coefficients (kappa matrix):
        W\P        P1        P2
         W1     0.946    0.0539
         W2         0         1
      prompt isomerization/dissociation:
      W\W,P,E     Total        P1        P2
           W1         1     0.949    0.0541
           W2         1  1.56e-05      1.02

   MasterEquation::direct_diagonalization_method:  done, cpu time[sec] = 8.32, elapsed time[sec] = 1
   MasterEquation::direct_diagonalization_method:  starts
      Pressure = 0.1 atm	 Temperature = 2500 K
            Well    Collision, 1/sec
              W1             1.7e+08
              W2             1.7e+08
      global relaxation matrix dimension = 638
      setting global matrices ... done, cpu time[sec] = 0.05, elapsed time[sec] = 0
      diagonalizing global relaxation matrix ... done, cpu time[sec] = 5.38, elapsed time[sec] = 0
      microscopic rate coefficients (at reference energy) over collision frequency:
         W1<->W2
        3.71e+06
          W1->P1    W2->P2
        2.14e+07  2.15e+03
      eigenvector populations normalized:
          L        *R        *P        W1        W2
          0     0.984         1         0         1
          1     0.992         1         0         1
      *R - eigenvalue over the relaxation limit
      *P - eigenvector projection squared on the relaxation subspace (= 1 -F_ne)
      eigenvector projections:
          L        *Q        *P        W1        W2
          0  2.16e+03         1  2.85e-07  0.000404
          1  2.17e+03         1  2.92e-07   0.00042
         *Z       ---       ---  5.49e+25  2.84e+29
      *Q - eigenvalue over the collision frequency in first well
      *P - eigenvector projection squared on the relaxation subspace (= 1 - F_ne)
      *Z - well partition function square root
      dimension of the chemical subspace = 0
      isomers-to-bimolecular equilibrium coefficients (kappa matrix):
        W\P        P1        P2
         W1     0.946    0.0539
         W2         0         1
      prompt isomerization/dissociation:
      W\W,P,E     Total        P1        P2
           W1         1     0.949    0.0541
           W2         1  1.56e-05      1.02

   MasterEquation::direct_diagonalization_method:  done, cpu time[sec] = 7.53, elapsed time[sec] = 1
   MasterEquation::direct_diagonalization_method:  starts
      Pressure = 1 atm	 Temperature = 2500 K
            Well    Collision, 1/sec
              W1             1.7e+09
              W2             1.7e+09
      global relaxation matrix dimension = 638
      setting global matrices ... done, cpu time[sec] = 0.05, elapsed time[sec] = 0
      diagonalizing global relaxation matrix ... done, cpu time[sec] = 5.49, elapsed time[sec] = 0
      microscopic rate coefficients (at reference energy) over collision frequency:
         W1<->W2
        3.71e+05
          W1->P1    W2->P2
        2.14e+06       215
      eigenvector populations normalized:
          L        *R        *P        W1        W2
          0     0.983         1         0         1
          1     0.992         1         0         1
      *R - eigenvalue over the relaxation limit
      *P - eigenvector projection squared on the relaxation subspace (= 1 -F_ne)
      eigenvector projections:
          L        *Q        *P        W1        W2
          0       216         1  3.19e-07  0.000453
          1       218         1 -3.06e-07 -0.000442
         *Z       ---       ---  5.49e+25  2.84e+29
      *Q - eigenvalue over the collision frequency in first well
      *P - eigenvector projection squared on the relaxation subspace (= 1 - F_ne)
      *Z - well partition function square root
      dimension of the chemical subspace = 0
      isomers-to-bimolecular equilibrium coefficients (kappa matrix):
        W\P        P1        P2
         W1     0.946    0.0539
         W2         0         1
      prompt isomerization/dissociation:
      W\W,P,E     Total        P1        P2
           W1         1     0.949    0.0541
           W2         1  1.56e-05      1.02

   MasterEquation::direct_diagonalization_method:  done, cpu time[sec] = 7.76, elapsed time[sec] = 0
   MasterEquation::direct_diagonalization_method:  starts
      Pressure = 10 atm	 Temperature = 2500 K
            Well    Collision, 1/sec
              W1             1.7e+10
              W2             1.7e+10
      global relaxation matrix dimension = 638
      setting global matrices ... done, cpu time[sec] = 0.04, elapsed time[sec] = 0
      diagonalizing global relaxation matrix ... done, cpu time[sec] = 5.77, elapsed time[sec] = 1
      microscopic rate coefficients (at reference energy) over collision frequency:
         W1<->W2
        3.71e+04
          W1->P1    W2->P2
        2.14e+05      21.5
      eigenvector populations normalized:
          L        *R        *P        W1        W2
          0     0.971         1         0         1
          1     0.989         1         0         1
      *R - eigenvalue over the relaxation limit
      *P - eigenvector projection squared on the relaxation subspace (= 1 -F_ne)
      eigenvector projections:
          L        *Q        *P        W1        W2
          0      21.9         1  5.98e-07  0.000873
          1      22.3         1 -3.89e-07 -0.000587
         *Z       ---       ---  5.49e+25  2.84e+29
      *Q - eigenvalue over the collision frequency in first well
      *P - eigenvector projection squared on the relaxation subspace (= 1 - F_ne)
      *Z - well partition function square root
      dimension of the chemical subspace = 0
      isomers-to-bimolecular equilibrium coefficients (kappa matrix):
        W\P        P1        P2
         W1     0.946    0.0539
         W2         0         1
      prompt isomerization/dissociation:
      W\W,P,E     Total        P1        P2
           W1         1     0.949    0.0541
           W2         1  1.56e-05      1.02

   MasterEquation::direct_diagonalization_method:  done, cpu time[sec] = 8.39, elapsed time[sec] = 1
   MasterEquation::direct_diagonalization_method:  starts
      Pressure = 100 atm	 Temperature = 2500 K
            Well    Collision, 1/sec
              W1             1.7e+11
              W2             1.7e+11
      global relaxation matrix dimension = 638
      setting global matrices ... done, cpu time[sec] = 0.26, elapsed time[sec] = 0
      diagonalizing global relaxation matrix ... done, cpu time[sec] = 6.29, elapsed time[sec] = 1
      microscopic rate coefficients (at reference energy) over collision frequency:
         W1<->W2
        3.71e+03
          W1->P1    W2->P2
        2.14e+04      2.15
      eigenvector populations normalized:
          L        *R        *P        W1        W2
          0     0.867         1         0         1
          1     0.947         1         0         1
      *R - eigenvalue over the relaxation limit
      *P - eigenvector projection squared on the relaxation subspace (= 1 -F_ne)
      eigenvector projections:
          L        *Q        *P        W1        W2
          0      2.31         1 -1.35e-06  -0.00215
          1      2.52         1  1.44e-06   0.00273
         *Z       ---       ---  5.49e+25  2.84e+29
      *Q - eigenvalue over the collision frequency in first well
      *P - eigenvector projection squared on the relaxation subspace (= 1 - F_ne)
      *Z - well partition function square root
      dimension of the chemical subspace = 0
      isomers-to-bimolecular equilibrium coefficients (kappa matrix):
        W\P        P1        P2
         W1     0.946    0.0539
         W2         0         1
      prompt isomerization/dissociation:
      W\W,P,E     Total        P1        P2
           W1         1     0.949    0.0541
           W2         1  1.56e-05      1.02

   MasterEquation::direct_diagonalization_method:  done, cpu time[sec] = 9.87, elapsed time[sec] = 1
rate calculation done, cpu time[sec] = 888, elapsed time[sec] = 96
