Names Translation Tables (<short name> - <original name>):
Wells:
   W1 - WR
   W2 - WP
Bimolecular products:
   P1 - C5H5CH3-1+OH
   P2 - C5H4CH3+H2O
Inner Barriers:
   B1 - B2
Outer Barriers:
   C1 - B1
   C2 - B3
pressure[atm]        = 0.01
temperature[K]           = 500
energy step[1/cm]        = 69.5
maximum energy[kcal/mol] = 34.2

bimolecular PEDs:
   E, kcal    P1->P2
      34.2  6.39e+19
        34  7.03e+19
      33.8  7.72e+19
      33.6  8.49e+19
      33.4  9.32e+19
      33.2  1.02e+20
        33  1.12e+20
      32.8  1.23e+20
      32.6  1.35e+20
      32.4  1.48e+20
      32.2  1.62e+20
        32  1.78e+20
      31.8  1.95e+20
      31.6  2.13e+20
      31.4  2.33e+20
      31.2  2.55e+20
        31  2.79e+20
      30.8  3.04e+20
      30.6  3.33e+20
      30.4  3.63e+20
      30.2  3.96e+20
        30  4.32e+20
      29.8  4.71e+20
      29.6  5.13e+20
      29.5  5.59e+20
      29.3  6.08e+20
      29.1  6.62e+20
      28.9   7.2e+20
      28.7  7.82e+20
      28.5   8.5e+20
      28.3  9.23e+20
      28.1     1e+21
      27.9  1.09e+21
      27.7  1.18e+21
      27.5  1.27e+21
      27.3  1.38e+21
      27.1  1.49e+21
      26.9  1.62e+21
      26.7  1.75e+21
      26.5  1.89e+21
      26.3  2.04e+21
      26.1   2.2e+21
      25.9  2.37e+21
      25.7  2.56e+21
      25.5  2.75e+21
      25.3  2.96e+21
      25.1  3.19e+21
      24.9  3.43e+21
      24.7  3.69e+21
      24.5  3.96e+21
      24.3  4.25e+21
      24.1  4.56e+21
      23.9  4.89e+21
      23.7  5.23e+21
      23.5   5.6e+21
      23.3  5.99e+21
      23.1  6.41e+21
      22.9  6.85e+21
      22.7  7.31e+21
      22.5   7.8e+21
      22.3  8.31e+21
      22.1  8.86e+21
      21.9  9.43e+21
      21.7     1e+22
      21.5  1.07e+22
      21.3  1.13e+22
      21.1   1.2e+22
      20.9  1.27e+22
      20.7  1.35e+22
      20.5  1.43e+22
      20.3  1.51e+22
      20.1   1.6e+22
      19.9  1.69e+22
      19.7  1.78e+22
      19.5  1.88e+22
      19.3  1.98e+22
      19.1  2.08e+22
      18.9  2.19e+22
      18.7  2.29e+22
      18.5  2.41e+22
      18.3  2.52e+22
      18.1  2.64e+22
      17.9  2.76e+22
      17.7  2.89e+22
      17.5  3.02e+22
      17.3  3.15e+22
      17.1  3.28e+22
      16.9  3.41e+22
      16.7  3.54e+22
      16.5  3.68e+22
      16.3  3.82e+22
      16.1  3.95e+22
      15.9  4.09e+22
      15.7  4.22e+22
      15.5  4.36e+22
      15.3  4.49e+22
      15.1  4.62e+22
      14.9  4.75e+22
      14.7  4.88e+22
      14.5     5e+22
      14.3  5.12e+22
      14.1  5.23e+22
        14  5.34e+22
      13.8  5.44e+22
      13.6  5.53e+22
      13.4  5.62e+22
      13.2   5.7e+22
        13  5.77e+22
      12.8  5.83e+22
      12.6  5.88e+22
      12.4  5.92e+22
      12.2  5.95e+22
        12  5.97e+22
      11.8  5.98e+22
      11.6  5.97e+22
      11.4  5.96e+22
      11.2  5.93e+22
        11  5.88e+22
      10.8  5.83e+22
      10.6  5.76e+22
      10.4  5.68e+22
      10.2  5.58e+22
      9.98  5.47e+22
      9.78  5.35e+22
      9.58  5.22e+22
      9.38  5.08e+22
      9.18  4.93e+22
      8.98  4.76e+22
      8.78  4.59e+22
      8.59  4.41e+22
      8.39  4.22e+22
      8.19  4.02e+22
      7.99  3.82e+22
      7.79  3.61e+22
      7.59   3.4e+22
      7.39  3.19e+22
      7.19  2.97e+22
         7  2.76e+22
       6.8  2.55e+22
       6.6  2.34e+22
       6.4  2.14e+22
       6.2  1.94e+22
         6  1.75e+22
       5.8  1.57e+22
       5.6  1.39e+22
      5.41  1.23e+22
      5.21  1.07e+22
      5.01  9.25e+21
      4.81  7.91e+21
      4.61  6.68e+21
      4.41  5.57e+21
      4.21  4.58e+21
      4.02   3.7e+21
      3.82  2.94e+21
      3.62  2.29e+21
      3.42  1.74e+21
      3.22  1.29e+21
      3.02  9.27e+20
      2.82  6.44e+20
      2.62  4.29e+20
      2.43  2.73e+20
      2.23  1.62e+20
      2.03  8.93e+19
      1.83  4.41e+19
      1.63  1.74e+19
      1.43  5.34e+18
      1.23  7.79e+17
      1.03  -7.4e+17
     0.836  2.75e+17
     0.637 -2.81e+17
     0.438  8.47e+17
     0.239  1.36e+17
    0.0407 -7.16e+15
    -0.158 -1.71e+17
    -0.357  4.65e+17
    -0.555   2.1e+17
    -0.754  5.92e+17
    -0.953 -3.96e+17
     -1.15  9.47e+17
     -1.35 -1.12e+18
     -1.55    -4e+17
     -1.75 -1.44e+18
     -1.95 -4.34e+17
     -2.15 -7.98e+17
     -2.34 -1.22e+16
     -2.54  2.38e+18
     -2.74 -3.15e+17
     -2.94 -3.94e+16
     -3.14   1.1e+18
     -3.34  1.75e+18
     -3.54  2.67e+18
     -3.73  2.07e+18
     -3.93  1.17e+17
     -4.13  1.13e+18
     -4.33 -6.35e+17
     -4.53 -2.53e+17
     -4.73 -3.76e+18
     -4.93  2.75e+17
     -5.13 -3.62e+18
     -5.32 -1.51e+18
     -5.52 -3.15e+18
     -5.72  -3.1e+18
     -5.92  -1.4e+18
     -6.12 -6.59e+17
     -6.32 -5.54e+17
     -6.52  5.58e+18
     -6.72  -3.1e+18
     -6.91  3.04e+18
     -7.11  4.46e+17
     -7.31  7.18e+17
     -7.51 -5.12e+17
     -7.71  5.45e+18
     -7.91 -8.95e+18
     -8.11  5.72e+18
     -8.31  -1.3e+19
      -8.5  3.13e+18
      -8.7 -6.63e+18
      -8.9  -9.6e+17
      -9.1  8.82e+18
      -9.3  1.11e+18
      -9.5  4.31e+18
      -9.7  -4.4e+18
      -9.9   2.4e+18
     -10.1 -1.82e+18
     -10.3 -4.04e+16
     -10.5  1.11e+19
     -10.7 -1.15e+19
     -10.9  6.81e+18
     -11.1 -1.41e+19
     -11.3  6.19e+18
     -11.5 -1.89e+19
     -11.7  1.41e+19
     -11.9 -5.84e+18
     -12.1  2.79e+18
     -12.3 -3.98e+18
     -12.5   8.8e+18
     -12.7 -2.41e+17
     -12.9 -6.31e+18
     -13.1  3.68e+17
     -13.3 -5.95e+18
     -13.5  5.32e+18
     -13.7  -2.1e+19
     -13.9  3.91e+19
     -14.1   1.4e+18
     -14.3  6.06e+18
     -14.5  4.96e+18
     -14.7  9.22e+18
     -14.9  3.17e+19
     -15.1  2.59e+19
     -15.3 -2.07e+18
     -15.5 -2.79e+19
     -15.7 -2.86e+19
     -15.9 -5.75e+18
     -16.1 -3.21e+19
     -16.3 -7.46e+18
     -16.5  3.13e+19
     -16.7  2.74e+19
     -16.9  2.36e+19
       -17  3.46e+19
     -17.2  2.05e+19
     -17.4  2.21e+19
     -17.6   1.2e+19
     -17.8  4.87e+19
       -18   1.7e+19
     -18.2   1.4e+19
     -18.4 -6.85e+19
     -18.6 -2.69e+19
     -18.8  6.58e+18
       -19 -3.58e+19
     -19.2 -1.57e+19
     -19.4  3.81e+18
     -19.6 -6.03e+18
     -19.8 -4.19e+19
       -20 -9.24e+19
     -20.2 -8.84e+19
     -20.4 -4.88e+19
     -20.6  5.64e+18
     -20.8  2.31e+19
       -21   5.9e+19
     -21.2  5.78e+19
     -21.4 -2.37e+19
     -21.6  -6.1e+18
     -21.8 -4.85e+19
       -22 -5.12e+19
     -22.2 -8.56e+18
     -22.4  -6.6e+19
     -22.6  -5.1e+19
     -22.8  3.42e+19
       -23  4.28e+19
     -23.2  4.82e+19
     -23.4  9.87e+19
     -23.6   8.3e+19
     -23.8 -3.54e+19
       -24 -9.04e+19
     -24.2  8.86e+19
     -24.4  5.69e+19
     -24.6  6.84e+19
     -24.8 -2.46e+19
       -25 -6.31e+19
     -25.2 -1.71e+20
     -25.4 -1.18e+20
     -25.6  3.18e+18
     -25.8 -5.23e+19
       -26 -9.47e+18
     -26.2  1.96e+20
     -26.4  1.61e+20
     -26.6 -9.36e+19
     -26.8  7.37e+19
       -27  4.67e+19
     -27.2  -7.4e+19
     -27.4  8.45e+19
     -27.6 -1.86e+20
     -27.8  1.34e+19
       -28  1.53e+20
     -28.2  1.28e+20
     -28.4  7.09e+19
     -28.6  7.72e+18
     -28.8 -1.55e+20
       -29 -4.04e+19
     -29.2  1.45e+20
     -29.4   7.2e+19
     -29.6  7.81e+19
     -29.8 -4.11e+19
       -30 -2.11e+17
     -30.2  9.68e+19
     -30.4  9.43e+19
     -30.6  4.97e+18
     -30.8 -6.55e+18
       -31  1.74e+19
     -31.2 -1.83e+19
     -31.4  5.94e+18
     -31.6  4.48e+19
     -31.8 -1.56e+19
       -32   7.7e+18
     -32.2 -1.16e+20
     -32.4 -2.21e+19
     -32.5  1.16e+20
     -32.7  6.58e+19
     -32.9  1.61e+20
     -33.1 -2.08e+20
     -33.3 -3.02e+19
     -33.5  7.54e+19
     -33.7 -2.37e+19
     -33.9  5.59e+18
     -34.1  4.89e+19
     -34.3 -4.12e+19
     -34.5  1.76e+19
     -34.7 -5.24e+19
     -34.9  2.67e+19
     -35.1  4.45e+17
     -35.3 -8.94e+18
     -35.5  1.52e+19
     -35.7  7.51e+18
     -35.9 -1.36e+19
     -36.1  8.64e+18
     -36.3  8.68e+17
     -36.5  6.74e+17
     -36.7 -3.76e+18
     -36.9 -9.74e+17
     -37.1  -5.4e+17
     -37.3  1.37e+17
     -37.5  5.55e+15
     -37.7 -5.63e+08

pressure[atm]        = 0.1
temperature[K]           = 500
energy step[1/cm]        = 69.5
maximum energy[kcal/mol] = 34.2

bimolecular PEDs:
   E, kcal    P1->P2
      34.2  6.39e+19
        34  7.03e+19
      33.8  7.72e+19
      33.6  8.49e+19
      33.4  9.32e+19
      33.2  1.02e+20
        33  1.12e+20
      32.8  1.23e+20
      32.6  1.35e+20
      32.4  1.48e+20
      32.2  1.62e+20
        32  1.78e+20
      31.8  1.95e+20
      31.6  2.13e+20
      31.4  2.33e+20
      31.2  2.55e+20
        31  2.79e+20
      30.8  3.04e+20
      30.6  3.33e+20
      30.4  3.63e+20
      30.2  3.96e+20
        30  4.32e+20
      29.8  4.71e+20
      29.6  5.13e+20
      29.5  5.59e+20
      29.3  6.08e+20
      29.1  6.62e+20
      28.9   7.2e+20
      28.7  7.82e+20
      28.5   8.5e+20
      28.3  9.23e+20
      28.1     1e+21
      27.9  1.09e+21
      27.7  1.18e+21
      27.5  1.27e+21
      27.3  1.38e+21
      27.1  1.49e+21
      26.9  1.62e+21
      26.7  1.75e+21
      26.5  1.89e+21
      26.3  2.04e+21
      26.1   2.2e+21
      25.9  2.37e+21
      25.7  2.56e+21
      25.5  2.75e+21
      25.3  2.96e+21
      25.1  3.19e+21
      24.9  3.43e+21
      24.7  3.69e+21
      24.5  3.96e+21
      24.3  4.25e+21
      24.1  4.56e+21
      23.9  4.89e+21
      23.7  5.23e+21
      23.5   5.6e+21
      23.3  5.99e+21
      23.1  6.41e+21
      22.9  6.85e+21
      22.7  7.31e+21
      22.5   7.8e+21
      22.3  8.31e+21
      22.1  8.86e+21
      21.9  9.43e+21
      21.7     1e+22
      21.5  1.07e+22
      21.3  1.13e+22
      21.1   1.2e+22
      20.9  1.27e+22
      20.7  1.35e+22
      20.5  1.43e+22
      20.3  1.51e+22
      20.1   1.6e+22
      19.9  1.69e+22
      19.7  1.78e+22
      19.5  1.88e+22
      19.3  1.98e+22
      19.1  2.08e+22
      18.9  2.19e+22
      18.7  2.29e+22
      18.5  2.41e+22
      18.3  2.52e+22
      18.1  2.64e+22
      17.9  2.76e+22
      17.7  2.89e+22
      17.5  3.02e+22
      17.3  3.15e+22
      17.1  3.28e+22
      16.9  3.41e+22
      16.7  3.54e+22
      16.5  3.68e+22
      16.3  3.82e+22
      16.1  3.95e+22
      15.9  4.09e+22
      15.7  4.22e+22
      15.5  4.36e+22
      15.3  4.49e+22
      15.1  4.62e+22
      14.9  4.75e+22
      14.7  4.88e+22
      14.5     5e+22
      14.3  5.12e+22
      14.1  5.23e+22
        14  5.34e+22
      13.8  5.44e+22
      13.6  5.53e+22
      13.4  5.62e+22
      13.2   5.7e+22
        13  5.77e+22
      12.8  5.83e+22
      12.6  5.88e+22
      12.4  5.92e+22
      12.2  5.95e+22
        12  5.97e+22
      11.8  5.98e+22
      11.6  5.97e+22
      11.4  5.96e+22
      11.2  5.93e+22
        11  5.88e+22
      10.8  5.83e+22
      10.6  5.76e+22
      10.4  5.68e+22
      10.2  5.58e+22
      9.98  5.47e+22
      9.78  5.35e+22
      9.58  5.22e+22
      9.38  5.08e+22
      9.18  4.93e+22
      8.98  4.76e+22
      8.78  4.59e+22
      8.59  4.41e+22
      8.39  4.22e+22
      8.19  4.02e+22
      7.99  3.82e+22
      7.79  3.61e+22
      7.59   3.4e+22
      7.39  3.19e+22
      7.19  2.97e+22
         7  2.76e+22
       6.8  2.55e+22
       6.6  2.34e+22
       6.4  2.14e+22
       6.2  1.94e+22
         6  1.75e+22
       5.8  1.57e+22
       5.6  1.39e+22
      5.41  1.23e+22
      5.21  1.07e+22
      5.01  9.25e+21
      4.81  7.91e+21
      4.61  6.68e+21
      4.41  5.57e+21
      4.21  4.58e+21
      4.02   3.7e+21
      3.82  2.94e+21
      3.62  2.29e+21
      3.42  1.74e+21
      3.22  1.29e+21
      3.02  9.28e+20
      2.82  6.44e+20
      2.62  4.29e+20
      2.43  2.72e+20
      2.23  1.62e+20
      2.03  8.95e+19
      1.83  4.41e+19
      1.63  1.79e+19
      1.43  4.33e+18
      1.23  2.32e+17
      1.03 -3.58e+17
     0.836  5.75e+17
     0.637 -2.41e+17
     0.438 -8.88e+16
     0.239 -4.05e+17
    0.0407  5.37e+17
    -0.158 -6.39e+16
    -0.357  1.24e+18
    -0.555  -1.3e+18
    -0.754 -2.74e+17
    -0.953  2.95e+17
     -1.15  2.98e+17
     -1.35 -6.23e+17
     -1.55 -1.07e+18
     -1.75  -2.1e+17
     -1.95  1.08e+18
     -2.15 -2.19e+18
     -2.34  2.54e+16
     -2.54  4.25e+16
     -2.74   1.1e+18
     -2.94 -4.01e+17
     -3.14  1.67e+18
     -3.34  1.23e+18
     -3.54 -1.17e+18
     -3.73  5.55e+17
     -3.93  4.57e+18
     -4.13 -7.64e+17
     -4.33 -2.12e+18
     -4.53 -2.91e+18
     -4.73   1.3e+18
     -4.93 -6.59e+17
     -5.13 -4.56e+17
     -5.32  5.88e+17
     -5.52 -1.53e+18
     -5.72 -3.83e+17
     -5.92  7.74e+17
     -6.12 -2.46e+18
     -6.32   2.7e+17
     -6.52  1.72e+18
     -6.72  4.98e+18
     -6.91  5.14e+18
     -7.11  6.38e+17
     -7.31  2.61e+18
     -7.51  4.01e+18
     -7.71 -6.32e+18
     -7.91 -2.38e+18
     -8.11  1.99e+18
     -8.31 -1.06e+19
      -8.5  8.82e+18
      -8.7 -1.73e+18
      -8.9  2.18e+18
      -9.1 -1.41e+18
      -9.3 -5.62e+17
      -9.5  5.64e+18
      -9.7  1.89e+18
      -9.9 -4.97e+17
     -10.1  4.39e+18
     -10.3  1.09e+19
     -10.5  -1.7e+19
     -10.7  9.32e+18
     -10.9  3.71e+18
     -11.1  5.65e+18
     -11.3  1.08e+19
     -11.5  9.39e+17
     -11.7   1.5e+19
     -11.9 -3.97e+18
     -12.1  1.39e+18
     -12.3 -1.25e+19
     -12.5  9.24e+18
     -12.7  4.94e+18
     -12.9  -5.6e+18
     -13.1  9.67e+18
     -13.3 -9.44e+18
     -13.5  9.45e+18
     -13.7 -1.92e+19
     -13.9  1.84e+19
     -14.1 -1.19e+19
     -14.3 -5.39e+18
     -14.5  4.51e+18
     -14.7 -1.46e+18
     -14.9  4.11e+18
     -15.1  7.56e+18
     -15.3 -4.85e+18
     -15.5 -4.51e+18
     -15.7 -1.97e+18
     -15.9  3.92e+19
     -16.1   1.5e+18
     -16.3  1.47e+19
     -16.5  1.36e+19
     -16.7 -4.03e+18
     -16.9  2.57e+19
       -17  2.02e+19
     -17.2 -5.07e+18
     -17.4  2.18e+19
     -17.6  5.63e+18
     -17.8 -1.16e+19
       -18 -1.46e+19
     -18.2 -2.39e+19
     -18.4  1.23e+15
     -18.6  2.02e+19
     -18.8  2.26e+19
       -19  6.02e+19
     -19.2  6.12e+19
     -19.4  -3.3e+19
     -19.6  6.15e+19
     -19.8   2.5e+19
       -20  3.11e+19
     -20.2 -5.17e+18
     -20.4 -1.96e+19
     -20.6 -3.61e+19
     -20.8 -1.66e+20
       -21 -9.09e+19
     -21.2  9.75e+19
     -21.4  3.77e+19
     -21.6 -5.82e+18
     -21.8 -6.33e+19
       -22 -5.42e+19
     -22.2 -6.83e+19
     -22.4  3.46e+19
     -22.6  2.46e+19
     -22.8  1.02e+20
       -23  3.62e+19
     -23.2 -3.81e+18
     -23.4  2.92e+19
     -23.6  1.27e+19
     -23.8  7.38e+19
       -24 -3.96e+18
     -24.2  5.89e+19
     -24.4 -1.22e+20
     -24.6 -3.04e+19
     -24.8 -1.04e+19
       -25  7.61e+19
     -25.2 -6.96e+19
     -25.4  7.45e+19
     -25.6  4.39e+19
     -25.8   2.5e+19
       -26  9.04e+19
     -26.2  -6.9e+19
     -26.4 -1.21e+20
     -26.6 -6.57e+19
     -26.8 -1.53e+20
       -27 -2.17e+19
     -27.2  5.66e+19
     -27.4  1.19e+20
     -27.6  2.27e+19
     -27.8 -7.72e+19
       -28    -9e+19
     -28.2 -8.99e+19
     -28.4  8.09e+19
     -28.6  1.01e+19
     -28.8 -1.58e+19
       -29 -1.26e+20
     -29.2  2.98e+19
     -29.4 -2.17e+19
     -29.6  6.26e+19
     -29.8 -2.99e+19
       -30 -3.02e+19
     -30.2  -2.7e+19
     -30.4  3.47e+19
     -30.6 -1.27e+20
     -30.8 -3.63e+19
       -31 -4.74e+19
     -31.2   4.1e+19
     -31.4  4.32e+19
     -31.6   9.6e+19
     -31.8 -5.35e+19
       -32 -9.06e+19
     -32.2 -5.63e+19
     -32.4  1.61e+19
     -32.5 -1.79e+19
     -32.7 -3.52e+18
     -32.9 -3.71e+19
     -33.1 -2.11e+18
     -33.3 -1.02e+20
     -33.5  -3.5e+19
     -33.7  8.69e+19
     -33.9  6.28e+19
     -34.1  6.82e+19
     -34.3 -1.72e+19
     -34.5   3.3e+19
     -34.7  -7.6e+18
     -34.9  2.73e+19
     -35.1  5.01e+19
     -35.3  1.26e+19
     -35.5 -4.97e+18
     -35.7  8.26e+18
     -35.9 -2.12e+19
     -36.1  1.38e+19
     -36.3  2.17e+18
     -36.5  7.24e+17
     -36.7 -1.41e+18
     -36.9 -1.49e+18
     -37.1 -2.52e+17
     -37.3  2.39e+17
     -37.5 -8.33e+14
     -37.7 -3.55e+16

pressure[atm]        = 1
temperature[K]           = 500
energy step[1/cm]        = 69.5
maximum energy[kcal/mol] = 34.2

bimolecular PEDs:
   E, kcal    P1->P2
      34.2  6.39e+19
        34  7.03e+19
      33.8  7.72e+19
      33.6  8.49e+19
      33.4  9.32e+19
      33.2  1.02e+20
        33  1.12e+20
      32.8  1.23e+20
      32.6  1.35e+20
      32.4  1.48e+20
      32.2  1.62e+20
        32  1.78e+20
      31.8  1.95e+20
      31.6  2.13e+20
      31.4  2.33e+20
      31.2  2.55e+20
        31  2.79e+20
      30.8  3.04e+20
      30.6  3.33e+20
      30.4  3.63e+20
      30.2  3.96e+20
        30  4.32e+20
      29.8  4.71e+20
      29.6  5.13e+20
      29.5  5.59e+20
      29.3  6.08e+20
      29.1  6.62e+20
      28.9   7.2e+20
      28.7  7.82e+20
      28.5   8.5e+20
      28.3  9.23e+20
      28.1     1e+21
      27.9  1.09e+21
      27.7  1.18e+21
      27.5  1.27e+21
      27.3  1.38e+21
      27.1  1.49e+21
      26.9  1.62e+21
      26.7  1.75e+21
      26.5  1.89e+21
      26.3  2.04e+21
      26.1   2.2e+21
      25.9  2.37e+21
      25.7  2.56e+21
      25.5  2.75e+21
      25.3  2.96e+21
      25.1  3.19e+21
      24.9  3.43e+21
      24.7  3.69e+21
      24.5  3.96e+21
      24.3  4.25e+21
      24.1  4.56e+21
      23.9  4.89e+21
      23.7  5.23e+21
      23.5   5.6e+21
      23.3  5.99e+21
      23.1  6.41e+21
      22.9  6.85e+21
      22.7  7.31e+21
      22.5   7.8e+21
      22.3  8.31e+21
      22.1  8.86e+21
      21.9  9.43e+21
      21.7     1e+22
      21.5  1.07e+22
      21.3  1.13e+22
      21.1   1.2e+22
      20.9  1.27e+22
      20.7  1.35e+22
      20.5  1.43e+22
      20.3  1.51e+22
      20.1   1.6e+22
      19.9  1.69e+22
      19.7  1.78e+22
      19.5  1.88e+22
      19.3  1.98e+22
      19.1  2.08e+22
      18.9  2.19e+22
      18.7  2.29e+22
      18.5  2.41e+22
      18.3  2.52e+22
      18.1  2.64e+22
      17.9  2.76e+22
      17.7  2.89e+22
      17.5  3.02e+22
      17.3  3.15e+22
      17.1  3.28e+22
      16.9  3.41e+22
      16.7  3.54e+22
      16.5  3.68e+22
      16.3  3.82e+22
      16.1  3.95e+22
      15.9  4.09e+22
      15.7  4.22e+22
      15.5  4.36e+22
      15.3  4.49e+22
      15.1  4.62e+22
      14.9  4.75e+22
      14.7  4.88e+22
      14.5     5e+22
      14.3  5.12e+22
      14.1  5.23e+22
        14  5.34e+22
      13.8  5.44e+22
      13.6  5.53e+22
      13.4  5.62e+22
      13.2   5.7e+22
        13  5.77e+22
      12.8  5.83e+22
      12.6  5.88e+22
      12.4  5.92e+22
      12.2  5.95e+22
        12  5.97e+22
      11.8  5.98e+22
      11.6  5.97e+22
      11.4  5.96e+22
      11.2  5.93e+22
        11  5.88e+22
      10.8  5.83e+22
      10.6  5.76e+22
      10.4  5.68e+22
      10.2  5.58e+22
      9.98  5.47e+22
      9.78  5.35e+22
      9.58  5.22e+22
      9.38  5.08e+22
      9.18  4.93e+22
      8.98  4.76e+22
      8.78  4.59e+22
      8.59  4.41e+22
      8.39  4.22e+22
      8.19  4.02e+22
      7.99  3.82e+22
      7.79  3.61e+22
      7.59   3.4e+22
      7.39  3.19e+22
      7.19  2.97e+22
         7  2.76e+22
       6.8  2.55e+22
       6.6  2.34e+22
       6.4  2.14e+22
       6.2  1.94e+22
         6  1.75e+22
       5.8  1.57e+22
       5.6  1.39e+22
      5.41  1.23e+22
      5.21  1.07e+22
      5.01  9.25e+21
      4.81  7.91e+21
      4.61  6.68e+21
      4.41  5.57e+21
      4.21  4.58e+21
      4.02  3.71e+21
      3.82  2.94e+21
      3.62  2.29e+21
      3.42  1.74e+21
      3.22  1.29e+21
      3.02  9.29e+20
      2.82  6.45e+20
      2.62   4.3e+20
      2.43  2.73e+20
      2.23  1.62e+20
      2.03  8.99e+19
      1.83  4.39e+19
      1.63  1.85e+19
      1.43  5.25e+18
      1.23  9.89e+17
      1.03 -9.01e+16
     0.836  3.05e+17
     0.637 -8.64e+16
     0.438  1.27e+17
     0.239 -8.85e+16
    0.0407  1.87e+18
    -0.158  1.23e+18
    -0.357  4.58e+17
    -0.555 -5.72e+17
    -0.754 -4.34e+17
    -0.953 -1.41e+17
     -1.15 -1.25e+18
     -1.35  2.87e+17
     -1.55 -2.05e+17
     -1.75  -4.7e+17
     -1.95  4.91e+17
     -2.15 -1.58e+18
     -2.34  1.82e+17
     -2.54  1.18e+18
     -2.74  3.06e+17
     -2.94 -1.09e+18
     -3.14  1.89e+17
     -3.34 -3.22e+18
     -3.54 -2.59e+18
     -3.73 -2.27e+18
     -3.93 -1.53e+18
     -4.13   2.4e+18
     -4.33 -7.55e+17
     -4.53 -1.35e+18
     -4.73  9.08e+17
     -4.93 -4.58e+18
     -5.13 -6.95e+17
     -5.32  4.85e+17
     -5.52  2.97e+18
     -5.72 -1.11e+18
     -5.92  1.12e+18
     -6.12  5.93e+17
     -6.32  3.19e+18
     -6.52  3.49e+18
     -6.72 -3.07e+18
     -6.91  1.87e+18
     -7.11  1.17e+18
     -7.31  1.53e+18
     -7.51  2.28e+17
     -7.71   4.2e+18
     -7.91 -9.83e+17
     -8.11 -1.58e+18
     -8.31 -5.15e+18
      -8.5  3.71e+18
      -8.7 -5.19e+18
      -8.9 -3.01e+18
      -9.1 -7.35e+18
      -9.3  9.25e+17
      -9.5  -6.1e+17
      -9.7 -3.28e+18
      -9.9  -5.4e+18
     -10.1 -7.53e+17
     -10.3 -9.42e+18
     -10.5  5.39e+18
     -10.7 -2.52e+18
     -10.9  3.98e+18
     -11.1  1.79e+18
     -11.3 -9.28e+18
     -11.5 -7.37e+18
     -11.7 -1.14e+19
     -11.9  -1.1e+19
     -12.1 -6.51e+18
     -12.3 -6.73e+18
     -12.5  2.35e+17
     -12.7  4.11e+18
     -12.9  9.34e+17
     -13.1 -2.49e+17
     -13.3 -1.85e+19
     -13.5  8.92e+18
     -13.7 -1.69e+19
     -13.9  2.28e+19
     -14.1  6.13e+18
     -14.3  1.29e+18
     -14.5 -4.51e+18
     -14.7 -1.63e+19
     -14.9  6.14e+18
     -15.1  4.92e+18
     -15.3  4.14e+19
     -15.5  4.51e+19
     -15.7  1.79e+19
     -15.9  5.17e+19
     -16.1   2.2e+19
     -16.3 -8.55e+18
     -16.5  4.63e+18
     -16.7 -7.24e+19
     -16.9  8.07e+18
       -17 -5.13e+19
     -17.2  2.55e+19
     -17.4 -1.97e+19
     -17.6 -4.45e+18
     -17.8 -5.11e+19
       -18 -1.69e+19
     -18.2 -2.96e+19
     -18.4    -2e+19
     -18.6  1.07e+18
     -18.8  3.29e+19
       -19  1.02e+19
     -19.2  6.48e+19
     -19.4 -4.62e+18
     -19.6 -5.95e+19
     -19.8 -7.53e+19
       -20 -5.02e+19
     -20.2  -4.9e+19
     -20.4 -9.39e+19
     -20.6 -2.03e+18
     -20.8 -6.41e+19
       -21  2.01e+19
     -21.2 -4.55e+19
     -21.4 -1.29e+20
     -21.6  7.56e+19
     -21.8  2.06e+19
       -22  5.19e+19
     -22.2 -6.52e+18
     -22.4  7.63e+19
     -22.6  5.07e+18
     -22.8 -5.77e+19
       -23 -3.35e+19
     -23.2  4.05e+19
     -23.4  7.48e+19
     -23.6  5.43e+19
     -23.8  5.89e+18
       -24  1.98e+19
     -24.2  4.17e+19
     -24.4 -4.12e+19
     -24.6 -1.16e+20
     -24.8  2.05e+19
       -25  1.02e+20
     -25.2 -7.74e+18
     -25.4  2.36e+19
     -25.6  8.19e+19
     -25.8 -1.82e+18
       -26  9.34e+19
     -26.2  6.64e+19
     -26.4 -1.43e+20
     -26.6  -6.3e+19
     -26.8 -7.01e+19
       -27 -3.92e+19
     -27.2 -1.93e+20
     -27.4  7.11e+19
     -27.6  9.95e+19
     -27.8  3.11e+19
       -28  9.32e+19
     -28.2 -1.94e+19
     -28.4  1.11e+20
     -28.6 -1.21e+20
     -28.8  9.31e+19
       -29 -7.63e+19
     -29.2 -1.86e+19
     -29.4  4.79e+19
     -29.6  1.19e+20
     -29.8  4.83e+19
       -30  6.07e+19
     -30.2    -1e+19
     -30.4  1.03e+20
     -30.6 -9.06e+19
     -30.8 -2.73e+19
       -31 -3.66e+19
     -31.2  2.84e+19
     -31.4  6.95e+19
     -31.6  1.36e+20
     -31.8  5.33e+19
       -32  9.36e+18
     -32.2     5e+19
     -32.4    -2e+19
     -32.5  3.83e+19
     -32.7  1.88e+19
     -32.9 -1.91e+19
     -33.1 -1.58e+19
     -33.3 -5.07e+19
     -33.5  3.53e+19
     -33.7  1.05e+19
     -33.9  1.95e+18
     -34.1 -7.74e+19
     -34.3 -2.03e+19
     -34.5  3.38e+18
     -34.7  1.27e+19
     -34.9 -1.39e+19
     -35.1  1.45e+19
     -35.3  4.86e+19
     -35.5 -2.42e+19
     -35.7  8.01e+18
     -35.9 -3.11e+18
     -36.1 -2.56e+18
     -36.3  -9.4e+18
     -36.5  1.84e+17
     -36.7  3.73e+18
     -36.9  2.24e+17
     -37.1 -5.27e+17
     -37.3  3.77e+17
     -37.5 -5.97e+16
     -37.7 -2.31e+15

pressure[atm]        = 10
temperature[K]           = 500
energy step[1/cm]        = 69.5
maximum energy[kcal/mol] = 34.2

bimolecular PEDs:
   E, kcal    P1->P2
      34.2  6.39e+19
        34  7.02e+19
      33.8  7.72e+19
      33.6  8.48e+19
      33.4  9.32e+19
      33.2  1.02e+20
        33  1.12e+20
      32.8  1.23e+20
      32.6  1.35e+20
      32.4  1.48e+20
      32.2  1.62e+20
        32  1.78e+20
      31.8  1.95e+20
      31.6  2.13e+20
      31.4  2.33e+20
      31.2  2.55e+20
        31  2.79e+20
      30.8  3.04e+20
      30.6  3.32e+20
      30.4  3.63e+20
      30.2  3.96e+20
        30  4.32e+20
      29.8  4.71e+20
      29.6  5.13e+20
      29.5  5.59e+20
      29.3  6.08e+20
      29.1  6.62e+20
      28.9   7.2e+20
      28.7  7.82e+20
      28.5   8.5e+20
      28.3  9.22e+20
      28.1     1e+21
      27.9  1.09e+21
      27.7  1.18e+21
      27.5  1.27e+21
      27.3  1.38e+21
      27.1  1.49e+21
      26.9  1.62e+21
      26.7  1.75e+21
      26.5  1.89e+21
      26.3  2.04e+21
      26.1   2.2e+21
      25.9  2.37e+21
      25.7  2.56e+21
      25.5  2.75e+21
      25.3  2.96e+21
      25.1  3.19e+21
      24.9  3.43e+21
      24.7  3.69e+21
      24.5  3.96e+21
      24.3  4.25e+21
      24.1  4.56e+21
      23.9  4.89e+21
      23.7  5.23e+21
      23.5   5.6e+21
      23.3  5.99e+21
      23.1  6.41e+21
      22.9  6.85e+21
      22.7  7.31e+21
      22.5   7.8e+21
      22.3  8.31e+21
      22.1  8.85e+21
      21.9  9.42e+21
      21.7     1e+22
      21.5  1.07e+22
      21.3  1.13e+22
      21.1   1.2e+22
      20.9  1.27e+22
      20.7  1.35e+22
      20.5  1.43e+22
      20.3  1.51e+22
      20.1   1.6e+22
      19.9  1.69e+22
      19.7  1.78e+22
      19.5  1.88e+22
      19.3  1.98e+22
      19.1  2.08e+22
      18.9  2.18e+22
      18.7  2.29e+22
      18.5  2.41e+22
      18.3  2.52e+22
      18.1  2.64e+22
      17.9  2.76e+22
      17.7  2.89e+22
      17.5  3.02e+22
      17.3  3.14e+22
      17.1  3.28e+22
      16.9  3.41e+22
      16.7  3.54e+22
      16.5  3.68e+22
      16.3  3.81e+22
      16.1  3.95e+22
      15.9  4.09e+22
      15.7  4.22e+22
      15.5  4.36e+22
      15.3  4.49e+22
      15.1  4.62e+22
      14.9  4.75e+22
      14.7  4.88e+22
      14.5     5e+22
      14.3  5.12e+22
      14.1  5.23e+22
        14  5.34e+22
      13.8  5.44e+22
      13.6  5.53e+22
      13.4  5.62e+22
      13.2   5.7e+22
        13  5.77e+22
      12.8  5.83e+22
      12.6  5.88e+22
      12.4  5.92e+22
      12.2  5.95e+22
        12  5.97e+22
      11.8  5.98e+22
      11.6  5.97e+22
      11.4  5.96e+22
      11.2  5.93e+22
        11  5.88e+22
      10.8  5.83e+22
      10.6  5.76e+22
      10.4  5.68e+22
      10.2  5.58e+22
      9.98  5.47e+22
      9.78  5.35e+22
      9.58  5.22e+22
      9.38  5.08e+22
      9.18  4.93e+22
      8.98  4.76e+22
      8.78  4.59e+22
      8.59  4.41e+22
      8.39  4.22e+22
      8.19  4.02e+22
      7.99  3.82e+22
      7.79  3.61e+22
      7.59   3.4e+22
      7.39  3.19e+22
      7.19  2.98e+22
         7  2.76e+22
       6.8  2.55e+22
       6.6  2.34e+22
       6.4  2.14e+22
       6.2  1.94e+22
         6  1.75e+22
       5.8  1.57e+22
       5.6  1.39e+22
      5.41  1.23e+22
      5.21  1.07e+22
      5.01  9.26e+21
      4.81  7.92e+21
      4.61  6.69e+21
      4.41  5.58e+21
      4.21  4.59e+21
      4.02  3.71e+21
      3.82  2.95e+21
      3.62   2.3e+21
      3.42  1.75e+21
      3.22   1.3e+21
      3.02  9.32e+20
      2.82  6.48e+20
      2.62  4.33e+20
      2.43  2.76e+20
      2.23  1.65e+20
      2.03  9.24e+19
      1.83  4.57e+19
      1.63  1.96e+19
      1.43  6.64e+18
      1.23  1.77e+18
      1.03  1.26e+18
     0.836  1.32e+18
     0.637  7.75e+17
     0.438  1.13e+18
     0.239  3.31e+17
    0.0407  1.49e+18
    -0.158 -1.27e+16
    -0.357  2.55e+17
    -0.555  9.94e+17
    -0.754  8.44e+16
    -0.953  1.44e+18
     -1.15 -8.02e+17
     -1.35  6.27e+17
     -1.55  1.47e+17
     -1.75   1.4e+17
     -1.95  1.49e+18
     -2.15  2.64e+18
     -2.34  1.33e+18
     -2.54 -1.43e+17
     -2.74  1.21e+18
     -2.94  1.94e+18
     -3.14 -5.88e+17
     -3.34 -3.93e+18
     -3.54  1.41e+17
     -3.73  4.41e+16
     -3.93 -1.88e+18
     -4.13   8.7e+17
     -4.33  1.26e+18
     -4.53  3.61e+17
     -4.73 -7.56e+17
     -4.93  1.62e+16
     -5.13 -3.76e+17
     -5.32 -2.62e+18
     -5.52 -5.95e+17
     -5.72  2.57e+17
     -5.92  1.76e+18
     -6.12 -4.42e+18
     -6.32  2.31e+18
     -6.52 -1.36e+18
     -6.72  2.05e+18
     -6.91  3.74e+18
     -7.11 -1.82e+18
     -7.31  9.84e+17
     -7.51 -4.43e+18
     -7.71  1.21e+18
     -7.91 -1.38e+16
     -8.11 -3.34e+18
     -8.31  2.28e+18
      -8.5 -2.58e+18
      -8.7  7.46e+17
      -8.9  3.68e+18
      -9.1  1.03e+18
      -9.3  3.76e+18
      -9.5  4.04e+18
      -9.7 -4.42e+18
      -9.9  2.44e+18
     -10.1 -5.79e+18
     -10.3  1.11e+19
     -10.5 -6.97e+18
     -10.7  8.04e+17
     -10.9 -2.21e+17
     -11.1  -9.5e+18
     -11.3  3.09e+18
     -11.5 -9.81e+18
     -11.7  1.03e+19
     -11.9  8.05e+18
     -12.1  1.45e+19
     -12.3 -7.88e+18
     -12.5  4.03e+18
     -12.7  1.21e+19
     -12.9 -1.97e+19
     -13.1  1.47e+19
     -13.3 -2.67e+18
     -13.5  -2.7e+18
     -13.7 -1.19e+18
     -13.9  1.51e+18
     -14.1 -8.85e+17
     -14.3 -1.41e+19
     -14.5 -1.71e+19
     -14.7 -1.58e+19
     -14.9   1.6e+19
     -15.1  1.32e+19
     -15.3 -2.14e+18
     -15.5 -1.82e+19
     -15.7   5.5e+18
     -15.9 -9.16e+18
     -16.1 -1.07e+19
     -16.3 -3.12e+19
     -16.5 -9.16e+18
     -16.7 -1.63e+19
     -16.9 -7.66e+18
       -17 -2.22e+19
     -17.2  8.25e+18
     -17.4 -1.62e+19
     -17.6  2.26e+18
     -17.8 -1.23e+19
       -18  2.17e+18
     -18.2  8.68e+18
     -18.4  1.53e+18
     -18.6  1.46e+18
     -18.8  9.45e+18
       -19  3.53e+19
     -19.2  2.65e+19
     -19.4  1.35e+19
     -19.6 -3.36e+19
     -19.8 -1.88e+19
       -20 -3.82e+19
     -20.2 -5.13e+19
     -20.4 -2.03e+19
     -20.6 -5.84e+17
     -20.8 -3.11e+19
       -21     1e+20
     -21.2  1.07e+20
     -21.4  -6.4e+19
     -21.6 -5.68e+18
     -21.8  2.13e+19
       -22  3.51e+19
     -22.2  1.09e+20
     -22.4  4.26e+18
     -22.6  7.73e+19
     -22.8 -7.39e+19
       -23 -4.48e+19
     -23.2  2.83e+19
     -23.4 -5.36e+18
     -23.6  7.23e+19
     -23.8 -9.02e+18
       -24  5.43e+19
     -24.2   9.5e+16
     -24.4  2.77e+19
     -24.6  4.18e+19
     -24.8   2.6e+19
       -25 -2.56e+19
     -25.2  1.62e+19
     -25.4  2.44e+19
     -25.6 -1.72e+18
     -25.8 -4.11e+19
       -26 -9.22e+19
     -26.2   3.7e+19
     -26.4 -6.06e+19
     -26.6 -2.22e+19
     -26.8  1.41e+20
       -27  7.78e+19
     -27.2 -6.76e+19
     -27.4 -2.19e+20
     -27.6  4.19e+19
     -27.8 -1.03e+20
       -28  6.45e+19
     -28.2   1.2e+20
     -28.4 -2.76e+19
     -28.6   5.7e+19
     -28.8    -4e+19
       -29 -3.05e+19
     -29.2 -9.47e+19
     -29.4  1.58e+19
     -29.6  -5.5e+17
     -29.8  5.02e+18
       -30  2.69e+19
     -30.2 -1.53e+19
     -30.4 -2.46e+17
     -30.6   3.2e+19
     -30.8 -5.96e+19
       -31 -8.41e+18
     -31.2  2.61e+19
     -31.4  -7.6e+19
     -31.6 -1.67e+19
     -31.8 -1.65e+19
       -32  5.13e+19
     -32.2  6.76e+19
     -32.4  2.44e+19
     -32.5 -6.51e+19
     -32.7  1.44e+19
     -32.9 -1.05e+19
     -33.1 -7.16e+18
     -33.3   3.3e+19
     -33.5 -5.06e+19
     -33.7     2e+19
     -33.9 -3.53e+19
     -34.1   1.1e+19
     -34.3 -3.38e+18
     -34.5 -4.22e+19
     -34.7  2.62e+19
     -34.9  1.15e+19
     -35.1 -3.64e+19
     -35.3  3.33e+19
     -35.5 -1.66e+19
     -35.7  7.31e+18
     -35.9 -8.57e+18
     -36.1  2.68e+18
     -36.3  4.15e+18
     -36.5 -3.54e+17
     -36.7 -8.77e+17
     -36.9  6.91e+17
     -37.1  1.51e+18
     -37.3 -2.38e+17
     -37.5 -3.48e+16
     -37.7 -3.23e+15

pressure[atm]        = 100
temperature[K]           = 500
energy step[1/cm]        = 69.5
maximum energy[kcal/mol] = 34.2

bimolecular PEDs:
   E, kcal    P1->P2
      34.2  6.35e+19
        34  6.99e+19
      33.8  7.68e+19
      33.6  8.44e+19
      33.4  9.28e+19
      33.2  1.02e+20
        33  1.12e+20
      32.8  1.23e+20
      32.6  1.35e+20
      32.4  1.48e+20
      32.2  1.62e+20
        32  1.77e+20
      31.8  1.94e+20
      31.6  2.12e+20
      31.4  2.32e+20
      31.2  2.54e+20
        31  2.78e+20
      30.8  3.04e+20
      30.6  3.32e+20
      30.4  3.62e+20
      30.2  3.95e+20
        30  4.31e+20
      29.8  4.69e+20
      29.6  5.12e+20
      29.5  5.57e+20
      29.3  6.07e+20
      29.1   6.6e+20
      28.9  7.18e+20
      28.7   7.8e+20
      28.5  8.47e+20
      28.3   9.2e+20
      28.1  9.98e+20
      27.9  1.08e+21
      27.7  1.17e+21
      27.5  1.27e+21
      27.3  1.38e+21
      27.1  1.49e+21
      26.9  1.61e+21
      26.7  1.74e+21
      26.5  1.88e+21
      26.3  2.03e+21
      26.1  2.19e+21
      25.9  2.36e+21
      25.7  2.55e+21
      25.5  2.75e+21
      25.3  2.96e+21
      25.1  3.18e+21
      24.9  3.42e+21
      24.7  3.68e+21
      24.5  3.95e+21
      24.3  4.24e+21
      24.1  4.55e+21
      23.9  4.87e+21
      23.7  5.22e+21
      23.5  5.59e+21
      23.3  5.98e+21
      23.1  6.39e+21
      22.9  6.83e+21
      22.7  7.29e+21
      22.5  7.78e+21
      22.3  8.29e+21
      22.1  8.83e+21
      21.9   9.4e+21
      21.7     1e+22
      21.5  1.06e+22
      21.3  1.13e+22
      21.1   1.2e+22
      20.9  1.27e+22
      20.7  1.35e+22
      20.5  1.43e+22
      20.3  1.51e+22
      20.1  1.59e+22
      19.9  1.68e+22
      19.7  1.78e+22
      19.5  1.87e+22
      19.3  1.97e+22
      19.1  2.07e+22
      18.9  2.18e+22
      18.7  2.29e+22
      18.5   2.4e+22
      18.3  2.52e+22
      18.1  2.64e+22
      17.9  2.76e+22
      17.7  2.88e+22
      17.5  3.01e+22
      17.3  3.14e+22
      17.1  3.27e+22
      16.9   3.4e+22
      16.7  3.54e+22
      16.5  3.67e+22
      16.3  3.81e+22
      16.1  3.94e+22
      15.9  4.08e+22
      15.7  4.22e+22
      15.5  4.35e+22
      15.3  4.48e+22
      15.1  4.62e+22
      14.9  4.74e+22
      14.7  4.87e+22
      14.5  4.99e+22
      14.3  5.11e+22
      14.1  5.22e+22
        14  5.33e+22
      13.8  5.43e+22
      13.6  5.53e+22
      13.4  5.61e+22
      13.2  5.69e+22
        13  5.76e+22
      12.8  5.82e+22
      12.6  5.88e+22
      12.4  5.92e+22
      12.2  5.95e+22
        12  5.97e+22
      11.8  5.98e+22
      11.6  5.97e+22
      11.4  5.95e+22
      11.2  5.92e+22
        11  5.88e+22
      10.8  5.83e+22
      10.6  5.76e+22
      10.4  5.68e+22
      10.2  5.58e+22
      9.98  5.48e+22
      9.78  5.36e+22
      9.58  5.23e+22
      9.38  5.08e+22
      9.18  4.93e+22
      8.98  4.77e+22
      8.78  4.59e+22
      8.59  4.41e+22
      8.39  4.22e+22
      8.19  4.03e+22
      7.99  3.83e+22
      7.79  3.62e+22
      7.59  3.41e+22
      7.39   3.2e+22
      7.19  2.98e+22
         7  2.77e+22
       6.8  2.56e+22
       6.6  2.35e+22
       6.4  2.15e+22
       6.2  1.95e+22
         6  1.76e+22
       5.8  1.58e+22
       5.6   1.4e+22
      5.41  1.24e+22
      5.21  1.08e+22
      5.01  9.34e+21
      4.81     8e+21
      4.61  6.77e+21
      4.41  5.66e+21
      4.21  4.66e+21
      4.02  3.78e+21
      3.82  3.02e+21
      3.62  2.36e+21
      3.42   1.8e+21
      3.22  1.35e+21
      3.02   9.8e+20
      2.82  6.91e+20
      2.62   4.7e+20
      2.43  3.09e+20
      2.23  1.95e+20
      2.03  1.18e+20
      1.83  6.85e+19
      1.63  3.86e+19
      1.43  2.45e+19
      1.23  1.65e+19
      1.03  1.28e+19
     0.836  1.09e+19
     0.637  1.05e+19
     0.438  8.17e+18
     0.239  8.76e+18
    0.0407  5.51e+18
    -0.158  4.97e+18
    -0.357  4.66e+18
    -0.555  3.38e+18
    -0.754  2.43e+18
    -0.953  3.03e+18
     -1.15   1.3e+18
     -1.35  1.35e+18
     -1.55  1.71e+18
     -1.75 -3.92e+16
     -1.95 -7.81e+17
     -2.15  1.08e+18
     -2.34 -2.98e+17
     -2.54 -1.35e+17
     -2.74  -2.8e+18
     -2.94 -2.02e+18
     -3.14 -2.32e+18
     -3.34  -2.3e+18
     -3.54 -2.95e+17
     -3.73  -2.9e+18
     -3.93  2.78e+17
     -4.13 -1.69e+18
     -4.33 -4.05e+17
     -4.53 -3.43e+18
     -4.73  2.71e+17
     -4.93 -2.06e+18
     -5.13 -9.82e+17
     -5.32 -2.12e+18
     -5.52  1.55e+18
     -5.72  9.22e+17
     -5.92  2.24e+18
     -6.12 -1.13e+18
     -6.32 -2.18e+18
     -6.52 -1.92e+18
     -6.72  2.14e+18
     -6.91  3.29e+18
     -7.11 -4.64e+16
     -7.31 -3.69e+18
     -7.51 -2.64e+18
     -7.71 -3.44e+18
     -7.91  1.42e+18
     -8.11  -5.2e+17
     -8.31 -6.46e+18
      -8.5 -1.88e+18
      -8.7 -8.81e+18
      -8.9  -2.9e+18
      -9.1 -8.88e+18
      -9.3  1.09e+18
      -9.5 -5.45e+18
      -9.7  1.35e+18
      -9.9 -6.69e+18
     -10.1  3.24e+18
     -10.3  7.51e+18
     -10.5 -5.62e+18
     -10.7  1.13e+17
     -10.9  4.55e+18
     -11.1  5.39e+18
     -11.3  5.92e+18
     -11.5  3.36e+18
     -11.7  1.88e+19
     -11.9  2.57e+18
     -12.1  1.71e+19
     -12.3  2.14e+19
     -12.5 -1.71e+19
     -12.7  1.88e+19
     -12.9 -1.59e+19
     -13.1  5.47e+17
     -13.3 -1.94e+19
     -13.5  2.56e+18
     -13.7 -9.34e+18
     -13.9  7.95e+18
     -14.1 -3.29e+18
     -14.3  1.52e+19
     -14.5  1.12e+19
     -14.7  1.02e+19
     -14.9  1.99e+18
     -15.1 -8.77e+18
     -15.3 -1.33e+19
     -15.5 -2.13e+19
     -15.7 -8.16e+18
     -15.9   8.5e+17
     -16.1  8.99e+17
     -16.3  2.75e+19
     -16.5  7.92e+18
     -16.7  2.52e+19
     -16.9 -1.42e+19
       -17 -7.53e+18
     -17.2  -3.2e+19
     -17.4 -4.08e+19
     -17.6 -1.53e+19
     -17.8 -1.67e+19
       -18 -1.56e+19
     -18.2  1.61e+19
     -18.4 -2.98e+19
     -18.6 -8.96e+18
     -18.8 -1.44e+18
       -19 -5.86e+19
     -19.2 -3.97e+19
     -19.4 -5.68e+19
     -19.6 -6.48e+19
     -19.8  -3.4e+19
       -20  5.53e+19
     -20.2  1.49e+19
     -20.4  2.29e+19
     -20.6  3.66e+19
     -20.8  2.34e+18
       -21 -1.09e+20
     -21.2 -5.02e+19
     -21.4 -1.18e+20
     -21.6  -2.2e+19
     -21.8 -5.22e+19
       -22 -6.48e+19
     -22.2 -4.84e+19
     -22.4 -5.74e+19
     -22.6 -8.48e+19
     -22.8 -4.44e+19
       -23 -5.07e+19
     -23.2 -2.93e+19
     -23.4 -2.71e+19
     -23.6 -3.39e+19
     -23.8 -2.03e+19
       -24 -2.21e+19
     -24.2 -8.17e+19
     -24.4 -1.45e+19
     -24.6   8.9e+18
     -24.8   1.1e+20
       -25 -8.12e+19
     -25.2 -2.03e+20
     -25.4 -8.36e+19
     -25.6 -3.71e+19
     -25.8  2.21e+19
       -26  7.33e+19
     -26.2  4.54e+19
     -26.4  4.28e+19
     -26.6 -1.59e+20
     -26.8 -4.06e+19
       -27 -1.58e+20
     -27.2 -7.51e+19
     -27.4  4.75e+19
     -27.6  -1.1e+19
     -27.8 -2.16e+19
       -28  8.97e+19
     -28.2  1.11e+20
     -28.4  8.53e+19
     -28.6 -1.48e+20
     -28.8 -3.25e+20
       -29 -1.87e+20
     -29.2 -4.13e+19
     -29.4   2.2e+19
     -29.6  7.18e+19
     -29.8 -4.19e+18
       -30  1.17e+20
     -30.2  5.24e+19
     -30.4  9.83e+19
     -30.6  8.26e+18
     -30.8 -6.58e+19
       -31 -8.62e+19
     -31.2 -3.05e+19
     -31.4 -6.61e+19
     -31.6  1.19e+19
     -31.8  3.99e+19
       -32  3.76e+19
     -32.2  6.71e+19
     -32.4  1.71e+19
     -32.5 -2.08e+19
     -32.7 -6.83e+19
     -32.9 -3.88e+19
     -33.1  6.57e+19
     -33.3 -1.94e+19
     -33.5  6.75e+19
     -33.7   2.1e+19
     -33.9 -8.49e+17
     -34.1 -1.03e+20
     -34.3 -5.95e+19
     -34.5 -5.36e+19
     -34.7 -2.22e+19
     -34.9  2.47e+19
     -35.1 -1.91e+19
     -35.3 -1.07e+19
     -35.5 -1.28e+18
     -35.7 -1.55e+19
     -35.9  2.75e+19
     -36.1  4.36e+18
     -36.3 -7.96e+16
     -36.5  8.63e+17
     -36.7 -3.96e+18
     -36.9 -2.87e+18
     -37.1  6.06e+17
     -37.3  8.02e+17
     -37.5  6.46e+15
     -37.7  1.35e+14

pressure[atm]        = 0.01
temperature[K]           = 600
energy step[1/cm]        = 83.4
maximum energy[kcal/mol] = 44.6

bimolecular PEDs:
   E, kcal    P1->P2
      44.6  9.83e+21
      44.4  1.08e+22
      44.1  1.18e+22
      43.9   1.3e+22
      43.7  1.42e+22
      43.4  1.56e+22
      43.2  1.71e+22
        43  1.87e+22
      42.7  2.05e+22
      42.5  2.25e+22
      42.2  2.46e+22
        42  2.69e+22
      41.8  2.94e+22
      41.5  3.21e+22
      41.3  3.51e+22
        41  3.83e+22
      40.8  4.18e+22
      40.6  4.56e+22
      40.3  4.97e+22
      40.1  5.42e+22
      39.9  5.91e+22
      39.6  6.43e+22
      39.4     7e+22
      39.1  7.62e+22
      38.9  8.29e+22
      38.7  9.01e+22
      38.4  9.79e+22
      38.2  1.06e+23
      37.9  1.16e+23
      37.7  1.25e+23
      37.5  1.36e+23
      37.2  1.47e+23
        37   1.6e+23
      36.8  1.73e+23
      36.5  1.87e+23
      36.3  2.03e+23
        36  2.19e+23
      35.8  2.37e+23
      35.6  2.56e+23
      35.3  2.77e+23
      35.1  2.99e+23
      34.8  3.22e+23
      34.6  3.48e+23
      34.4  3.75e+23
      34.1  4.03e+23
      33.9  4.34e+23
      33.7  4.67e+23
      33.4  5.03e+23
      33.2   5.4e+23
      32.9   5.8e+23
      32.7  6.23e+23
      32.5  6.68e+23
      32.2  7.17e+23
        32  7.68e+23
      31.7  8.23e+23
      31.5   8.8e+23
      31.3  9.42e+23
        31  1.01e+24
      30.8  1.08e+24
      30.6  1.15e+24
      30.3  1.23e+24
      30.1  1.31e+24
      29.8  1.39e+24
      29.6  1.48e+24
      29.4  1.58e+24
      29.1  1.68e+24
      28.9  1.78e+24
      28.6  1.89e+24
      28.4  2.01e+24
      28.2  2.13e+24
      27.9  2.26e+24
      27.7  2.39e+24
      27.5  2.53e+24
      27.2  2.67e+24
        27  2.82e+24
      26.7  2.97e+24
      26.5  3.14e+24
      26.3   3.3e+24
        26  3.48e+24
      25.8  3.66e+24
      25.5  3.84e+24
      25.3  4.04e+24
      25.1  4.23e+24
      24.8  4.44e+24
      24.6  4.65e+24
      24.4  4.86e+24
      24.1  5.08e+24
      23.9  5.31e+24
      23.6  5.54e+24
      23.4  5.77e+24
      23.2  6.01e+24
      22.9  6.26e+24
      22.7   6.5e+24
      22.4  6.75e+24
      22.2     7e+24
        22  7.25e+24
      21.7  7.51e+24
      21.5  7.76e+24
      21.3  8.01e+24
        21  8.26e+24
      20.8  8.51e+24
      20.5  8.76e+24
      20.3     9e+24
      20.1  9.24e+24
      19.8  9.48e+24
      19.6   9.7e+24
      19.3  9.92e+24
      19.1  1.01e+25
      18.9  1.03e+25
      18.6  1.05e+25
      18.4  1.07e+25
      18.1  1.09e+25
      17.9   1.1e+25
      17.7  1.12e+25
      17.4  1.13e+25
      17.2  1.14e+25
        17  1.15e+25
      16.7  1.16e+25
      16.5  1.16e+25
      16.2  1.17e+25
        16  1.17e+25
      15.8  1.17e+25
      15.5  1.16e+25
      15.3  1.16e+25
        15  1.15e+25
      14.8  1.14e+25
      14.6  1.13e+25
      14.3  1.12e+25
      14.1   1.1e+25
      13.9  1.09e+25
      13.6  1.07e+25
      13.4  1.04e+25
      13.1  1.02e+25
      12.9  9.94e+24
      12.7  9.66e+24
      12.4  9.37e+24
      12.2  9.06e+24
      11.9  8.74e+24
      11.7  8.41e+24
      11.5  8.06e+24
      11.2  7.71e+24
        11  7.35e+24
      10.8  6.98e+24
      10.5  6.61e+24
      10.3  6.23e+24
        10  5.86e+24
       9.8  5.48e+24
      9.57  5.11e+24
      9.33  4.75e+24
      9.09  4.39e+24
      8.85  4.04e+24
      8.61   3.7e+24
      8.37  3.38e+24
      8.13  3.06e+24
       7.9  2.76e+24
      7.66  2.47e+24
      7.42   2.2e+24
      7.18  1.95e+24
      6.94  1.71e+24
       6.7  1.49e+24
      6.47  1.29e+24
      6.23   1.1e+24
      5.99  9.35e+23
      5.75  7.85e+23
      5.51  6.52e+23
      5.27  5.35e+23
      5.03  4.33e+23
       4.8  3.45e+23
      4.56   2.7e+23
      4.32  2.07e+23
      4.08  1.56e+23
      3.84  1.14e+23
       3.6  8.11e+22
      3.37  5.59e+22
      3.13  3.69e+22
      2.89  2.34e+22
      2.65   1.4e+22
      2.41  7.76e+21
      2.17  3.88e+21
      1.93  1.77e+21
       1.7  6.27e+20
      1.46  1.92e+20
      1.22  7.93e+18
     0.981  1.69e+19
     0.742  7.91e+17
     0.504  5.14e+18
     0.265  1.51e+19
    0.0268 -1.22e+19
    -0.212  1.26e+20
     -0.45  6.69e+18
    -0.689 -3.63e+19
    -0.927  2.63e+18
     -1.17 -1.89e+19
      -1.4  2.08e+19
     -1.64 -2.64e+19
     -1.88 -3.45e+19
     -2.12  3.36e+19
     -2.36 -6.82e+19
      -2.6 -7.81e+19
     -2.83  -4.7e+19
     -3.07 -2.59e+20
     -3.31 -1.34e+19
     -3.55 -1.41e+18
     -3.79 -8.15e+19
     -4.03 -7.23e+18
     -4.27  -8.7e+19
      -4.5  1.62e+20
     -4.74 -1.01e+20
     -4.98  2.16e+19
     -5.22  -2.3e+19
     -5.46  1.91e+20
      -5.7 -2.43e+20
     -5.93  5.23e+19
     -6.17 -2.52e+20
     -6.41 -6.68e+19
     -6.65 -1.91e+19
     -6.89  -8.6e+19
     -7.13  -1.3e+20
     -7.37 -5.03e+20
      -7.6 -9.75e+19
     -7.84   6.2e+18
     -8.08   8.1e+19
     -8.32 -7.82e+19
     -8.56 -1.55e+20
      -8.8 -3.19e+19
     -9.03 -2.92e+20
     -9.27 -1.39e+20
     -9.51  8.47e+19
     -9.75 -3.61e+20
     -9.99  2.49e+20
     -10.2  2.34e+20
     -10.5 -2.12e+20
     -10.7 -3.49e+20
     -10.9 -4.03e+19
     -11.2  3.07e+20
     -11.4 -3.58e+19
     -11.7  3.96e+19
     -11.9 -2.34e+20
     -12.1 -8.72e+20
     -12.4 -1.36e+20
     -12.6 -2.71e+20
     -12.9  1.21e+20
     -13.1  7.86e+20
     -13.3 -1.27e+20
     -13.6 -8.15e+18
     -13.8  4.27e+20
       -14  5.65e+19
     -14.3  7.49e+20
     -14.5 -9.33e+19
     -14.8 -5.16e+20
       -15  3.59e+20
     -15.2  -1.2e+21
     -15.5  1.68e+19
     -15.7 -5.43e+20
       -16  1.43e+20
     -16.2  3.25e+20
     -16.4  2.42e+20
     -16.7   2.7e+20
     -16.9   7.3e+20
     -17.1  3.58e+20
     -17.4 -1.54e+19
     -17.6  1.86e+20
     -17.9 -2.27e+20
     -18.1  2.46e+20
     -18.3  -1.3e+20
     -18.6 -1.22e+19
     -18.8 -1.77e+19
     -19.1  9.14e+19
     -19.3 -2.04e+17
     -19.5  6.28e+19
     -19.8  1.39e+20
       -20  2.96e+20
     -20.2 -1.01e+20
     -20.5 -5.54e+19
     -20.7  3.26e+20
       -21  5.03e+19
     -21.2  8.16e+20
     -21.4  8.48e+19
     -21.7  1.93e+19
     -21.9  2.26e+20
     -22.2  8.71e+20
     -22.4  3.43e+20
     -22.6 -2.74e+19
     -22.9 -5.65e+20
     -23.1 -1.57e+20
     -23.3  4.82e+20
     -23.6  9.04e+20
     -23.8  1.53e+19
     -24.1  3.07e+20
     -24.3 -3.39e+19
     -24.5 -3.48e+20
     -24.8  7.28e+18
       -25 -4.53e+20
     -25.3  4.48e+20
     -25.5   7.6e+19
     -25.7  9.46e+20
       -26 -5.87e+20
     -26.2 -1.04e+20
     -26.4 -8.58e+20
     -26.7  1.08e+21
     -26.9 -2.18e+20
     -27.2  3.89e+20
     -27.4  -3.3e+20
     -27.6  2.96e+20
     -27.9 -4.33e+20
     -28.1  6.05e+20
     -28.4 -5.99e+20
     -28.6  1.03e+20
     -28.8 -6.08e+19
     -29.1  8.27e+20
     -29.3 -6.11e+20
     -29.5  2.35e+20
     -29.8  3.21e+20
       -30  1.89e+20
     -30.3 -3.31e+20
     -30.5 -2.09e+20
     -30.7  1.05e+20
       -31  4.81e+20
     -31.2 -3.83e+20
     -31.5 -9.67e+19
     -31.7  2.34e+20
     -31.9  3.58e+19
     -32.2 -1.62e+19
     -32.4  2.11e+20
     -32.6 -4.29e+20
     -32.9  3.45e+20
     -33.1 -2.46e+20
     -33.4 -8.12e+19
     -33.6 -1.31e+19
     -33.8  1.04e+20
     -34.1 -9.94e+18
     -34.3 -7.66e+18
     -34.6 -6.27e+18
     -34.8  1.37e+19
       -35 -6.81e+19
     -35.3  -5.5e+19
     -35.5 -4.32e+19
     -35.7  2.56e+19
       -36  3.85e+18
     -36.2   8.7e+18
     -36.5  3.66e+18
     -36.7 -3.53e+18
     -36.9 -3.66e+18
     -37.2  4.86e+17
     -37.4 -5.41e+16
     -37.7 -1.16e+12

pressure[atm]        = 0.1
temperature[K]           = 600
energy step[1/cm]        = 83.4
maximum energy[kcal/mol] = 44.6

bimolecular PEDs:
   E, kcal    P1->P2
      44.6  9.83e+21
      44.4  1.08e+22
      44.1  1.18e+22
      43.9   1.3e+22
      43.7  1.42e+22
      43.4  1.56e+22
      43.2  1.71e+22
        43  1.87e+22
      42.7  2.05e+22
      42.5  2.25e+22
      42.2  2.46e+22
        42  2.69e+22
      41.8  2.94e+22
      41.5  3.21e+22
      41.3  3.51e+22
        41  3.83e+22
      40.8  4.18e+22
      40.6  4.56e+22
      40.3  4.97e+22
      40.1  5.42e+22
      39.9  5.91e+22
      39.6  6.43e+22
      39.4     7e+22
      39.1  7.62e+22
      38.9  8.29e+22
      38.7  9.01e+22
      38.4  9.79e+22
      38.2  1.06e+23
      37.9  1.16e+23
      37.7  1.25e+23
      37.5  1.36e+23
      37.2  1.47e+23
        37   1.6e+23
      36.8  1.73e+23
      36.5  1.87e+23
      36.3  2.03e+23
        36  2.19e+23
      35.8  2.37e+23
      35.6  2.56e+23
      35.3  2.77e+23
      35.1  2.99e+23
      34.8  3.22e+23
      34.6  3.48e+23
      34.4  3.75e+23
      34.1  4.03e+23
      33.9  4.34e+23
      33.7  4.67e+23
      33.4  5.03e+23
      33.2   5.4e+23
      32.9   5.8e+23
      32.7  6.23e+23
      32.5  6.68e+23
      32.2  7.17e+23
        32  7.68e+23
      31.7  8.23e+23
      31.5   8.8e+23
      31.3  9.42e+23
        31  1.01e+24
      30.8  1.08e+24
      30.6  1.15e+24
      30.3  1.23e+24
      30.1  1.31e+24
      29.8  1.39e+24
      29.6  1.48e+24
      29.4  1.58e+24
      29.1  1.68e+24
      28.9  1.78e+24
      28.6  1.89e+24
      28.4  2.01e+24
      28.2  2.13e+24
      27.9  2.26e+24
      27.7  2.39e+24
      27.5  2.53e+24
      27.2  2.67e+24
        27  2.82e+24
      26.7  2.97e+24
      26.5  3.14e+24
      26.3   3.3e+24
        26  3.48e+24
      25.8  3.66e+24
      25.5  3.84e+24
      25.3  4.04e+24
      25.1  4.23e+24
      24.8  4.44e+24
      24.6  4.65e+24
      24.4  4.86e+24
      24.1  5.08e+24
      23.9  5.31e+24
      23.6  5.54e+24
      23.4  5.77e+24
      23.2  6.01e+24
      22.9  6.26e+24
      22.7   6.5e+24
      22.4  6.75e+24
      22.2     7e+24
        22  7.25e+24
      21.7  7.51e+24
      21.5  7.76e+24
      21.3  8.01e+24
        21  8.26e+24
      20.8  8.51e+24
      20.5  8.76e+24
      20.3     9e+24
      20.1  9.24e+24
      19.8  9.48e+24
      19.6   9.7e+24
      19.3  9.92e+24
      19.1  1.01e+25
      18.9  1.03e+25
      18.6  1.05e+25
      18.4  1.07e+25
      18.1  1.09e+25
      17.9   1.1e+25
      17.7  1.12e+25
      17.4  1.13e+25
      17.2  1.14e+25
        17  1.15e+25
      16.7  1.16e+25
      16.5  1.16e+25
      16.2  1.17e+25
        16  1.17e+25
      15.8  1.17e+25
      15.5  1.16e+25
      15.3  1.16e+25
        15  1.15e+25
      14.8  1.14e+25
      14.6  1.13e+25
      14.3  1.12e+25
      14.1   1.1e+25
      13.9  1.09e+25
      13.6  1.07e+25
      13.4  1.04e+25
      13.1  1.02e+25
      12.9  9.94e+24
      12.7  9.66e+24
      12.4  9.37e+24
      12.2  9.06e+24
      11.9  8.74e+24
      11.7  8.41e+24
      11.5  8.06e+24
      11.2  7.71e+24
        11  7.35e+24
      10.8  6.98e+24
      10.5  6.61e+24
      10.3  6.23e+24
        10  5.86e+24
       9.8  5.48e+24
      9.57  5.11e+24
      9.33  4.75e+24
      9.09  4.39e+24
      8.85  4.04e+24
      8.61   3.7e+24
      8.37  3.38e+24
      8.13  3.06e+24
       7.9  2.76e+24
      7.66  2.47e+24
      7.42   2.2e+24
      7.18  1.95e+24
      6.94  1.71e+24
       6.7  1.49e+24
      6.47  1.29e+24
      6.23   1.1e+24
      5.99  9.35e+23
      5.75  7.85e+23
      5.51  6.52e+23
      5.27  5.35e+23
      5.03  4.33e+23
       4.8  3.45e+23
      4.56   2.7e+23
      4.32  2.07e+23
      4.08  1.56e+23
      3.84  1.14e+23
       3.6  8.11e+22
      3.37  5.58e+22
      3.13  3.69e+22
      2.89  2.34e+22
      2.65  1.39e+22
      2.41  7.77e+21
      2.17  3.94e+21
      1.93  1.72e+21
       1.7  6.75e+20
      1.46  1.72e+20
      1.22  2.07e+19
     0.981 -1.91e+19
     0.742  1.29e+19
     0.504  4.61e+19
     0.265 -1.38e+19
    0.0268 -8.12e+19
    -0.212 -6.05e+19
     -0.45 -7.92e+19
    -0.689 -7.75e+19
    -0.927  7.84e+19
     -1.17 -6.75e+19
      -1.4  8.94e+17
     -1.64 -1.15e+20
     -1.88 -3.22e+19
     -2.12 -1.68e+20
     -2.36  -2.2e+19
      -2.6  -5.7e+19
     -2.83  1.35e+20
     -3.07 -1.83e+20
     -3.31     7e+19
     -3.55 -7.37e+19
     -3.79  8.01e+19
     -4.03  9.94e+18
     -4.27 -1.26e+20
      -4.5  8.54e+19
     -4.74  3.56e+19
     -4.98 -2.34e+20
     -5.22  8.76e+19
     -5.46 -2.29e+20
      -5.7  2.44e+20
     -5.93  3.95e+19
     -6.17 -1.52e+20
     -6.41 -2.09e+19
     -6.65 -2.08e+20
     -6.89  3.17e+20
     -7.13 -3.74e+20
     -7.37     3e+20
      -7.6  9.14e+19
     -7.84  3.26e+20
     -8.08  4.97e+20
     -8.32  4.11e+20
     -8.56 -7.31e+18
      -8.8  5.34e+20
     -9.03  7.22e+20
     -9.27  3.79e+20
     -9.51  2.68e+20
     -9.75  2.84e+20
     -9.99  4.28e+20
     -10.2 -9.41e+19
     -10.5  2.79e+20
     -10.7   1.7e+20
     -10.9  2.19e+20
     -11.2 -5.02e+20
     -11.4    -4e+20
     -11.7 -5.05e+19
     -11.9  5.62e+20
     -12.1  1.22e+20
     -12.4  2.51e+19
     -12.6  2.28e+20
     -12.9 -2.04e+20
     -13.1  4.44e+19
     -13.3  -4.7e+20
     -13.6 -1.17e+20
     -13.8 -9.19e+20
       -14  3.86e+20
     -14.3  5.12e+20
     -14.5  7.26e+20
     -14.8  3.15e+20
       -15  1.55e+20
     -15.2  1.54e+20
     -15.5  2.08e+20
     -15.7  4.89e+19
       -16 -6.47e+19
     -16.2  7.21e+19
     -16.4 -3.69e+20
     -16.7 -6.82e+20
     -16.9  6.34e+20
     -17.1  5.93e+19
     -17.4  9.19e+20
     -17.6 -5.16e+20
     -17.9 -2.45e+20
     -18.1 -8.61e+20
     -18.3  7.96e+19
     -18.6  5.32e+20
     -18.8  6.78e+20
     -19.1  7.21e+20
     -19.3 -8.25e+20
     -19.5 -1.14e+21
     -19.8 -9.98e+20
       -20 -2.03e+20
     -20.2 -6.35e+19
     -20.5 -2.21e+20
     -20.7 -3.49e+20
       -21 -8.61e+20
     -21.2  -4.7e+20
     -21.4  5.58e+20
     -21.7  2.37e+20
     -21.9 -5.47e+20
     -22.2 -4.12e+20
     -22.4 -2.24e+20
     -22.6  3.68e+19
     -22.9  3.21e+20
     -23.1  1.05e+21
     -23.3 -3.87e+20
     -23.6 -8.26e+20
     -23.8 -2.99e+20
     -24.1  5.63e+20
     -24.3  2.21e+20
     -24.5  -1.8e+20
     -24.8  1.72e+20
       -25 -4.66e+19
     -25.3 -4.98e+20
     -25.5 -1.75e+20
     -25.7 -1.21e+21
       -26 -5.79e+20
     -26.2   2.2e+20
     -26.4  -4.6e+20
     -26.7  2.29e+20
     -26.9  2.43e+20
     -27.2  7.38e+20
     -27.4 -1.14e+21
     -27.6  2.43e+20
     -27.9 -1.71e+21
     -28.1 -2.26e+20
     -28.4 -1.89e+19
     -28.6 -6.83e+19
     -28.8  3.63e+20
     -29.1  3.79e+20
     -29.3 -4.71e+20
     -29.5  -6.7e+20
     -29.8  2.09e+20
       -30 -2.95e+20
     -30.3   2.3e+19
     -30.5 -3.58e+20
     -30.7 -9.63e+19
       -31  3.59e+19
     -31.2  1.79e+19
     -31.5 -2.39e+19
     -31.7  -2.6e+20
     -31.9 -2.51e+20
     -32.2  7.09e+19
     -32.4 -1.66e+20
     -32.6  7.07e+18
     -32.9 -3.03e+20
     -33.1  7.04e+17
     -33.4  1.76e+19
     -33.6 -2.68e+19
     -33.8 -1.03e+20
     -34.1  1.05e+20
     -34.3 -4.92e+19
     -34.6  7.24e+19
     -34.8 -1.42e+20
       -35  4.69e+19
     -35.3 -2.57e+19
     -35.5   1.4e+19
     -35.7 -6.09e+18
       -36  5.58e+18
     -36.2 -6.78e+17
     -36.5 -1.29e+16
     -36.7  3.31e+17
     -36.9  3.52e+18
     -37.2  2.22e+17
     -37.4 -4.45e+15
     -37.7 -6.36e+13

pressure[atm]        = 1
temperature[K]           = 600
energy step[1/cm]        = 83.4
maximum energy[kcal/mol] = 44.6

bimolecular PEDs:
   E, kcal    P1->P2
      44.6  9.83e+21
      44.4  1.08e+22
      44.1  1.18e+22
      43.9   1.3e+22
      43.7  1.42e+22
      43.4  1.56e+22
      43.2  1.71e+22
        43  1.87e+22
      42.7  2.05e+22
      42.5  2.25e+22
      42.2  2.46e+22
        42  2.69e+22
      41.8  2.94e+22
      41.5  3.21e+22
      41.3  3.51e+22
        41  3.83e+22
      40.8  4.18e+22
      40.6  4.56e+22
      40.3  4.97e+22
      40.1  5.42e+22
      39.9  5.91e+22
      39.6  6.43e+22
      39.4     7e+22
      39.1  7.62e+22
      38.9  8.29e+22
      38.7  9.01e+22
      38.4  9.79e+22
      38.2  1.06e+23
      37.9  1.16e+23
      37.7  1.25e+23
      37.5  1.36e+23
      37.2  1.47e+23
        37   1.6e+23
      36.8  1.73e+23
      36.5  1.87e+23
      36.3  2.03e+23
        36  2.19e+23
      35.8  2.37e+23
      35.6  2.56e+23
      35.3  2.77e+23
      35.1  2.99e+23
      34.8  3.22e+23
      34.6  3.48e+23
      34.4  3.75e+23
      34.1  4.03e+23
      33.9  4.34e+23
      33.7  4.67e+23
      33.4  5.03e+23
      33.2   5.4e+23
      32.9   5.8e+23
      32.7  6.23e+23
      32.5  6.68e+23
      32.2  7.17e+23
        32  7.68e+23
      31.7  8.23e+23
      31.5   8.8e+23
      31.3  9.42e+23
        31  1.01e+24
      30.8  1.08e+24
      30.6  1.15e+24
      30.3  1.23e+24
      30.1  1.31e+24
      29.8  1.39e+24
      29.6  1.48e+24
      29.4  1.58e+24
      29.1  1.68e+24
      28.9  1.78e+24
      28.6  1.89e+24
      28.4  2.01e+24
      28.2  2.13e+24
      27.9  2.26e+24
      27.7  2.39e+24
      27.5  2.53e+24
      27.2  2.67e+24
        27  2.82e+24
      26.7  2.97e+24
      26.5  3.14e+24
      26.3   3.3e+24
        26  3.48e+24
      25.8  3.66e+24
      25.5  3.84e+24
      25.3  4.04e+24
      25.1  4.23e+24
      24.8  4.44e+24
      24.6  4.65e+24
      24.4  4.86e+24
      24.1  5.08e+24
      23.9  5.31e+24
      23.6  5.54e+24
      23.4  5.77e+24
      23.2  6.01e+24
      22.9  6.26e+24
      22.7   6.5e+24
      22.4  6.75e+24
      22.2     7e+24
        22  7.25e+24
      21.7   7.5e+24
      21.5  7.76e+24
      21.3  8.01e+24
        21  8.26e+24
      20.8  8.51e+24
      20.5  8.76e+24
      20.3     9e+24
      20.1  9.24e+24
      19.8  9.48e+24
      19.6   9.7e+24
      19.3  9.92e+24
      19.1  1.01e+25
      18.9  1.03e+25
      18.6  1.05e+25
      18.4  1.07e+25
      18.1  1.09e+25
      17.9   1.1e+25
      17.7  1.12e+25
      17.4  1.13e+25
      17.2  1.14e+25
        17  1.15e+25
      16.7  1.16e+25
      16.5  1.16e+25
      16.2  1.17e+25
        16  1.17e+25
      15.8  1.17e+25
      15.5  1.16e+25
      15.3  1.16e+25
        15  1.15e+25
      14.8  1.14e+25
      14.6  1.13e+25
      14.3  1.12e+25
      14.1   1.1e+25
      13.9  1.09e+25
      13.6  1.07e+25
      13.4  1.04e+25
      13.1  1.02e+25
      12.9  9.94e+24
      12.7  9.66e+24
      12.4  9.37e+24
      12.2  9.06e+24
      11.9  8.74e+24
      11.7  8.41e+24
      11.5  8.06e+24
      11.2  7.71e+24
        11  7.35e+24
      10.8  6.98e+24
      10.5  6.61e+24
      10.3  6.23e+24
        10  5.86e+24
       9.8  5.48e+24
      9.57  5.11e+24
      9.33  4.75e+24
      9.09  4.39e+24
      8.85  4.04e+24
      8.61   3.7e+24
      8.37  3.38e+24
      8.13  3.06e+24
       7.9  2.76e+24
      7.66  2.47e+24
      7.42   2.2e+24
      7.18  1.95e+24
      6.94  1.71e+24
       6.7  1.49e+24
      6.47  1.29e+24
      6.23   1.1e+24
      5.99  9.35e+23
      5.75  7.85e+23
      5.51  6.52e+23
      5.27  5.35e+23
      5.03  4.33e+23
       4.8  3.45e+23
      4.56   2.7e+23
      4.32  2.07e+23
      4.08  1.56e+23
      3.84  1.14e+23
       3.6  8.12e+22
      3.37  5.59e+22
      3.13   3.7e+22
      2.89  2.34e+22
      2.65   1.4e+22
      2.41  7.84e+21
      2.17  3.99e+21
      1.93  1.82e+21
       1.7  5.56e+20
      1.46  2.13e+20
      1.22 -1.51e+19
     0.981 -6.03e+19
     0.742   3.6e+19
     0.504 -3.42e+19
     0.265  2.71e+19
    0.0268  3.71e+18
    -0.212  3.75e+19
     -0.45   1.8e+19
    -0.689 -1.86e+19
    -0.927  1.51e+19
     -1.17   2.1e+19
      -1.4   7.8e+18
     -1.64 -6.44e+19
     -1.88  1.29e+19
     -2.12  6.72e+18
     -2.36 -8.74e+18
      -2.6 -3.73e+20
     -2.83  1.21e+20
     -3.07  3.25e+20
     -3.31 -1.31e+20
     -3.55 -2.92e+19
     -3.79  8.25e+19
     -4.03 -7.89e+19
     -4.27  3.56e+18
      -4.5  2.58e+19
     -4.74  7.65e+19
     -4.98  1.04e+20
     -5.22  1.74e+18
     -5.46 -1.79e+19
      -5.7  1.44e+20
     -5.93 -3.75e+20
     -6.17  1.05e+20
     -6.41 -1.48e+20
     -6.65  1.46e+19
     -6.89  4.88e+19
     -7.13   1.9e+20
     -7.37 -2.03e+19
      -7.6  2.06e+19
     -7.84  9.71e+19
     -8.08 -5.29e+19
     -8.32  -1.6e+20
     -8.56 -3.27e+19
      -8.8  3.99e+20
     -9.03  1.35e+20
     -9.27  1.74e+20
     -9.51  -8.6e+19
     -9.75  1.74e+20
     -9.99  1.45e+20
     -10.2  2.27e+20
     -10.5  4.54e+20
     -10.7 -2.16e+20
     -10.9  4.34e+20
     -11.2 -5.41e+20
     -11.4  6.22e+20
     -11.7 -3.58e+20
     -11.9  6.53e+20
     -12.1 -5.25e+19
     -12.4 -1.53e+20
     -12.6  1.97e+20
     -12.9 -2.04e+19
     -13.1  7.44e+20
     -13.3 -1.63e+20
     -13.6  8.95e+20
     -13.8  5.44e+19
       -14  8.69e+19
     -14.3 -2.29e+20
     -14.5 -2.26e+20
     -14.8 -4.05e+20
       -15 -5.37e+20
     -15.2  4.17e+20
     -15.5 -2.71e+20
     -15.7 -2.43e+20
       -16  3.53e+20
     -16.2 -4.71e+20
     -16.4  -2.3e+20
     -16.7  1.43e+20
     -16.9 -1.09e+20
     -17.1 -1.09e+20
     -17.4   1.8e+20
     -17.6 -1.04e+20
     -17.9 -3.92e+20
     -18.1    -3e+20
     -18.3  -1.9e+20
     -18.6 -4.73e+20
     -18.8  3.94e+20
     -19.1 -1.94e+20
     -19.3  4.64e+20
     -19.5  6.53e+20
     -19.8  1.05e+21
       -20  3.15e+20
     -20.2  7.35e+19
     -20.5 -4.05e+20
     -20.7 -6.28e+20
       -21 -1.63e+20
     -21.2 -4.91e+20
     -21.4 -6.05e+19
     -21.7 -4.12e+20
     -21.9  1.44e+20
     -22.2  5.36e+20
     -22.4  9.71e+20
     -22.6  9.07e+19
     -22.9  6.33e+20
     -23.1 -1.91e+20
     -23.3 -1.39e+21
     -23.6 -7.98e+20
     -23.8 -3.22e+20
     -24.1  5.63e+20
     -24.3  9.83e+20
     -24.5 -1.88e+20
     -24.8 -9.42e+19
       -25 -4.35e+19
     -25.3  7.96e+20
     -25.5  1.84e+20
     -25.7 -4.96e+20
       -26  -4.9e+20
     -26.2 -7.23e+20
     -26.4  3.38e+20
     -26.7 -3.25e+19
     -26.9  3.35e+20
     -27.2  6.24e+20
     -27.4 -1.54e+20
     -27.6  -3.9e+20
     -27.9  5.16e+19
     -28.1  6.22e+19
     -28.4  3.63e+20
     -28.6  5.58e+20
     -28.8 -2.34e+20
     -29.1  5.74e+20
     -29.3 -6.84e+20
     -29.5  6.64e+20
     -29.8  1.67e+20
       -30  2.01e+20
     -30.3  5.79e+20
     -30.5  2.22e+20
     -30.7 -3.79e+20
       -31  4.17e+20
     -31.2  8.25e+19
     -31.5  1.61e+18
     -31.7  2.16e+20
     -31.9  2.74e+20
     -32.2  -1.1e+20
     -32.4  2.05e+19
     -32.6 -1.96e+20
     -32.9  1.53e+20
     -33.1   1.3e+20
     -33.4  2.33e+20
     -33.6  6.45e+19
     -33.8 -6.26e+19
     -34.1  3.14e+19
     -34.3   1.3e+20
     -34.6 -2.49e+18
     -34.8 -3.02e+19
       -35  8.05e+19
     -35.3  1.09e+19
     -35.5  1.29e+19
     -35.7 -8.44e+18
       -36 -2.93e+19
     -36.2 -2.83e+18
     -36.5 -9.95e+17
     -36.7  2.47e+17
     -36.9  3.15e+18
     -37.2 -1.45e+16
     -37.4  1.79e+16
     -37.7  1.62e+15

pressure[atm]        = 10
temperature[K]           = 600
energy step[1/cm]        = 83.4
maximum energy[kcal/mol] = 44.6

bimolecular PEDs:
   E, kcal    P1->P2
      44.6  9.82e+21
      44.4  1.08e+22
      44.1  1.18e+22
      43.9   1.3e+22
      43.7  1.42e+22
      43.4  1.56e+22
      43.2  1.71e+22
        43  1.87e+22
      42.7  2.05e+22
      42.5  2.24e+22
      42.2  2.46e+22
        42  2.69e+22
      41.8  2.94e+22
      41.5  3.21e+22
      41.3  3.51e+22
        41  3.83e+22
      40.8  4.18e+22
      40.6  4.56e+22
      40.3  4.97e+22
      40.1  5.42e+22
      39.9   5.9e+22
      39.6  6.43e+22
      39.4     7e+22
      39.1  7.62e+22
      38.9  8.29e+22
      38.7  9.01e+22
      38.4  9.79e+22
      38.2  1.06e+23
      37.9  1.15e+23
      37.7  1.25e+23
      37.5  1.36e+23
      37.2  1.47e+23
        37   1.6e+23
      36.8  1.73e+23
      36.5  1.87e+23
      36.3  2.03e+23
        36  2.19e+23
      35.8  2.37e+23
      35.6  2.56e+23
      35.3  2.77e+23
      35.1  2.99e+23
      34.8  3.22e+23
      34.6  3.47e+23
      34.4  3.74e+23
      34.1  4.03e+23
      33.9  4.34e+23
      33.7  4.67e+23
      33.4  5.02e+23
      33.2   5.4e+23
      32.9   5.8e+23
      32.7  6.23e+23
      32.5  6.68e+23
      32.2  7.16e+23
        32  7.68e+23
      31.7  8.22e+23
      31.5   8.8e+23
      31.3  9.42e+23
        31  1.01e+24
      30.8  1.08e+24
      30.6  1.15e+24
      30.3  1.23e+24
      30.1  1.31e+24
      29.8  1.39e+24
      29.6  1.48e+24
      29.4  1.58e+24
      29.1  1.68e+24
      28.9  1.78e+24
      28.6  1.89e+24
      28.4  2.01e+24
      28.2  2.13e+24
      27.9  2.26e+24
      27.7  2.39e+24
      27.5  2.53e+24
      27.2  2.67e+24
        27  2.82e+24
      26.7  2.97e+24
      26.5  3.14e+24
      26.3   3.3e+24
        26  3.48e+24
      25.8  3.66e+24
      25.5  3.84e+24
      25.3  4.04e+24
      25.1  4.23e+24
      24.8  4.44e+24
      24.6  4.65e+24
      24.4  4.86e+24
      24.1  5.08e+24
      23.9  5.31e+24
      23.6  5.54e+24
      23.4  5.77e+24
      23.2  6.01e+24
      22.9  6.25e+24
      22.7   6.5e+24
      22.4  6.75e+24
      22.2     7e+24
        22  7.25e+24
      21.7   7.5e+24
      21.5  7.76e+24
      21.3  8.01e+24
        21  8.26e+24
      20.8  8.51e+24
      20.5  8.76e+24
      20.3     9e+24
      20.1  9.24e+24
      19.8  9.48e+24
      19.6   9.7e+24
      19.3  9.92e+24
      19.1  1.01e+25
      18.9  1.03e+25
      18.6  1.05e+25
      18.4  1.07e+25
      18.1  1.09e+25
      17.9   1.1e+25
      17.7  1.12e+25
      17.4  1.13e+25
      17.2  1.14e+25
        17  1.15e+25
      16.7  1.16e+25
      16.5  1.16e+25
      16.2  1.17e+25
        16  1.17e+25
      15.8  1.17e+25
      15.5  1.16e+25
      15.3  1.16e+25
        15  1.15e+25
      14.8  1.14e+25
      14.6  1.13e+25
      14.3  1.12e+25
      14.1   1.1e+25
      13.9  1.09e+25
      13.6  1.07e+25
      13.4  1.04e+25
      13.1  1.02e+25
      12.9  9.94e+24
      12.7  9.66e+24
      12.4  9.37e+24
      12.2  9.06e+24
      11.9  8.74e+24
      11.7  8.41e+24
      11.5  8.06e+24
      11.2  7.71e+24
        11  7.35e+24
      10.8  6.98e+24
      10.5  6.61e+24
      10.3  6.23e+24
        10  5.86e+24
       9.8  5.49e+24
      9.57  5.12e+24
      9.33  4.75e+24
      9.09  4.39e+24
      8.85  4.04e+24
      8.61  3.71e+24
      8.37  3.38e+24
      8.13  3.06e+24
       7.9  2.76e+24
      7.66  2.47e+24
      7.42   2.2e+24
      7.18  1.95e+24
      6.94  1.71e+24
       6.7  1.49e+24
      6.47  1.29e+24
      6.23   1.1e+24
      5.99  9.36e+23
      5.75  7.86e+23
      5.51  6.53e+23
      5.27  5.36e+23
      5.03  4.33e+23
       4.8  3.45e+23
      4.56   2.7e+23
      4.32  2.08e+23
      4.08  1.56e+23
      3.84  1.15e+23
       3.6  8.16e+22
      3.37  5.62e+22
      3.13  3.73e+22
      2.89  2.37e+22
      2.65  1.42e+22
      2.41  8.02e+21
      2.17  4.15e+21
      1.93  1.88e+21
       1.7  8.11e+20
      1.46  2.42e+20
      1.22  1.57e+20
     0.981 -2.33e+19
     0.742  8.59e+19
     0.504  1.43e+19
     0.265 -1.91e+20
    0.0268  1.08e+20
    -0.212 -1.11e+20
     -0.45  6.06e+19
    -0.689  3.46e+19
    -0.927   3.2e+19
     -1.17  2.27e+19
      -1.4  4.69e+19
     -1.64  -1.9e+19
     -1.88  -5.6e+19
     -2.12 -9.56e+19
     -2.36 -3.32e+19
      -2.6 -3.17e+20
     -2.83 -6.81e+19
     -3.07 -4.26e+18
     -3.31 -1.07e+19
     -3.55  -2.1e+20
     -3.79  -8.6e+19
     -4.03  5.79e+19
     -4.27  -1.2e+20
      -4.5 -2.96e+19
     -4.74  2.98e+19
     -4.98 -4.26e+19
     -5.22  1.68e+20
     -5.46  2.78e+20
      -5.7  3.74e+19
     -5.93 -4.28e+19
     -6.17 -1.19e+20
     -6.41 -2.65e+20
     -6.65 -1.64e+20
     -6.89   1.4e+20
     -7.13 -2.38e+20
     -7.37   1.1e+20
      -7.6 -1.94e+20
     -7.84 -3.25e+18
     -8.08 -3.83e+18
     -8.32  1.83e+20
     -8.56  1.31e+20
      -8.8  1.89e+20
     -9.03  1.08e+20
     -9.27   4.2e+19
     -9.51  9.46e+19
     -9.75  3.62e+20
     -9.99  7.66e+19
     -10.2 -2.13e+20
     -10.5  2.39e+20
     -10.7  4.27e+20
     -10.9 -3.87e+19
     -11.2  3.81e+19
     -11.4  1.23e+20
     -11.7  4.01e+20
     -11.9 -1.13e+20
     -12.1  1.13e+20
     -12.4  4.15e+20
     -12.6 -1.66e+20
     -12.9  2.07e+20
     -13.1 -2.53e+20
     -13.3 -4.01e+19
     -13.6  2.52e+20
     -13.8 -1.95e+19
       -14  4.21e+20
     -14.3   2.6e+20
     -14.5 -7.01e+20
     -14.8  4.19e+20
       -15 -2.24e+20
     -15.2  5.19e+20
     -15.5 -9.85e+19
     -15.7  1.36e+20
       -16 -4.15e+19
     -16.2  8.77e+20
     -16.4  -3.7e+20
     -16.7  3.63e+20
     -16.9 -5.47e+20
     -17.1 -3.27e+20
     -17.4  9.84e+19
     -17.6  4.72e+20
     -17.9  3.96e+20
     -18.1  2.18e+20
     -18.3 -8.72e+19
     -18.6 -8.45e+20
     -18.8 -5.28e+20
     -19.1 -2.67e+20
     -19.3  4.27e+20
     -19.5  1.66e+20
     -19.8  4.21e+20
       -20  4.08e+20
     -20.2  2.37e+20
     -20.5 -1.23e+20
     -20.7  -2.3e+20
       -21 -9.82e+20
     -21.2 -5.56e+20
     -21.4  2.13e+20
     -21.7  6.56e+19
     -21.9  2.09e+20
     -22.2 -5.03e+20
     -22.4  1.97e+20
     -22.6   8.2e+20
     -22.9  7.47e+20
     -23.1 -2.06e+20
     -23.3 -1.62e+20
     -23.6 -4.85e+20
     -23.8 -5.49e+20
     -24.1 -3.71e+20
     -24.3  2.29e+20
     -24.5  3.94e+20
     -24.8  3.53e+20
       -25  1.08e+21
     -25.3 -1.47e+20
     -25.5   5.8e+20
     -25.7 -8.56e+20
       -26  6.76e+20
     -26.2  1.17e+21
     -26.4 -1.12e+21
     -26.7 -4.88e+20
     -26.9   7.7e+20
     -27.2  -7.7e+20
     -27.4  3.63e+20
     -27.6  6.19e+20
     -27.9  2.61e+20
     -28.1  -4.8e+20
     -28.4  6.17e+20
     -28.6  2.46e+19
     -28.8 -1.29e+20
     -29.1  6.54e+20
     -29.3  3.03e+20
     -29.5 -2.86e+20
     -29.8 -3.53e+19
       -30  2.82e+20
     -30.3  -7.1e+20
     -30.5  3.45e+20
     -30.7 -3.74e+20
       -31  3.16e+20
     -31.2 -2.32e+20
     -31.5 -5.53e+19
     -31.7  1.07e+20
     -31.9  5.02e+19
     -32.2 -3.58e+20
     -32.4 -1.89e+20
     -32.6  1.36e+19
     -32.9  8.44e+19
     -33.1 -1.12e+19
     -33.4  1.54e+20
     -33.6 -8.37e+19
     -33.8  1.81e+20
     -34.1  -2.5e+19
     -34.3   4.8e+19
     -34.6 -4.66e+19
     -34.8 -2.59e+19
       -35     3e+18
     -35.3  1.86e+19
     -35.5  -5.1e+18
     -35.7  5.07e+18
       -36 -6.51e+18
     -36.2  2.48e+18
     -36.5     1e+18
     -36.7 -6.23e+17
     -36.9  2.64e+18
     -37.2  4.39e+18
     -37.4  8.34e+16
     -37.7  2.89e+13

pressure[atm]        = 100
temperature[K]           = 600
energy step[1/cm]        = 83.4
maximum energy[kcal/mol] = 44.6

bimolecular PEDs:
   E, kcal    P1->P2
      44.6  9.78e+21
      44.4  1.07e+22
      44.1  1.18e+22
      43.9  1.29e+22
      43.7  1.42e+22
      43.4  1.55e+22
      43.2   1.7e+22
        43  1.87e+22
      42.7  2.04e+22
      42.5  2.24e+22
      42.2  2.45e+22
        42  2.68e+22
      41.8  2.93e+22
      41.5   3.2e+22
      41.3   3.5e+22
        41  3.82e+22
      40.8  4.17e+22
      40.6  4.55e+22
      40.3  4.96e+22
      40.1  5.41e+22
      39.9  5.89e+22
      39.6  6.42e+22
      39.4  6.98e+22
      39.1   7.6e+22
      38.9  8.27e+22
      38.7  8.99e+22
      38.4  9.77e+22
      38.2  1.06e+23
      37.9  1.15e+23
      37.7  1.25e+23
      37.5  1.36e+23
      37.2  1.47e+23
        37  1.59e+23
      36.8  1.73e+23
      36.5  1.87e+23
      36.3  2.02e+23
        36  2.19e+23
      35.8  2.37e+23
      35.6  2.56e+23
      35.3  2.76e+23
      35.1  2.98e+23
      34.8  3.22e+23
      34.6  3.47e+23
      34.4  3.74e+23
      34.1  4.02e+23
      33.9  4.33e+23
      33.7  4.66e+23
      33.4  5.01e+23
      33.2  5.39e+23
      32.9  5.79e+23
      32.7  6.21e+23
      32.5  6.67e+23
      32.2  7.15e+23
        32  7.66e+23
      31.7  8.21e+23
      31.5  8.78e+23
      31.3   9.4e+23
        31     1e+24
      30.8  1.07e+24
      30.6  1.15e+24
      30.3  1.22e+24
      30.1   1.3e+24
      29.8  1.39e+24
      29.6  1.48e+24
      29.4  1.57e+24
      29.1  1.67e+24
      28.9  1.78e+24
      28.6  1.89e+24
      28.4  2.01e+24
      28.2  2.13e+24
      27.9  2.25e+24
      27.7  2.38e+24
      27.5  2.52e+24
      27.2  2.66e+24
        27  2.81e+24
      26.7  2.97e+24
      26.5  3.13e+24
      26.3   3.3e+24
        26  3.47e+24
      25.8  3.65e+24
      25.5  3.84e+24
      25.3  4.03e+24
      25.1  4.23e+24
      24.8  4.43e+24
      24.6  4.64e+24
      24.4  4.86e+24
      24.1  5.08e+24
      23.9   5.3e+24
      23.6  5.53e+24
      23.4  5.77e+24
      23.2     6e+24
      22.9  6.25e+24
      22.7  6.49e+24
      22.4  6.74e+24
      22.2  6.99e+24
        22  7.24e+24
      21.7  7.49e+24
      21.5  7.75e+24
      21.3     8e+24
        21  8.25e+24
      20.8   8.5e+24
      20.5  8.75e+24
      20.3  8.99e+24
      20.1  9.23e+24
      19.8  9.47e+24
      19.6  9.69e+24
      19.3  9.91e+24
      19.1  1.01e+25
      18.9  1.03e+25
      18.6  1.05e+25
      18.4  1.07e+25
      18.1  1.09e+25
      17.9   1.1e+25
      17.7  1.12e+25
      17.4  1.13e+25
      17.2  1.14e+25
        17  1.15e+25
      16.7  1.16e+25
      16.5  1.16e+25
      16.2  1.17e+25
        16  1.17e+25
      15.8  1.17e+25
      15.5  1.16e+25
      15.3  1.16e+25
        15  1.15e+25
      14.8  1.14e+25
      14.6  1.13e+25
      14.3  1.12e+25
      14.1   1.1e+25
      13.9  1.09e+25
      13.6  1.07e+25
      13.4  1.04e+25
      13.1  1.02e+25
      12.9  9.94e+24
      12.7  9.67e+24
      12.4  9.38e+24
      12.2  9.07e+24
      11.9  8.75e+24
      11.7  8.42e+24
      11.5  8.07e+24
      11.2  7.72e+24
        11  7.36e+24
      10.8  6.99e+24
      10.5  6.62e+24
      10.3  6.25e+24
        10  5.87e+24
       9.8   5.5e+24
      9.57  5.13e+24
      9.33  4.77e+24
      9.09  4.41e+24
      8.85  4.06e+24
      8.61  3.72e+24
      8.37  3.39e+24
      8.13  3.08e+24
       7.9  2.77e+24
      7.66  2.49e+24
      7.42  2.22e+24
      7.18  1.96e+24
      6.94  1.72e+24
       6.7   1.5e+24
      6.47   1.3e+24
      6.23  1.11e+24
      5.99  9.46e+23
      5.75  7.96e+23
      5.51  6.62e+23
      5.27  5.44e+23
      5.03  4.41e+23
       4.8  3.52e+23
      4.56  2.77e+23
      4.32  2.13e+23
      4.08  1.61e+23
      3.84  1.19e+23
       3.6  8.57e+22
      3.37  5.98e+22
      3.13  4.06e+22
      2.89  2.64e+22
      2.65  1.65e+22
      2.41     1e+22
      2.17  5.84e+21
      1.93  3.36e+21
       1.7  2.01e+21
      1.46  1.26e+21
      1.22  9.68e+20
     0.981  7.79e+20
     0.742  6.13e+20
     0.504  5.85e+20
     0.265  4.16e+20
    0.0268  3.92e+20
    -0.212  2.47e+20
     -0.45  2.53e+20
    -0.689  1.99e+20
    -0.927  1.74e+20
     -1.17  1.38e+20
      -1.4  1.13e+20
     -1.64  1.53e+20
     -1.88   6.3e+19
     -2.12   3.7e+19
     -2.36 -4.74e+19
      -2.6  1.19e+20
     -2.83  4.67e+19
     -3.07  1.04e+19
     -3.31 -1.01e+19
     -3.55  9.66e+19
     -3.79  9.05e+19
     -4.03  7.55e+19
     -4.27  2.55e+19
      -4.5  1.72e+20
     -4.74  6.04e+19
     -4.98 -3.81e+18
     -5.22    -4e+19
     -5.46 -3.07e+19
      -5.7  1.21e+20
     -5.93  -2.6e+20
     -6.17   1.5e+20
     -6.41 -2.24e+20
     -6.65  1.08e+20
     -6.89 -3.98e+20
     -7.13  9.04e+19
     -7.37  2.06e+20
      -7.6 -5.31e+19
     -7.84 -1.01e+20
     -8.08  5.28e+19
     -8.32  1.19e+20
     -8.56 -2.13e+19
      -8.8  1.28e+20
     -9.03  2.45e+20
     -9.27 -1.33e+20
     -9.51  1.65e+20
     -9.75  1.95e+20
     -9.99 -9.81e+19
     -10.2  1.81e+20
     -10.5 -3.47e+20
     -10.7  2.54e+20
     -10.9  3.69e+19
     -11.2  3.15e+20
     -11.4 -3.79e+20
     -11.7  8.26e+19
     -11.9 -2.45e+20
     -12.1   2.1e+20
     -12.4   1.9e+18
     -12.6  3.24e+20
     -12.9  1.66e+20
     -13.1  4.03e+19
     -13.3 -5.67e+17
     -13.6 -1.15e+20
     -13.8  4.79e+20
       -14 -7.47e+20
     -14.3  9.07e+20
     -14.5 -7.43e+20
     -14.8  2.11e+20
       -15 -3.43e+20
     -15.2 -4.36e+20
     -15.5  9.03e+20
     -15.7 -6.52e+19
       -16  2.63e+20
     -16.2  3.02e+20
     -16.4 -4.89e+20
     -16.7  7.49e+18
     -16.9  4.31e+20
     -17.1  -2.7e+20
     -17.4 -3.51e+20
     -17.6  8.48e+20
     -17.9 -6.04e+19
     -18.1 -5.42e+20
     -18.3 -1.13e+19
     -18.6 -4.71e+20
     -18.8  7.92e+19
     -19.1   1.4e+20
     -19.3  7.39e+19
     -19.5  2.62e+20
     -19.8 -3.01e+20
       -20 -1.34e+19
     -20.2  4.53e+20
     -20.5 -1.16e+20
     -20.7 -1.43e+20
       -21 -3.87e+20
     -21.2 -4.43e+20
     -21.4  1.12e+20
     -21.7 -4.13e+19
     -21.9 -6.84e+19
     -22.2 -1.15e+21
     -22.4 -5.27e+20
     -22.6 -4.84e+20
     -22.9  6.45e+20
     -23.1  2.45e+20
     -23.3  3.79e+20
     -23.6  6.17e+20
     -23.8 -1.03e+21
     -24.1 -1.24e+21
     -24.3 -9.05e+20
     -24.5  2.37e+20
     -24.8 -9.07e+19
       -25 -1.22e+21
     -25.3  2.63e+20
     -25.5 -9.75e+20
     -25.7  1.55e+21
       -26  1.06e+21
     -26.2     5e+20
     -26.4  -6.5e+20
     -26.7  5.95e+20
     -26.9  5.95e+20
     -27.2 -1.41e+21
     -27.4 -6.92e+20
     -27.6  -1.9e+20
     -27.9 -9.72e+20
     -28.1 -3.59e+20
     -28.4 -3.62e+20
     -28.6  2.66e+20
     -28.8 -2.87e+20
     -29.1  1.97e+20
     -29.3  5.33e+20
     -29.5  2.38e+20
     -29.8 -3.66e+20
       -30  6.54e+20
     -30.3  1.07e+20
     -30.5  2.11e+20
     -30.7 -5.18e+20
       -31  5.18e+19
     -31.2  2.79e+19
     -31.5 -9.75e+19
     -31.7  3.69e+20
     -31.9  3.62e+20
     -32.2  4.14e+20
     -32.4  6.73e+20
     -32.6 -2.24e+19
     -32.9  6.78e+19
     -33.1 -1.71e+20
     -33.4  1.19e+20
     -33.6  9.09e+19
     -33.8  1.84e+20
     -34.1  4.35e+19
     -34.3 -1.25e+20
     -34.6 -5.91e+19
     -34.8  1.41e+20
       -35  1.75e+19
     -35.3  6.12e+19
     -35.5  -6.3e+18
     -35.7  9.55e+18
       -36  1.21e+19
     -36.2  -8.1e+18
     -36.5  2.01e+18
     -36.7 -1.01e+18
     -36.9  1.42e+18
     -37.2 -1.81e+16
     -37.4  6.63e+16
     -37.7  4.45e+14

pressure[atm]        = 0.01
temperature[K]           = 700
energy step[1/cm]        = 97.3
maximum energy[kcal/mol] = 55.6

bimolecular PEDs:
   E, kcal    P1->P2
      55.6  9.54e+23
      55.4  1.05e+24
      55.1  1.15e+24
      54.8  1.26e+24
      54.5  1.38e+24
      54.2  1.51e+24
        54  1.65e+24
      53.7   1.8e+24
      53.4  1.97e+24
      53.1  2.16e+24
      52.9  2.36e+24
      52.6  2.57e+24
      52.3  2.81e+24
        52  3.07e+24
      51.7  3.35e+24
      51.5  3.65e+24
      51.2  3.98e+24
      50.9  4.34e+24
      50.6  4.73e+24
      50.3  5.15e+24
      50.1   5.6e+24
      49.8  6.09e+24
      49.5  6.63e+24
      49.2   7.2e+24
        49  7.83e+24
      48.7   8.5e+24
      48.4  9.23e+24
      48.1     1e+25
      47.8  1.09e+25
      47.6  1.18e+25
      47.3  1.28e+25
        47  1.38e+25
      46.7   1.5e+25
      46.5  1.62e+25
      46.2  1.75e+25
      45.9   1.9e+25
      45.6  2.05e+25
      45.3  2.21e+25
      45.1  2.39e+25
      44.8  2.58e+25
      44.5  2.78e+25
      44.2     3e+25
      43.9  3.23e+25
      43.7  3.48e+25
      43.4  3.75e+25
      43.1  4.04e+25
      42.8  4.34e+25
      42.6  4.67e+25
      42.3  5.01e+25
        42  5.38e+25
      41.7  5.78e+25
      41.4   6.2e+25
      41.2  6.64e+25
      40.9  7.12e+25
      40.6  7.62e+25
      40.3  8.15e+25
      40.1  8.72e+25
      39.8  9.32e+25
      39.5  9.96e+25
      39.2  1.06e+26
      38.9  1.13e+26
      38.7  1.21e+26
      38.4  1.29e+26
      38.1  1.37e+26
      37.8  1.46e+26
      37.6  1.56e+26
      37.3  1.65e+26
        37  1.76e+26
      36.7  1.87e+26
      36.4  1.98e+26
      36.2   2.1e+26
      35.9  2.22e+26
      35.6  2.35e+26
      35.3  2.49e+26
        35  2.63e+26
      34.8  2.78e+26
      34.5  2.94e+26
      34.2   3.1e+26
      33.9  3.27e+26
      33.7  3.44e+26
      33.4  3.63e+26
      33.1  3.81e+26
      32.8  4.01e+26
      32.5  4.21e+26
      32.3  4.42e+26
        32  4.64e+26
      31.7  4.86e+26
      31.4  5.08e+26
      31.2  5.32e+26
      30.9  5.56e+26
      30.6   5.8e+26
      30.3  6.06e+26
        30  6.31e+26
      29.8  6.57e+26
      29.5  6.84e+26
      29.2  7.11e+26
      28.9  7.39e+26
      28.6  7.66e+26
      28.4  7.94e+26
      28.1  8.22e+26
      27.8   8.5e+26
      27.5  8.78e+26
      27.3  9.06e+26
        27  9.34e+26
      26.7  9.62e+26
      26.4  9.89e+26
      26.1  1.02e+27
      25.9  1.04e+27
      25.6  1.07e+27
      25.3   1.1e+27
        25  1.12e+27
      24.8  1.14e+27
      24.5  1.17e+27
      24.2  1.19e+27
      23.9  1.21e+27
      23.6  1.23e+27
      23.4  1.25e+27
      23.1  1.27e+27
      22.8  1.28e+27
      22.5   1.3e+27
      22.2  1.31e+27
        22  1.32e+27
      21.7  1.33e+27
      21.4  1.33e+27
      21.1  1.34e+27
      20.9  1.34e+27
      20.6  1.34e+27
      20.3  1.34e+27
        20  1.34e+27
      19.7  1.33e+27
      19.5  1.32e+27
      19.2  1.31e+27
      18.9   1.3e+27
      18.6  1.28e+27
      18.4  1.27e+27
      18.1  1.25e+27
      17.8  1.23e+27
      17.5   1.2e+27
      17.2  1.18e+27
        17  1.15e+27
      16.7  1.12e+27
      16.4  1.09e+27
      16.1  1.06e+27
      15.8  1.02e+27
      15.6  9.86e+26
      15.3  9.49e+26
        15  9.11e+26
      14.7  8.73e+26
      14.5  8.34e+26
      14.2  7.94e+26
      13.9  7.54e+26
      13.6  7.14e+26
      13.3  6.74e+26
      13.1  6.34e+26
      12.8  5.94e+26
      12.5  5.55e+26
      12.2  5.17e+26
        12   4.8e+26
      11.7  4.43e+26
      11.4  4.08e+26
      11.1  3.74e+26
      10.8  3.41e+26
      10.6   3.1e+26
      10.3   2.8e+26
        10  2.52e+26
      9.73  2.25e+26
      9.45  2.01e+26
      9.17  1.78e+26
      8.89  1.56e+26
      8.62  1.36e+26
      8.34  1.18e+26
      8.06  1.02e+26
      7.78  8.72e+25
       7.5  7.38e+25
      7.23   6.2e+25
      6.95  5.16e+25
      6.67  4.24e+25
      6.39  3.45e+25
      6.11  2.78e+25
      5.83   2.2e+25
      5.56  1.72e+25
      5.28  1.32e+25
         5  9.98e+24
      4.72  7.37e+24
      4.44  5.31e+24
      4.17  3.72e+24
      3.89  2.53e+24
      3.61  1.65e+24
      3.33  1.03e+24
      3.05  6.08e+23
      2.77  3.35e+23
       2.5  1.71e+23
      2.22  7.85e+22
      1.94  2.87e+22
      1.66  8.22e+21
      1.38  5.67e+21
       1.1  4.66e+21
     0.827  3.28e+21
     0.549 -1.72e+20
      0.27  1.52e+21
  -0.00787 -8.39e+20
    -0.286   3.2e+20
    -0.564  2.39e+21
    -0.842  1.34e+21
     -1.12  3.53e+21
      -1.4  3.41e+21
     -1.68 -1.07e+21
     -1.96  5.01e+21
     -2.23 -1.26e+21
     -2.51  4.59e+21
     -2.79  4.18e+21
     -3.07  6.17e+20
     -3.35  1.03e+21
     -3.62     4e+21
      -3.9 -4.49e+21
     -4.18  3.41e+21
     -4.46 -5.22e+20
     -4.74 -1.61e+21
     -5.02  4.29e+21
     -5.29  3.89e+21
     -5.57  2.15e+21
     -5.85  4.08e+21
     -6.13 -2.76e+21
     -6.41 -3.92e+21
     -6.68  1.98e+21
     -6.96    -4e+21
     -7.24   8.6e+21
     -7.52 -5.12e+21
      -7.8  1.99e+21
     -8.08 -6.74e+20
     -8.35 -2.14e+20
     -8.63 -1.09e+22
     -8.91  3.44e+21
     -9.19 -2.62e+21
     -9.47  8.22e+21
     -9.75 -8.88e+21
       -10  1.42e+20
     -10.3 -8.04e+20
     -10.6 -6.63e+20
     -10.9 -4.46e+21
     -11.1  8.48e+21
     -11.4 -3.54e+21
     -11.7 -8.54e+20
       -12    -1e+22
     -12.2   6.1e+21
     -12.5 -3.84e+21
     -12.8 -4.37e+21
     -13.1 -3.93e+21
     -13.4 -8.64e+21
     -13.6  4.51e+21
     -13.9 -2.51e+21
     -14.2   2.2e+21
     -14.5  5.97e+21
     -14.8   1.2e+21
       -15  -1.6e+22
     -15.3 -1.73e+21
     -15.6 -8.26e+21
     -15.9  5.04e+21
     -16.1   2.1e+22
     -16.4  3.53e+21
     -16.7  -3.2e+21
       -17 -9.18e+21
     -17.3 -8.38e+21
     -17.5 -8.54e+20
     -17.8  1.95e+21
     -18.1  2.62e+21
     -18.4 -9.54e+20
     -18.6 -4.58e+21
     -18.9 -4.08e+21
     -19.2 -3.76e+21
     -19.5   2.3e+21
     -19.8  8.46e+21
       -20  2.42e+21
     -20.3    -5e+21
     -20.6 -3.25e+21
     -20.9 -1.24e+21
     -21.2 -5.66e+21
     -21.4  -6.3e+21
     -21.7   7.1e+21
       -22  1.05e+22
     -22.3  7.58e+21
     -22.5  2.22e+21
     -22.8  1.22e+21
     -23.1  2.41e+21
     -23.4 -4.13e+20
     -23.7  1.36e+20
     -23.9  2.94e+21
     -24.2 -2.33e+21
     -24.5 -2.11e+21
     -24.8  4.04e+21
       -25  -5.5e+21
     -25.3  4.53e+20
     -25.6 -2.77e+21
     -25.9  4.97e+21
     -26.2 -6.03e+21
     -26.4 -4.94e+20
     -26.7 -5.76e+20
       -27 -2.22e+21
     -27.3  6.11e+21
     -27.6 -4.34e+20
     -27.8  7.95e+20
     -28.1  -7.7e+21
     -28.4  3.79e+21
     -28.7 -1.33e+20
     -28.9 -8.19e+20
     -29.2 -5.21e+21
     -29.5  4.27e+20
     -29.8 -3.04e+20
     -30.1 -5.98e+20
     -30.3 -1.23e+19
     -30.6 -2.98e+20
     -30.9 -9.24e+20
     -31.2 -3.89e+20
     -31.4 -2.65e+20
     -31.7 -3.92e+20
       -32  8.39e+20
     -32.3  2.14e+20
     -32.6 -5.32e+20
     -32.8 -1.59e+20
     -33.1  5.61e+20
     -33.4 -1.75e+20
     -33.7   3.6e+20
     -33.9  9.24e+19
     -34.2 -1.73e+20
     -34.5 -1.11e+20
     -34.8 -4.66e+19
     -35.1  1.67e+19
     -35.3 -4.44e+18
     -35.6 -1.76e+19
     -35.9  2.04e+18
     -36.2 -8.89e+17
     -36.5  7.46e+16
     -36.7  1.89e+17
       -37  1.63e+17
     -37.3  1.71e+18
     -37.6 -1.12e+17
     -37.8  1.59e+14

pressure[atm]        = 0.1
temperature[K]           = 700
energy step[1/cm]        = 97.3
maximum energy[kcal/mol] = 55.6

bimolecular PEDs:
   E, kcal    P1->P2
      55.6  9.54e+23
      55.4  1.05e+24
      55.1  1.15e+24
      54.8  1.26e+24
      54.5  1.38e+24
      54.2  1.51e+24
        54  1.65e+24
      53.7   1.8e+24
      53.4  1.97e+24
      53.1  2.16e+24
      52.9  2.36e+24
      52.6  2.57e+24
      52.3  2.81e+24
        52  3.07e+24
      51.7  3.35e+24
      51.5  3.65e+24
      51.2  3.98e+24
      50.9  4.34e+24
      50.6  4.73e+24
      50.3  5.15e+24
      50.1   5.6e+24
      49.8  6.09e+24
      49.5  6.63e+24
      49.2   7.2e+24
        49  7.83e+24
      48.7   8.5e+24
      48.4  9.23e+24
      48.1     1e+25
      47.8  1.09e+25
      47.6  1.18e+25
      47.3  1.28e+25
        47  1.38e+25
      46.7   1.5e+25
      46.5  1.62e+25
      46.2  1.75e+25
      45.9   1.9e+25
      45.6  2.05e+25
      45.3  2.21e+25
      45.1  2.39e+25
      44.8  2.58e+25
      44.5  2.78e+25
      44.2     3e+25
      43.9  3.23e+25
      43.7  3.48e+25
      43.4  3.75e+25
      43.1  4.04e+25
      42.8  4.34e+25
      42.6  4.67e+25
      42.3  5.01e+25
        42  5.38e+25
      41.7  5.78e+25
      41.4   6.2e+25
      41.2  6.64e+25
      40.9  7.12e+25
      40.6  7.62e+25
      40.3  8.15e+25
      40.1  8.72e+25
      39.8  9.32e+25
      39.5  9.96e+25
      39.2  1.06e+26
      38.9  1.13e+26
      38.7  1.21e+26
      38.4  1.29e+26
      38.1  1.37e+26
      37.8  1.46e+26
      37.6  1.56e+26
      37.3  1.65e+26
        37  1.76e+26
      36.7  1.87e+26
      36.4  1.98e+26
      36.2   2.1e+26
      35.9  2.22e+26
      35.6  2.35e+26
      35.3  2.49e+26
        35  2.63e+26
      34.8  2.78e+26
      34.5  2.94e+26
      34.2   3.1e+26
      33.9  3.27e+26
      33.7  3.44e+26
      33.4  3.63e+26
      33.1  3.81e+26
      32.8  4.01e+26
      32.5  4.21e+26
      32.3  4.42e+26
        32  4.64e+26
      31.7  4.86e+26
      31.4  5.08e+26
      31.2  5.32e+26
      30.9  5.56e+26
      30.6   5.8e+26
      30.3  6.06e+26
        30  6.31e+26
      29.8  6.57e+26
      29.5  6.84e+26
      29.2  7.11e+26
      28.9  7.39e+26
      28.6  7.66e+26
      28.4  7.94e+26
      28.1  8.22e+26
      27.8   8.5e+26
      27.5  8.78e+26
      27.3  9.06e+26
        27  9.34e+26
      26.7  9.62e+26
      26.4  9.89e+26
      26.1  1.02e+27
      25.9  1.04e+27
      25.6  1.07e+27
      25.3   1.1e+27
        25  1.12e+27
      24.8  1.14e+27
      24.5  1.17e+27
      24.2  1.19e+27
      23.9  1.21e+27
      23.6  1.23e+27
      23.4  1.25e+27
      23.1  1.27e+27
      22.8  1.28e+27
      22.5   1.3e+27
      22.2  1.31e+27
        22  1.32e+27
      21.7  1.33e+27
      21.4  1.33e+27
      21.1  1.34e+27
      20.9  1.34e+27
      20.6  1.34e+27
      20.3  1.34e+27
        20  1.34e+27
      19.7  1.33e+27
      19.5  1.32e+27
      19.2  1.31e+27
      18.9   1.3e+27
      18.6  1.28e+27
      18.4  1.27e+27
      18.1  1.25e+27
      17.8  1.23e+27
      17.5   1.2e+27
      17.2  1.18e+27
        17  1.15e+27
      16.7  1.12e+27
      16.4  1.09e+27
      16.1  1.06e+27
      15.8  1.02e+27
      15.6  9.86e+26
      15.3  9.49e+26
        15  9.11e+26
      14.7  8.73e+26
      14.5  8.34e+26
      14.2  7.94e+26
      13.9  7.54e+26
      13.6  7.14e+26
      13.3  6.74e+26
      13.1  6.34e+26
      12.8  5.94e+26
      12.5  5.55e+26
      12.2  5.17e+26
        12   4.8e+26
      11.7  4.43e+26
      11.4  4.08e+26
      11.1  3.74e+26
      10.8  3.41e+26
      10.6   3.1e+26
      10.3   2.8e+26
        10  2.52e+26
      9.73  2.25e+26
      9.45  2.01e+26
      9.17  1.78e+26
      8.89  1.56e+26
      8.62  1.36e+26
      8.34  1.18e+26
      8.06  1.02e+26
      7.78  8.72e+25
       7.5  7.38e+25
      7.23   6.2e+25
      6.95  5.16e+25
      6.67  4.24e+25
      6.39  3.45e+25
      6.11  2.78e+25
      5.83   2.2e+25
      5.56  1.72e+25
      5.28  1.32e+25
         5  9.98e+24
      4.72  7.37e+24
      4.44  5.31e+24
      4.17  3.72e+24
      3.89  2.53e+24
      3.61  1.65e+24
      3.33  1.03e+24
      3.05  6.09e+23
      2.77  3.35e+23
       2.5   1.7e+23
      2.22  7.78e+22
      1.94  3.01e+22
      1.66  7.73e+21
      1.38  7.69e+20
       1.1 -1.21e+21
     0.827  5.22e+20
     0.549  2.51e+20
      0.27  3.15e+21
  -0.00787 -3.97e+21
    -0.286 -2.22e+21
    -0.564  1.39e+21
    -0.842 -1.06e+20
     -1.12  2.26e+21
      -1.4  9.62e+20
     -1.68 -2.77e+21
     -1.96  5.46e+20
     -2.23  -3.3e+21
     -2.51 -4.24e+21
     -2.79  -5.7e+20
     -3.07  4.64e+21
     -3.35 -3.52e+20
     -3.62 -4.22e+21
      -3.9  1.66e+21
     -4.18 -4.07e+21
     -4.46   8.3e+20
     -4.74 -1.82e+21
     -5.02 -3.76e+21
     -5.29 -1.58e+21
     -5.57 -2.76e+21
     -5.85  1.95e+21
     -6.13  3.91e+21
     -6.41 -4.39e+21
     -6.68  1.57e+20
     -6.96  4.69e+21
     -7.24 -1.16e+21
     -7.52  1.75e+21
      -7.8  5.53e+20
     -8.08  1.64e+21
     -8.35 -1.39e+20
     -8.63 -1.46e+21
     -8.91 -3.34e+21
     -9.19  -6.4e+21
     -9.47  1.42e+22
     -9.75 -3.87e+21
       -10  8.28e+21
     -10.3 -2.15e+21
     -10.6  1.26e+21
     -10.9  1.24e+21
     -11.1 -3.27e+21
     -11.4 -9.76e+20
     -11.7  6.84e+21
       -12 -7.58e+21
     -12.2 -1.92e+21
     -12.5 -2.54e+21
     -12.8 -4.16e+21
     -13.1 -2.36e+21
     -13.4  6.42e+20
     -13.6 -3.38e+20
     -13.9  1.21e+22
     -14.2  8.26e+21
     -14.5  5.01e+21
     -14.8 -5.08e+21
       -15 -2.68e+21
     -15.3  6.86e+21
     -15.6  2.44e+21
     -15.9  7.82e+21
     -16.1  3.18e+21
     -16.4  7.64e+21
     -16.7 -4.72e+21
       -17 -1.06e+22
     -17.3  -8.8e+21
     -17.5 -4.25e+21
     -17.8 -9.77e+20
     -18.1  2.54e+21
     -18.4 -1.42e+21
     -18.6  1.19e+21
     -18.9  1.08e+21
     -19.2  3.86e+21
     -19.5  4.15e+21
     -19.8  6.44e+21
       -20  2.21e+21
     -20.3   2.3e+21
     -20.6  5.73e+21
     -20.9  -1.6e+21
     -21.2 -7.05e+20
     -21.4  5.85e+21
     -21.7  3.16e+21
       -22  1.63e+21
     -22.3  4.07e+21
     -22.5  4.98e+21
     -22.8  3.68e+21
     -23.1   6.8e+20
     -23.4 -2.12e+21
     -23.7  5.32e+20
     -23.9 -2.44e+21
     -24.2  1.68e+22
     -24.5  5.78e+21
     -24.8  2.81e+21
       -25  -1.1e+21
     -25.3 -5.25e+21
     -25.6 -3.33e+21
     -25.9  3.83e+21
     -26.2  8.97e+20
     -26.4  3.22e+21
     -26.7  3.21e+21
       -27  4.57e+20
     -27.3 -1.04e+21
     -27.6  1.58e+21
     -27.8  4.85e+21
     -28.1  3.57e+21
     -28.4 -7.27e+21
     -28.7  2.63e+21
     -28.9  2.24e+21
     -29.2  1.91e+21
     -29.5 -3.36e+21
     -29.8  2.27e+20
     -30.1  -5.1e+20
     -30.3 -4.48e+20
     -30.6 -2.67e+21
     -30.9  1.41e+21
     -31.2 -3.22e+20
     -31.4  1.15e+20
     -31.7 -4.09e+20
       -32 -3.46e+20
     -32.3  3.27e+20
     -32.6  1.77e+20
     -32.8 -3.98e+20
     -33.1 -2.08e+20
     -33.4  1.86e+20
     -33.7  4.58e+20
     -33.9 -2.66e+20
     -34.2  7.16e+19
     -34.5  9.01e+19
     -34.8  -2.6e+20
     -35.1  1.52e+20
     -35.3 -1.76e+20
     -35.6  4.25e+19
     -35.9 -3.83e+19
     -36.2  9.26e+18
     -36.5  1.38e+18
     -36.7 -1.93e+17
       -37  2.91e+18
     -37.3  4.58e+17
     -37.6 -6.27e+16
     -37.8  1.69e+17

pressure[atm]        = 1
temperature[K]           = 700
energy step[1/cm]        = 97.3
maximum energy[kcal/mol] = 55.6

bimolecular PEDs:
   E, kcal    P1->P2
      55.6  9.54e+23
      55.4  1.05e+24
      55.1  1.15e+24
      54.8  1.26e+24
      54.5  1.38e+24
      54.2  1.51e+24
        54  1.65e+24
      53.7   1.8e+24
      53.4  1.97e+24
      53.1  2.16e+24
      52.9  2.36e+24
      52.6  2.57e+24
      52.3  2.81e+24
        52  3.07e+24
      51.7  3.35e+24
      51.5  3.65e+24
      51.2  3.98e+24
      50.9  4.34e+24
      50.6  4.73e+24
      50.3  5.15e+24
      50.1   5.6e+24
      49.8  6.09e+24
      49.5  6.63e+24
      49.2   7.2e+24
        49  7.83e+24
      48.7   8.5e+24
      48.4  9.23e+24
      48.1     1e+25
      47.8  1.09e+25
      47.6  1.18e+25
      47.3  1.28e+25
        47  1.38e+25
      46.7   1.5e+25
      46.5  1.62e+25
      46.2  1.75e+25
      45.9   1.9e+25
      45.6  2.05e+25
      45.3  2.21e+25
      45.1  2.39e+25
      44.8  2.58e+25
      44.5  2.78e+25
      44.2     3e+25
      43.9  3.23e+25
      43.7  3.48e+25
      43.4  3.75e+25
      43.1  4.04e+25
      42.8  4.34e+25
      42.6  4.67e+25
      42.3  5.01e+25
        42  5.38e+25
      41.7  5.78e+25
      41.4   6.2e+25
      41.2  6.64e+25
      40.9  7.12e+25
      40.6  7.62e+25
      40.3  8.15e+25
      40.1  8.72e+25
      39.8  9.32e+25
      39.5  9.96e+25
      39.2  1.06e+26
      38.9  1.13e+26
      38.7  1.21e+26
      38.4  1.29e+26
      38.1  1.37e+26
      37.8  1.46e+26
      37.6  1.56e+26
      37.3  1.65e+26
        37  1.76e+26
      36.7  1.87e+26
      36.4  1.98e+26
      36.2   2.1e+26
      35.9  2.22e+26
      35.6  2.35e+26
      35.3  2.49e+26
        35  2.63e+26
      34.8  2.78e+26
      34.5  2.94e+26
      34.2   3.1e+26
      33.9  3.27e+26
      33.7  3.44e+26
      33.4  3.63e+26
      33.1  3.81e+26
      32.8  4.01e+26
      32.5  4.21e+26
      32.3  4.42e+26
        32  4.63e+26
      31.7  4.86e+26
      31.4  5.08e+26
      31.2  5.32e+26
      30.9  5.56e+26
      30.6   5.8e+26
      30.3  6.06e+26
        30  6.31e+26
      29.8  6.57e+26
      29.5  6.84e+26
      29.2  7.11e+26
      28.9  7.39e+26
      28.6  7.66e+26
      28.4  7.94e+26
      28.1  8.22e+26
      27.8   8.5e+26
      27.5  8.78e+26
      27.3  9.06e+26
        27  9.34e+26
      26.7  9.62e+26
      26.4  9.89e+26
      26.1  1.02e+27
      25.9  1.04e+27
      25.6  1.07e+27
      25.3   1.1e+27
        25  1.12e+27
      24.8  1.14e+27
      24.5  1.17e+27
      24.2  1.19e+27
      23.9  1.21e+27
      23.6  1.23e+27
      23.4  1.25e+27
      23.1  1.27e+27
      22.8  1.28e+27
      22.5   1.3e+27
      22.2  1.31e+27
        22  1.32e+27
      21.7  1.33e+27
      21.4  1.33e+27
      21.1  1.34e+27
      20.9  1.34e+27
      20.6  1.34e+27
      20.3  1.34e+27
        20  1.34e+27
      19.7  1.33e+27
      19.5  1.32e+27
      19.2  1.31e+27
      18.9   1.3e+27
      18.6  1.28e+27
      18.4  1.27e+27
      18.1  1.25e+27
      17.8  1.23e+27
      17.5   1.2e+27
      17.2  1.18e+27
        17  1.15e+27
      16.7  1.12e+27
      16.4  1.09e+27
      16.1  1.06e+27
      15.8  1.02e+27
      15.6  9.86e+26
      15.3  9.49e+26
        15  9.11e+26
      14.7  8.73e+26
      14.5  8.34e+26
      14.2  7.94e+26
      13.9  7.54e+26
      13.6  7.14e+26
      13.3  6.74e+26
      13.1  6.34e+26
      12.8  5.94e+26
      12.5  5.55e+26
      12.2  5.17e+26
        12   4.8e+26
      11.7  4.43e+26
      11.4  4.08e+26
      11.1  3.74e+26
      10.8  3.41e+26
      10.6   3.1e+26
      10.3   2.8e+26
        10  2.52e+26
      9.73  2.25e+26
      9.45  2.01e+26
      9.17  1.78e+26
      8.89  1.56e+26
      8.62  1.36e+26
      8.34  1.18e+26
      8.06  1.02e+26
      7.78  8.72e+25
       7.5  7.38e+25
      7.23   6.2e+25
      6.95  5.16e+25
      6.67  4.24e+25
      6.39  3.45e+25
      6.11  2.78e+25
      5.83   2.2e+25
      5.56  1.72e+25
      5.28  1.32e+25
         5  9.99e+24
      4.72  7.38e+24
      4.44  5.32e+24
      4.17  3.73e+24
      3.89  2.53e+24
      3.61  1.65e+24
      3.33  1.03e+24
      3.05  6.09e+23
      2.77  3.37e+23
       2.5  1.71e+23
      2.22   7.8e+22
      1.94  2.92e+22
      1.66  9.51e+21
      1.38  1.88e+21
       1.1 -3.32e+20
     0.827   8.3e+20
     0.549 -6.52e+20
      0.27  1.69e+21
  -0.00787 -4.36e+20
    -0.286   2.1e+21
    -0.564  2.45e+20
    -0.842  1.98e+21
     -1.12  1.51e+21
      -1.4 -7.69e+21
     -1.68  2.17e+21
     -1.96  1.58e+21
     -2.23 -4.12e+20
     -2.51  1.44e+21
     -2.79  -4.1e+21
     -3.07 -6.74e+20
     -3.35  -3.7e+20
     -3.62 -2.41e+21
      -3.9  1.88e+21
     -4.18  2.34e+21
     -4.46  4.85e+21
     -4.74 -1.01e+21
     -5.02  9.22e+20
     -5.29  2.02e+21
     -5.57 -3.94e+21
     -5.85  6.69e+19
     -6.13  7.62e+20
     -6.41 -9.66e+20
     -6.68 -2.39e+21
     -6.96 -2.55e+21
     -7.24  3.79e+21
     -7.52 -1.19e+21
      -7.8 -2.32e+21
     -8.08  9.09e+19
     -8.35 -2.73e+21
     -8.63  4.93e+21
     -8.91  -5.1e+21
     -9.19  2.48e+21
     -9.47 -3.95e+20
     -9.75 -1.08e+22
       -10  1.37e+21
     -10.3  4.47e+20
     -10.6 -4.68e+21
     -10.9  9.05e+21
     -11.1  7.24e+20
     -11.4  2.46e+21
     -11.7 -2.71e+21
       -12 -3.85e+21
     -12.2 -9.32e+21
     -12.5 -3.27e+20
     -12.8 -1.22e+22
     -13.1 -1.13e+21
     -13.4  1.23e+21
     -13.6  1.77e+22
     -13.9 -7.73e+21
     -14.2   8.6e+21
     -14.5  1.61e+22
     -14.8 -1.91e+21
       -15 -7.77e+21
     -15.3 -3.79e+21
     -15.6 -6.04e+21
     -15.9 -6.65e+21
     -16.1 -4.39e+21
     -16.4  2.88e+21
     -16.7  1.35e+22
       -17  6.89e+21
     -17.3  2.97e+21
     -17.5 -5.24e+21
     -17.8  1.88e+21
     -18.1  -1.5e+21
     -18.4  3.78e+21
     -18.6 -1.99e+21
     -18.9 -2.68e+20
     -19.2 -1.84e+21
     -19.5 -9.27e+21
     -19.8 -3.83e+21
       -20 -6.59e+21
     -20.3 -2.15e+21
     -20.6 -3.28e+21
     -20.9  7.67e+20
     -21.2 -4.64e+21
     -21.4 -3.12e+21
     -21.7  1.96e+21
       -22 -1.16e+22
     -22.3 -4.83e+21
     -22.5 -3.28e+21
     -22.8 -2.87e+21
     -23.1  5.17e+21
     -23.4 -8.14e+20
     -23.7  3.54e+21
     -23.9  1.56e+21
     -24.2 -3.94e+21
     -24.5  5.48e+21
     -24.8  4.32e+21
       -25 -5.32e+21
     -25.3  1.42e+22
     -25.6  5.06e+21
     -25.9 -4.39e+21
     -26.2 -6.48e+21
     -26.4  8.94e+21
     -26.7  3.57e+21
       -27  1.14e+21
     -27.3 -6.18e+20
     -27.6  3.24e+21
     -27.8  2.89e+21
     -28.1  4.38e+21
     -28.4  3.14e+21
     -28.7 -1.11e+20
     -28.9  8.89e+20
     -29.2  1.24e+21
     -29.5 -3.21e+21
     -29.8  3.03e+21
     -30.1  2.18e+20
     -30.3  7.84e+20
     -30.6 -6.26e+20
     -30.9  4.63e+21
     -31.2 -1.43e+21
     -31.4  6.15e+20
     -31.7  -1.9e+21
       -32   5.2e+20
     -32.3  3.27e+20
     -32.6 -4.83e+20
     -32.8 -6.65e+20
     -33.1  1.47e+20
     -33.4 -5.26e+20
     -33.7 -3.28e+20
     -33.9   7.5e+19
     -34.2  3.57e+20
     -34.5  9.49e+19
     -34.8 -1.26e+19
     -35.1  8.41e+19
     -35.3 -1.18e+20
     -35.6  3.64e+19
     -35.9  7.05e+19
     -36.2 -5.43e+17
     -36.5  4.29e+17
     -36.7 -5.36e+17
       -37 -7.36e+17
     -37.3 -7.82e+17
     -37.6  1.73e+16
     -37.8  2.01e+18

pressure[atm]        = 10
temperature[K]           = 700
energy step[1/cm]        = 97.3
maximum energy[kcal/mol] = 55.6

bimolecular PEDs:
   E, kcal    P1->P2
      55.6  9.54e+23
      55.4  1.05e+24
      55.1  1.15e+24
      54.8  1.26e+24
      54.5  1.38e+24
      54.2  1.51e+24
        54  1.65e+24
      53.7   1.8e+24
      53.4  1.97e+24
      53.1  2.16e+24
      52.9  2.36e+24
      52.6  2.57e+24
      52.3  2.81e+24
        52  3.07e+24
      51.7  3.35e+24
      51.5  3.65e+24
      51.2  3.98e+24
      50.9  4.34e+24
      50.6  4.72e+24
      50.3  5.14e+24
      50.1   5.6e+24
      49.8  6.09e+24
      49.5  6.63e+24
      49.2   7.2e+24
        49  7.83e+24
      48.7   8.5e+24
      48.4  9.23e+24
      48.1     1e+25
      47.8  1.09e+25
      47.6  1.18e+25
      47.3  1.28e+25
        47  1.38e+25
      46.7   1.5e+25
      46.5  1.62e+25
      46.2  1.75e+25
      45.9   1.9e+25
      45.6  2.05e+25
      45.3  2.21e+25
      45.1  2.39e+25
      44.8  2.58e+25
      44.5  2.78e+25
      44.2     3e+25
      43.9  3.23e+25
      43.7  3.48e+25
      43.4  3.75e+25
      43.1  4.04e+25
      42.8  4.34e+25
      42.6  4.66e+25
      42.3  5.01e+25
        42  5.38e+25
      41.7  5.77e+25
      41.4  6.19e+25
      41.2  6.64e+25
      40.9  7.11e+25
      40.6  7.62e+25
      40.3  8.15e+25
      40.1  8.72e+25
      39.8  9.32e+25
      39.5  9.96e+25
      39.2  1.06e+26
      38.9  1.13e+26
      38.7  1.21e+26
      38.4  1.29e+26
      38.1  1.37e+26
      37.8  1.46e+26
      37.6  1.56e+26
      37.3  1.65e+26
        37  1.76e+26
      36.7  1.87e+26
      36.4  1.98e+26
      36.2   2.1e+26
      35.9  2.22e+26
      35.6  2.35e+26
      35.3  2.49e+26
        35  2.63e+26
      34.8  2.78e+26
      34.5  2.94e+26
      34.2   3.1e+26
      33.9  3.27e+26
      33.7  3.44e+26
      33.4  3.63e+26
      33.1  3.81e+26
      32.8  4.01e+26
      32.5  4.21e+26
      32.3  4.42e+26
        32  4.63e+26
      31.7  4.86e+26
      31.4  5.08e+26
      31.2  5.32e+26
      30.9  5.56e+26
      30.6   5.8e+26
      30.3  6.06e+26
        30  6.31e+26
      29.8  6.57e+26
      29.5  6.84e+26
      29.2  7.11e+26
      28.9  7.39e+26
      28.6  7.66e+26
      28.4  7.94e+26
      28.1  8.22e+26
      27.8   8.5e+26
      27.5  8.78e+26
      27.3  9.06e+26
        27  9.34e+26
      26.7  9.62e+26
      26.4  9.89e+26
      26.1  1.02e+27
      25.9  1.04e+27
      25.6  1.07e+27
      25.3   1.1e+27
        25  1.12e+27
      24.8  1.14e+27
      24.5  1.17e+27
      24.2  1.19e+27
      23.9  1.21e+27
      23.6  1.23e+27
      23.4  1.25e+27
      23.1  1.27e+27
      22.8  1.28e+27
      22.5   1.3e+27
      22.2  1.31e+27
        22  1.32e+27
      21.7  1.33e+27
      21.4  1.33e+27
      21.1  1.34e+27
      20.9  1.34e+27
      20.6  1.34e+27
      20.3  1.34e+27
        20  1.34e+27
      19.7  1.33e+27
      19.5  1.32e+27
      19.2  1.31e+27
      18.9   1.3e+27
      18.6  1.28e+27
      18.4  1.27e+27
      18.1  1.25e+27
      17.8  1.23e+27
      17.5   1.2e+27
      17.2  1.18e+27
        17  1.15e+27
      16.7  1.12e+27
      16.4  1.09e+27
      16.1  1.06e+27
      15.8  1.02e+27
      15.6  9.86e+26
      15.3  9.49e+26
        15  9.11e+26
      14.7  8.73e+26
      14.5  8.34e+26
      14.2  7.94e+26
      13.9  7.54e+26
      13.6  7.14e+26
      13.3  6.74e+26
      13.1  6.34e+26
      12.8  5.94e+26
      12.5  5.56e+26
      12.2  5.17e+26
        12   4.8e+26
      11.7  4.43e+26
      11.4  4.08e+26
      11.1  3.74e+26
      10.8  3.41e+26
      10.6   3.1e+26
      10.3   2.8e+26
        10  2.52e+26
      9.73  2.26e+26
      9.45  2.01e+26
      9.17  1.78e+26
      8.89  1.56e+26
      8.62  1.36e+26
      8.34  1.18e+26
      8.06  1.02e+26
      7.78  8.73e+25
       7.5  7.39e+25
      7.23  6.21e+25
      6.95  5.16e+25
      6.67  4.25e+25
      6.39  3.46e+25
      6.11  2.78e+25
      5.83  2.21e+25
      5.56  1.73e+25
      5.28  1.33e+25
         5     1e+25
      4.72   7.4e+24
      4.44  5.34e+24
      4.17  3.74e+24
      3.89  2.55e+24
      3.61  1.67e+24
      3.33  1.04e+24
      3.05  6.17e+23
      2.77  3.43e+23
       2.5  1.77e+23
      2.22  8.23e+22
      1.94  3.55e+22
      1.66  1.23e+22
      1.38  1.69e+21
       1.1  7.96e+20
     0.827  3.36e+21
     0.549  1.96e+21
      0.27   2.7e+21
  -0.00787  7.02e+20
    -0.286  2.27e+21
    -0.564  2.89e+21
    -0.842 -3.16e+21
     -1.12  3.77e+21
      -1.4 -1.86e+21
     -1.68  3.05e+21
     -1.96 -1.07e+21
     -2.23 -2.51e+21
     -2.51  4.28e+21
     -2.79  5.09e+21
     -3.07  2.23e+21
     -3.35  4.98e+21
     -3.62  8.91e+21
      -3.9  6.23e+20
     -4.18   5.1e+21
     -4.46 -1.71e+21
     -4.74  -2.2e+21
     -5.02 -3.68e+21
     -5.29  4.89e+21
     -5.57 -4.27e+21
     -5.85 -2.57e+21
     -6.13  6.86e+21
     -6.41 -5.88e+21
     -6.68  5.04e+20
     -6.96 -5.44e+21
     -7.24  1.71e+21
     -7.52 -1.02e+22
      -7.8 -4.66e+21
     -8.08  1.04e+20
     -8.35  -3.8e+21
     -8.63 -2.95e+21
     -8.91  3.49e+20
     -9.19 -1.01e+22
     -9.47  9.34e+20
     -9.75 -6.37e+21
       -10  5.03e+20
     -10.3  1.71e+22
     -10.6 -5.85e+21
     -10.9  6.47e+21
     -11.1 -3.92e+21
     -11.4 -5.34e+21
     -11.7  2.36e+21
       -12  5.57e+21
     -12.2  5.08e+21
     -12.5   4.8e+21
     -12.8  4.73e+21
     -13.1  1.09e+22
     -13.4  -1.6e+22
     -13.6  4.88e+21
     -13.9  1.48e+21
     -14.2 -4.13e+20
     -14.5 -9.69e+21
     -14.8  -7.5e+21
       -15  8.96e+21
     -15.3  3.73e+21
     -15.6  4.44e+21
     -15.9 -4.03e+21
     -16.1 -2.01e+21
     -16.4 -3.29e+21
     -16.7 -6.32e+21
       -17   1.4e+22
     -17.3  6.59e+21
     -17.5  8.36e+21
     -17.8 -5.19e+20
     -18.1  3.04e+21
     -18.4  2.16e+21
     -18.6 -6.07e+20
     -18.9  2.17e+21
     -19.2  1.71e+21
     -19.5 -3.01e+21
     -19.8 -1.54e+21
       -20 -4.29e+21
     -20.3  -2.6e+21
     -20.6  4.37e+21
     -20.9  5.28e+21
     -21.2 -1.22e+21
     -21.4  6.88e+20
     -21.7   2.9e+21
       -22  3.86e+21
     -22.3  1.98e+21
     -22.5 -1.51e+21
     -22.8  2.11e+21
     -23.1  -2.1e+20
     -23.4  4.06e+21
     -23.7   4.9e+20
     -23.9  -1.7e+21
     -24.2   1.1e+22
     -24.5  6.24e+21
     -24.8  3.04e+21
       -25  3.44e+21
     -25.3  4.43e+21
     -25.6  5.99e+20
     -25.9 -2.42e+21
     -26.2  8.75e+20
     -26.4  6.33e+20
     -26.7  4.91e+21
       -27  1.12e+21
     -27.3  2.54e+21
     -27.6  -7.4e+20
     -27.8  4.65e+21
     -28.1  5.07e+21
     -28.4  1.37e+21
     -28.7  7.21e+20
     -28.9  2.94e+21
     -29.2  5.57e+21
     -29.5 -4.81e+21
     -29.8  5.53e+20
     -30.1 -3.98e+20
     -30.3  1.97e+20
     -30.6  1.52e+21
     -30.9  1.42e+21
     -31.2  3.14e+20
     -31.4  1.06e+21
     -31.7   3.8e+20
       -32 -1.48e+20
     -32.3  8.14e+19
     -32.6 -1.48e+20
     -32.8  6.99e+20
     -33.1 -6.53e+19
     -33.4 -2.74e+20
     -33.7 -2.71e+20
     -33.9 -2.46e+20
     -34.2   4.4e+20
     -34.5     4e+19
     -34.8 -2.97e+20
     -35.1  4.07e+19
     -35.3  5.85e+19
     -35.6 -6.19e+19
     -35.9 -1.15e+20
     -36.2  7.42e+18
     -36.5 -1.18e+18
     -36.7 -9.83e+17
       -37  4.61e+18
     -37.3  1.32e+17
     -37.6  1.81e+16
     -37.8  2.19e+16

pressure[atm]        = 100
temperature[K]           = 700
energy step[1/cm]        = 97.3
maximum energy[kcal/mol] = 55.6

bimolecular PEDs:
   E, kcal    P1->P2
      55.6  9.49e+23
      55.4  1.04e+24
      55.1  1.14e+24
      54.8  1.25e+24
      54.5  1.37e+24
      54.2   1.5e+24
        54  1.64e+24
      53.7   1.8e+24
      53.4  1.97e+24
      53.1  2.15e+24
      52.9  2.35e+24
      52.6  2.57e+24
      52.3   2.8e+24
        52  3.06e+24
      51.7  3.34e+24
      51.5  3.64e+24
      51.2  3.97e+24
      50.9  4.33e+24
      50.6  4.71e+24
      50.3  5.13e+24
      50.1  5.59e+24
      49.8  6.08e+24
      49.5  6.61e+24
      49.2  7.19e+24
        49  7.81e+24
      48.7  8.48e+24
      48.4  9.21e+24
      48.1  9.99e+24
      47.8  1.08e+25
      47.6  1.18e+25
      47.3  1.27e+25
        47  1.38e+25
      46.7  1.49e+25
      46.5  1.62e+25
      46.2  1.75e+25
      45.9  1.89e+25
      45.6  2.05e+25
      45.3  2.21e+25
      45.1  2.39e+25
      44.8  2.57e+25
      44.5  2.78e+25
      44.2  2.99e+25
      43.9  3.23e+25
      43.7  3.48e+25
      43.4  3.74e+25
      43.1  4.03e+25
      42.8  4.33e+25
      42.6  4.66e+25
      42.3     5e+25
        42  5.37e+25
      41.7  5.76e+25
      41.4  6.18e+25
      41.2  6.63e+25
      40.9   7.1e+25
      40.6   7.6e+25
      40.3  8.14e+25
      40.1   8.7e+25
      39.8   9.3e+25
      39.5  9.94e+25
      39.2  1.06e+26
      38.9  1.13e+26
      38.7  1.21e+26
      38.4  1.29e+26
      38.1  1.37e+26
      37.8  1.46e+26
      37.6  1.55e+26
      37.3  1.65e+26
        37  1.75e+26
      36.7  1.86e+26
      36.4  1.98e+26
      36.2  2.09e+26
      35.9  2.22e+26
      35.6  2.35e+26
      35.3  2.49e+26
        35  2.63e+26
      34.8  2.78e+26
      34.5  2.93e+26
      34.2   3.1e+26
      33.9  3.26e+26
      33.7  3.44e+26
      33.4  3.62e+26
      33.1  3.81e+26
      32.8     4e+26
      32.5   4.2e+26
      32.3  4.41e+26
        32  4.63e+26
      31.7  4.85e+26
      31.4  5.08e+26
      31.2  5.31e+26
      30.9  5.55e+26
      30.6   5.8e+26
      30.3  6.05e+26
        30   6.3e+26
      29.8  6.57e+26
      29.5  6.83e+26
      29.2   7.1e+26
      28.9  7.38e+26
      28.6  7.65e+26
      28.4  7.93e+26
      28.1  8.21e+26
      27.8  8.49e+26
      27.5  8.77e+26
      27.3  9.05e+26
        27  9.33e+26
      26.7  9.61e+26
      26.4  9.88e+26
      26.1  1.02e+27
      25.9  1.04e+27
      25.6  1.07e+27
      25.3  1.09e+27
        25  1.12e+27
      24.8  1.14e+27
      24.5  1.17e+27
      24.2  1.19e+27
      23.9  1.21e+27
      23.6  1.23e+27
      23.4  1.25e+27
      23.1  1.27e+27
      22.8  1.28e+27
      22.5   1.3e+27
      22.2  1.31e+27
        22  1.32e+27
      21.7  1.33e+27
      21.4  1.33e+27
      21.1  1.34e+27
      20.9  1.34e+27
      20.6  1.34e+27
      20.3  1.34e+27
        20  1.34e+27
      19.7  1.33e+27
      19.5  1.32e+27
      19.2  1.31e+27
      18.9   1.3e+27
      18.6  1.28e+27
      18.4  1.27e+27
      18.1  1.25e+27
      17.8  1.23e+27
      17.5   1.2e+27
      17.2  1.18e+27
        17  1.15e+27
      16.7  1.12e+27
      16.4  1.09e+27
      16.1  1.06e+27
      15.8  1.02e+27
      15.6  9.87e+26
      15.3   9.5e+26
        15  9.12e+26
      14.7  8.74e+26
      14.5  8.35e+26
      14.2  7.95e+26
      13.9  7.55e+26
      13.6  7.15e+26
      13.3  6.75e+26
      13.1  6.35e+26
      12.8  5.96e+26
      12.5  5.57e+26
      12.2  5.19e+26
        12  4.81e+26
      11.7  4.45e+26
      11.4  4.09e+26
      11.1  3.75e+26
      10.8  3.42e+26
      10.6  3.11e+26
      10.3  2.81e+26
        10  2.53e+26
      9.73  2.27e+26
      9.45  2.02e+26
      9.17  1.79e+26
      8.89  1.57e+26
      8.62  1.37e+26
      8.34  1.19e+26
      8.06  1.03e+26
      7.78   8.8e+25
       7.5  7.46e+25
      7.23  6.27e+25
      6.95  5.22e+25
      6.67  4.31e+25
      6.39  3.51e+25
      6.11  2.83e+25
      5.83  2.25e+25
      5.56  1.76e+25
      5.28  1.36e+25
         5  1.03e+25
      4.72  7.67e+24
      4.44  5.57e+24
      4.17  3.95e+24
      3.89  2.72e+24
      3.61  1.82e+24
      3.33  1.17e+24
      3.05   7.3e+23
      2.77  4.36e+23
       2.5  2.53e+23
      2.22  1.46e+23
      1.94  8.59e+22
      1.66   5.4e+22
      1.38  4.01e+22
       1.1  2.96e+22
     0.827  2.39e+22
     0.549  2.13e+22
      0.27  1.33e+22
  -0.00787  1.21e+22
    -0.286  9.95e+21
    -0.564  6.35e+21
    -0.842  7.78e+21
     -1.12  1.06e+22
      -1.4  6.73e+21
     -1.68  5.35e+21
     -1.96  5.06e+21
     -2.23  6.62e+21
     -2.51 -4.85e+21
     -2.79  4.32e+21
     -3.07  2.47e+20
     -3.35  2.24e+21
     -3.62  1.74e+21
      -3.9 -4.08e+21
     -4.18   6.5e+21
     -4.46  9.56e+20
     -4.74  5.89e+21
     -5.02 -1.51e+21
     -5.29  3.23e+21
     -5.57 -8.15e+21
     -5.85 -1.38e+21
     -6.13   9.1e+20
     -6.41 -5.56e+21
     -6.68  1.34e+21
     -6.96 -2.41e+21
     -7.24 -2.28e+21
     -7.52  2.13e+21
      -7.8  1.22e+21
     -8.08  2.44e+21
     -8.35  1.23e+21
     -8.63 -8.77e+21
     -8.91 -7.02e+21
     -9.19 -5.51e+21
     -9.47  1.89e+21
     -9.75 -2.62e+21
       -10 -3.02e+21
     -10.3  1.06e+21
     -10.6 -7.19e+20
     -10.9 -3.43e+21
     -11.1  8.46e+21
     -11.4 -2.51e+21
     -11.7  9.76e+21
       -12     4e+21
     -12.2 -5.57e+21
     -12.5 -5.65e+21
     -12.8 -5.14e+21
     -13.1 -9.48e+20
     -13.4  3.56e+21
     -13.6 -3.97e+21
     -13.9  6.33e+21
     -14.2  6.94e+21
     -14.5  1.45e+22
     -14.8  1.08e+21
       -15  1.32e+22
     -15.3 -7.35e+21
     -15.6  8.11e+21
     -15.9  1.96e+21
     -16.1  -7.2e+21
     -16.4  7.57e+21
     -16.7 -1.37e+21
       -17 -1.09e+22
     -17.3 -8.04e+20
     -17.5 -6.05e+21
     -17.8 -4.45e+21
     -18.1 -4.11e+21
     -18.4 -7.76e+21
     -18.6  3.02e+21
     -18.9 -1.92e+21
     -19.2  2.48e+21
     -19.5  3.96e+21
     -19.8  2.82e+21
       -20   9.3e+21
     -20.3  6.14e+21
     -20.6  1.01e+22
     -20.9  2.89e+21
     -21.2 -2.65e+21
     -21.4 -8.44e+21
     -21.7 -3.61e+21
       -22 -3.02e+20
     -22.3  6.83e+21
     -22.5  9.33e+21
     -22.8  1.58e+21
     -23.1 -2.01e+21
     -23.4  1.98e+21
     -23.7 -7.37e+21
     -23.9 -7.07e+20
     -24.2 -5.31e+21
     -24.5 -6.65e+21
     -24.8 -7.01e+21
       -25 -6.58e+21
     -25.3  1.22e+22
     -25.6  2.59e+21
     -25.9  4.04e+21
     -26.2 -6.06e+21
     -26.4 -6.21e+21
     -26.7  -1.4e+21
       -27  6.72e+21
     -27.3   4.4e+21
     -27.6 -3.99e+19
     -27.8  -3.2e+20
     -28.1   4.6e+21
     -28.4   3.2e+21
     -28.7 -5.57e+20
     -28.9 -3.49e+21
     -29.2  5.24e+21
     -29.5 -1.32e+21
     -29.8  1.97e+21
     -30.1    -2e+21
     -30.3  1.26e+21
     -30.6  3.32e+21
     -30.9 -1.91e+21
     -31.2  7.99e+19
     -31.4  9.53e+20
     -31.7   1.7e+21
       -32 -3.54e+20
     -32.3  -4.9e+20
     -32.6  1.27e+21
     -32.8  1.58e+20
     -33.1 -8.09e+20
     -33.4 -1.86e+20
     -33.7   1.4e+20
     -33.9 -1.63e+20
     -34.2  2.15e+20
     -34.5  -8.8e+19
     -34.8 -1.72e+20
     -35.1  7.52e+19
     -35.3  2.27e+20
     -35.6  4.49e+19
     -35.9  3.69e+19
     -36.2  3.78e+18
     -36.5 -3.01e+18
     -36.7  1.07e+19
       -37 -5.27e+18
     -37.3  3.65e+16
     -37.6 -7.74e+14
     -37.8  3.89e+13

pressure[atm]        = 0.01
temperature[K]           = 800
energy step[1/cm]        = 111
maximum energy[kcal/mol] = 67.2

bimolecular PEDs:
   E, kcal    P1->P2
      67.2  6.36e+25
      66.9  6.96e+25
      66.5  7.62e+25
      66.2  8.34e+25
      65.9  9.13e+25
      65.6  9.98e+25
      65.3  1.09e+26
      64.9  1.19e+26
      64.6   1.3e+26
      64.3  1.42e+26
        64  1.55e+26
      63.7   1.7e+26
      63.4  1.85e+26
        63  2.02e+26
      62.7   2.2e+26
      62.4   2.4e+26
      62.1  2.61e+26
      61.8  2.84e+26
      61.5   3.1e+26
      61.1  3.37e+26
      60.8  3.66e+26
      60.5  3.98e+26
      60.2  4.33e+26
      59.9   4.7e+26
      59.5   5.1e+26
      59.2  5.54e+26
      58.9  6.01e+26
      58.6  6.52e+26
      58.3  7.07e+26
        58  7.66e+26
      57.6  8.29e+26
      57.3  8.98e+26
        57  9.72e+26
      56.7  1.05e+27
      56.4  1.14e+27
        56  1.23e+27
      55.7  1.33e+27
      55.4  1.43e+27
      55.1  1.55e+27
      54.8  1.67e+27
      54.5   1.8e+27
      54.1  1.94e+27
      53.8  2.09e+27
      53.5  2.25e+27
      53.2  2.42e+27
      52.9   2.6e+27
      52.5   2.8e+27
      52.2     3e+27
      51.9  3.23e+27
      51.6  3.46e+27
      51.3  3.72e+27
        51  3.99e+27
      50.6  4.27e+27
      50.3  4.58e+27
        50   4.9e+27
      49.7  5.24e+27
      49.4  5.61e+27
      49.1  5.99e+27
      48.7   6.4e+27
      48.4  6.83e+27
      48.1  7.29e+27
      47.8  7.78e+27
      47.5  8.29e+27
      47.1  8.83e+27
      46.8   9.4e+27
      46.5     1e+28
      46.2  1.06e+28
      45.9  1.13e+28
      45.6   1.2e+28
      45.2  1.27e+28
      44.9  1.35e+28
      44.6  1.43e+28
      44.3  1.52e+28
        44  1.61e+28
      43.6   1.7e+28
      43.3   1.8e+28
        43   1.9e+28
      42.7     2e+28
      42.4  2.11e+28
      42.1  2.23e+28
      41.7  2.35e+28
      41.4  2.47e+28
      41.1   2.6e+28
      40.8  2.73e+28
      40.5  2.87e+28
      40.1  3.02e+28
      39.8  3.16e+28
      39.5  3.32e+28
      39.2  3.47e+28
      38.9  3.63e+28
      38.6   3.8e+28
      38.2  3.97e+28
      37.9  4.15e+28
      37.6  4.33e+28
      37.3  4.51e+28
        37   4.7e+28
      36.7  4.89e+28
      36.3  5.08e+28
        36  5.28e+28
      35.7  5.48e+28
      35.4  5.68e+28
      35.1  5.88e+28
      34.7  6.09e+28
      34.4   6.3e+28
      34.1   6.5e+28
      33.8  6.71e+28
      33.5  6.92e+28
      33.2  7.13e+28
      32.8  7.33e+28
      32.5  7.54e+28
      32.2  7.74e+28
      31.9  7.94e+28
      31.6  8.14e+28
      31.2  8.33e+28
      30.9  8.51e+28
      30.6  8.69e+28
      30.3  8.87e+28
        30  9.04e+28
      29.7   9.2e+28
      29.3  9.35e+28
        29  9.49e+28
      28.7  9.63e+28
      28.4  9.74e+28
      28.1  9.85e+28
      27.7  9.94e+28
      27.4     1e+29
      27.1  1.01e+29
      26.8  1.01e+29
      26.5  1.02e+29
      26.2  1.02e+29
      25.8  1.02e+29
      25.5  1.02e+29
      25.2  1.02e+29
      24.9  1.02e+29
      24.6  1.01e+29
      24.3  1.01e+29
      23.9  9.97e+28
      23.6  9.87e+28
      23.3  9.76e+28
        23  9.63e+28
      22.7  9.48e+28
      22.3  9.32e+28
        22  9.15e+28
      21.7  8.96e+28
      21.4  8.76e+28
      21.1  8.54e+28
      20.8  8.32e+28
      20.4  8.08e+28
      20.1  7.83e+28
      19.8  7.58e+28
      19.5  7.31e+28
      19.2  7.04e+28
      18.8  6.76e+28
      18.5  6.48e+28
      18.2   6.2e+28
      17.9  5.91e+28
      17.6  5.62e+28
      17.3  5.33e+28
      16.9  5.04e+28
      16.6  4.75e+28
      16.3  4.47e+28
        16  4.19e+28
      15.7  3.91e+28
      15.3  3.64e+28
        15  3.38e+28
      14.7  3.13e+28
      14.4  2.88e+28
      14.1  2.65e+28
      13.8  2.42e+28
      13.4  2.21e+28
      13.1     2e+28
      12.8  1.81e+28
      12.5  1.63e+28
      12.2  1.46e+28
      11.9   1.3e+28
      11.5  1.15e+28
      11.2  1.01e+28
      10.9  8.88e+27
      10.6  7.74e+27
      10.3   6.7e+27
      9.94  5.76e+27
      9.63  4.92e+27
      9.31  4.18e+27
      8.99  3.51e+27
      8.67  2.93e+27
      8.35  2.43e+27
      8.04  1.99e+27
      7.72  1.61e+27
       7.4  1.29e+27
      7.08  1.02e+27
      6.76  8.01e+26
      6.45  6.17e+26
      6.13  4.68e+26
      5.81  3.49e+26
      5.49  2.55e+26
      5.18  1.82e+26
      4.86  1.27e+26
      4.54  8.61e+25
      4.22  5.63e+25
       3.9  3.52e+25
      3.59   2.1e+25
      3.27  1.18e+25
      2.95   6.2e+24
      2.63  2.92e+24
      2.31   1.3e+24
         2  4.14e+23
      1.68   1.2e+23
      1.36  1.56e+23
      1.04 -2.28e+22
     0.724 -4.79e+20
     0.406  9.97e+21
     0.088 -4.34e+22
     -0.23   3.6e+22
    -0.548  2.66e+22
    -0.866 -2.24e+22
     -1.18  4.83e+22
      -1.5 -1.92e+22
     -1.82  4.59e+22
     -2.14  -3.6e+22
     -2.46  1.62e+22
     -2.77  4.67e+22
     -3.09  6.83e+22
     -3.41 -5.56e+22
     -3.73 -3.52e+22
     -4.05  6.89e+22
     -4.36   3.7e+22
     -4.68  2.24e+22
        -5   1.3e+22
     -5.32   6.2e+21
     -5.64 -3.27e+22
     -5.95  3.38e+22
     -6.27 -2.49e+22
     -6.59  1.01e+23
     -6.91 -4.19e+22
     -7.22  1.41e+23
     -7.54  2.04e+23
     -7.86  2.57e+22
     -8.18  3.94e+22
      -8.5  5.28e+22
     -8.81  1.17e+23
     -9.13  4.61e+22
     -9.45 -4.31e+22
     -9.77  -3.4e+22
     -10.1  3.15e+22
     -10.4  1.37e+23
     -10.7  1.64e+22
       -11 -1.02e+23
     -11.4 -6.56e+22
     -11.7 -1.27e+23
       -12 -4.49e+22
     -12.3  1.17e+23
     -12.6  1.55e+23
     -12.9 -1.08e+23
     -13.3    -9e+22
     -13.6  7.31e+22
     -13.9 -2.17e+22
     -14.2 -2.75e+21
     -14.5 -5.66e+22
     -14.9 -5.41e+22
     -15.2  1.52e+22
     -15.5  3.59e+22
     -15.8  5.16e+22
     -16.1 -2.47e+22
     -16.4  6.28e+21
     -16.8 -9.04e+22
     -17.1  2.07e+22
     -17.4 -2.18e+22
     -17.7 -9.69e+22
       -18 -5.17e+22
     -18.4 -1.24e+23
     -18.7 -6.69e+22
       -19 -1.41e+23
     -19.3  1.48e+22
     -19.6   1.6e+22
     -19.9 -1.25e+22
     -20.3    -1e+23
     -20.6  -6.9e+22
     -20.9  1.65e+21
     -21.2 -6.09e+20
     -21.5  2.68e+22
     -21.9  4.18e+22
     -22.2 -7.94e+22
     -22.5 -2.72e+21
     -22.8 -3.94e+21
     -23.1 -4.62e+22
     -23.4  1.11e+22
     -23.8 -1.01e+22
     -24.1 -6.32e+21
     -24.4   1.5e+22
     -24.7 -8.06e+22
       -25 -4.48e+21
     -25.3 -1.33e+22
     -25.7 -4.34e+22
       -26  5.26e+20
     -26.3 -1.57e+22
     -26.6 -6.58e+21
     -26.9  3.03e+22
     -27.3 -1.43e+21
     -27.6 -1.04e+22
     -27.9 -1.35e+22
     -28.2  2.08e+22
     -28.5 -2.17e+22
     -28.8 -1.53e+22
     -29.2   1.3e+22
     -29.5 -2.43e+22
     -29.8  1.55e+22
     -30.1  8.44e+21
     -30.4 -7.65e+21
     -30.8  1.05e+21
     -31.1 -1.46e+21
     -31.4 -7.65e+21
     -31.7 -1.27e+21
       -32 -2.35e+21
     -32.3  1.66e+21
     -32.7 -4.76e+21
       -33 -1.32e+21
     -33.3  9.54e+20
     -33.6  8.95e+20
     -33.9   3.1e+20
     -34.3  4.43e+19
     -34.6   1.3e+20
     -34.9 -1.38e+20
     -35.2 -2.66e+19
     -35.5    -3e+19
     -35.8   4.8e+17
     -36.2   2.2e+17
     -36.5 -4.11e+20
     -36.8 -1.59e+17
     -37.1  4.42e+18
     -37.4   4.2e+16
     -37.7 -4.64e+18

pressure[atm]        = 0.1
temperature[K]           = 800
energy step[1/cm]        = 111
maximum energy[kcal/mol] = 67.2

bimolecular PEDs:
   E, kcal    P1->P2
      67.2  6.36e+25
      66.9  6.96e+25
      66.5  7.62e+25
      66.2  8.34e+25
      65.9  9.13e+25
      65.6  9.98e+25
      65.3  1.09e+26
      64.9  1.19e+26
      64.6   1.3e+26
      64.3  1.42e+26
        64  1.55e+26
      63.7   1.7e+26
      63.4  1.85e+26
        63  2.02e+26
      62.7   2.2e+26
      62.4   2.4e+26
      62.1  2.61e+26
      61.8  2.84e+26
      61.5   3.1e+26
      61.1  3.37e+26
      60.8  3.66e+26
      60.5  3.98e+26
      60.2  4.33e+26
      59.9   4.7e+26
      59.5   5.1e+26
      59.2  5.54e+26
      58.9  6.01e+26
      58.6  6.52e+26
      58.3  7.07e+26
        58  7.66e+26
      57.6  8.29e+26
      57.3  8.98e+26
        57  9.72e+26
      56.7  1.05e+27
      56.4  1.14e+27
        56  1.23e+27
      55.7  1.33e+27
      55.4  1.43e+27
      55.1  1.55e+27
      54.8  1.67e+27
      54.5   1.8e+27
      54.1  1.94e+27
      53.8  2.09e+27
      53.5  2.25e+27
      53.2  2.42e+27
      52.9   2.6e+27
      52.5   2.8e+27
      52.2     3e+27
      51.9  3.23e+27
      51.6  3.46e+27
      51.3  3.72e+27
        51  3.99e+27
      50.6  4.27e+27
      50.3  4.58e+27
        50   4.9e+27
      49.7  5.24e+27
      49.4  5.61e+27
      49.1  5.99e+27
      48.7   6.4e+27
      48.4  6.83e+27
      48.1  7.29e+27
      47.8  7.78e+27
      47.5  8.29e+27
      47.1  8.83e+27
      46.8   9.4e+27
      46.5     1e+28
      46.2  1.06e+28
      45.9  1.13e+28
      45.6   1.2e+28
      45.2  1.27e+28
      44.9  1.35e+28
      44.6  1.43e+28
      44.3  1.52e+28
        44  1.61e+28
      43.6   1.7e+28
      43.3   1.8e+28
        43   1.9e+28
      42.7     2e+28
      42.4  2.11e+28
      42.1  2.23e+28
      41.7  2.35e+28
      41.4  2.47e+28
      41.1   2.6e+28
      40.8  2.73e+28
      40.5  2.87e+28
      40.1  3.02e+28
      39.8  3.16e+28
      39.5  3.32e+28
      39.2  3.47e+28
      38.9  3.63e+28
      38.6   3.8e+28
      38.2  3.97e+28
      37.9  4.15e+28
      37.6  4.33e+28
      37.3  4.51e+28
        37   4.7e+28
      36.7  4.89e+28
      36.3  5.08e+28
        36  5.28e+28
      35.7  5.48e+28
      35.4  5.68e+28
      35.1  5.88e+28
      34.7  6.09e+28
      34.4   6.3e+28
      34.1   6.5e+28
      33.8  6.71e+28
      33.5  6.92e+28
      33.2  7.13e+28
      32.8  7.33e+28
      32.5  7.54e+28
      32.2  7.74e+28
      31.9  7.94e+28
      31.6  8.14e+28
      31.2  8.33e+28
      30.9  8.51e+28
      30.6  8.69e+28
      30.3  8.87e+28
        30  9.04e+28
      29.7   9.2e+28
      29.3  9.35e+28
        29  9.49e+28
      28.7  9.63e+28
      28.4  9.74e+28
      28.1  9.85e+28
      27.7  9.94e+28
      27.4     1e+29
      27.1  1.01e+29
      26.8  1.01e+29
      26.5  1.02e+29
      26.2  1.02e+29
      25.8  1.02e+29
      25.5  1.02e+29
      25.2  1.02e+29
      24.9  1.02e+29
      24.6  1.01e+29
      24.3  1.01e+29
      23.9  9.97e+28
      23.6  9.87e+28
      23.3  9.76e+28
        23  9.63e+28
      22.7  9.48e+28
      22.3  9.32e+28
        22  9.15e+28
      21.7  8.96e+28
      21.4  8.76e+28
      21.1  8.54e+28
      20.8  8.32e+28
      20.4  8.08e+28
      20.1  7.83e+28
      19.8  7.58e+28
      19.5  7.31e+28
      19.2  7.04e+28
      18.8  6.76e+28
      18.5  6.48e+28
      18.2   6.2e+28
      17.9  5.91e+28
      17.6  5.62e+28
      17.3  5.33e+28
      16.9  5.04e+28
      16.6  4.75e+28
      16.3  4.47e+28
        16  4.19e+28
      15.7  3.91e+28
      15.3  3.64e+28
        15  3.38e+28
      14.7  3.13e+28
      14.4  2.88e+28
      14.1  2.65e+28
      13.8  2.42e+28
      13.4  2.21e+28
      13.1     2e+28
      12.8  1.81e+28
      12.5  1.63e+28
      12.2  1.46e+28
      11.9   1.3e+28
      11.5  1.15e+28
      11.2  1.01e+28
      10.9  8.88e+27
      10.6  7.74e+27
      10.3   6.7e+27
      9.94  5.76e+27
      9.63  4.92e+27
      9.31  4.18e+27
      8.99  3.51e+27
      8.67  2.93e+27
      8.35  2.43e+27
      8.04  1.99e+27
      7.72  1.61e+27
       7.4  1.29e+27
      7.08  1.02e+27
      6.76  8.01e+26
      6.45  6.17e+26
      6.13  4.68e+26
      5.81  3.49e+26
      5.49  2.55e+26
      5.18  1.83e+26
      4.86  1.27e+26
      4.54   8.6e+25
      4.22  5.62e+25
       3.9  3.53e+25
      3.59   2.1e+25
      3.27  1.18e+25
      2.95  6.13e+24
      2.63  2.92e+24
      2.31  1.26e+24
         2  3.83e+23
      1.68  8.15e+22
      1.36  1.04e+22
      1.04 -6.54e+21
     0.724  5.89e+22
     0.406 -8.13e+22
     0.088  -3.5e+22
     -0.23   3.3e+22
    -0.548 -7.53e+21
    -0.866  3.29e+21
     -1.18 -1.58e+22
      -1.5  4.04e+22
     -1.82  1.72e+23
     -2.14  3.45e+21
     -2.46 -2.23e+22
     -2.77  3.13e+22
     -3.09 -4.31e+22
     -3.41 -7.98e+22
     -3.73  5.84e+22
     -4.05 -8.05e+22
     -4.36 -8.82e+22
     -4.68   9.2e+22
        -5  1.31e+23
     -5.32 -9.69e+21
     -5.64 -2.94e+22
     -5.95  4.48e+22
     -6.27 -4.82e+22
     -6.59  7.52e+21
     -6.91  5.68e+22
     -7.22  3.79e+22
     -7.54   9.1e+22
     -7.86  1.31e+23
     -8.18 -2.01e+23
      -8.5  3.26e+22
     -8.81 -7.34e+22
     -9.13 -1.98e+23
     -9.45 -2.36e+22
     -9.77 -1.26e+23
     -10.1 -1.98e+21
     -10.4 -1.26e+23
     -10.7  7.19e+22
       -11   8.1e+22
     -11.4 -8.09e+22
     -11.7  4.15e+22
       -12 -6.41e+22
     -12.3 -2.84e+23
     -12.6 -3.83e+22
     -12.9 -5.26e+22
     -13.3 -2.08e+21
     -13.6  9.01e+22
     -13.9 -1.37e+23
     -14.2 -1.62e+23
     -14.5 -7.38e+22
     -14.9 -3.25e+22
     -15.2 -7.32e+22
     -15.5 -3.26e+22
     -15.8 -6.09e+21
     -16.1 -1.36e+22
     -16.4  -8.3e+22
     -16.8 -4.67e+22
     -17.1 -6.14e+22
     -17.4  1.52e+21
     -17.7  2.79e+22
       -18 -3.03e+22
     -18.4 -5.65e+22
     -18.7 -6.14e+21
       -19  1.96e+22
     -19.3   3.5e+22
     -19.6 -4.88e+22
     -19.9  1.36e+22
     -20.3   7.1e+22
     -20.6 -2.35e+22
     -20.9  3.07e+22
     -21.2  3.54e+22
     -21.5  2.94e+21
     -21.9   2.5e+22
     -22.2  4.51e+22
     -22.5  2.07e+22
     -22.8  4.24e+22
     -23.1 -4.28e+22
     -23.4 -6.57e+22
     -23.8 -3.67e+22
     -24.1  7.24e+22
     -24.4  8.52e+21
     -24.7 -3.36e+22
       -25 -4.23e+22
     -25.3   3.5e+22
     -25.7   4.8e+22
       -26 -3.51e+22
     -26.3 -3.42e+22
     -26.6  6.03e+21
     -26.9   2.3e+21
     -27.3 -5.98e+21
     -27.6  4.02e+21
     -27.9 -8.01e+21
     -28.2  2.39e+22
     -28.5 -2.49e+22
     -28.8  3.05e+22
     -29.2 -4.36e+21
     -29.5  1.76e+22
     -29.8 -6.26e+21
     -30.1 -1.65e+21
     -30.4  8.16e+21
     -30.8 -4.21e+21
     -31.1  6.34e+21
     -31.4 -7.99e+21
     -31.7  1.15e+21
       -32  1.08e+21
     -32.3  1.85e+21
     -32.7  2.37e+21
       -33  1.89e+21
     -33.3  3.24e+20
     -33.6  2.73e+21
     -33.9 -2.37e+21
     -34.3  8.65e+20
     -34.6 -5.38e+20
     -34.9  1.23e+20
     -35.2 -1.21e+20
     -35.5  -1.1e+20
     -35.8  2.18e+18
     -36.2  2.81e+18
     -36.5 -5.24e+17
     -36.8  1.87e+18
     -37.1  4.21e+18
     -37.4 -9.36e+17
     -37.7  4.21e+17

pressure[atm]        = 1
temperature[K]           = 800
energy step[1/cm]        = 111
maximum energy[kcal/mol] = 67.2

bimolecular PEDs:
   E, kcal    P1->P2
      67.2  6.36e+25
      66.9  6.96e+25
      66.5  7.62e+25
      66.2  8.34e+25
      65.9  9.13e+25
      65.6  9.98e+25
      65.3  1.09e+26
      64.9  1.19e+26
      64.6   1.3e+26
      64.3  1.42e+26
        64  1.55e+26
      63.7   1.7e+26
      63.4  1.85e+26
        63  2.02e+26
      62.7   2.2e+26
      62.4   2.4e+26
      62.1  2.61e+26
      61.8  2.84e+26
      61.5   3.1e+26
      61.1  3.37e+26
      60.8  3.66e+26
      60.5  3.98e+26
      60.2  4.33e+26
      59.9   4.7e+26
      59.5   5.1e+26
      59.2  5.54e+26
      58.9  6.01e+26
      58.6  6.52e+26
      58.3  7.07e+26
        58  7.66e+26
      57.6  8.29e+26
      57.3  8.98e+26
        57  9.72e+26
      56.7  1.05e+27
      56.4  1.14e+27
        56  1.23e+27
      55.7  1.33e+27
      55.4  1.43e+27
      55.1  1.55e+27
      54.8  1.67e+27
      54.5   1.8e+27
      54.1  1.94e+27
      53.8  2.09e+27
      53.5  2.25e+27
      53.2  2.42e+27
      52.9   2.6e+27
      52.5   2.8e+27
      52.2     3e+27
      51.9  3.23e+27
      51.6  3.46e+27
      51.3  3.72e+27
        51  3.99e+27
      50.6  4.27e+27
      50.3  4.58e+27
        50   4.9e+27
      49.7  5.24e+27
      49.4  5.61e+27
      49.1  5.99e+27
      48.7   6.4e+27
      48.4  6.83e+27
      48.1  7.29e+27
      47.8  7.78e+27
      47.5  8.29e+27
      47.1  8.83e+27
      46.8   9.4e+27
      46.5     1e+28
      46.2  1.06e+28
      45.9  1.13e+28
      45.6   1.2e+28
      45.2  1.27e+28
      44.9  1.35e+28
      44.6  1.43e+28
      44.3  1.52e+28
        44  1.61e+28
      43.6   1.7e+28
      43.3   1.8e+28
        43   1.9e+28
      42.7     2e+28
      42.4  2.11e+28
      42.1  2.23e+28
      41.7  2.35e+28
      41.4  2.47e+28
      41.1   2.6e+28
      40.8  2.73e+28
      40.5  2.87e+28
      40.1  3.02e+28
      39.8  3.16e+28
      39.5  3.32e+28
      39.2  3.47e+28
      38.9  3.63e+28
      38.6   3.8e+28
      38.2  3.97e+28
      37.9  4.15e+28
      37.6  4.33e+28
      37.3  4.51e+28
        37   4.7e+28
      36.7  4.89e+28
      36.3  5.08e+28
        36  5.28e+28
      35.7  5.48e+28
      35.4  5.68e+28
      35.1  5.88e+28
      34.7  6.09e+28
      34.4   6.3e+28
      34.1   6.5e+28
      33.8  6.71e+28
      33.5  6.92e+28
      33.2  7.13e+28
      32.8  7.33e+28
      32.5  7.54e+28
      32.2  7.74e+28
      31.9  7.94e+28
      31.6  8.14e+28
      31.2  8.33e+28
      30.9  8.51e+28
      30.6  8.69e+28
      30.3  8.87e+28
        30  9.04e+28
      29.7   9.2e+28
      29.3  9.35e+28
        29  9.49e+28
      28.7  9.63e+28
      28.4  9.74e+28
      28.1  9.85e+28
      27.7  9.94e+28
      27.4     1e+29
      27.1  1.01e+29
      26.8  1.01e+29
      26.5  1.02e+29
      26.2  1.02e+29
      25.8  1.02e+29
      25.5  1.02e+29
      25.2  1.02e+29
      24.9  1.02e+29
      24.6  1.01e+29
      24.3  1.01e+29
      23.9  9.97e+28
      23.6  9.87e+28
      23.3  9.76e+28
        23  9.63e+28
      22.7  9.48e+28
      22.3  9.32e+28
        22  9.15e+28
      21.7  8.96e+28
      21.4  8.76e+28
      21.1  8.54e+28
      20.8  8.32e+28
      20.4  8.08e+28
      20.1  7.83e+28
      19.8  7.58e+28
      19.5  7.31e+28
      19.2  7.04e+28
      18.8  6.76e+28
      18.5  6.48e+28
      18.2   6.2e+28
      17.9  5.91e+28
      17.6  5.62e+28
      17.3  5.33e+28
      16.9  5.04e+28
      16.6  4.75e+28
      16.3  4.47e+28
        16  4.19e+28
      15.7  3.91e+28
      15.3  3.64e+28
        15  3.38e+28
      14.7  3.13e+28
      14.4  2.88e+28
      14.1  2.65e+28
      13.8  2.42e+28
      13.4  2.21e+28
      13.1     2e+28
      12.8  1.81e+28
      12.5  1.63e+28
      12.2  1.46e+28
      11.9   1.3e+28
      11.5  1.15e+28
      11.2  1.01e+28
      10.9  8.88e+27
      10.6  7.74e+27
      10.3   6.7e+27
      9.94  5.76e+27
      9.63  4.92e+27
      9.31  4.18e+27
      8.99  3.51e+27
      8.67  2.93e+27
      8.35  2.43e+27
      8.04  1.99e+27
      7.72  1.61e+27
       7.4  1.29e+27
      7.08  1.02e+27
      6.76  8.01e+26
      6.45  6.17e+26
      6.13  4.68e+26
      5.81  3.49e+26
      5.49  2.55e+26
      5.18  1.83e+26
      4.86  1.27e+26
      4.54  8.61e+25
      4.22  5.62e+25
       3.9  3.53e+25
      3.59   2.1e+25
      3.27  1.19e+25
      2.95  6.18e+24
      2.63   2.9e+24
      2.31  1.29e+24
         2  4.59e+23
      1.68  1.06e+23
      1.36  6.45e+22
      1.04 -7.13e+22
     0.724 -2.69e+21
     0.406 -6.94e+21
     0.088  -8.2e+21
     -0.23  1.41e+22
    -0.548  3.69e+22
    -0.866  6.07e+21
     -1.18 -1.47e+22
      -1.5 -4.96e+22
     -1.82 -4.69e+22
     -2.14  8.08e+22
     -2.46 -9.54e+21
     -2.77  6.82e+21
     -3.09 -1.24e+22
     -3.41  1.97e+21
     -3.73 -4.35e+22
     -4.05  1.32e+23
     -4.36 -1.85e+23
     -4.68 -1.15e+23
        -5 -2.15e+22
     -5.32 -5.79e+22
     -5.64  1.26e+23
     -5.95  2.98e+22
     -6.27 -9.56e+22
     -6.59  -6.7e+22
     -6.91 -6.14e+21
     -7.22 -7.12e+22
     -7.54 -2.25e+22
     -7.86  3.18e+22
     -8.18  1.14e+23
      -8.5  6.71e+22
     -8.81 -1.01e+23
     -9.13 -6.67e+22
     -9.45  -2.4e+23
     -9.77  3.14e+22
     -10.1 -2.72e+23
     -10.4 -2.29e+22
     -10.7 -8.14e+22
       -11  -6.2e+22
     -11.4 -7.73e+22
     -11.7 -1.07e+21
       -12  6.52e+21
     -12.3  4.61e+22
     -12.6 -1.39e+23
     -12.9 -6.05e+22
     -13.3 -2.17e+22
     -13.6  7.14e+22
     -13.9 -3.85e+21
     -14.2 -7.01e+22
     -14.5  7.54e+22
     -14.9  5.22e+22
     -15.2  1.03e+23
     -15.5 -5.73e+22
     -15.8  4.27e+22
     -16.1  2.47e+22
     -16.4  4.85e+22
     -16.8 -3.34e+21
     -17.1 -2.56e+22
     -17.4 -6.67e+21
     -17.7  4.69e+22
       -18  1.02e+23
     -18.4  1.58e+23
     -18.7  8.43e+22
       -19  5.27e+22
     -19.3  7.09e+22
     -19.6 -6.43e+22
     -19.9 -7.66e+22
     -20.3 -4.16e+22
     -20.6 -1.86e+21
     -20.9 -5.51e+22
     -21.2 -4.68e+22
     -21.5 -3.59e+22
     -21.9 -3.28e+21
     -22.2  2.04e+22
     -22.5  1.01e+22
     -22.8  1.71e+22
     -23.1 -7.67e+22
     -23.4  2.21e+22
     -23.8  2.87e+22
     -24.1 -1.49e+21
     -24.4  5.21e+22
     -24.7  1.64e+22
       -25  5.16e+22
     -25.3 -1.52e+22
     -25.7 -4.64e+22
       -26  3.23e+22
     -26.3  4.21e+22
     -26.6 -9.52e+21
     -26.9 -2.79e+22
     -27.3  3.97e+20
     -27.6   1.2e+22
     -27.9   1.2e+22
     -28.2  2.09e+22
     -28.5 -1.24e+22
     -28.8  -4.1e+22
     -29.2  1.15e+22
     -29.5 -2.72e+21
     -29.8  1.39e+22
     -30.1 -5.04e+21
     -30.4  1.06e+22
     -30.8 -6.22e+21
     -31.1 -8.85e+21
     -31.4 -2.94e+21
     -31.7  9.07e+21
       -32 -2.71e+21
     -32.3  3.08e+21
     -32.7 -5.82e+21
       -33  1.68e+21
     -33.3  1.58e+21
     -33.6  3.39e+20
     -33.9  3.24e+21
     -34.3  1.66e+21
     -34.6 -8.21e+20
     -34.9  1.11e+20
     -35.2  -2.7e+19
     -35.5  3.79e+19
     -35.8  4.41e+19
     -36.2 -3.93e+19
     -36.5  4.65e+18
     -36.8  7.14e+18
     -37.1  5.14e+18
     -37.4  1.64e+17
     -37.7 -1.21e+15

pressure[atm]        = 10
temperature[K]           = 800
energy step[1/cm]        = 111
maximum energy[kcal/mol] = 67.2

bimolecular PEDs:
   E, kcal    P1->P2
      67.2  6.35e+25
      66.9  6.96e+25
      66.5  7.62e+25
      66.2  8.34e+25
      65.9  9.12e+25
      65.6  9.98e+25
      65.3  1.09e+26
      64.9  1.19e+26
      64.6   1.3e+26
      64.3  1.42e+26
        64  1.55e+26
      63.7   1.7e+26
      63.4  1.85e+26
        63  2.02e+26
      62.7   2.2e+26
      62.4   2.4e+26
      62.1  2.61e+26
      61.8  2.84e+26
      61.5  3.09e+26
      61.1  3.37e+26
      60.8  3.66e+26
      60.5  3.98e+26
      60.2  4.33e+26
      59.9   4.7e+26
      59.5   5.1e+26
      59.2  5.54e+26
      58.9  6.01e+26
      58.6  6.52e+26
      58.3  7.06e+26
        58  7.65e+26
      57.6  8.29e+26
      57.3  8.98e+26
        57  9.71e+26
      56.7  1.05e+27
      56.4  1.14e+27
        56  1.23e+27
      55.7  1.33e+27
      55.4  1.43e+27
      55.1  1.55e+27
      54.8  1.67e+27
      54.5   1.8e+27
      54.1  1.94e+27
      53.8  2.09e+27
      53.5  2.25e+27
      53.2  2.42e+27
      52.9   2.6e+27
      52.5   2.8e+27
      52.2     3e+27
      51.9  3.23e+27
      51.6  3.46e+27
      51.3  3.72e+27
        51  3.98e+27
      50.6  4.27e+27
      50.3  4.57e+27
        50   4.9e+27
      49.7  5.24e+27
      49.4   5.6e+27
      49.1  5.99e+27
      48.7   6.4e+27
      48.4  6.83e+27
      48.1  7.29e+27
      47.8  7.77e+27
      47.5  8.29e+27
      47.1  8.83e+27
      46.8   9.4e+27
      46.5     1e+28
      46.2  1.06e+28
      45.9  1.13e+28
      45.6   1.2e+28
      45.2  1.27e+28
      44.9  1.35e+28
      44.6  1.43e+28
      44.3  1.52e+28
        44  1.61e+28
      43.6   1.7e+28
      43.3   1.8e+28
        43   1.9e+28
      42.7     2e+28
      42.4  2.11e+28
      42.1  2.23e+28
      41.7  2.35e+28
      41.4  2.47e+28
      41.1   2.6e+28
      40.8  2.73e+28
      40.5  2.87e+28
      40.1  3.02e+28
      39.8  3.16e+28
      39.5  3.32e+28
      39.2  3.47e+28
      38.9  3.63e+28
      38.6   3.8e+28
      38.2  3.97e+28
      37.9  4.15e+28
      37.6  4.33e+28
      37.3  4.51e+28
        37   4.7e+28
      36.7  4.89e+28
      36.3  5.08e+28
        36  5.28e+28
      35.7  5.48e+28
      35.4  5.68e+28
      35.1  5.88e+28
      34.7  6.09e+28
      34.4  6.29e+28
      34.1   6.5e+28
      33.8  6.71e+28
      33.5  6.92e+28
      33.2  7.13e+28
      32.8  7.33e+28
      32.5  7.54e+28
      32.2  7.74e+28
      31.9  7.94e+28
      31.6  8.13e+28
      31.2  8.33e+28
      30.9  8.51e+28
      30.6  8.69e+28
      30.3  8.87e+28
        30  9.04e+28
      29.7   9.2e+28
      29.3  9.35e+28
        29  9.49e+28
      28.7  9.62e+28
      28.4  9.74e+28
      28.1  9.85e+28
      27.7  9.94e+28
      27.4     1e+29
      27.1  1.01e+29
      26.8  1.01e+29
      26.5  1.02e+29
      26.2  1.02e+29
      25.8  1.02e+29
      25.5  1.02e+29
      25.2  1.02e+29
      24.9  1.02e+29
      24.6  1.01e+29
      24.3  1.01e+29
      23.9  9.97e+28
      23.6  9.87e+28
      23.3  9.76e+28
        23  9.63e+28
      22.7  9.48e+28
      22.3  9.32e+28
        22  9.15e+28
      21.7  8.96e+28
      21.4  8.76e+28
      21.1  8.54e+28
      20.8  8.32e+28
      20.4  8.08e+28
      20.1  7.83e+28
      19.8  7.58e+28
      19.5  7.31e+28
      19.2  7.04e+28
      18.8  6.76e+28
      18.5  6.48e+28
      18.2   6.2e+28
      17.9  5.91e+28
      17.6  5.62e+28
      17.3  5.33e+28
      16.9  5.04e+28
      16.6  4.75e+28
      16.3  4.47e+28
        16  4.19e+28
      15.7  3.91e+28
      15.3  3.65e+28
        15  3.38e+28
      14.7  3.13e+28
      14.4  2.89e+28
      14.1  2.65e+28
      13.8  2.42e+28
      13.4  2.21e+28
      13.1     2e+28
      12.8  1.81e+28
      12.5  1.63e+28
      12.2  1.46e+28
      11.9   1.3e+28
      11.5  1.15e+28
      11.2  1.01e+28
      10.9  8.88e+27
      10.6  7.74e+27
      10.3   6.7e+27
      9.94  5.77e+27
      9.63  4.93e+27
      9.31  4.18e+27
      8.99  3.52e+27
      8.67  2.94e+27
      8.35  2.43e+27
      8.04  1.99e+27
      7.72  1.62e+27
       7.4  1.29e+27
      7.08  1.03e+27
      6.76  8.02e+26
      6.45  6.19e+26
      6.13   4.7e+26
      5.81   3.5e+26
      5.49  2.56e+26
      5.18  1.83e+26
      4.86  1.28e+26
      4.54  8.66e+25
      4.22  5.68e+25
       3.9  3.57e+25
      3.59  2.13e+25
      3.27  1.21e+25
      2.95  6.43e+24
      2.63  3.07e+24
      2.31  1.36e+24
         2  5.56e+23
      1.68  1.68e+23
      1.36  1.45e+23
      1.04  8.84e+22
     0.724  5.33e+22
     0.406 -1.08e+23
     0.088  2.57e+22
     -0.23  3.81e+22
    -0.548 -3.57e+22
    -0.866 -5.01e+22
     -1.18  1.12e+23
      -1.5 -4.33e+22
     -1.82 -2.89e+22
     -2.14 -3.96e+22
     -2.46 -5.46e+22
     -2.77  9.66e+22
     -3.09 -6.23e+22
     -3.41 -1.36e+23
     -3.73  6.23e+22
     -4.05 -3.03e+21
     -4.36 -5.35e+22
     -4.68 -8.09e+22
        -5  1.04e+23
     -5.32 -5.59e+22
     -5.64 -4.89e+22
     -5.95  1.55e+23
     -6.27 -2.66e+22
     -6.59 -7.91e+21
     -6.91  2.32e+22
     -7.22 -8.13e+21
     -7.54 -9.64e+22
     -7.86 -7.55e+22
     -8.18 -1.18e+23
      -8.5  8.23e+21
     -8.81 -6.11e+22
     -9.13  8.82e+21
     -9.45    -2e+22
     -9.77  8.79e+22
     -10.1  2.15e+23
     -10.4  1.66e+21
     -10.7  -9.2e+22
       -11 -7.22e+22
     -11.4 -8.02e+22
     -11.7  3.07e+22
       -12  6.47e+22
     -12.3  -6.6e+22
     -12.6  -1.4e+23
     -12.9   6.8e+22
     -13.3  7.76e+22
     -13.6  -1.7e+23
     -13.9  1.06e+23
     -14.2  4.75e+22
     -14.5 -2.73e+22
     -14.9 -4.68e+22
     -15.2 -8.69e+22
     -15.5 -8.97e+22
     -15.8 -1.13e+23
     -16.1 -5.26e+21
     -16.4 -9.43e+22
     -16.8 -2.23e+23
     -17.1  -1.4e+23
     -17.4   2.6e+22
     -17.7 -5.62e+22
       -18 -1.96e+21
     -18.4  3.78e+22
     -18.7   6.7e+22
       -19   8.1e+22
     -19.3   7.5e+22
     -19.6  1.05e+23
     -19.9  1.01e+22
     -20.3 -8.88e+22
     -20.6 -1.06e+22
     -20.9 -7.65e+22
     -21.2 -2.02e+22
     -21.5 -5.36e+22
     -21.9 -4.23e+22
     -22.2 -3.64e+22
     -22.5 -3.56e+22
     -22.8  1.17e+22
     -23.1   5.7e+22
     -23.4 -1.74e+22
     -23.8  5.27e+22
     -24.1 -2.03e+22
     -24.4 -7.45e+22
     -24.7  5.26e+21
       -25 -1.52e+22
     -25.3 -2.35e+22
     -25.7   1.1e+22
       -26  6.03e+21
     -26.3 -5.38e+21
     -26.6 -6.43e+21
     -26.9  3.07e+22
     -27.3 -6.23e+22
     -27.6 -3.26e+22
     -27.9 -1.25e+22
     -28.2  2.27e+22
     -28.5  2.45e+22
     -28.8  1.82e+20
     -29.2  1.73e+22
     -29.5 -1.67e+22
     -29.8 -1.12e+22
     -30.1  1.38e+22
     -30.4 -1.01e+22
     -30.8  2.64e+21
     -31.1 -8.41e+21
     -31.4  1.07e+22
     -31.7  4.98e+21
       -32  2.98e+21
     -32.3 -2.89e+21
     -32.7  1.14e+21
       -33  4.94e+21
     -33.3  6.59e+20
     -33.6  -2.9e+21
     -33.9  1.16e+21
     -34.3  5.27e+20
     -34.6  4.63e+20
     -34.9 -3.09e+20
     -35.2 -9.39e+19
     -35.5  1.87e+20
     -35.8   1.7e+19
     -36.2 -3.53e+19
     -36.5  5.38e+18
     -36.8   3.3e+17
     -37.1  1.53e+18
     -37.4 -2.66e+17
     -37.7  1.87e+17

pressure[atm]        = 100
temperature[K]           = 800
energy step[1/cm]        = 111
maximum energy[kcal/mol] = 67.2

bimolecular PEDs:
   E, kcal    P1->P2
      67.2  6.32e+25
      66.9  6.93e+25
      66.5  7.59e+25
      66.2  8.31e+25
      65.9  9.09e+25
      65.6  9.94e+25
      65.3  1.09e+26
      64.9  1.19e+26
      64.6   1.3e+26
      64.3  1.42e+26
        64  1.55e+26
      63.7  1.69e+26
      63.4  1.85e+26
        63  2.01e+26
      62.7  2.19e+26
      62.4  2.39e+26
      62.1   2.6e+26
      61.8  2.84e+26
      61.5  3.09e+26
      61.1  3.36e+26
      60.8  3.65e+26
      60.5  3.97e+26
      60.2  4.32e+26
      59.9  4.69e+26
      59.5  5.09e+26
      59.2  5.53e+26
      58.9     6e+26
      58.6   6.5e+26
      58.3  7.05e+26
        58  7.64e+26
      57.6  8.27e+26
      57.3  8.96e+26
        57  9.69e+26
      56.7  1.05e+27
      56.4  1.13e+27
        56  1.23e+27
      55.7  1.32e+27
      55.4  1.43e+27
      55.1  1.54e+27
      54.8  1.66e+27
      54.5  1.79e+27
      54.1  1.93e+27
      53.8  2.08e+27
      53.5  2.24e+27
      53.2  2.41e+27
      52.9   2.6e+27
      52.5  2.79e+27
      52.2     3e+27
      51.9  3.22e+27
      51.6  3.46e+27
      51.3  3.71e+27
        51  3.98e+27
      50.6  4.26e+27
      50.3  4.57e+27
        50  4.89e+27
      49.7  5.23e+27
      49.4  5.59e+27
      49.1  5.98e+27
      48.7  6.39e+27
      48.4  6.82e+27
      48.1  7.28e+27
      47.8  7.76e+27
      47.5  8.27e+27
      47.1  8.81e+27
      46.8  9.38e+27
      46.5  9.98e+27
      46.2  1.06e+28
      45.9  1.13e+28
      45.6   1.2e+28
      45.2  1.27e+28
      44.9  1.35e+28
      44.6  1.43e+28
      44.3  1.51e+28
        44   1.6e+28
      43.6   1.7e+28
      43.3  1.79e+28
        43  1.89e+28
      42.7     2e+28
      42.4  2.11e+28
      42.1  2.23e+28
      41.7  2.34e+28
      41.4  2.47e+28
      41.1   2.6e+28
      40.8  2.73e+28
      40.5  2.87e+28
      40.1  3.01e+28
      39.8  3.16e+28
      39.5  3.31e+28
      39.2  3.47e+28
      38.9  3.63e+28
      38.6   3.8e+28
      38.2  3.97e+28
      37.9  4.14e+28
      37.6  4.32e+28
      37.3   4.5e+28
        37  4.69e+28
      36.7  4.88e+28
      36.3  5.07e+28
        36  5.27e+28
      35.7  5.47e+28
      35.4  5.67e+28
      35.1  5.88e+28
      34.7  6.08e+28
      34.4  6.29e+28
      34.1   6.5e+28
      33.8   6.7e+28
      33.5  6.91e+28
      33.2  7.12e+28
      32.8  7.33e+28
      32.5  7.53e+28
      32.2  7.73e+28
      31.9  7.93e+28
      31.6  8.13e+28
      31.2  8.32e+28
      30.9  8.51e+28
      30.6  8.69e+28
      30.3  8.86e+28
        30  9.03e+28
      29.7  9.19e+28
      29.3  9.34e+28
        29  9.49e+28
      28.7  9.62e+28
      28.4  9.74e+28
      28.1  9.85e+28
      27.7  9.94e+28
      27.4     1e+29
      27.1  1.01e+29
      26.8  1.01e+29
      26.5  1.02e+29
      26.2  1.02e+29
      25.8  1.02e+29
      25.5  1.02e+29
      25.2  1.02e+29
      24.9  1.02e+29
      24.6  1.01e+29
      24.3  1.01e+29
      23.9  9.97e+28
      23.6  9.87e+28
      23.3  9.76e+28
        23  9.63e+28
      22.7  9.48e+28
      22.3  9.32e+28
        22  9.15e+28
      21.7  8.96e+28
      21.4  8.76e+28
      21.1  8.55e+28
      20.8  8.32e+28
      20.4  8.09e+28
      20.1  7.84e+28
      19.8  7.58e+28
      19.5  7.32e+28
      19.2  7.05e+28
      18.8  6.77e+28
      18.5  6.49e+28
      18.2   6.2e+28
      17.9  5.92e+28
      17.6  5.63e+28
      17.3  5.34e+28
      16.9  5.05e+28
      16.6  4.76e+28
      16.3  4.48e+28
        16   4.2e+28
      15.7  3.92e+28
      15.3  3.65e+28
        15  3.39e+28
      14.7  3.14e+28
      14.4  2.89e+28
      14.1  2.66e+28
      13.8  2.43e+28
      13.4  2.22e+28
      13.1  2.01e+28
      12.8  1.82e+28
      12.5  1.63e+28
      12.2  1.46e+28
      11.9   1.3e+28
      11.5  1.16e+28
      11.2  1.02e+28
      10.9  8.94e+27
      10.6  7.79e+27
      10.3  6.75e+27
      9.94  5.81e+27
      9.63  4.97e+27
      9.31  4.22e+27
      8.99  3.55e+27
      8.67  2.97e+27
      8.35  2.46e+27
      8.04  2.02e+27
      7.72  1.64e+27
       7.4  1.32e+27
      7.08  1.04e+27
      6.76  8.19e+26
      6.45  6.33e+26
      6.13  4.82e+26
      5.81  3.61e+26
      5.49  2.66e+26
      5.18  1.91e+26
      4.86  1.35e+26
      4.54  9.26e+25
      4.22  6.17e+25
       3.9  3.99e+25
      3.59  2.49e+25
      3.27   1.5e+25
      2.95   8.8e+24
      2.63  5.09e+24
      2.31  2.97e+24
         2  1.93e+24
      1.68  1.36e+24
      1.36  8.61e+23
      1.04  7.49e+23
     0.724  5.74e+23
     0.406  4.93e+23
     0.088  3.27e+23
     -0.23  2.71e+23
    -0.548  2.37e+23
    -0.866  1.65e+23
     -1.18  1.92e+23
      -1.5  8.87e+22
     -1.82  5.07e+22
     -2.14  1.86e+22
     -2.46  2.25e+22
     -2.77 -6.72e+22
     -3.09  6.05e+22
     -3.41  1.46e+22
     -3.73  7.67e+22
     -4.05 -1.68e+23
     -4.36  7.09e+22
     -4.68   5.5e+21
        -5 -1.47e+22
     -5.32  4.03e+22
     -5.64 -1.13e+22
     -5.95  1.39e+21
     -6.27 -5.33e+22
     -6.59  3.61e+22
     -6.91 -5.38e+22
     -7.22  -5.4e+21
     -7.54  -3.8e+22
     -7.86  3.36e+22
     -8.18  8.84e+22
      -8.5  9.22e+22
     -8.81  8.82e+22
     -9.13  4.75e+22
     -9.45 -6.73e+22
     -9.77  3.63e+22
     -10.1 -1.04e+23
     -10.4 -1.31e+23
     -10.7 -1.53e+22
       -11 -5.95e+22
     -11.4  5.71e+21
     -11.7 -5.03e+21
       -12  3.39e+22
     -12.3 -7.45e+22
     -12.6  4.45e+21
     -12.9  4.12e+22
     -13.3  6.71e+22
     -13.6 -4.22e+22
     -13.9 -5.39e+21
     -14.2 -8.98e+22
     -14.5  1.14e+23
     -14.9  -7.8e+22
     -15.2 -1.91e+23
     -15.5  3.19e+22
     -15.8  4.43e+22
     -16.1  2.16e+21
     -16.4 -7.15e+22
     -16.8  7.59e+22
     -17.1 -5.17e+22
     -17.4  1.24e+22
     -17.7  9.67e+22
       -18  3.43e+22
     -18.4  2.78e+22
     -18.7  8.85e+22
       -19 -4.63e+22
     -19.3  9.13e+21
     -19.6  1.19e+22
     -19.9  2.64e+22
     -20.3 -1.96e+22
     -20.6 -4.76e+22
     -20.9 -7.88e+22
     -21.2 -3.01e+22
     -21.5  3.75e+22
     -21.9  4.46e+22
     -22.2  4.07e+21
     -22.5 -6.05e+21
     -22.8  4.73e+22
     -23.1 -1.64e+22
     -23.4  4.79e+22
     -23.8  2.08e+22
     -24.1 -4.49e+22
     -24.4  -1.2e+20
     -24.7  1.86e+22
       -25  1.99e+21
     -25.3  7.04e+21
     -25.7  2.09e+22
       -26  2.37e+21
     -26.3  5.18e+21
     -26.6 -2.27e+22
     -26.9  3.75e+22
     -27.3     1e+22
     -27.6  5.92e+21
     -27.9   4.5e+21
     -28.2   7.2e+19
     -28.5 -2.54e+22
     -28.8  1.83e+22
     -29.2  2.02e+22
     -29.5 -4.14e+21
     -29.8  3.08e+21
     -30.1 -1.61e+22
     -30.4  8.93e+21
     -30.8  8.12e+21
     -31.1  5.97e+19
     -31.4  2.65e+21
     -31.7 -6.97e+21
       -32  4.71e+20
     -32.3  6.38e+21
     -32.7 -8.41e+21
       -33  1.09e+21
     -33.3 -1.84e+21
     -33.6 -2.65e+21
     -33.9  8.66e+20
     -34.3  -3.9e+20
     -34.6  9.49e+20
     -34.9 -5.12e+20
     -35.2  2.41e+20
     -35.5  1.23e+20
     -35.8  4.34e+19
     -36.2 -3.14e+19
     -36.5  -2.4e+17
     -36.8  2.08e+18
     -37.1 -2.93e+18
     -37.4  1.34e+18
     -37.7 -7.41e+18

pressure[atm]        = 0.01
temperature[K]           = 900
energy step[1/cm]        = 125
maximum energy[kcal/mol] = 79.2

bimolecular PEDs:
   E, kcal    P1->P2
      79.2  3.11e+27
      78.8   3.4e+27
      78.5  3.72e+27
      78.1  4.07e+27
      77.8  4.45e+27
      77.4  4.86e+27
      77.1  5.31e+27
      76.7   5.8e+27
      76.3  6.33e+27
        76  6.91e+27
      75.6  7.54e+27
      75.3  8.23e+27
      74.9  8.97e+27
      74.5  9.78e+27
      74.2  1.07e+28
      73.8  1.16e+28
      73.5  1.26e+28
      73.1  1.37e+28
      72.8  1.49e+28
      72.4  1.63e+28
        72  1.77e+28
      71.7  1.92e+28
      71.3  2.08e+28
        71  2.26e+28
      70.6  2.46e+28
      70.3  2.66e+28
      69.9  2.89e+28
      69.5  3.13e+28
      69.2  3.39e+28
      68.8  3.68e+28
      68.5  3.98e+28
      68.1  4.31e+28
      67.8  4.66e+28
      67.4  5.04e+28
        67  5.44e+28
      66.7  5.88e+28
      66.3  6.35e+28
        66  6.85e+28
      65.6  7.39e+28
      65.2  7.97e+28
      64.9  8.59e+28
      64.5  9.25e+28
      64.2  9.97e+28
      63.8  1.07e+29
      63.5  1.15e+29
      63.1  1.24e+29
      62.7  1.33e+29
      62.4  1.43e+29
        62  1.54e+29
      61.7  1.65e+29
      61.3  1.77e+29
        61   1.9e+29
      60.6  2.04e+29
      60.2  2.18e+29
      59.9  2.33e+29
      59.5   2.5e+29
      59.2  2.67e+29
      58.8  2.85e+29
      58.5  3.05e+29
      58.1  3.26e+29
      57.7  3.47e+29
      57.4  3.71e+29
        57  3.95e+29
      56.7  4.21e+29
      56.3  4.48e+29
      55.9  4.77e+29
      55.6  5.07e+29
      55.2  5.39e+29
      54.9  5.73e+29
      54.5  6.08e+29
      54.2  6.45e+29
      53.8  6.84e+29
      53.4  7.25e+29
      53.1  7.68e+29
      52.7  8.13e+29
      52.4   8.6e+29
        52  9.09e+29
      51.7   9.6e+29
      51.3  1.01e+30
      50.9  1.07e+30
      50.6  1.13e+30
      50.2  1.19e+30
      49.9  1.25e+30
      49.5  1.32e+30
      49.2  1.38e+30
      48.8  1.45e+30
      48.4  1.53e+30
      48.1   1.6e+30
      47.7  1.68e+30
      47.4  1.76e+30
        47  1.84e+30
      46.6  1.93e+30
      46.3  2.01e+30
      45.9   2.1e+30
      45.6  2.19e+30
      45.2  2.29e+30
      44.9  2.39e+30
      44.5  2.48e+30
      44.1  2.58e+30
      43.8  2.69e+30
      43.4  2.79e+30
      43.1  2.89e+30
      42.7     3e+30
      42.4  3.11e+30
        42  3.22e+30
      41.6  3.33e+30
      41.3  3.44e+30
      40.9  3.55e+30
      40.6  3.66e+30
      40.2  3.77e+30
      39.9  3.88e+30
      39.5  3.99e+30
      39.1   4.1e+30
      38.8  4.21e+30
      38.4  4.32e+30
      38.1  4.42e+30
      37.7  4.52e+30
      37.3  4.62e+30
        37  4.72e+30
      36.6  4.81e+30
      36.3   4.9e+30
      35.9  4.99e+30
      35.6  5.07e+30
      35.2  5.15e+30
      34.8  5.22e+30
      34.5  5.29e+30
      34.1  5.35e+30
      33.8  5.41e+30
      33.4  5.46e+30
      33.1   5.5e+30
      32.7  5.54e+30
      32.3  5.57e+30
        32  5.59e+30
      31.6  5.61e+30
      31.3  5.62e+30
      30.9  5.62e+30
      30.6  5.61e+30
      30.2  5.59e+30
      29.8  5.57e+30
      29.5  5.53e+30
      29.1  5.49e+30
      28.8  5.44e+30
      28.4  5.38e+30
        28  5.32e+30
      27.7  5.24e+30
      27.3  5.16e+30
        27  5.06e+30
      26.6  4.97e+30
      26.3  4.86e+30
      25.9  4.75e+30
      25.5  4.63e+30
      25.2  4.51e+30
      24.8  4.38e+30
      24.5  4.24e+30
      24.1   4.1e+30
      23.8  3.96e+30
      23.4  3.82e+30
        23  3.67e+30
      22.7  3.52e+30
      22.3  3.37e+30
        22  3.21e+30
      21.6  3.06e+30
      21.3  2.91e+30
      20.9  2.75e+30
      20.5   2.6e+30
      20.2  2.45e+30
      19.8   2.3e+30
      19.5  2.16e+30
      19.1  2.02e+30
      18.7  1.88e+30
      18.4  1.75e+30
        18  1.62e+30
      17.7  1.49e+30
      17.3  1.37e+30
        17  1.26e+30
      16.6  1.15e+30
      16.2  1.04e+30
      15.9  9.46e+29
      15.5  8.53e+29
      15.2  7.67e+29
      14.8  6.86e+29
      14.5  6.11e+29
      14.1  5.42e+29
      13.7  4.78e+29
      13.4   4.2e+29
        13  3.66e+29
      12.7  3.18e+29
      12.3  2.75e+29
        12  2.36e+29
      11.6  2.01e+29
      11.2   1.7e+29
      10.9  1.43e+29
      10.5  1.19e+29
      10.2  9.89e+28
      9.81  8.12e+28
      9.45   6.6e+28
      9.09  5.32e+28
      8.73  4.25e+28
      8.38  3.35e+28
      8.02  2.61e+28
      7.66  2.01e+28
       7.3  1.52e+28
      6.94  1.14e+28
      6.59  8.34e+27
      6.23  6.01e+27
      5.87  4.23e+27
      5.51  2.91e+27
      5.16  1.95e+27
       4.8  1.26e+27
      4.44  7.84e+26
      4.08  4.66e+26
      3.73  2.62e+26
      3.37  1.36e+26
      3.01  6.47e+25
      2.65  2.76e+25
      2.29  1.03e+25
      1.94   2.9e+24
      1.58  7.74e+23
      1.22   9.3e+23
     0.864  2.55e+23
     0.506  -2.2e+23
     0.148  -7.6e+23
     -0.21  7.41e+23
    -0.567 -8.95e+23
    -0.925  7.88e+23
     -1.28   1.4e+23
     -1.64  8.57e+23
        -2 -7.01e+23
     -2.36  1.21e+24
     -2.71 -5.52e+23
     -3.07  1.31e+24
     -3.43  2.15e+24
     -3.79  8.31e+23
     -4.14 -5.21e+23
      -4.5  -7.9e+23
     -4.86 -1.21e+24
     -5.22  2.63e+23
     -5.57 -1.34e+23
     -5.93 -1.01e+24
     -6.29  3.24e+23
     -6.65  3.08e+24
     -7.01 -6.64e+23
     -7.36  2.55e+24
     -7.72  3.12e+23
     -8.08 -1.31e+23
     -8.44 -1.79e+24
     -8.79 -2.42e+23
     -9.15  3.06e+24
     -9.51  5.39e+23
     -9.87  6.47e+23
     -10.2  3.25e+23
     -10.6  1.15e+24
     -10.9 -2.26e+24
     -11.3 -1.14e+24
     -11.7 -4.16e+23
       -12 -3.53e+23
     -12.4  1.11e+24
     -12.7  9.45e+23
     -13.1 -2.76e+23
     -13.4  5.28e+23
     -13.8 -2.54e+23
     -14.2  1.03e+24
     -14.5 -1.19e+23
     -14.9  5.05e+23
     -15.2  2.94e+23
     -15.6 -4.43e+23
     -15.9 -2.52e+23
     -16.3  6.43e+23
     -16.7  2.68e+23
       -17 -3.17e+23
     -17.4 -1.38e+23
     -17.7  1.61e+23
     -18.1  6.25e+23
     -18.5  1.06e+23
     -18.8 -1.72e+23
     -19.2 -6.09e+23
     -19.5  5.54e+21
     -19.9  8.05e+22
     -20.2 -2.18e+23
     -20.6 -6.99e+22
       -21  1.14e+23
     -21.3  9.75e+22
     -21.7  3.09e+22
       -22  2.04e+23
     -22.4 -3.88e+23
     -22.7  5.13e+23
     -23.1  -1.4e+23
     -23.5 -2.37e+23
     -23.8  2.43e+23
     -24.2  3.27e+23
     -24.5 -1.24e+23
     -24.9  3.37e+22
     -25.2  6.92e+22
     -25.6  5.35e+22
       -26 -1.35e+22
     -26.3 -4.98e+22
     -26.7  2.37e+23
       -27  2.29e+23
     -27.4  -3.2e+23
     -27.8  1.08e+23
     -28.1 -7.72e+22
     -28.5  1.73e+23
     -28.8 -5.09e+22
     -29.2 -1.46e+22
     -29.5  9.87e+22
     -29.9  2.68e+22
     -30.3 -3.23e+22
     -30.6  -3.2e+22
       -31  1.25e+22
     -31.3 -1.08e+21
     -31.7 -2.59e+22
       -32  6.94e+21
     -32.4  -6.2e+21
     -32.8  9.67e+21
     -33.1  -7.2e+19
     -33.5  2.58e+21
     -33.8  2.42e+21
     -34.2  -2.2e+21
     -34.5 -2.04e+21
     -34.9  1.24e+21
     -35.3 -8.95e+20
     -35.6  6.59e+20
       -36 -3.79e+21
     -36.3  2.22e+20
     -36.7 -7.12e+19
     -37.1 -5.29e+19
     -37.4 -8.64e+18
     -37.8   8.4e+16

pressure[atm]        = 0.1
temperature[K]           = 900
energy step[1/cm]        = 125
maximum energy[kcal/mol] = 79.2

bimolecular PEDs:
   E, kcal    P1->P2
      79.2  3.11e+27
      78.8   3.4e+27
      78.5  3.72e+27
      78.1  4.07e+27
      77.8  4.45e+27
      77.4  4.86e+27
      77.1  5.31e+27
      76.7   5.8e+27
      76.3  6.33e+27
        76  6.91e+27
      75.6  7.54e+27
      75.3  8.23e+27
      74.9  8.97e+27
      74.5  9.78e+27
      74.2  1.07e+28
      73.8  1.16e+28
      73.5  1.26e+28
      73.1  1.37e+28
      72.8  1.49e+28
      72.4  1.63e+28
        72  1.77e+28
      71.7  1.92e+28
      71.3  2.08e+28
        71  2.26e+28
      70.6  2.46e+28
      70.3  2.66e+28
      69.9  2.89e+28
      69.5  3.13e+28
      69.2  3.39e+28
      68.8  3.68e+28
      68.5  3.98e+28
      68.1  4.31e+28
      67.8  4.66e+28
      67.4  5.04e+28
        67  5.44e+28
      66.7  5.88e+28
      66.3  6.35e+28
        66  6.85e+28
      65.6  7.39e+28
      65.2  7.97e+28
      64.9  8.59e+28
      64.5  9.25e+28
      64.2  9.97e+28
      63.8  1.07e+29
      63.5  1.15e+29
      63.1  1.24e+29
      62.7  1.33e+29
      62.4  1.43e+29
        62  1.54e+29
      61.7  1.65e+29
      61.3  1.77e+29
        61   1.9e+29
      60.6  2.04e+29
      60.2  2.18e+29
      59.9  2.33e+29
      59.5   2.5e+29
      59.2  2.67e+29
      58.8  2.85e+29
      58.5  3.05e+29
      58.1  3.26e+29
      57.7  3.47e+29
      57.4  3.71e+29
        57  3.95e+29
      56.7  4.21e+29
      56.3  4.48e+29
      55.9  4.77e+29
      55.6  5.07e+29
      55.2  5.39e+29
      54.9  5.73e+29
      54.5  6.08e+29
      54.2  6.45e+29
      53.8  6.84e+29
      53.4  7.25e+29
      53.1  7.68e+29
      52.7  8.13e+29
      52.4   8.6e+29
        52  9.09e+29
      51.7   9.6e+29
      51.3  1.01e+30
      50.9  1.07e+30
      50.6  1.13e+30
      50.2  1.19e+30
      49.9  1.25e+30
      49.5  1.32e+30
      49.2  1.38e+30
      48.8  1.45e+30
      48.4  1.53e+30
      48.1   1.6e+30
      47.7  1.68e+30
      47.4  1.76e+30
        47  1.84e+30
      46.6  1.93e+30
      46.3  2.01e+30
      45.9   2.1e+30
      45.6  2.19e+30
      45.2  2.29e+30
      44.9  2.39e+30
      44.5  2.48e+30
      44.1  2.58e+30
      43.8  2.69e+30
      43.4  2.79e+30
      43.1  2.89e+30
      42.7     3e+30
      42.4  3.11e+30
        42  3.22e+30
      41.6  3.33e+30
      41.3  3.44e+30
      40.9  3.55e+30
      40.6  3.66e+30
      40.2  3.77e+30
      39.9  3.88e+30
      39.5  3.99e+30
      39.1   4.1e+30
      38.8  4.21e+30
      38.4  4.32e+30
      38.1  4.42e+30
      37.7  4.52e+30
      37.3  4.62e+30
        37  4.72e+30
      36.6  4.81e+30
      36.3   4.9e+30
      35.9  4.99e+30
      35.6  5.07e+30
      35.2  5.15e+30
      34.8  5.22e+30
      34.5  5.29e+30
      34.1  5.35e+30
      33.8  5.41e+30
      33.4  5.46e+30
      33.1   5.5e+30
      32.7  5.54e+30
      32.3  5.57e+30
        32  5.59e+30
      31.6  5.61e+30
      31.3  5.62e+30
      30.9  5.62e+30
      30.6  5.61e+30
      30.2  5.59e+30
      29.8  5.57e+30
      29.5  5.53e+30
      29.1  5.49e+30
      28.8  5.44e+30
      28.4  5.38e+30
        28  5.32e+30
      27.7  5.24e+30
      27.3  5.16e+30
        27  5.06e+30
      26.6  4.97e+30
      26.3  4.86e+30
      25.9  4.75e+30
      25.5  4.63e+30
      25.2  4.51e+30
      24.8  4.38e+30
      24.5  4.24e+30
      24.1   4.1e+30
      23.8  3.96e+30
      23.4  3.82e+30
        23  3.67e+30
      22.7  3.52e+30
      22.3  3.37e+30
        22  3.21e+30
      21.6  3.06e+30
      21.3  2.91e+30
      20.9  2.75e+30
      20.5   2.6e+30
      20.2  2.45e+30
      19.8   2.3e+30
      19.5  2.16e+30
      19.1  2.02e+30
      18.7  1.88e+30
      18.4  1.75e+30
        18  1.62e+30
      17.7  1.49e+30
      17.3  1.37e+30
        17  1.26e+30
      16.6  1.15e+30
      16.2  1.04e+30
      15.9  9.46e+29
      15.5  8.53e+29
      15.2  7.67e+29
      14.8  6.86e+29
      14.5  6.11e+29
      14.1  5.42e+29
      13.7  4.78e+29
      13.4   4.2e+29
        13  3.66e+29
      12.7  3.18e+29
      12.3  2.75e+29
        12  2.36e+29
      11.6  2.01e+29
      11.2   1.7e+29
      10.9  1.43e+29
      10.5  1.19e+29
      10.2  9.89e+28
      9.81  8.12e+28
      9.45   6.6e+28
      9.09  5.32e+28
      8.73  4.25e+28
      8.38  3.35e+28
      8.02  2.61e+28
      7.66  2.01e+28
       7.3  1.52e+28
      6.94  1.14e+28
      6.59  8.34e+27
      6.23  6.01e+27
      5.87  4.23e+27
      5.51  2.91e+27
      5.16  1.95e+27
       4.8  1.26e+27
      4.44  7.84e+26
      4.08  4.66e+26
      3.73  2.62e+26
      3.37  1.38e+26
      3.01  6.52e+25
      2.65  2.81e+25
      2.29  1.04e+25
      1.94   2.7e+24
      1.58  4.76e+23
      1.22 -6.09e+23
     0.864  1.21e+24
     0.506  5.82e+23
     0.148 -6.45e+22
     -0.21 -3.67e+23
    -0.567  7.98e+23
    -0.925 -6.08e+23
     -1.28  5.25e+23
     -1.64     4e+23
        -2 -1.64e+24
     -2.36  3.82e+23
     -2.71 -7.63e+22
     -3.07 -6.03e+23
     -3.43  -5.4e+23
     -3.79 -6.92e+23
     -4.14 -9.54e+22
      -4.5    -6e+23
     -4.86 -8.04e+23
     -5.22  9.32e+22
     -5.57  6.91e+23
     -5.93 -1.96e+23
     -6.29 -1.93e+24
     -6.65  6.89e+23
     -7.01  3.16e+23
     -7.36 -3.23e+23
     -7.72  7.87e+23
     -8.08 -1.52e+24
     -8.44  4.68e+23
     -8.79 -5.84e+23
     -9.15 -1.55e+24
     -9.51  1.01e+24
     -9.87  2.13e+23
     -10.2 -9.59e+23
     -10.6 -6.38e+23
     -10.9 -4.08e+23
     -11.3  -3.9e+23
     -11.7  1.22e+24
       -12 -3.02e+24
     -12.4 -9.92e+23
     -12.7  5.06e+23
     -13.1 -4.92e+23
     -13.4  2.89e+23
     -13.8  1.64e+24
     -14.2 -6.71e+23
     -14.5  7.07e+22
     -14.9 -1.95e+24
     -15.2 -2.31e+23
     -15.6  4.26e+23
     -15.9 -1.87e+23
     -16.3 -7.49e+23
     -16.7 -2.41e+23
       -17  -2.2e+23
     -17.4 -5.27e+23
     -17.7 -8.64e+23
     -18.1 -8.54e+23
     -18.5 -3.51e+23
     -18.8 -4.56e+23
     -19.2 -2.25e+23
     -19.5  1.03e+23
     -19.9  2.68e+22
     -20.2  1.14e+23
     -20.6   1.6e+23
       -21  1.05e+22
     -21.3 -6.84e+22
     -21.7  8.49e+22
       -22  1.68e+23
     -22.4 -9.73e+23
     -22.7  6.07e+23
     -23.1  2.65e+23
     -23.5 -7.09e+22
     -23.8 -2.47e+23
     -24.2 -2.49e+22
     -24.5  -7.5e+22
     -24.9 -2.12e+22
     -25.2  5.56e+22
     -25.6 -2.49e+23
       -26  1.35e+23
     -26.3  1.57e+22
     -26.7 -1.09e+23
       -27 -6.95e+22
     -27.4  8.64e+22
     -27.8 -4.38e+21
     -28.1 -1.24e+23
     -28.5  1.18e+23
     -28.8  1.42e+22
     -29.2 -1.64e+23
     -29.5  7.63e+22
     -29.9 -1.45e+23
     -30.3  6.85e+22
     -30.6   1.1e+22
       -31 -7.35e+21
     -31.3 -1.58e+22
     -31.7 -3.34e+22
       -32  8.88e+21
     -32.4 -3.79e+22
     -32.8  4.87e+19
     -33.1 -1.87e+22
     -33.5 -2.46e+20
     -33.8    -2e+21
     -34.2   2.4e+21
     -34.5 -5.06e+19
     -34.9 -4.32e+20
     -35.3  2.85e+20
     -35.6 -5.61e+20
       -36 -2.05e+19
     -36.3   4.2e+19
     -36.7  3.01e+21
     -37.1  2.65e+19
     -37.4  1.12e+20
     -37.8 -1.03e+19

pressure[atm]        = 1
temperature[K]           = 900
energy step[1/cm]        = 125
maximum energy[kcal/mol] = 79.2

bimolecular PEDs:
   E, kcal    P1->P2
      79.2  3.11e+27
      78.8   3.4e+27
      78.5  3.72e+27
      78.1  4.07e+27
      77.8  4.45e+27
      77.4  4.86e+27
      77.1  5.31e+27
      76.7   5.8e+27
      76.3  6.33e+27
        76  6.91e+27
      75.6  7.54e+27
      75.3  8.23e+27
      74.9  8.97e+27
      74.5  9.78e+27
      74.2  1.07e+28
      73.8  1.16e+28
      73.5  1.26e+28
      73.1  1.37e+28
      72.8  1.49e+28
      72.4  1.63e+28
        72  1.77e+28
      71.7  1.92e+28
      71.3  2.08e+28
        71  2.26e+28
      70.6  2.46e+28
      70.3  2.66e+28
      69.9  2.89e+28
      69.5  3.13e+28
      69.2  3.39e+28
      68.8  3.68e+28
      68.5  3.98e+28
      68.1  4.31e+28
      67.8  4.66e+28
      67.4  5.04e+28
        67  5.44e+28
      66.7  5.88e+28
      66.3  6.35e+28
        66  6.85e+28
      65.6  7.39e+28
      65.2  7.97e+28
      64.9  8.59e+28
      64.5  9.25e+28
      64.2  9.97e+28
      63.8  1.07e+29
      63.5  1.15e+29
      63.1  1.24e+29
      62.7  1.33e+29
      62.4  1.43e+29
        62  1.54e+29
      61.7  1.65e+29
      61.3  1.77e+29
        61   1.9e+29
      60.6  2.04e+29
      60.2  2.18e+29
      59.9  2.33e+29
      59.5   2.5e+29
      59.2  2.67e+29
      58.8  2.85e+29
      58.5  3.05e+29
      58.1  3.26e+29
      57.7  3.47e+29
      57.4  3.71e+29
        57  3.95e+29
      56.7  4.21e+29
      56.3  4.48e+29
      55.9  4.77e+29
      55.6  5.07e+29
      55.2  5.39e+29
      54.9  5.73e+29
      54.5  6.08e+29
      54.2  6.45e+29
      53.8  6.84e+29
      53.4  7.25e+29
      53.1  7.68e+29
      52.7  8.13e+29
      52.4   8.6e+29
        52  9.09e+29
      51.7   9.6e+29
      51.3  1.01e+30
      50.9  1.07e+30
      50.6  1.13e+30
      50.2  1.19e+30
      49.9  1.25e+30
      49.5  1.32e+30
      49.2  1.38e+30
      48.8  1.45e+30
      48.4  1.53e+30
      48.1   1.6e+30
      47.7  1.68e+30
      47.4  1.76e+30
        47  1.84e+30
      46.6  1.93e+30
      46.3  2.01e+30
      45.9   2.1e+30
      45.6  2.19e+30
      45.2  2.29e+30
      44.9  2.39e+30
      44.5  2.48e+30
      44.1  2.58e+30
      43.8  2.69e+30
      43.4  2.79e+30
      43.1  2.89e+30
      42.7     3e+30
      42.4  3.11e+30
        42  3.22e+30
      41.6  3.33e+30
      41.3  3.44e+30
      40.9  3.55e+30
      40.6  3.66e+30
      40.2  3.77e+30
      39.9  3.88e+30
      39.5  3.99e+30
      39.1   4.1e+30
      38.8  4.21e+30
      38.4  4.32e+30
      38.1  4.42e+30
      37.7  4.52e+30
      37.3  4.62e+30
        37  4.72e+30
      36.6  4.81e+30
      36.3   4.9e+30
      35.9  4.99e+30
      35.6  5.07e+30
      35.2  5.15e+30
      34.8  5.22e+30
      34.5  5.29e+30
      34.1  5.35e+30
      33.8  5.41e+30
      33.4  5.46e+30
      33.1   5.5e+30
      32.7  5.54e+30
      32.3  5.57e+30
        32  5.59e+30
      31.6  5.61e+30
      31.3  5.62e+30
      30.9  5.62e+30
      30.6  5.61e+30
      30.2  5.59e+30
      29.8  5.57e+30
      29.5  5.53e+30
      29.1  5.49e+30
      28.8  5.44e+30
      28.4  5.39e+30
        28  5.32e+30
      27.7  5.24e+30
      27.3  5.16e+30
        27  5.06e+30
      26.6  4.97e+30
      26.3  4.86e+30
      25.9  4.75e+30
      25.5  4.63e+30
      25.2  4.51e+30
      24.8  4.38e+30
      24.5  4.24e+30
      24.1   4.1e+30
      23.8  3.96e+30
      23.4  3.82e+30
        23  3.67e+30
      22.7  3.52e+30
      22.3  3.37e+30
        22  3.21e+30
      21.6  3.06e+30
      21.3  2.91e+30
      20.9  2.75e+30
      20.5   2.6e+30
      20.2  2.45e+30
      19.8   2.3e+30
      19.5  2.16e+30
      19.1  2.02e+30
      18.7  1.88e+30
      18.4  1.75e+30
        18  1.62e+30
      17.7  1.49e+30
      17.3  1.37e+30
        17  1.26e+30
      16.6  1.15e+30
      16.2  1.04e+30
      15.9  9.46e+29
      15.5  8.53e+29
      15.2  7.67e+29
      14.8  6.86e+29
      14.5  6.11e+29
      14.1  5.42e+29
      13.7  4.78e+29
      13.4   4.2e+29
        13  3.66e+29
      12.7  3.18e+29
      12.3  2.75e+29
        12  2.36e+29
      11.6  2.01e+29
      11.2   1.7e+29
      10.9  1.43e+29
      10.5  1.19e+29
      10.2  9.89e+28
      9.81  8.12e+28
      9.45  6.61e+28
      9.09  5.32e+28
      8.73  4.25e+28
      8.38  3.35e+28
      8.02  2.61e+28
      7.66  2.01e+28
       7.3  1.52e+28
      6.94  1.14e+28
      6.59  8.34e+27
      6.23  6.01e+27
      5.87  4.23e+27
      5.51  2.91e+27
      5.16  1.95e+27
       4.8  1.26e+27
      4.44  7.85e+26
      4.08  4.68e+26
      3.73  2.62e+26
      3.37  1.38e+26
      3.01  6.62e+25
      2.65  2.85e+25
      2.29  1.14e+25
      1.94  3.85e+24
      1.58  8.31e+23
      1.22  1.23e+24
     0.864  1.07e+24
     0.506  1.01e+24
     0.148  5.81e+23
     -0.21 -5.86e+23
    -0.567    -2e+22
    -0.925   1.2e+24
     -1.28   8.9e+23
     -1.64  7.48e+23
        -2  8.46e+23
     -2.36 -1.37e+23
     -2.71 -2.13e+24
     -3.07  1.14e+24
     -3.43 -5.49e+23
     -3.79 -1.81e+24
     -4.14  5.31e+23
      -4.5  1.12e+24
     -4.86  3.74e+23
     -5.22 -8.73e+23
     -5.57  1.09e+24
     -5.93  2.13e+23
     -6.29 -1.79e+24
     -6.65 -3.06e+23
     -7.01  2.72e+24
     -7.36  1.85e+24
     -7.72 -3.38e+23
     -8.08  -7.7e+23
     -8.44 -2.05e+23
     -8.79 -3.99e+23
     -9.15  7.66e+23
     -9.51 -1.24e+24
     -9.87 -4.28e+23
     -10.2 -1.33e+22
     -10.6 -6.55e+23
     -10.9  1.23e+24
     -11.3  -1.7e+23
     -11.7  4.13e+23
       -12  8.15e+23
     -12.4 -2.18e+23
     -12.7  1.31e+24
     -13.1  3.74e+24
     -13.4 -3.96e+23
     -13.8 -9.89e+22
     -14.2   1.6e+24
     -14.5 -3.21e+23
     -14.9  3.96e+23
     -15.2   1.8e+24
     -15.6  2.66e+23
     -15.9  1.03e+24
     -16.3  9.78e+23
     -16.7 -5.35e+23
       -17  1.28e+23
     -17.4  2.13e+21
     -17.7  3.18e+23
     -18.1  1.91e+23
     -18.5  7.15e+23
     -18.8  1.08e+24
     -19.2 -6.27e+22
     -19.5 -3.02e+23
     -19.9  3.44e+23
     -20.2  3.24e+23
     -20.6  1.54e+23
       -21  1.87e+22
     -21.3  2.25e+23
     -21.7  1.18e+23
       -22 -4.38e+22
     -22.4  7.07e+23
     -22.7  1.48e+22
     -23.1  4.95e+23
     -23.5 -8.36e+23
     -23.8 -6.29e+22
     -24.2 -7.87e+22
     -24.5 -1.06e+23
     -24.9 -1.84e+23
     -25.2  2.62e+22
     -25.6 -1.31e+23
       -26 -1.45e+23
     -26.3  2.71e+23
     -26.7  1.27e+23
       -27 -3.76e+22
     -27.4 -1.31e+23
     -27.8  1.38e+23
     -28.1  1.43e+23
     -28.5  1.22e+23
     -28.8 -3.04e+22
     -29.2 -1.61e+23
     -29.5  8.56e+22
     -29.9  5.27e+21
     -30.3  -1.2e+23
     -30.6  3.24e+22
       -31  1.32e+22
     -31.3  1.45e+22
     -31.7   5.9e+21
       -32 -6.36e+20
     -32.4   5.3e+20
     -32.8   5.2e+20
     -33.1 -7.44e+21
     -33.5  2.96e+20
     -33.8  4.03e+21
     -34.2 -1.58e+21
     -34.5  6.45e+19
     -34.9 -5.97e+19
     -35.3  -1.2e+20
     -35.6  2.21e+20
       -36  3.11e+18
     -36.3  1.46e+17
     -36.7  9.74e+17
     -37.1 -2.84e+18
     -37.4  9.42e+17
     -37.8 -3.97e+17

pressure[atm]        = 10
temperature[K]           = 900
energy step[1/cm]        = 125
maximum energy[kcal/mol] = 79.2

bimolecular PEDs:
   E, kcal    P1->P2
      79.2   3.1e+27
      78.8   3.4e+27
      78.5  3.72e+27
      78.1  4.07e+27
      77.8  4.45e+27
      77.4  4.86e+27
      77.1  5.31e+27
      76.7   5.8e+27
      76.3  6.33e+27
        76  6.91e+27
      75.6  7.54e+27
      75.3  8.23e+27
      74.9  8.97e+27
      74.5  9.77e+27
      74.2  1.06e+28
      73.8  1.16e+28
      73.5  1.26e+28
      73.1  1.37e+28
      72.8  1.49e+28
      72.4  1.62e+28
        72  1.77e+28
      71.7  1.92e+28
      71.3  2.08e+28
        71  2.26e+28
      70.6  2.46e+28
      70.3  2.66e+28
      69.9  2.89e+28
      69.5  3.13e+28
      69.2  3.39e+28
      68.8  3.67e+28
      68.5  3.98e+28
      68.1   4.3e+28
      67.8  4.66e+28
      67.4  5.03e+28
        67  5.44e+28
      66.7  5.88e+28
      66.3  6.35e+28
        66  6.85e+28
      65.6  7.39e+28
      65.2  7.97e+28
      64.9  8.59e+28
      64.5  9.25e+28
      64.2  9.96e+28
      63.8  1.07e+29
      63.5  1.15e+29
      63.1  1.24e+29
      62.7  1.33e+29
      62.4  1.43e+29
        62  1.54e+29
      61.7  1.65e+29
      61.3  1.77e+29
        61   1.9e+29
      60.6  2.03e+29
      60.2  2.18e+29
      59.9  2.33e+29
      59.5   2.5e+29
      59.2  2.67e+29
      58.8  2.85e+29
      58.5  3.05e+29
      58.1  3.26e+29
      57.7  3.47e+29
      57.4  3.71e+29
        57  3.95e+29
      56.7  4.21e+29
      56.3  4.48e+29
      55.9  4.77e+29
      55.6  5.07e+29
      55.2  5.39e+29
      54.9  5.73e+29
      54.5  6.08e+29
      54.2  6.45e+29
      53.8  6.84e+29
      53.4  7.25e+29
      53.1  7.68e+29
      52.7  8.13e+29
      52.4   8.6e+29
        52  9.09e+29
      51.7   9.6e+29
      51.3  1.01e+30
      50.9  1.07e+30
      50.6  1.13e+30
      50.2  1.19e+30
      49.9  1.25e+30
      49.5  1.32e+30
      49.2  1.38e+30
      48.8  1.45e+30
      48.4  1.53e+30
      48.1   1.6e+30
      47.7  1.68e+30
      47.4  1.76e+30
        47  1.84e+30
      46.6  1.93e+30
      46.3  2.01e+30
      45.9   2.1e+30
      45.6  2.19e+30
      45.2  2.29e+30
      44.9  2.38e+30
      44.5  2.48e+30
      44.1  2.58e+30
      43.8  2.69e+30
      43.4  2.79e+30
      43.1  2.89e+30
      42.7     3e+30
      42.4  3.11e+30
        42  3.22e+30
      41.6  3.33e+30
      41.3  3.44e+30
      40.9  3.55e+30
      40.6  3.66e+30
      40.2  3.77e+30
      39.9  3.88e+30
      39.5  3.99e+30
      39.1   4.1e+30
      38.8  4.21e+30
      38.4  4.32e+30
      38.1  4.42e+30
      37.7  4.52e+30
      37.3  4.62e+30
        37  4.72e+30
      36.6  4.81e+30
      36.3   4.9e+30
      35.9  4.99e+30
      35.6  5.07e+30
      35.2  5.15e+30
      34.8  5.22e+30
      34.5  5.29e+30
      34.1  5.35e+30
      33.8  5.41e+30
      33.4  5.46e+30
      33.1   5.5e+30
      32.7  5.54e+30
      32.3  5.57e+30
        32  5.59e+30
      31.6  5.61e+30
      31.3  5.62e+30
      30.9  5.62e+30
      30.6  5.61e+30
      30.2  5.59e+30
      29.8  5.57e+30
      29.5  5.53e+30
      29.1  5.49e+30
      28.8  5.44e+30
      28.4  5.39e+30
        28  5.32e+30
      27.7  5.24e+30
      27.3  5.16e+30
        27  5.06e+30
      26.6  4.97e+30
      26.3  4.86e+30
      25.9  4.75e+30
      25.5  4.63e+30
      25.2  4.51e+30
      24.8  4.38e+30
      24.5  4.24e+30
      24.1   4.1e+30
      23.8  3.96e+30
      23.4  3.82e+30
        23  3.67e+30
      22.7  3.52e+30
      22.3  3.37e+30
        22  3.21e+30
      21.6  3.06e+30
      21.3  2.91e+30
      20.9  2.75e+30
      20.5   2.6e+30
      20.2  2.45e+30
      19.8  2.31e+30
      19.5  2.16e+30
      19.1  2.02e+30
      18.7  1.88e+30
      18.4  1.75e+30
        18  1.62e+30
      17.7  1.49e+30
      17.3  1.37e+30
        17  1.26e+30
      16.6  1.15e+30
      16.2  1.04e+30
      15.9  9.46e+29
      15.5  8.54e+29
      15.2  7.67e+29
      14.8  6.86e+29
      14.5  6.11e+29
      14.1  5.42e+29
      13.7  4.78e+29
      13.4   4.2e+29
        13  3.67e+29
      12.7  3.18e+29
      12.3  2.75e+29
        12  2.36e+29
      11.6  2.01e+29
      11.2   1.7e+29
      10.9  1.43e+29
      10.5   1.2e+29
      10.2   9.9e+28
      9.81  8.13e+28
      9.45  6.61e+28
      9.09  5.33e+28
      8.73  4.25e+28
      8.38  3.36e+28
      8.02  2.62e+28
      7.66  2.01e+28
       7.3  1.53e+28
      6.94  1.14e+28
      6.59  8.37e+27
      6.23  6.03e+27
      5.87  4.25e+27
      5.51  2.93e+27
      5.16  1.96e+27
       4.8  1.27e+27
      4.44  7.94e+26
      4.08  4.75e+26
      3.73  2.69e+26
      3.37  1.42e+26
      3.01  7.01e+25
      2.65  3.06e+25
      2.29  1.34e+25
      1.94  5.36e+24
      1.58  1.54e+24
      1.22  2.21e+24
     0.864  1.83e+24
     0.506  1.31e+24
     0.148  1.39e+24
     -0.21 -6.03e+23
    -0.567  5.46e+23
    -0.925  1.54e+23
     -1.28  1.49e+24
     -1.64  4.66e+23
        -2  7.34e+23
     -2.36  4.53e+23
     -2.71   2.4e+23
     -3.07  1.53e+24
     -3.43  6.44e+23
     -3.79 -2.45e+23
     -4.14  1.67e+23
      -4.5  2.07e+24
     -4.86 -8.42e+23
     -5.22 -3.01e+23
     -5.57  2.81e+24
     -5.93  2.12e+24
     -6.29  2.85e+23
     -6.65 -1.83e+23
     -7.01 -1.63e+24
     -7.36  2.91e+24
     -7.72  9.35e+23
     -8.08  3.33e+24
     -8.44  1.56e+22
     -8.79 -3.25e+23
     -9.15  7.78e+23
     -9.51 -5.68e+23
     -9.87  1.26e+23
     -10.2  1.39e+24
     -10.6 -5.45e+23
     -10.9 -5.41e+23
     -11.3  8.72e+23
     -11.7  9.17e+23
       -12  1.66e+24
     -12.4  8.54e+23
     -12.7 -1.97e+23
     -13.1  6.33e+23
     -13.4   5.8e+23
     -13.8  6.97e+23
     -14.2  4.96e+23
     -14.5 -2.47e+23
     -14.9  2.13e+23
     -15.2  4.18e+23
     -15.6  6.79e+22
     -15.9 -1.47e+23
     -16.3  3.91e+23
     -16.7 -6.25e+23
       -17  1.65e+23
     -17.4   6.9e+23
     -17.7  3.86e+23
     -18.1  2.92e+23
     -18.5 -9.77e+22
     -18.8 -2.11e+23
     -19.2 -6.73e+23
     -19.5 -1.84e+23
     -19.9 -4.15e+23
     -20.2  -1.2e+23
     -20.6 -1.14e+22
       -21 -5.63e+22
     -21.3  2.47e+22
     -21.7  1.92e+23
       -22 -6.77e+23
     -22.4  4.44e+23
     -22.7   4.6e+23
     -23.1 -1.16e+23
     -23.5  1.06e+23
     -23.8  -4.9e+23
     -24.2 -1.37e+23
     -24.5 -6.83e+23
     -24.9  9.48e+22
     -25.2 -2.59e+23
     -25.6  1.74e+23
       -26 -2.78e+23
     -26.3  1.51e+23
     -26.7 -6.14e+22
       -27  1.19e+23
     -27.4  2.53e+23
     -27.8 -1.44e+22
     -28.1  1.92e+22
     -28.5  6.16e+22
     -28.8  6.73e+21
     -29.2 -8.43e+22
     -29.5  9.82e+21
     -29.9  1.25e+23
     -30.3   6.3e+22
     -30.6 -9.68e+22
       -31  7.71e+22
     -31.3  -7.5e+22
     -31.7  7.89e+21
       -32  7.76e+21
     -32.4 -9.85e+21
     -32.8  5.54e+21
     -33.1  1.95e+22
     -33.5 -3.34e+21
     -33.8 -1.43e+22
     -34.2 -6.57e+20
     -34.5  7.54e+20
     -34.9  4.23e+20
     -35.3  2.58e+20
     -35.6 -4.36e+20
       -36  1.09e+20
     -36.3 -7.22e+19
     -36.7  3.66e+19
     -37.1  3.27e+19
     -37.4  8.71e+18
     -37.8 -1.95e+17

pressure[atm]        = 100
temperature[K]           = 900
energy step[1/cm]        = 125
maximum energy[kcal/mol] = 79.2

bimolecular PEDs:
   E, kcal    P1->P2
      79.2  3.09e+27
      78.8  3.38e+27
      78.5   3.7e+27
      78.1  4.05e+27
      77.8  4.43e+27
      77.4  4.84e+27
      77.1  5.29e+27
      76.7  5.78e+27
      76.3  6.31e+27
        76  6.89e+27
      75.6  7.52e+27
      75.3   8.2e+27
      74.9  8.95e+27
      74.5  9.75e+27
      74.2  1.06e+28
      73.8  1.16e+28
      73.5  1.26e+28
      73.1  1.37e+28
      72.8  1.49e+28
      72.4  1.62e+28
        72  1.76e+28
      71.7  1.92e+28
      71.3  2.08e+28
        71  2.26e+28
      70.6  2.45e+28
      70.3  2.66e+28
      69.9  2.88e+28
      69.5  3.13e+28
      69.2  3.39e+28
      68.8  3.67e+28
      68.5  3.97e+28
      68.1   4.3e+28
      67.8  4.65e+28
      67.4  5.02e+28
        67  5.43e+28
      66.7  5.87e+28
      66.3  6.33e+28
        66  6.84e+28
      65.6  7.38e+28
      65.2  7.95e+28
      64.9  8.57e+28
      64.5  9.24e+28
      64.2  9.95e+28
      63.8  1.07e+29
      63.5  1.15e+29
      63.1  1.24e+29
      62.7  1.33e+29
      62.4  1.43e+29
        62  1.54e+29
      61.7  1.65e+29
      61.3  1.77e+29
        61   1.9e+29
      60.6  2.03e+29
      60.2  2.18e+29
      59.9  2.33e+29
      59.5  2.49e+29
      59.2  2.67e+29
      58.8  2.85e+29
      58.5  3.04e+29
      58.1  3.25e+29
      57.7  3.47e+29
      57.4   3.7e+29
        57  3.94e+29
      56.7   4.2e+29
      56.3  4.47e+29
      55.9  4.76e+29
      55.6  5.06e+29
      55.2  5.38e+29
      54.9  5.72e+29
      54.5  6.07e+29
      54.2  6.44e+29
      53.8  6.83e+29
      53.4  7.24e+29
      53.1  7.67e+29
      52.7  8.11e+29
      52.4  8.58e+29
        52  9.07e+29
      51.7  9.59e+29
      51.3  1.01e+30
      50.9  1.07e+30
      50.6  1.13e+30
      50.2  1.19e+30
      49.9  1.25e+30
      49.5  1.31e+30
      49.2  1.38e+30
      48.8  1.45e+30
      48.4  1.52e+30
      48.1   1.6e+30
      47.7  1.68e+30
      47.4  1.76e+30
        47  1.84e+30
      46.6  1.92e+30
      46.3  2.01e+30
      45.9   2.1e+30
      45.6  2.19e+30
      45.2  2.29e+30
      44.9  2.38e+30
      44.5  2.48e+30
      44.1  2.58e+30
      43.8  2.68e+30
      43.4  2.79e+30
      43.1  2.89e+30
      42.7     3e+30
      42.4  3.11e+30
        42  3.21e+30
      41.6  3.32e+30
      41.3  3.43e+30
      40.9  3.55e+30
      40.6  3.66e+30
      40.2  3.77e+30
      39.9  3.88e+30
      39.5  3.99e+30
      39.1   4.1e+30
      38.8  4.21e+30
      38.4  4.31e+30
      38.1  4.42e+30
      37.7  4.52e+30
      37.3  4.62e+30
        37  4.72e+30
      36.6  4.81e+30
      36.3   4.9e+30
      35.9  4.99e+30
      35.6  5.07e+30
      35.2  5.15e+30
      34.8  5.22e+30
      34.5  5.29e+30
      34.1  5.35e+30
      33.8  5.41e+30
      33.4  5.46e+30
      33.1   5.5e+30
      32.7  5.54e+30
      32.3  5.57e+30
        32  5.59e+30
      31.6  5.61e+30
      31.3  5.62e+30
      30.9  5.62e+30
      30.6  5.61e+30
      30.2  5.59e+30
      29.8  5.57e+30
      29.5  5.53e+30
      29.1  5.49e+30
      28.8  5.44e+30
      28.4  5.39e+30
        28  5.32e+30
      27.7  5.24e+30
      27.3  5.16e+30
        27  5.07e+30
      26.6  4.97e+30
      26.3  4.86e+30
      25.9  4.75e+30
      25.5  4.63e+30
      25.2  4.51e+30
      24.8  4.38e+30
      24.5  4.25e+30
      24.1  4.11e+30
      23.8  3.97e+30
      23.4  3.82e+30
        23  3.67e+30
      22.7  3.52e+30
      22.3  3.37e+30
        22  3.22e+30
      21.6  3.06e+30
      21.3  2.91e+30
      20.9  2.76e+30
      20.5  2.61e+30
      20.2  2.46e+30
      19.8  2.31e+30
      19.5  2.16e+30
      19.1  2.02e+30
      18.7  1.88e+30
      18.4  1.75e+30
        18  1.62e+30
      17.7   1.5e+30
      17.3  1.38e+30
        17  1.26e+30
      16.6  1.15e+30
      16.2  1.05e+30
      15.9  9.49e+29
      15.5  8.57e+29
      15.2   7.7e+29
      14.8  6.89e+29
      14.5  6.14e+29
      14.1  5.45e+29
      13.7  4.81e+29
      13.4  4.22e+29
        13  3.69e+29
      12.7   3.2e+29
      12.3  2.77e+29
        12  2.38e+29
      11.6  2.03e+29
      11.2  1.72e+29
      10.9  1.44e+29
      10.5  1.21e+29
      10.2     1e+29
      9.81  8.22e+28
      9.45   6.7e+28
      9.09   5.4e+28
      8.73  4.32e+28
      8.38  3.41e+28
      8.02  2.67e+28
      7.66  2.06e+28
       7.3  1.57e+28
      6.94  1.17e+28
      6.59  8.65e+27
      6.23  6.27e+27
      5.87  4.45e+27
      5.51   3.1e+27
      5.16   2.1e+27
       4.8  1.39e+27
      4.44  8.91e+26
      4.08  5.52e+26
      3.73  3.33e+26
      3.37  1.95e+26
      3.01  1.12e+26
      2.65  6.54e+25
      2.29  4.02e+25
      1.94  2.71e+25
      1.58  2.04e+25
      1.22  1.47e+25
     0.864  1.33e+25
     0.506  1.05e+25
     0.148   9.4e+24
     -0.21  7.06e+24
    -0.567  4.01e+24
    -0.925  4.72e+24
     -1.28  3.96e+24
     -1.64  2.32e+24
        -2  2.55e+24
     -2.36  1.08e+24
     -2.71  7.23e+23
     -3.07 -8.75e+23
     -3.43  9.49e+23
     -3.79  8.32e+23
     -4.14  -7.6e+23
      -4.5  1.24e+23
     -4.86  9.23e+22
     -5.22  1.16e+24
     -5.57  1.25e+24
     -5.93  5.02e+23
     -6.29 -2.29e+24
     -6.65 -4.04e+23
     -7.01  1.63e+24
     -7.36  1.11e+24
     -7.72  3.09e+24
     -8.08  1.89e+24
     -8.44  3.56e+24
     -8.79  1.07e+24
     -9.15 -1.64e+24
     -9.51   2.2e+24
     -9.87  3.59e+23
     -10.2  5.46e+23
     -10.6  1.39e+24
     -10.9  1.89e+23
     -11.3  1.37e+24
     -11.7 -9.31e+23
       -12 -3.32e+23
     -12.4  1.05e+22
     -12.7 -1.65e+22
     -13.1 -2.59e+24
     -13.4 -1.52e+24
     -13.8  7.38e+22
     -14.2  -8.7e+23
     -14.5 -1.01e+23
     -14.9  5.72e+22
     -15.2 -3.74e+23
     -15.6 -1.14e+23
     -15.9 -3.51e+23
     -16.3 -1.02e+24
     -16.7 -1.29e+23
       -17 -1.72e+24
     -17.4  2.87e+23
     -17.7  5.47e+23
     -18.1   4.9e+23
     -18.5  6.65e+23
     -18.8  7.02e+22
     -19.2  8.09e+23
     -19.5  -1.3e+23
     -19.9  -2.7e+23
     -20.2 -4.69e+23
     -20.6  7.49e+22
       -21  2.04e+23
     -21.3 -6.75e+20
     -21.7 -7.46e+22
       -22 -3.81e+23
     -22.4  4.72e+23
     -22.7 -3.73e+23
     -23.1  -2.7e+23
     -23.5  -1.1e+23
     -23.8  4.99e+23
     -24.2  4.06e+22
     -24.5 -4.62e+23
     -24.9 -4.34e+23
     -25.2  8.54e+22
     -25.6 -6.29e+22
       -26  4.37e+23
     -26.3  -2.1e+22
     -26.7 -9.57e+22
       -27 -6.87e+22
     -27.4  1.02e+23
     -27.8 -2.66e+22
     -28.1     1e+23
     -28.5 -6.31e+22
     -28.8  2.46e+23
     -29.2 -1.67e+23
     -29.5 -1.44e+23
     -29.9  9.25e+22
     -30.3 -3.43e+22
     -30.6  2.32e+22
       -31  8.28e+22
     -31.3 -4.58e+21
     -31.7  -3.2e+22
       -32  2.69e+22
     -32.4 -5.94e+22
     -32.8  1.27e+21
     -33.1  1.09e+22
     -33.5 -9.37e+21
     -33.8 -5.12e+21
     -34.2     2e+21
     -34.5 -1.26e+21
     -34.9 -1.84e+21
     -35.3 -1.19e+21
     -35.6  3.61e+20
       -36  3.25e+20
     -36.3 -2.28e+20
     -36.7  -6.7e+19
     -37.1 -3.56e+19
     -37.4 -4.83e+17
     -37.8    -8e+19

pressure[atm]        = 0.01
temperature[K]           = 1000
energy step[1/cm]        = 139
maximum energy[kcal/mol] = 91.6

bimolecular PEDs:
   E, kcal    P1->P2
      91.6  1.16e+29
      91.2  1.26e+29
      90.8  1.38e+29
      90.4  1.51e+29
        90  1.65e+29
      89.6   1.8e+29
      89.2  1.97e+29
      88.8  2.15e+29
      88.4  2.35e+29
        88  2.56e+29
      87.6  2.79e+29
      87.3  3.04e+29
      86.9  3.32e+29
      86.5  3.61e+29
      86.1  3.93e+29
      85.7  4.28e+29
      85.3  4.66e+29
      84.9  5.07e+29
      84.5  5.51e+29
      84.1  5.99e+29
      83.7  6.51e+29
      83.3  7.07e+29
      82.9  7.68e+29
      82.5  8.33e+29
      82.1  9.04e+29
      81.7   9.8e+29
      81.3  1.06e+30
      80.9  1.15e+30
      80.5  1.25e+30
      80.1  1.35e+30
      79.7  1.46e+30
      79.3  1.58e+30
      78.9  1.71e+30
      78.5  1.85e+30
      78.1     2e+30
      77.7  2.16e+30
      77.3  2.33e+30
      76.9  2.51e+30
      76.5  2.71e+30
      76.1  2.92e+30
      75.7  3.15e+30
      75.3  3.39e+30
      74.9  3.65e+30
      74.5  3.93e+30
      74.1  4.22e+30
      73.7  4.54e+30
      73.3  4.88e+30
      72.9  5.24e+30
      72.5  5.63e+30
      72.1  6.04e+30
      71.8  6.48e+30
      71.4  6.94e+30
        71  7.44e+30
      70.6  7.97e+30
      70.2  8.53e+30
      69.8  9.13e+30
      69.4  9.76e+30
        69  1.04e+31
      68.6  1.11e+31
      68.2  1.19e+31
      67.8  1.27e+31
      67.4  1.36e+31
        67  1.44e+31
      66.6  1.54e+31
      66.2  1.64e+31
      65.8  1.74e+31
      65.4  1.86e+31
        65  1.97e+31
      64.6   2.1e+31
      64.2  2.23e+31
      63.8  2.36e+31
      63.4  2.51e+31
        63  2.66e+31
      62.6  2.82e+31
      62.2  2.98e+31
      61.8  3.15e+31
      61.4  3.34e+31
        61  3.53e+31
      60.6  3.72e+31
      60.2  3.93e+31
      59.8  4.15e+31
      59.4  4.37e+31
        59  4.61e+31
      58.6  4.85e+31
      58.2   5.1e+31
      57.8  5.37e+31
      57.4  5.64e+31
        57  5.92e+31
      56.6  6.21e+31
      56.3  6.51e+31
      55.9  6.83e+31
      55.5  7.15e+31
      55.1  7.48e+31
      54.7  7.82e+31
      54.3  8.17e+31
      53.9  8.53e+31
      53.5   8.9e+31
      53.1  9.28e+31
      52.7  9.66e+31
      52.3  1.01e+32
      51.9  1.05e+32
      51.5  1.09e+32
      51.1  1.13e+32
      50.7  1.17e+32
      50.3  1.21e+32
      49.9  1.26e+32
      49.5   1.3e+32
      49.1  1.35e+32
      48.7  1.39e+32
      48.3  1.43e+32
      47.9  1.48e+32
      47.5  1.52e+32
      47.1  1.57e+32
      46.7  1.61e+32
      46.3  1.66e+32
      45.9   1.7e+32
      45.5  1.75e+32
      45.1  1.79e+32
      44.7  1.83e+32
      44.3  1.87e+32
      43.9  1.91e+32
      43.5  1.95e+32
      43.1  1.99e+32
      42.7  2.02e+32
      42.3  2.06e+32
      41.9  2.09e+32
      41.5  2.12e+32
      41.1  2.15e+32
      40.8  2.18e+32
      40.4  2.21e+32
        40  2.23e+32
      39.6  2.25e+32
      39.2  2.27e+32
      38.8  2.28e+32
      38.4  2.29e+32
        38   2.3e+32
      37.6  2.31e+32
      37.2  2.31e+32
      36.8  2.31e+32
      36.4  2.31e+32
        36  2.31e+32
      35.6   2.3e+32
      35.2  2.29e+32
      34.8  2.27e+32
      34.4  2.25e+32
        34  2.23e+32
      33.6  2.21e+32
      33.2  2.18e+32
      32.8  2.15e+32
      32.4  2.11e+32
        32  2.08e+32
      31.6  2.04e+32
      31.2  1.99e+32
      30.8  1.95e+32
      30.4   1.9e+32
        30  1.85e+32
      29.6   1.8e+32
      29.2  1.75e+32
      28.8  1.69e+32
      28.4  1.64e+32
        28  1.58e+32
      27.6  1.52e+32
      27.2  1.46e+32
      26.8   1.4e+32
      26.4  1.34e+32
        26  1.28e+32
      25.6  1.21e+32
      25.3  1.15e+32
      24.9  1.09e+32
      24.5  1.03e+32
      24.1  9.72e+31
      23.7  9.14e+31
      23.3  8.56e+31
      22.9  8.01e+31
      22.5  7.46e+31
      22.1  6.94e+31
      21.7  6.43e+31
      21.3  5.94e+31
      20.9  5.47e+31
      20.5  5.03e+31
      20.1   4.6e+31
      19.7  4.19e+31
      19.3  3.81e+31
      18.9  3.45e+31
      18.5  3.11e+31
      18.1   2.8e+31
      17.7   2.5e+31
      17.3  2.23e+31
      16.9  1.98e+31
      16.5  1.75e+31
      16.1  1.54e+31
      15.7  1.34e+31
      15.3  1.17e+31
      14.9  1.01e+31
      14.5  8.72e+30
      14.1  7.46e+30
      13.7  6.35e+30
      13.3  5.37e+30
      12.9  4.51e+30
      12.5  3.77e+30
      12.1  3.12e+30
      11.7  2.56e+30
      11.3  2.09e+30
      10.9  1.69e+30
      10.5  1.35e+30
      10.1  1.07e+30
      9.75  8.42e+29
      9.35  6.53e+29
      8.96  5.01e+29
      8.56  3.79e+29
      8.16  2.83e+29
      7.76  2.08e+29
      7.37   1.5e+29
      6.97  1.06e+29
      6.57  7.37e+28
      6.17  4.99e+28
      5.78   3.3e+28
      5.38  2.11e+28
      4.98   1.3e+28
      4.59  7.66e+27
      4.19  4.27e+27
      3.79  2.24e+27
      3.39  1.08e+27
         3  4.51e+26
       2.6   1.6e+26
       2.2  3.54e+25
       1.8  1.67e+25
      1.41  7.85e+24
      1.01 -1.79e+25
     0.611  4.83e+24
     0.213 -1.27e+25
    -0.184 -3.67e+24
    -0.582  1.41e+25
    -0.979 -6.08e+24
     -1.38 -2.75e+25
     -1.77 -2.38e+23
     -2.17 -1.47e+25
     -2.57 -1.27e+25
     -2.97  3.85e+24
     -3.36  1.84e+25
     -3.76  7.08e+24
     -4.16 -1.43e+25
     -4.56  2.15e+25
     -4.95  9.06e+24
     -5.35  -8.4e+24
     -5.75  2.73e+24
     -6.15 -7.36e+24
     -6.54  5.88e+24
     -6.94  1.28e+25
     -7.34  5.59e+24
     -7.74  1.85e+24
     -8.13 -3.08e+25
     -8.53 -6.95e+24
     -8.93  3.77e+25
     -9.33  1.36e+23
     -9.72  6.14e+24
     -10.1 -4.42e+24
     -10.5 -2.67e+24
     -10.9 -2.51e+25
     -11.3 -3.92e+24
     -11.7  -1.1e+25
     -12.1  7.82e+23
     -12.5   2.9e+25
     -12.9 -3.51e+24
     -13.3 -8.04e+24
     -13.7 -1.36e+25
     -14.1  2.51e+24
     -14.5  1.05e+25
     -14.9  5.24e+24
     -15.3  4.26e+23
     -15.7 -2.37e+24
     -16.1  1.93e+24
     -16.5 -5.93e+24
     -16.9  2.73e+24
     -17.3  6.16e+23
     -17.7 -5.55e+23
     -18.1 -8.31e+23
     -18.5 -9.57e+23
     -18.9 -9.66e+23
     -19.3 -1.41e+24
     -19.7  1.98e+24
     -20.1  4.44e+23
     -20.5  -4.2e+23
     -20.9  4.87e+23
     -21.2  3.54e+24
     -21.6 -3.43e+24
       -22  5.91e+23
     -22.4 -4.94e+22
     -22.8  3.46e+24
     -23.2 -2.96e+24
     -23.6 -2.78e+23
       -24  1.23e+23
     -24.4 -2.73e+23
     -24.8  4.81e+23
     -25.2  1.31e+24
     -25.6  8.32e+23
       -26 -1.36e+24
     -26.4  1.05e+24
     -26.8 -1.15e+24
     -27.2 -1.72e+23
     -27.6  2.16e+24
       -28  2.31e+23
     -28.4 -4.23e+22
     -28.8 -9.89e+22
     -29.2  6.97e+21
     -29.6  2.44e+23
       -30 -2.31e+23
     -30.4  2.09e+23
     -30.8  3.51e+22
     -31.2  1.64e+23
     -31.6 -1.05e+22
       -32  1.74e+22
     -32.4  1.44e+22
     -32.8 -8.87e+21
     -33.2 -6.25e+21
     -33.6  -4.6e+21
       -34  5.41e+20
     -34.4  6.25e+21
     -34.8 -9.39e+20
     -35.2 -1.58e+21
     -35.6  2.17e+20
       -36 -4.83e+20
     -36.4 -3.47e+19
     -36.7  1.74e+19
     -37.1 -6.93e+18
     -37.5  -2.3e+13

pressure[atm]        = 0.1
temperature[K]           = 1000
energy step[1/cm]        = 139
maximum energy[kcal/mol] = 91.6

bimolecular PEDs:
   E, kcal    P1->P2
      91.6  1.16e+29
      91.2  1.26e+29
      90.8  1.38e+29
      90.4  1.51e+29
        90  1.65e+29
      89.6   1.8e+29
      89.2  1.97e+29
      88.8  2.15e+29
      88.4  2.35e+29
        88  2.56e+29
      87.6  2.79e+29
      87.3  3.04e+29
      86.9  3.32e+29
      86.5  3.61e+29
      86.1  3.93e+29
      85.7  4.28e+29
      85.3  4.66e+29
      84.9  5.07e+29
      84.5  5.51e+29
      84.1  5.99e+29
      83.7  6.51e+29
      83.3  7.07e+29
      82.9  7.68e+29
      82.5  8.33e+29
      82.1  9.04e+29
      81.7   9.8e+29
      81.3  1.06e+30
      80.9  1.15e+30
      80.5  1.25e+30
      80.1  1.35e+30
      79.7  1.46e+30
      79.3  1.58e+30
      78.9  1.71e+30
      78.5  1.85e+30
      78.1     2e+30
      77.7  2.16e+30
      77.3  2.33e+30
      76.9  2.51e+30
      76.5  2.71e+30
      76.1  2.92e+30
      75.7  3.15e+30
      75.3  3.39e+30
      74.9  3.65e+30
      74.5  3.93e+30
      74.1  4.22e+30
      73.7  4.54e+30
      73.3  4.88e+30
      72.9  5.24e+30
      72.5  5.63e+30
      72.1  6.04e+30
      71.8  6.48e+30
      71.4  6.94e+30
        71  7.44e+30
      70.6  7.97e+30
      70.2  8.53e+30
      69.8  9.13e+30
      69.4  9.76e+30
        69  1.04e+31
      68.6  1.11e+31
      68.2  1.19e+31
      67.8  1.27e+31
      67.4  1.36e+31
        67  1.44e+31
      66.6  1.54e+31
      66.2  1.64e+31
      65.8  1.74e+31
      65.4  1.86e+31
        65  1.97e+31
      64.6   2.1e+31
      64.2  2.23e+31
      63.8  2.36e+31
      63.4  2.51e+31
        63  2.66e+31
      62.6  2.82e+31
      62.2  2.98e+31
      61.8  3.15e+31
      61.4  3.34e+31
        61  3.53e+31
      60.6  3.72e+31
      60.2  3.93e+31
      59.8  4.15e+31
      59.4  4.37e+31
        59  4.61e+31
      58.6  4.85e+31
      58.2   5.1e+31
      57.8  5.37e+31
      57.4  5.64e+31
        57  5.92e+31
      56.6  6.21e+31
      56.3  6.51e+31
      55.9  6.83e+31
      55.5  7.15e+31
      55.1  7.48e+31
      54.7  7.82e+31
      54.3  8.17e+31
      53.9  8.53e+31
      53.5   8.9e+31
      53.1  9.28e+31
      52.7  9.66e+31
      52.3  1.01e+32
      51.9  1.05e+32
      51.5  1.09e+32
      51.1  1.13e+32
      50.7  1.17e+32
      50.3  1.21e+32
      49.9  1.26e+32
      49.5   1.3e+32
      49.1  1.35e+32
      48.7  1.39e+32
      48.3  1.43e+32
      47.9  1.48e+32
      47.5  1.52e+32
      47.1  1.57e+32
      46.7  1.61e+32
      46.3  1.66e+32
      45.9   1.7e+32
      45.5  1.75e+32
      45.1  1.79e+32
      44.7  1.83e+32
      44.3  1.87e+32
      43.9  1.91e+32
      43.5  1.95e+32
      43.1  1.99e+32
      42.7  2.02e+32
      42.3  2.06e+32
      41.9  2.09e+32
      41.5  2.12e+32
      41.1  2.15e+32
      40.8  2.18e+32
      40.4  2.21e+32
        40  2.23e+32
      39.6  2.25e+32
      39.2  2.27e+32
      38.8  2.28e+32
      38.4  2.29e+32
        38   2.3e+32
      37.6  2.31e+32
      37.2  2.31e+32
      36.8  2.31e+32
      36.4  2.31e+32
        36  2.31e+32
      35.6   2.3e+32
      35.2  2.29e+32
      34.8  2.27e+32
      34.4  2.25e+32
        34  2.23e+32
      33.6  2.21e+32
      33.2  2.18e+32
      32.8  2.15e+32
      32.4  2.11e+32
        32  2.08e+32
      31.6  2.04e+32
      31.2  1.99e+32
      30.8  1.95e+32
      30.4   1.9e+32
        30  1.85e+32
      29.6   1.8e+32
      29.2  1.75e+32
      28.8  1.69e+32
      28.4  1.64e+32
        28  1.58e+32
      27.6  1.52e+32
      27.2  1.46e+32
      26.8   1.4e+32
      26.4  1.34e+32
        26  1.28e+32
      25.6  1.21e+32
      25.3  1.15e+32
      24.9  1.09e+32
      24.5  1.03e+32
      24.1  9.72e+31
      23.7  9.14e+31
      23.3  8.56e+31
      22.9  8.01e+31
      22.5  7.46e+31
      22.1  6.94e+31
      21.7  6.43e+31
      21.3  5.94e+31
      20.9  5.47e+31
      20.5  5.03e+31
      20.1   4.6e+31
      19.7  4.19e+31
      19.3  3.81e+31
      18.9  3.45e+31
      18.5  3.11e+31
      18.1   2.8e+31
      17.7   2.5e+31
      17.3  2.23e+31
      16.9  1.98e+31
      16.5  1.75e+31
      16.1  1.54e+31
      15.7  1.34e+31
      15.3  1.17e+31
      14.9  1.01e+31
      14.5  8.72e+30
      14.1  7.47e+30
      13.7  6.35e+30
      13.3  5.37e+30
      12.9  4.51e+30
      12.5  3.77e+30
      12.1  3.12e+30
      11.7  2.56e+30
      11.3  2.09e+30
      10.9  1.69e+30
      10.5  1.35e+30
      10.1  1.07e+30
      9.75  8.42e+29
      9.35  6.53e+29
      8.96  5.01e+29
      8.56  3.79e+29
      8.16  2.83e+29
      7.76  2.08e+29
      7.37   1.5e+29
      6.97  1.06e+29
      6.57  7.37e+28
      6.17     5e+28
      5.78  3.29e+28
      5.38  2.11e+28
      4.98   1.3e+28
      4.59  7.65e+27
      4.19  4.28e+27
      3.79  2.23e+27
      3.39  1.08e+27
         3  4.71e+26
       2.6  1.59e+26
       2.2   3.7e+25
       1.8  1.05e+25
      1.41 -1.23e+25
      1.01  1.08e+25
     0.611  1.67e+25
     0.213  8.78e+24
    -0.184     1e+25
    -0.582 -3.66e+24
    -0.979 -1.28e+25
     -1.38  1.08e+25
     -1.77 -1.93e+24
     -2.17 -5.32e+24
     -2.57  1.14e+25
     -2.97 -8.67e+24
     -3.36 -2.11e+24
     -3.76 -6.79e+24
     -4.16 -1.93e+25
     -4.56 -1.78e+25
     -4.95  8.13e+24
     -5.35  2.47e+24
     -5.75  6.12e+23
     -6.15  -3.4e+24
     -6.54 -1.32e+25
     -6.94 -5.93e+24
     -7.34 -3.61e+24
     -7.74  1.24e+24
     -8.13  2.12e+24
     -8.53  3.67e+24
     -8.93  4.66e+24
     -9.33  8.03e+24
     -9.72  2.84e+24
     -10.1 -2.12e+25
     -10.5  -3.5e+25
     -10.9 -1.21e+25
     -11.3 -5.25e+24
     -11.7 -2.23e+25
     -12.1 -1.82e+25
     -12.5 -4.59e+23
     -12.9 -2.06e+25
     -13.3 -1.57e+25
     -13.7 -4.52e+24
     -14.1 -1.17e+25
     -14.5 -1.23e+24
     -14.9  1.39e+24
     -15.3   3.2e+24
     -15.7  4.18e+24
     -16.1  6.48e+24
     -16.5 -2.43e+24
     -16.9 -1.01e+24
     -17.3 -7.52e+23
     -17.7  1.77e+24
     -18.1  3.75e+23
     -18.5 -7.17e+23
     -18.9  -1.2e+24
     -19.3  3.01e+24
     -19.7  3.47e+24
     -20.1 -1.95e+23
     -20.5 -1.04e+24
     -20.9  9.58e+23
     -21.2  2.67e+24
     -21.6 -3.62e+24
       -22 -1.83e+24
     -22.4   2.2e+24
     -22.8  1.41e+24
     -23.2  2.41e+24
     -23.6 -2.35e+24
       -24  1.44e+24
     -24.4  3.64e+23
     -24.8  4.89e+23
     -25.2  1.34e+24
     -25.6 -2.33e+24
       -26 -2.74e+23
     -26.4   6.8e+23
     -26.8 -4.38e+21
     -27.2  2.55e+23
     -27.6 -4.39e+22
       -28 -2.13e+22
     -28.4  3.28e+22
     -28.8  2.14e+23
     -29.2  1.37e+24
     -29.6  1.97e+23
       -30 -4.72e+23
     -30.4  -4.7e+22
     -30.8 -2.18e+23
     -31.2 -3.38e+21
     -31.6  2.38e+23
       -32 -7.44e+21
     -32.4  2.03e+22
     -32.8 -2.47e+22
     -33.2  7.32e+21
     -33.6  1.86e+22
       -34 -6.53e+21
     -34.4  6.15e+21
     -34.8 -7.99e+21
     -35.2  8.69e+21
     -35.6 -2.38e+20
       -36 -5.54e+21
     -36.4 -4.18e+20
     -36.7  2.28e+20
     -37.1 -4.86e+19
     -37.5 -1.38e+14

pressure[atm]        = 1
temperature[K]           = 1000
energy step[1/cm]        = 139
maximum energy[kcal/mol] = 91.6

bimolecular PEDs:
   E, kcal    P1->P2
      91.6  1.16e+29
      91.2  1.26e+29
      90.8  1.38e+29
      90.4  1.51e+29
        90  1.65e+29
      89.6   1.8e+29
      89.2  1.97e+29
      88.8  2.15e+29
      88.4  2.35e+29
        88  2.56e+29
      87.6  2.79e+29
      87.3  3.04e+29
      86.9  3.32e+29
      86.5  3.61e+29
      86.1  3.93e+29
      85.7  4.28e+29
      85.3  4.66e+29
      84.9  5.07e+29
      84.5  5.51e+29
      84.1  5.99e+29
      83.7  6.51e+29
      83.3  7.07e+29
      82.9  7.68e+29
      82.5  8.33e+29
      82.1  9.04e+29
      81.7   9.8e+29
      81.3  1.06e+30
      80.9  1.15e+30
      80.5  1.25e+30
      80.1  1.35e+30
      79.7  1.46e+30
      79.3  1.58e+30
      78.9  1.71e+30
      78.5  1.85e+30
      78.1     2e+30
      77.7  2.16e+30
      77.3  2.33e+30
      76.9  2.51e+30
      76.5  2.71e+30
      76.1  2.92e+30
      75.7  3.15e+30
      75.3  3.39e+30
      74.9  3.65e+30
      74.5  3.93e+30
      74.1  4.22e+30
      73.7  4.54e+30
      73.3  4.88e+30
      72.9  5.24e+30
      72.5  5.63e+30
      72.1  6.04e+30
      71.8  6.48e+30
      71.4  6.94e+30
        71  7.44e+30
      70.6  7.97e+30
      70.2  8.53e+30
      69.8  9.13e+30
      69.4  9.76e+30
        69  1.04e+31
      68.6  1.11e+31
      68.2  1.19e+31
      67.8  1.27e+31
      67.4  1.36e+31
        67  1.44e+31
      66.6  1.54e+31
      66.2  1.64e+31
      65.8  1.74e+31
      65.4  1.86e+31
        65  1.97e+31
      64.6   2.1e+31
      64.2  2.23e+31
      63.8  2.36e+31
      63.4  2.51e+31
        63  2.66e+31
      62.6  2.82e+31
      62.2  2.98e+31
      61.8  3.15e+31
      61.4  3.34e+31
        61  3.53e+31
      60.6  3.72e+31
      60.2  3.93e+31
      59.8  4.15e+31
      59.4  4.37e+31
        59  4.61e+31
      58.6  4.85e+31
      58.2   5.1e+31
      57.8  5.37e+31
      57.4  5.64e+31
        57  5.92e+31
      56.6  6.21e+31
      56.3  6.51e+31
      55.9  6.83e+31
      55.5  7.15e+31
      55.1  7.48e+31
      54.7  7.82e+31
      54.3  8.17e+31
      53.9  8.53e+31
      53.5   8.9e+31
      53.1  9.28e+31
      52.7  9.66e+31
      52.3  1.01e+32
      51.9  1.05e+32
      51.5  1.09e+32
      51.1  1.13e+32
      50.7  1.17e+32
      50.3  1.21e+32
      49.9  1.26e+32
      49.5   1.3e+32
      49.1  1.35e+32
      48.7  1.39e+32
      48.3  1.43e+32
      47.9  1.48e+32
      47.5  1.52e+32
      47.1  1.57e+32
      46.7  1.61e+32
      46.3  1.66e+32
      45.9   1.7e+32
      45.5  1.75e+32
      45.1  1.79e+32
      44.7  1.83e+32
      44.3  1.87e+32
      43.9  1.91e+32
      43.5  1.95e+32
      43.1  1.99e+32
      42.7  2.02e+32
      42.3  2.06e+32
      41.9  2.09e+32
      41.5  2.12e+32
      41.1  2.15e+32
      40.8  2.18e+32
      40.4  2.21e+32
        40  2.23e+32
      39.6  2.25e+32
      39.2  2.27e+32
      38.8  2.28e+32
      38.4  2.29e+32
        38   2.3e+32
      37.6  2.31e+32
      37.2  2.31e+32
      36.8  2.31e+32
      36.4  2.31e+32
        36  2.31e+32
      35.6   2.3e+32
      35.2  2.29e+32
      34.8  2.27e+32
      34.4  2.25e+32
        34  2.23e+32
      33.6  2.21e+32
      33.2  2.18e+32
      32.8  2.15e+32
      32.4  2.11e+32
        32  2.08e+32
      31.6  2.04e+32
      31.2  1.99e+32
      30.8  1.95e+32
      30.4   1.9e+32
        30  1.85e+32
      29.6   1.8e+32
      29.2  1.75e+32
      28.8  1.69e+32
      28.4  1.64e+32
        28  1.58e+32
      27.6  1.52e+32
      27.2  1.46e+32
      26.8   1.4e+32
      26.4  1.34e+32
        26  1.28e+32
      25.6  1.21e+32
      25.3  1.15e+32
      24.9  1.09e+32
      24.5  1.03e+32
      24.1  9.72e+31
      23.7  9.14e+31
      23.3  8.56e+31
      22.9  8.01e+31
      22.5  7.47e+31
      22.1  6.94e+31
      21.7  6.43e+31
      21.3  5.94e+31
      20.9  5.47e+31
      20.5  5.03e+31
      20.1   4.6e+31
      19.7  4.19e+31
      19.3  3.81e+31
      18.9  3.45e+31
      18.5  3.11e+31
      18.1   2.8e+31
      17.7   2.5e+31
      17.3  2.23e+31
      16.9  1.98e+31
      16.5  1.75e+31
      16.1  1.54e+31
      15.7  1.34e+31
      15.3  1.17e+31
      14.9  1.01e+31
      14.5  8.72e+30
      14.1  7.47e+30
      13.7  6.35e+30
      13.3  5.37e+30
      12.9  4.51e+30
      12.5  3.77e+30
      12.1  3.12e+30
      11.7  2.56e+30
      11.3  2.09e+30
      10.9  1.69e+30
      10.5  1.35e+30
      10.1  1.07e+30
      9.75  8.42e+29
      9.35  6.54e+29
      8.96  5.01e+29
      8.56  3.79e+29
      8.16  2.83e+29
      7.76  2.08e+29
      7.37   1.5e+29
      6.97  1.06e+29
      6.57  7.38e+28
      6.17     5e+28
      5.78   3.3e+28
      5.38  2.11e+28
      4.98   1.3e+28
      4.59  7.68e+27
      4.19  4.29e+27
      3.79  2.26e+27
      3.39  1.09e+27
         3  4.74e+26
       2.6  1.91e+26
       2.2  4.14e+25
       1.8  1.52e+25
      1.41  1.61e+25
      1.01  1.24e+25
     0.611 -7.87e+24
     0.213 -1.52e+25
    -0.184  2.05e+24
    -0.582 -8.31e+24
    -0.979  1.21e+25
     -1.38  3.52e+25
     -1.77  1.61e+25
     -2.17  7.52e+24
     -2.57 -3.35e+23
     -2.97 -2.29e+25
     -3.36  1.51e+25
     -3.76  1.22e+25
     -4.16  -1.2e+25
     -4.56 -1.65e+25
     -4.95 -1.16e+25
     -5.35 -4.79e+23
     -5.75 -7.25e+24
     -6.15  1.77e+25
     -6.54 -4.76e+24
     -6.94 -1.35e+24
     -7.34 -8.62e+24
     -7.74 -1.32e+25
     -8.13 -1.55e+25
     -8.53 -9.02e+24
     -8.93 -8.33e+24
     -9.33 -2.07e+25
     -9.72 -7.88e+24
     -10.1  -9.3e+24
     -10.5   1.1e+25
     -10.9 -5.83e+24
     -11.3  8.47e+24
     -11.7  1.34e+25
     -12.1  9.17e+24
     -12.5  7.11e+24
     -12.9 -2.17e+24
     -13.3 -7.12e+24
     -13.7  4.36e+24
     -14.1  2.23e+24
     -14.5  1.74e+24
     -14.9 -4.77e+24
     -15.3    -3e+24
     -15.7     2e+23
     -16.1  4.35e+24
     -16.5  4.03e+24
     -16.9  3.01e+24
     -17.3 -1.28e+24
     -17.7 -3.47e+24
     -18.1   2.2e+23
     -18.5  3.89e+24
     -18.9  2.76e+24
     -19.3   4.3e+24
     -19.7  3.39e+24
     -20.1 -1.39e+23
     -20.5 -4.39e+23
     -20.9  -1.1e+22
     -21.2 -1.75e+24
     -21.6  2.16e+24
       -22 -3.22e+23
     -22.4   2.9e+24
     -22.8 -2.48e+24
     -23.2  3.42e+24
     -23.6 -2.35e+24
       -24  1.17e+24
     -24.4 -1.68e+24
     -24.8 -1.59e+24
     -25.2 -6.95e+23
     -25.6  1.17e+24
       -26 -2.39e+23
     -26.4 -1.27e+22
     -26.8 -3.99e+23
     -27.2 -3.22e+23
     -27.6   2.3e+24
       -28  3.41e+23
     -28.4 -7.37e+23
     -28.8  9.86e+23
     -29.2  4.05e+23
     -29.6 -3.45e+23
       -30 -6.98e+23
     -30.4   6.3e+22
     -30.8 -4.49e+23
     -31.2  1.37e+23
     -31.6 -2.48e+22
       -32  3.68e+22
     -32.4 -2.37e+22
     -32.8  2.15e+22
     -33.2   5.6e+21
     -33.6 -1.93e+21
       -34 -2.26e+21
     -34.4 -6.05e+21
     -34.8 -2.23e+21
     -35.2  -3.1e+21
     -35.6  1.96e+21
       -36  1.95e+20
     -36.4 -7.11e+21
     -36.7   3.1e+21
     -37.1 -2.37e+19
     -37.5  1.03e+15

pressure[atm]        = 10
temperature[K]           = 1000
energy step[1/cm]        = 139
maximum energy[kcal/mol] = 91.6

bimolecular PEDs:
   E, kcal    P1->P2
      91.6  1.15e+29
      91.2  1.26e+29
      90.8  1.38e+29
      90.4  1.51e+29
        90  1.65e+29
      89.6   1.8e+29
      89.2  1.97e+29
      88.8  2.15e+29
      88.4  2.35e+29
        88  2.56e+29
      87.6  2.79e+29
      87.3  3.04e+29
      86.9  3.32e+29
      86.5  3.61e+29
      86.1  3.93e+29
      85.7  4.28e+29
      85.3  4.66e+29
      84.9  5.07e+29
      84.5  5.51e+29
      84.1  5.99e+29
      83.7  6.51e+29
      83.3  7.07e+29
      82.9  7.68e+29
      82.5  8.33e+29
      82.1  9.04e+29
      81.7   9.8e+29
      81.3  1.06e+30
      80.9  1.15e+30
      80.5  1.25e+30
      80.1  1.35e+30
      79.7  1.46e+30
      79.3  1.58e+30
      78.9  1.71e+30
      78.5  1.85e+30
      78.1     2e+30
      77.7  2.15e+30
      77.3  2.33e+30
      76.9  2.51e+30
      76.5  2.71e+30
      76.1  2.92e+30
      75.7  3.15e+30
      75.3  3.39e+30
      74.9  3.65e+30
      74.5  3.93e+30
      74.1  4.22e+30
      73.7  4.54e+30
      73.3  4.88e+30
      72.9  5.24e+30
      72.5  5.63e+30
      72.1  6.04e+30
      71.8  6.48e+30
      71.4  6.94e+30
        71  7.44e+30
      70.6  7.97e+30
      70.2  8.53e+30
      69.8  9.13e+30
      69.4  9.76e+30
        69  1.04e+31
      68.6  1.11e+31
      68.2  1.19e+31
      67.8  1.27e+31
      67.4  1.35e+31
        67  1.44e+31
      66.6  1.54e+31
      66.2  1.64e+31
      65.8  1.74e+31
      65.4  1.86e+31
        65  1.97e+31
      64.6   2.1e+31
      64.2  2.23e+31
      63.8  2.36e+31
      63.4  2.51e+31
        63  2.66e+31
      62.6  2.81e+31
      62.2  2.98e+31
      61.8  3.15e+31
      61.4  3.34e+31
        61  3.53e+31
      60.6  3.72e+31
      60.2  3.93e+31
      59.8  4.15e+31
      59.4  4.37e+31
        59  4.61e+31
      58.6  4.85e+31
      58.2   5.1e+31
      57.8  5.36e+31
      57.4  5.64e+31
        57  5.92e+31
      56.6  6.21e+31
      56.3  6.51e+31
      55.9  6.82e+31
      55.5  7.15e+31
      55.1  7.48e+31
      54.7  7.82e+31
      54.3  8.17e+31
      53.9  8.53e+31
      53.5   8.9e+31
      53.1  9.28e+31
      52.7  9.66e+31
      52.3  1.01e+32
      51.9  1.05e+32
      51.5  1.09e+32
      51.1  1.13e+32
      50.7  1.17e+32
      50.3  1.21e+32
      49.9  1.26e+32
      49.5   1.3e+32
      49.1  1.35e+32
      48.7  1.39e+32
      48.3  1.43e+32
      47.9  1.48e+32
      47.5  1.52e+32
      47.1  1.57e+32
      46.7  1.61e+32
      46.3  1.66e+32
      45.9   1.7e+32
      45.5  1.75e+32
      45.1  1.79e+32
      44.7  1.83e+32
      44.3  1.87e+32
      43.9  1.91e+32
      43.5  1.95e+32
      43.1  1.99e+32
      42.7  2.02e+32
      42.3  2.06e+32
      41.9  2.09e+32
      41.5  2.12e+32
      41.1  2.15e+32
      40.8  2.18e+32
      40.4  2.21e+32
        40  2.23e+32
      39.6  2.25e+32
      39.2  2.27e+32
      38.8  2.28e+32
      38.4  2.29e+32
        38   2.3e+32
      37.6  2.31e+32
      37.2  2.31e+32
      36.8  2.31e+32
      36.4  2.31e+32
        36  2.31e+32
      35.6   2.3e+32
      35.2  2.29e+32
      34.8  2.27e+32
      34.4  2.25e+32
        34  2.23e+32
      33.6  2.21e+32
      33.2  2.18e+32
      32.8  2.15e+32
      32.4  2.11e+32
        32  2.08e+32
      31.6  2.04e+32
      31.2  1.99e+32
      30.8  1.95e+32
      30.4   1.9e+32
        30  1.85e+32
      29.6   1.8e+32
      29.2  1.75e+32
      28.8  1.69e+32
      28.4  1.64e+32
        28  1.58e+32
      27.6  1.52e+32
      27.2  1.46e+32
      26.8   1.4e+32
      26.4  1.34e+32
        26  1.28e+32
      25.6  1.21e+32
      25.3  1.15e+32
      24.9  1.09e+32
      24.5  1.03e+32
      24.1  9.72e+31
      23.7  9.14e+31
      23.3  8.57e+31
      22.9  8.01e+31
      22.5  7.47e+31
      22.1  6.94e+31
      21.7  6.43e+31
      21.3  5.94e+31
      20.9  5.48e+31
      20.5  5.03e+31
      20.1   4.6e+31
      19.7   4.2e+31
      19.3  3.81e+31
      18.9  3.45e+31
      18.5  3.11e+31
      18.1   2.8e+31
      17.7   2.5e+31
      17.3  2.23e+31
      16.9  1.98e+31
      16.5  1.75e+31
      16.1  1.54e+31
      15.7  1.34e+31
      15.3  1.17e+31
      14.9  1.01e+31
      14.5  8.73e+30
      14.1  7.47e+30
      13.7  6.36e+30
      13.3  5.38e+30
      12.9  4.52e+30
      12.5  3.77e+30
      12.1  3.12e+30
      11.7  2.57e+30
      11.3  2.09e+30
      10.9  1.69e+30
      10.5  1.35e+30
      10.1  1.07e+30
      9.75  8.43e+29
      9.35  6.55e+29
      8.96  5.02e+29
      8.56   3.8e+29
      8.16  2.84e+29
      7.76  2.09e+29
      7.37  1.51e+29
      6.97  1.07e+29
      6.57  7.42e+28
      6.17  5.03e+28
      5.78  3.32e+28
      5.38  2.13e+28
      4.98  1.32e+28
      4.59   7.8e+27
      4.19   4.4e+27
      3.79  2.32e+27
      3.39  1.15e+27
         3  5.15e+26
       2.6  2.03e+26
       2.2   8.4e+25
       1.8  4.71e+25
      1.41   1.9e+25
      1.01  5.72e+24
     0.611 -8.63e+24
     0.213 -6.83e+24
    -0.184  6.25e+24
    -0.582  -1.4e+25
    -0.979   1.1e+25
     -1.38  6.72e+24
     -1.77  2.17e+25
     -2.17  2.46e+24
     -2.57 -1.26e+25
     -2.97  5.86e+24
     -3.36 -2.68e+25
     -3.76  2.75e+25
     -4.16 -1.75e+25
     -4.56 -1.93e+25
     -4.95  1.11e+25
     -5.35  1.86e+25
     -5.75  2.89e+25
     -6.15  7.77e+24
     -6.54 -7.77e+24
     -6.94  4.42e+25
     -7.34 -2.18e+24
     -7.74 -6.89e+24
     -8.13 -2.14e+24
     -8.53  1.29e+25
     -8.93  1.47e+25
     -9.33  2.43e+24
     -9.72 -1.34e+24
     -10.1 -2.89e+25
     -10.5 -1.32e+25
     -10.9 -3.74e+24
     -11.3 -2.39e+25
     -11.7  2.09e+24
     -12.1 -3.35e+24
     -12.5  -2.8e+24
     -12.9   6.6e+24
     -13.3  1.82e+24
     -13.7  4.46e+24
     -14.1 -2.71e+25
     -14.5  -7.1e+24
     -14.9 -2.35e+23
     -15.3  6.62e+24
     -15.7 -5.04e+24
     -16.1  5.91e+24
     -16.5  4.42e+24
     -16.9   1.1e+24
     -17.3 -2.78e+24
     -17.7   1.7e+24
     -18.1  -1.1e+24
     -18.5  -2.8e+24
     -18.9 -4.13e+24
     -19.3 -1.89e+24
     -19.7 -4.84e+23
     -20.1  1.43e+24
     -20.5  -8.8e+23
     -20.9  -3.6e+24
     -21.2 -7.27e+24
     -21.6 -1.06e+23
       -22  6.82e+23
     -22.4  3.01e+24
     -22.8  4.13e+23
     -23.2 -1.94e+24
     -23.6 -1.66e+24
       -24 -2.08e+24
     -24.4  2.51e+24
     -24.8 -1.69e+24
     -25.2 -3.76e+23
     -25.6 -3.05e+23
       -26  2.68e+23
     -26.4  1.39e+24
     -26.8 -6.63e+23
     -27.2 -3.46e+23
     -27.6  3.48e+23
       -28 -6.24e+23
     -28.4 -8.25e+22
     -28.8  2.43e+23
     -29.2 -4.61e+23
     -29.6 -5.87e+22
       -30 -6.78e+22
     -30.4 -1.94e+23
     -30.8  1.12e+23
     -31.2  -1.9e+23
     -31.6 -5.99e+22
       -32 -3.14e+21
     -32.4   7.7e+21
     -32.8  6.34e+21
     -33.2 -3.37e+21
     -33.6 -2.62e+22
       -34  1.56e+22
     -34.4 -1.76e+22
     -34.8  8.23e+21
     -35.2 -2.04e+21
     -35.6     9e+20
       -36 -2.93e+20
     -36.4 -6.59e+19
     -36.7  1.72e+20
     -37.1  1.02e+20
     -37.5  1.73e+16

pressure[atm]        = 100
temperature[K]           = 1000
energy step[1/cm]        = 139
maximum energy[kcal/mol] = 91.6

bimolecular PEDs:
   E, kcal    P1->P2
      91.6  1.15e+29
      91.2  1.26e+29
      90.8  1.38e+29
      90.4   1.5e+29
        90  1.64e+29
      89.6   1.8e+29
      89.2  1.96e+29
      88.8  2.14e+29
      88.4  2.34e+29
        88  2.55e+29
      87.6  2.78e+29
      87.3  3.04e+29
      86.9  3.31e+29
      86.5   3.6e+29
      86.1  3.92e+29
      85.7  4.27e+29
      85.3  4.65e+29
      84.9  5.06e+29
      84.5   5.5e+29
      84.1  5.98e+29
      83.7  6.49e+29
      83.3  7.05e+29
      82.9  7.66e+29
      82.5  8.31e+29
      82.1  9.02e+29
      81.7  9.78e+29
      81.3  1.06e+30
      80.9  1.15e+30
      80.5  1.24e+30
      80.1  1.35e+30
      79.7  1.46e+30
      79.3  1.58e+30
      78.9  1.71e+30
      78.5  1.84e+30
      78.1  1.99e+30
      77.7  2.15e+30
      77.3  2.32e+30
      76.9  2.51e+30
      76.5   2.7e+30
      76.1  2.91e+30
      75.7  3.14e+30
      75.3  3.38e+30
      74.9  3.64e+30
      74.5  3.92e+30
      74.1  4.21e+30
      73.7  4.53e+30
      73.3  4.87e+30
      72.9  5.23e+30
      72.5  5.62e+30
      72.1  6.03e+30
      71.8  6.46e+30
      71.4  6.93e+30
        71  7.43e+30
      70.6  7.95e+30
      70.2  8.52e+30
      69.8  9.11e+30
      69.4  9.74e+30
        69  1.04e+31
      68.6  1.11e+31
      68.2  1.19e+31
      67.8  1.27e+31
      67.4  1.35e+31
        67  1.44e+31
      66.6  1.54e+31
      66.2  1.64e+31
      65.8  1.74e+31
      65.4  1.85e+31
        65  1.97e+31
      64.6  2.09e+31
      64.2  2.22e+31
      63.8  2.36e+31
      63.4   2.5e+31
        63  2.65e+31
      62.6  2.81e+31
      62.2  2.98e+31
      61.8  3.15e+31
      61.4  3.33e+31
        61  3.52e+31
      60.6  3.72e+31
      60.2  3.93e+31
      59.8  4.14e+31
      59.4  4.37e+31
        59   4.6e+31
      58.6  4.84e+31
      58.2   5.1e+31
      57.8  5.36e+31
      57.4  5.63e+31
        57  5.91e+31
      56.6   6.2e+31
      56.3   6.5e+31
      55.9  6.82e+31
      55.5  7.14e+31
      55.1  7.47e+31
      54.7  7.81e+31
      54.3  8.16e+31
      53.9  8.52e+31
      53.5  8.89e+31
      53.1  9.27e+31
      52.7  9.65e+31
      52.3     1e+32
      51.9  1.04e+32
      51.5  1.09e+32
      51.1  1.13e+32
      50.7  1.17e+32
      50.3  1.21e+32
      49.9  1.26e+32
      49.5   1.3e+32
      49.1  1.34e+32
      48.7  1.39e+32
      48.3  1.43e+32
      47.9  1.48e+32
      47.5  1.52e+32
      47.1  1.57e+32
      46.7  1.61e+32
      46.3  1.66e+32
      45.9   1.7e+32
      45.5  1.74e+32
      45.1  1.79e+32
      44.7  1.83e+32
      44.3  1.87e+32
      43.9  1.91e+32
      43.5  1.95e+32
      43.1  1.99e+32
      42.7  2.02e+32
      42.3  2.06e+32
      41.9  2.09e+32
      41.5  2.12e+32
      41.1  2.15e+32
      40.8  2.18e+32
      40.4  2.21e+32
        40  2.23e+32
      39.6  2.25e+32
      39.2  2.27e+32
      38.8  2.28e+32
      38.4  2.29e+32
        38   2.3e+32
      37.6  2.31e+32
      37.2  2.31e+32
      36.8  2.31e+32
      36.4  2.31e+32
        36  2.31e+32
      35.6   2.3e+32
      35.2  2.29e+32
      34.8  2.27e+32
      34.4  2.25e+32
        34  2.23e+32
      33.6  2.21e+32
      33.2  2.18e+32
      32.8  2.15e+32
      32.4  2.11e+32
        32  2.08e+32
      31.6  2.04e+32
      31.2     2e+32
      30.8  1.95e+32
      30.4   1.9e+32
        30  1.86e+32
      29.6   1.8e+32
      29.2  1.75e+32
      28.8   1.7e+32
      28.4  1.64e+32
        28  1.58e+32
      27.6  1.52e+32
      27.2  1.46e+32
      26.8   1.4e+32
      26.4  1.34e+32
        26  1.28e+32
      25.6  1.22e+32
      25.3  1.15e+32
      24.9  1.09e+32
      24.5  1.03e+32
      24.1  9.74e+31
      23.7  9.15e+31
      23.3  8.58e+31
      22.9  8.02e+31
      22.5  7.48e+31
      22.1  6.96e+31
      21.7  6.45e+31
      21.3  5.96e+31
      20.9  5.49e+31
      20.5  5.04e+31
      20.1  4.61e+31
      19.7  4.21e+31
      19.3  3.82e+31
      18.9  3.46e+31
      18.5  3.12e+31
      18.1  2.81e+31
      17.7  2.51e+31
      17.3  2.24e+31
      16.9  1.99e+31
      16.5  1.76e+31
      16.1  1.54e+31
      15.7  1.35e+31
      15.3  1.18e+31
      14.9  1.02e+31
      14.5  8.78e+30
      14.1  7.52e+30
      13.7   6.4e+30
      13.3  5.42e+30
      12.9  4.56e+30
      12.5   3.8e+30
      12.1  3.15e+30
      11.7  2.59e+30
      11.3  2.12e+30
      10.9  1.71e+30
      10.5  1.37e+30
      10.1  1.09e+30
      9.75  8.57e+29
      9.35  6.67e+29
      8.96  5.13e+29
      8.56  3.89e+29
      8.16  2.91e+29
      7.76  2.15e+29
      7.37  1.56e+29
      6.97  1.11e+29
      6.57  7.79e+28
      6.17  5.34e+28
      5.78  3.57e+28
      5.38  2.33e+28
      4.98  1.48e+28
      4.59  9.15e+27
      4.19  5.49e+27
      3.79  3.22e+27
      3.39  1.87e+27
         3  1.08e+27
       2.6  6.79e+26
       2.2   4.3e+26
       1.8  3.47e+26
      1.41  2.62e+26
      1.01     2e+26
     0.611  1.56e+26
     0.213  1.15e+26
    -0.184  1.03e+26
    -0.582  6.12e+25
    -0.979  6.22e+25
     -1.38  3.42e+25
     -1.77  1.27e+25
     -2.17  2.12e+25
     -2.57  6.22e+24
     -2.97  5.35e+24
     -3.36  2.75e+25
     -3.76   1.3e+25
     -4.16   4.8e+24
     -4.56  2.05e+25
     -4.95  3.73e+24
     -5.35 -1.75e+25
     -5.75 -1.96e+25
     -6.15  2.39e+25
     -6.54 -5.25e+24
     -6.94 -6.25e+24
     -7.34 -3.84e+25
     -7.74 -1.45e+24
     -8.13 -2.89e+24
     -8.53  1.83e+24
     -8.93 -5.74e+23
     -9.33  9.57e+24
     -9.72  2.68e+24
     -10.1 -1.24e+25
     -10.5  1.39e+25
     -10.9   2.5e+24
     -11.3 -2.32e+25
     -11.7  3.07e+25
     -12.1  4.68e+24
     -12.5  6.99e+24
     -12.9 -2.15e+24
     -13.3  6.82e+24
     -13.7  1.41e+25
     -14.1 -1.14e+25
     -14.5 -9.49e+24
     -14.9 -1.77e+25
     -15.3 -5.46e+24
     -15.7 -1.15e+25
     -16.1 -1.08e+24
     -16.5 -2.26e+22
     -16.9  1.81e+24
     -17.3 -3.32e+24
     -17.7 -7.05e+24
     -18.1 -2.37e+24
     -18.5  9.54e+23
     -18.9   1.6e+23
     -19.3  5.84e+23
     -19.7  1.33e+24
     -20.1  7.18e+23
     -20.5  2.82e+24
     -20.9  1.29e+24
     -21.2  2.53e+24
     -21.6  -1.7e+23
       -22 -3.78e+24
     -22.4   2.9e+24
     -22.8   3.5e+24
     -23.2  2.99e+24
     -23.6 -1.72e+24
       -24 -1.35e+24
     -24.4  -2.3e+24
     -24.8  1.77e+24
     -25.2  2.55e+24
     -25.6 -1.19e+24
       -26  5.97e+23
     -26.4 -7.64e+23
     -26.8   3.4e+22
     -27.2 -2.07e+24
     -27.6  5.57e+23
       -28  1.11e+24
     -28.4 -9.75e+22
     -28.8   8.4e+23
     -29.2 -2.75e+23
     -29.6  4.18e+23
       -30  -1.2e+23
     -30.4 -2.63e+23
     -30.8  1.25e+23
     -31.2  5.82e+22
     -31.6  9.43e+22
       -32 -3.38e+23
     -32.4  1.96e+22
     -32.8  -7.4e+21
     -33.2  1.06e+22
     -33.6 -8.29e+21
       -34  2.63e+22
     -34.4 -1.55e+22
     -34.8  5.64e+21
     -35.2  -4.8e+20
     -35.6  -1.3e+21
       -36  3.87e+19
     -36.4  2.13e+20
     -36.7  -1.1e+19
     -37.1  2.02e+19
     -37.5  4.76e+16

pressure[atm]        = 0.01
temperature[K]           = 1100
energy step[1/cm]        = 153
maximum energy[kcal/mol] = 104

bimolecular PEDs:
   E, kcal    P1->P2
       104  3.34e+30
       104  3.66e+30
       103     4e+30
       103  4.37e+30
       103  4.77e+30
       102  5.21e+30
       102  5.69e+30
       101  6.21e+30
       101  6.78e+30
       100  7.39e+30
       100  8.06e+30
      99.6  8.78e+30
      99.1  9.57e+30
      98.7  1.04e+31
      98.2  1.13e+31
      97.8  1.24e+31
      97.4  1.34e+31
      96.9  1.46e+31
      96.5  1.59e+31
      96.1  1.73e+31
      95.6  1.88e+31
      95.2  2.04e+31
      94.7  2.21e+31
      94.3   2.4e+31
      93.9   2.6e+31
      93.4  2.82e+31
        93  3.06e+31
      92.6  3.31e+31
      92.1  3.59e+31
      91.7  3.88e+31
      91.3   4.2e+31
      90.8  4.55e+31
      90.4  4.91e+31
      89.9  5.31e+31
      89.5  5.74e+31
      89.1  6.19e+31
      88.6  6.68e+31
      88.2  7.21e+31
      87.8  7.78e+31
      87.3  8.38e+31
      86.9  9.03e+31
      86.4  9.73e+31
        86  1.05e+32
      85.6  1.13e+32
      85.1  1.21e+32
      84.7   1.3e+32
      84.3   1.4e+32
      83.8   1.5e+32
      83.4  1.61e+32
      82.9  1.73e+32
      82.5  1.86e+32
      82.1  1.99e+32
      81.6  2.13e+32
      81.2  2.29e+32
      80.8  2.45e+32
      80.3  2.62e+32
      79.9   2.8e+32
      79.4  2.99e+32
        79   3.2e+32
      78.6  3.42e+32
      78.1  3.65e+32
      77.7  3.89e+32
      77.3  4.15e+32
      76.8  4.42e+32
      76.4  4.71e+32
      75.9  5.01e+32
      75.5  5.33e+32
      75.1  5.67e+32
      74.6  6.02e+32
      74.2   6.4e+32
      73.8  6.79e+32
      73.3  7.21e+32
      72.9  7.64e+32
      72.5   8.1e+32
        72  8.58e+32
      71.6  9.08e+32
      71.1   9.6e+32
      70.7  1.02e+33
      70.3  1.07e+33
      69.8  1.13e+33
      69.4   1.2e+33
        69  1.26e+33
      68.5  1.33e+33
      68.1   1.4e+33
      67.6  1.47e+33
      67.2  1.55e+33
      66.8  1.63e+33
      66.3  1.71e+33
      65.9   1.8e+33
      65.5  1.89e+33
        65  1.98e+33
      64.6  2.07e+33
      64.1  2.17e+33
      63.7  2.27e+33
      63.3  2.38e+33
      62.8  2.48e+33
      62.4  2.59e+33
        62  2.71e+33
      61.5  2.82e+33
      61.1  2.94e+33
      60.6  3.06e+33
      60.2  3.18e+33
      59.8  3.31e+33
      59.3  3.44e+33
      58.9  3.57e+33
      58.5   3.7e+33
        58  3.83e+33
      57.6  3.97e+33
      57.2  4.11e+33
      56.7  4.25e+33
      56.3  4.38e+33
      55.8  4.52e+33
      55.4  4.66e+33
        55  4.81e+33
      54.5  4.95e+33
      54.1  5.09e+33
      53.7  5.23e+33
      53.2  5.36e+33
      52.8   5.5e+33
      52.3  5.63e+33
      51.9  5.77e+33
      51.5   5.9e+33
        51  6.02e+33
      50.6  6.15e+33
      50.2  6.27e+33
      49.7  6.38e+33
      49.3  6.49e+33
      48.8   6.6e+33
      48.4   6.7e+33
        48   6.8e+33
      47.5  6.89e+33
      47.1  6.97e+33
      46.7  7.04e+33
      46.2  7.11e+33
      45.8  7.17e+33
      45.3  7.22e+33
      44.9  7.27e+33
      44.5   7.3e+33
        44  7.33e+33
      43.6  7.35e+33
      43.2  7.36e+33
      42.7  7.36e+33
      42.3  7.35e+33
      41.8  7.33e+33
      41.4   7.3e+33
        41  7.26e+33
      40.5  7.21e+33
      40.1  7.15e+33
      39.7  7.08e+33
      39.2  7.01e+33
      38.8  6.92e+33
      38.4  6.82e+33
      37.9  6.72e+33
      37.5   6.6e+33
        37  6.48e+33
      36.6  6.35e+33
      36.2  6.21e+33
      35.7  6.07e+33
      35.3  5.92e+33
      34.9  5.76e+33
      34.4   5.6e+33
        34  5.43e+33
      33.5  5.25e+33
      33.1  5.08e+33
      32.7   4.9e+33
      32.2  4.71e+33
      31.8  4.53e+33
      31.4  4.34e+33
      30.9  4.15e+33
      30.5  3.96e+33
        30  3.78e+33
      29.6  3.59e+33
      29.2   3.4e+33
      28.7  3.22e+33
      28.3  3.04e+33
      27.9  2.86e+33
      27.4  2.68e+33
        27  2.51e+33
      26.5  2.34e+33
      26.1  2.18e+33
      25.7  2.03e+33
      25.2  1.88e+33
      24.8  1.73e+33
      24.4  1.59e+33
      23.9  1.46e+33
      23.5  1.34e+33
      23.1  1.22e+33
      22.6  1.11e+33
      22.2     1e+33
      21.7  9.05e+32
      21.3  8.14e+32
      20.9  7.29e+32
      20.4   6.5e+32
        20  5.78e+32
      19.6  5.11e+32
      19.1   4.5e+32
      18.7  3.95e+32
      18.2  3.45e+32
      17.8  2.99e+32
      17.4  2.59e+32
      16.9  2.22e+32
      16.5   1.9e+32
      16.1  1.62e+32
      15.6  1.37e+32
      15.2  1.15e+32
      14.7  9.58e+31
      14.3  7.94e+31
      13.9  6.54e+31
      13.4  5.34e+31
        13  4.33e+31
      12.6  3.48e+31
      12.1  2.77e+31
      11.7  2.19e+31
      11.2  1.71e+31
      10.8  1.32e+31
      10.4  1.01e+31
      9.94  7.64e+30
       9.5  5.69e+30
      9.06  4.19e+30
      8.62  3.03e+30
      8.19  2.16e+30
      7.75  1.51e+30
      7.31  1.03e+30
      6.87  6.88e+29
      6.44  4.48e+29
         6  2.82e+29
      5.56  1.73e+29
      5.13  1.01e+29
      4.69  5.61e+28
      4.25  2.95e+28
      3.81  1.44e+28
      3.38  6.16e+27
      2.94   2.3e+27
       2.5  8.01e+26
      2.07  1.51e+26
      1.63 -1.45e+25
      1.19  1.88e+26
     0.754  -1.4e+26
     0.317 -3.92e+25
     -0.12  1.43e+26
    -0.557  -1.3e+26
    -0.995 -5.51e+25
     -1.43 -1.73e+26
     -1.87  1.61e+26
     -2.31  1.47e+26
     -2.74  7.42e+25
     -3.18  1.39e+26
     -3.62   1.6e+26
     -4.05  6.71e+25
     -4.49  7.43e+25
     -4.93  2.54e+26
     -5.37  1.93e+26
      -5.8 -9.22e+25
     -6.24  2.02e+26
     -6.68 -4.51e+25
     -7.12  6.07e+25
     -7.55  4.86e+25
     -7.99 -5.78e+23
     -8.43  1.28e+26
     -8.86 -1.28e+26
      -9.3 -1.15e+25
     -9.74 -8.54e+25
     -10.2  -1.3e+26
     -10.6 -1.85e+26
       -11 -1.35e+26
     -11.5 -3.15e+25
     -11.9   6.4e+25
     -12.4  1.42e+25
     -12.8 -4.68e+25
     -13.2 -1.35e+25
     -13.7 -2.42e+25
     -14.1  2.75e+24
     -14.5  3.23e+25
       -15  7.98e+25
     -15.4     6e+24
     -15.9  4.21e+25
     -16.3  2.69e+25
     -16.7  2.04e+24
     -17.2 -9.44e+24
     -17.6 -2.77e+25
       -18  1.61e+25
     -18.5 -7.17e+24
     -18.9 -5.01e+23
     -19.4 -3.13e+24
     -19.8  5.49e+24
     -20.2  -4.8e+24
     -20.7  1.54e+25
     -21.1 -4.46e+24
     -21.5  4.91e+24
       -22 -3.16e+25
     -22.4  3.98e+25
     -22.9  1.81e+24
     -23.3 -1.65e+25
     -23.7  1.41e+25
     -24.2 -1.05e+25
     -24.6  1.78e+25
       -25  1.49e+24
     -25.5  -1.3e+25
     -25.9  6.23e+24
     -26.4  7.32e+24
     -26.8 -3.75e+23
     -27.2 -1.86e+24
     -27.7  9.58e+24
     -28.1 -7.56e+23
     -28.5  1.42e+23
       -29 -2.83e+24
     -29.4  2.96e+24
     -29.8 -1.25e+24
     -30.3   7.7e+23
     -30.7 -5.83e+23
     -31.2 -2.05e+22
     -31.6  3.41e+24
       -32  -4.9e+22
     -32.5  3.52e+22
     -32.9 -1.28e+23
     -33.3   6.4e+22
     -33.8  1.63e+21
     -34.2   2.7e+21
     -34.7  3.19e+22
     -35.1 -1.44e+20
     -35.5 -3.07e+22
       -36  1.11e+21
     -36.4  2.62e+20
     -36.8  4.89e+20
     -37.3  2.53e+19
     -37.7 -4.65e+20

pressure[atm]        = 0.1
temperature[K]           = 1100
energy step[1/cm]        = 153
maximum energy[kcal/mol] = 104

bimolecular PEDs:
   E, kcal    P1->P2
       104  3.34e+30
       104  3.66e+30
       103     4e+30
       103  4.37e+30
       103  4.77e+30
       102  5.21e+30
       102  5.69e+30
       101  6.21e+30
       101  6.78e+30
       100  7.39e+30
       100  8.06e+30
      99.6  8.78e+30
      99.1  9.57e+30
      98.7  1.04e+31
      98.2  1.13e+31
      97.8  1.24e+31
      97.4  1.34e+31
      96.9  1.46e+31
      96.5  1.59e+31
      96.1  1.73e+31
      95.6  1.88e+31
      95.2  2.04e+31
      94.7  2.21e+31
      94.3   2.4e+31
      93.9   2.6e+31
      93.4  2.82e+31
        93  3.06e+31
      92.6  3.31e+31
      92.1  3.59e+31
      91.7  3.88e+31
      91.3   4.2e+31
      90.8  4.55e+31
      90.4  4.91e+31
      89.9  5.31e+31
      89.5  5.74e+31
      89.1  6.19e+31
      88.6  6.68e+31
      88.2  7.21e+31
      87.8  7.78e+31
      87.3  8.38e+31
      86.9  9.03e+31
      86.4  9.73e+31
        86  1.05e+32
      85.6  1.13e+32
      85.1  1.21e+32
      84.7   1.3e+32
      84.3   1.4e+32
      83.8   1.5e+32
      83.4  1.61e+32
      82.9  1.73e+32
      82.5  1.86e+32
      82.1  1.99e+32
      81.6  2.13e+32
      81.2  2.29e+32
      80.8  2.45e+32
      80.3  2.62e+32
      79.9   2.8e+32
      79.4  2.99e+32
        79   3.2e+32
      78.6  3.42e+32
      78.1  3.65e+32
      77.7  3.89e+32
      77.3  4.15e+32
      76.8  4.42e+32
      76.4  4.71e+32
      75.9  5.01e+32
      75.5  5.33e+32
      75.1  5.67e+32
      74.6  6.02e+32
      74.2   6.4e+32
      73.8  6.79e+32
      73.3  7.21e+32
      72.9  7.64e+32
      72.5   8.1e+32
        72  8.58e+32
      71.6  9.08e+32
      71.1   9.6e+32
      70.7  1.02e+33
      70.3  1.07e+33
      69.8  1.13e+33
      69.4   1.2e+33
        69  1.26e+33
      68.5  1.33e+33
      68.1   1.4e+33
      67.6  1.47e+33
      67.2  1.55e+33
      66.8  1.63e+33
      66.3  1.71e+33
      65.9   1.8e+33
      65.5  1.89e+33
        65  1.98e+33
      64.6  2.07e+33
      64.1  2.17e+33
      63.7  2.27e+33
      63.3  2.38e+33
      62.8  2.48e+33
      62.4  2.59e+33
        62  2.71e+33
      61.5  2.82e+33
      61.1  2.94e+33
      60.6  3.06e+33
      60.2  3.18e+33
      59.8  3.31e+33
      59.3  3.44e+33
      58.9  3.57e+33
      58.5   3.7e+33
        58  3.83e+33
      57.6  3.97e+33
      57.2  4.11e+33
      56.7  4.25e+33
      56.3  4.38e+33
      55.8  4.52e+33
      55.4  4.66e+33
        55  4.81e+33
      54.5  4.95e+33
      54.1  5.09e+33
      53.7  5.23e+33
      53.2  5.36e+33
      52.8   5.5e+33
      52.3  5.63e+33
      51.9  5.77e+33
      51.5   5.9e+33
        51  6.02e+33
      50.6  6.15e+33
      50.2  6.27e+33
      49.7  6.38e+33
      49.3  6.49e+33
      48.8   6.6e+33
      48.4   6.7e+33
        48   6.8e+33
      47.5  6.89e+33
      47.1  6.97e+33
      46.7  7.04e+33
      46.2  7.11e+33
      45.8  7.17e+33
      45.3  7.22e+33
      44.9  7.27e+33
      44.5   7.3e+33
        44  7.33e+33
      43.6  7.35e+33
      43.2  7.36e+33
      42.7  7.36e+33
      42.3  7.35e+33
      41.8  7.33e+33
      41.4   7.3e+33
        41  7.26e+33
      40.5  7.21e+33
      40.1  7.15e+33
      39.7  7.08e+33
      39.2  7.01e+33
      38.8  6.92e+33
      38.4  6.82e+33
      37.9  6.72e+33
      37.5   6.6e+33
        37  6.48e+33
      36.6  6.35e+33
      36.2  6.21e+33
      35.7  6.07e+33
      35.3  5.92e+33
      34.9  5.76e+33
      34.4   5.6e+33
        34  5.43e+33
      33.5  5.25e+33
      33.1  5.08e+33
      32.7   4.9e+33
      32.2  4.71e+33
      31.8  4.53e+33
      31.4  4.34e+33
      30.9  4.15e+33
      30.5  3.96e+33
        30  3.78e+33
      29.6  3.59e+33
      29.2   3.4e+33
      28.7  3.22e+33
      28.3  3.04e+33
      27.9  2.86e+33
      27.4  2.68e+33
        27  2.51e+33
      26.5  2.34e+33
      26.1  2.18e+33
      25.7  2.03e+33
      25.2  1.88e+33
      24.8  1.73e+33
      24.4  1.59e+33
      23.9  1.46e+33
      23.5  1.34e+33
      23.1  1.22e+33
      22.6  1.11e+33
      22.2     1e+33
      21.7  9.05e+32
      21.3  8.14e+32
      20.9  7.29e+32
      20.4   6.5e+32
        20  5.78e+32
      19.6  5.11e+32
      19.1   4.5e+32
      18.7  3.95e+32
      18.2  3.45e+32
      17.8  2.99e+32
      17.4  2.59e+32
      16.9  2.22e+32
      16.5   1.9e+32
      16.1  1.62e+32
      15.6  1.37e+32
      15.2  1.15e+32
      14.7  9.58e+31
      14.3  7.94e+31
      13.9  6.54e+31
      13.4  5.34e+31
        13  4.33e+31
      12.6  3.48e+31
      12.1  2.77e+31
      11.7  2.19e+31
      11.2  1.71e+31
      10.8  1.32e+31
      10.4  1.01e+31
      9.94  7.64e+30
       9.5  5.69e+30
      9.06  4.19e+30
      8.62  3.03e+30
      8.19  2.16e+30
      7.75  1.51e+30
      7.31  1.03e+30
      6.87  6.87e+29
      6.44  4.47e+29
         6  2.83e+29
      5.56  1.72e+29
      5.13  1.01e+29
      4.69  5.62e+28
      4.25  2.95e+28
      3.81  1.43e+28
      3.38  6.41e+27
      2.94  2.48e+27
       2.5  8.69e+26
      2.07  4.14e+26
      1.63  7.42e+25
      1.19  -1.2e+26
     0.754  7.77e+25
     0.317  1.49e+26
     -0.12  1.28e+26
    -0.557 -5.26e+25
    -0.995 -9.93e+25
     -1.43 -6.26e+25
     -1.87 -6.57e+25
     -2.31   5.3e+25
     -2.74 -6.99e+24
     -3.18 -6.73e+25
     -3.62  2.72e+26
     -4.05 -1.51e+26
     -4.49  7.63e+25
     -4.93  -1.3e+26
     -5.37  3.03e+25
      -5.8   4.5e+25
     -6.24   2.2e+26
     -6.68  6.26e+25
     -7.12  1.06e+26
     -7.55   2.9e+25
     -7.99  1.18e+26
     -8.43     5e+25
     -8.86  1.17e+26
      -9.3  1.93e+26
     -9.74 -1.08e+26
     -10.2  5.55e+25
     -10.6  1.88e+25
       -11 -1.31e+26
     -11.5  1.32e+25
     -11.9 -3.28e+25
     -12.4  3.08e+21
     -12.8  3.61e+24
     -13.2 -4.36e+25
     -13.7  -9.6e+25
     -14.1 -3.54e+25
     -14.5  2.95e+25
       -15  6.34e+25
     -15.4 -1.15e+25
     -15.9 -1.59e+25
     -16.3 -1.99e+25
     -16.7 -8.49e+24
     -17.2 -3.33e+25
     -17.6 -3.38e+25
       -18 -4.54e+24
     -18.5  1.63e+25
     -18.9 -2.93e+25
     -19.4  1.12e+25
     -19.8  1.03e+25
     -20.2  -1.2e+25
     -20.7  2.65e+25
     -21.1  9.06e+24
     -21.5  1.04e+25
       -22 -3.03e+24
     -22.4 -6.67e+24
     -22.9 -3.92e+25
     -23.3 -6.87e+24
     -23.7 -3.02e+24
     -24.2  2.32e+25
     -24.6  3.94e+24
       -25 -3.72e+24
     -25.5 -2.39e+24
     -25.9  9.79e+24
     -26.4  1.39e+24
     -26.8 -4.04e+24
     -27.2  5.39e+24
     -27.7  8.51e+24
     -28.1  4.05e+24
     -28.5    -2e+24
       -29  4.02e+24
     -29.4 -3.43e+24
     -29.8  8.46e+23
     -30.3  7.07e+23
     -30.7  2.39e+23
     -31.2   1.7e+23
     -31.6 -1.96e+23
       -32  3.21e+23
     -32.5  1.52e+22
     -32.9  4.06e+22
     -33.3  2.42e+22
     -33.8 -4.98e+22
     -34.2  1.46e+22
     -34.7 -1.07e+22
     -35.1  1.78e+21
     -35.5  2.21e+22
       -36 -5.58e+19
     -36.4 -1.55e+20
     -36.8 -3.56e+19
     -37.3  2.88e+18
     -37.7  5.16e+17

pressure[atm]        = 1
temperature[K]           = 1100
energy step[1/cm]        = 153
maximum energy[kcal/mol] = 104

bimolecular PEDs:
   E, kcal    P1->P2
       104  3.34e+30
       104  3.66e+30
       103     4e+30
       103  4.37e+30
       103  4.77e+30
       102  5.21e+30
       102  5.69e+30
       101  6.21e+30
       101  6.78e+30
       100  7.39e+30
       100  8.06e+30
      99.6  8.78e+30
      99.1  9.57e+30
      98.7  1.04e+31
      98.2  1.13e+31
      97.8  1.24e+31
      97.4  1.34e+31
      96.9  1.46e+31
      96.5  1.59e+31
      96.1  1.73e+31
      95.6  1.88e+31
      95.2  2.04e+31
      94.7  2.21e+31
      94.3   2.4e+31
      93.9   2.6e+31
      93.4  2.82e+31
        93  3.06e+31
      92.6  3.31e+31
      92.1  3.59e+31
      91.7  3.88e+31
      91.3   4.2e+31
      90.8  4.55e+31
      90.4  4.91e+31
      89.9  5.31e+31
      89.5  5.74e+31
      89.1  6.19e+31
      88.6  6.68e+31
      88.2  7.21e+31
      87.8  7.78e+31
      87.3  8.38e+31
      86.9  9.03e+31
      86.4  9.73e+31
        86  1.05e+32
      85.6  1.13e+32
      85.1  1.21e+32
      84.7   1.3e+32
      84.3   1.4e+32
      83.8   1.5e+32
      83.4  1.61e+32
      82.9  1.73e+32
      82.5  1.86e+32
      82.1  1.99e+32
      81.6  2.13e+32
      81.2  2.29e+32
      80.8  2.45e+32
      80.3  2.62e+32
      79.9   2.8e+32
      79.4  2.99e+32
        79   3.2e+32
      78.6  3.42e+32
      78.1  3.64e+32
      77.7  3.89e+32
      77.3  4.15e+32
      76.8  4.42e+32
      76.4  4.71e+32
      75.9  5.01e+32
      75.5  5.33e+32
      75.1  5.67e+32
      74.6  6.02e+32
      74.2   6.4e+32
      73.8  6.79e+32
      73.3  7.21e+32
      72.9  7.64e+32
      72.5   8.1e+32
        72  8.58e+32
      71.6  9.08e+32
      71.1   9.6e+32
      70.7  1.02e+33
      70.3  1.07e+33
      69.8  1.13e+33
      69.4   1.2e+33
        69  1.26e+33
      68.5  1.33e+33
      68.1   1.4e+33
      67.6  1.47e+33
      67.2  1.55e+33
      66.8  1.63e+33
      66.3  1.71e+33
      65.9   1.8e+33
      65.5  1.89e+33
        65  1.98e+33
      64.6  2.07e+33
      64.1  2.17e+33
      63.7  2.27e+33
      63.3  2.38e+33
      62.8  2.48e+33
      62.4  2.59e+33
        62  2.71e+33
      61.5  2.82e+33
      61.1  2.94e+33
      60.6  3.06e+33
      60.2  3.18e+33
      59.8  3.31e+33
      59.3  3.44e+33
      58.9  3.57e+33
      58.5   3.7e+33
        58  3.83e+33
      57.6  3.97e+33
      57.2  4.11e+33
      56.7  4.25e+33
      56.3  4.38e+33
      55.8  4.52e+33
      55.4  4.66e+33
        55  4.81e+33
      54.5  4.95e+33
      54.1  5.09e+33
      53.7  5.23e+33
      53.2  5.36e+33
      52.8   5.5e+33
      52.3  5.63e+33
      51.9  5.77e+33
      51.5   5.9e+33
        51  6.02e+33
      50.6  6.15e+33
      50.2  6.27e+33
      49.7  6.38e+33
      49.3  6.49e+33
      48.8   6.6e+33
      48.4   6.7e+33
        48   6.8e+33
      47.5  6.89e+33
      47.1  6.97e+33
      46.7  7.04e+33
      46.2  7.11e+33
      45.8  7.17e+33
      45.3  7.22e+33
      44.9  7.27e+33
      44.5   7.3e+33
        44  7.33e+33
      43.6  7.35e+33
      43.2  7.36e+33
      42.7  7.36e+33
      42.3  7.35e+33
      41.8  7.33e+33
      41.4   7.3e+33
        41  7.26e+33
      40.5  7.21e+33
      40.1  7.15e+33
      39.7  7.08e+33
      39.2  7.01e+33
      38.8  6.92e+33
      38.4  6.82e+33
      37.9  6.72e+33
      37.5   6.6e+33
        37  6.48e+33
      36.6  6.35e+33
      36.2  6.21e+33
      35.7  6.07e+33
      35.3  5.92e+33
      34.9  5.76e+33
      34.4   5.6e+33
        34  5.43e+33
      33.5  5.25e+33
      33.1  5.08e+33
      32.7   4.9e+33
      32.2  4.71e+33
      31.8  4.53e+33
      31.4  4.34e+33
      30.9  4.15e+33
      30.5  3.96e+33
        30  3.78e+33
      29.6  3.59e+33
      29.2   3.4e+33
      28.7  3.22e+33
      28.3  3.04e+33
      27.9  2.86e+33
      27.4  2.68e+33
        27  2.51e+33
      26.5  2.34e+33
      26.1  2.18e+33
      25.7  2.03e+33
      25.2  1.88e+33
      24.8  1.73e+33
      24.4  1.59e+33
      23.9  1.46e+33
      23.5  1.34e+33
      23.1  1.22e+33
      22.6  1.11e+33
      22.2     1e+33
      21.7  9.06e+32
      21.3  8.14e+32
      20.9  7.29e+32
      20.4   6.5e+32
        20  5.78e+32
      19.6  5.11e+32
      19.1   4.5e+32
      18.7  3.95e+32
      18.2  3.45e+32
      17.8  2.99e+32
      17.4  2.59e+32
      16.9  2.22e+32
      16.5   1.9e+32
      16.1  1.62e+32
      15.6  1.37e+32
      15.2  1.15e+32
      14.7  9.58e+31
      14.3  7.94e+31
      13.9  6.54e+31
      13.4  5.34e+31
        13  4.33e+31
      12.6  3.48e+31
      12.1  2.77e+31
      11.7  2.19e+31
      11.2  1.71e+31
      10.8  1.32e+31
      10.4  1.01e+31
      9.94  7.64e+30
       9.5   5.7e+30
      9.06  4.19e+30
      8.62  3.03e+30
      8.19  2.16e+30
      7.75  1.51e+30
      7.31  1.03e+30
      6.87  6.88e+29
      6.44  4.48e+29
         6  2.83e+29
      5.56  1.73e+29
      5.13  1.01e+29
      4.69  5.63e+28
      4.25  2.94e+28
      3.81  1.45e+28
      3.38  6.43e+27
      2.94  2.52e+27
       2.5  9.84e+26
      2.07  2.23e+26
      1.63 -5.17e+25
      1.19  4.12e+25
     0.754  5.84e+25
     0.317 -5.37e+25
     -0.12   2.6e+25
    -0.557  1.43e+25
    -0.995 -1.12e+26
     -1.43  7.85e+25
     -1.87 -3.21e+26
     -2.31 -4.04e+25
     -2.74 -1.78e+25
     -3.18 -2.44e+26
     -3.62  1.71e+26
     -4.05 -2.99e+25
     -4.49 -6.86e+25
     -4.93  8.06e+25
     -5.37 -4.71e+25
      -5.8  1.02e+26
     -6.24  2.57e+26
     -6.68  5.46e+25
     -7.12 -2.16e+25
     -7.55  1.21e+26
     -7.99  6.07e+25
     -8.43  1.77e+26
     -8.86 -8.55e+25
      -9.3 -1.22e+26
     -9.74  4.92e+25
     -10.2  4.62e+25
     -10.6  4.85e+25
       -11 -4.18e+25
     -11.5 -1.04e+25
     -11.9 -8.27e+24
     -12.4  1.26e+26
     -12.8  8.78e+25
     -13.2  5.27e+25
     -13.7  4.94e+25
     -14.1 -6.55e+25
     -14.5  4.12e+25
       -15 -5.26e+25
     -15.4 -5.64e+24
     -15.9  -7.9e+24
     -16.3  2.77e+24
     -16.7  1.46e+24
     -17.2   4.3e+25
     -17.6 -2.35e+25
       -18 -3.21e+25
     -18.5 -1.76e+25
     -18.9  1.79e+25
     -19.4 -1.13e+25
     -19.8 -1.25e+24
     -20.2 -2.18e+25
     -20.7  2.24e+25
     -21.1 -1.51e+25
     -21.5  1.41e+25
       -22  1.17e+25
     -22.4 -6.04e+24
     -22.9  7.54e+24
     -23.3  2.11e+25
     -23.7 -2.53e+25
     -24.2  2.15e+25
     -24.6  6.24e+24
       -25 -1.18e+25
     -25.5 -1.17e+25
     -25.9  2.48e+24
     -26.4 -5.84e+24
     -26.8   2.4e+24
     -27.2  2.58e+24
     -27.7  3.28e+24
     -28.1 -2.96e+24
     -28.5 -2.25e+23
       -29 -3.48e+23
     -29.4  2.78e+24
     -29.8  8.79e+23
     -30.3 -1.23e+24
     -30.7  1.53e+24
     -31.2 -1.16e+24
     -31.6  1.42e+23
       -32 -1.84e+23
     -32.5  1.45e+23
     -32.9 -7.71e+22
     -33.3 -1.38e+22
     -33.8 -1.31e+22
     -34.2 -3.51e+21
     -34.7  2.11e+22
     -35.1 -3.91e+21
     -35.5 -1.55e+21
       -36 -5.83e+21
     -36.4  1.09e+21
     -36.8  -4.4e+20
     -37.3  2.97e+17
     -37.7 -5.35e+19

pressure[atm]        = 10
temperature[K]           = 1100
energy step[1/cm]        = 153
maximum energy[kcal/mol] = 104

bimolecular PEDs:
   E, kcal    P1->P2
       104  3.34e+30
       104  3.66e+30
       103     4e+30
       103  4.37e+30
       103  4.77e+30
       102  5.21e+30
       102  5.69e+30
       101  6.21e+30
       101  6.78e+30
       100  7.39e+30
       100  8.06e+30
      99.6  8.78e+30
      99.1  9.57e+30
      98.7  1.04e+31
      98.2  1.13e+31
      97.8  1.23e+31
      97.4  1.34e+31
      96.9  1.46e+31
      96.5  1.59e+31
      96.1  1.73e+31
      95.6  1.88e+31
      95.2  2.04e+31
      94.7  2.21e+31
      94.3   2.4e+31
      93.9   2.6e+31
      93.4  2.82e+31
        93  3.06e+31
      92.6  3.31e+31
      92.1  3.59e+31
      91.7  3.88e+31
      91.3   4.2e+31
      90.8  4.54e+31
      90.4  4.91e+31
      89.9  5.31e+31
      89.5  5.73e+31
      89.1  6.19e+31
      88.6  6.68e+31
      88.2  7.21e+31
      87.8  7.78e+31
      87.3  8.38e+31
      86.9  9.03e+31
      86.4  9.73e+31
        86  1.05e+32
      85.6  1.13e+32
      85.1  1.21e+32
      84.7   1.3e+32
      84.3   1.4e+32
      83.8   1.5e+32
      83.4  1.61e+32
      82.9  1.73e+32
      82.5  1.86e+32
      82.1  1.99e+32
      81.6  2.13e+32
      81.2  2.29e+32
      80.8  2.45e+32
      80.3  2.62e+32
      79.9   2.8e+32
      79.4  2.99e+32
        79   3.2e+32
      78.6  3.41e+32
      78.1  3.64e+32
      77.7  3.89e+32
      77.3  4.15e+32
      76.8  4.42e+32
      76.4   4.7e+32
      75.9  5.01e+32
      75.5  5.33e+32
      75.1  5.67e+32
      74.6  6.02e+32
      74.2   6.4e+32
      73.8  6.79e+32
      73.3   7.2e+32
      72.9  7.64e+32
      72.5   8.1e+32
        72  8.58e+32
      71.6  9.08e+32
      71.1   9.6e+32
      70.7  1.02e+33
      70.3  1.07e+33
      69.8  1.13e+33
      69.4   1.2e+33
        69  1.26e+33
      68.5  1.33e+33
      68.1   1.4e+33
      67.6  1.47e+33
      67.2  1.55e+33
      66.8  1.63e+33
      66.3  1.71e+33
      65.9   1.8e+33
      65.5  1.89e+33
        65  1.98e+33
      64.6  2.07e+33
      64.1  2.17e+33
      63.7  2.27e+33
      63.3  2.38e+33
      62.8  2.48e+33
      62.4  2.59e+33
        62  2.71e+33
      61.5  2.82e+33
      61.1  2.94e+33
      60.6  3.06e+33
      60.2  3.18e+33
      59.8  3.31e+33
      59.3  3.44e+33
      58.9  3.57e+33
      58.5   3.7e+33
        58  3.83e+33
      57.6  3.97e+33
      57.2  4.11e+33
      56.7  4.24e+33
      56.3  4.38e+33
      55.8  4.52e+33
      55.4  4.66e+33
        55   4.8e+33
      54.5  4.95e+33
      54.1  5.09e+33
      53.7  5.22e+33
      53.2  5.36e+33
      52.8   5.5e+33
      52.3  5.63e+33
      51.9  5.77e+33
      51.5   5.9e+33
        51  6.02e+33
      50.6  6.15e+33
      50.2  6.27e+33
      49.7  6.38e+33
      49.3  6.49e+33
      48.8   6.6e+33
      48.4   6.7e+33
        48   6.8e+33
      47.5  6.89e+33
      47.1  6.97e+33
      46.7  7.04e+33
      46.2  7.11e+33
      45.8  7.17e+33
      45.3  7.22e+33
      44.9  7.27e+33
      44.5   7.3e+33
        44  7.33e+33
      43.6  7.35e+33
      43.2  7.36e+33
      42.7  7.36e+33
      42.3  7.35e+33
      41.8  7.33e+33
      41.4   7.3e+33
        41  7.26e+33
      40.5  7.21e+33
      40.1  7.15e+33
      39.7  7.08e+33
      39.2  7.01e+33
      38.8  6.92e+33
      38.4  6.82e+33
      37.9  6.72e+33
      37.5   6.6e+33
        37  6.48e+33
      36.6  6.35e+33
      36.2  6.21e+33
      35.7  6.07e+33
      35.3  5.92e+33
      34.9  5.76e+33
      34.4   5.6e+33
        34  5.43e+33
      33.5  5.25e+33
      33.1  5.08e+33
      32.7   4.9e+33
      32.2  4.71e+33
      31.8  4.53e+33
      31.4  4.34e+33
      30.9  4.15e+33
      30.5  3.96e+33
        30  3.78e+33
      29.6  3.59e+33
      29.2   3.4e+33
      28.7  3.22e+33
      28.3  3.04e+33
      27.9  2.86e+33
      27.4  2.68e+33
        27  2.51e+33
      26.5  2.34e+33
      26.1  2.18e+33
      25.7  2.03e+33
      25.2  1.88e+33
      24.8  1.73e+33
      24.4  1.59e+33
      23.9  1.46e+33
      23.5  1.34e+33
      23.1  1.22e+33
      22.6  1.11e+33
      22.2     1e+33
      21.7  9.06e+32
      21.3  8.14e+32
      20.9  7.29e+32
      20.4   6.5e+32
        20  5.78e+32
      19.6  5.11e+32
      19.1   4.5e+32
      18.7  3.95e+32
      18.2  3.45e+32
      17.8  2.99e+32
      17.4  2.59e+32
      16.9  2.23e+32
      16.5   1.9e+32
      16.1  1.62e+32
      15.6  1.37e+32
      15.2  1.15e+32
      14.7  9.59e+31
      14.3  7.95e+31
      13.9  6.54e+31
      13.4  5.35e+31
        13  4.33e+31
      12.6  3.48e+31
      12.1  2.78e+31
      11.7  2.19e+31
      11.2  1.71e+31
      10.8  1.32e+31
      10.4  1.01e+31
      9.94  7.66e+30
       9.5  5.71e+30
      9.06   4.2e+30
      8.62  3.04e+30
      8.19  2.17e+30
      7.75  1.51e+30
      7.31  1.04e+30
      6.87  6.92e+29
      6.44  4.51e+29
         6  2.86e+29
      5.56  1.75e+29
      5.13  1.03e+29
      4.69   5.8e+28
      4.25  3.09e+28
      3.81  1.53e+28
      3.38  7.15e+27
      2.94  3.09e+27
       2.5  1.24e+27
      2.07  5.29e+26
      1.63  4.99e+26
      1.19  3.85e+25
     0.754  3.51e+25
     0.317  4.93e+25
     -0.12  3.72e+26
    -0.557  9.67e+25
    -0.995  2.37e+26
     -1.43  1.63e+26
     -1.87  8.66e+25
     -2.31  1.82e+26
     -2.74  3.63e+26
     -3.18 -9.46e+24
     -3.62  4.03e+25
     -4.05  1.07e+26
     -4.49 -1.93e+26
     -4.93  1.85e+25
     -5.37 -1.83e+26
      -5.8  1.73e+26
     -6.24 -3.48e+26
     -6.68 -2.74e+25
     -7.12  1.39e+26
     -7.55     4e+25
     -7.99  6.46e+25
     -8.43  4.61e+24
     -8.86  5.99e+24
      -9.3 -9.24e+25
     -9.74 -5.92e+25
     -10.2 -4.54e+25
     -10.6  6.65e+25
       -11   5.5e+25
     -11.5  1.48e+25
     -11.9  9.04e+25
     -12.4 -5.35e+25
     -12.8  3.35e+25
     -13.2  1.37e+26
     -13.7  2.45e+25
     -14.1 -1.38e+25
     -14.5  1.08e+26
       -15   5.8e+25
     -15.4  3.92e+25
     -15.9  1.86e+25
     -16.3  7.36e+25
     -16.7  4.97e+25
     -17.2  -1.8e+25
     -17.6  -3.3e+25
       -18 -3.37e+25
     -18.5 -3.97e+25
     -18.9  3.28e+24
     -19.4  -2.8e+23
     -19.8 -2.87e+25
     -20.2  1.73e+25
     -20.7  2.27e+25
     -21.1 -7.81e+24
     -21.5 -2.65e+25
       -22  -8.5e+24
     -22.4 -2.63e+24
     -22.9  6.37e+24
     -23.3 -4.96e+24
     -23.7  1.37e+25
     -24.2  2.82e+25
     -24.6   2.3e+25
       -25 -1.97e+25
     -25.5 -7.56e+24
     -25.9  6.82e+23
     -26.4  1.86e+25
     -26.8  1.12e+25
     -27.2 -3.24e+23
     -27.7  3.57e+24
     -28.1  2.87e+24
     -28.5 -3.69e+24
       -29 -1.51e+24
     -29.4  3.46e+24
     -29.8 -6.21e+23
     -30.3  2.24e+24
     -30.7 -9.67e+23
     -31.2  1.87e+24
     -31.6 -5.86e+23
       -32  2.92e+23
     -32.5 -1.79e+23
     -32.9  -8.8e+23
     -33.3  1.01e+22
     -33.8  4.83e+22
     -34.2  2.57e+22
     -34.7  4.06e+22
     -35.1 -7.81e+21
     -35.5  1.68e+21
       -36  3.53e+21
     -36.4  1.43e+21
     -36.8 -2.45e+21
     -37.3  1.98e+19
     -37.7 -2.01e+18

pressure[atm]        = 100
temperature[K]           = 1100
energy step[1/cm]        = 153
maximum energy[kcal/mol] = 104

bimolecular PEDs:
   E, kcal    P1->P2
       104  3.32e+30
       104  3.64e+30
       103  3.98e+30
       103  4.35e+30
       103  4.75e+30
       102  5.19e+30
       102  5.67e+30
       101  6.19e+30
       101  6.76e+30
       100  7.37e+30
       100  8.04e+30
      99.6  8.76e+30
      99.1  9.54e+30
      98.7  1.04e+31
      98.2  1.13e+31
      97.8  1.23e+31
      97.4  1.34e+31
      96.9  1.46e+31
      96.5  1.58e+31
      96.1  1.72e+31
      95.6  1.87e+31
      95.2  2.03e+31
      94.7  2.21e+31
      94.3  2.39e+31
      93.9   2.6e+31
      93.4  2.82e+31
        93  3.05e+31
      92.6  3.31e+31
      92.1  3.58e+31
      91.7  3.88e+31
      91.3  4.19e+31
      90.8  4.53e+31
      90.4   4.9e+31
      89.9   5.3e+31
      89.5  5.72e+31
      89.1  6.18e+31
      88.6  6.67e+31
      88.2   7.2e+31
      87.8  7.76e+31
      87.3  8.37e+31
      86.9  9.01e+31
      86.4  9.71e+31
        86  1.04e+32
      85.6  1.12e+32
      85.1  1.21e+32
      84.7   1.3e+32
      84.3   1.4e+32
      83.8   1.5e+32
      83.4  1.61e+32
      82.9  1.73e+32
      82.5  1.85e+32
      82.1  1.99e+32
      81.6  2.13e+32
      81.2  2.28e+32
      80.8  2.44e+32
      80.3  2.61e+32
      79.9   2.8e+32
      79.4  2.99e+32
        79  3.19e+32
      78.6  3.41e+32
      78.1  3.64e+32
      77.7  3.88e+32
      77.3  4.14e+32
      76.8  4.41e+32
      76.4   4.7e+32
      75.9     5e+32
      75.5  5.32e+32
      75.1  5.66e+32
      74.6  6.01e+32
      74.2  6.39e+32
      73.8  6.78e+32
      73.3  7.19e+32
      72.9  7.63e+32
      72.5  8.08e+32
        72  8.56e+32
      71.6  9.06e+32
      71.1  9.59e+32
      70.7  1.01e+33
      70.3  1.07e+33
      69.8  1.13e+33
      69.4  1.19e+33
        69  1.26e+33
      68.5  1.33e+33
      68.1   1.4e+33
      67.6  1.47e+33
      67.2  1.55e+33
      66.8  1.63e+33
      66.3  1.71e+33
      65.9   1.8e+33
      65.5  1.89e+33
        65  1.98e+33
      64.6  2.07e+33
      64.1  2.17e+33
      63.7  2.27e+33
      63.3  2.37e+33
      62.8  2.48e+33
      62.4  2.59e+33
        62   2.7e+33
      61.5  2.82e+33
      61.1  2.94e+33
      60.6  3.06e+33
      60.2  3.18e+33
      59.8  3.31e+33
      59.3  3.43e+33
      58.9  3.56e+33
      58.5   3.7e+33
        58  3.83e+33
      57.6  3.97e+33
      57.2   4.1e+33
      56.7  4.24e+33
      56.3  4.38e+33
      55.8  4.52e+33
      55.4  4.66e+33
        55   4.8e+33
      54.5  4.94e+33
      54.1  5.08e+33
      53.7  5.22e+33
      53.2  5.36e+33
      52.8   5.5e+33
      52.3  5.63e+33
      51.9  5.76e+33
      51.5  5.89e+33
        51  6.02e+33
      50.6  6.14e+33
      50.2  6.26e+33
      49.7  6.38e+33
      49.3  6.49e+33
      48.8   6.6e+33
      48.4   6.7e+33
        48  6.79e+33
      47.5  6.88e+33
      47.1  6.96e+33
      46.7  7.04e+33
      46.2  7.11e+33
      45.8  7.17e+33
      45.3  7.22e+33
      44.9  7.27e+33
      44.5   7.3e+33
        44  7.33e+33
      43.6  7.35e+33
      43.2  7.36e+33
      42.7  7.36e+33
      42.3  7.35e+33
      41.8  7.33e+33
      41.4   7.3e+33
        41  7.26e+33
      40.5  7.21e+33
      40.1  7.15e+33
      39.7  7.09e+33
      39.2  7.01e+33
      38.8  6.92e+33
      38.4  6.83e+33
      37.9  6.72e+33
      37.5  6.61e+33
        37  6.48e+33
      36.6  6.35e+33
      36.2  6.22e+33
      35.7  6.07e+33
      35.3  5.92e+33
      34.9  5.76e+33
      34.4   5.6e+33
        34  5.43e+33
      33.5  5.26e+33
      33.1  5.08e+33
      32.7   4.9e+33
      32.2  4.72e+33
      31.8  4.53e+33
      31.4  4.34e+33
      30.9  4.16e+33
      30.5  3.97e+33
        30  3.78e+33
      29.6  3.59e+33
      29.2  3.41e+33
      28.7  3.22e+33
      28.3  3.04e+33
      27.9  2.86e+33
      27.4  2.69e+33
        27  2.52e+33
      26.5  2.35e+33
      26.1  2.19e+33
      25.7  2.03e+33
      25.2  1.88e+33
      24.8  1.74e+33
      24.4   1.6e+33
      23.9  1.47e+33
      23.5  1.34e+33
      23.1  1.22e+33
      22.6  1.11e+33
      22.2  1.01e+33
      21.7  9.09e+32
      21.3  8.17e+32
      20.9  7.32e+32
      20.4  6.53e+32
        20   5.8e+32
      19.6  5.13e+32
      19.1  4.52e+32
      18.7  3.97e+32
      18.2  3.46e+32
      17.8  3.01e+32
      17.4   2.6e+32
      16.9  2.24e+32
      16.5  1.92e+32
      16.1  1.63e+32
      15.6  1.38e+32
      15.2  1.16e+32
      14.7  9.67e+31
      14.3  8.02e+31
      13.9  6.61e+31
      13.4   5.4e+31
        13  4.38e+31
      12.6  3.53e+31
      12.1  2.81e+31
      11.7  2.22e+31
      11.2  1.74e+31
      10.8  1.35e+31
      10.4  1.03e+31
      9.94  7.83e+30
       9.5  5.85e+30
      9.06  4.32e+30
      8.62  3.14e+30
      8.19  2.25e+30
      7.75  1.58e+30
      7.31  1.09e+30
      6.87  7.38e+29
      6.44  4.88e+29
         6  3.15e+29
      5.56  1.99e+29
      5.13  1.22e+29
      4.69  7.28e+28
      4.25  4.26e+28
      3.81  2.44e+28
      3.38  1.43e+28
      2.94  8.57e+27
       2.5  5.78e+27
      2.07   4.1e+27
      1.63  3.06e+27
      1.19  2.31e+27
     0.754  1.69e+27
     0.317  1.17e+27
     -0.12  8.98e+26
    -0.557  6.74e+26
    -0.995  7.63e+26
     -1.43  5.26e+26
     -1.87  3.09e+26
     -2.31  1.49e+26
     -2.74  2.12e+26
     -3.18   1.9e+26
     -3.62  1.81e+26
     -4.05  1.23e+26
     -4.49     4e+26
     -4.93 -1.03e+26
     -5.37   1.3e+26
      -5.8   1.3e+25
     -6.24 -1.26e+26
     -6.68  -2.9e+26
     -7.12 -2.59e+26
     -7.55 -6.19e+24
     -7.99 -2.63e+25
     -8.43 -1.41e+26
     -8.86  6.05e+25
      -9.3 -2.37e+26
     -9.74  5.28e+25
     -10.2   5.2e+25
     -10.6  1.31e+26
       -11  5.72e+25
     -11.5  4.79e+25
     -11.9 -1.03e+26
     -12.4  4.96e+25
     -12.8  5.48e+25
     -13.2  6.44e+25
     -13.7 -8.75e+25
     -14.1  2.69e+25
     -14.5 -6.63e+24
       -15  4.87e+25
     -15.4 -4.49e+25
     -15.9 -3.54e+25
     -16.3 -5.46e+25
     -16.7 -1.18e+25
     -17.2 -1.72e+25
     -17.6 -3.11e+25
       -18 -4.49e+24
     -18.5 -1.13e+25
     -18.9  2.62e+24
     -19.4 -1.19e+24
     -19.8  1.28e+25
     -20.2 -1.09e+25
     -20.7  6.18e+24
     -21.1 -9.84e+24
     -21.5 -1.16e+25
       -22 -9.11e+24
     -22.4 -1.34e+25
     -22.9  -9.2e+24
     -23.3 -1.59e+25
     -23.7 -4.33e+24
     -24.2  5.75e+24
     -24.6  8.73e+24
       -25  1.47e+25
     -25.5   2.8e+24
     -25.9  7.68e+24
     -26.4 -6.56e+24
     -26.8  6.43e+24
     -27.2 -1.65e+24
     -27.7  1.96e+24
     -28.1 -1.02e+24
     -28.5  3.32e+24
       -29  4.49e+24
     -29.4 -2.95e+24
     -29.8 -4.32e+24
     -30.3  3.62e+24
     -30.7  1.19e+24
     -31.2 -9.67e+23
     -31.6  1.87e+24
       -32 -8.94e+23
     -32.5  1.97e+23
     -32.9 -3.35e+21
     -33.3 -1.14e+23
     -33.8  2.13e+22
     -34.2   2.4e+22
     -34.7  2.66e+21
     -35.1 -3.56e+21
     -35.5  2.78e+21
       -36 -2.11e+21
     -36.4 -1.24e+22
     -36.8  3.01e+22
     -37.3 -4.38e+18
     -37.7 -5.75e+15

pressure[atm]        = 0.01
temperature[K]           = 1200
energy step[1/cm]        = 167
maximum energy[kcal/mol] = 117

bimolecular PEDs:
   E, kcal    P1->P2
       117  7.75e+31
       117  8.47e+31
       116  9.26e+31
       116  1.01e+32
       115   1.1e+32
       115  1.21e+32
       114  1.32e+32
       114  1.44e+32
       114  1.57e+32
       113  1.71e+32
       113  1.86e+32
       112  2.03e+32
       112  2.21e+32
       111  2.41e+32
       111  2.62e+32
       110  2.85e+32
       110   3.1e+32
       109  3.37e+32
       109  3.66e+32
       108  3.98e+32
       108  4.32e+32
       107  4.69e+32
       107  5.09e+32
       106  5.53e+32
       106  5.99e+32
       105   6.5e+32
       105  7.04e+32
       104  7.62e+32
       104  8.25e+32
       104  8.93e+32
       103  9.67e+32
       103  1.05e+33
       102  1.13e+33
       102  1.22e+33
       101  1.32e+33
       101  1.42e+33
       100  1.54e+33
      99.7  1.66e+33
      99.2  1.79e+33
      98.8  1.93e+33
      98.3  2.08e+33
      97.8  2.24e+33
      97.3  2.41e+33
      96.9  2.59e+33
      96.4  2.79e+33
      95.9     3e+33
      95.4  3.22e+33
      94.9  3.46e+33
      94.5  3.71e+33
        94  3.99e+33
      93.5  4.28e+33
        93  4.58e+33
      92.6  4.91e+33
      92.1  5.26e+33
      91.6  5.63e+33
      91.1  6.03e+33
      90.7  6.45e+33
      90.2  6.89e+33
      89.7  7.36e+33
      89.2  7.86e+33
      88.7  8.39e+33
      88.3  8.95e+33
      87.8  9.55e+33
      87.3  1.02e+34
      86.8  1.08e+34
      86.4  1.15e+34
      85.9  1.23e+34
      85.4  1.31e+34
      84.9  1.39e+34
      84.5  1.47e+34
        84  1.57e+34
      83.5  1.66e+34
        83  1.76e+34
      82.5  1.87e+34
      82.1  1.98e+34
      81.6   2.1e+34
      81.1  2.22e+34
      80.6  2.35e+34
      80.2  2.48e+34
      79.7  2.62e+34
      79.2  2.77e+34
      78.7  2.92e+34
      78.3  3.08e+34
      77.8  3.24e+34
      77.3  3.42e+34
      76.8  3.59e+34
      76.3  3.78e+34
      75.9  3.97e+34
      75.4  4.18e+34
      74.9  4.38e+34
      74.4   4.6e+34
        74  4.82e+34
      73.5  5.05e+34
        73  5.29e+34
      72.5  5.53e+34
      72.1  5.79e+34
      71.6  6.05e+34
      71.1  6.31e+34
      70.6  6.59e+34
      70.1  6.87e+34
      69.7  7.16e+34
      69.2  7.45e+34
      68.7  7.75e+34
      68.2  8.06e+34
      67.8  8.37e+34
      67.3  8.69e+34
      66.8  9.02e+34
      66.3  9.34e+34
      65.9  9.68e+34
      65.4     1e+35
      64.9  1.04e+35
      64.4  1.07e+35
      63.9   1.1e+35
      63.5  1.14e+35
        63  1.17e+35
      62.5  1.21e+35
        62  1.24e+35
      61.6  1.28e+35
      61.1  1.31e+35
      60.6  1.35e+35
      60.1  1.38e+35
      59.7  1.41e+35
      59.2  1.45e+35
      58.7  1.48e+35
      58.2  1.51e+35
      57.7  1.54e+35
      57.3  1.57e+35
      56.8   1.6e+35
      56.3  1.63e+35
      55.8  1.65e+35
      55.4  1.68e+35
      54.9   1.7e+35
      54.4  1.72e+35
      53.9  1.75e+35
      53.5  1.76e+35
        53  1.78e+35
      52.5   1.8e+35
        52  1.81e+35
      51.5  1.82e+35
      51.1  1.83e+35
      50.6  1.84e+35
      50.1  1.84e+35
      49.6  1.85e+35
      49.2  1.85e+35
      48.7  1.85e+35
      48.2  1.84e+35
      47.7  1.84e+35
      47.3  1.83e+35
      46.8  1.82e+35
      46.3   1.8e+35
      45.8  1.79e+35
      45.3  1.77e+35
      44.9  1.75e+35
      44.4  1.73e+35
      43.9   1.7e+35
      43.4  1.67e+35
        43  1.65e+35
      42.5  1.62e+35
        42  1.58e+35
      41.5  1.55e+35
      41.1  1.51e+35
      40.6  1.47e+35
      40.1  1.43e+35
      39.6  1.39e+35
      39.1  1.35e+35
      38.7  1.31e+35
      38.2  1.27e+35
      37.7  1.22e+35
      37.2  1.18e+35
      36.8  1.13e+35
      36.3  1.08e+35
      35.8  1.04e+35
      35.3  9.91e+34
      34.9  9.45e+34
      34.4  8.99e+34
      33.9  8.54e+34
      33.4  8.09e+34
      32.9  7.65e+34
      32.5  7.21e+34
        32  6.79e+34
      31.5  6.37e+34
        31  5.96e+34
      30.6  5.57e+34
      30.1  5.19e+34
      29.6  4.82e+34
      29.1  4.47e+34
      28.7  4.13e+34
      28.2   3.8e+34
      27.7  3.49e+34
      27.2  3.19e+34
      26.7  2.91e+34
      26.3  2.65e+34
      25.8   2.4e+34
      25.3  2.17e+34
      24.8  1.95e+34
      24.4  1.75e+34
      23.9  1.57e+34
      23.4   1.4e+34
      22.9  1.24e+34
      22.5  1.09e+34
        22  9.62e+33
      21.5  8.43e+33
        21  7.35e+33
      20.5  6.38e+33
      20.1  5.51e+33
      19.6  4.74e+33
      19.1  4.05e+33
      18.6  3.45e+33
      18.2  2.92e+33
      17.7  2.45e+33
      17.2  2.05e+33
      16.7   1.7e+33
      16.3  1.41e+33
      15.8  1.15e+33
      15.3  9.37e+32
      14.8  7.57e+32
      14.3  6.06e+32
      13.9  4.81e+32
      13.4  3.79e+32
      12.9  2.96e+32
      12.4  2.28e+32
        12  1.74e+32
      11.5  1.32e+32
        11  9.82e+31
      10.5  7.24e+31
      10.1  5.25e+31
      9.57  3.76e+31
       9.1  2.64e+31
      8.62  1.83e+31
      8.14  1.24e+31
      7.67  8.17e+30
      7.19  5.27e+30
      6.71   3.3e+30
      6.24     2e+30
      5.76  1.17e+30
      5.28  6.48e+29
       4.8  3.42e+29
      4.33  1.71e+29
      3.85  7.76e+28
      3.37  3.26e+28
       2.9  1.02e+28
      2.42  2.53e+27
      1.94 -6.96e+26
      1.47  4.12e+26
     0.989 -6.05e+26
     0.512  4.85e+26
    0.0353  1.01e+27
    -0.442   1.9e+27
    -0.919  1.44e+27
      -1.4  1.66e+27
     -1.87 -6.89e+26
     -2.35  1.55e+26
     -2.83  1.75e+27
      -3.3 -1.57e+27
     -3.78 -1.68e+27
     -4.26  -1.8e+27
     -4.73 -1.12e+27
     -5.21  9.95e+26
     -5.69 -9.67e+26
     -6.16 -2.57e+27
     -6.64 -1.36e+27
     -7.12  -1.3e+27
      -7.6 -3.17e+26
     -8.07 -7.66e+26
     -8.55  3.84e+26
     -9.03   4.6e+26
      -9.5  9.52e+26
     -9.98   2.4e+26
     -10.5  3.35e+26
     -10.9  8.51e+26
     -11.4  1.28e+27
     -11.9  1.05e+26
     -12.4  6.17e+26
     -12.8  7.98e+26
     -13.3 -6.51e+26
     -13.8 -1.29e+26
     -14.3   2.9e+26
     -14.7  3.99e+26
     -15.2  8.62e+26
     -15.7  1.17e+26
     -16.2  1.29e+26
     -16.7  2.06e+26
     -17.1 -6.41e+25
     -17.6 -1.48e+26
     -18.1  9.44e+25
     -18.6  1.05e+26
       -19  1.07e+26
     -19.5  6.82e+24
       -20    -4e+25
     -20.5 -5.41e+25
     -20.9 -2.41e+26
     -21.4 -2.38e+26
     -21.9  4.17e+25
     -22.4  5.05e+25
     -22.9 -6.56e+24
     -23.3 -1.27e+26
     -23.8  3.05e+25
     -24.3  9.09e+25
     -24.8 -6.09e+25
     -25.2 -5.89e+25
     -25.7  2.85e+25
     -26.2 -3.89e+24
     -26.7  2.57e+24
     -27.1 -7.74e+23
     -27.6 -4.63e+25
     -28.1  2.12e+25
     -28.6 -2.08e+25
     -29.1  6.41e+24
     -29.5 -5.76e+24
       -30  5.03e+24
     -30.5 -2.96e+24
       -31  2.68e+23
     -31.4 -3.54e+23
     -31.9  5.44e+23
     -32.4 -9.25e+23
     -32.9  5.68e+23
     -33.3  1.44e+23
     -33.8 -8.56e+21
     -34.3  1.44e+23
     -34.8 -1.97e+22
     -35.3  6.37e+23
     -35.7 -3.13e+21
     -36.2  3.71e+20
     -36.7 -1.31e+20
     -37.2 -2.78e+21
     -37.6  1.07e+13

pressure[atm]        = 0.1
temperature[K]           = 1200
energy step[1/cm]        = 167
maximum energy[kcal/mol] = 117

bimolecular PEDs:
   E, kcal    P1->P2
       117  7.75e+31
       117  8.47e+31
       116  9.26e+31
       116  1.01e+32
       115   1.1e+32
       115  1.21e+32
       114  1.32e+32
       114  1.44e+32
       114  1.57e+32
       113  1.71e+32
       113  1.86e+32
       112  2.03e+32
       112  2.21e+32
       111  2.41e+32
       111  2.62e+32
       110  2.85e+32
       110   3.1e+32
       109  3.37e+32
       109  3.66e+32
       108  3.98e+32
       108  4.32e+32
       107  4.69e+32
       107  5.09e+32
       106  5.53e+32
       106  5.99e+32
       105   6.5e+32
       105  7.04e+32
       104  7.62e+32
       104  8.25e+32
       104  8.93e+32
       103  9.67e+32
       103  1.05e+33
       102  1.13e+33
       102  1.22e+33
       101  1.32e+33
       101  1.42e+33
       100  1.54e+33
      99.7  1.66e+33
      99.2  1.79e+33
      98.8  1.93e+33
      98.3  2.08e+33
      97.8  2.24e+33
      97.3  2.41e+33
      96.9  2.59e+33
      96.4  2.79e+33
      95.9     3e+33
      95.4  3.22e+33
      94.9  3.46e+33
      94.5  3.71e+33
        94  3.99e+33
      93.5  4.28e+33
        93  4.58e+33
      92.6  4.91e+33
      92.1  5.26e+33
      91.6  5.63e+33
      91.1  6.03e+33
      90.7  6.45e+33
      90.2  6.89e+33
      89.7  7.36e+33
      89.2  7.86e+33
      88.7  8.39e+33
      88.3  8.95e+33
      87.8  9.55e+33
      87.3  1.02e+34
      86.8  1.08e+34
      86.4  1.15e+34
      85.9  1.23e+34
      85.4  1.31e+34
      84.9  1.39e+34
      84.5  1.47e+34
        84  1.57e+34
      83.5  1.66e+34
        83  1.76e+34
      82.5  1.87e+34
      82.1  1.98e+34
      81.6   2.1e+34
      81.1  2.22e+34
      80.6  2.35e+34
      80.2  2.48e+34
      79.7  2.62e+34
      79.2  2.77e+34
      78.7  2.92e+34
      78.3  3.08e+34
      77.8  3.24e+34
      77.3  3.42e+34
      76.8  3.59e+34
      76.3  3.78e+34
      75.9  3.97e+34
      75.4  4.18e+34
      74.9  4.38e+34
      74.4   4.6e+34
        74  4.82e+34
      73.5  5.05e+34
        73  5.29e+34
      72.5  5.53e+34
      72.1  5.79e+34
      71.6  6.05e+34
      71.1  6.31e+34
      70.6  6.59e+34
      70.1  6.87e+34
      69.7  7.16e+34
      69.2  7.45e+34
      68.7  7.75e+34
      68.2  8.06e+34
      67.8  8.37e+34
      67.3  8.69e+34
      66.8  9.02e+34
      66.3  9.34e+34
      65.9  9.68e+34
      65.4     1e+35
      64.9  1.04e+35
      64.4  1.07e+35
      63.9   1.1e+35
      63.5  1.14e+35
        63  1.17e+35
      62.5  1.21e+35
        62  1.24e+35
      61.6  1.28e+35
      61.1  1.31e+35
      60.6  1.35e+35
      60.1  1.38e+35
      59.7  1.41e+35
      59.2  1.45e+35
      58.7  1.48e+35
      58.2  1.51e+35
      57.7  1.54e+35
      57.3  1.57e+35
      56.8   1.6e+35
      56.3  1.63e+35
      55.8  1.65e+35
      55.4  1.68e+35
      54.9   1.7e+35
      54.4  1.72e+35
      53.9  1.75e+35
      53.5  1.76e+35
        53  1.78e+35
      52.5   1.8e+35
        52  1.81e+35
      51.5  1.82e+35
      51.1  1.83e+35
      50.6  1.84e+35
      50.1  1.84e+35
      49.6  1.85e+35
      49.2  1.85e+35
      48.7  1.85e+35
      48.2  1.84e+35
      47.7  1.84e+35
      47.3  1.83e+35
      46.8  1.82e+35
      46.3   1.8e+35
      45.8  1.79e+35
      45.3  1.77e+35
      44.9  1.75e+35
      44.4  1.73e+35
      43.9   1.7e+35
      43.4  1.67e+35
        43  1.65e+35
      42.5  1.62e+35
        42  1.58e+35
      41.5  1.55e+35
      41.1  1.51e+35
      40.6  1.47e+35
      40.1  1.43e+35
      39.6  1.39e+35
      39.1  1.35e+35
      38.7  1.31e+35
      38.2  1.27e+35
      37.7  1.22e+35
      37.2  1.18e+35
      36.8  1.13e+35
      36.3  1.08e+35
      35.8  1.04e+35
      35.3  9.91e+34
      34.9  9.45e+34
      34.4  8.99e+34
      33.9  8.54e+34
      33.4  8.09e+34
      32.9  7.65e+34
      32.5  7.21e+34
        32  6.79e+34
      31.5  6.37e+34
        31  5.96e+34
      30.6  5.57e+34
      30.1  5.19e+34
      29.6  4.82e+34
      29.1  4.47e+34
      28.7  4.13e+34
      28.2   3.8e+34
      27.7  3.49e+34
      27.2  3.19e+34
      26.7  2.91e+34
      26.3  2.65e+34
      25.8   2.4e+34
      25.3  2.17e+34
      24.8  1.95e+34
      24.4  1.75e+34
      23.9  1.57e+34
      23.4   1.4e+34
      22.9  1.24e+34
      22.5  1.09e+34
        22  9.62e+33
      21.5  8.43e+33
        21  7.35e+33
      20.5  6.38e+33
      20.1  5.51e+33
      19.6  4.74e+33
      19.1  4.05e+33
      18.6  3.45e+33
      18.2  2.92e+33
      17.7  2.45e+33
      17.2  2.05e+33
      16.7   1.7e+33
      16.3  1.41e+33
      15.8  1.15e+33
      15.3  9.37e+32
      14.8  7.57e+32
      14.3  6.06e+32
      13.9  4.81e+32
      13.4  3.79e+32
      12.9  2.96e+32
      12.4  2.28e+32
        12  1.74e+32
      11.5  1.32e+32
        11  9.82e+31
      10.5  7.24e+31
      10.1  5.25e+31
      9.57  3.76e+31
       9.1  2.64e+31
      8.62  1.83e+31
      8.14  1.24e+31
      7.67  8.17e+30
      7.19  5.27e+30
      6.71   3.3e+30
      6.24     2e+30
      5.76  1.17e+30
      5.28  6.56e+29
       4.8  3.46e+29
      4.33  1.71e+29
      3.85  7.92e+28
      3.37  3.06e+28
       2.9  1.16e+28
      2.42  3.41e+27
      1.94 -7.96e+26
      1.47 -2.49e+27
     0.989 -1.45e+27
     0.512  -7.1e+26
    0.0353  6.97e+26
    -0.442 -2.08e+27
    -0.919 -2.27e+27
      -1.4 -1.05e+27
     -1.87  5.71e+26
     -2.35 -8.41e+26
     -2.83  2.06e+27
      -3.3   2.3e+27
     -3.78  1.02e+27
     -4.26  1.53e+25
     -4.73  4.86e+26
     -5.21  1.09e+26
     -5.69  8.19e+26
     -6.16  1.03e+27
     -6.64 -8.84e+26
     -7.12  3.32e+26
      -7.6  -4.3e+26
     -8.07  1.35e+27
     -8.55  3.83e+26
     -9.03 -3.92e+26
      -9.5 -1.01e+27
     -9.98 -1.36e+26
     -10.5  1.81e+26
     -10.9 -8.96e+26
     -11.4 -5.39e+26
     -11.9 -2.15e+26
     -12.4 -1.97e+26
     -12.8 -3.45e+26
     -13.3 -4.95e+26
     -13.8  4.16e+26
     -14.3  5.24e+26
     -14.7  3.22e+26
     -15.2 -1.46e+26
     -15.7  3.97e+26
     -16.2 -1.32e+25
     -16.7 -1.08e+25
     -17.1   1.9e+26
     -17.6  1.03e+25
     -18.1 -1.14e+26
     -18.6 -8.83e+25
       -19  3.26e+25
     -19.5 -3.24e+26
       -20  4.26e+26
     -20.5 -1.61e+26
     -20.9 -9.02e+25
     -21.4 -5.15e+25
     -21.9 -4.59e+25
     -22.4   3.3e+25
     -22.9  1.05e+26
     -23.3 -2.84e+25
     -23.8 -8.43e+25
     -24.3  5.41e+25
     -24.8  2.09e+25
     -25.2 -6.75e+24
     -25.7 -2.51e+25
     -26.2 -3.34e+25
     -26.7 -6.01e+25
     -27.1   4.1e+25
     -27.6  8.39e+22
     -28.1  2.13e+25
     -28.6 -9.57e+24
     -29.1  1.11e+25
     -29.5  -9.5e+23
       -30  8.54e+23
     -30.5 -4.31e+24
       -31  1.36e+24
     -31.4  1.27e+24
     -31.9 -9.01e+22
     -32.4 -1.91e+23
     -32.9 -2.49e+22
     -33.3  3.17e+22
     -33.8 -4.74e+22
     -34.3  4.74e+22
     -34.8 -1.24e+22
     -35.3  3.64e+22
     -35.7  6.13e+21
     -36.2 -1.93e+21
     -36.7 -1.72e+21
     -37.2 -3.26e+22
     -37.6 -2.42e+14

pressure[atm]        = 1
temperature[K]           = 1200
energy step[1/cm]        = 167
maximum energy[kcal/mol] = 117

bimolecular PEDs:
   E, kcal    P1->P2
       117  7.75e+31
       117  8.47e+31
       116  9.26e+31
       116  1.01e+32
       115   1.1e+32
       115  1.21e+32
       114  1.32e+32
       114  1.44e+32
       114  1.57e+32
       113  1.71e+32
       113  1.86e+32
       112  2.03e+32
       112  2.21e+32
       111  2.41e+32
       111  2.62e+32
       110  2.85e+32
       110   3.1e+32
       109  3.37e+32
       109  3.66e+32
       108  3.98e+32
       108  4.32e+32
       107  4.69e+32
       107  5.09e+32
       106  5.53e+32
       106  5.99e+32
       105   6.5e+32
       105  7.04e+32
       104  7.62e+32
       104  8.25e+32
       104  8.93e+32
       103  9.67e+32
       103  1.05e+33
       102  1.13e+33
       102  1.22e+33
       101  1.32e+33
       101  1.42e+33
       100  1.54e+33
      99.7  1.66e+33
      99.2  1.79e+33
      98.8  1.93e+33
      98.3  2.08e+33
      97.8  2.24e+33
      97.3  2.41e+33
      96.9  2.59e+33
      96.4  2.79e+33
      95.9     3e+33
      95.4  3.22e+33
      94.9  3.46e+33
      94.5  3.71e+33
        94  3.99e+33
      93.5  4.28e+33
        93  4.58e+33
      92.6  4.91e+33
      92.1  5.26e+33
      91.6  5.63e+33
      91.1  6.03e+33
      90.7  6.45e+33
      90.2  6.89e+33
      89.7  7.36e+33
      89.2  7.86e+33
      88.7  8.39e+33
      88.3  8.95e+33
      87.8  9.55e+33
      87.3  1.02e+34
      86.8  1.08e+34
      86.4  1.15e+34
      85.9  1.23e+34
      85.4  1.31e+34
      84.9  1.39e+34
      84.5  1.47e+34
        84  1.57e+34
      83.5  1.66e+34
        83  1.76e+34
      82.5  1.87e+34
      82.1  1.98e+34
      81.6   2.1e+34
      81.1  2.22e+34
      80.6  2.35e+34
      80.2  2.48e+34
      79.7  2.62e+34
      79.2  2.77e+34
      78.7  2.92e+34
      78.3  3.08e+34
      77.8  3.24e+34
      77.3  3.42e+34
      76.8  3.59e+34
      76.3  3.78e+34
      75.9  3.97e+34
      75.4  4.18e+34
      74.9  4.38e+34
      74.4   4.6e+34
        74  4.82e+34
      73.5  5.05e+34
        73  5.29e+34
      72.5  5.53e+34
      72.1  5.79e+34
      71.6  6.05e+34
      71.1  6.31e+34
      70.6  6.59e+34
      70.1  6.87e+34
      69.7  7.16e+34
      69.2  7.45e+34
      68.7  7.75e+34
      68.2  8.06e+34
      67.8  8.37e+34
      67.3  8.69e+34
      66.8  9.02e+34
      66.3  9.34e+34
      65.9  9.68e+34
      65.4     1e+35
      64.9  1.04e+35
      64.4  1.07e+35
      63.9   1.1e+35
      63.5  1.14e+35
        63  1.17e+35
      62.5  1.21e+35
        62  1.24e+35
      61.6  1.28e+35
      61.1  1.31e+35
      60.6  1.35e+35
      60.1  1.38e+35
      59.7  1.41e+35
      59.2  1.45e+35
      58.7  1.48e+35
      58.2  1.51e+35
      57.7  1.54e+35
      57.3  1.57e+35
      56.8   1.6e+35
      56.3  1.63e+35
      55.8  1.65e+35
      55.4  1.68e+35
      54.9   1.7e+35
      54.4  1.72e+35
      53.9  1.75e+35
      53.5  1.76e+35
        53  1.78e+35
      52.5   1.8e+35
        52  1.81e+35
      51.5  1.82e+35
      51.1  1.83e+35
      50.6  1.84e+35
      50.1  1.84e+35
      49.6  1.85e+35
      49.2  1.85e+35
      48.7  1.85e+35
      48.2  1.84e+35
      47.7  1.84e+35
      47.3  1.83e+35
      46.8  1.82e+35
      46.3   1.8e+35
      45.8  1.79e+35
      45.3  1.77e+35
      44.9  1.75e+35
      44.4  1.73e+35
      43.9   1.7e+35
      43.4  1.67e+35
        43  1.65e+35
      42.5  1.62e+35
        42  1.58e+35
      41.5  1.55e+35
      41.1  1.51e+35
      40.6  1.47e+35
      40.1  1.43e+35
      39.6  1.39e+35
      39.1  1.35e+35
      38.7  1.31e+35
      38.2  1.27e+35
      37.7  1.22e+35
      37.2  1.18e+35
      36.8  1.13e+35
      36.3  1.08e+35
      35.8  1.04e+35
      35.3  9.91e+34
      34.9  9.45e+34
      34.4  8.99e+34
      33.9  8.54e+34
      33.4  8.09e+34
      32.9  7.65e+34
      32.5  7.21e+34
        32  6.79e+34
      31.5  6.37e+34
        31  5.96e+34
      30.6  5.57e+34
      30.1  5.19e+34
      29.6  4.82e+34
      29.1  4.47e+34
      28.7  4.13e+34
      28.2   3.8e+34
      27.7  3.49e+34
      27.2  3.19e+34
      26.7  2.91e+34
      26.3  2.65e+34
      25.8   2.4e+34
      25.3  2.17e+34
      24.8  1.95e+34
      24.4  1.75e+34
      23.9  1.57e+34
      23.4   1.4e+34
      22.9  1.24e+34
      22.5  1.09e+34
        22  9.62e+33
      21.5  8.43e+33
        21  7.35e+33
      20.5  6.38e+33
      20.1  5.51e+33
      19.6  4.74e+33
      19.1  4.05e+33
      18.6  3.45e+33
      18.2  2.92e+33
      17.7  2.45e+33
      17.2  2.05e+33
      16.7   1.7e+33
      16.3  1.41e+33
      15.8  1.15e+33
      15.3  9.37e+32
      14.8  7.57e+32
      14.3  6.06e+32
      13.9  4.82e+32
      13.4  3.79e+32
      12.9  2.96e+32
      12.4  2.28e+32
        12  1.74e+32
      11.5  1.32e+32
        11  9.83e+31
      10.5  7.24e+31
      10.1  5.26e+31
      9.57  3.76e+31
       9.1  2.64e+31
      8.62  1.83e+31
      8.14  1.24e+31
      7.67  8.18e+30
      7.19  5.28e+30
      6.71  3.31e+30
      6.24  2.01e+30
      5.76  1.17e+30
      5.28  6.53e+29
       4.8  3.48e+29
      4.33  1.71e+29
      3.85  7.76e+28
      3.37  3.11e+28
       2.9  7.29e+27
      2.42  5.56e+27
      1.94 -5.02e+26
      1.47   1.7e+27
     0.989 -3.29e+26
     0.512 -1.23e+25
    0.0353  2.55e+27
    -0.442 -2.23e+27
    -0.919 -1.36e+27
      -1.4 -3.09e+27
     -1.87 -2.67e+26
     -2.35 -2.88e+27
     -2.83 -1.78e+27
      -3.3 -3.44e+27
     -3.78  1.47e+27
     -4.26 -1.12e+26
     -4.73 -7.33e+26
     -5.21 -8.74e+26
     -5.69  8.19e+26
     -6.16  1.39e+27
     -6.64   3.8e+26
     -7.12  3.81e+25
      -7.6  1.21e+27
     -8.07  5.99e+26
     -8.55  8.55e+26
     -9.03 -3.57e+26
      -9.5 -1.42e+27
     -9.98 -1.45e+27
     -10.5 -1.11e+27
     -10.9 -3.99e+26
     -11.4 -8.95e+26
     -11.9 -8.62e+26
     -12.4 -4.18e+25
     -12.8 -1.76e+26
     -13.3 -2.54e+26
     -13.8  5.86e+26
     -14.3  2.83e+26
     -14.7  4.93e+25
     -15.2 -9.28e+25
     -15.7 -1.85e+24
     -16.2  4.57e+25
     -16.7 -2.12e+26
     -17.1 -7.42e+24
     -17.6  1.23e+26
     -18.1   1.4e+26
     -18.6  1.83e+26
       -19 -5.35e+25
     -19.5 -1.23e+26
       -20  1.18e+26
     -20.5  4.28e+25
     -20.9 -3.69e+26
     -21.4  3.03e+26
     -21.9  1.79e+26
     -22.4 -7.92e+25
     -22.9 -1.26e+26
     -23.3 -1.07e+26
     -23.8  7.84e+24
     -24.3  1.65e+26
     -24.8 -2.89e+25
     -25.2 -3.91e+25
     -25.7   5.2e+25
     -26.2    -2e+25
     -26.7 -3.33e+25
     -27.1  7.17e+25
     -27.6  -4.1e+25
     -28.1  5.79e+25
     -28.6  2.86e+24
     -29.1 -3.28e+23
     -29.5 -1.52e+25
       -30 -2.56e+24
     -30.5  6.69e+24
       -31  -5.1e+24
     -31.4  2.62e+23
     -31.9 -8.69e+23
     -32.4  8.46e+22
     -32.9 -1.61e+23
     -33.3  2.64e+23
     -33.8 -1.62e+23
     -34.3 -2.49e+22
     -34.8  6.82e+21
     -35.3  4.48e+22
     -35.7 -7.95e+21
     -36.2  1.11e+19
     -36.7  1.46e+21
     -37.2 -2.73e+20
     -37.6 -1.62e+15

pressure[atm]        = 10
temperature[K]           = 1200
energy step[1/cm]        = 167
maximum energy[kcal/mol] = 117

bimolecular PEDs:
   E, kcal    P1->P2
       117  7.75e+31
       117  8.47e+31
       116  9.25e+31
       116  1.01e+32
       115   1.1e+32
       115  1.21e+32
       114  1.32e+32
       114  1.44e+32
       114  1.57e+32
       113  1.71e+32
       113  1.86e+32
       112  2.03e+32
       112  2.21e+32
       111  2.41e+32
       111  2.62e+32
       110  2.85e+32
       110   3.1e+32
       109  3.37e+32
       109  3.66e+32
       108  3.98e+32
       108  4.32e+32
       107  4.69e+32
       107  5.09e+32
       106  5.52e+32
       106  5.99e+32
       105  6.49e+32
       105  7.04e+32
       104  7.62e+32
       104  8.25e+32
       104  8.93e+32
       103  9.66e+32
       103  1.05e+33
       102  1.13e+33
       102  1.22e+33
       101  1.32e+33
       101  1.42e+33
       100  1.54e+33
      99.7  1.66e+33
      99.2  1.79e+33
      98.8  1.93e+33
      98.3  2.08e+33
      97.8  2.24e+33
      97.3  2.41e+33
      96.9  2.59e+33
      96.4  2.79e+33
      95.9     3e+33
      95.4  3.22e+33
      94.9  3.46e+33
      94.5  3.71e+33
        94  3.98e+33
      93.5  4.27e+33
        93  4.58e+33
      92.6  4.91e+33
      92.1  5.26e+33
      91.6  5.63e+33
      91.1  6.03e+33
      90.7  6.45e+33
      90.2  6.89e+33
      89.7  7.36e+33
      89.2  7.86e+33
      88.7  8.39e+33
      88.3  8.95e+33
      87.8  9.55e+33
      87.3  1.02e+34
      86.8  1.08e+34
      86.4  1.15e+34
      85.9  1.23e+34
      85.4  1.31e+34
      84.9  1.39e+34
      84.5  1.47e+34
        84  1.57e+34
      83.5  1.66e+34
        83  1.76e+34
      82.5  1.87e+34
      82.1  1.98e+34
      81.6   2.1e+34
      81.1  2.22e+34
      80.6  2.35e+34
      80.2  2.48e+34
      79.7  2.62e+34
      79.2  2.77e+34
      78.7  2.92e+34
      78.3  3.08e+34
      77.8  3.24e+34
      77.3  3.41e+34
      76.8  3.59e+34
      76.3  3.78e+34
      75.9  3.97e+34
      75.4  4.17e+34
      74.9  4.38e+34
      74.4   4.6e+34
        74  4.82e+34
      73.5  5.05e+34
        73  5.29e+34
      72.5  5.53e+34
      72.1  5.79e+34
      71.6  6.05e+34
      71.1  6.31e+34
      70.6  6.59e+34
      70.1  6.87e+34
      69.7  7.16e+34
      69.2  7.45e+34
      68.7  7.75e+34
      68.2  8.06e+34
      67.8  8.37e+34
      67.3  8.69e+34
      66.8  9.02e+34
      66.3  9.34e+34
      65.9  9.68e+34
      65.4     1e+35
      64.9  1.04e+35
      64.4  1.07e+35
      63.9   1.1e+35
      63.5  1.14e+35
        63  1.17e+35
      62.5  1.21e+35
        62  1.24e+35
      61.6  1.28e+35
      61.1  1.31e+35
      60.6  1.35e+35
      60.1  1.38e+35
      59.7  1.41e+35
      59.2  1.45e+35
      58.7  1.48e+35
      58.2  1.51e+35
      57.7  1.54e+35
      57.3  1.57e+35
      56.8   1.6e+35
      56.3  1.63e+35
      55.8  1.65e+35
      55.4  1.68e+35
      54.9   1.7e+35
      54.4  1.72e+35
      53.9  1.75e+35
      53.5  1.76e+35
        53  1.78e+35
      52.5   1.8e+35
        52  1.81e+35
      51.5  1.82e+35
      51.1  1.83e+35
      50.6  1.84e+35
      50.1  1.84e+35
      49.6  1.85e+35
      49.2  1.85e+35
      48.7  1.85e+35
      48.2  1.84e+35
      47.7  1.84e+35
      47.3  1.83e+35
      46.8  1.82e+35
      46.3   1.8e+35
      45.8  1.79e+35
      45.3  1.77e+35
      44.9  1.75e+35
      44.4  1.73e+35
      43.9   1.7e+35
      43.4  1.67e+35
        43  1.65e+35
      42.5  1.62e+35
        42  1.58e+35
      41.5  1.55e+35
      41.1  1.51e+35
      40.6  1.47e+35
      40.1  1.43e+35
      39.6  1.39e+35
      39.1  1.35e+35
      38.7  1.31e+35
      38.2  1.27e+35
      37.7  1.22e+35
      37.2  1.18e+35
      36.8  1.13e+35
      36.3  1.08e+35
      35.8  1.04e+35
      35.3  9.92e+34
      34.9  9.45e+34
      34.4     9e+34
      33.9  8.54e+34
      33.4  8.09e+34
      32.9  7.65e+34
      32.5  7.21e+34
        32  6.79e+34
      31.5  6.37e+34
        31  5.97e+34
      30.6  5.57e+34
      30.1  5.19e+34
      29.6  4.82e+34
      29.1  4.47e+34
      28.7  4.13e+34
      28.2   3.8e+34
      27.7  3.49e+34
      27.2  3.19e+34
      26.7  2.91e+34
      26.3  2.65e+34
      25.8   2.4e+34
      25.3  2.17e+34
      24.8  1.96e+34
      24.4  1.75e+34
      23.9  1.57e+34
      23.4   1.4e+34
      22.9  1.24e+34
      22.5  1.09e+34
        22  9.63e+33
      21.5  8.43e+33
        21  7.35e+33
      20.5  6.38e+33
      20.1  5.51e+33
      19.6  4.74e+33
      19.1  4.05e+33
      18.6  3.45e+33
      18.2  2.92e+33
      17.7  2.45e+33
      17.2  2.05e+33
      16.7   1.7e+33
      16.3  1.41e+33
      15.8  1.15e+33
      15.3  9.38e+32
      14.8  7.58e+32
      14.3  6.07e+32
      13.9  4.82e+32
      13.4   3.8e+32
      12.9  2.96e+32
      12.4  2.29e+32
        12  1.75e+32
      11.5  1.32e+32
        11  9.85e+31
      10.5  7.26e+31
      10.1  5.27e+31
      9.57  3.77e+31
       9.1  2.65e+31
      8.62  1.83e+31
      8.14  1.24e+31
      7.67  8.24e+30
      7.19  5.32e+30
      6.71  3.34e+30
      6.24  2.03e+30
      5.76  1.19e+30
      5.28  6.69e+29
       4.8  3.59e+29
      4.33  1.84e+29
      3.85  8.67e+28
      3.37  3.77e+28
       2.9  1.25e+28
      2.42  3.84e+27
      1.94  5.58e+27
      1.47  2.52e+27
     0.989  7.11e+26
     0.512  2.99e+27
    0.0353  1.88e+27
    -0.442  8.06e+26
    -0.919  6.82e+26
      -1.4 -4.84e+26
     -1.87 -7.67e+26
     -2.35  1.21e+27
     -2.83  1.39e+27
      -3.3  -1.7e+27
     -3.78  2.73e+26
     -4.26 -1.01e+27
     -4.73 -1.04e+26
     -5.21  -1.1e+27
     -5.69 -7.36e+26
     -6.16  1.22e+27
     -6.64  1.24e+27
     -7.12 -3.51e+26
      -7.6 -3.93e+26
     -8.07  -1.1e+27
     -8.55 -4.99e+26
     -9.03 -1.22e+27
      -9.5  4.32e+26
     -9.98  3.12e+26
     -10.5 -3.07e+25
     -10.9 -9.14e+26
     -11.4  2.54e+26
     -11.9  2.99e+26
     -12.4  1.27e+27
     -12.8  5.78e+26
     -13.3  2.78e+26
     -13.8  6.48e+26
     -14.3  9.27e+25
     -14.7   3.7e+26
     -15.2  4.33e+26
     -15.7  6.16e+26
     -16.2   3.5e+26
     -16.7  2.48e+26
     -17.1  2.14e+26
     -17.6 -2.31e+25
     -18.1 -3.04e+25
     -18.6  5.42e+25
       -19 -8.36e+25
     -19.5  2.09e+26
       -20  9.45e+25
     -20.5  2.07e+26
     -20.9 -2.77e+26
     -21.4  5.85e+25
     -21.9  8.08e+25
     -22.4  1.11e+25
     -22.9 -9.77e+25
     -23.3 -9.32e+25
     -23.8  1.09e+25
     -24.3 -2.84e+25
     -24.8  8.59e+25
     -25.2 -3.95e+25
     -25.7  6.19e+25
     -26.2  2.73e+25
     -26.7   3.1e+24
     -27.1 -2.42e+25
     -27.6 -7.45e+24
     -28.1  2.14e+25
     -28.6 -5.13e+25
     -29.1     3e+25
     -29.5     2e+23
       -30  1.86e+24
     -30.5  1.74e+24
       -31  1.86e+24
     -31.4 -8.68e+23
     -31.9  1.31e+24
     -32.4 -6.74e+23
     -32.9 -7.03e+23
     -33.3  3.16e+23
     -33.8 -9.95e+22
     -34.3 -2.48e+22
     -34.8  1.43e+22
     -35.3 -2.16e+22
     -35.7  -5.7e+22
     -36.2 -3.82e+20
     -36.7  7.99e+20
     -37.2  1.67e+20
     -37.6 -5.66e+17

pressure[atm]        = 100
temperature[K]           = 1200
energy step[1/cm]        = 167
maximum energy[kcal/mol] = 117

bimolecular PEDs:
   E, kcal    P1->P2
       117   7.7e+31
       117  8.42e+31
       116  9.21e+31
       116  1.01e+32
       115   1.1e+32
       115   1.2e+32
       114  1.31e+32
       114  1.43e+32
       114  1.56e+32
       113   1.7e+32
       113  1.86e+32
       112  2.02e+32
       112   2.2e+32
       111   2.4e+32
       111  2.61e+32
       110  2.84e+32
       110  3.09e+32
       109  3.36e+32
       109  3.65e+32
       108  3.97e+32
       108  4.31e+32
       107  4.68e+32
       107  5.08e+32
       106  5.51e+32
       106  5.98e+32
       105  6.48e+32
       105  7.02e+32
       104  7.61e+32
       104  8.24e+32
       104  8.91e+32
       103  9.64e+32
       103  1.04e+33
       102  1.13e+33
       102  1.22e+33
       101  1.32e+33
       101  1.42e+33
       100  1.53e+33
      99.7  1.65e+33
      99.2  1.78e+33
      98.8  1.92e+33
      98.3  2.07e+33
      97.8  2.23e+33
      97.3   2.4e+33
      96.9  2.59e+33
      96.4  2.78e+33
      95.9  2.99e+33
      95.4  3.21e+33
      94.9  3.45e+33
      94.5  3.71e+33
        94  3.98e+33
      93.5  4.27e+33
        93  4.57e+33
      92.6   4.9e+33
      92.1  5.25e+33
      91.6  5.62e+33
      91.1  6.02e+33
      90.7  6.43e+33
      90.2  6.88e+33
      89.7  7.35e+33
      89.2  7.85e+33
      88.7  8.38e+33
      88.3  8.94e+33
      87.8  9.53e+33
      87.3  1.02e+34
      86.8  1.08e+34
      86.4  1.15e+34
      85.9  1.23e+34
      85.4   1.3e+34
      84.9  1.39e+34
      84.5  1.47e+34
        84  1.56e+34
      83.5  1.66e+34
        83  1.76e+34
      82.5  1.87e+34
      82.1  1.98e+34
      81.6  2.09e+34
      81.1  2.21e+34
      80.6  2.34e+34
      80.2  2.48e+34
      79.7  2.62e+34
      79.2  2.76e+34
      78.7  2.91e+34
      78.3  3.07e+34
      77.8  3.24e+34
      77.3  3.41e+34
      76.8  3.59e+34
      76.3  3.78e+34
      75.9  3.97e+34
      75.4  4.17e+34
      74.9  4.38e+34
      74.4  4.59e+34
        74  4.82e+34
      73.5  5.05e+34
        73  5.28e+34
      72.5  5.53e+34
      72.1  5.78e+34
      71.6  6.04e+34
      71.1  6.31e+34
      70.6  6.58e+34
      70.1  6.86e+34
      69.7  7.15e+34
      69.2  7.44e+34
      68.7  7.75e+34
      68.2  8.05e+34
      67.8  8.37e+34
      67.3  8.68e+34
      66.8  9.01e+34
      66.3  9.34e+34
      65.9  9.67e+34
      65.4     1e+35
      64.9  1.03e+35
      64.4  1.07e+35
      63.9   1.1e+35
      63.5  1.14e+35
        63  1.17e+35
      62.5  1.21e+35
        62  1.24e+35
      61.6  1.28e+35
      61.1  1.31e+35
      60.6  1.35e+35
      60.1  1.38e+35
      59.7  1.41e+35
      59.2  1.45e+35
      58.7  1.48e+35
      58.2  1.51e+35
      57.7  1.54e+35
      57.3  1.57e+35
      56.8   1.6e+35
      56.3  1.63e+35
      55.8  1.65e+35
      55.4  1.68e+35
      54.9   1.7e+35
      54.4  1.72e+35
      53.9  1.74e+35
      53.5  1.76e+35
        53  1.78e+35
      52.5   1.8e+35
        52  1.81e+35
      51.5  1.82e+35
      51.1  1.83e+35
      50.6  1.84e+35
      50.1  1.84e+35
      49.6  1.85e+35
      49.2  1.85e+35
      48.7  1.85e+35
      48.2  1.84e+35
      47.7  1.84e+35
      47.3  1.83e+35
      46.8  1.82e+35
      46.3   1.8e+35
      45.8  1.79e+35
      45.3  1.77e+35
      44.9  1.75e+35
      44.4  1.73e+35
      43.9   1.7e+35
      43.4  1.68e+35
        43  1.65e+35
      42.5  1.62e+35
        42  1.58e+35
      41.5  1.55e+35
      41.1  1.51e+35
      40.6  1.47e+35
      40.1  1.44e+35
      39.6  1.39e+35
      39.1  1.35e+35
      38.7  1.31e+35
      38.2  1.27e+35
      37.7  1.22e+35
      37.2  1.18e+35
      36.8  1.13e+35
      36.3  1.09e+35
      35.8  1.04e+35
      35.3  9.93e+34
      34.9  9.47e+34
      34.4  9.01e+34
      33.9  8.55e+34
      33.4   8.1e+34
      32.9  7.66e+34
      32.5  7.22e+34
        32   6.8e+34
      31.5  6.38e+34
        31  5.98e+34
      30.6  5.58e+34
      30.1   5.2e+34
      29.6  4.83e+34
      29.1  4.48e+34
      28.7  4.14e+34
      28.2  3.81e+34
      27.7   3.5e+34
      27.2   3.2e+34
      26.7  2.92e+34
      26.3  2.66e+34
      25.8  2.41e+34
      25.3  2.18e+34
      24.8  1.96e+34
      24.4  1.76e+34
      23.9  1.57e+34
      23.4   1.4e+34
      22.9  1.24e+34
      22.5   1.1e+34
        22  9.67e+33
      21.5  8.47e+33
        21  7.39e+33
      20.5  6.42e+33
      20.1  5.54e+33
      19.6  4.77e+33
      19.1  4.08e+33
      18.6  3.47e+33
      18.2  2.94e+33
      17.7  2.47e+33
      17.2  2.07e+33
      16.7  1.72e+33
      16.3  1.42e+33
      15.8  1.16e+33
      15.3  9.48e+32
      14.8  7.66e+32
      14.3  6.14e+32
      13.9  4.88e+32
      13.4  3.85e+32
      12.9  3.01e+32
      12.4  2.32e+32
        12  1.78e+32
      11.5  1.35e+32
        11  1.01e+32
      10.5  7.44e+31
      10.1  5.43e+31
      9.57   3.9e+31
       9.1  2.76e+31
      8.62  1.92e+31
      8.14  1.31e+31
      7.67  8.79e+30
      7.19  5.76e+30
      6.71  3.69e+30
      6.24  2.31e+30
      5.76  1.41e+30
      5.28   8.4e+29
       4.8  4.96e+29
      4.33  2.86e+29
      3.85  1.65e+29
      3.37  9.86e+28
       2.9   6.2e+28
      2.42  4.36e+28
      1.94  3.11e+28
      1.47  2.22e+28
     0.989  1.93e+28
     0.512  1.24e+28
    0.0353  1.13e+28
    -0.442  7.46e+27
    -0.919  8.36e+27
      -1.4  2.98e+27
     -1.87  4.34e+26
     -2.35  3.33e+27
     -2.83  1.23e+27
      -3.3  2.27e+27
     -3.78 -1.04e+27
     -4.26  1.96e+27
     -4.73  5.39e+26
     -5.21     4e+26
     -5.69 -1.02e+27
     -6.16  9.11e+25
     -6.64 -2.42e+26
     -7.12 -7.28e+26
      -7.6  -1.3e+27
     -8.07  1.13e+27
     -8.55  2.76e+27
     -9.03 -4.51e+26
      -9.5 -6.66e+26
     -9.98 -7.41e+26
     -10.5 -1.47e+26
     -10.9  6.11e+26
     -11.4 -1.05e+27
     -11.9  4.86e+26
     -12.4  1.49e+26
     -12.8  2.59e+26
     -13.3 -8.41e+25
     -13.8 -2.98e+25
     -14.3  1.05e+27
     -14.7  6.64e+26
     -15.2 -5.53e+26
     -15.7 -2.59e+25
     -16.2 -2.79e+26
     -16.7 -6.11e+25
     -17.1  7.82e+25
     -17.6    -8e+25
     -18.1  -2.5e+25
     -18.6   4.4e+25
       -19 -1.44e+25
     -19.5  3.56e+26
       -20     2e+26
     -20.5  -1.6e+26
     -20.9 -2.67e+26
     -21.4  2.52e+25
     -21.9  1.14e+26
     -22.4     1e+25
     -22.9 -2.24e+26
     -23.3 -5.27e+25
     -23.8 -3.27e+25
     -24.3 -5.54e+24
     -24.8  2.88e+24
     -25.2  7.04e+25
     -25.7 -3.99e+25
     -26.2  2.43e+25
     -26.7    -7e+23
     -27.1    -2e+24
     -27.6  6.85e+23
     -28.1 -1.38e+25
     -28.6 -5.78e+24
     -29.1  1.81e+25
     -29.5  2.48e+24
       -30  1.95e+25
     -30.5  -6.5e+24
       -31  2.21e+24
     -31.4 -4.66e+24
     -31.9  8.64e+23
     -32.4  1.99e+23
     -32.9 -1.52e+24
     -33.3 -5.64e+22
     -33.8  1.78e+23
     -34.3  -7.5e+22
     -34.8 -2.79e+22
     -35.3  5.91e+22
     -35.7  1.87e+22
     -36.2 -6.27e+23
     -36.7  4.74e+22
     -37.2 -8.87e+20
     -37.6  1.87e+20

pressure[atm]        = 0.01
temperature[K]           = 1300
energy step[1/cm]        = 181
maximum energy[kcal/mol] = 131

bimolecular PEDs:
   E, kcal    P1->P2
       131  1.47e+33
       130  1.61e+33
       130  1.76e+33
       129  1.92e+33
       128   2.1e+33
       128  2.29e+33
       127   2.5e+33
       127  2.72e+33
       126  2.97e+33
       126  3.24e+33
       125  3.53e+33
       125  3.84e+33
       124  4.18e+33
       124  4.56e+33
       123  4.96e+33
       123  5.39e+33
       122  5.86e+33
       122  6.37e+33
       121  6.93e+33
       121  7.52e+33
       120  8.17e+33
       120  8.87e+33
       119  9.62e+33
       119  1.04e+34
       118  1.13e+34
       118  1.23e+34
       117  1.33e+34
       117  1.44e+34
       116  1.56e+34
       116  1.69e+34
       115  1.82e+34
       115  1.97e+34
       114  2.13e+34
       114   2.3e+34
       113  2.49e+34
       112  2.69e+34
       112   2.9e+34
       111  3.13e+34
       111  3.37e+34
       110  3.63e+34
       110  3.91e+34
       109  4.22e+34
       109  4.54e+34
       108  4.88e+34
       108  5.25e+34
       107  5.65e+34
       107  6.07e+34
       106  6.52e+34
       106     7e+34
       105  7.51e+34
       105  8.05e+34
       104  8.63e+34
       104  9.25e+34
       103  9.91e+34
       103  1.06e+35
       102  1.14e+35
       102  1.21e+35
       101   1.3e+35
       101  1.39e+35
       100  1.48e+35
      99.6  1.58e+35
        99  1.69e+35
      98.5   1.8e+35
        98  1.92e+35
      97.5  2.05e+35
        97  2.18e+35
      96.5  2.32e+35
      95.9  2.47e+35
      95.4  2.62e+35
      94.9  2.79e+35
      94.4  2.96e+35
      93.9  3.14e+35
      93.4  3.33e+35
      92.8  3.54e+35
      92.3  3.75e+35
      91.8  3.97e+35
      91.3   4.2e+35
      90.8  4.44e+35
      90.3   4.7e+35
      89.7  4.96e+35
      89.2  5.24e+35
      88.7  5.53e+35
      88.2  5.84e+35
      87.7  6.15e+35
      87.2  6.48e+35
      86.6  6.83e+35
      86.1  7.18e+35
      85.6  7.55e+35
      85.1  7.94e+35
      84.6  8.34e+35
      84.1  8.75e+35
      83.5  9.18e+35
        83  9.62e+35
      82.5  1.01e+36
        82  1.06e+36
      81.5   1.1e+36
        81  1.15e+36
      80.4  1.21e+36
      79.9  1.26e+36
      79.4  1.31e+36
      78.9  1.37e+36
      78.4  1.43e+36
      77.9  1.49e+36
      77.3  1.55e+36
      76.8  1.61e+36
      76.3  1.67e+36
      75.8  1.73e+36
      75.3   1.8e+36
      74.8  1.86e+36
      74.2  1.93e+36
      73.7     2e+36
      73.2  2.06e+36
      72.7  2.13e+36
      72.2   2.2e+36
      71.7  2.27e+36
      71.1  2.34e+36
      70.6  2.41e+36
      70.1  2.48e+36
      69.6  2.55e+36
      69.1  2.62e+36
      68.6  2.69e+36
        68  2.76e+36
      67.5  2.83e+36
        67  2.89e+36
      66.5  2.96e+36
        66  3.02e+36
      65.5  3.08e+36
      64.9  3.15e+36
      64.4   3.2e+36
      63.9  3.26e+36
      63.4  3.32e+36
      62.9  3.37e+36
      62.4  3.42e+36
      61.8  3.47e+36
      61.3  3.51e+36
      60.8  3.55e+36
      60.3  3.59e+36
      59.8  3.62e+36
      59.3  3.65e+36
      58.7  3.68e+36
      58.2   3.7e+36
      57.7  3.72e+36
      57.2  3.74e+36
      56.7  3.75e+36
      56.2  3.75e+36
      55.6  3.76e+36
      55.1  3.75e+36
      54.6  3.74e+36
      54.1  3.73e+36
      53.6  3.72e+36
      53.1  3.69e+36
      52.5  3.67e+36
        52  3.64e+36
      51.5   3.6e+36
        51  3.56e+36
      50.5  3.52e+36
        50  3.47e+36
      49.4  3.41e+36
      48.9  3.36e+36
      48.4   3.3e+36
      47.9  3.23e+36
      47.4  3.16e+36
      46.9  3.09e+36
      46.3  3.02e+36
      45.8  2.94e+36
      45.3  2.86e+36
      44.8  2.78e+36
      44.3  2.69e+36
      43.8   2.6e+36
      43.2  2.52e+36
      42.7  2.43e+36
      42.2  2.34e+36
      41.7  2.24e+36
      41.2  2.15e+36
      40.7  2.06e+36
      40.1  1.97e+36
      39.6  1.88e+36
      39.1  1.78e+36
      38.6  1.69e+36
      38.1  1.61e+36
      37.6  1.52e+36
        37  1.43e+36
      36.5  1.35e+36
        36  1.27e+36
      35.5  1.19e+36
        35  1.11e+36
      34.5  1.03e+36
      33.9  9.61e+35
      33.4  8.92e+35
      32.9  8.25e+35
      32.4  7.61e+35
      31.9     7e+35
      31.4  6.43e+35
      30.8  5.88e+35
      30.3  5.36e+35
      29.8  4.88e+35
      29.3  4.42e+35
      28.8     4e+35
      28.3   3.6e+35
      27.7  3.22e+35
      27.2  2.88e+35
      26.7  2.57e+35
      26.2  2.28e+35
      25.7  2.01e+35
      25.2  1.77e+35
      24.6  1.55e+35
      24.1  1.35e+35
      23.6  1.18e+35
      23.1  1.02e+35
      22.6  8.76e+34
      22.1  7.51e+34
      21.5   6.4e+34
        21  5.43e+34
      20.5  4.58e+34
        20  3.84e+34
      19.5   3.2e+34
        19  2.65e+34
      18.4  2.19e+34
      17.9  1.79e+34
      17.4  1.45e+34
      16.9  1.17e+34
      16.4  9.38e+33
      15.9  7.45e+33
      15.3  5.86e+33
      14.8  4.58e+33
      14.3  3.54e+33
      13.8  2.71e+33
      13.3  2.05e+33
      12.8  1.54e+33
      12.2  1.14e+33
      11.7   8.3e+32
      11.2  5.98e+32
      10.7  4.25e+32
      10.2  2.97e+32
      9.65  2.04e+32
      9.14  1.37e+32
      8.62  9.03e+31
       8.1  5.82e+31
      7.59  3.65e+31
      7.07  2.21e+31
      6.55   1.3e+31
      6.04  7.33e+30
      5.52  3.93e+30
         5     2e+30
      4.49  9.37e+29
      3.97  4.01e+29
      3.45  1.52e+29
      2.94  4.04e+28
      2.42  2.03e+28
       1.9  -1.2e+27
      1.39 -1.03e+28
     0.869 -5.97e+27
     0.353 -8.91e+27
    -0.164 -5.28e+27
    -0.681  1.53e+28
      -1.2  3.67e+27
     -1.71  -3.3e+27
     -2.23 -6.42e+27
     -2.75 -1.73e+28
     -3.26  6.49e+27
     -3.78  5.18e+27
      -4.3  6.91e+27
     -4.81 -4.59e+26
     -5.33 -2.43e+27
     -5.85 -2.07e+27
     -6.36 -4.24e+27
     -6.88 -5.18e+27
      -7.4 -6.79e+26
     -7.91  3.94e+27
     -8.43  4.09e+27
     -8.95  3.35e+27
     -9.46  8.12e+26
     -9.98 -2.65e+27
     -10.5  1.01e+27
       -11 -1.77e+26
     -11.5 -6.36e+27
       -12  -2.9e+27
     -12.6  1.51e+27
     -13.1  1.48e+27
     -13.6  9.95e+26
     -14.1  2.69e+27
     -14.6  1.58e+27
     -15.1  2.12e+27
     -15.7  1.36e+27
     -16.2 -7.34e+26
     -16.7   7.5e+26
     -17.2  9.55e+26
     -17.7  8.59e+26
     -18.2 -6.45e+25
     -18.8 -2.55e+26
     -19.3  1.73e+27
     -19.8 -9.78e+26
     -20.3 -7.72e+26
     -20.8  7.17e+26
     -21.3 -4.81e+26
     -21.9 -1.65e+26
     -22.4  5.21e+26
     -22.9  3.68e+26
     -23.4 -2.29e+26
     -23.9 -8.92e+24
     -24.4  5.49e+26
       -25  3.66e+24
     -25.5  -3.4e+25
       -26  2.83e+26
     -26.5 -3.48e+26
       -27 -1.39e+26
     -27.5  1.89e+26
     -28.1 -7.43e+25
     -28.6  1.16e+25
     -29.1 -5.82e+25
     -29.6 -5.18e+25
     -30.1  2.72e+25
     -30.6  1.33e+24
     -31.2 -2.44e+24
     -31.7 -1.06e+25
     -32.2  8.61e+24
     -32.7 -3.62e+24
     -33.2  1.32e+24
     -33.7 -1.75e+24
     -34.3 -1.39e+22
     -34.8 -5.93e+23
     -35.3  3.42e+21
     -35.8  -5.7e+20
     -36.3  2.01e+20
     -36.8 -5.92e+19
     -37.4  2.44e+20

pressure[atm]        = 0.1
temperature[K]           = 1300
energy step[1/cm]        = 181
maximum energy[kcal/mol] = 131

bimolecular PEDs:
   E, kcal    P1->P2
       131  1.47e+33
       130  1.61e+33
       130  1.76e+33
       129  1.92e+33
       128   2.1e+33
       128  2.29e+33
       127   2.5e+33
       127  2.72e+33
       126  2.97e+33
       126  3.24e+33
       125  3.53e+33
       125  3.84e+33
       124  4.18e+33
       124  4.56e+33
       123  4.96e+33
       123  5.39e+33
       122  5.86e+33
       122  6.37e+33
       121  6.93e+33
       121  7.52e+33
       120  8.17e+33
       120  8.87e+33
       119  9.62e+33
       119  1.04e+34
       118  1.13e+34
       118  1.23e+34
       117  1.33e+34
       117  1.44e+34
       116  1.56e+34
       116  1.69e+34
       115  1.82e+34
       115  1.97e+34
       114  2.13e+34
       114   2.3e+34
       113  2.49e+34
       112  2.69e+34
       112   2.9e+34
       111  3.13e+34
       111  3.37e+34
       110  3.63e+34
       110  3.91e+34
       109  4.22e+34
       109  4.54e+34
       108  4.88e+34
       108  5.25e+34
       107  5.65e+34
       107  6.07e+34
       106  6.52e+34
       106     7e+34
       105  7.51e+34
       105  8.05e+34
       104  8.63e+34
       104  9.25e+34
       103  9.91e+34
       103  1.06e+35
       102  1.14e+35
       102  1.21e+35
       101   1.3e+35
       101  1.39e+35
       100  1.48e+35
      99.6  1.58e+35
        99  1.69e+35
      98.5   1.8e+35
        98  1.92e+35
      97.5  2.05e+35
        97  2.18e+35
      96.5  2.32e+35
      95.9  2.47e+35
      95.4  2.62e+35
      94.9  2.79e+35
      94.4  2.96e+35
      93.9  3.14e+35
      93.4  3.33e+35
      92.8  3.54e+35
      92.3  3.75e+35
      91.8  3.97e+35
      91.3   4.2e+35
      90.8  4.44e+35
      90.3   4.7e+35
      89.7  4.96e+35
      89.2  5.24e+35
      88.7  5.53e+35
      88.2  5.84e+35
      87.7  6.15e+35
      87.2  6.48e+35
      86.6  6.83e+35
      86.1  7.18e+35
      85.6  7.55e+35
      85.1  7.94e+35
      84.6  8.34e+35
      84.1  8.75e+35
      83.5  9.18e+35
        83  9.62e+35
      82.5  1.01e+36
        82  1.06e+36
      81.5   1.1e+36
        81  1.15e+36
      80.4  1.21e+36
      79.9  1.26e+36
      79.4  1.31e+36
      78.9  1.37e+36
      78.4  1.43e+36
      77.9  1.49e+36
      77.3  1.55e+36
      76.8  1.61e+36
      76.3  1.67e+36
      75.8  1.73e+36
      75.3   1.8e+36
      74.8  1.86e+36
      74.2  1.93e+36
      73.7     2e+36
      73.2  2.06e+36
      72.7  2.13e+36
      72.2   2.2e+36
      71.7  2.27e+36
      71.1  2.34e+36
      70.6  2.41e+36
      70.1  2.48e+36
      69.6  2.55e+36
      69.1  2.62e+36
      68.6  2.69e+36
        68  2.76e+36
      67.5  2.83e+36
        67  2.89e+36
      66.5  2.96e+36
        66  3.02e+36
      65.5  3.08e+36
      64.9  3.15e+36
      64.4   3.2e+36
      63.9  3.26e+36
      63.4  3.32e+36
      62.9  3.37e+36
      62.4  3.42e+36
      61.8  3.47e+36
      61.3  3.51e+36
      60.8  3.55e+36
      60.3  3.59e+36
      59.8  3.62e+36
      59.3  3.65e+36
      58.7  3.68e+36
      58.2   3.7e+36
      57.7  3.72e+36
      57.2  3.74e+36
      56.7  3.75e+36
      56.2  3.75e+36
      55.6  3.76e+36
      55.1  3.75e+36
      54.6  3.74e+36
      54.1  3.73e+36
      53.6  3.72e+36
      53.1  3.69e+36
      52.5  3.67e+36
        52  3.64e+36
      51.5   3.6e+36
        51  3.56e+36
      50.5  3.52e+36
        50  3.47e+36
      49.4  3.41e+36
      48.9  3.36e+36
      48.4   3.3e+36
      47.9  3.23e+36
      47.4  3.16e+36
      46.9  3.09e+36
      46.3  3.02e+36
      45.8  2.94e+36
      45.3  2.86e+36
      44.8  2.78e+36
      44.3  2.69e+36
      43.8   2.6e+36
      43.2  2.52e+36
      42.7  2.43e+36
      42.2  2.34e+36
      41.7  2.24e+36
      41.2  2.15e+36
      40.7  2.06e+36
      40.1  1.97e+36
      39.6  1.88e+36
      39.1  1.78e+36
      38.6  1.69e+36
      38.1  1.61e+36
      37.6  1.52e+36
        37  1.43e+36
      36.5  1.35e+36
        36  1.27e+36
      35.5  1.19e+36
        35  1.11e+36
      34.5  1.03e+36
      33.9  9.61e+35
      33.4  8.92e+35
      32.9  8.25e+35
      32.4  7.61e+35
      31.9     7e+35
      31.4  6.43e+35
      30.8  5.88e+35
      30.3  5.36e+35
      29.8  4.88e+35
      29.3  4.42e+35
      28.8     4e+35
      28.3   3.6e+35
      27.7  3.22e+35
      27.2  2.88e+35
      26.7  2.57e+35
      26.2  2.28e+35
      25.7  2.01e+35
      25.2  1.77e+35
      24.6  1.55e+35
      24.1  1.35e+35
      23.6  1.18e+35
      23.1  1.02e+35
      22.6  8.76e+34
      22.1  7.51e+34
      21.5   6.4e+34
        21  5.43e+34
      20.5  4.58e+34
        20  3.84e+34
      19.5   3.2e+34
        19  2.65e+34
      18.4  2.19e+34
      17.9  1.79e+34
      17.4  1.45e+34
      16.9  1.17e+34
      16.4  9.38e+33
      15.9  7.45e+33
      15.3  5.86e+33
      14.8  4.58e+33
      14.3  3.54e+33
      13.8  2.71e+33
      13.3  2.05e+33
      12.8  1.54e+33
      12.2  1.14e+33
      11.7   8.3e+32
      11.2  5.98e+32
      10.7  4.25e+32
      10.2  2.97e+32
      9.65  2.04e+32
      9.14  1.37e+32
      8.62  9.03e+31
       8.1  5.82e+31
      7.59  3.64e+31
      7.07  2.21e+31
      6.55   1.3e+31
      6.04  7.34e+30
      5.52  3.94e+30
         5  1.98e+30
      4.49  9.32e+29
      3.97  4.03e+29
      3.45  1.27e+29
      2.94  5.05e+28
      2.42  1.52e+28
       1.9  1.32e+28
      1.39  1.06e+28
     0.869  1.85e+28
     0.353  1.27e+27
    -0.164 -1.14e+28
    -0.681 -3.35e+27
      -1.2 -2.65e+27
     -1.71 -1.46e+28
     -2.23  1.44e+28
     -2.75 -2.64e+27
     -3.26 -4.44e+27
     -3.78  1.13e+27
      -4.3  5.57e+26
     -4.81  6.94e+27
     -5.33  1.33e+27
     -5.85 -5.23e+27
     -6.36  1.09e+28
     -6.88  5.69e+26
      -7.4  1.88e+27
     -7.91  5.05e+27
     -8.43 -1.11e+27
     -8.95 -1.03e+27
     -9.46 -1.08e+27
     -9.98 -1.44e+27
     -10.5  4.25e+26
       -11  7.71e+26
     -11.5  3.06e+27
       -12 -1.16e+27
     -12.6  5.57e+27
     -13.1 -6.03e+26
     -13.6 -1.22e+26
     -14.1  1.68e+27
     -14.6  -2.5e+27
     -15.1 -1.27e+27
     -15.7 -1.14e+27
     -16.2  -2.2e+26
     -16.7 -8.85e+26
     -17.2 -1.09e+27
     -17.7 -4.44e+26
     -18.2  -8.3e+26
     -18.8  9.42e+26
     -19.3 -1.61e+27
     -19.8 -2.64e+25
     -20.3 -6.04e+24
     -20.8 -9.92e+26
     -21.3  9.47e+26
     -21.9  4.04e+26
     -22.4 -3.07e+26
     -22.9  -5.4e+26
     -23.4  1.18e+25
     -23.9  7.75e+25
     -24.4  6.13e+26
       -25 -2.72e+26
     -25.5 -1.04e+26
       -26  5.09e+26
     -26.5 -3.58e+26
       -27 -1.35e+26
     -27.5  1.32e+26
     -28.1 -3.78e+25
     -28.6  2.12e+25
     -29.1 -3.52e+25
     -29.6 -3.21e+25
     -30.1  5.26e+25
     -30.6   1.3e+24
     -31.2  3.15e+24
     -31.7  2.33e+24
     -32.2  1.23e+24
     -32.7 -7.42e+23
     -33.2  1.21e+24
     -33.7 -4.41e+22
     -34.3 -1.96e+23
     -34.8  3.85e+22
     -35.3 -4.73e+22
     -35.8  6.71e+21
     -36.3  4.06e+20
     -36.8 -5.24e+20
     -37.4  1.01e+20

pressure[atm]        = 1
temperature[K]           = 1300
energy step[1/cm]        = 181
maximum energy[kcal/mol] = 131

bimolecular PEDs:
   E, kcal    P1->P2
       131  1.47e+33
       130  1.61e+33
       130  1.76e+33
       129  1.92e+33
       128   2.1e+33
       128  2.29e+33
       127   2.5e+33
       127  2.72e+33
       126  2.97e+33
       126  3.24e+33
       125  3.53e+33
       125  3.84e+33
       124  4.18e+33
       124  4.55e+33
       123  4.96e+33
       123  5.39e+33
       122  5.86e+33
       122  6.37e+33
       121  6.93e+33
       121  7.52e+33
       120  8.17e+33
       120  8.87e+33
       119  9.62e+33
       119  1.04e+34
       118  1.13e+34
       118  1.23e+34
       117  1.33e+34
       117  1.44e+34
       116  1.56e+34
       116  1.69e+34
       115  1.82e+34
       115  1.97e+34
       114  2.13e+34
       114   2.3e+34
       113  2.49e+34
       112  2.69e+34
       112   2.9e+34
       111  3.13e+34
       111  3.37e+34
       110  3.63e+34
       110  3.91e+34
       109  4.22e+34
       109  4.54e+34
       108  4.88e+34
       108  5.25e+34
       107  5.65e+34
       107  6.07e+34
       106  6.52e+34
       106     7e+34
       105  7.51e+34
       105  8.05e+34
       104  8.63e+34
       104  9.25e+34
       103  9.91e+34
       103  1.06e+35
       102  1.14e+35
       102  1.21e+35
       101   1.3e+35
       101  1.39e+35
       100  1.48e+35
      99.6  1.58e+35
        99  1.69e+35
      98.5   1.8e+35
        98  1.92e+35
      97.5  2.05e+35
        97  2.18e+35
      96.5  2.32e+35
      95.9  2.47e+35
      95.4  2.62e+35
      94.9  2.79e+35
      94.4  2.96e+35
      93.9  3.14e+35
      93.4  3.33e+35
      92.8  3.54e+35
      92.3  3.75e+35
      91.8  3.97e+35
      91.3   4.2e+35
      90.8  4.44e+35
      90.3   4.7e+35
      89.7  4.96e+35
      89.2  5.24e+35
      88.7  5.53e+35
      88.2  5.84e+35
      87.7  6.15e+35
      87.2  6.48e+35
      86.6  6.83e+35
      86.1  7.18e+35
      85.6  7.55e+35
      85.1  7.94e+35
      84.6  8.34e+35
      84.1  8.75e+35
      83.5  9.18e+35
        83  9.62e+35
      82.5  1.01e+36
        82  1.06e+36
      81.5   1.1e+36
        81  1.15e+36
      80.4  1.21e+36
      79.9  1.26e+36
      79.4  1.31e+36
      78.9  1.37e+36
      78.4  1.43e+36
      77.9  1.49e+36
      77.3  1.55e+36
      76.8  1.61e+36
      76.3  1.67e+36
      75.8  1.73e+36
      75.3   1.8e+36
      74.8  1.86e+36
      74.2  1.93e+36
      73.7     2e+36
      73.2  2.06e+36
      72.7  2.13e+36
      72.2   2.2e+36
      71.7  2.27e+36
      71.1  2.34e+36
      70.6  2.41e+36
      70.1  2.48e+36
      69.6  2.55e+36
      69.1  2.62e+36
      68.6  2.69e+36
        68  2.76e+36
      67.5  2.82e+36
        67  2.89e+36
      66.5  2.96e+36
        66  3.02e+36
      65.5  3.08e+36
      64.9  3.15e+36
      64.4   3.2e+36
      63.9  3.26e+36
      63.4  3.32e+36
      62.9  3.37e+36
      62.4  3.42e+36
      61.8  3.47e+36
      61.3  3.51e+36
      60.8  3.55e+36
      60.3  3.59e+36
      59.8  3.62e+36
      59.3  3.65e+36
      58.7  3.68e+36
      58.2   3.7e+36
      57.7  3.72e+36
      57.2  3.74e+36
      56.7  3.75e+36
      56.2  3.75e+36
      55.6  3.76e+36
      55.1  3.75e+36
      54.6  3.74e+36
      54.1  3.73e+36
      53.6  3.72e+36
      53.1  3.69e+36
      52.5  3.67e+36
        52  3.64e+36
      51.5   3.6e+36
        51  3.56e+36
      50.5  3.52e+36
        50  3.47e+36
      49.4  3.41e+36
      48.9  3.36e+36
      48.4   3.3e+36
      47.9  3.23e+36
      47.4  3.16e+36
      46.9  3.09e+36
      46.3  3.02e+36
      45.8  2.94e+36
      45.3  2.86e+36
      44.8  2.78e+36
      44.3  2.69e+36
      43.8   2.6e+36
      43.2  2.52e+36
      42.7  2.43e+36
      42.2  2.34e+36
      41.7  2.24e+36
      41.2  2.15e+36
      40.7  2.06e+36
      40.1  1.97e+36
      39.6  1.88e+36
      39.1  1.78e+36
      38.6  1.69e+36
      38.1  1.61e+36
      37.6  1.52e+36
        37  1.43e+36
      36.5  1.35e+36
        36  1.27e+36
      35.5  1.19e+36
        35  1.11e+36
      34.5  1.03e+36
      33.9  9.61e+35
      33.4  8.92e+35
      32.9  8.25e+35
      32.4  7.61e+35
      31.9     7e+35
      31.4  6.43e+35
      30.8  5.88e+35
      30.3  5.36e+35
      29.8  4.88e+35
      29.3  4.42e+35
      28.8     4e+35
      28.3   3.6e+35
      27.7  3.22e+35
      27.2  2.88e+35
      26.7  2.57e+35
      26.2  2.28e+35
      25.7  2.01e+35
      25.2  1.77e+35
      24.6  1.55e+35
      24.1  1.35e+35
      23.6  1.18e+35
      23.1  1.02e+35
      22.6  8.76e+34
      22.1  7.51e+34
      21.5   6.4e+34
        21  5.43e+34
      20.5  4.58e+34
        20  3.84e+34
      19.5   3.2e+34
        19  2.65e+34
      18.4  2.19e+34
      17.9  1.79e+34
      17.4  1.45e+34
      16.9  1.17e+34
      16.4  9.38e+33
      15.9  7.45e+33
      15.3  5.86e+33
      14.8  4.58e+33
      14.3  3.54e+33
      13.8  2.71e+33
      13.3  2.05e+33
      12.8  1.54e+33
      12.2  1.14e+33
      11.7   8.3e+32
      11.2  5.98e+32
      10.7  4.25e+32
      10.2  2.97e+32
      9.65  2.04e+32
      9.14  1.37e+32
      8.62  9.04e+31
       8.1  5.82e+31
      7.59  3.64e+31
      7.07  2.22e+31
      6.55   1.3e+31
      6.04  7.33e+30
      5.52  3.94e+30
         5     2e+30
      4.49  9.41e+29
      3.97  4.33e+29
      3.45  1.59e+29
      2.94  5.48e+28
      2.42  2.96e+28
       1.9  7.07e+27
      1.39  3.09e+28
     0.869  2.47e+28
     0.353  1.31e+28
    -0.164  7.35e+27
    -0.681 -1.07e+28
      -1.2 -1.64e+28
     -1.71 -8.65e+27
     -2.23 -1.85e+28
     -2.75 -9.54e+27
     -3.26 -9.49e+27
     -3.78 -1.25e+28
      -4.3 -8.54e+26
     -4.81  4.12e+27
     -5.33 -4.75e+27
     -5.85  2.72e+27
     -6.36  1.71e+27
     -6.88  9.01e+27
      -7.4  3.03e+27
     -7.91 -4.26e+26
     -8.43  1.02e+28
     -8.95 -5.11e+27
     -9.46  1.28e+26
     -9.98 -1.12e+28
     -10.5 -4.37e+27
       -11  -3.7e+27
     -11.5 -3.58e+27
       -12  4.88e+27
     -12.6   5.4e+27
     -13.1  3.86e+27
     -13.6  1.71e+27
     -14.1 -3.38e+27
     -14.6  1.89e+26
     -15.1  1.47e+27
     -15.7  1.01e+27
     -16.2   7.9e+26
     -16.7 -2.26e+26
     -17.2 -7.99e+25
     -17.7 -3.33e+26
     -18.2 -1.17e+27
     -18.8  1.42e+27
     -19.3  -1.3e+27
     -19.8 -1.21e+27
     -20.3 -3.53e+26
     -20.8  1.05e+27
     -21.3 -1.09e+26
     -21.9 -7.45e+26
     -22.4 -4.96e+26
     -22.9 -8.01e+26
     -23.4 -1.71e+26
     -23.9 -2.28e+26
     -24.4 -9.29e+25
       -25  7.67e+26
     -25.5 -1.74e+26
       -26 -3.33e+26
     -26.5 -1.61e+26
       -27  2.61e+26
     -27.5  -3.2e+26
     -28.1  2.95e+26
     -28.6  -1.1e+26
     -29.1  6.96e+25
     -29.6  3.18e+25
     -30.1 -1.06e+26
     -30.6  1.27e+25
     -31.2  2.14e+25
     -31.7 -2.67e+23
     -32.2 -1.39e+25
     -32.7  1.27e+25
     -33.2 -6.69e+24
     -33.7  1.09e+25
     -34.3  2.49e+23
     -34.8   4.4e+22
     -35.3  4.71e+23
     -35.8 -5.91e+21
     -36.3 -3.17e+20
     -36.8  2.43e+20
     -37.4 -1.87e+21

pressure[atm]        = 10
temperature[K]           = 1300
energy step[1/cm]        = 181
maximum energy[kcal/mol] = 131

bimolecular PEDs:
   E, kcal    P1->P2
       131  1.47e+33
       130  1.61e+33
       130  1.76e+33
       129  1.92e+33
       128  2.09e+33
       128  2.29e+33
       127   2.5e+33
       127  2.72e+33
       126  2.97e+33
       126  3.24e+33
       125  3.53e+33
       125  3.84e+33
       124  4.18e+33
       124  4.55e+33
       123  4.96e+33
       123  5.39e+33
       122  5.86e+33
       122  6.37e+33
       121  6.92e+33
       121  7.52e+33
       120  8.17e+33
       120  8.87e+33
       119  9.62e+33
       119  1.04e+34
       118  1.13e+34
       118  1.23e+34
       117  1.33e+34
       117  1.44e+34
       116  1.56e+34
       116  1.69e+34
       115  1.82e+34
       115  1.97e+34
       114  2.13e+34
       114   2.3e+34
       113  2.49e+34
       112  2.69e+34
       112   2.9e+34
       111  3.13e+34
       111  3.37e+34
       110  3.63e+34
       110  3.91e+34
       109  4.21e+34
       109  4.54e+34
       108  4.88e+34
       108  5.25e+34
       107  5.64e+34
       107  6.07e+34
       106  6.51e+34
       106  6.99e+34
       105  7.51e+34
       105  8.05e+34
       104  8.63e+34
       104  9.25e+34
       103  9.91e+34
       103  1.06e+35
       102  1.14e+35
       102  1.21e+35
       101   1.3e+35
       101  1.39e+35
       100  1.48e+35
      99.6  1.58e+35
        99  1.69e+35
      98.5   1.8e+35
        98  1.92e+35
      97.5  2.05e+35
        97  2.18e+35
      96.5  2.32e+35
      95.9  2.47e+35
      95.4  2.62e+35
      94.9  2.79e+35
      94.4  2.96e+35
      93.9  3.14e+35
      93.4  3.33e+35
      92.8  3.53e+35
      92.3  3.75e+35
      91.8  3.97e+35
      91.3   4.2e+35
      90.8  4.44e+35
      90.3   4.7e+35
      89.7  4.96e+35
      89.2  5.24e+35
      88.7  5.53e+35
      88.2  5.84e+35
      87.7  6.15e+35
      87.2  6.48e+35
      86.6  6.82e+35
      86.1  7.18e+35
      85.6  7.55e+35
      85.1  7.94e+35
      84.6  8.34e+35
      84.1  8.75e+35
      83.5  9.18e+35
        83  9.62e+35
      82.5  1.01e+36
        82  1.06e+36
      81.5   1.1e+36
        81  1.15e+36
      80.4  1.21e+36
      79.9  1.26e+36
      79.4  1.31e+36
      78.9  1.37e+36
      78.4  1.43e+36
      77.9  1.49e+36
      77.3  1.55e+36
      76.8  1.61e+36
      76.3  1.67e+36
      75.8  1.73e+36
      75.3   1.8e+36
      74.8  1.86e+36
      74.2  1.93e+36
      73.7     2e+36
      73.2  2.06e+36
      72.7  2.13e+36
      72.2   2.2e+36
      71.7  2.27e+36
      71.1  2.34e+36
      70.6  2.41e+36
      70.1  2.48e+36
      69.6  2.55e+36
      69.1  2.62e+36
      68.6  2.69e+36
        68  2.76e+36
      67.5  2.82e+36
        67  2.89e+36
      66.5  2.96e+36
        66  3.02e+36
      65.5  3.08e+36
      64.9  3.15e+36
      64.4   3.2e+36
      63.9  3.26e+36
      63.4  3.32e+36
      62.9  3.37e+36
      62.4  3.42e+36
      61.8  3.47e+36
      61.3  3.51e+36
      60.8  3.55e+36
      60.3  3.59e+36
      59.8  3.62e+36
      59.3  3.65e+36
      58.7  3.68e+36
      58.2   3.7e+36
      57.7  3.72e+36
      57.2  3.74e+36
      56.7  3.75e+36
      56.2  3.75e+36
      55.6  3.76e+36
      55.1  3.75e+36
      54.6  3.74e+36
      54.1  3.73e+36
      53.6  3.72e+36
      53.1  3.69e+36
      52.5  3.67e+36
        52  3.64e+36
      51.5   3.6e+36
        51  3.56e+36
      50.5  3.52e+36
        50  3.47e+36
      49.4  3.41e+36
      48.9  3.36e+36
      48.4   3.3e+36
      47.9  3.23e+36
      47.4  3.16e+36
      46.9  3.09e+36
      46.3  3.02e+36
      45.8  2.94e+36
      45.3  2.86e+36
      44.8  2.78e+36
      44.3  2.69e+36
      43.8   2.6e+36
      43.2  2.52e+36
      42.7  2.43e+36
      42.2  2.34e+36
      41.7  2.24e+36
      41.2  2.15e+36
      40.7  2.06e+36
      40.1  1.97e+36
      39.6  1.88e+36
      39.1  1.78e+36
      38.6  1.69e+36
      38.1  1.61e+36
      37.6  1.52e+36
        37  1.43e+36
      36.5  1.35e+36
        36  1.27e+36
      35.5  1.19e+36
        35  1.11e+36
      34.5  1.03e+36
      33.9  9.61e+35
      33.4  8.92e+35
      32.9  8.25e+35
      32.4  7.61e+35
      31.9     7e+35
      31.4  6.43e+35
      30.8  5.88e+35
      30.3  5.36e+35
      29.8  4.88e+35
      29.3  4.42e+35
      28.8     4e+35
      28.3   3.6e+35
      27.7  3.23e+35
      27.2  2.88e+35
      26.7  2.57e+35
      26.2  2.28e+35
      25.7  2.01e+35
      25.2  1.77e+35
      24.6  1.55e+35
      24.1  1.35e+35
      23.6  1.18e+35
      23.1  1.02e+35
      22.6  8.77e+34
      22.1  7.51e+34
      21.5   6.4e+34
        21  5.43e+34
      20.5  4.58e+34
        20  3.84e+34
      19.5  3.21e+34
        19  2.66e+34
      18.4  2.19e+34
      17.9  1.79e+34
      17.4  1.45e+34
      16.9  1.17e+34
      16.4  9.39e+33
      15.9  7.46e+33
      15.3  5.87e+33
      14.8  4.58e+33
      14.3  3.54e+33
      13.8  2.71e+33
      13.3  2.05e+33
      12.8  1.54e+33
      12.2  1.14e+33
      11.7  8.33e+32
      11.2     6e+32
      10.7  4.26e+32
      10.2  2.98e+32
      9.65  2.05e+32
      9.14  1.38e+32
      8.62   9.1e+31
       8.1  5.87e+31
      7.59  3.69e+31
      7.07  2.25e+31
      6.55  1.32e+31
      6.04   7.5e+30
      5.52  4.07e+30
         5  2.08e+30
      4.49  1.04e+30
      3.97  4.66e+29
      3.45  2.17e+29
      2.94  7.93e+28
      2.42  2.94e+28
       1.9  4.01e+28
      1.39  1.47e+28
     0.869  1.24e+28
     0.353  9.48e+27
    -0.164  9.93e+27
    -0.681  4.63e+27
      -1.2    -2e+28
     -1.71 -1.16e+28
     -2.23 -7.21e+27
     -2.75 -4.91e+27
     -3.26  3.32e+27
     -3.78  3.51e+27
      -4.3  1.04e+28
     -4.81  1.24e+28
     -5.33  1.47e+28
     -5.85 -1.27e+28
     -6.36 -2.06e+26
     -6.88  7.61e+27
      -7.4  8.34e+26
     -7.91 -2.56e+27
     -8.43 -2.92e+27
     -8.95  -3.4e+27
     -9.46 -4.16e+27
     -9.98  6.81e+26
     -10.5  4.47e+26
       -11  1.48e+27
     -11.5 -4.01e+27
       -12 -9.31e+27
     -12.6 -4.54e+27
     -13.1 -2.63e+27
     -13.6  2.88e+27
     -14.1  2.21e+27
     -14.6  6.36e+26
     -15.1  3.35e+27
     -15.7  3.62e+26
     -16.2  4.61e+26
     -16.7 -4.83e+26
     -17.2  -6.9e+26
     -17.7  2.07e+26
     -18.2  5.78e+26
     -18.8 -1.13e+27
     -19.3 -1.34e+25
     -19.8 -3.23e+26
     -20.3  2.27e+26
     -20.8 -7.38e+26
     -21.3   4.4e+26
     -21.9  1.96e+26
     -22.4 -3.24e+26
     -22.9 -3.61e+26
     -23.4  4.62e+25
     -23.9 -7.33e+26
     -24.4 -3.01e+26
       -25  2.25e+26
     -25.5 -4.17e+25
       -26 -1.59e+26
     -26.5  -5.2e+26
       -27  2.78e+26
     -27.5  2.27e+26
     -28.1 -2.46e+26
     -28.6  3.42e+25
     -29.1 -9.71e+25
     -29.6  6.54e+25
     -30.1 -3.09e+25
     -30.6 -9.61e+24
     -31.2  9.34e+24
     -31.7 -1.34e+25
     -32.2  1.33e+24
     -32.7  3.07e+24
     -33.2 -1.83e+24
     -33.7   5.8e+24
     -34.3  2.32e+23
     -34.8 -5.49e+22
     -35.3  5.54e+21
     -35.8  2.26e+23
     -36.3  1.94e+21
     -36.8 -1.62e+21
     -37.4 -1.08e+21

pressure[atm]        = 100
temperature[K]           = 1300
energy step[1/cm]        = 181
maximum energy[kcal/mol] = 131

bimolecular PEDs:
   E, kcal    P1->P2
       131  1.46e+33
       130   1.6e+33
       130  1.75e+33
       129  1.91e+33
       128  2.09e+33
       128  2.28e+33
       127  2.49e+33
       127  2.71e+33
       126  2.96e+33
       126  3.23e+33
       125  3.52e+33
       125  3.83e+33
       124  4.17e+33
       124  4.54e+33
       123  4.94e+33
       123  5.38e+33
       122  5.85e+33
       122  6.36e+33
       121  6.91e+33
       121  7.51e+33
       120  8.15e+33
       120  8.85e+33
       119   9.6e+33
       119  1.04e+34
       118  1.13e+34
       118  1.22e+34
       117  1.33e+34
       117  1.44e+34
       116  1.55e+34
       116  1.68e+34
       115  1.82e+34
       115  1.97e+34
       114  2.13e+34
       114   2.3e+34
       113  2.48e+34
       112  2.68e+34
       112  2.89e+34
       111  3.12e+34
       111  3.36e+34
       110  3.63e+34
       110  3.91e+34
       109  4.21e+34
       109  4.53e+34
       108  4.87e+34
       108  5.24e+34
       107  5.63e+34
       107  6.05e+34
       106   6.5e+34
       106  6.98e+34
       105  7.49e+34
       105  8.04e+34
       104  8.62e+34
       104  9.23e+34
       103  9.89e+34
       103  1.06e+35
       102  1.13e+35
       102  1.21e+35
       101   1.3e+35
       101  1.39e+35
       100  1.48e+35
      99.6  1.58e+35
        99  1.69e+35
      98.5   1.8e+35
        98  1.92e+35
      97.5  2.04e+35
        97  2.17e+35
      96.5  2.31e+35
      95.9  2.46e+35
      95.4  2.62e+35
      94.9  2.78e+35
      94.4  2.96e+35
      93.9  3.14e+35
      93.4  3.33e+35
      92.8  3.53e+35
      92.3  3.74e+35
      91.8  3.96e+35
      91.3  4.19e+35
      90.8  4.44e+35
      90.3  4.69e+35
      89.7  4.96e+35
      89.2  5.24e+35
      88.7  5.53e+35
      88.2  5.83e+35
      87.7  6.14e+35
      87.2  6.47e+35
      86.6  6.82e+35
      86.1  7.17e+35
      85.6  7.54e+35
      85.1  7.93e+35
      84.6  8.33e+35
      84.1  8.74e+35
      83.5  9.17e+35
        83  9.61e+35
      82.5  1.01e+36
        82  1.05e+36
      81.5   1.1e+36
        81  1.15e+36
      80.4   1.2e+36
      79.9  1.26e+36
      79.4  1.31e+36
      78.9  1.37e+36
      78.4  1.43e+36
      77.9  1.48e+36
      77.3  1.54e+36
      76.8   1.6e+36
      76.3  1.67e+36
      75.8  1.73e+36
      75.3   1.8e+36
      74.8  1.86e+36
      74.2  1.93e+36
      73.7  1.99e+36
      73.2  2.06e+36
      72.7  2.13e+36
      72.2   2.2e+36
      71.7  2.27e+36
      71.1  2.34e+36
      70.6  2.41e+36
      70.1  2.48e+36
      69.6  2.55e+36
      69.1  2.62e+36
      68.6  2.69e+36
        68  2.76e+36
      67.5  2.82e+36
        67  2.89e+36
      66.5  2.96e+36
        66  3.02e+36
      65.5  3.08e+36
      64.9  3.14e+36
      64.4   3.2e+36
      63.9  3.26e+36
      63.4  3.32e+36
      62.9  3.37e+36
      62.4  3.42e+36
      61.8  3.47e+36
      61.3  3.51e+36
      60.8  3.55e+36
      60.3  3.59e+36
      59.8  3.62e+36
      59.3  3.65e+36
      58.7  3.68e+36
      58.2   3.7e+36
      57.7  3.72e+36
      57.2  3.74e+36
      56.7  3.75e+36
      56.2  3.75e+36
      55.6  3.76e+36
      55.1  3.75e+36
      54.6  3.74e+36
      54.1  3.73e+36
      53.6  3.72e+36
      53.1  3.69e+36
      52.5  3.67e+36
        52  3.64e+36
      51.5   3.6e+36
        51  3.56e+36
      50.5  3.52e+36
        50  3.47e+36
      49.4  3.42e+36
      48.9  3.36e+36
      48.4   3.3e+36
      47.9  3.23e+36
      47.4  3.17e+36
      46.9  3.09e+36
      46.3  3.02e+36
      45.8  2.94e+36
      45.3  2.86e+36
      44.8  2.78e+36
      44.3  2.69e+36
      43.8  2.61e+36
      43.2  2.52e+36
      42.7  2.43e+36
      42.2  2.34e+36
      41.7  2.25e+36
      41.2  2.15e+36
      40.7  2.06e+36
      40.1  1.97e+36
      39.6  1.88e+36
      39.1  1.79e+36
      38.6   1.7e+36
      38.1  1.61e+36
      37.6  1.52e+36
        37  1.43e+36
      36.5  1.35e+36
        36  1.27e+36
      35.5  1.19e+36
        35  1.11e+36
      34.5  1.04e+36
      33.9  9.63e+35
      33.4  8.94e+35
      32.9  8.27e+35
      32.4  7.63e+35
      31.9  7.02e+35
      31.4  6.44e+35
      30.8   5.9e+35
      30.3  5.38e+35
      29.8  4.89e+35
      29.3  4.44e+35
      28.8  4.01e+35
      28.3  3.61e+35
      27.7  3.24e+35
      27.2  2.89e+35
      26.7  2.58e+35
      26.2  2.29e+35
      25.7  2.02e+35
      25.2  1.78e+35
      24.6  1.56e+35
      24.1  1.36e+35
      23.6  1.18e+35
      23.1  1.02e+35
      22.6  8.81e+34
      22.1  7.55e+34
      21.5  6.44e+34
        21  5.47e+34
      20.5  4.61e+34
        20  3.87e+34
      19.5  3.23e+34
        19  2.68e+34
      18.4  2.21e+34
      17.9  1.81e+34
      17.4  1.47e+34
      16.9  1.19e+34
      16.4  9.49e+33
      15.9  7.55e+33
      15.3  5.95e+33
      14.8  4.65e+33
      14.3   3.6e+33
      13.8  2.76e+33
      13.3  2.09e+33
      12.8  1.57e+33
      12.2  1.17e+33
      11.7  8.54e+32
      11.2  6.18e+32
      10.7  4.41e+32
      10.2   3.1e+32
      9.65  2.14e+32
      9.14  1.45e+32
      8.62  9.69e+31
       8.1  6.34e+31
      7.59  4.06e+31
      7.07  2.53e+31
      6.55  1.55e+31
      6.04  9.26e+30
      5.52  5.44e+30
         5  3.12e+30
      4.49  1.81e+30
      3.97  1.05e+30
      3.45  6.62e+29
      2.94  4.31e+29
      2.42  3.06e+29
       1.9  2.43e+29
      1.39  1.57e+29
     0.869  1.13e+29
     0.353  8.52e+28
    -0.164  7.03e+28
    -0.681  4.29e+28
      -1.2  3.39e+28
     -1.71  1.38e+28
     -2.23  1.05e+28
     -2.75  1.01e+27
     -3.26 -1.63e+27
     -3.78  2.96e+27
      -4.3  5.82e+27
     -4.81 -3.34e+27
     -5.33 -1.32e+28
     -5.85  8.77e+27
     -6.36 -7.64e+26
     -6.88 -6.16e+27
      -7.4  1.59e+27
     -7.91 -8.48e+26
     -8.43  7.17e+27
     -8.95   2.3e+26
     -9.46  9.36e+26
     -9.98  1.18e+27
     -10.5   2.3e+27
       -11  1.14e+27
     -11.5  5.13e+26
       -12 -4.59e+27
     -12.6  8.49e+26
     -13.1  -4.1e+27
     -13.6 -1.11e+27
     -14.1 -3.76e+26
     -14.6 -4.95e+26
     -15.1 -1.21e+27
     -15.7  1.43e+27
     -16.2 -2.43e+26
     -16.7 -6.69e+26
     -17.2  1.67e+26
     -17.7  6.64e+26
     -18.2   2.1e+26
     -18.8  4.87e+26
     -19.3  1.93e+27
     -19.8 -7.12e+26
     -20.3  -3.1e+26
     -20.8 -2.78e+26
     -21.3  1.24e+27
     -21.9 -6.62e+26
     -22.4 -3.57e+26
     -22.9   3.4e+25
     -23.4  5.56e+26
     -23.9  7.61e+26
     -24.4 -5.51e+26
       -25 -1.84e+26
     -25.5 -1.88e+24
       -26  5.62e+25
     -26.5    -1e+26
       -27  3.07e+26
     -27.5 -2.07e+26
     -28.1 -8.98e+25
     -28.6 -5.21e+25
     -29.1  1.24e+26
     -29.6 -3.57e+25
     -30.1  3.85e+25
     -30.6 -2.98e+25
     -31.2  3.05e+25
     -31.7 -1.16e+25
     -32.2  4.59e+24
     -32.7  -4.1e+24
     -33.2  3.19e+23
     -33.7  3.79e+23
     -34.3  -1.3e+23
     -34.8 -2.71e+22
     -35.3  5.28e+22
     -35.8 -3.25e+24
     -36.3 -3.81e+22
     -36.8  2.69e+22
     -37.4 -7.99e+19

pressure[atm]        = 0.01
temperature[K]           = 1400
energy step[1/cm]        = 195
maximum energy[kcal/mol] = 144

bimolecular PEDs:
   E, kcal    P1->P2
       144  2.33e+34
       143  2.55e+34
       143  2.79e+34
       142  3.04e+34
       142  3.32e+34
       141  3.63e+34
       141  3.96e+34
       140  4.32e+34
       139  4.71e+34
       139  5.13e+34
       138  5.59e+34
       138  6.09e+34
       137  6.63e+34
       137  7.21e+34
       136  7.85e+34
       136  8.54e+34
       135  9.28e+34
       134  1.01e+35
       134   1.1e+35
       133  1.19e+35
       133  1.29e+35
       132   1.4e+35
       132  1.52e+35
       131  1.65e+35
       131  1.79e+35
       130  1.94e+35
       129   2.1e+35
       129  2.27e+35
       128  2.46e+35
       128  2.66e+35
       127  2.88e+35
       127  3.12e+35
       126  3.37e+35
       126  3.64e+35
       125  3.93e+35
       124  4.24e+35
       124  4.58e+35
       123  4.94e+35
       123  5.32e+35
       122  5.74e+35
       122  6.18e+35
       121  6.65e+35
       121  7.16e+35
       120  7.71e+35
       119  8.29e+35
       119  8.91e+35
       118  9.57e+35
       118  1.03e+36
       117   1.1e+36
       117  1.18e+36
       116  1.27e+36
       116  1.36e+36
       115  1.46e+36
       114  1.56e+36
       114  1.67e+36
       113  1.79e+36
       113  1.92e+36
       112  2.05e+36
       112  2.19e+36
       111  2.34e+36
       111   2.5e+36
       110  2.66e+36
       109  2.84e+36
       109  3.03e+36
       108  3.23e+36
       108  3.44e+36
       107  3.66e+36
       107  3.89e+36
       106  4.14e+36
       106   4.4e+36
       105  4.67e+36
       104  4.96e+36
       104  5.27e+36
       103  5.58e+36
       103  5.92e+36
       102  6.27e+36
       102  6.64e+36
       101  7.03e+36
       101  7.43e+36
       100  7.85e+36
      99.4   8.3e+36
      98.8  8.76e+36
      98.3  9.25e+36
      97.7  9.75e+36
      97.2  1.03e+37
      96.6  1.08e+37
      96.1  1.14e+37
      95.5   1.2e+37
      94.9  1.26e+37
      94.4  1.32e+37
      93.8  1.39e+37
      93.3  1.46e+37
      92.7  1.53e+37
      92.2  1.61e+37
      91.6  1.68e+37
      91.1  1.76e+37
      90.5  1.84e+37
      89.9  1.92e+37
      89.4  2.01e+37
      88.8   2.1e+37
      88.3  2.19e+37
      87.7  2.28e+37
      87.2  2.38e+37
      86.6  2.47e+37
        86  2.57e+37
      85.5  2.67e+37
      84.9  2.78e+37
      84.4  2.88e+37
      83.8  2.99e+37
      83.3   3.1e+37
      82.7  3.21e+37
      82.1  3.32e+37
      81.6  3.43e+37
        81  3.55e+37
      80.5  3.66e+37
      79.9  3.78e+37
      79.4  3.89e+37
      78.8  4.01e+37
      78.3  4.13e+37
      77.7  4.24e+37
      77.1  4.36e+37
      76.6  4.47e+37
        76  4.59e+37
      75.5   4.7e+37
      74.9  4.81e+37
      74.4  4.92e+37
      73.8  5.03e+37
      73.2  5.14e+37
      72.7  5.24e+37
      72.1  5.34e+37
      71.6  5.44e+37
        71  5.53e+37
      70.5  5.62e+37
      69.9   5.7e+37
      69.4  5.79e+37
      68.8  5.86e+37
      68.2  5.93e+37
      67.7     6e+37
      67.1  6.06e+37
      66.6  6.11e+37
        66  6.16e+37
      65.5   6.2e+37
      64.9  6.24e+37
      64.3  6.27e+37
      63.8  6.29e+37
      63.2   6.3e+37
      62.7  6.31e+37
      62.1  6.31e+37
      61.6   6.3e+37
        61  6.29e+37
      60.4  6.27e+37
      59.9  6.24e+37
      59.3   6.2e+37
      58.8  6.15e+37
      58.2   6.1e+37
      57.7  6.04e+37
      57.1  5.97e+37
      56.6   5.9e+37
        56  5.82e+37
      55.4  5.73e+37
      54.9  5.63e+37
      54.3  5.53e+37
      53.8  5.42e+37
      53.2  5.31e+37
      52.7  5.19e+37
      52.1  5.07e+37
      51.5  4.94e+37
        51   4.8e+37
      50.4  4.67e+37
      49.9  4.53e+37
      49.3  4.38e+37
      48.8  4.23e+37
      48.2  4.09e+37
      47.7  3.94e+37
      47.1  3.78e+37
      46.5  3.63e+37
        46  3.48e+37
      45.4  3.33e+37
      44.9  3.18e+37
      44.3  3.03e+37
      43.8  2.88e+37
      43.2  2.73e+37
      42.6  2.58e+37
      42.1  2.44e+37
      41.5   2.3e+37
        41  2.16e+37
      40.4  2.03e+37
      39.9   1.9e+37
      39.3  1.78e+37
      38.7  1.66e+37
      38.2  1.54e+37
      37.6  1.43e+37
      37.1  1.32e+37
      36.5  1.22e+37
        36  1.12e+37
      35.4  1.03e+37
      34.9  9.42e+36
      34.3   8.6e+36
      33.7  7.82e+36
      33.2   7.1e+36
      32.6  6.42e+36
      32.1  5.79e+36
      31.5   5.2e+36
        31  4.66e+36
      30.4  4.16e+36
      29.8   3.7e+36
      29.3  3.27e+36
      28.7  2.89e+36
      28.2  2.54e+36
      27.6  2.22e+36
      27.1  1.94e+36
      26.5  1.68e+36
        26  1.45e+36
      25.4  1.25e+36
      24.8  1.07e+36
      24.3  9.11e+35
      23.7  7.72e+35
      23.2  6.51e+35
      22.6  5.46e+35
      22.1  4.56e+35
      21.5  3.78e+35
      20.9  3.11e+35
      20.4  2.55e+35
      19.8  2.07e+35
      19.3  1.68e+35
      18.7  1.34e+35
      18.2  1.07e+35
      17.6  8.45e+34
        17  6.62e+34
      16.5  5.14e+34
      15.9  3.96e+34
      15.4  3.02e+34
      14.8  2.27e+34
      14.3   1.7e+34
      13.7  1.25e+34
      13.2  9.12e+33
      12.6  6.55e+33
        12  4.65e+33
      11.5  3.24e+33
      10.9  2.23e+33
      10.4   1.5e+33
      9.82  9.92e+32
      9.26  6.42e+32
       8.7  4.05e+32
      8.15  2.49e+32
      7.59  1.49e+32
      7.03  8.56e+31
      6.48  4.71e+31
      5.92  2.47e+31
      5.36  1.23e+31
      4.81  5.66e+30
      4.25  2.44e+30
       3.7  9.64e+29
      3.14  8.25e+28
      2.58  2.08e+29
      2.03 -7.29e+28
      1.47 -1.48e+29
     0.913 -1.64e+29
     0.357 -4.17e+28
      -0.2  1.29e+27
    -0.756  4.81e+27
     -1.31  4.02e+28
     -1.87  4.74e+28
     -2.43 -2.62e+28
     -2.98  1.34e+28
     -3.54  -2.5e+27
     -4.09  3.96e+28
     -4.65  6.58e+28
     -5.21  4.83e+27
     -5.76  7.03e+28
     -6.32  1.55e+28
     -6.88  2.43e+28
     -7.43  1.01e+28
     -7.99  1.55e+28
     -8.55  2.45e+27
      -9.1  2.45e+28
     -9.66  4.89e+28
     -10.2     2e+28
     -10.8  3.97e+27
     -11.3   8.6e+27
     -11.9 -9.62e+27
     -12.4  -2.7e+28
       -13  1.04e+27
     -13.6  5.48e+27
     -14.1 -1.01e+28
     -14.7  1.04e+28
     -15.2  8.42e+27
     -15.8 -2.21e+27
     -16.3  8.59e+27
     -16.9  4.39e+27
     -17.4 -8.35e+27
       -18     8e+27
     -18.6  5.55e+27
     -19.1  3.12e+27
     -19.7  9.03e+26
     -20.2 -5.78e+27
     -20.8 -5.74e+25
     -21.3  -1.1e+27
     -21.9  1.31e+27
     -22.5 -1.27e+27
       -23 -1.15e+27
     -23.6  8.96e+26
     -24.1  2.51e+27
     -24.7 -5.87e+26
     -25.2  4.72e+26
     -25.8 -6.42e+26
     -26.4  2.59e+26
     -26.9  -6.6e+26
     -27.5 -4.61e+26
       -28  6.77e+26
     -28.6  2.15e+26
     -29.1  1.34e+26
     -29.7 -3.27e+26
     -30.2 -1.59e+25
     -30.8  9.14e+25
     -31.4 -5.41e+25
     -31.9  1.56e+25
     -32.5  1.79e+22
       -33 -6.51e+23
     -33.6  4.68e+23
     -34.1  -5.4e+22
     -34.7  4.57e+23
     -35.3 -2.28e+21
     -35.8  6.65e+20
     -36.4     2e+20
     -36.9  1.05e+20
     -37.5 -6.51e+22

pressure[atm]        = 0.1
temperature[K]           = 1400
energy step[1/cm]        = 195
maximum energy[kcal/mol] = 144

bimolecular PEDs:
   E, kcal    P1->P2
       144  2.33e+34
       143  2.55e+34
       143  2.79e+34
       142  3.04e+34
       142  3.32e+34
       141  3.63e+34
       141  3.96e+34
       140  4.32e+34
       139  4.71e+34
       139  5.13e+34
       138  5.59e+34
       138  6.09e+34
       137  6.63e+34
       137  7.21e+34
       136  7.85e+34
       136  8.54e+34
       135  9.28e+34
       134  1.01e+35
       134   1.1e+35
       133  1.19e+35
       133  1.29e+35
       132   1.4e+35
       132  1.52e+35
       131  1.65e+35
       131  1.79e+35
       130  1.94e+35
       129   2.1e+35
       129  2.27e+35
       128  2.46e+35
       128  2.66e+35
       127  2.88e+35
       127  3.12e+35
       126  3.37e+35
       126  3.64e+35
       125  3.93e+35
       124  4.24e+35
       124  4.58e+35
       123  4.94e+35
       123  5.32e+35
       122  5.74e+35
       122  6.18e+35
       121  6.65e+35
       121  7.16e+35
       120  7.71e+35
       119  8.29e+35
       119  8.91e+35
       118  9.57e+35
       118  1.03e+36
       117   1.1e+36
       117  1.18e+36
       116  1.27e+36
       116  1.36e+36
       115  1.46e+36
       114  1.56e+36
       114  1.67e+36
       113  1.79e+36
       113  1.92e+36
       112  2.05e+36
       112  2.19e+36
       111  2.34e+36
       111   2.5e+36
       110  2.66e+36
       109  2.84e+36
       109  3.03e+36
       108  3.23e+36
       108  3.44e+36
       107  3.66e+36
       107  3.89e+36
       106  4.14e+36
       106   4.4e+36
       105  4.67e+36
       104  4.96e+36
       104  5.27e+36
       103  5.58e+36
       103  5.92e+36
       102  6.27e+36
       102  6.64e+36
       101  7.03e+36
       101  7.43e+36
       100  7.85e+36
      99.4   8.3e+36
      98.8  8.76e+36
      98.3  9.25e+36
      97.7  9.75e+36
      97.2  1.03e+37
      96.6  1.08e+37
      96.1  1.14e+37
      95.5   1.2e+37
      94.9  1.26e+37
      94.4  1.32e+37
      93.8  1.39e+37
      93.3  1.46e+37
      92.7  1.53e+37
      92.2  1.61e+37
      91.6  1.68e+37
      91.1  1.76e+37
      90.5  1.84e+37
      89.9  1.92e+37
      89.4  2.01e+37
      88.8   2.1e+37
      88.3  2.19e+37
      87.7  2.28e+37
      87.2  2.38e+37
      86.6  2.47e+37
        86  2.57e+37
      85.5  2.67e+37
      84.9  2.78e+37
      84.4  2.88e+37
      83.8  2.99e+37
      83.3   3.1e+37
      82.7  3.21e+37
      82.1  3.32e+37
      81.6  3.43e+37
        81  3.55e+37
      80.5  3.66e+37
      79.9  3.78e+37
      79.4  3.89e+37
      78.8  4.01e+37
      78.3  4.13e+37
      77.7  4.24e+37
      77.1  4.36e+37
      76.6  4.47e+37
        76  4.59e+37
      75.5   4.7e+37
      74.9  4.81e+37
      74.4  4.92e+37
      73.8  5.03e+37
      73.2  5.14e+37
      72.7  5.24e+37
      72.1  5.34e+37
      71.6  5.44e+37
        71  5.53e+37
      70.5  5.62e+37
      69.9   5.7e+37
      69.4  5.79e+37
      68.8  5.86e+37
      68.2  5.93e+37
      67.7     6e+37
      67.1  6.06e+37
      66.6  6.11e+37
        66  6.16e+37
      65.5   6.2e+37
      64.9  6.24e+37
      64.3  6.27e+37
      63.8  6.29e+37
      63.2   6.3e+37
      62.7  6.31e+37
      62.1  6.31e+37
      61.6   6.3e+37
        61  6.29e+37
      60.4  6.27e+37
      59.9  6.24e+37
      59.3   6.2e+37
      58.8  6.15e+37
      58.2   6.1e+37
      57.7  6.04e+37
      57.1  5.97e+37
      56.6   5.9e+37
        56  5.82e+37
      55.4  5.73e+37
      54.9  5.63e+37
      54.3  5.53e+37
      53.8  5.42e+37
      53.2  5.31e+37
      52.7  5.19e+37
      52.1  5.07e+37
      51.5  4.94e+37
        51   4.8e+37
      50.4  4.67e+37
      49.9  4.53e+37
      49.3  4.38e+37
      48.8  4.23e+37
      48.2  4.09e+37
      47.7  3.94e+37
      47.1  3.78e+37
      46.5  3.63e+37
        46  3.48e+37
      45.4  3.33e+37
      44.9  3.18e+37
      44.3  3.03e+37
      43.8  2.88e+37
      43.2  2.73e+37
      42.6  2.58e+37
      42.1  2.44e+37
      41.5   2.3e+37
        41  2.16e+37
      40.4  2.03e+37
      39.9   1.9e+37
      39.3  1.78e+37
      38.7  1.66e+37
      38.2  1.54e+37
      37.6  1.43e+37
      37.1  1.32e+37
      36.5  1.22e+37
        36  1.12e+37
      35.4  1.03e+37
      34.9  9.42e+36
      34.3   8.6e+36
      33.7  7.82e+36
      33.2   7.1e+36
      32.6  6.42e+36
      32.1  5.79e+36
      31.5   5.2e+36
        31  4.66e+36
      30.4  4.16e+36
      29.8   3.7e+36
      29.3  3.27e+36
      28.7  2.89e+36
      28.2  2.54e+36
      27.6  2.22e+36
      27.1  1.94e+36
      26.5  1.68e+36
        26  1.45e+36
      25.4  1.25e+36
      24.8  1.07e+36
      24.3  9.11e+35
      23.7  7.72e+35
      23.2  6.51e+35
      22.6  5.46e+35
      22.1  4.56e+35
      21.5  3.78e+35
      20.9  3.11e+35
      20.4  2.55e+35
      19.8  2.07e+35
      19.3  1.68e+35
      18.7  1.34e+35
      18.2  1.07e+35
      17.6  8.45e+34
        17  6.62e+34
      16.5  5.14e+34
      15.9  3.96e+34
      15.4  3.02e+34
      14.8  2.27e+34
      14.3   1.7e+34
      13.7  1.25e+34
      13.2  9.12e+33
      12.6  6.55e+33
        12  4.65e+33
      11.5  3.24e+33
      10.9  2.23e+33
      10.4   1.5e+33
      9.82  9.92e+32
      9.26  6.42e+32
       8.7  4.05e+32
      8.15  2.49e+32
      7.59  1.49e+32
      7.03  8.54e+31
      6.48  4.72e+31
      5.92  2.49e+31
      5.36  1.23e+31
      4.81  5.79e+30
      4.25   2.4e+30
       3.7  8.18e+29
      3.14  4.04e+29
      2.58 -7.74e+28
      2.03  4.92e+27
      1.47 -1.72e+28
     0.913  1.06e+29
     0.357  3.24e+28
      -0.2 -5.54e+27
    -0.756  6.43e+28
     -1.31 -1.26e+29
     -1.87  7.03e+28
     -2.43  1.94e+28
     -2.98   9.4e+28
     -3.54 -1.12e+28
     -4.09  7.55e+27
     -4.65  3.03e+28
     -5.21  1.89e+27
     -5.76  1.39e+29
     -6.32  -2.4e+28
     -6.88  2.44e+27
     -7.43 -2.71e+28
     -7.99 -5.72e+28
     -8.55  3.67e+28
      -9.1  4.13e+28
     -9.66  3.42e+28
     -10.2  2.64e+28
     -10.8 -3.69e+27
     -11.3 -2.52e+28
     -11.9 -4.03e+27
     -12.4  2.46e+28
       -13 -1.29e+28
     -13.6 -3.34e+28
     -14.1 -8.71e+27
     -14.7 -1.43e+28
     -15.2 -8.44e+27
     -15.8   4.7e+27
     -16.3 -6.96e+27
     -16.9  2.73e+27
     -17.4 -8.39e+27
       -18  1.03e+27
     -18.6 -1.03e+28
     -19.1 -1.18e+26
     -19.7  6.32e+27
     -20.2 -1.12e+26
     -20.8 -6.51e+27
     -21.3  3.78e+27
     -21.9 -2.99e+27
     -22.5     4e+27
       -23  -2.5e+27
     -23.6 -8.42e+26
     -24.1  -5.3e+26
     -24.7     1e+27
     -25.2 -2.51e+27
     -25.8  5.31e+26
     -26.4 -1.54e+27
     -26.9 -1.36e+27
     -27.5  5.19e+26
       -28  1.52e+26
     -28.6 -1.73e+26
     -29.1 -7.38e+25
     -29.7  1.85e+26
     -30.2 -3.87e+26
     -30.8  2.24e+25
     -31.4  3.32e+24
     -31.9 -3.41e+24
     -32.5  1.05e+24
       -33 -8.39e+23
     -33.6  2.17e+23
     -34.1  2.19e+23
     -34.7 -5.27e+24
     -35.3  2.96e+22
     -35.8 -1.66e+20
     -36.4   7.9e+19
     -36.9  3.76e+19
     -37.5 -3.06e+15

pressure[atm]        = 1
temperature[K]           = 1400
energy step[1/cm]        = 195
maximum energy[kcal/mol] = 144

bimolecular PEDs:
   E, kcal    P1->P2
       144  2.33e+34
       143  2.55e+34
       143  2.79e+34
       142  3.04e+34
       142  3.32e+34
       141  3.63e+34
       141  3.96e+34
       140  4.32e+34
       139  4.71e+34
       139  5.13e+34
       138  5.59e+34
       138  6.09e+34
       137  6.63e+34
       137  7.21e+34
       136  7.85e+34
       136  8.54e+34
       135  9.28e+34
       134  1.01e+35
       134   1.1e+35
       133  1.19e+35
       133  1.29e+35
       132   1.4e+35
       132  1.52e+35
       131  1.65e+35
       131  1.79e+35
       130  1.94e+35
       129   2.1e+35
       129  2.27e+35
       128  2.46e+35
       128  2.66e+35
       127  2.88e+35
       127  3.12e+35
       126  3.37e+35
       126  3.64e+35
       125  3.93e+35
       124  4.24e+35
       124  4.58e+35
       123  4.94e+35
       123  5.32e+35
       122  5.74e+35
       122  6.18e+35
       121  6.65e+35
       121  7.16e+35
       120  7.71e+35
       119  8.29e+35
       119  8.91e+35
       118  9.57e+35
       118  1.03e+36
       117   1.1e+36
       117  1.18e+36
       116  1.27e+36
       116  1.36e+36
       115  1.46e+36
       114  1.56e+36
       114  1.67e+36
       113  1.79e+36
       113  1.92e+36
       112  2.05e+36
       112  2.19e+36
       111  2.34e+36
       111   2.5e+36
       110  2.66e+36
       109  2.84e+36
       109  3.03e+36
       108  3.23e+36
       108  3.44e+36
       107  3.66e+36
       107  3.89e+36
       106  4.14e+36
       106   4.4e+36
       105  4.67e+36
       104  4.96e+36
       104  5.27e+36
       103  5.58e+36
       103  5.92e+36
       102  6.27e+36
       102  6.64e+36
       101  7.03e+36
       101  7.43e+36
       100  7.85e+36
      99.4   8.3e+36
      98.8  8.76e+36
      98.3  9.25e+36
      97.7  9.75e+36
      97.2  1.03e+37
      96.6  1.08e+37
      96.1  1.14e+37
      95.5   1.2e+37
      94.9  1.26e+37
      94.4  1.32e+37
      93.8  1.39e+37
      93.3  1.46e+37
      92.7  1.53e+37
      92.2   1.6e+37
      91.6  1.68e+37
      91.1  1.76e+37
      90.5  1.84e+37
      89.9  1.92e+37
      89.4  2.01e+37
      88.8   2.1e+37
      88.3  2.19e+37
      87.7  2.28e+37
      87.2  2.38e+37
      86.6  2.47e+37
        86  2.57e+37
      85.5  2.67e+37
      84.9  2.78e+37
      84.4  2.88e+37
      83.8  2.99e+37
      83.3   3.1e+37
      82.7  3.21e+37
      82.1  3.32e+37
      81.6  3.43e+37
        81  3.55e+37
      80.5  3.66e+37
      79.9  3.78e+37
      79.4  3.89e+37
      78.8  4.01e+37
      78.3  4.13e+37
      77.7  4.24e+37
      77.1  4.36e+37
      76.6  4.47e+37
        76  4.59e+37
      75.5   4.7e+37
      74.9  4.81e+37
      74.4  4.92e+37
      73.8  5.03e+37
      73.2  5.14e+37
      72.7  5.24e+37
      72.1  5.34e+37
      71.6  5.44e+37
        71  5.53e+37
      70.5  5.62e+37
      69.9   5.7e+37
      69.4  5.79e+37
      68.8  5.86e+37
      68.2  5.93e+37
      67.7     6e+37
      67.1  6.06e+37
      66.6  6.11e+37
        66  6.16e+37
      65.5   6.2e+37
      64.9  6.24e+37
      64.3  6.27e+37
      63.8  6.29e+37
      63.2   6.3e+37
      62.7  6.31e+37
      62.1  6.31e+37
      61.6   6.3e+37
        61  6.29e+37
      60.4  6.27e+37
      59.9  6.24e+37
      59.3   6.2e+37
      58.8  6.15e+37
      58.2   6.1e+37
      57.7  6.04e+37
      57.1  5.97e+37
      56.6   5.9e+37
        56  5.82e+37
      55.4  5.73e+37
      54.9  5.63e+37
      54.3  5.53e+37
      53.8  5.42e+37
      53.2  5.31e+37
      52.7  5.19e+37
      52.1  5.07e+37
      51.5  4.94e+37
        51   4.8e+37
      50.4  4.67e+37
      49.9  4.53e+37
      49.3  4.38e+37
      48.8  4.23e+37
      48.2  4.09e+37
      47.7  3.94e+37
      47.1  3.78e+37
      46.5  3.63e+37
        46  3.48e+37
      45.4  3.33e+37
      44.9  3.18e+37
      44.3  3.03e+37
      43.8  2.88e+37
      43.2  2.73e+37
      42.6  2.58e+37
      42.1  2.44e+37
      41.5   2.3e+37
        41  2.16e+37
      40.4  2.03e+37
      39.9   1.9e+37
      39.3  1.78e+37
      38.7  1.66e+37
      38.2  1.54e+37
      37.6  1.43e+37
      37.1  1.32e+37
      36.5  1.22e+37
        36  1.12e+37
      35.4  1.03e+37
      34.9  9.42e+36
      34.3   8.6e+36
      33.7  7.82e+36
      33.2   7.1e+36
      32.6  6.42e+36
      32.1  5.79e+36
      31.5   5.2e+36
        31  4.66e+36
      30.4  4.16e+36
      29.8   3.7e+36
      29.3  3.27e+36
      28.7  2.89e+36
      28.2  2.54e+36
      27.6  2.22e+36
      27.1  1.94e+36
      26.5  1.68e+36
        26  1.45e+36
      25.4  1.25e+36
      24.8  1.07e+36
      24.3  9.11e+35
      23.7  7.72e+35
      23.2  6.51e+35
      22.6  5.46e+35
      22.1  4.56e+35
      21.5  3.78e+35
      20.9  3.11e+35
      20.4  2.55e+35
      19.8  2.07e+35
      19.3  1.68e+35
      18.7  1.34e+35
      18.2  1.07e+35
      17.6  8.45e+34
        17  6.62e+34
      16.5  5.14e+34
      15.9  3.96e+34
      15.4  3.02e+34
      14.8  2.27e+34
      14.3   1.7e+34
      13.7  1.25e+34
      13.2  9.12e+33
      12.6  6.56e+33
        12  4.65e+33
      11.5  3.24e+33
      10.9  2.23e+33
      10.4   1.5e+33
      9.82  9.93e+32
      9.26  6.42e+32
       8.7  4.06e+32
      8.15   2.5e+32
      7.59  1.49e+32
      7.03  8.56e+31
      6.48   4.7e+31
      5.92   2.5e+31
      5.36  1.25e+31
      4.81  5.74e+30
      4.25  2.58e+30
       3.7  1.05e+30
      3.14  4.98e+29
      2.58  1.18e+28
      2.03  2.02e+28
      1.47    -2e+28
     0.913 -2.88e+28
     0.357  7.83e+28
      -0.2  8.72e+28
    -0.756  1.29e+29
     -1.31 -4.41e+28
     -1.87 -2.34e+28
     -2.43 -1.33e+29
     -2.98 -3.19e+28
     -3.54 -4.39e+28
     -4.09  -2.7e+28
     -4.65 -5.23e+28
     -5.21  2.83e+28
     -5.76  1.41e+28
     -6.32 -2.88e+28
     -6.88 -3.94e+28
     -7.43 -5.24e+28
     -7.99 -6.09e+27
     -8.55  3.84e+28
      -9.1   1.1e+28
     -9.66  1.69e+27
     -10.2  2.23e+28
     -10.8  4.74e+27
     -11.3  2.29e+28
     -11.9  8.87e+27
     -12.4  -1.3e+28
       -13  1.58e+28
     -13.6 -9.23e+27
     -14.1  2.33e+27
     -14.7  1.45e+28
     -15.2 -2.87e+27
     -15.8  9.43e+26
     -16.3 -6.74e+27
     -16.9  -9.7e+26
     -17.4  7.48e+27
       -18  3.02e+27
     -18.6   4.6e+27
     -19.1 -2.28e+27
     -19.7  -7.4e+27
     -20.2   3.2e+27
     -20.8  2.11e+27
     -21.3 -3.66e+27
     -21.9  3.72e+27
     -22.5 -6.87e+26
       -23  5.02e+26
     -23.6 -9.63e+26
     -24.1 -5.27e+25
     -24.7  -1.3e+26
     -25.2 -1.11e+27
     -25.8 -1.16e+27
     -26.4  5.46e+26
     -26.9  5.85e+26
     -27.5 -6.49e+26
       -28 -2.89e+26
     -28.6 -2.47e+26
     -29.1  3.57e+26
     -29.7 -1.77e+26
     -30.2  2.24e+26
     -30.8 -7.05e+25
     -31.4  5.39e+24
     -31.9   1.7e+24
     -32.5  2.94e+23
       -33  1.04e+24
     -33.6  2.12e+23
     -34.1  7.53e+21
     -34.7  5.61e+21
     -35.3  1.02e+24
     -35.8 -1.31e+22
     -36.4 -5.09e+21
     -36.9 -1.85e+21
     -37.5 -1.66e+16

pressure[atm]        = 10
temperature[K]           = 1400
energy step[1/cm]        = 195
maximum energy[kcal/mol] = 144

bimolecular PEDs:
   E, kcal    P1->P2
       144  2.33e+34
       143  2.55e+34
       143  2.79e+34
       142  3.04e+34
       142  3.32e+34
       141  3.63e+34
       141  3.96e+34
       140  4.31e+34
       139   4.7e+34
       139  5.13e+34
       138  5.59e+34
       138  6.08e+34
       137  6.63e+34
       137  7.21e+34
       136  7.85e+34
       136  8.53e+34
       135  9.28e+34
       134  1.01e+35
       134   1.1e+35
       133  1.19e+35
       133  1.29e+35
       132   1.4e+35
       132  1.52e+35
       131  1.65e+35
       131  1.79e+35
       130  1.94e+35
       129   2.1e+35
       129  2.27e+35
       128  2.46e+35
       128  2.66e+35
       127  2.88e+35
       127  3.11e+35
       126  3.37e+35
       126  3.64e+35
       125  3.93e+35
       124  4.24e+35
       124  4.58e+35
       123  4.93e+35
       123  5.32e+35
       122  5.73e+35
       122  6.18e+35
       121  6.65e+35
       121  7.16e+35
       120   7.7e+35
       119  8.28e+35
       119  8.91e+35
       118  9.57e+35
       118  1.03e+36
       117   1.1e+36
       117  1.18e+36
       116  1.27e+36
       116  1.36e+36
       115  1.46e+36
       114  1.56e+36
       114  1.67e+36
       113  1.79e+36
       113  1.92e+36
       112  2.05e+36
       112  2.19e+36
       111  2.34e+36
       111   2.5e+36
       110  2.66e+36
       109  2.84e+36
       109  3.03e+36
       108  3.23e+36
       108  3.44e+36
       107  3.66e+36
       107  3.89e+36
       106  4.14e+36
       106   4.4e+36
       105  4.67e+36
       104  4.96e+36
       104  5.26e+36
       103  5.58e+36
       103  5.92e+36
       102  6.27e+36
       102  6.64e+36
       101  7.02e+36
       101  7.43e+36
       100  7.85e+36
      99.4   8.3e+36
      98.8  8.76e+36
      98.3  9.24e+36
      97.7  9.75e+36
      97.2  1.03e+37
      96.6  1.08e+37
      96.1  1.14e+37
      95.5   1.2e+37
      94.9  1.26e+37
      94.4  1.32e+37
      93.8  1.39e+37
      93.3  1.46e+37
      92.7  1.53e+37
      92.2   1.6e+37
      91.6  1.68e+37
      91.1  1.76e+37
      90.5  1.84e+37
      89.9  1.92e+37
      89.4  2.01e+37
      88.8   2.1e+37
      88.3  2.19e+37
      87.7  2.28e+37
      87.2  2.38e+37
      86.6  2.47e+37
        86  2.57e+37
      85.5  2.67e+37
      84.9  2.78e+37
      84.4  2.88e+37
      83.8  2.99e+37
      83.3   3.1e+37
      82.7  3.21e+37
      82.1  3.32e+37
      81.6  3.43e+37
        81  3.55e+37
      80.5  3.66e+37
      79.9  3.78e+37
      79.4  3.89e+37
      78.8  4.01e+37
      78.3  4.13e+37
      77.7  4.24e+37
      77.1  4.36e+37
      76.6  4.47e+37
        76  4.59e+37
      75.5   4.7e+37
      74.9  4.81e+37
      74.4  4.92e+37
      73.8  5.03e+37
      73.2  5.14e+37
      72.7  5.24e+37
      72.1  5.34e+37
      71.6  5.44e+37
        71  5.53e+37
      70.5  5.62e+37
      69.9   5.7e+37
      69.4  5.79e+37
      68.8  5.86e+37
      68.2  5.93e+37
      67.7     6e+37
      67.1  6.06e+37
      66.6  6.11e+37
        66  6.16e+37
      65.5   6.2e+37
      64.9  6.24e+37
      64.3  6.27e+37
      63.8  6.29e+37
      63.2   6.3e+37
      62.7  6.31e+37
      62.1  6.31e+37
      61.6   6.3e+37
        61  6.29e+37
      60.4  6.27e+37
      59.9  6.24e+37
      59.3   6.2e+37
      58.8  6.15e+37
      58.2   6.1e+37
      57.7  6.04e+37
      57.1  5.97e+37
      56.6   5.9e+37
        56  5.82e+37
      55.4  5.73e+37
      54.9  5.63e+37
      54.3  5.53e+37
      53.8  5.42e+37
      53.2  5.31e+37
      52.7  5.19e+37
      52.1  5.07e+37
      51.5  4.94e+37
        51   4.8e+37
      50.4  4.67e+37
      49.9  4.53e+37
      49.3  4.38e+37
      48.8  4.24e+37
      48.2  4.09e+37
      47.7  3.94e+37
      47.1  3.79e+37
      46.5  3.63e+37
        46  3.48e+37
      45.4  3.33e+37
      44.9  3.18e+37
      44.3  3.03e+37
      43.8  2.88e+37
      43.2  2.73e+37
      42.6  2.58e+37
      42.1  2.44e+37
      41.5   2.3e+37
        41  2.16e+37
      40.4  2.03e+37
      39.9   1.9e+37
      39.3  1.78e+37
      38.7  1.66e+37
      38.2  1.54e+37
      37.6  1.43e+37
      37.1  1.32e+37
      36.5  1.22e+37
        36  1.12e+37
      35.4  1.03e+37
      34.9  9.42e+36
      34.3   8.6e+36
      33.7  7.83e+36
      33.2   7.1e+36
      32.6  6.42e+36
      32.1  5.79e+36
      31.5   5.2e+36
        31  4.66e+36
      30.4  4.16e+36
      29.8   3.7e+36
      29.3  3.28e+36
      28.7  2.89e+36
      28.2  2.54e+36
      27.6  2.22e+36
      27.1  1.94e+36
      26.5  1.68e+36
        26  1.45e+36
      25.4  1.25e+36
      24.8  1.07e+36
      24.3  9.12e+35
      23.7  7.73e+35
      23.2  6.52e+35
      22.6  5.47e+35
      22.1  4.56e+35
      21.5  3.78e+35
      20.9  3.12e+35
      20.4  2.55e+35
      19.8  2.08e+35
      19.3  1.68e+35
      18.7  1.35e+35
      18.2  1.07e+35
      17.6  8.46e+34
        17  6.63e+34
      16.5  5.15e+34
      15.9  3.96e+34
      15.4  3.02e+34
      14.8  2.28e+34
      14.3   1.7e+34
      13.7  1.25e+34
      13.2  9.14e+33
      12.6  6.57e+33
        12  4.66e+33
      11.5  3.26e+33
      10.9  2.24e+33
      10.4  1.51e+33
      9.82  9.99e+32
      9.26  6.47e+32
       8.7  4.09e+32
      8.15  2.52e+32
      7.59  1.51e+32
      7.03  8.73e+31
      6.48  4.85e+31
      5.92   2.6e+31
      5.36  1.31e+31
      4.81  6.38e+30
      4.25  2.93e+30
       3.7  1.38e+30
      3.14   5.5e+29
      2.58  4.61e+29
      2.03  1.67e+29
      1.47  1.09e+29
     0.913 -2.17e+27
     0.357  1.92e+29
      -0.2   5.7e+28
    -0.756  1.02e+29
     -1.31  1.31e+29
     -1.87  8.24e+28
     -2.43 -5.31e+27
     -2.98   1.8e+28
     -3.54 -5.05e+28
     -4.09 -5.99e+28
     -4.65 -6.34e+28
     -5.21  -2.6e+28
     -5.76  -1.7e+28
     -6.32 -4.21e+28
     -6.88  2.04e+28
     -7.43  5.22e+28
     -7.99  6.26e+28
     -8.55  7.76e+28
      -9.1 -4.97e+28
     -9.66 -1.23e+28
     -10.2 -8.38e+27
     -10.8 -1.84e+28
     -11.3  8.72e+27
     -11.9 -4.13e+27
     -12.4  3.59e+27
       -13  1.46e+28
     -13.6 -2.74e+28
     -14.1  1.37e+28
     -14.7  7.24e+27
     -15.2 -6.84e+26
     -15.8 -1.62e+27
     -16.3  5.89e+27
     -16.9 -5.38e+27
     -17.4  1.59e+28
       -18  3.51e+27
     -18.6 -1.07e+28
     -19.1  1.07e+28
     -19.7 -4.45e+27
     -20.2 -8.71e+27
     -20.8  1.72e+27
     -21.3 -5.44e+27
     -21.9 -1.13e+27
     -22.5  2.71e+27
       -23 -3.22e+27
     -23.6  2.32e+27
     -24.1  9.61e+25
     -24.7 -1.11e+27
     -25.2  5.89e+26
     -25.8 -1.43e+27
     -26.4 -1.11e+26
     -26.9   7.4e+26
     -27.5 -7.08e+26
       -28 -5.71e+26
     -28.6 -8.93e+25
     -29.1 -3.29e+26
     -29.7  2.03e+26
     -30.2  3.04e+26
     -30.8 -7.58e+25
     -31.4  2.83e+25
     -31.9  8.91e+24
     -32.5 -2.92e+24
       -33  2.34e+24
     -33.6 -1.02e+24
     -34.1  7.08e+22
     -34.7 -7.43e+22
     -35.3 -1.04e+25
     -35.8  1.26e+23
     -36.4   2.7e+21
     -36.9 -1.66e+21
     -37.5  7.22e+17

pressure[atm]        = 100
temperature[K]           = 1400
energy step[1/cm]        = 195
maximum energy[kcal/mol] = 144

bimolecular PEDs:
   E, kcal    P1->P2
       144  2.32e+34
       143  2.54e+34
       143  2.77e+34
       142  3.03e+34
       142  3.31e+34
       141  3.61e+34
       141  3.94e+34
       140   4.3e+34
       139  4.69e+34
       139  5.11e+34
       138  5.57e+34
       138  6.07e+34
       137  6.61e+34
       137  7.19e+34
       136  7.83e+34
       136  8.51e+34
       135  9.26e+34
       134  1.01e+35
       134  1.09e+35
       133  1.19e+35
       133  1.29e+35
       132   1.4e+35
       132  1.52e+35
       131  1.65e+35
       131  1.78e+35
       130  1.93e+35
       129   2.1e+35
       129  2.27e+35
       128  2.46e+35
       128  2.66e+35
       127  2.87e+35
       127  3.11e+35
       126  3.36e+35
       126  3.63e+35
       125  3.92e+35
       124  4.23e+35
       124  4.57e+35
       123  4.92e+35
       123  5.31e+35
       122  5.72e+35
       122  6.17e+35
       121  6.64e+35
       121  7.15e+35
       120  7.69e+35
       119  8.27e+35
       119  8.89e+35
       118  9.55e+35
       118  1.03e+36
       117   1.1e+36
       117  1.18e+36
       116  1.27e+36
       116  1.36e+36
       115  1.46e+36
       114  1.56e+36
       114  1.67e+36
       113  1.79e+36
       113  1.91e+36
       112  2.04e+36
       112  2.19e+36
       111  2.33e+36
       111  2.49e+36
       110  2.66e+36
       109  2.84e+36
       109  3.02e+36
       108  3.22e+36
       108  3.43e+36
       107  3.65e+36
       107  3.89e+36
       106  4.13e+36
       106  4.39e+36
       105  4.67e+36
       104  4.95e+36
       104  5.26e+36
       103  5.57e+36
       103  5.91e+36
       102  6.26e+36
       102  6.63e+36
       101  7.01e+36
       101  7.42e+36
       100  7.84e+36
      99.4  8.29e+36
      98.8  8.75e+36
      98.3  9.23e+36
      97.7  9.74e+36
      97.2  1.03e+37
      96.6  1.08e+37
      96.1  1.14e+37
      95.5   1.2e+37
      94.9  1.26e+37
      94.4  1.32e+37
      93.8  1.39e+37
      93.3  1.46e+37
      92.7  1.53e+37
      92.2   1.6e+37
      91.6  1.68e+37
      91.1  1.76e+37
      90.5  1.84e+37
      89.9  1.92e+37
      89.4  2.01e+37
      88.8  2.09e+37
      88.3  2.19e+37
      87.7  2.28e+37
      87.2  2.37e+37
      86.6  2.47e+37
        86  2.57e+37
      85.5  2.67e+37
      84.9  2.77e+37
      84.4  2.88e+37
      83.8  2.99e+37
      83.3   3.1e+37
      82.7  3.21e+37
      82.1  3.32e+37
      81.6  3.43e+37
        81  3.54e+37
      80.5  3.66e+37
      79.9  3.77e+37
      79.4  3.89e+37
      78.8  4.01e+37
      78.3  4.12e+37
      77.7  4.24e+37
      77.1  4.35e+37
      76.6  4.47e+37
        76  4.58e+37
      75.5   4.7e+37
      74.9  4.81e+37
      74.4  4.92e+37
      73.8  5.03e+37
      73.2  5.13e+37
      72.7  5.24e+37
      72.1  5.34e+37
      71.6  5.43e+37
        71  5.53e+37
      70.5  5.62e+37
      69.9   5.7e+37
      69.4  5.78e+37
      68.8  5.86e+37
      68.2  5.93e+37
      67.7     6e+37
      67.1  6.06e+37
      66.6  6.11e+37
        66  6.16e+37
      65.5   6.2e+37
      64.9  6.24e+37
      64.3  6.27e+37
      63.8  6.29e+37
      63.2   6.3e+37
      62.7  6.31e+37
      62.1  6.31e+37
      61.6  6.31e+37
        61  6.29e+37
      60.4  6.27e+37
      59.9  6.24e+37
      59.3   6.2e+37
      58.8  6.16e+37
      58.2   6.1e+37
      57.7  6.04e+37
      57.1  5.97e+37
      56.6   5.9e+37
        56  5.82e+37
      55.4  5.73e+37
      54.9  5.63e+37
      54.3  5.53e+37
      53.8  5.42e+37
      53.2  5.31e+37
      52.7  5.19e+37
      52.1  5.07e+37
      51.5  4.94e+37
        51  4.81e+37
      50.4  4.67e+37
      49.9  4.53e+37
      49.3  4.39e+37
      48.8  4.24e+37
      48.2  4.09e+37
      47.7  3.94e+37
      47.1  3.79e+37
      46.5  3.64e+37
        46  3.48e+37
      45.4  3.33e+37
      44.9  3.18e+37
      44.3  3.03e+37
      43.8  2.88e+37
      43.2  2.73e+37
      42.6  2.59e+37
      42.1  2.44e+37
      41.5   2.3e+37
        41  2.17e+37
      40.4  2.04e+37
      39.9  1.91e+37
      39.3  1.78e+37
      38.7  1.66e+37
      38.2  1.54e+37
      37.6  1.43e+37
      37.1  1.32e+37
      36.5  1.22e+37
        36  1.12e+37
      35.4  1.03e+37
      34.9  9.45e+36
      34.3  8.62e+36
      33.7  7.85e+36
      33.2  7.12e+36
      32.6  6.44e+36
      32.1   5.8e+36
      31.5  5.22e+36
        31  4.67e+36
      30.4  4.17e+36
      29.8  3.71e+36
      29.3  3.29e+36
      28.7   2.9e+36
      28.2  2.55e+36
      27.6  2.23e+36
      27.1  1.95e+36
      26.5  1.69e+36
        26  1.46e+36
      25.4  1.26e+36
      24.8  1.08e+36
      24.3  9.17e+35
      23.7  7.77e+35
      23.2  6.56e+35
      22.6   5.5e+35
      22.1  4.59e+35
      21.5  3.81e+35
      20.9  3.14e+35
      20.4  2.57e+35
      19.8  2.09e+35
      19.3  1.69e+35
      18.7  1.36e+35
      18.2  1.08e+35
      17.6  8.56e+34
        17  6.72e+34
      16.5  5.22e+34
      15.9  4.02e+34
      15.4  3.07e+34
      14.8  2.32e+34
      14.3  1.73e+34
      13.7  1.28e+34
      13.2  9.37e+33
      12.6  6.76e+33
        12  4.81e+33
      11.5  3.38e+33
      10.9  2.33e+33
      10.4  1.59e+33
      9.82  1.06e+33
      9.26  6.94e+32
       8.7  4.46e+32
      8.15  2.81e+32
      7.59  1.73e+32
      7.03  1.04e+32
      6.48  6.14e+31
      5.92  3.57e+31
      5.36  2.07e+31
      4.81  1.19e+31
      4.25  7.12e+30
       3.7  4.36e+30
      3.14  2.93e+30
      2.58  1.99e+30
      2.03  1.48e+30
      1.47  1.05e+30
     0.913  8.27e+29
     0.357  4.55e+29
      -0.2  2.43e+29
    -0.756  3.71e+29
     -1.31  2.04e+29
     -1.87  3.66e+28
     -2.43  7.36e+28
     -2.98  1.43e+29
     -3.54  2.82e+28
     -4.09  1.75e+29
     -4.65  7.89e+28
     -5.21  3.11e+28
     -5.76  1.04e+29
     -6.32 -2.88e+28
     -6.88 -3.92e+28
     -7.43 -6.68e+28
     -7.99  1.63e+28
     -8.55  3.35e+27
      -9.1 -7.51e+28
     -9.66  -6.9e+28
     -10.2  4.94e+27
     -10.8 -2.12e+28
     -11.3 -3.85e+27
     -11.9  2.07e+27
     -12.4  6.74e+27
       -13  1.24e+28
     -13.6 -1.13e+28
     -14.1 -2.37e+27
     -14.7   1.1e+28
     -15.2 -5.63e+27
     -15.8  3.17e+27
     -16.3 -4.21e+26
     -16.9  5.22e+27
     -17.4 -4.86e+27
       -18 -2.86e+27
     -18.6 -1.39e+28
     -19.1  1.19e+28
     -19.7 -2.07e+27
     -20.2 -2.05e+25
     -20.8 -2.11e+27
     -21.3  5.34e+27
     -21.9 -4.58e+27
     -22.5 -2.93e+26
       -23 -1.54e+27
     -23.6 -3.35e+27
     -24.1 -1.27e+25
     -24.7 -1.56e+27
     -25.2 -1.32e+27
     -25.8  6.75e+26
     -26.4  1.12e+26
     -26.9 -1.63e+27
     -27.5 -5.92e+26
       -28  6.64e+26
     -28.6  5.82e+26
     -29.1 -1.87e+26
     -29.7   1.2e+26
     -30.2  2.59e+25
     -30.8  7.21e+24
     -31.4  3.97e+24
     -31.9 -1.83e+25
     -32.5  1.76e+23
       -33 -1.27e+23
     -33.6 -1.25e+23
     -34.1  7.67e+23
     -34.7  1.28e+23
     -35.3  1.55e+23
     -35.8 -3.21e+23
     -36.4  -1.4e+21
     -36.9  4.69e+21
     -37.5 -1.35e+19

pressure[atm]        = 0.01
temperature[K]           = 1500
energy step[1/cm]        = 209
maximum energy[kcal/mol] = 157

bimolecular PEDs:
   E, kcal    P1->P2
       157  3.16e+35
       157  3.45e+35
       156  3.77e+35
       156  4.11e+35
       155  4.49e+35
       154   4.9e+35
       154  5.35e+35
       153  5.83e+35
       153  6.35e+35
       152  6.92e+35
       151  7.54e+35
       151  8.22e+35
       150  8.94e+35
       150  9.73e+35
       149  1.06e+36
       148  1.15e+36
       148  1.25e+36
       147  1.36e+36
       147  1.48e+36
       146  1.61e+36
       145  1.74e+36
       145  1.89e+36
       144  2.05e+36
       144  2.22e+36
       143  2.41e+36
       143  2.61e+36
       142  2.83e+36
       141  3.06e+36
       141  3.32e+36
       140  3.59e+36
       140  3.88e+36
       139   4.2e+36
       138  4.53e+36
       138   4.9e+36
       137  5.29e+36
       137  5.71e+36
       136  6.16e+36
       135  6.64e+36
       135  7.16e+36
       134  7.72e+36
       134  8.32e+36
       133  8.95e+36
       132  9.64e+36
       132  1.04e+37
       131  1.12e+37
       131   1.2e+37
       130  1.29e+37
       129  1.38e+37
       129  1.49e+37
       128  1.59e+37
       128  1.71e+37
       127  1.83e+37
       126  1.96e+37
       126   2.1e+37
       125  2.25e+37
       125  2.41e+37
       124  2.58e+37
       123  2.76e+37
       123  2.95e+37
       122  3.15e+37
       122  3.36e+37
       121  3.59e+37
       120  3.82e+37
       120  4.08e+37
       119  4.34e+37
       119  4.63e+37
       118  4.93e+37
       117  5.24e+37
       117  5.57e+37
       116  5.92e+37
       116  6.29e+37
       115  6.68e+37
       114  7.09e+37
       114  7.52e+37
       113  7.97e+37
       113  8.45e+37
       112  8.95e+37
       112  9.47e+37
       111     1e+38
       110  1.06e+38
       110  1.12e+38
       109  1.18e+38
       109  1.25e+38
       108  1.32e+38
       107  1.39e+38
       107  1.46e+38
       106  1.54e+38
       106  1.62e+38
       105   1.7e+38
       104  1.79e+38
       104  1.88e+38
       103  1.97e+38
       103  2.07e+38
       102  2.17e+38
       101  2.27e+38
       101  2.38e+38
       100  2.49e+38
      99.6  2.61e+38
        99  2.72e+38
      98.4  2.85e+38
      97.8  2.97e+38
      97.2   3.1e+38
      96.6  3.23e+38
        96  3.36e+38
      95.4   3.5e+38
      94.8  3.64e+38
      94.2  3.78e+38
      93.6  3.93e+38
        93  4.08e+38
      92.4  4.23e+38
      91.8  4.38e+38
      91.2  4.54e+38
      90.6   4.7e+38
        90  4.85e+38
      89.4  5.01e+38
      88.8  5.18e+38
      88.3  5.34e+38
      87.7   5.5e+38
      87.1  5.67e+38
      86.5  5.83e+38
      85.9  5.99e+38
      85.3  6.16e+38
      84.7  6.32e+38
      84.1  6.48e+38
      83.5  6.64e+38
      82.9   6.8e+38
      82.3  6.95e+38
      81.7  7.11e+38
      81.1  7.26e+38
      80.5   7.4e+38
      79.9  7.54e+38
      79.3  7.68e+38
      78.7  7.82e+38
      78.1  7.94e+38
      77.5  8.06e+38
      76.9  8.18e+38
      76.3  8.29e+38
      75.7  8.39e+38
      75.1  8.49e+38
      74.5  8.58e+38
      73.9  8.65e+38
      73.3  8.73e+38
      72.8  8.79e+38
      72.2  8.84e+38
      71.6  8.89e+38
        71  8.92e+38
      70.4  8.95e+38
      69.8  8.96e+38
      69.2  8.97e+38
      68.6  8.96e+38
        68  8.94e+38
      67.4  8.92e+38
      66.8  8.88e+38
      66.2  8.83e+38
      65.6  8.77e+38
        65   8.7e+38
      64.4  8.62e+38
      63.8  8.53e+38
      63.2  8.43e+38
      62.6  8.32e+38
        62   8.2e+38
      61.4  8.08e+38
      60.8  7.94e+38
      60.2  7.79e+38
      59.6  7.64e+38
        59  7.48e+38
      58.4  7.31e+38
      57.8  7.13e+38
      57.3  6.95e+38
      56.7  6.76e+38
      56.1  6.56e+38
      55.5  6.37e+38
      54.9  6.16e+38
      54.3  5.96e+38
      53.7  5.75e+38
      53.1  5.54e+38
      52.5  5.33e+38
      51.9  5.11e+38
      51.3   4.9e+38
      50.7  4.69e+38
      50.1  4.48e+38
      49.5  4.26e+38
      48.9  4.06e+38
      48.3  3.85e+38
      47.7  3.65e+38
      47.1  3.45e+38
      46.5  3.25e+38
      45.9  3.06e+38
      45.3  2.88e+38
      44.7   2.7e+38
      44.1  2.52e+38
      43.5  2.35e+38
      42.9  2.19e+38
      42.3  2.03e+38
      41.8  1.88e+38
      41.2  1.74e+38
      40.6   1.6e+38
        40  1.48e+38
      39.4  1.35e+38
      38.8  1.24e+38
      38.2  1.13e+38
      37.6  1.03e+38
        37   9.3e+37
      36.4   8.4e+37
      35.8  7.57e+37
      35.2   6.8e+37
      34.6  6.09e+37
        34  5.43e+37
      33.4  4.83e+37
      32.8  4.28e+37
      32.2  3.78e+37
      31.6  3.33e+37
        31  2.91e+37
      30.4  2.54e+37
      29.8  2.21e+37
      29.2  1.92e+37
      28.6  1.65e+37
        28  1.42e+37
      27.4  1.21e+37
      26.8  1.03e+37
      26.3  8.68e+36
      25.7  7.29e+36
      25.1   6.1e+36
      24.5  5.08e+36
      23.9   4.2e+36
      23.3  3.45e+36
      22.7  2.82e+36
      22.1  2.29e+36
      21.5  1.85e+36
      20.9  1.48e+36
      20.3  1.18e+36
      19.7  9.28e+35
      19.1  7.27e+35
      18.5  5.64e+35
      17.9  4.34e+35
      17.3  3.31e+35
      16.7   2.5e+35
      16.1  1.87e+35
      15.5  1.38e+35
      14.9  1.01e+35
      14.3  7.27e+34
      13.7  5.18e+34
      13.1  3.63e+34
      12.5  2.51e+34
      11.9  1.71e+34
      11.3  1.14e+34
      10.8  7.49e+33
      10.2   4.8e+33
      9.56  3.01e+33
      8.96  1.84e+33
      8.37  1.09e+33
      7.77  6.26e+32
      7.17  3.44e+32
      6.58  1.81e+32
      5.98  9.09e+31
      5.39  4.26e+31
      4.79  1.78e+31
      4.19     9e+30
       3.6  2.43e+30
         3  6.95e+29
      2.41 -5.93e+29
      1.81 -9.27e+29
      1.21 -1.82e+29
     0.617  -2.7e+29
    0.0208  4.33e+28
    -0.575 -2.06e+29
     -1.17  5.46e+28
     -1.77 -1.86e+29
     -2.36  5.13e+29
     -2.96 -8.67e+28
     -3.56  -5.2e+29
     -4.15 -2.03e+28
     -4.75  -3.4e+29
     -5.34 -2.46e+29
     -5.94 -5.36e+28
     -6.54 -5.04e+28
     -7.13   6.8e+28
     -7.73 -2.09e+29
     -8.33 -3.19e+29
     -8.92 -3.14e+29
     -9.52 -1.61e+29
     -10.1  1.25e+29
     -10.7  1.15e+29
     -11.3  3.31e+29
     -11.9  1.55e+29
     -12.5  2.65e+28
     -13.1  1.69e+29
     -13.7 -6.99e+28
     -14.3  -3.4e+28
     -14.9 -8.93e+27
     -15.5  -1.7e+28
     -16.1  3.93e+28
     -16.7  2.41e+27
     -17.3 -1.34e+28
     -17.9   1.6e+28
     -18.5 -3.07e+28
     -19.1  3.25e+28
     -19.7 -1.96e+27
     -20.2 -4.73e+28
     -20.8  4.35e+28
     -21.4 -6.99e+27
       -22 -1.77e+28
     -22.6  4.37e+27
     -23.2 -2.27e+27
     -23.8  1.12e+28
     -24.4 -9.98e+27
       -25  9.27e+27
     -25.6 -7.93e+27
     -26.2  6.29e+27
     -26.8 -2.93e+26
     -27.4  4.78e+26
       -28  5.14e+27
     -28.6  3.48e+26
     -29.2  1.97e+26
     -29.8  1.53e+25
     -30.4  5.81e+25
       -31 -3.32e+25
     -31.6  1.24e+25
     -32.2  1.66e+24
     -32.8 -2.16e+24
     -33.4  4.43e+23
       -34 -1.77e+25
     -34.6  1.04e+23
     -35.2  6.22e+20
     -35.7  7.94e+19
     -36.3  2.16e+20
     -36.9 -4.48e+19
     -37.5  1.36e+15

pressure[atm]        = 0.1
temperature[K]           = 1500
energy step[1/cm]        = 209
maximum energy[kcal/mol] = 157

bimolecular PEDs:
   E, kcal    P1->P2
       157  3.16e+35
       157  3.45e+35
       156  3.77e+35
       156  4.11e+35
       155  4.49e+35
       154   4.9e+35
       154  5.35e+35
       153  5.83e+35
       153  6.35e+35
       152  6.92e+35
       151  7.54e+35
       151  8.22e+35
       150  8.94e+35
       150  9.73e+35
       149  1.06e+36
       148  1.15e+36
       148  1.25e+36
       147  1.36e+36
       147  1.48e+36
       146  1.61e+36
       145  1.74e+36
       145  1.89e+36
       144  2.05e+36
       144  2.22e+36
       143  2.41e+36
       143  2.61e+36
       142  2.83e+36
       141  3.06e+36
       141  3.32e+36
       140  3.59e+36
       140  3.88e+36
       139   4.2e+36
       138  4.53e+36
       138   4.9e+36
       137  5.29e+36
       137  5.71e+36
       136  6.16e+36
       135  6.64e+36
       135  7.16e+36
       134  7.72e+36
       134  8.32e+36
       133  8.95e+36
       132  9.64e+36
       132  1.04e+37
       131  1.12e+37
       131   1.2e+37
       130  1.29e+37
       129  1.38e+37
       129  1.49e+37
       128  1.59e+37
       128  1.71e+37
       127  1.83e+37
       126  1.96e+37
       126   2.1e+37
       125  2.25e+37
       125  2.41e+37
       124  2.58e+37
       123  2.76e+37
       123  2.95e+37
       122  3.15e+37
       122  3.36e+37
       121  3.59e+37
       120  3.82e+37
       120  4.08e+37
       119  4.34e+37
       119  4.63e+37
       118  4.93e+37
       117  5.24e+37
       117  5.57e+37
       116  5.92e+37
       116  6.29e+37
       115  6.68e+37
       114  7.09e+37
       114  7.52e+37
       113  7.97e+37
       113  8.45e+37
       112  8.95e+37
       112  9.47e+37
       111     1e+38
       110  1.06e+38
       110  1.12e+38
       109  1.18e+38
       109  1.25e+38
       108  1.32e+38
       107  1.39e+38
       107  1.46e+38
       106  1.54e+38
       106  1.62e+38
       105   1.7e+38
       104  1.79e+38
       104  1.88e+38
       103  1.97e+38
       103  2.07e+38
       102  2.17e+38
       101  2.27e+38
       101  2.38e+38
       100  2.49e+38
      99.6  2.61e+38
        99  2.72e+38
      98.4  2.85e+38
      97.8  2.97e+38
      97.2   3.1e+38
      96.6  3.23e+38
        96  3.36e+38
      95.4   3.5e+38
      94.8  3.64e+38
      94.2  3.78e+38
      93.6  3.93e+38
        93  4.08e+38
      92.4  4.23e+38
      91.8  4.38e+38
      91.2  4.54e+38
      90.6   4.7e+38
        90  4.85e+38
      89.4  5.01e+38
      88.8  5.18e+38
      88.3  5.34e+38
      87.7   5.5e+38
      87.1  5.67e+38
      86.5  5.83e+38
      85.9  5.99e+38
      85.3  6.16e+38
      84.7  6.32e+38
      84.1  6.48e+38
      83.5  6.64e+38
      82.9   6.8e+38
      82.3  6.95e+38
      81.7  7.11e+38
      81.1  7.26e+38
      80.5   7.4e+38
      79.9  7.54e+38
      79.3  7.68e+38
      78.7  7.82e+38
      78.1  7.94e+38
      77.5  8.06e+38
      76.9  8.18e+38
      76.3  8.29e+38
      75.7  8.39e+38
      75.1  8.49e+38
      74.5  8.58e+38
      73.9  8.65e+38
      73.3  8.73e+38
      72.8  8.79e+38
      72.2  8.84e+38
      71.6  8.89e+38
        71  8.92e+38
      70.4  8.95e+38
      69.8  8.96e+38
      69.2  8.97e+38
      68.6  8.96e+38
        68  8.94e+38
      67.4  8.92e+38
      66.8  8.88e+38
      66.2  8.83e+38
      65.6  8.77e+38
        65   8.7e+38
      64.4  8.62e+38
      63.8  8.53e+38
      63.2  8.43e+38
      62.6  8.32e+38
        62   8.2e+38
      61.4  8.08e+38
      60.8  7.94e+38
      60.2  7.79e+38
      59.6  7.64e+38
        59  7.48e+38
      58.4  7.31e+38
      57.8  7.13e+38
      57.3  6.95e+38
      56.7  6.76e+38
      56.1  6.56e+38
      55.5  6.37e+38
      54.9  6.16e+38
      54.3  5.96e+38
      53.7  5.75e+38
      53.1  5.54e+38
      52.5  5.33e+38
      51.9  5.11e+38
      51.3   4.9e+38
      50.7  4.69e+38
      50.1  4.48e+38
      49.5  4.26e+38
      48.9  4.06e+38
      48.3  3.85e+38
      47.7  3.65e+38
      47.1  3.45e+38
      46.5  3.25e+38
      45.9  3.06e+38
      45.3  2.88e+38
      44.7   2.7e+38
      44.1  2.52e+38
      43.5  2.35e+38
      42.9  2.19e+38
      42.3  2.03e+38
      41.8  1.88e+38
      41.2  1.74e+38
      40.6   1.6e+38
        40  1.48e+38
      39.4  1.35e+38
      38.8  1.24e+38
      38.2  1.13e+38
      37.6  1.03e+38
        37   9.3e+37
      36.4   8.4e+37
      35.8  7.57e+37
      35.2   6.8e+37
      34.6  6.09e+37
        34  5.43e+37
      33.4  4.83e+37
      32.8  4.28e+37
      32.2  3.78e+37
      31.6  3.33e+37
        31  2.91e+37
      30.4  2.54e+37
      29.8  2.21e+37
      29.2  1.92e+37
      28.6  1.65e+37
        28  1.42e+37
      27.4  1.21e+37
      26.8  1.03e+37
      26.3  8.68e+36
      25.7  7.29e+36
      25.1   6.1e+36
      24.5  5.08e+36
      23.9   4.2e+36
      23.3  3.45e+36
      22.7  2.82e+36
      22.1  2.29e+36
      21.5  1.85e+36
      20.9  1.48e+36
      20.3  1.18e+36
      19.7  9.28e+35
      19.1  7.27e+35
      18.5  5.64e+35
      17.9  4.34e+35
      17.3  3.31e+35
      16.7   2.5e+35
      16.1  1.87e+35
      15.5  1.38e+35
      14.9  1.01e+35
      14.3  7.27e+34
      13.7  5.18e+34
      13.1  3.63e+34
      12.5  2.51e+34
      11.9  1.71e+34
      11.3  1.14e+34
      10.8  7.49e+33
      10.2   4.8e+33
      9.56  3.01e+33
      8.96  1.84e+33
      8.37  1.09e+33
      7.77  6.24e+32
      7.17  3.44e+32
      6.58  1.82e+32
      5.98  9.08e+31
      5.39  4.27e+31
      4.79   1.8e+31
      4.19  5.55e+30
       3.6  2.35e+30
         3  1.52e+30
      2.41 -4.61e+29
      1.81 -5.35e+29
      1.21  1.58e+29
     0.617   2.8e+29
    0.0208 -3.52e+29
    -0.575  -6.7e+29
     -1.17  1.12e+29
     -1.77  -1.1e+28
     -2.36  3.02e+29
     -2.96  6.05e+29
     -3.56  7.98e+29
     -4.15 -1.21e+28
     -4.75  2.48e+28
     -5.34 -2.39e+29
     -5.94 -1.65e+29
     -6.54  6.18e+28
     -7.13  6.66e+28
     -7.73 -2.62e+29
     -8.33  1.07e+29
     -8.92  1.21e+29
     -9.52 -9.82e+28
     -10.1  1.07e+29
     -10.7 -3.12e+28
     -11.3  6.88e+28
     -11.9  1.16e+29
     -12.5  9.76e+28
     -13.1  3.04e+26
     -13.7  5.05e+27
     -14.3  3.43e+28
     -14.9 -4.98e+28
     -15.5  8.21e+28
     -16.1  2.81e+28
     -16.7  8.66e+27
     -17.3 -7.43e+27
     -17.9  3.19e+28
     -18.5  5.71e+27
     -19.1 -4.22e+28
     -19.7  6.93e+28
     -20.2 -2.55e+28
     -20.8  1.45e+28
     -21.4 -6.14e+27
       -22 -1.47e+28
     -22.6  2.15e+28
     -23.2 -5.17e+27
     -23.8  1.05e+28
     -24.4 -2.62e+27
       -25   6.3e+23
     -25.6 -2.15e+27
     -26.2 -1.59e+27
     -26.8  9.88e+26
     -27.4  -9.2e+24
       -28 -6.52e+26
     -28.6 -3.88e+26
     -29.2 -4.17e+26
     -29.8  -6.4e+25
     -30.4  5.01e+25
       -31 -2.55e+24
     -31.6  1.15e+24
     -32.2 -5.83e+24
     -32.8  1.16e+25
     -33.4 -9.06e+23
       -34  1.09e+22
     -34.6  1.16e+24
     -35.2  1.19e+21
     -35.7  1.29e+20
     -36.3  -9.5e+20
     -36.9  3.24e+20
     -37.5  4.93e+15

pressure[atm]        = 1
temperature[K]           = 1500
energy step[1/cm]        = 209
maximum energy[kcal/mol] = 157

bimolecular PEDs:
   E, kcal    P1->P2
       157  3.16e+35
       157  3.45e+35
       156  3.77e+35
       156  4.11e+35
       155  4.49e+35
       154   4.9e+35
       154  5.35e+35
       153  5.83e+35
       153  6.35e+35
       152  6.92e+35
       151  7.54e+35
       151  8.22e+35
       150  8.94e+35
       150  9.73e+35
       149  1.06e+36
       148  1.15e+36
       148  1.25e+36
       147  1.36e+36
       147  1.48e+36
       146  1.61e+36
       145  1.74e+36
       145  1.89e+36
       144  2.05e+36
       144  2.22e+36
       143  2.41e+36
       143  2.61e+36
       142  2.83e+36
       141  3.06e+36
       141  3.32e+36
       140  3.59e+36
       140  3.88e+36
       139   4.2e+36
       138  4.53e+36
       138   4.9e+36
       137  5.29e+36
       137  5.71e+36
       136  6.16e+36
       135  6.64e+36
       135  7.16e+36
       134  7.72e+36
       134  8.32e+36
       133  8.95e+36
       132  9.64e+36
       132  1.04e+37
       131  1.12e+37
       131   1.2e+37
       130  1.29e+37
       129  1.38e+37
       129  1.49e+37
       128  1.59e+37
       128  1.71e+37
       127  1.83e+37
       126  1.96e+37
       126   2.1e+37
       125  2.25e+37
       125  2.41e+37
       124  2.58e+37
       123  2.76e+37
       123  2.95e+37
       122  3.15e+37
       122  3.36e+37
       121  3.59e+37
       120  3.82e+37
       120  4.08e+37
       119  4.34e+37
       119  4.63e+37
       118  4.93e+37
       117  5.24e+37
       117  5.57e+37
       116  5.92e+37
       116  6.29e+37
       115  6.68e+37
       114  7.09e+37
       114  7.52e+37
       113  7.97e+37
       113  8.45e+37
       112  8.95e+37
       112  9.47e+37
       111     1e+38
       110  1.06e+38
       110  1.12e+38
       109  1.18e+38
       109  1.25e+38
       108  1.32e+38
       107  1.39e+38
       107  1.46e+38
       106  1.54e+38
       106  1.62e+38
       105   1.7e+38
       104  1.79e+38
       104  1.88e+38
       103  1.97e+38
       103  2.07e+38
       102  2.17e+38
       101  2.27e+38
       101  2.38e+38
       100  2.49e+38
      99.6  2.61e+38
        99  2.72e+38
      98.4  2.84e+38
      97.8  2.97e+38
      97.2   3.1e+38
      96.6  3.23e+38
        96  3.36e+38
      95.4   3.5e+38
      94.8  3.64e+38
      94.2  3.78e+38
      93.6  3.93e+38
        93  4.08e+38
      92.4  4.23e+38
      91.8  4.38e+38
      91.2  4.54e+38
      90.6   4.7e+38
        90  4.85e+38
      89.4  5.01e+38
      88.8  5.18e+38
      88.3  5.34e+38
      87.7   5.5e+38
      87.1  5.67e+38
      86.5  5.83e+38
      85.9  5.99e+38
      85.3  6.16e+38
      84.7  6.32e+38
      84.1  6.48e+38
      83.5  6.64e+38
      82.9   6.8e+38
      82.3  6.95e+38
      81.7  7.11e+38
      81.1  7.26e+38
      80.5   7.4e+38
      79.9  7.54e+38
      79.3  7.68e+38
      78.7  7.82e+38
      78.1  7.94e+38
      77.5  8.06e+38
      76.9  8.18e+38
      76.3  8.29e+38
      75.7  8.39e+38
      75.1  8.49e+38
      74.5  8.58e+38
      73.9  8.65e+38
      73.3  8.73e+38
      72.8  8.79e+38
      72.2  8.84e+38
      71.6  8.89e+38
        71  8.92e+38
      70.4  8.95e+38
      69.8  8.96e+38
      69.2  8.97e+38
      68.6  8.96e+38
        68  8.94e+38
      67.4  8.92e+38
      66.8  8.88e+38
      66.2  8.83e+38
      65.6  8.77e+38
        65   8.7e+38
      64.4  8.62e+38
      63.8  8.53e+38
      63.2  8.43e+38
      62.6  8.32e+38
        62   8.2e+38
      61.4  8.08e+38
      60.8  7.94e+38
      60.2  7.79e+38
      59.6  7.64e+38
        59  7.48e+38
      58.4  7.31e+38
      57.8  7.13e+38
      57.3  6.95e+38
      56.7  6.76e+38
      56.1  6.56e+38
      55.5  6.37e+38
      54.9  6.16e+38
      54.3  5.96e+38
      53.7  5.75e+38
      53.1  5.54e+38
      52.5  5.33e+38
      51.9  5.11e+38
      51.3   4.9e+38
      50.7  4.69e+38
      50.1  4.48e+38
      49.5  4.26e+38
      48.9  4.06e+38
      48.3  3.85e+38
      47.7  3.65e+38
      47.1  3.45e+38
      46.5  3.25e+38
      45.9  3.06e+38
      45.3  2.88e+38
      44.7   2.7e+38
      44.1  2.52e+38
      43.5  2.35e+38
      42.9  2.19e+38
      42.3  2.03e+38
      41.8  1.88e+38
      41.2  1.74e+38
      40.6   1.6e+38
        40  1.48e+38
      39.4  1.35e+38
      38.8  1.24e+38
      38.2  1.13e+38
      37.6  1.03e+38
        37   9.3e+37
      36.4   8.4e+37
      35.8  7.57e+37
      35.2   6.8e+37
      34.6  6.09e+37
        34  5.43e+37
      33.4  4.83e+37
      32.8  4.28e+37
      32.2  3.78e+37
      31.6  3.33e+37
        31  2.92e+37
      30.4  2.54e+37
      29.8  2.21e+37
      29.2  1.92e+37
      28.6  1.65e+37
        28  1.42e+37
      27.4  1.21e+37
      26.8  1.03e+37
      26.3  8.68e+36
      25.7   7.3e+36
      25.1   6.1e+36
      24.5  5.08e+36
      23.9   4.2e+36
      23.3  3.45e+36
      22.7  2.82e+36
      22.1  2.29e+36
      21.5  1.85e+36
      20.9  1.48e+36
      20.3  1.18e+36
      19.7  9.28e+35
      19.1  7.27e+35
      18.5  5.64e+35
      17.9  4.34e+35
      17.3  3.31e+35
      16.7   2.5e+35
      16.1  1.87e+35
      15.5  1.38e+35
      14.9  1.01e+35
      14.3  7.27e+34
      13.7  5.18e+34
      13.1  3.64e+34
      12.5  2.51e+34
      11.9  1.71e+34
      11.3  1.14e+34
      10.8  7.49e+33
      10.2  4.81e+33
      9.56  3.01e+33
      8.96  1.84e+33
      8.37  1.09e+33
      7.77  6.26e+32
      7.17  3.45e+32
      6.58  1.82e+32
      5.98  9.21e+31
      5.39  4.23e+31
      4.79  1.88e+31
      4.19  6.88e+30
       3.6  1.96e+30
         3 -6.76e+28
      2.41 -6.29e+29
      1.81 -2.47e+29
      1.21  9.54e+28
     0.617  1.32e+29
    0.0208  -4.4e+29
    -0.575 -3.94e+29
     -1.17 -7.71e+29
     -1.77  2.09e+29
     -2.36 -2.09e+29
     -2.96  4.11e+29
     -3.56  -9.8e+28
     -4.15 -8.16e+28
     -4.75 -8.65e+28
     -5.34  1.37e+29
     -5.94 -2.28e+29
     -6.54   1.9e+29
     -7.13  3.66e+29
     -7.73  2.41e+29
     -8.33  4.93e+28
     -8.92  8.37e+28
     -9.52  7.58e+27
     -10.1 -1.03e+29
     -10.7 -1.61e+29
     -11.3 -1.91e+29
     -11.9 -1.51e+29
     -12.5  1.98e+29
     -13.1 -4.17e+26
     -13.7 -3.59e+28
     -14.3   5.8e+28
     -14.9 -4.32e+28
     -15.5  1.33e+29
     -16.1 -3.48e+27
     -16.7 -2.01e+28
     -17.3  1.76e+28
     -17.9 -2.07e+27
     -18.5 -8.26e+28
     -19.1  3.35e+28
     -19.7  2.71e+28
     -20.2 -1.36e+28
     -20.8 -2.19e+28
     -21.4  4.79e+27
       -22 -1.73e+28
     -22.6 -1.15e+28
     -23.2 -3.37e+27
     -23.8   1.9e+28
     -24.4 -9.86e+27
       -25  -3.7e+27
     -25.6   1.7e+27
     -26.2 -2.32e+27
     -26.8  5.37e+26
     -27.4 -3.41e+27
       -28  -8.1e+26
     -28.6  1.16e+27
     -29.2 -4.34e+26
     -29.8  3.07e+26
     -30.4 -8.27e+24
       -31 -1.72e+25
     -31.6 -7.05e+24
     -32.2  1.99e+24
     -32.8  2.08e+24
     -33.4 -1.42e+24
       -34 -2.16e+22
     -34.6   2.2e+25
     -35.2  -5.5e+22
     -35.7    -1e+22
     -36.3  1.02e+22
     -36.9  9.74e+20
     -37.5  3.89e+17

pressure[atm]        = 10
temperature[K]           = 1500
energy step[1/cm]        = 209
maximum energy[kcal/mol] = 157

bimolecular PEDs:
   E, kcal    P1->P2
       157  3.15e+35
       157  3.45e+35
       156  3.77e+35
       156  4.11e+35
       155  4.49e+35
       154   4.9e+35
       154  5.34e+35
       153  5.83e+35
       153  6.35e+35
       152  6.92e+35
       151  7.54e+35
       151  8.21e+35
       150  8.94e+35
       150  9.73e+35
       149  1.06e+36
       148  1.15e+36
       148  1.25e+36
       147  1.36e+36
       147  1.48e+36
       146   1.6e+36
       145  1.74e+36
       145  1.89e+36
       144  2.05e+36
       144  2.22e+36
       143  2.41e+36
       143  2.61e+36
       142  2.83e+36
       141  3.06e+36
       141  3.32e+36
       140  3.59e+36
       140  3.88e+36
       139   4.2e+36
       138  4.53e+36
       138   4.9e+36
       137  5.29e+36
       137  5.71e+36
       136  6.16e+36
       135  6.64e+36
       135  7.16e+36
       134  7.72e+36
       134  8.31e+36
       133  8.95e+36
       132  9.64e+36
       132  1.04e+37
       131  1.11e+37
       131   1.2e+37
       130  1.29e+37
       129  1.38e+37
       129  1.48e+37
       128  1.59e+37
       128  1.71e+37
       127  1.83e+37
       126  1.96e+37
       126   2.1e+37
       125  2.25e+37
       125  2.41e+37
       124  2.58e+37
       123  2.76e+37
       123  2.95e+37
       122  3.15e+37
       122  3.36e+37
       121  3.58e+37
       120  3.82e+37
       120  4.08e+37
       119  4.34e+37
       119  4.63e+37
       118  4.92e+37
       117  5.24e+37
       117  5.57e+37
       116  5.92e+37
       116  6.29e+37
       115  6.68e+37
       114  7.09e+37
       114  7.52e+37
       113  7.97e+37
       113  8.45e+37
       112  8.94e+37
       112  9.47e+37
       111     1e+38
       110  1.06e+38
       110  1.12e+38
       109  1.18e+38
       109  1.25e+38
       108  1.32e+38
       107  1.39e+38
       107  1.46e+38
       106  1.54e+38
       106  1.62e+38
       105   1.7e+38
       104  1.79e+38
       104  1.88e+38
       103  1.97e+38
       103  2.07e+38
       102  2.17e+38
       101  2.27e+38
       101  2.38e+38
       100  2.49e+38
      99.6  2.61e+38
        99  2.72e+38
      98.4  2.84e+38
      97.8  2.97e+38
      97.2   3.1e+38
      96.6  3.23e+38
        96  3.36e+38
      95.4   3.5e+38
      94.8  3.64e+38
      94.2  3.78e+38
      93.6  3.93e+38
        93  4.08e+38
      92.4  4.23e+38
      91.8  4.38e+38
      91.2  4.54e+38
      90.6   4.7e+38
        90  4.85e+38
      89.4  5.01e+38
      88.8  5.18e+38
      88.3  5.34e+38
      87.7   5.5e+38
      87.1  5.67e+38
      86.5  5.83e+38
      85.9  5.99e+38
      85.3  6.16e+38
      84.7  6.32e+38
      84.1  6.48e+38
      83.5  6.64e+38
      82.9   6.8e+38
      82.3  6.95e+38
      81.7  7.11e+38
      81.1  7.26e+38
      80.5   7.4e+38
      79.9  7.54e+38
      79.3  7.68e+38
      78.7  7.81e+38
      78.1  7.94e+38
      77.5  8.06e+38
      76.9  8.18e+38
      76.3  8.29e+38
      75.7  8.39e+38
      75.1  8.49e+38
      74.5  8.58e+38
      73.9  8.65e+38
      73.3  8.73e+38
      72.8  8.79e+38
      72.2  8.84e+38
      71.6  8.89e+38
        71  8.92e+38
      70.4  8.95e+38
      69.8  8.96e+38
      69.2  8.97e+38
      68.6  8.96e+38
        68  8.94e+38
      67.4  8.92e+38
      66.8  8.88e+38
      66.2  8.83e+38
      65.6  8.77e+38
        65   8.7e+38
      64.4  8.62e+38
      63.8  8.53e+38
      63.2  8.43e+38
      62.6  8.32e+38
        62   8.2e+38
      61.4  8.08e+38
      60.8  7.94e+38
      60.2  7.79e+38
      59.6  7.64e+38
        59  7.48e+38
      58.4  7.31e+38
      57.8  7.13e+38
      57.3  6.95e+38
      56.7  6.76e+38
      56.1  6.56e+38
      55.5  6.37e+38
      54.9  6.16e+38
      54.3  5.96e+38
      53.7  5.75e+38
      53.1  5.54e+38
      52.5  5.33e+38
      51.9  5.11e+38
      51.3   4.9e+38
      50.7  4.69e+38
      50.1  4.48e+38
      49.5  4.27e+38
      48.9  4.06e+38
      48.3  3.85e+38
      47.7  3.65e+38
      47.1  3.45e+38
      46.5  3.25e+38
      45.9  3.06e+38
      45.3  2.88e+38
      44.7   2.7e+38
      44.1  2.52e+38
      43.5  2.35e+38
      42.9  2.19e+38
      42.3  2.03e+38
      41.8  1.88e+38
      41.2  1.74e+38
      40.6  1.61e+38
        40  1.48e+38
      39.4  1.35e+38
      38.8  1.24e+38
      38.2  1.13e+38
      37.6  1.03e+38
        37   9.3e+37
      36.4   8.4e+37
      35.8  7.57e+37
      35.2   6.8e+37
      34.6  6.09e+37
        34  5.43e+37
      33.4  4.83e+37
      32.8  4.28e+37
      32.2  3.78e+37
      31.6  3.33e+37
        31  2.92e+37
      30.4  2.55e+37
      29.8  2.21e+37
      29.2  1.92e+37
      28.6  1.65e+37
        28  1.42e+37
      27.4  1.21e+37
      26.8  1.03e+37
      26.3  8.68e+36
      25.7   7.3e+36
      25.1  6.11e+36
      24.5  5.08e+36
      23.9   4.2e+36
      23.3  3.45e+36
      22.7  2.82e+36
      22.1  2.29e+36
      21.5  1.85e+36
      20.9  1.48e+36
      20.3  1.18e+36
      19.7  9.29e+35
      19.1  7.27e+35
      18.5  5.65e+35
      17.9  4.35e+35
      17.3  3.31e+35
      16.7   2.5e+35
      16.1  1.87e+35
      15.5  1.38e+35
      14.9  1.01e+35
      14.3  7.29e+34
      13.7  5.19e+34
      13.1  3.65e+34
      12.5  2.52e+34
      11.9  1.72e+34
      11.3  1.15e+34
      10.8  7.54e+33
      10.2  4.84e+33
      9.56  3.04e+33
      8.96  1.86e+33
      8.37  1.11e+33
      7.77  6.39e+32
      7.17  3.54e+32
      6.58  1.89e+32
      5.98  9.79e+31
      5.39  4.76e+31
      4.79  2.17e+31
      4.19  1.01e+31
       3.6  5.12e+30
         3  2.23e+30
      2.41  1.94e+30
      1.81     8e+29
      1.21 -1.23e+29
     0.617  6.23e+29
    0.0208  4.34e+29
    -0.575 -7.69e+28
     -1.17  1.13e+29
     -1.77 -5.93e+29
     -2.36  2.85e+29
     -2.96 -9.72e+27
     -3.56 -6.77e+28
     -4.15 -2.25e+29
     -4.75  6.93e+28
     -5.34 -9.02e+28
     -5.94 -2.14e+28
     -6.54  4.93e+28
     -7.13 -1.04e+29
     -7.73 -9.71e+28
     -8.33 -4.32e+29
     -8.92  3.17e+28
     -9.52 -2.89e+29
     -10.1 -3.41e+28
     -10.7 -5.65e+27
     -11.3 -6.99e+28
     -11.9 -3.93e+28
     -12.5 -1.55e+29
     -13.1  3.11e+28
     -13.7 -7.73e+28
     -14.3 -1.41e+29
     -14.9  1.61e+28
     -15.5  3.52e+28
     -16.1  1.47e+28
     -16.7  1.98e+28
     -17.3 -1.49e+28
     -17.9 -1.71e+28
     -18.5  2.67e+28
     -19.1  9.73e+27
     -19.7  1.88e+28
     -20.2  1.54e+28
     -20.8  -2.8e+28
     -21.4 -4.91e+27
       -22  2.33e+27
     -22.6  8.66e+26
     -23.2  4.72e+27
     -23.8  1.48e+28
     -24.4 -4.88e+27
       -25  8.49e+26
     -25.6  1.07e+28
     -26.2 -6.41e+27
     -26.8  2.01e+27
     -27.4  4.96e+27
       -28  1.29e+27
     -28.6  3.32e+25
     -29.2 -4.33e+26
     -29.8  1.08e+26
     -30.4  9.61e+25
       -31 -3.35e+25
     -31.6  4.95e+25
     -32.2 -9.99e+24
     -32.8 -4.16e+24
     -33.4  1.24e+24
       -34 -6.93e+22
     -34.6  1.34e+23
     -35.2  1.97e+24
     -35.7 -1.38e+22
     -36.3  2.59e+21
     -36.9 -1.96e+20
     -37.5  2.48e+21

pressure[atm]        = 100
temperature[K]           = 1500
energy step[1/cm]        = 209
maximum energy[kcal/mol] = 157

bimolecular PEDs:
   E, kcal    P1->P2
       157  3.13e+35
       157  3.43e+35
       156  3.74e+35
       156  4.09e+35
       155  4.47e+35
       154  4.88e+35
       154  5.32e+35
       153  5.81e+35
       153  6.33e+35
       152   6.9e+35
       151  7.52e+35
       151  8.19e+35
       150  8.92e+35
       150  9.71e+35
       149  1.06e+36
       148  1.15e+36
       148  1.25e+36
       147  1.36e+36
       147  1.47e+36
       146   1.6e+36
       145  1.74e+36
       145  1.89e+36
       144  2.05e+36
       144  2.22e+36
       143  2.41e+36
       143  2.61e+36
       142  2.82e+36
       141  3.06e+36
       141  3.31e+36
       140  3.58e+36
       140  3.87e+36
       139  4.19e+36
       138  4.52e+36
       138  4.89e+36
       137  5.28e+36
       137   5.7e+36
       136  6.15e+36
       135  6.63e+36
       135  7.15e+36
       134   7.7e+36
       134   8.3e+36
       133  8.93e+36
       132  9.62e+36
       132  1.03e+37
       131  1.11e+37
       131   1.2e+37
       130  1.29e+37
       129  1.38e+37
       129  1.48e+37
       128  1.59e+37
       128  1.71e+37
       127  1.83e+37
       126  1.96e+37
       126   2.1e+37
       125  2.25e+37
       125  2.41e+37
       124  2.57e+37
       123  2.75e+37
       123  2.94e+37
       122  3.14e+37
       122  3.35e+37
       121  3.58e+37
       120  3.82e+37
       120  4.07e+37
       119  4.34e+37
       119  4.62e+37
       118  4.92e+37
       117  5.23e+37
       117  5.56e+37
       116  5.91e+37
       116  6.28e+37
       115  6.67e+37
       114  7.08e+37
       114  7.51e+37
       113  7.96e+37
       113  8.43e+37
       112  8.93e+37
       112  9.45e+37
       111     1e+38
       110  1.06e+38
       110  1.12e+38
       109  1.18e+38
       109  1.25e+38
       108  1.31e+38
       107  1.38e+38
       107  1.46e+38
       106  1.54e+38
       106  1.62e+38
       105   1.7e+38
       104  1.79e+38
       104  1.88e+38
       103  1.97e+38
       103  2.07e+38
       102  2.17e+38
       101  2.27e+38
       101  2.38e+38
       100  2.49e+38
      99.6   2.6e+38
        99  2.72e+38
      98.4  2.84e+38
      97.8  2.97e+38
      97.2  3.09e+38
      96.6  3.22e+38
        96  3.36e+38
      95.4   3.5e+38
      94.8  3.64e+38
      94.2  3.78e+38
      93.6  3.93e+38
        93  4.07e+38
      92.4  4.23e+38
      91.8  4.38e+38
      91.2  4.53e+38
      90.6  4.69e+38
        90  4.85e+38
      89.4  5.01e+38
      88.8  5.17e+38
      88.3  5.33e+38
      87.7   5.5e+38
      87.1  5.66e+38
      86.5  5.83e+38
      85.9  5.99e+38
      85.3  6.15e+38
      84.7  6.32e+38
      84.1  6.48e+38
      83.5  6.64e+38
      82.9  6.79e+38
      82.3  6.95e+38
      81.7   7.1e+38
      81.1  7.25e+38
      80.5   7.4e+38
      79.9  7.54e+38
      79.3  7.68e+38
      78.7  7.81e+38
      78.1  7.94e+38
      77.5  8.06e+38
      76.9  8.18e+38
      76.3  8.29e+38
      75.7  8.39e+38
      75.1  8.49e+38
      74.5  8.57e+38
      73.9  8.65e+38
      73.3  8.72e+38
      72.8  8.79e+38
      72.2  8.84e+38
      71.6  8.89e+38
        71  8.92e+38
      70.4  8.95e+38
      69.8  8.96e+38
      69.2  8.96e+38
      68.6  8.96e+38
        68  8.94e+38
      67.4  8.92e+38
      66.8  8.88e+38
      66.2  8.83e+38
      65.6  8.77e+38
        65   8.7e+38
      64.4  8.63e+38
      63.8  8.54e+38
      63.2  8.44e+38
      62.6  8.33e+38
        62  8.21e+38
      61.4  8.08e+38
      60.8  7.94e+38
      60.2   7.8e+38
      59.6  7.64e+38
        59  7.48e+38
      58.4  7.31e+38
      57.8  7.13e+38
      57.3  6.95e+38
      56.7  6.76e+38
      56.1  6.57e+38
      55.5  6.37e+38
      54.9  6.17e+38
      54.3  5.96e+38
      53.7  5.76e+38
      53.1  5.54e+38
      52.5  5.33e+38
      51.9  5.12e+38
      51.3  4.91e+38
      50.7  4.69e+38
      50.1  4.48e+38
      49.5  4.27e+38
      48.9  4.06e+38
      48.3  3.86e+38
      47.7  3.65e+38
      47.1  3.45e+38
      46.5  3.26e+38
      45.9  3.07e+38
      45.3  2.88e+38
      44.7   2.7e+38
      44.1  2.53e+38
      43.5  2.36e+38
      42.9  2.19e+38
      42.3  2.04e+38
      41.8  1.89e+38
      41.2  1.75e+38
      40.6  1.61e+38
        40  1.48e+38
      39.4  1.36e+38
      38.8  1.24e+38
      38.2  1.13e+38
      37.6  1.03e+38
        37  9.32e+37
      36.4  8.43e+37
      35.8   7.6e+37
      35.2  6.82e+37
      34.6  6.11e+37
        34  5.45e+37
      33.4  4.85e+37
      32.8   4.3e+37
      32.2   3.8e+37
      31.6  3.34e+37
        31  2.93e+37
      30.4  2.56e+37
      29.8  2.22e+37
      29.2  1.93e+37
      28.6  1.66e+37
        28  1.42e+37
      27.4  1.22e+37
      26.8  1.03e+37
      26.3  8.73e+36
      25.7  7.34e+36
      25.1  6.15e+36
      24.5  5.11e+36
      23.9  4.23e+36
      23.3  3.48e+36
      22.7  2.85e+36
      22.1  2.31e+36
      21.5  1.87e+36
      20.9   1.5e+36
      20.3  1.19e+36
      19.7   9.4e+35
      19.1  7.36e+35
      18.5  5.72e+35
      17.9  4.41e+35
      17.3  3.37e+35
      16.7  2.54e+35
      16.1   1.9e+35
      15.5  1.41e+35
      14.9  1.03e+35
      14.3  7.48e+34
      13.7  5.34e+34
      13.1  3.77e+34
      12.5  2.62e+34
      11.9  1.79e+34
      11.3  1.21e+34
      10.8  7.99e+33
      10.2  5.19e+33
      9.56  3.31e+33
      8.96  2.07e+33
      8.37  1.27e+33
      7.77  7.59e+32
      7.17  4.46e+32
      6.58  2.57e+32
      5.98  1.48e+32
      5.39  8.54e+31
      4.79  4.98e+31
      4.19  3.01e+31
       3.6  2.12e+31
         3  1.35e+31
      2.41  9.18e+30
      1.81  5.51e+30
      1.21  4.83e+30
     0.617  3.51e+30
    0.0208  3.05e+30
    -0.575  1.84e+30
     -1.17  2.02e+30
     -1.77   7.3e+29
     -2.36  6.14e+29
     -2.96 -3.16e+29
     -3.56  2.37e+29
     -4.15  2.29e+29
     -4.75  6.17e+28
     -5.34  1.56e+29
     -5.94 -1.26e+29
     -6.54  2.26e+29
     -7.13  8.35e+28
     -7.73  -1.8e+28
     -8.33 -2.45e+29
     -8.92  2.49e+29
     -9.52  1.37e+29
     -10.1  5.05e+28
     -10.7   3.6e+27
     -11.3  3.23e+28
     -11.9 -5.29e+28
     -12.5  -1.7e+29
     -13.1   2.2e+28
     -13.7  6.18e+28
     -14.3  2.86e+28
     -14.9  2.79e+28
     -15.5 -5.97e+28
     -16.1 -3.41e+28
     -16.7  3.52e+28
     -17.3 -9.66e+28
     -17.9  1.61e+28
     -18.5 -1.35e+26
     -19.1 -2.54e+28
     -19.7 -2.04e+28
     -20.2  3.39e+27
     -20.8 -3.75e+27
     -21.4 -6.49e+27
       -22 -1.87e+27
     -22.6  2.72e+28
     -23.2 -1.01e+28
     -23.8 -3.48e+28
     -24.4  -6.4e+27
       -25  5.68e+27
     -25.6  6.39e+27
     -26.2  1.09e+27
     -26.8 -1.16e+27
     -27.4  2.61e+27
       -28 -4.57e+27
     -28.6 -4.84e+26
     -29.2  2.67e+27
     -29.8 -2.11e+27
     -30.4  9.11e+26
       -31 -3.03e+26
     -31.6  -7.9e+25
     -32.2  1.14e+25
     -32.8 -1.33e+24
     -33.4 -3.07e+24
       -34  2.24e+24
     -34.6 -2.55e+23
     -35.2  1.01e+25
     -35.7  5.87e+23
     -36.3 -1.11e+23
     -36.9 -2.28e+22
     -37.5 -2.31e+22

pressure[atm]        = 0.01
temperature[K]           = 1600
energy step[1/cm]        = 222
maximum energy[kcal/mol] = 171

bimolecular PEDs:
   E, kcal    P1->P2
       171   3.7e+36
       170  4.04e+36
       170  4.41e+36
       169  4.82e+36
       168  5.26e+36
       168  5.74e+36
       167  6.26e+36
       167  6.82e+36
       166  7.44e+36
       165   8.1e+36
       165  8.83e+36
       164  9.61e+36
       163  1.05e+37
       163  1.14e+37
       162  1.24e+37
       161  1.35e+37
       161  1.46e+37
       160  1.59e+37
       160  1.73e+37
       159  1.88e+37
       158  2.04e+37
       158  2.21e+37
       157   2.4e+37
       156   2.6e+37
       156  2.82e+37
       155  3.05e+37
       154  3.31e+37
       154  3.58e+37
       153  3.87e+37
       153  4.19e+37
       152  4.53e+37
       151   4.9e+37
       151   5.3e+37
       150  5.72e+37
       149  6.18e+37
       149  6.67e+37
       148  7.19e+37
       147  7.76e+37
       147  8.36e+37
       146  9.01e+37
       146  9.71e+37
       145  1.05e+38
       144  1.13e+38
       144  1.21e+38
       143   1.3e+38
       142   1.4e+38
       142   1.5e+38
       141  1.61e+38
       140  1.73e+38
       140  1.86e+38
       139     2e+38
       139  2.14e+38
       138  2.29e+38
       137  2.46e+38
       137  2.63e+38
       136  2.81e+38
       135  3.01e+38
       135  3.22e+38
       134  3.44e+38
       134  3.67e+38
       133  3.92e+38
       132  4.19e+38
       132  4.46e+38
       131  4.76e+38
       130  5.07e+38
       130   5.4e+38
       129  5.75e+38
       128  6.12e+38
       128  6.51e+38
       127  6.92e+38
       127  7.35e+38
       126  7.81e+38
       125  8.28e+38
       125  8.79e+38
       124  9.32e+38
       123  9.87e+38
       123  1.05e+39
       122  1.11e+39
       121  1.17e+39
       121  1.24e+39
       120  1.31e+39
       120  1.38e+39
       119  1.46e+39
       118  1.54e+39
       118  1.62e+39
       117  1.71e+39
       116   1.8e+39
       116   1.9e+39
       115  1.99e+39
       114   2.1e+39
       114   2.2e+39
       113  2.31e+39
       113  2.43e+39
       112  2.55e+39
       111  2.67e+39
       111  2.79e+39
       110  2.93e+39
       109  3.06e+39
       109   3.2e+39
       108  3.34e+39
       107  3.49e+39
       107  3.64e+39
       106   3.8e+39
       106  3.95e+39
       105  4.12e+39
       104  4.28e+39
       104  4.46e+39
       103  4.63e+39
       102  4.81e+39
       102  4.99e+39
       101  5.17e+39
       100  5.36e+39
      99.8  5.55e+39
      99.2  5.74e+39
      98.5  5.93e+39
      97.9  6.13e+39
      97.3  6.32e+39
      96.6  6.52e+39
        96  6.72e+39
      95.3  6.92e+39
      94.7  7.12e+39
      94.1  7.32e+39
      93.4  7.52e+39
      92.8  7.72e+39
      92.2  7.92e+39
      91.5  8.11e+39
      90.9  8.31e+39
      90.3  8.49e+39
      89.6  8.68e+39
        89  8.86e+39
      88.4  9.04e+39
      87.7  9.21e+39
      87.1  9.38e+39
      86.4  9.54e+39
      85.8   9.7e+39
      85.2  9.85e+39
      84.5  9.99e+39
      83.9  1.01e+40
      83.3  1.02e+40
      82.6  1.04e+40
        82  1.05e+40
      81.4  1.06e+40
      80.7  1.07e+40
      80.1  1.07e+40
      79.5  1.08e+40
      78.8  1.09e+40
      78.2  1.09e+40
      77.5  1.09e+40
      76.9   1.1e+40
      76.3   1.1e+40
      75.6   1.1e+40
        75  1.09e+40
      74.4  1.09e+40
      73.7  1.09e+40
      73.1  1.08e+40
      72.5  1.08e+40
      71.8  1.07e+40
      71.2  1.06e+40
      70.5  1.05e+40
      69.9  1.04e+40
      69.3  1.02e+40
      68.6  1.01e+40
        68  9.93e+39
      67.4  9.77e+39
      66.7   9.6e+39
      66.1  9.42e+39
      65.5  9.22e+39
      64.8  9.02e+39
      64.2  8.81e+39
      63.6  8.59e+39
      62.9  8.37e+39
      62.3  8.14e+39
      61.6   7.9e+39
        61  7.66e+39
      60.4  7.41e+39
      59.7  7.16e+39
      59.1  6.91e+39
      58.5  6.65e+39
      57.8  6.39e+39
      57.2  6.14e+39
      56.6  5.88e+39
      55.9  5.62e+39
      55.3  5.37e+39
      54.7  5.11e+39
        54  4.86e+39
      53.4  4.62e+39
      52.7  4.37e+39
      52.1  4.13e+39
      51.5   3.9e+39
      50.8  3.67e+39
      50.2  3.45e+39
      49.6  3.23e+39
      48.9  3.03e+39
      48.3  2.82e+39
      47.7  2.63e+39
        47  2.44e+39
      46.4  2.27e+39
      45.7  2.09e+39
      45.1  1.93e+39
      44.5  1.78e+39
      43.8  1.63e+39
      43.2  1.49e+39
      42.6  1.36e+39
      41.9  1.24e+39
      41.3  1.13e+39
      40.7  1.02e+39
        40   9.2e+38
      39.4  8.27e+38
      38.8  7.42e+38
      38.1  6.63e+38
      37.5  5.91e+38
      36.8  5.25e+38
      36.2  4.65e+38
      35.6   4.1e+38
      34.9   3.6e+38
      34.3  3.15e+38
      33.7  2.75e+38
        33  2.39e+38
      32.4  2.07e+38
      31.8  1.78e+38
      31.1  1.53e+38
      30.5  1.31e+38
      29.9  1.11e+38
      29.2   9.4e+37
      28.6  7.91e+37
      27.9  6.62e+37
      27.3  5.51e+37
      26.7  4.56e+37
        26  3.76e+37
      25.4  3.07e+37
      24.8   2.5e+37
      24.1  2.02e+37
      23.5  1.62e+37
      22.9  1.29e+37
      22.2  1.02e+37
      21.6  8.05e+36
      20.9  6.27e+36
      20.3  4.85e+36
      19.7  3.72e+36
        19  2.82e+36
      18.4  2.12e+36
      17.8  1.58e+36
      17.1  1.17e+36
      16.5  8.49e+35
      15.9  6.11e+35
      15.2  4.34e+35
      14.6  3.04e+35
        14   2.1e+35
      13.3  1.43e+35
      12.7  9.57e+34
        12  6.28e+34
      11.4  4.04e+34
      10.8  2.55e+34
      10.1  1.56e+34
       9.5  9.37e+33
      8.87  5.44e+33
      8.23  3.06e+33
      7.59  1.65e+33
      6.96   8.5e+32
      6.32  4.16e+32
      5.69  1.97e+32
      5.05  8.04e+31
      4.42  3.12e+31
      3.78  1.17e+31
      3.14  3.11e+30
      2.51  3.92e+30
      1.87  3.43e+30
      1.24  4.37e+29
       0.6  1.07e+30
   -0.0359 -6.66e+29
    -0.672  1.34e+30
     -1.31   2.1e+30
     -1.94  1.41e+30
     -2.58 -2.26e+30
     -3.22 -1.98e+30
     -3.85 -2.34e+30
     -4.49  1.81e+29
     -5.12  9.63e+29
     -5.76  6.25e+29
     -6.39 -3.31e+28
     -7.03  2.35e+29
     -7.67 -2.91e+29
      -8.3   1.2e+30
     -8.94  1.07e+29
     -9.57 -8.96e+29
     -10.2  2.41e+29
     -10.8   4.7e+29
     -11.5 -7.67e+29
     -12.1  1.23e+29
     -12.8  2.19e+28
     -13.4  3.09e+28
       -14  2.77e+29
     -14.7 -1.82e+29
     -15.3 -2.88e+29
     -15.9  1.24e+29
     -16.6 -2.47e+29
     -17.2  2.82e+29
     -17.8  5.17e+28
     -18.5 -2.04e+29
     -19.1 -8.47e+28
     -19.7  2.05e+29
     -20.4  3.37e+28
       -21 -8.73e+28
     -21.7  -8.4e+27
     -22.3 -6.61e+28
     -22.9  7.53e+28
     -23.6  8.75e+27
     -24.2 -7.22e+27
     -24.8 -1.73e+28
     -25.5  1.48e+28
     -26.1  3.94e+27
     -26.7 -2.55e+27
     -27.4  5.16e+27
       -28 -3.32e+26
     -28.7  2.69e+26
     -29.3 -4.95e+26
     -29.9 -1.24e+26
     -30.6 -5.15e+25
     -31.2  4.53e+25
     -31.8  7.32e+24
     -32.5  1.01e+25
     -33.1 -8.41e+23
     -33.7  1.17e+26
     -34.4 -6.33e+23
       -35  7.07e+21
     -35.6 -2.91e+21
     -36.3 -1.36e+21
     -36.9  4.75e+20
     -37.6  1.77e+15

pressure[atm]        = 0.1
temperature[K]           = 1600
energy step[1/cm]        = 222
maximum energy[kcal/mol] = 171

bimolecular PEDs:
   E, kcal    P1->P2
       171   3.7e+36
       170  4.04e+36
       170  4.41e+36
       169  4.82e+36
       168  5.26e+36
       168  5.74e+36
       167  6.26e+36
       167  6.82e+36
       166  7.44e+36
       165   8.1e+36
       165  8.83e+36
       164  9.61e+36
       163  1.05e+37
       163  1.14e+37
       162  1.24e+37
       161  1.35e+37
       161  1.46e+37
       160  1.59e+37
       160  1.73e+37
       159  1.88e+37
       158  2.04e+37
       158  2.21e+37
       157   2.4e+37
       156   2.6e+37
       156  2.82e+37
       155  3.05e+37
       154  3.31e+37
       154  3.58e+37
       153  3.87e+37
       153  4.19e+37
       152  4.53e+37
       151   4.9e+37
       151   5.3e+37
       150  5.72e+37
       149  6.18e+37
       149  6.67e+37
       148  7.19e+37
       147  7.76e+37
       147  8.36e+37
       146  9.01e+37
       146  9.71e+37
       145  1.05e+38
       144  1.13e+38
       144  1.21e+38
       143   1.3e+38
       142   1.4e+38
       142   1.5e+38
       141  1.61e+38
       140  1.73e+38
       140  1.86e+38
       139     2e+38
       139  2.14e+38
       138  2.29e+38
       137  2.46e+38
       137  2.63e+38
       136  2.81e+38
       135  3.01e+38
       135  3.22e+38
       134  3.44e+38
       134  3.67e+38
       133  3.92e+38
       132  4.19e+38
       132  4.46e+38
       131  4.76e+38
       130  5.07e+38
       130   5.4e+38
       129  5.75e+38
       128  6.12e+38
       128  6.51e+38
       127  6.92e+38
       127  7.35e+38
       126  7.81e+38
       125  8.28e+38
       125  8.79e+38
       124  9.32e+38
       123  9.87e+38
       123  1.05e+39
       122  1.11e+39
       121  1.17e+39
       121  1.24e+39
       120  1.31e+39
       120  1.38e+39
       119  1.46e+39
       118  1.54e+39
       118  1.62e+39
       117  1.71e+39
       116   1.8e+39
       116   1.9e+39
       115  1.99e+39
       114   2.1e+39
       114   2.2e+39
       113  2.31e+39
       113  2.43e+39
       112  2.55e+39
       111  2.67e+39
       111  2.79e+39
       110  2.93e+39
       109  3.06e+39
       109   3.2e+39
       108  3.34e+39
       107  3.49e+39
       107  3.64e+39
       106   3.8e+39
       106  3.95e+39
       105  4.12e+39
       104  4.28e+39
       104  4.46e+39
       103  4.63e+39
       102  4.81e+39
       102  4.99e+39
       101  5.17e+39
       100  5.36e+39
      99.8  5.55e+39
      99.2  5.74e+39
      98.5  5.93e+39
      97.9  6.13e+39
      97.3  6.32e+39
      96.6  6.52e+39
        96  6.72e+39
      95.3  6.92e+39
      94.7  7.12e+39
      94.1  7.32e+39
      93.4  7.52e+39
      92.8  7.72e+39
      92.2  7.92e+39
      91.5  8.11e+39
      90.9  8.31e+39
      90.3  8.49e+39
      89.6  8.68e+39
        89  8.86e+39
      88.4  9.04e+39
      87.7  9.21e+39
      87.1  9.38e+39
      86.4  9.54e+39
      85.8   9.7e+39
      85.2  9.85e+39
      84.5  9.99e+39
      83.9  1.01e+40
      83.3  1.02e+40
      82.6  1.04e+40
        82  1.05e+40
      81.4  1.06e+40
      80.7  1.07e+40
      80.1  1.07e+40
      79.5  1.08e+40
      78.8  1.09e+40
      78.2  1.09e+40
      77.5  1.09e+40
      76.9   1.1e+40
      76.3   1.1e+40
      75.6   1.1e+40
        75  1.09e+40
      74.4  1.09e+40
      73.7  1.09e+40
      73.1  1.08e+40
      72.5  1.08e+40
      71.8  1.07e+40
      71.2  1.06e+40
      70.5  1.05e+40
      69.9  1.04e+40
      69.3  1.02e+40
      68.6  1.01e+40
        68  9.93e+39
      67.4  9.77e+39
      66.7   9.6e+39
      66.1  9.42e+39
      65.5  9.22e+39
      64.8  9.02e+39
      64.2  8.81e+39
      63.6  8.59e+39
      62.9  8.37e+39
      62.3  8.14e+39
      61.6   7.9e+39
        61  7.66e+39
      60.4  7.41e+39
      59.7  7.16e+39
      59.1  6.91e+39
      58.5  6.65e+39
      57.8  6.39e+39
      57.2  6.14e+39
      56.6  5.88e+39
      55.9  5.62e+39
      55.3  5.37e+39
      54.7  5.11e+39
        54  4.86e+39
      53.4  4.62e+39
      52.7  4.37e+39
      52.1  4.13e+39
      51.5   3.9e+39
      50.8  3.67e+39
      50.2  3.45e+39
      49.6  3.23e+39
      48.9  3.03e+39
      48.3  2.82e+39
      47.7  2.63e+39
        47  2.44e+39
      46.4  2.27e+39
      45.7  2.09e+39
      45.1  1.93e+39
      44.5  1.78e+39
      43.8  1.63e+39
      43.2  1.49e+39
      42.6  1.36e+39
      41.9  1.24e+39
      41.3  1.13e+39
      40.7  1.02e+39
        40   9.2e+38
      39.4  8.27e+38
      38.8  7.42e+38
      38.1  6.63e+38
      37.5  5.91e+38
      36.8  5.25e+38
      36.2  4.65e+38
      35.6   4.1e+38
      34.9   3.6e+38
      34.3  3.15e+38
      33.7  2.75e+38
        33  2.39e+38
      32.4  2.07e+38
      31.8  1.78e+38
      31.1  1.53e+38
      30.5  1.31e+38
      29.9  1.11e+38
      29.2   9.4e+37
      28.6  7.91e+37
      27.9  6.62e+37
      27.3  5.51e+37
      26.7  4.56e+37
        26  3.76e+37
      25.4  3.07e+37
      24.8   2.5e+37
      24.1  2.02e+37
      23.5  1.62e+37
      22.9  1.29e+37
      22.2  1.02e+37
      21.6  8.05e+36
      20.9  6.27e+36
      20.3  4.85e+36
      19.7  3.72e+36
        19  2.82e+36
      18.4  2.12e+36
      17.8  1.58e+36
      17.1  1.17e+36
      16.5  8.49e+35
      15.9  6.11e+35
      15.2  4.34e+35
      14.6  3.05e+35
        14   2.1e+35
      13.3  1.43e+35
      12.7  9.57e+34
        12  6.28e+34
      11.4  4.04e+34
      10.8  2.55e+34
      10.1  1.57e+34
       9.5  9.37e+33
      8.87  5.44e+33
      8.23  3.05e+33
      7.59  1.65e+33
      6.96  8.45e+32
      6.32  4.11e+32
      5.69  1.93e+32
      5.05  7.97e+31
      4.42  2.86e+31
      3.78  1.01e+31
      3.14 -2.95e+30
      2.51 -1.28e+30
      1.87 -4.27e+30
      1.24 -4.09e+30
       0.6 -1.33e+30
   -0.0359  -2.5e+30
    -0.672  1.72e+30
     -1.31   5.7e+30
     -1.94  1.36e+30
     -2.58  1.02e+29
     -3.22  8.96e+28
     -3.85  8.98e+29
     -4.49  -8.9e+29
     -5.12  1.08e+30
     -5.76  1.77e+30
     -6.39  2.24e+30
     -7.03  1.14e+30
     -7.67   3.2e+29
      -8.3 -4.94e+29
     -8.94  -4.5e+27
     -9.57  7.92e+29
     -10.2  2.73e+29
     -10.8  1.39e+29
     -11.5  3.01e+28
     -12.1  2.39e+29
     -12.8 -1.32e+29
     -13.4 -3.07e+28
       -14 -9.93e+28
     -14.7 -6.05e+29
     -15.3 -2.47e+29
     -15.9  3.35e+28
     -16.6  7.18e+28
     -17.2  1.56e+29
     -17.8 -1.56e+29
     -18.5   5.4e+28
     -19.1 -3.46e+28
     -19.7 -3.34e+28
     -20.4  8.54e+28
       -21 -6.96e+28
     -21.7  8.07e+28
     -22.3 -1.37e+28
     -22.9 -8.01e+28
     -23.6  7.02e+28
     -24.2  1.32e+28
     -24.8 -1.12e+28
     -25.5 -3.43e+27
     -26.1  6.79e+27
     -26.7 -7.78e+27
     -27.4  2.37e+27
       -28  6.98e+27
     -28.7  5.42e+26
     -29.3 -2.31e+26
     -29.9  3.78e+25
     -30.6 -1.16e+25
     -31.2  3.39e+25
     -31.8 -3.55e+25
     -32.5  1.33e+25
     -33.1 -3.44e+24
     -33.7  1.29e+23
     -34.4  5.99e+24
       -35 -1.25e+22
     -35.6 -1.52e+21
     -36.3 -3.13e+20
     -36.9  3.43e+19
     -37.6 -3.82e+15

pressure[atm]        = 1
temperature[K]           = 1600
energy step[1/cm]        = 222
maximum energy[kcal/mol] = 171

bimolecular PEDs:
   E, kcal    P1->P2
       171   3.7e+36
       170  4.04e+36
       170  4.41e+36
       169  4.82e+36
       168  5.26e+36
       168  5.74e+36
       167  6.26e+36
       167  6.82e+36
       166  7.44e+36
       165   8.1e+36
       165  8.83e+36
       164  9.61e+36
       163  1.05e+37
       163  1.14e+37
       162  1.24e+37
       161  1.35e+37
       161  1.46e+37
       160  1.59e+37
       160  1.73e+37
       159  1.88e+37
       158  2.04e+37
       158  2.21e+37
       157   2.4e+37
       156   2.6e+37
       156  2.82e+37
       155  3.05e+37
       154  3.31e+37
       154  3.58e+37
       153  3.87e+37
       153  4.19e+37
       152  4.53e+37
       151   4.9e+37
       151   5.3e+37
       150  5.72e+37
       149  6.18e+37
       149  6.67e+37
       148  7.19e+37
       147  7.76e+37
       147  8.36e+37
       146  9.01e+37
       146  9.71e+37
       145  1.05e+38
       144  1.13e+38
       144  1.21e+38
       143   1.3e+38
       142   1.4e+38
       142   1.5e+38
       141  1.61e+38
       140  1.73e+38
       140  1.86e+38
       139  1.99e+38
       139  2.14e+38
       138  2.29e+38
       137  2.46e+38
       137  2.63e+38
       136  2.81e+38
       135  3.01e+38
       135  3.22e+38
       134  3.44e+38
       134  3.67e+38
       133  3.92e+38
       132  4.19e+38
       132  4.46e+38
       131  4.76e+38
       130  5.07e+38
       130   5.4e+38
       129  5.75e+38
       128  6.12e+38
       128  6.51e+38
       127  6.92e+38
       127  7.35e+38
       126  7.81e+38
       125  8.28e+38
       125  8.79e+38
       124  9.32e+38
       123  9.87e+38
       123  1.05e+39
       122  1.11e+39
       121  1.17e+39
       121  1.24e+39
       120  1.31e+39
       120  1.38e+39
       119  1.46e+39
       118  1.54e+39
       118  1.62e+39
       117  1.71e+39
       116   1.8e+39
       116   1.9e+39
       115  1.99e+39
       114   2.1e+39
       114   2.2e+39
       113  2.31e+39
       113  2.43e+39
       112  2.55e+39
       111  2.67e+39
       111  2.79e+39
       110  2.93e+39
       109  3.06e+39
       109   3.2e+39
       108  3.34e+39
       107  3.49e+39
       107  3.64e+39
       106   3.8e+39
       106  3.95e+39
       105  4.12e+39
       104  4.28e+39
       104  4.46e+39
       103  4.63e+39
       102  4.81e+39
       102  4.99e+39
       101  5.17e+39
       100  5.36e+39
      99.8  5.55e+39
      99.2  5.74e+39
      98.5  5.93e+39
      97.9  6.13e+39
      97.3  6.32e+39
      96.6  6.52e+39
        96  6.72e+39
      95.3  6.92e+39
      94.7  7.12e+39
      94.1  7.32e+39
      93.4  7.52e+39
      92.8  7.72e+39
      92.2  7.92e+39
      91.5  8.11e+39
      90.9   8.3e+39
      90.3  8.49e+39
      89.6  8.68e+39
        89  8.86e+39
      88.4  9.04e+39
      87.7  9.21e+39
      87.1  9.38e+39
      86.4  9.54e+39
      85.8   9.7e+39
      85.2  9.85e+39
      84.5  9.99e+39
      83.9  1.01e+40
      83.3  1.02e+40
      82.6  1.04e+40
        82  1.05e+40
      81.4  1.06e+40
      80.7  1.07e+40
      80.1  1.07e+40
      79.5  1.08e+40
      78.8  1.09e+40
      78.2  1.09e+40
      77.5  1.09e+40
      76.9   1.1e+40
      76.3   1.1e+40
      75.6   1.1e+40
        75  1.09e+40
      74.4  1.09e+40
      73.7  1.09e+40
      73.1  1.08e+40
      72.5  1.08e+40
      71.8  1.07e+40
      71.2  1.06e+40
      70.5  1.05e+40
      69.9  1.04e+40
      69.3  1.02e+40
      68.6  1.01e+40
        68  9.93e+39
      67.4  9.77e+39
      66.7   9.6e+39
      66.1  9.42e+39
      65.5  9.22e+39
      64.8  9.02e+39
      64.2  8.81e+39
      63.6  8.59e+39
      62.9  8.37e+39
      62.3  8.14e+39
      61.6   7.9e+39
        61  7.66e+39
      60.4  7.41e+39
      59.7  7.16e+39
      59.1  6.91e+39
      58.5  6.65e+39
      57.8  6.39e+39
      57.2  6.14e+39
      56.6  5.88e+39
      55.9  5.62e+39
      55.3  5.37e+39
      54.7  5.11e+39
        54  4.86e+39
      53.4  4.62e+39
      52.7  4.37e+39
      52.1  4.13e+39
      51.5   3.9e+39
      50.8  3.67e+39
      50.2  3.45e+39
      49.6  3.23e+39
      48.9  3.03e+39
      48.3  2.82e+39
      47.7  2.63e+39
        47  2.44e+39
      46.4  2.27e+39
      45.7  2.09e+39
      45.1  1.93e+39
      44.5  1.78e+39
      43.8  1.63e+39
      43.2  1.49e+39
      42.6  1.36e+39
      41.9  1.24e+39
      41.3  1.13e+39
      40.7  1.02e+39
        40   9.2e+38
      39.4  8.27e+38
      38.8  7.42e+38
      38.1  6.64e+38
      37.5  5.91e+38
      36.8  5.25e+38
      36.2  4.65e+38
      35.6   4.1e+38
      34.9   3.6e+38
      34.3  3.15e+38
      33.7  2.75e+38
        33  2.39e+38
      32.4  2.07e+38
      31.8  1.78e+38
      31.1  1.53e+38
      30.5  1.31e+38
      29.9  1.11e+38
      29.2   9.4e+37
      28.6  7.91e+37
      27.9  6.62e+37
      27.3  5.51e+37
      26.7  4.56e+37
        26  3.76e+37
      25.4  3.07e+37
      24.8   2.5e+37
      24.1  2.02e+37
      23.5  1.62e+37
      22.9  1.29e+37
      22.2  1.02e+37
      21.6  8.05e+36
      20.9  6.27e+36
      20.3  4.85e+36
      19.7  3.72e+36
        19  2.82e+36
      18.4  2.12e+36
      17.8  1.58e+36
      17.1  1.17e+36
      16.5  8.49e+35
      15.9  6.11e+35
      15.2  4.34e+35
      14.6  3.05e+35
        14   2.1e+35
      13.3  1.43e+35
      12.7  9.57e+34
        12  6.29e+34
      11.4  4.05e+34
      10.8  2.55e+34
      10.1  1.57e+34
       9.5  9.38e+33
      8.87  5.45e+33
      8.23  3.06e+33
      7.59  1.65e+33
      6.96  8.55e+32
      6.32  4.14e+32
      5.69   1.9e+32
      5.05  8.17e+31
      4.42  2.64e+31
      3.78  7.72e+30
      3.14  4.75e+30
      2.51  1.96e+30
      1.87  2.52e+30
      1.24  7.12e+29
       0.6 -7.63e+29
   -0.0359 -1.99e+29
    -0.672 -4.14e+30
     -1.31 -3.39e+30
     -1.94 -2.49e+30
     -2.58  1.52e+30
     -3.22  2.21e+30
     -3.85  1.95e+30
     -4.49 -1.46e+28
     -5.12   1.4e+30
     -5.76  -1.1e+30
     -6.39 -8.63e+29
     -7.03 -1.55e+29
     -7.67  7.15e+29
      -8.3 -6.79e+29
     -8.94  2.09e+29
     -9.57  7.72e+29
     -10.2 -7.49e+28
     -10.8 -1.31e+29
     -11.5  2.17e+29
     -12.1  -3.9e+29
     -12.8  1.56e+29
     -13.4  3.38e+29
       -14  3.57e+29
     -14.7 -5.44e+28
     -15.3  2.12e+28
     -15.9 -8.16e+27
     -16.6 -1.92e+28
     -17.2 -2.57e+29
     -17.8  1.15e+29
     -18.5  1.93e+29
     -19.1  5.44e+28
     -19.7  1.05e+27
     -20.4  3.31e+28
       -21   6.6e+27
     -21.7 -9.06e+28
     -22.3  4.25e+28
     -22.9 -1.27e+28
     -23.6  2.05e+28
     -24.2 -9.47e+27
     -24.8  1.81e+28
     -25.5 -1.18e+28
     -26.1 -2.57e+28
     -26.7  1.84e+28
     -27.4 -7.22e+27
       -28  3.27e+27
     -28.7  5.96e+26
     -29.3 -8.92e+26
     -29.9  1.86e+26
     -30.6  -1.6e+26
     -31.2  4.78e+25
     -31.8 -5.89e+23
     -32.5  1.15e+25
     -33.1  2.91e+23
     -33.7  -8.1e+22
     -34.4 -1.54e+26
       -35  6.04e+23
     -35.6    -5e+21
     -36.3 -4.65e+20
     -36.9 -1.97e+20
     -37.6  7.32e+18

pressure[atm]        = 10
temperature[K]           = 1600
energy step[1/cm]        = 222
maximum energy[kcal/mol] = 171

bimolecular PEDs:
   E, kcal    P1->P2
       171  3.69e+36
       170  4.04e+36
       170  4.41e+36
       169  4.81e+36
       168  5.25e+36
       168  5.73e+36
       167  6.25e+36
       167  6.82e+36
       166  7.43e+36
       165   8.1e+36
       165  8.82e+36
       164  9.61e+36
       163  1.05e+37
       163  1.14e+37
       162  1.24e+37
       161  1.35e+37
       161  1.46e+37
       160  1.59e+37
       160  1.73e+37
       159  1.88e+37
       158  2.04e+37
       158  2.21e+37
       157   2.4e+37
       156   2.6e+37
       156  2.82e+37
       155  3.05e+37
       154  3.31e+37
       154  3.58e+37
       153  3.87e+37
       153  4.19e+37
       152  4.53e+37
       151   4.9e+37
       151  5.29e+37
       150  5.72e+37
       149  6.18e+37
       149  6.67e+37
       148  7.19e+37
       147  7.76e+37
       147  8.36e+37
       146  9.01e+37
       146  9.71e+37
       145  1.05e+38
       144  1.12e+38
       144  1.21e+38
       143   1.3e+38
       142   1.4e+38
       142   1.5e+38
       141  1.61e+38
       140  1.73e+38
       140  1.86e+38
       139  1.99e+38
       139  2.14e+38
       138  2.29e+38
       137  2.45e+38
       137  2.63e+38
       136  2.81e+38
       135  3.01e+38
       135  3.22e+38
       134  3.44e+38
       134  3.67e+38
       133  3.92e+38
       132  4.18e+38
       132  4.46e+38
       131  4.76e+38
       130  5.07e+38
       130   5.4e+38
       129  5.75e+38
       128  6.12e+38
       128  6.51e+38
       127  6.92e+38
       127  7.35e+38
       126   7.8e+38
       125  8.28e+38
       125  8.79e+38
       124  9.32e+38
       123  9.87e+38
       123  1.05e+39
       122  1.11e+39
       121  1.17e+39
       121  1.24e+39
       120  1.31e+39
       120  1.38e+39
       119  1.46e+39
       118  1.54e+39
       118  1.62e+39
       117  1.71e+39
       116   1.8e+39
       116   1.9e+39
       115  1.99e+39
       114   2.1e+39
       114   2.2e+39
       113  2.31e+39
       113  2.43e+39
       112  2.55e+39
       111  2.67e+39
       111  2.79e+39
       110  2.92e+39
       109  3.06e+39
       109   3.2e+39
       108  3.34e+39
       107  3.49e+39
       107  3.64e+39
       106   3.8e+39
       106  3.95e+39
       105  4.12e+39
       104  4.28e+39
       104  4.45e+39
       103  4.63e+39
       102  4.81e+39
       102  4.99e+39
       101  5.17e+39
       100  5.36e+39
      99.8  5.55e+39
      99.2  5.74e+39
      98.5  5.93e+39
      97.9  6.13e+39
      97.3  6.32e+39
      96.6  6.52e+39
        96  6.72e+39
      95.3  6.92e+39
      94.7  7.12e+39
      94.1  7.32e+39
      93.4  7.52e+39
      92.8  7.72e+39
      92.2  7.92e+39
      91.5  8.11e+39
      90.9   8.3e+39
      90.3  8.49e+39
      89.6  8.68e+39
        89  8.86e+39
      88.4  9.04e+39
      87.7  9.21e+39
      87.1  9.38e+39
      86.4  9.54e+39
      85.8   9.7e+39
      85.2  9.85e+39
      84.5  9.99e+39
      83.9  1.01e+40
      83.3  1.02e+40
      82.6  1.04e+40
        82  1.05e+40
      81.4  1.06e+40
      80.7  1.07e+40
      80.1  1.07e+40
      79.5  1.08e+40
      78.8  1.09e+40
      78.2  1.09e+40
      77.5  1.09e+40
      76.9   1.1e+40
      76.3   1.1e+40
      75.6   1.1e+40
        75  1.09e+40
      74.4  1.09e+40
      73.7  1.09e+40
      73.1  1.08e+40
      72.5  1.08e+40
      71.8  1.07e+40
      71.2  1.06e+40
      70.5  1.05e+40
      69.9  1.04e+40
      69.3  1.02e+40
      68.6  1.01e+40
        68  9.94e+39
      67.4  9.77e+39
      66.7   9.6e+39
      66.1  9.42e+39
      65.5  9.22e+39
      64.8  9.02e+39
      64.2  8.81e+39
      63.6  8.59e+39
      62.9  8.37e+39
      62.3  8.14e+39
      61.6   7.9e+39
        61  7.66e+39
      60.4  7.41e+39
      59.7  7.16e+39
      59.1  6.91e+39
      58.5  6.65e+39
      57.8  6.39e+39
      57.2  6.14e+39
      56.6  5.88e+39
      55.9  5.62e+39
      55.3  5.37e+39
      54.7  5.11e+39
        54  4.86e+39
      53.4  4.62e+39
      52.7  4.37e+39
      52.1  4.13e+39
      51.5   3.9e+39
      50.8  3.67e+39
      50.2  3.45e+39
      49.6  3.24e+39
      48.9  3.03e+39
      48.3  2.82e+39
      47.7  2.63e+39
        47  2.44e+39
      46.4  2.27e+39
      45.7  2.09e+39
      45.1  1.93e+39
      44.5  1.78e+39
      43.8  1.63e+39
      43.2  1.49e+39
      42.6  1.36e+39
      41.9  1.24e+39
      41.3  1.13e+39
      40.7  1.02e+39
        40   9.2e+38
      39.4  8.28e+38
      38.8  7.42e+38
      38.1  6.64e+38
      37.5  5.91e+38
      36.8  5.25e+38
      36.2  4.65e+38
      35.6   4.1e+38
      34.9   3.6e+38
      34.3  3.16e+38
      33.7  2.75e+38
        33  2.39e+38
      32.4  2.07e+38
      31.8  1.78e+38
      31.1  1.53e+38
      30.5  1.31e+38
      29.9  1.11e+38
      29.2   9.4e+37
      28.6  7.92e+37
      27.9  6.63e+37
      27.3  5.52e+37
      26.7  4.57e+37
        26  3.76e+37
      25.4  3.08e+37
      24.8   2.5e+37
      24.1  2.02e+37
      23.5  1.62e+37
      22.9   1.3e+37
      22.2  1.03e+37
      21.6  8.06e+36
      20.9  6.28e+36
      20.3  4.86e+36
      19.7  3.72e+36
        19  2.83e+36
      18.4  2.13e+36
      17.8  1.58e+36
      17.1  1.17e+36
      16.5  8.51e+35
      15.9  6.13e+35
      15.2  4.36e+35
      14.6  3.06e+35
        14  2.11e+35
      13.3  1.44e+35
      12.7  9.62e+34
        12  6.32e+34
      11.4  4.07e+34
      10.8  2.57e+34
      10.1  1.58e+34
       9.5  9.49e+33
      8.87  5.54e+33
      8.23  3.13e+33
      7.59  1.69e+33
      6.96  8.92e+32
      6.32  4.42e+32
      5.69  2.11e+32
      5.05  9.57e+31
      4.42  4.04e+31
      3.78  1.75e+31
      3.14  1.15e+31
      2.51  6.71e+30
      1.87  6.17e+30
      1.24  1.93e+30
       0.6  2.13e+30
   -0.0359  -1.9e+30
    -0.672  8.07e+29
     -1.31  1.42e+30
     -1.94  1.23e+30
     -2.58 -7.74e+29
     -3.22 -6.04e+29
     -3.85 -3.73e+29
     -4.49  7.13e+29
     -5.12 -6.55e+29
     -5.76 -1.03e+30
     -6.39  8.87e+29
     -7.03  1.06e+30
     -7.67  2.37e+30
      -8.3  1.26e+30
     -8.94 -4.27e+28
     -9.57  9.34e+28
     -10.2   2.1e+29
     -10.8 -1.99e+29
     -11.5  6.96e+28
     -12.1  8.82e+28
     -12.8 -7.69e+29
     -13.4  8.85e+28
       -14  1.67e+29
     -14.7 -2.56e+29
     -15.3 -7.05e+28
     -15.9 -8.97e+27
     -16.6  2.21e+29
     -17.2 -3.59e+29
     -17.8  2.32e+29
     -18.5  1.67e+29
     -19.1  3.14e+26
     -19.7 -1.09e+29
     -20.4 -3.55e+28
       -21  5.28e+28
     -21.7  5.35e+28
     -22.3 -1.76e+29
     -22.9   1.2e+29
     -23.6  4.43e+28
     -24.2 -3.66e+28
     -24.8 -1.79e+27
     -25.5  1.43e+27
     -26.1 -2.92e+27
     -26.7  -7.2e+27
     -27.4  1.39e+28
       -28 -3.71e+27
     -28.7  8.35e+26
     -29.3  1.61e+27
     -29.9 -4.34e+27
     -30.6  5.48e+26
     -31.2 -1.47e+26
     -31.8  1.68e+25
     -32.5 -1.83e+25
     -33.1 -3.24e+24
     -33.7  6.15e+23
     -34.4 -5.96e+22
       -35     5e+24
     -35.6 -2.26e+22
     -36.3 -1.59e+20
     -36.9  2.96e+20
     -37.6 -1.84e+22

pressure[atm]        = 100
temperature[K]           = 1600
energy step[1/cm]        = 222
maximum energy[kcal/mol] = 171

bimolecular PEDs:
   E, kcal    P1->P2
       171  3.67e+36
       170  4.01e+36
       170  4.38e+36
       169  4.79e+36
       168  5.23e+36
       168  5.71e+36
       167  6.23e+36
       167   6.8e+36
       166  7.41e+36
       165  8.08e+36
       165   8.8e+36
       164  9.58e+36
       163  1.04e+37
       163  1.14e+37
       162  1.23e+37
       161  1.34e+37
       161  1.46e+37
       160  1.59e+37
       160  1.72e+37
       159  1.87e+37
       158  2.03e+37
       158   2.2e+37
       157  2.39e+37
       156  2.59e+37
       156  2.81e+37
       155  3.05e+37
       154   3.3e+37
       154  3.57e+37
       153  3.86e+37
       153  4.18e+37
       152  4.52e+37
       151  4.89e+37
       151  5.28e+37
       150  5.71e+37
       149  6.16e+37
       149  6.65e+37
       148  7.18e+37
       147  7.74e+37
       147  8.34e+37
       146  8.99e+37
       146  9.69e+37
       145  1.04e+38
       144  1.12e+38
       144  1.21e+38
       143   1.3e+38
       142   1.4e+38
       142   1.5e+38
       141  1.61e+38
       140  1.73e+38
       140  1.86e+38
       139  1.99e+38
       139  2.13e+38
       138  2.29e+38
       137  2.45e+38
       137  2.62e+38
       136  2.81e+38
       135     3e+38
       135  3.21e+38
       134  3.43e+38
       134  3.67e+38
       133  3.91e+38
       132  4.18e+38
       132  4.46e+38
       131  4.75e+38
       130  5.06e+38
       130  5.39e+38
       129  5.74e+38
       128  6.11e+38
       128   6.5e+38
       127  6.91e+38
       127  7.34e+38
       126  7.79e+38
       125  8.27e+38
       125  8.77e+38
       124   9.3e+38
       123  9.86e+38
       123  1.04e+39
       122  1.11e+39
       121  1.17e+39
       121  1.24e+39
       120  1.31e+39
       120  1.38e+39
       119  1.46e+39
       118  1.54e+39
       118  1.62e+39
       117  1.71e+39
       116   1.8e+39
       116  1.89e+39
       115  1.99e+39
       114  2.09e+39
       114   2.2e+39
       113  2.31e+39
       113  2.42e+39
       112  2.54e+39
       111  2.66e+39
       111  2.79e+39
       110  2.92e+39
       109  3.06e+39
       109  3.19e+39
       108  3.34e+39
       107  3.49e+39
       107  3.64e+39
       106  3.79e+39
       106  3.95e+39
       105  4.11e+39
       104  4.28e+39
       104  4.45e+39
       103  4.62e+39
       102   4.8e+39
       102  4.98e+39
       101  5.17e+39
       100  5.35e+39
      99.8  5.54e+39
      99.2  5.73e+39
      98.5  5.93e+39
      97.9  6.12e+39
      97.3  6.32e+39
      96.6  6.52e+39
        96  6.72e+39
      95.3  6.92e+39
      94.7  7.12e+39
      94.1  7.32e+39
      93.4  7.52e+39
      92.8  7.72e+39
      92.2  7.91e+39
      91.5  8.11e+39
      90.9   8.3e+39
      90.3  8.49e+39
      89.6  8.67e+39
        89  8.86e+39
      88.4  9.03e+39
      87.7  9.21e+39
      87.1  9.38e+39
      86.4  9.54e+39
      85.8  9.69e+39
      85.2  9.84e+39
      84.5  9.98e+39
      83.9  1.01e+40
      83.3  1.02e+40
      82.6  1.04e+40
        82  1.05e+40
      81.4  1.06e+40
      80.7  1.07e+40
      80.1  1.07e+40
      79.5  1.08e+40
      78.8  1.09e+40
      78.2  1.09e+40
      77.5  1.09e+40
      76.9   1.1e+40
      76.3   1.1e+40
      75.6   1.1e+40
        75  1.09e+40
      74.4  1.09e+40
      73.7  1.09e+40
      73.1  1.08e+40
      72.5  1.08e+40
      71.8  1.07e+40
      71.2  1.06e+40
      70.5  1.05e+40
      69.9  1.04e+40
      69.3  1.02e+40
      68.6  1.01e+40
        68  9.94e+39
      67.4  9.78e+39
      66.7   9.6e+39
      66.1  9.42e+39
      65.5  9.23e+39
      64.8  9.03e+39
      64.2  8.82e+39
      63.6   8.6e+39
      62.9  8.37e+39
      62.3  8.14e+39
      61.6   7.9e+39
        61  7.66e+39
      60.4  7.42e+39
      59.7  7.17e+39
      59.1  6.91e+39
      58.5  6.66e+39
      57.8   6.4e+39
      57.2  6.14e+39
      56.6  5.88e+39
      55.9  5.63e+39
      55.3  5.37e+39
      54.7  5.12e+39
        54  4.87e+39
      53.4  4.62e+39
      52.7  4.38e+39
      52.1  4.14e+39
      51.5  3.91e+39
      50.8  3.68e+39
      50.2  3.46e+39
      49.6  3.24e+39
      48.9  3.03e+39
      48.3  2.83e+39
      47.7  2.64e+39
        47  2.45e+39
      46.4  2.27e+39
      45.7   2.1e+39
      45.1  1.94e+39
      44.5  1.78e+39
      43.8  1.64e+39
      43.2   1.5e+39
      42.6  1.37e+39
      41.9  1.24e+39
      41.3  1.13e+39
      40.7  1.02e+39
        40  9.23e+38
      39.4   8.3e+38
      38.8  7.45e+38
      38.1  6.66e+38
      37.5  5.93e+38
      36.8  5.27e+38
      36.2  4.67e+38
      35.6  4.12e+38
      34.9  3.62e+38
      34.3  3.17e+38
      33.7  2.76e+38
        33   2.4e+38
      32.4  2.08e+38
      31.8  1.79e+38
      31.1  1.54e+38
      30.5  1.31e+38
      29.9  1.12e+38
      29.2  9.45e+37
      28.6  7.96e+37
      27.9  6.67e+37
      27.3  5.55e+37
      26.7   4.6e+37
        26  3.79e+37
      25.4   3.1e+37
      24.8  2.52e+37
      24.1  2.04e+37
      23.5  1.64e+37
      22.9  1.31e+37
      22.2  1.04e+37
      21.6  8.15e+36
      20.9  6.36e+36
      20.3  4.92e+36
      19.7  3.77e+36
        19  2.87e+36
      18.4  2.16e+36
      17.8  1.61e+36
      17.1  1.19e+36
      16.5   8.7e+35
      15.9  6.28e+35
      15.2  4.47e+35
      14.6  3.15e+35
        14  2.19e+35
      13.3   1.5e+35
      12.7  1.01e+35
        12  6.67e+34
      11.4  4.34e+34
      10.8  2.77e+34
      10.1  1.74e+34
       9.5  1.07e+34
      8.87  6.43e+33
      8.23   3.8e+33
      7.59   2.2e+33
      6.96  1.26e+33
      6.32  7.15e+32
      5.69  4.19e+32
      5.05  2.42e+32
      4.42  1.51e+32
      3.78  9.68e+31
      3.14  6.17e+31
      2.51  4.33e+31
      1.87   2.9e+31
      1.24  1.89e+31
       0.6  1.45e+31
   -0.0359  8.66e+30
    -0.672  9.15e+30
     -1.31  7.37e+30
     -1.94  7.23e+30
     -2.58  3.82e+30
     -3.22  4.98e+30
     -3.85  1.48e+30
     -4.49  1.85e+30
     -5.12  1.82e+30
     -5.76  -2.7e+29
     -6.39  1.88e+30
     -7.03    -7e+29
     -7.67 -2.25e+29
      -8.3 -5.08e+29
     -8.94 -6.81e+29
     -9.57  6.83e+29
     -10.2 -7.05e+29
     -10.8 -3.77e+29
     -11.5 -1.45e+29
     -12.1 -4.41e+29
     -12.8 -2.35e+29
     -13.4  1.89e+28
       -14 -2.26e+28
     -14.7  2.39e+28
     -15.3  2.36e+29
     -15.9  1.18e+29
     -16.6 -4.83e+28
     -17.2 -2.59e+29
     -17.8     2e+29
     -18.5  7.85e+28
     -19.1   1.6e+29
     -19.7 -4.38e+28
     -20.4  3.18e+28
       -21  1.45e+29
     -21.7  3.07e+28
     -22.3 -1.18e+29
     -22.9 -7.32e+28
     -23.6  6.28e+28
     -24.2  2.42e+28
     -24.8 -6.47e+28
     -25.5  5.09e+28
     -26.1 -2.73e+28
     -26.7  8.24e+27
     -27.4 -7.81e+27
       -28   8.9e+27
     -28.7  1.63e+27
     -29.3 -6.03e+27
     -29.9  4.65e+27
     -30.6 -9.63e+26
     -31.2   8.3e+26
     -31.8 -9.94e+25
     -32.5  2.53e+25
     -33.1  3.45e+24
     -33.7  1.21e+24
     -34.4  8.45e+22
       -35 -7.13e+25
     -35.6  4.02e+23
     -36.3 -1.77e+22
     -36.9 -3.61e+20
     -37.6 -1.78e+24

pressure[atm]        = 0.01
temperature[K]           = 1700
energy step[1/cm]        = 236
maximum energy[kcal/mol] = 185

bimolecular PEDs:
   E, kcal    P1->P2
       185  3.81e+37
       184  4.16e+37
       183  4.55e+37
       183  4.96e+37
       182  5.42e+37
       181  5.91e+37
       181  6.44e+37
       180  7.03e+37
       179  7.66e+37
       179  8.34e+37
       178  9.09e+37
       177  9.89e+37
       177  1.08e+38
       176  1.17e+38
       175  1.27e+38
       175  1.39e+38
       174  1.51e+38
       173  1.64e+38
       173  1.78e+38
       172  1.93e+38
       171   2.1e+38
       171  2.27e+38
       170  2.47e+38
       169  2.67e+38
       169   2.9e+38
       168  3.14e+38
       167   3.4e+38
       167  3.68e+38
       166  3.98e+38
       165  4.31e+38
       164  4.66e+38
       164  5.04e+38
       163  5.45e+38
       162  5.88e+38
       162  6.35e+38
       161  6.86e+38
       160   7.4e+38
       160  7.98e+38
       159   8.6e+38
       158  9.27e+38
       158  9.98e+38
       157  1.07e+39
       156  1.16e+39
       156  1.24e+39
       155  1.34e+39
       154  1.44e+39
       154  1.55e+39
       153  1.66e+39
       152  1.78e+39
       152  1.91e+39
       151  2.05e+39
       150   2.2e+39
       150  2.36e+39
       149  2.52e+39
       148   2.7e+39
       148  2.89e+39
       147  3.09e+39
       146  3.31e+39
       146  3.54e+39
       145  3.78e+39
       144  4.03e+39
       144   4.3e+39
       143  4.59e+39
       142   4.9e+39
       142  5.22e+39
       141  5.56e+39
       140  5.92e+39
       139   6.3e+39
       139   6.7e+39
       138  7.12e+39
       137  7.56e+39
       137  8.03e+39
       136  8.53e+39
       135  9.05e+39
       135  9.59e+39
       134  1.02e+40
       133  1.08e+40
       133  1.14e+40
       132  1.21e+40
       131  1.28e+40
       131  1.35e+40
       130  1.42e+40
       129   1.5e+40
       129  1.59e+40
       128  1.67e+40
       127  1.76e+40
       127  1.86e+40
       126  1.96e+40
       125  2.06e+40
       125  2.16e+40
       124  2.27e+40
       123  2.39e+40
       123  2.51e+40
       122  2.63e+40
       121  2.76e+40
       121  2.89e+40
       120  3.02e+40
       119  3.16e+40
       119  3.31e+40
       118  3.46e+40
       117  3.61e+40
       117  3.77e+40
       116  3.93e+40
       115   4.1e+40
       114  4.27e+40
       114  4.44e+40
       113  4.62e+40
       112   4.8e+40
       112  4.99e+40
       111  5.18e+40
       110  5.37e+40
       110  5.56e+40
       109  5.76e+40
       108  5.96e+40
       108  6.17e+40
       107  6.37e+40
       106  6.58e+40
       106  6.79e+40
       105     7e+40
       104  7.22e+40
       104  7.43e+40
       103  7.64e+40
       102  7.85e+40
       102  8.07e+40
       101  8.28e+40
       100  8.49e+40
      99.6  8.69e+40
      98.9   8.9e+40
      98.3   9.1e+40
      97.6   9.3e+40
      96.9   9.5e+40
      96.2  9.69e+40
      95.6  9.87e+40
      94.9  1.01e+41
      94.2  1.02e+41
      93.5  1.04e+41
      92.9  1.06e+41
      92.2  1.07e+41
      91.5  1.08e+41
      90.8   1.1e+41
      90.2  1.11e+41
      89.5  1.12e+41
      88.8  1.13e+41
      88.1  1.14e+41
      87.5  1.15e+41
      86.8  1.16e+41
      86.1  1.16e+41
      85.4  1.17e+41
      84.8  1.17e+41
      84.1  1.17e+41
      83.4  1.18e+41
      82.7  1.17e+41
        82  1.17e+41
      81.4  1.17e+41
      80.7  1.17e+41
        80  1.16e+41
      79.3  1.15e+41
      78.7  1.15e+41
        78  1.14e+41
      77.3  1.12e+41
      76.6  1.11e+41
        76   1.1e+41
      75.3  1.08e+41
      74.6  1.07e+41
      73.9  1.05e+41
      73.3  1.03e+41
      72.6  1.01e+41
      71.9  9.93e+40
      71.2  9.72e+40
      70.6   9.5e+40
      69.9  9.27e+40
      69.2  9.03e+40
      68.5  8.79e+40
      67.9  8.54e+40
      67.2  8.28e+40
      66.5  8.02e+40
      65.8  7.76e+40
      65.2  7.49e+40
      64.5  7.22e+40
      63.8  6.95e+40
      63.1  6.67e+40
      62.5   6.4e+40
      61.8  6.13e+40
      61.1  5.85e+40
      60.4  5.59e+40
      59.8  5.32e+40
      59.1  5.06e+40
      58.4   4.8e+40
      57.7  4.54e+40
      57.1  4.29e+40
      56.4  4.05e+40
      55.7  3.81e+40
        55  3.58e+40
      54.3  3.35e+40
      53.7  3.14e+40
        53  2.93e+40
      52.3  2.73e+40
      51.6  2.53e+40
        51  2.35e+40
      50.3  2.17e+40
      49.6     2e+40
      48.9  1.84e+40
      48.3  1.69e+40
      47.6  1.55e+40
      46.9  1.41e+40
      46.2  1.29e+40
      45.6  1.17e+40
      44.9  1.06e+40
      44.2  9.55e+39
      43.5   8.6e+39
      42.9  7.72e+39
      42.2  6.91e+39
      41.5  6.16e+39
      40.8  5.48e+39
      40.2  4.86e+39
      39.5  4.29e+39
      38.8  3.77e+39
      38.1  3.31e+39
      37.5  2.89e+39
      36.8  2.52e+39
      36.1  2.18e+39
      35.4  1.89e+39
      34.8  1.62e+39
      34.1  1.39e+39
      33.4  1.18e+39
      32.7     1e+39
      32.1  8.49e+38
      31.4  7.14e+38
      30.7  5.97e+38
        30  4.97e+38
      29.3  4.12e+38
      28.7  3.39e+38
        28  2.77e+38
      27.3  2.26e+38
      26.6  1.82e+38
        26  1.46e+38
      25.3  1.17e+38
      24.6  9.24e+37
      23.9  7.26e+37
      23.3  5.67e+37
      22.6  4.39e+37
      21.9  3.37e+37
      21.2  2.56e+37
      20.6  1.93e+37
      19.9  1.44e+37
      19.2  1.07e+37
      18.5  7.82e+36
      17.9  5.65e+36
      17.2  4.04e+36
      16.5  2.85e+36
      15.8  1.99e+36
      15.2  1.36e+36
      14.5  9.22e+35
      13.8  6.13e+35
      13.1     4e+35
      12.5  2.56e+35
      11.8   1.6e+35
      11.1  9.82e+34
      10.4  5.86e+34
      9.76  3.39e+34
      9.08   1.9e+34
       8.4  1.03e+34
      7.73  5.35e+33
      7.05  2.61e+33
      6.38  1.22e+33
       5.7  5.12e+32
      5.03  1.87e+32
      4.35  4.69e+31
      3.68  3.17e+31
         3  2.53e+31
      2.32  4.36e+30
      1.65  3.21e+31
     0.973  1.75e+31
     0.297   6.8e+30
    -0.379  8.18e+30
     -1.05  1.09e+31
     -1.73  7.42e+30
     -2.41  5.93e+30
     -3.08  2.67e+30
     -3.76 -5.38e+30
     -4.43 -1.85e+30
     -5.11  8.24e+30
     -5.78  1.02e+31
     -6.46   4.2e+30
     -7.14  3.11e+29
     -7.81 -7.46e+29
     -8.49  1.69e+30
     -9.16  -5.2e+29
     -9.84  1.47e+30
     -10.5 -2.91e+30
     -11.2 -1.82e+30
     -11.9  5.51e+29
     -12.5  2.62e+30
     -13.2 -1.05e+30
     -13.9  6.02e+29
     -14.6  1.15e+30
     -15.2  5.04e+28
     -15.9  2.92e+28
     -16.6  4.47e+29
     -17.3  4.37e+28
     -17.9  4.81e+29
     -18.6  4.48e+29
     -19.3 -1.03e+30
       -20  6.91e+29
     -20.6 -4.54e+29
     -21.3  2.52e+29
       -22 -1.17e+29
     -22.7  1.99e+29
     -23.4 -8.28e+28
       -24  1.18e+28
     -24.7  3.78e+28
     -25.4 -3.98e+27
     -26.1 -5.94e+26
     -26.7  1.82e+28
     -27.4 -3.78e+27
     -28.1  -2.3e+27
     -28.8 -1.97e+26
     -29.4  7.58e+26
     -30.1 -2.91e+26
     -30.8  1.16e+26
     -31.5  4.16e+23
     -32.1  2.25e+24
     -32.8  4.37e+23
     -33.5  4.07e+26
     -34.2 -1.97e+24
     -34.8  4.53e+20
     -35.5  1.01e+22
     -36.2   1.7e+21
     -36.9  3.19e+20
     -37.5  4.48e+24

pressure[atm]        = 0.1
temperature[K]           = 1700
energy step[1/cm]        = 236
maximum energy[kcal/mol] = 185

bimolecular PEDs:
   E, kcal    P1->P2
       185  3.81e+37
       184  4.16e+37
       183  4.55e+37
       183  4.96e+37
       182  5.42e+37
       181  5.91e+37
       181  6.44e+37
       180  7.03e+37
       179  7.66e+37
       179  8.34e+37
       178  9.09e+37
       177  9.89e+37
       177  1.08e+38
       176  1.17e+38
       175  1.27e+38
       175  1.39e+38
       174  1.51e+38
       173  1.64e+38
       173  1.78e+38
       172  1.93e+38
       171   2.1e+38
       171  2.27e+38
       170  2.47e+38
       169  2.67e+38
       169   2.9e+38
       168  3.14e+38
       167   3.4e+38
       167  3.68e+38
       166  3.98e+38
       165  4.31e+38
       164  4.66e+38
       164  5.04e+38
       163  5.45e+38
       162  5.88e+38
       162  6.35e+38
       161  6.86e+38
       160   7.4e+38
       160  7.98e+38
       159   8.6e+38
       158  9.27e+38
       158  9.98e+38
       157  1.07e+39
       156  1.16e+39
       156  1.24e+39
       155  1.34e+39
       154  1.44e+39
       154  1.55e+39
       153  1.66e+39
       152  1.78e+39
       152  1.91e+39
       151  2.05e+39
       150   2.2e+39
       150  2.36e+39
       149  2.52e+39
       148   2.7e+39
       148  2.89e+39
       147  3.09e+39
       146  3.31e+39
       146  3.54e+39
       145  3.78e+39
       144  4.03e+39
       144   4.3e+39
       143  4.59e+39
       142   4.9e+39
       142  5.22e+39
       141  5.56e+39
       140  5.92e+39
       139   6.3e+39
       139   6.7e+39
       138  7.12e+39
       137  7.56e+39
       137  8.03e+39
       136  8.53e+39
       135  9.05e+39
       135  9.59e+39
       134  1.02e+40
       133  1.08e+40
       133  1.14e+40
       132  1.21e+40
       131  1.28e+40
       131  1.35e+40
       130  1.42e+40
       129   1.5e+40
       129  1.59e+40
       128  1.67e+40
       127  1.76e+40
       127  1.86e+40
       126  1.96e+40
       125  2.06e+40
       125  2.16e+40
       124  2.27e+40
       123  2.39e+40
       123  2.51e+40
       122  2.63e+40
       121  2.76e+40
       121  2.89e+40
       120  3.02e+40
       119  3.16e+40
       119  3.31e+40
       118  3.46e+40
       117  3.61e+40
       117  3.77e+40
       116  3.93e+40
       115   4.1e+40
       114  4.27e+40
       114  4.44e+40
       113  4.62e+40
       112   4.8e+40
       112  4.99e+40
       111  5.18e+40
       110  5.37e+40
       110  5.56e+40
       109  5.76e+40
       108  5.96e+40
       108  6.17e+40
       107  6.37e+40
       106  6.58e+40
       106  6.79e+40
       105     7e+40
       104  7.22e+40
       104  7.43e+40
       103  7.64e+40
       102  7.85e+40
       102  8.07e+40
       101  8.28e+40
       100  8.49e+40
      99.6  8.69e+40
      98.9   8.9e+40
      98.3   9.1e+40
      97.6   9.3e+40
      96.9   9.5e+40
      96.2  9.69e+40
      95.6  9.87e+40
      94.9  1.01e+41
      94.2  1.02e+41
      93.5  1.04e+41
      92.9  1.06e+41
      92.2  1.07e+41
      91.5  1.08e+41
      90.8   1.1e+41
      90.2  1.11e+41
      89.5  1.12e+41
      88.8  1.13e+41
      88.1  1.14e+41
      87.5  1.15e+41
      86.8  1.16e+41
      86.1  1.16e+41
      85.4  1.17e+41
      84.8  1.17e+41
      84.1  1.17e+41
      83.4  1.18e+41
      82.7  1.17e+41
        82  1.17e+41
      81.4  1.17e+41
      80.7  1.17e+41
        80  1.16e+41
      79.3  1.15e+41
      78.7  1.15e+41
        78  1.14e+41
      77.3  1.12e+41
      76.6  1.11e+41
        76   1.1e+41
      75.3  1.08e+41
      74.6  1.07e+41
      73.9  1.05e+41
      73.3  1.03e+41
      72.6  1.01e+41
      71.9  9.93e+40
      71.2  9.72e+40
      70.6   9.5e+40
      69.9  9.27e+40
      69.2  9.03e+40
      68.5  8.79e+40
      67.9  8.54e+40
      67.2  8.28e+40
      66.5  8.02e+40
      65.8  7.76e+40
      65.2  7.49e+40
      64.5  7.22e+40
      63.8  6.95e+40
      63.1  6.67e+40
      62.5   6.4e+40
      61.8  6.13e+40
      61.1  5.85e+40
      60.4  5.59e+40
      59.8  5.32e+40
      59.1  5.06e+40
      58.4   4.8e+40
      57.7  4.54e+40
      57.1  4.29e+40
      56.4  4.05e+40
      55.7  3.81e+40
        55  3.58e+40
      54.3  3.35e+40
      53.7  3.14e+40
        53  2.93e+40
      52.3  2.73e+40
      51.6  2.53e+40
        51  2.35e+40
      50.3  2.17e+40
      49.6     2e+40
      48.9  1.84e+40
      48.3  1.69e+40
      47.6  1.55e+40
      46.9  1.41e+40
      46.2  1.29e+40
      45.6  1.17e+40
      44.9  1.06e+40
      44.2  9.55e+39
      43.5   8.6e+39
      42.9  7.72e+39
      42.2  6.91e+39
      41.5  6.16e+39
      40.8  5.48e+39
      40.2  4.86e+39
      39.5  4.29e+39
      38.8  3.77e+39
      38.1  3.31e+39
      37.5  2.89e+39
      36.8  2.52e+39
      36.1  2.18e+39
      35.4  1.89e+39
      34.8  1.62e+39
      34.1  1.39e+39
      33.4  1.18e+39
      32.7     1e+39
      32.1  8.49e+38
      31.4  7.14e+38
      30.7  5.97e+38
        30  4.97e+38
      29.3  4.12e+38
      28.7  3.39e+38
        28  2.77e+38
      27.3  2.26e+38
      26.6  1.82e+38
        26  1.46e+38
      25.3  1.17e+38
      24.6  9.24e+37
      23.9  7.26e+37
      23.3  5.67e+37
      22.6  4.39e+37
      21.9  3.37e+37
      21.2  2.56e+37
      20.6  1.93e+37
      19.9  1.44e+37
      19.2  1.07e+37
      18.5  7.82e+36
      17.9  5.65e+36
      17.2  4.04e+36
      16.5  2.85e+36
      15.8  1.99e+36
      15.2  1.36e+36
      14.5  9.22e+35
      13.8  6.13e+35
      13.1     4e+35
      12.5  2.56e+35
      11.8   1.6e+35
      11.1  9.82e+34
      10.4  5.86e+34
      9.76   3.4e+34
      9.08   1.9e+34
       8.4  1.03e+34
      7.73  5.36e+33
      7.05  2.63e+33
      6.38  1.22e+33
       5.7   5.3e+32
      5.03  2.19e+32
      4.35  6.49e+31
      3.68  9.98e+30
         3  1.17e+31
      2.32  1.79e+30
      1.65  4.76e+30
     0.973 -1.13e+31
     0.297  -1.2e+29
    -0.379  3.85e+29
     -1.05 -1.82e+30
     -1.73 -9.31e+30
     -2.41  3.97e+30
     -3.08  1.22e+31
     -3.76  2.39e+30
     -4.43  2.03e+30
     -5.11 -3.32e+30
     -5.78 -1.71e+30
     -6.46 -2.45e+30
     -7.14  2.65e+29
     -7.81 -2.68e+30
     -8.49 -1.33e+30
     -9.16 -3.95e+30
     -9.84 -2.66e+30
     -10.5 -1.63e+30
     -11.2  3.98e+30
     -11.9  3.81e+30
     -12.5  8.98e+29
     -13.2  3.72e+29
     -13.9  3.97e+29
     -14.6 -1.72e+30
     -15.2   4.8e+28
     -15.9  3.83e+28
     -16.6 -1.86e+29
     -17.3 -1.23e+29
     -17.9  3.84e+29
     -18.6 -2.44e+29
     -19.3  4.26e+29
       -20 -4.83e+28
     -20.6 -1.05e+28
     -21.3 -1.56e+29
       -22  3.68e+29
     -22.7 -2.34e+29
     -23.4  1.02e+27
       -24  1.29e+28
     -24.7  9.07e+28
     -25.4 -6.91e+28
     -26.1  4.64e+28
     -26.7 -1.17e+28
     -27.4  1.28e+28
     -28.1  -1.4e+27
     -28.8  1.87e+27
     -29.4 -5.57e+26
     -30.1  1.34e+26
     -30.8  2.44e+26
     -31.5 -1.26e+26
     -32.1  9.63e+24
     -32.8  5.24e+24
     -33.5 -8.77e+23
     -34.2  3.43e+24
     -34.8  -8.4e+20
     -35.5 -5.83e+21
     -36.2  4.86e+21
     -36.9 -1.05e+20
     -37.5   1.6e+16

pressure[atm]        = 1
temperature[K]           = 1700
energy step[1/cm]        = 236
maximum energy[kcal/mol] = 185

bimolecular PEDs:
   E, kcal    P1->P2
       185  3.81e+37
       184  4.16e+37
       183  4.54e+37
       183  4.96e+37
       182  5.41e+37
       181  5.91e+37
       181  6.44e+37
       180  7.03e+37
       179  7.66e+37
       179  8.34e+37
       178  9.09e+37
       177  9.89e+37
       177  1.08e+38
       176  1.17e+38
       175  1.27e+38
       175  1.39e+38
       174  1.51e+38
       173  1.64e+38
       173  1.78e+38
       172  1.93e+38
       171   2.1e+38
       171  2.27e+38
       170  2.47e+38
       169  2.67e+38
       169   2.9e+38
       168  3.14e+38
       167   3.4e+38
       167  3.68e+38
       166  3.98e+38
       165  4.31e+38
       164  4.66e+38
       164  5.04e+38
       163  5.45e+38
       162  5.88e+38
       162  6.35e+38
       161  6.85e+38
       160   7.4e+38
       160  7.98e+38
       159   8.6e+38
       158  9.27e+38
       158  9.98e+38
       157  1.07e+39
       156  1.16e+39
       156  1.24e+39
       155  1.34e+39
       154  1.44e+39
       154  1.55e+39
       153  1.66e+39
       152  1.78e+39
       152  1.91e+39
       151  2.05e+39
       150   2.2e+39
       150  2.36e+39
       149  2.52e+39
       148   2.7e+39
       148  2.89e+39
       147  3.09e+39
       146  3.31e+39
       146  3.54e+39
       145  3.78e+39
       144  4.03e+39
       144   4.3e+39
       143  4.59e+39
       142   4.9e+39
       142  5.22e+39
       141  5.56e+39
       140  5.92e+39
       139   6.3e+39
       139   6.7e+39
       138  7.12e+39
       137  7.56e+39
       137  8.03e+39
       136  8.53e+39
       135  9.05e+39
       135  9.59e+39
       134  1.02e+40
       133  1.08e+40
       133  1.14e+40
       132  1.21e+40
       131  1.28e+40
       131  1.35e+40
       130  1.42e+40
       129   1.5e+40
       129  1.59e+40
       128  1.67e+40
       127  1.76e+40
       127  1.86e+40
       126  1.96e+40
       125  2.06e+40
       125  2.16e+40
       124  2.27e+40
       123  2.39e+40
       123  2.51e+40
       122  2.63e+40
       121  2.76e+40
       121  2.89e+40
       120  3.02e+40
       119  3.16e+40
       119  3.31e+40
       118  3.46e+40
       117  3.61e+40
       117  3.77e+40
       116  3.93e+40
       115   4.1e+40
       114  4.27e+40
       114  4.44e+40
       113  4.62e+40
       112   4.8e+40
       112  4.99e+40
       111  5.18e+40
       110  5.37e+40
       110  5.56e+40
       109  5.76e+40
       108  5.96e+40
       108  6.17e+40
       107  6.37e+40
       106  6.58e+40
       106  6.79e+40
       105     7e+40
       104  7.22e+40
       104  7.43e+40
       103  7.64e+40
       102  7.85e+40
       102  8.07e+40
       101  8.28e+40
       100  8.49e+40
      99.6  8.69e+40
      98.9   8.9e+40
      98.3   9.1e+40
      97.6   9.3e+40
      96.9   9.5e+40
      96.2  9.69e+40
      95.6  9.87e+40
      94.9  1.01e+41
      94.2  1.02e+41
      93.5  1.04e+41
      92.9  1.06e+41
      92.2  1.07e+41
      91.5  1.08e+41
      90.8   1.1e+41
      90.2  1.11e+41
      89.5  1.12e+41
      88.8  1.13e+41
      88.1  1.14e+41
      87.5  1.15e+41
      86.8  1.16e+41
      86.1  1.16e+41
      85.4  1.17e+41
      84.8  1.17e+41
      84.1  1.17e+41
      83.4  1.18e+41
      82.7  1.17e+41
        82  1.17e+41
      81.4  1.17e+41
      80.7  1.17e+41
        80  1.16e+41
      79.3  1.15e+41
      78.7  1.15e+41
        78  1.14e+41
      77.3  1.12e+41
      76.6  1.11e+41
        76   1.1e+41
      75.3  1.08e+41
      74.6  1.07e+41
      73.9  1.05e+41
      73.3  1.03e+41
      72.6  1.01e+41
      71.9  9.93e+40
      71.2  9.72e+40
      70.6   9.5e+40
      69.9  9.27e+40
      69.2  9.03e+40
      68.5  8.79e+40
      67.9  8.54e+40
      67.2  8.28e+40
      66.5  8.02e+40
      65.8  7.76e+40
      65.2  7.49e+40
      64.5  7.22e+40
      63.8  6.95e+40
      63.1  6.67e+40
      62.5   6.4e+40
      61.8  6.13e+40
      61.1  5.85e+40
      60.4  5.59e+40
      59.8  5.32e+40
      59.1  5.06e+40
      58.4   4.8e+40
      57.7  4.54e+40
      57.1  4.29e+40
      56.4  4.05e+40
      55.7  3.81e+40
        55  3.58e+40
      54.3  3.35e+40
      53.7  3.14e+40
        53  2.93e+40
      52.3  2.73e+40
      51.6  2.53e+40
        51  2.35e+40
      50.3  2.17e+40
      49.6     2e+40
      48.9  1.84e+40
      48.3  1.69e+40
      47.6  1.55e+40
      46.9  1.41e+40
      46.2  1.29e+40
      45.6  1.17e+40
      44.9  1.06e+40
      44.2  9.55e+39
      43.5   8.6e+39
      42.9  7.72e+39
      42.2  6.91e+39
      41.5  6.16e+39
      40.8  5.48e+39
      40.2  4.86e+39
      39.5  4.29e+39
      38.8  3.77e+39
      38.1  3.31e+39
      37.5  2.89e+39
      36.8  2.52e+39
      36.1  2.18e+39
      35.4  1.89e+39
      34.8  1.62e+39
      34.1  1.39e+39
      33.4  1.18e+39
      32.7  1.01e+39
      32.1  8.49e+38
      31.4  7.14e+38
      30.7  5.97e+38
        30  4.97e+38
      29.3  4.12e+38
      28.7  3.39e+38
        28  2.77e+38
      27.3  2.26e+38
      26.6  1.82e+38
        26  1.46e+38
      25.3  1.17e+38
      24.6  9.24e+37
      23.9  7.26e+37
      23.3  5.67e+37
      22.6  4.39e+37
      21.9  3.37e+37
      21.2  2.56e+37
      20.6  1.93e+37
      19.9  1.44e+37
      19.2  1.07e+37
      18.5  7.82e+36
      17.9  5.66e+36
      17.2  4.04e+36
      16.5  2.85e+36
      15.8  1.99e+36
      15.2  1.36e+36
      14.5  9.22e+35
      13.8  6.13e+35
      13.1     4e+35
      12.5  2.56e+35
      11.8  1.61e+35
      11.1  9.83e+34
      10.4  5.86e+34
      9.76   3.4e+34
      9.08  1.91e+34
       8.4  1.03e+34
      7.73  5.38e+33
      7.05  2.66e+33
      6.38  1.23e+33
       5.7   5.4e+32
      5.03  2.06e+32
      4.35  8.12e+31
      3.68  1.23e+31
         3 -5.29e+30
      2.32  8.02e+30
      1.65  1.16e+31
     0.973  1.53e+31
     0.297  1.33e+31
    -0.379 -1.41e+30
     -1.05 -1.07e+31
     -1.73  1.61e+30
     -2.41 -4.01e+30
     -3.08  6.15e+29
     -3.76  6.61e+30
     -4.43  4.17e+30
     -5.11  6.02e+30
     -5.78 -5.26e+29
     -6.46  4.53e+30
     -7.14 -4.64e+30
     -7.81 -5.55e+30
     -8.49 -3.68e+30
     -9.16 -1.98e+30
     -9.84 -1.37e+30
     -10.5 -8.21e+29
     -11.2  2.07e+30
     -11.9 -1.03e+29
     -12.5 -3.69e+29
     -13.2 -7.45e+29
     -13.9 -1.22e+30
     -14.6  1.76e+30
     -15.2 -5.48e+29
     -15.9  1.51e+30
     -16.6 -9.97e+29
     -17.3 -8.26e+29
     -17.9  8.81e+29
     -18.6  -4.1e+29
     -19.3  -1.3e+29
       -20 -8.85e+29
     -20.6   3.7e+29
     -21.3  5.27e+29
       -22 -5.24e+29
     -22.7 -5.82e+28
     -23.4  1.14e+29
       -24 -1.77e+29
     -24.7 -9.94e+28
     -25.4  1.92e+29
     -26.1  -1.2e+29
     -26.7 -3.26e+27
     -27.4  2.05e+28
     -28.1  -8.3e+27
     -28.8 -2.88e+27
     -29.4  1.64e+27
     -30.1 -1.24e+26
     -30.8  -1.9e+26
     -31.5  2.25e+26
     -32.1 -5.47e+25
     -32.8  1.41e+25
     -33.5  2.92e+23
     -34.2 -4.45e+26
     -34.8  1.31e+24
     -35.5 -2.45e+21
     -36.2  4.13e+20
     -36.9   2.7e+20
     -37.5  2.07e+17

pressure[atm]        = 10
temperature[K]           = 1700
energy step[1/cm]        = 236
maximum energy[kcal/mol] = 185

bimolecular PEDs:
   E, kcal    P1->P2
       185  3.81e+37
       184  4.16e+37
       183  4.54e+37
       183  4.96e+37
       182  5.41e+37
       181  5.91e+37
       181  6.44e+37
       180  7.02e+37
       179  7.65e+37
       179  8.34e+37
       178  9.08e+37
       177  9.89e+37
       177  1.08e+38
       176  1.17e+38
       175  1.27e+38
       175  1.39e+38
       174  1.51e+38
       173  1.64e+38
       173  1.78e+38
       172  1.93e+38
       171   2.1e+38
       171  2.27e+38
       170  2.47e+38
       169  2.67e+38
       169   2.9e+38
       168  3.14e+38
       167   3.4e+38
       167  3.68e+38
       166  3.98e+38
       165  4.31e+38
       164  4.66e+38
       164  5.04e+38
       163  5.44e+38
       162  5.88e+38
       162  6.35e+38
       161  6.85e+38
       160  7.39e+38
       160  7.97e+38
       159   8.6e+38
       158  9.26e+38
       158  9.98e+38
       157  1.07e+39
       156  1.16e+39
       156  1.24e+39
       155  1.34e+39
       154  1.44e+39
       154  1.55e+39
       153  1.66e+39
       152  1.78e+39
       152  1.91e+39
       151  2.05e+39
       150   2.2e+39
       150  2.36e+39
       149  2.52e+39
       148   2.7e+39
       148  2.89e+39
       147  3.09e+39
       146  3.31e+39
       146  3.53e+39
       145  3.78e+39
       144  4.03e+39
       144   4.3e+39
       143  4.59e+39
       142  4.89e+39
       142  5.22e+39
       141  5.56e+39
       140  5.92e+39
       139  6.29e+39
       139  6.69e+39
       138  7.12e+39
       137  7.56e+39
       137  8.03e+39
       136  8.52e+39
       135  9.04e+39
       135  9.59e+39
       134  1.02e+40
       133  1.08e+40
       133  1.14e+40
       132  1.21e+40
       131  1.28e+40
       131  1.35e+40
       130  1.42e+40
       129   1.5e+40
       129  1.59e+40
       128  1.67e+40
       127  1.76e+40
       127  1.86e+40
       126  1.95e+40
       125  2.06e+40
       125  2.16e+40
       124  2.27e+40
       123  2.39e+40
       123  2.51e+40
       122  2.63e+40
       121  2.76e+40
       121  2.89e+40
       120  3.02e+40
       119  3.16e+40
       119  3.31e+40
       118  3.46e+40
       117  3.61e+40
       117  3.77e+40
       116  3.93e+40
       115  4.09e+40
       114  4.27e+40
       114  4.44e+40
       113  4.62e+40
       112   4.8e+40
       112  4.99e+40
       111  5.17e+40
       110  5.37e+40
       110  5.56e+40
       109  5.76e+40
       108  5.96e+40
       108  6.17e+40
       107  6.37e+40
       106  6.58e+40
       106  6.79e+40
       105     7e+40
       104  7.22e+40
       104  7.43e+40
       103  7.64e+40
       102  7.85e+40
       102  8.07e+40
       101  8.28e+40
       100  8.49e+40
      99.6  8.69e+40
      98.9   8.9e+40
      98.3   9.1e+40
      97.6   9.3e+40
      96.9  9.49e+40
      96.2  9.69e+40
      95.6  9.87e+40
      94.9  1.01e+41
      94.2  1.02e+41
      93.5  1.04e+41
      92.9  1.06e+41
      92.2  1.07e+41
      91.5  1.08e+41
      90.8   1.1e+41
      90.2  1.11e+41
      89.5  1.12e+41
      88.8  1.13e+41
      88.1  1.14e+41
      87.5  1.15e+41
      86.8  1.16e+41
      86.1  1.16e+41
      85.4  1.17e+41
      84.8  1.17e+41
      84.1  1.17e+41
      83.4  1.18e+41
      82.7  1.17e+41
        82  1.17e+41
      81.4  1.17e+41
      80.7  1.17e+41
        80  1.16e+41
      79.3  1.15e+41
      78.7  1.15e+41
        78  1.14e+41
      77.3  1.12e+41
      76.6  1.11e+41
        76   1.1e+41
      75.3  1.08e+41
      74.6  1.07e+41
      73.9  1.05e+41
      73.3  1.03e+41
      72.6  1.01e+41
      71.9  9.93e+40
      71.2  9.72e+40
      70.6   9.5e+40
      69.9  9.27e+40
      69.2  9.03e+40
      68.5  8.79e+40
      67.9  8.54e+40
      67.2  8.28e+40
      66.5  8.02e+40
      65.8  7.76e+40
      65.2  7.49e+40
      64.5  7.22e+40
      63.8  6.95e+40
      63.1  6.67e+40
      62.5   6.4e+40
      61.8  6.13e+40
      61.1  5.86e+40
      60.4  5.59e+40
      59.8  5.32e+40
      59.1  5.06e+40
      58.4   4.8e+40
      57.7  4.54e+40
      57.1  4.29e+40
      56.4  4.05e+40
      55.7  3.81e+40
        55  3.58e+40
      54.3  3.35e+40
      53.7  3.14e+40
        53  2.93e+40
      52.3  2.73e+40
      51.6  2.53e+40
        51  2.35e+40
      50.3  2.17e+40
      49.6     2e+40
      48.9  1.84e+40
      48.3  1.69e+40
      47.6  1.55e+40
      46.9  1.41e+40
      46.2  1.29e+40
      45.6  1.17e+40
      44.9  1.06e+40
      44.2  9.56e+39
      43.5   8.6e+39
      42.9  7.72e+39
      42.2  6.91e+39
      41.5  6.17e+39
      40.8  5.48e+39
      40.2  4.86e+39
      39.5  4.29e+39
      38.8  3.78e+39
      38.1  3.31e+39
      37.5  2.89e+39
      36.8  2.52e+39
      36.1  2.18e+39
      35.4  1.89e+39
      34.8  1.62e+39
      34.1  1.39e+39
      33.4  1.18e+39
      32.7  1.01e+39
      32.1   8.5e+38
      31.4  7.14e+38
      30.7  5.98e+38
        30  4.98e+38
      29.3  4.12e+38
      28.7  3.39e+38
        28  2.78e+38
      27.3  2.26e+38
      26.6  1.82e+38
        26  1.46e+38
      25.3  1.17e+38
      24.6  9.25e+37
      23.9  7.27e+37
      23.3  5.67e+37
      22.6  4.39e+37
      21.9  3.37e+37
      21.2  2.57e+37
      20.6  1.94e+37
      19.9  1.45e+37
      19.2  1.07e+37
      18.5  7.83e+36
      17.9  5.67e+36
      17.2  4.05e+36
      16.5  2.86e+36
      15.8  1.99e+36
      15.2  1.37e+36
      14.5  9.26e+35
      13.8  6.16e+35
      13.1  4.02e+35
      12.5  2.58e+35
      11.8  1.62e+35
      11.1  9.92e+34
      10.4  5.93e+34
      9.76  3.45e+34
      9.08  1.95e+34
       8.4  1.06e+34
      7.73  5.56e+33
      7.05  2.82e+33
      6.38  1.32e+33
       5.7  6.14e+32
      5.03  2.94e+32
      4.35  1.37e+32
      3.68   7.3e+31
         3  4.05e+31
      2.32  2.35e+31
      1.65   1.8e+31
     0.973  7.12e+30
     0.297 -4.84e+30
    -0.379 -2.55e+30
     -1.05 -1.53e+31
     -1.73  1.55e+30
     -2.41  7.37e+30
     -3.08  1.68e+30
     -3.76  1.05e+30
     -4.43 -1.36e+29
     -5.11  -3.9e+30
     -5.78  3.71e+30
     -6.46  1.76e+30
     -7.14 -4.81e+30
     -7.81 -2.38e+30
     -8.49  -3.4e+30
     -9.16 -2.72e+30
     -9.84  3.08e+30
     -10.5  3.57e+30
     -11.2 -4.12e+29
     -11.9 -1.74e+30
     -12.5  2.69e+29
     -13.2 -1.19e+30
     -13.9  8.63e+29
     -14.6  7.54e+27
     -15.2  9.34e+29
     -15.9 -1.47e+30
     -16.6  1.69e+30
     -17.3 -1.25e+30
     -17.9  -4.7e+29
     -18.6  1.05e+30
     -19.3  1.68e+29
       -20  8.78e+28
     -20.6 -1.95e+29
     -21.3   1.5e+29
       -22  -2.4e+28
     -22.7 -3.67e+29
     -23.4  7.83e+28
       -24  2.01e+29
     -24.7  1.12e+29
     -25.4 -1.78e+29
     -26.1  9.31e+28
     -26.7   1.6e+28
     -27.4 -1.37e+28
     -28.1 -4.19e+28
     -28.8  2.96e+28
     -29.4  3.67e+26
     -30.1 -5.21e+27
     -30.8   3.7e+27
     -31.5 -1.06e+27
     -32.1  2.63e+26
     -32.8 -4.54e+25
     -33.5  8.28e+24
     -34.2 -9.47e+23
     -34.8  1.17e+26
     -35.5 -3.49e+23
     -36.2    -1e+22
     -36.9  1.07e+21
     -37.5  4.63e+18

pressure[atm]        = 100
temperature[K]           = 1700
energy step[1/cm]        = 236
maximum energy[kcal/mol] = 185

bimolecular PEDs:
   E, kcal    P1->P2
       185  3.78e+37
       184  4.13e+37
       183  4.52e+37
       183  4.93e+37
       182  5.39e+37
       181  5.88e+37
       181  6.42e+37
       180     7e+37
       179  7.63e+37
       179  8.31e+37
       178  9.06e+37
       177  9.86e+37
       177  1.07e+38
       176  1.17e+38
       175  1.27e+38
       175  1.38e+38
       174   1.5e+38
       173  1.63e+38
       173  1.77e+38
       172  1.93e+38
       171  2.09e+38
       171  2.27e+38
       170  2.46e+38
       169  2.67e+38
       169  2.89e+38
       168  3.13e+38
       167  3.39e+38
       167  3.67e+38
       166  3.97e+38
       165   4.3e+38
       164  4.65e+38
       164  5.03e+38
       163  5.43e+38
       162  5.87e+38
       162  6.34e+38
       161  6.84e+38
       160  7.38e+38
       160  7.96e+38
       159  8.58e+38
       158  9.24e+38
       158  9.96e+38
       157  1.07e+39
       156  1.15e+39
       156  1.24e+39
       155  1.33e+39
       154  1.44e+39
       154  1.54e+39
       153  1.66e+39
       152  1.78e+39
       152  1.91e+39
       151  2.05e+39
       150  2.19e+39
       150  2.35e+39
       149  2.52e+39
       148   2.7e+39
       148  2.89e+39
       147  3.09e+39
       146   3.3e+39
       146  3.53e+39
       145  3.77e+39
       144  4.02e+39
       144   4.3e+39
       143  4.58e+39
       142  4.89e+39
       142  5.21e+39
       141  5.55e+39
       140  5.91e+39
       139  6.28e+39
       139  6.68e+39
       138  7.11e+39
       137  7.55e+39
       137  8.02e+39
       136  8.51e+39
       135  9.03e+39
       135  9.57e+39
       134  1.01e+40
       133  1.07e+40
       133  1.14e+40
       132   1.2e+40
       131  1.27e+40
       131  1.35e+40
       130  1.42e+40
       129   1.5e+40
       129  1.58e+40
       128  1.67e+40
       127  1.76e+40
       127  1.85e+40
       126  1.95e+40
       125  2.05e+40
       125  2.16e+40
       124  2.27e+40
       123  2.38e+40
       123   2.5e+40
       122  2.63e+40
       121  2.75e+40
       121  2.88e+40
       120  3.02e+40
       119  3.16e+40
       119   3.3e+40
       118  3.45e+40
       117  3.61e+40
       117  3.76e+40
       116  3.92e+40
       115  4.09e+40
       114  4.26e+40
       114  4.43e+40
       113  4.61e+40
       112   4.8e+40
       112  4.98e+40
       111  5.17e+40
       110  5.36e+40
       110  5.56e+40
       109  5.76e+40
       108  5.96e+40
       108  6.16e+40
       107  6.37e+40
       106  6.58e+40
       106  6.79e+40
       105     7e+40
       104  7.21e+40
       104  7.42e+40
       103  7.64e+40
       102  7.85e+40
       102  8.06e+40
       101  8.27e+40
       100  8.48e+40
      99.6  8.69e+40
      98.9  8.89e+40
      98.3   9.1e+40
      97.6   9.3e+40
      96.9  9.49e+40
      96.2  9.68e+40
      95.6  9.87e+40
      94.9     1e+41
      94.2  1.02e+41
      93.5  1.04e+41
      92.9  1.05e+41
      92.2  1.07e+41
      91.5  1.08e+41
      90.8   1.1e+41
      90.2  1.11e+41
      89.5  1.12e+41
      88.8  1.13e+41
      88.1  1.14e+41
      87.5  1.15e+41
      86.8  1.16e+41
      86.1  1.16e+41
      85.4  1.17e+41
      84.8  1.17e+41
      84.1  1.17e+41
      83.4  1.18e+41
      82.7  1.17e+41
        82  1.17e+41
      81.4  1.17e+41
      80.7  1.17e+41
        80  1.16e+41
      79.3  1.15e+41
      78.7  1.15e+41
        78  1.14e+41
      77.3  1.12e+41
      76.6  1.11e+41
        76   1.1e+41
      75.3  1.08e+41
      74.6  1.07e+41
      73.9  1.05e+41
      73.3  1.03e+41
      72.6  1.01e+41
      71.9  9.94e+40
      71.2  9.73e+40
      70.6   9.5e+40
      69.9  9.28e+40
      69.2  9.04e+40
      68.5  8.79e+40
      67.9  8.54e+40
      67.2  8.29e+40
      66.5  8.03e+40
      65.8  7.76e+40
      65.2   7.5e+40
      64.5  7.23e+40
      63.8  6.95e+40
      63.1  6.68e+40
      62.5  6.41e+40
      61.8  6.13e+40
      61.1  5.86e+40
      60.4  5.59e+40
      59.8  5.33e+40
      59.1  5.06e+40
      58.4   4.8e+40
      57.7  4.55e+40
      57.1   4.3e+40
      56.4  4.05e+40
      55.7  3.82e+40
        55  3.58e+40
      54.3  3.36e+40
      53.7  3.14e+40
        53  2.93e+40
      52.3  2.73e+40
      51.6  2.54e+40
        51  2.35e+40
      50.3  2.18e+40
      49.6  2.01e+40
      48.9  1.85e+40
      48.3  1.69e+40
      47.6  1.55e+40
      46.9  1.42e+40
      46.2  1.29e+40
      45.6  1.17e+40
      44.9  1.06e+40
      44.2  9.58e+39
      43.5  8.63e+39
      42.9  7.75e+39
      42.2  6.93e+39
      41.5  6.18e+39
      40.8   5.5e+39
      40.2  4.87e+39
      39.5  4.31e+39
      38.8  3.79e+39
      38.1  3.32e+39
      37.5   2.9e+39
      36.8  2.53e+39
      36.1  2.19e+39
      35.4  1.89e+39
      34.8  1.63e+39
      34.1   1.4e+39
      33.4  1.19e+39
      32.7  1.01e+39
      32.1  8.54e+38
      31.4  7.19e+38
      30.7  6.01e+38
        30  5.01e+38
      29.3  4.15e+38
      28.7  3.42e+38
        28   2.8e+38
      27.3  2.27e+38
      26.6  1.84e+38
        26  1.48e+38
      25.3  1.18e+38
      24.6  9.34e+37
      23.9  7.35e+37
      23.3  5.74e+37
      22.6  4.45e+37
      21.9  3.42e+37
      21.2   2.6e+37
      20.6  1.97e+37
      19.9  1.47e+37
      19.2  1.09e+37
      18.5  7.99e+36
      17.9  5.79e+36
      17.2  4.15e+36
      16.5  2.94e+36
      15.8  2.05e+36
      15.2  1.42e+36
      14.5  9.63e+35
      13.8  6.44e+35
      13.1  4.24e+35
      12.5  2.74e+35
      11.8  1.74e+35
      11.1  1.09e+35
      10.4  6.65e+34
      9.76  3.98e+34
      9.08  2.34e+34
       8.4  1.35e+34
      7.73  7.75e+33
      7.05  4.35e+33
      6.38  2.45e+33
       5.7  1.43e+33
      5.03  8.59e+32
      4.35  5.44e+32
      3.68  3.75e+32
         3   2.5e+32
      2.32  1.88e+32
      1.65  1.09e+32
     0.973  8.05e+31
     0.297  4.25e+31
    -0.379  2.32e+31
     -1.05   2.3e+31
     -1.73  3.02e+31
     -2.41  1.55e+31
     -3.08   1.8e+31
     -3.76  7.86e+30
     -4.43  8.18e+30
     -5.11 -5.78e+30
     -5.78     9e+29
     -6.46 -3.03e+29
     -7.14 -1.04e+31
     -7.81 -5.78e+30
     -8.49  -1.7e+30
     -9.16 -2.64e+30
     -9.84 -2.23e+29
     -10.5 -2.26e+30
     -11.2 -1.08e+29
     -11.9 -1.29e+30
     -12.5 -2.65e+29
     -13.2  1.89e+29
     -13.9  4.38e+29
     -14.6  2.58e+29
     -15.2 -6.93e+29
     -15.9  1.03e+30
     -16.6 -7.04e+29
     -17.3  1.07e+29
     -17.9  -7.8e+29
     -18.6 -5.28e+29
     -19.3  1.43e+29
       -20  -6.5e+29
     -20.6  5.49e+29
     -21.3  1.41e+29
       -22  7.36e+28
     -22.7  8.68e+28
     -23.4 -1.07e+29
       -24 -7.79e+28
     -24.7   5.7e+28
     -25.4  7.37e+28
     -26.1 -5.51e+28
     -26.7  -1.2e+29
     -27.4 -9.38e+26
     -28.1  6.91e+27
     -28.8 -6.96e+26
     -29.4  6.68e+27
     -30.1 -4.68e+27
     -30.8  2.19e+27
     -31.5 -3.57e+26
     -32.1 -4.33e+24
     -32.8  1.08e+25
     -33.5 -2.76e+24
     -34.2  4.81e+23
     -34.8  2.16e+26
     -35.5  -8.4e+23
     -36.2 -2.22e+21
     -36.9 -1.72e+22
     -37.5  8.32e+22

pressure[atm]        = 0.01
temperature[K]           = 1800
energy step[1/cm]        = 250
maximum energy[kcal/mol] = 199

bimolecular PEDs:
   E, kcal    P1->P2
       199   3.5e+38
       198  3.82e+38
       197  4.17e+38
       196  4.55e+38
       196  4.97e+38
       195  5.42e+38
       194  5.91e+38
       194  6.45e+38
       193  7.03e+38
       192  7.66e+38
       191  8.34e+38
       191  9.08e+38
       190  9.88e+38
       189  1.08e+39
       189  1.17e+39
       188  1.27e+39
       187  1.38e+39
       186   1.5e+39
       186  1.63e+39
       185  1.77e+39
       184  1.92e+39
       184  2.09e+39
       183  2.26e+39
       182  2.45e+39
       181  2.66e+39
       181  2.88e+39
       180  3.12e+39
       179  3.38e+39
       179  3.65e+39
       178  3.95e+39
       177  4.27e+39
       176  4.62e+39
       176  4.99e+39
       175  5.39e+39
       174  5.82e+39
       174  6.29e+39
       173  6.78e+39
       172  7.31e+39
       171  7.88e+39
       171   8.5e+39
       170  9.15e+39
       169  9.85e+39
       169  1.06e+40
       168  1.14e+40
       167  1.23e+40
       166  1.32e+40
       166  1.42e+40
       165  1.52e+40
       164  1.63e+40
       164  1.75e+40
       163  1.88e+40
       162  2.02e+40
       161  2.16e+40
       161  2.31e+40
       160  2.48e+40
       159  2.65e+40
       159  2.84e+40
       158  3.03e+40
       157  3.24e+40
       156  3.46e+40
       156   3.7e+40
       155  3.95e+40
       154  4.21e+40
       154  4.49e+40
       153  4.79e+40
       152   5.1e+40
       151  5.43e+40
       151  5.78e+40
       150  6.15e+40
       149  6.53e+40
       149  6.94e+40
       148  7.37e+40
       147  7.83e+40
       146  8.31e+40
       146  8.81e+40
       145  9.34e+40
       144  9.89e+40
       143  1.05e+41
       143  1.11e+41
       142  1.17e+41
       141  1.24e+41
       141  1.31e+41
       140  1.38e+41
       139  1.46e+41
       138  1.54e+41
       138  1.62e+41
       137  1.71e+41
       136   1.8e+41
       136  1.89e+41
       135  1.99e+41
       134  2.09e+41
       133   2.2e+41
       133  2.31e+41
       132  2.42e+41
       131  2.54e+41
       131  2.66e+41
       130  2.79e+41
       129  2.92e+41
       128  3.05e+41
       128  3.19e+41
       127  3.33e+41
       126  3.48e+41
       126  3.63e+41
       125  3.78e+41
       124  3.94e+41
       123   4.1e+41
       123  4.27e+41
       122  4.44e+41
       121  4.61e+41
       121  4.79e+41
       120  4.97e+41
       119  5.15e+41
       118  5.34e+41
       118  5.53e+41
       117  5.72e+41
       116  5.91e+41
       116  6.11e+41
       115  6.31e+41
       114   6.5e+41
       113   6.7e+41
       113   6.9e+41
       112  7.11e+41
       111  7.31e+41
       111  7.51e+41
       110  7.71e+41
       109  7.91e+41
       108  8.11e+41
       108   8.3e+41
       107   8.5e+41
       106  8.69e+41
       106  8.87e+41
       105  9.06e+41
       104  9.24e+41
       103  9.41e+41
       103  9.58e+41
       102  9.74e+41
       101   9.9e+41
       101  1.01e+42
      99.9  1.02e+42
      99.1  1.03e+42
      98.4  1.05e+42
      97.7  1.06e+42
        97  1.07e+42
      96.3  1.08e+42
      95.6  1.09e+42
      94.8   1.1e+42
      94.1   1.1e+42
      93.4  1.11e+42
      92.7  1.11e+42
        92  1.12e+42
      91.3  1.12e+42
      90.6  1.12e+42
      89.8  1.12e+42
      89.1  1.12e+42
      88.4  1.11e+42
      87.7  1.11e+42
        87  1.11e+42
      86.3   1.1e+42
      85.5  1.09e+42
      84.8  1.08e+42
      84.1  1.07e+42
      83.4  1.06e+42
      82.7  1.05e+42
        82  1.03e+42
      81.3  1.02e+42
      80.5     1e+42
      79.8  9.85e+41
      79.1  9.67e+41
      78.4  9.48e+41
      77.7  9.28e+41
        77  9.07e+41
      76.2  8.86e+41
      75.5  8.63e+41
      74.8   8.4e+41
      74.1  8.17e+41
      73.4  7.93e+41
      72.7  7.68e+41
        72  7.43e+41
      71.2  7.18e+41
      70.5  6.92e+41
      69.8  6.67e+41
      69.1  6.41e+41
      68.4  6.15e+41
      67.7  5.89e+41
      66.9  5.64e+41
      66.2  5.38e+41
      65.5  5.13e+41
      64.8  4.88e+41
      64.1  4.63e+41
      63.4  4.39e+41
      62.7  4.15e+41
      61.9  3.92e+41
      61.2   3.7e+41
      60.5  3.48e+41
      59.8  3.26e+41
      59.1  3.06e+41
      58.4  2.86e+41
      57.6  2.66e+41
      56.9  2.48e+41
      56.2   2.3e+41
      55.5  2.13e+41
      54.8  1.97e+41
      54.1  1.82e+41
      53.4  1.67e+41
      52.6  1.53e+41
      51.9   1.4e+41
      51.2  1.28e+41
      50.5  1.17e+41
      49.8  1.06e+41
      49.1  9.59e+40
      48.3  8.65e+40
      47.6  7.79e+40
      46.9  6.99e+40
      46.2  6.26e+40
      45.5  5.58e+40
      44.8  4.97e+40
      44.1   4.4e+40
      43.3  3.89e+40
      42.6  3.43e+40
      41.9  3.01e+40
      41.2  2.63e+40
      40.5  2.29e+40
      39.8  1.99e+40
        39  1.72e+40
      38.3  1.48e+40
      37.6  1.27e+40
      36.9  1.08e+40
      36.2  9.21e+39
      35.5   7.8e+39
      34.8  6.57e+39
        34  5.51e+39
      33.3   4.6e+39
      32.6  3.82e+39
      31.9  3.15e+39
      31.2  2.59e+39
      30.5  2.12e+39
      29.7  1.72e+39
        29  1.39e+39
      28.3  1.11e+39
      27.6  8.85e+38
      26.9     7e+38
      26.2  5.49e+38
      25.5  4.28e+38
      24.7  3.31e+38
        24  2.54e+38
      23.3  1.93e+38
      22.6  1.46e+38
      21.9  1.09e+38
      21.2  8.04e+37
      20.4  5.88e+37
      19.7  4.26e+37
        19  3.05e+37
      18.3  2.16e+37
      17.6  1.51e+37
      16.9  1.04e+37
      16.2  7.04e+36
      15.4   4.7e+36
      14.7  3.09e+36
        14  1.99e+36
      13.3  1.26e+36
      12.6   7.8e+35
      11.9  4.71e+35
      11.1  2.78e+35
      10.4  1.59e+35
      9.71   8.8e+34
         9   4.7e+34
      8.28   2.4e+34
      7.57  1.18e+34
      6.85  5.41e+33
      6.14  2.41e+33
      5.42  8.78e+32
      4.71  2.51e+32
      3.99  2.28e+31
      3.28 -5.83e+31
      2.56 -3.37e+31
      1.85 -2.07e+31
      1.13 -9.82e+31
     0.414 -5.36e+31
    -0.301 -2.37e+30
     -1.02  2.89e+31
     -1.73  6.04e+30
     -2.45   3.5e+31
     -3.16  5.54e+31
     -3.88  3.34e+31
     -4.59 -9.48e+30
     -5.31  1.06e+31
     -6.02 -4.07e+31
     -6.74  1.29e+31
     -7.45  1.73e+30
     -8.17  1.07e+31
     -8.89  5.41e+30
      -9.6 -1.73e+31
     -10.3  1.45e+30
       -11  1.26e+31
     -11.7  6.84e+30
     -12.5 -9.35e+30
     -13.2 -1.29e+31
     -13.9  6.56e+30
     -14.6 -2.14e+29
     -15.3  2.34e+29
       -16  2.67e+30
     -16.8 -4.01e+30
     -17.5  2.55e+30
     -18.2 -3.56e+30
     -18.9 -1.63e+30
     -19.6  1.66e+30
     -20.3 -2.91e+28
       -21  5.05e+29
     -21.8  3.28e+29
     -22.5  6.05e+29
     -23.2 -2.03e+29
     -23.9  2.41e+28
     -24.6 -4.81e+28
     -25.3  7.62e+28
     -26.1  8.94e+27
     -26.8  2.08e+28
     -27.5 -1.07e+28
     -28.2  3.13e+27
     -28.9  1.89e+26
     -29.6  9.73e+26
     -30.3 -1.72e+26
     -31.1  9.65e+25
     -31.8  -6.9e+23
     -32.5  3.55e+23
     -33.2  4.38e+24
     -33.9  1.72e+25
     -34.6  3.18e+23
     -35.4 -1.41e+23
     -36.1  1.27e+22
     -36.8  3.07e+21
     -37.5  2.01e+22

pressure[atm]        = 0.1
temperature[K]           = 1800
energy step[1/cm]        = 250
maximum energy[kcal/mol] = 199

bimolecular PEDs:
   E, kcal    P1->P2
       199   3.5e+38
       198  3.82e+38
       197  4.17e+38
       196  4.55e+38
       196  4.97e+38
       195  5.42e+38
       194  5.91e+38
       194  6.45e+38
       193  7.03e+38
       192  7.66e+38
       191  8.34e+38
       191  9.08e+38
       190  9.88e+38
       189  1.08e+39
       189  1.17e+39
       188  1.27e+39
       187  1.38e+39
       186   1.5e+39
       186  1.63e+39
       185  1.77e+39
       184  1.92e+39
       184  2.09e+39
       183  2.26e+39
       182  2.45e+39
       181  2.66e+39
       181  2.88e+39
       180  3.12e+39
       179  3.38e+39
       179  3.65e+39
       178  3.95e+39
       177  4.27e+39
       176  4.62e+39
       176  4.99e+39
       175  5.39e+39
       174  5.82e+39
       174  6.29e+39
       173  6.78e+39
       172  7.31e+39
       171  7.88e+39
       171   8.5e+39
       170  9.15e+39
       169  9.85e+39
       169  1.06e+40
       168  1.14e+40
       167  1.23e+40
       166  1.32e+40
       166  1.42e+40
       165  1.52e+40
       164  1.63e+40
       164  1.75e+40
       163  1.88e+40
       162  2.02e+40
       161  2.16e+40
       161  2.31e+40
       160  2.48e+40
       159  2.65e+40
       159  2.84e+40
       158  3.03e+40
       157  3.24e+40
       156  3.46e+40
       156   3.7e+40
       155  3.95e+40
       154  4.21e+40
       154  4.49e+40
       153  4.79e+40
       152   5.1e+40
       151  5.43e+40
       151  5.78e+40
       150  6.15e+40
       149  6.53e+40
       149  6.94e+40
       148  7.37e+40
       147  7.83e+40
       146  8.31e+40
       146  8.81e+40
       145  9.34e+40
       144  9.89e+40
       143  1.05e+41
       143  1.11e+41
       142  1.17e+41
       141  1.24e+41
       141  1.31e+41
       140  1.38e+41
       139  1.46e+41
       138  1.54e+41
       138  1.62e+41
       137  1.71e+41
       136   1.8e+41
       136  1.89e+41
       135  1.99e+41
       134  2.09e+41
       133   2.2e+41
       133  2.31e+41
       132  2.42e+41
       131  2.54e+41
       131  2.66e+41
       130  2.79e+41
       129  2.92e+41
       128  3.05e+41
       128  3.19e+41
       127  3.33e+41
       126  3.48e+41
       126  3.63e+41
       125  3.78e+41
       124  3.94e+41
       123   4.1e+41
       123  4.27e+41
       122  4.44e+41
       121  4.61e+41
       121  4.79e+41
       120  4.97e+41
       119  5.15e+41
       118  5.34e+41
       118  5.53e+41
       117  5.72e+41
       116  5.91e+41
       116  6.11e+41
       115  6.31e+41
       114   6.5e+41
       113   6.7e+41
       113   6.9e+41
       112  7.11e+41
       111  7.31e+41
       111  7.51e+41
       110  7.71e+41
       109  7.91e+41
       108  8.11e+41
       108   8.3e+41
       107   8.5e+41
       106  8.69e+41
       106  8.87e+41
       105  9.06e+41
       104  9.24e+41
       103  9.41e+41
       103  9.58e+41
       102  9.74e+41
       101   9.9e+41
       101  1.01e+42
      99.9  1.02e+42
      99.1  1.03e+42
      98.4  1.05e+42
      97.7  1.06e+42
        97  1.07e+42
      96.3  1.08e+42
      95.6  1.09e+42
      94.8   1.1e+42
      94.1   1.1e+42
      93.4  1.11e+42
      92.7  1.11e+42
        92  1.12e+42
      91.3  1.12e+42
      90.6  1.12e+42
      89.8  1.12e+42
      89.1  1.12e+42
      88.4  1.11e+42
      87.7  1.11e+42
        87  1.11e+42
      86.3   1.1e+42
      85.5  1.09e+42
      84.8  1.08e+42
      84.1  1.07e+42
      83.4  1.06e+42
      82.7  1.05e+42
        82  1.03e+42
      81.3  1.02e+42
      80.5     1e+42
      79.8  9.85e+41
      79.1  9.67e+41
      78.4  9.48e+41
      77.7  9.28e+41
        77  9.07e+41
      76.2  8.86e+41
      75.5  8.63e+41
      74.8   8.4e+41
      74.1  8.17e+41
      73.4  7.93e+41
      72.7  7.68e+41
        72  7.43e+41
      71.2  7.18e+41
      70.5  6.92e+41
      69.8  6.67e+41
      69.1  6.41e+41
      68.4  6.15e+41
      67.7  5.89e+41
      66.9  5.64e+41
      66.2  5.38e+41
      65.5  5.13e+41
      64.8  4.88e+41
      64.1  4.63e+41
      63.4  4.39e+41
      62.7  4.15e+41
      61.9  3.92e+41
      61.2   3.7e+41
      60.5  3.48e+41
      59.8  3.26e+41
      59.1  3.06e+41
      58.4  2.86e+41
      57.6  2.66e+41
      56.9  2.48e+41
      56.2   2.3e+41
      55.5  2.13e+41
      54.8  1.97e+41
      54.1  1.82e+41
      53.4  1.67e+41
      52.6  1.53e+41
      51.9   1.4e+41
      51.2  1.28e+41
      50.5  1.17e+41
      49.8  1.06e+41
      49.1  9.59e+40
      48.3  8.65e+40
      47.6  7.79e+40
      46.9  6.99e+40
      46.2  6.26e+40
      45.5  5.58e+40
      44.8  4.97e+40
      44.1   4.4e+40
      43.3  3.89e+40
      42.6  3.43e+40
      41.9  3.01e+40
      41.2  2.63e+40
      40.5  2.29e+40
      39.8  1.99e+40
        39  1.72e+40
      38.3  1.48e+40
      37.6  1.27e+40
      36.9  1.08e+40
      36.2  9.21e+39
      35.5   7.8e+39
      34.8  6.57e+39
        34  5.51e+39
      33.3   4.6e+39
      32.6  3.82e+39
      31.9  3.15e+39
      31.2  2.59e+39
      30.5  2.12e+39
      29.7  1.72e+39
        29  1.39e+39
      28.3  1.11e+39
      27.6  8.85e+38
      26.9     7e+38
      26.2  5.49e+38
      25.5  4.28e+38
      24.7  3.31e+38
        24  2.54e+38
      23.3  1.93e+38
      22.6  1.46e+38
      21.9  1.09e+38
      21.2  8.04e+37
      20.4  5.88e+37
      19.7  4.26e+37
        19  3.05e+37
      18.3  2.16e+37
      17.6  1.51e+37
      16.9  1.04e+37
      16.2  7.04e+36
      15.4   4.7e+36
      14.7  3.09e+36
        14  1.99e+36
      13.3  1.26e+36
      12.6   7.8e+35
      11.9  4.71e+35
      11.1  2.78e+35
      10.4  1.59e+35
      9.71  8.81e+34
         9  4.71e+34
      8.28  2.41e+34
      7.57  1.18e+34
      6.85  5.42e+33
      6.14   2.4e+33
      5.42  1.11e+33
      4.71  4.29e+32
      3.99  1.36e+32
      3.28  2.74e+31
      2.56  2.13e+31
      1.85 -1.71e+30
      1.13 -2.83e+31
     0.414  4.55e+31
    -0.301  3.01e+31
     -1.02  1.19e+32
     -1.73  6.56e+31
     -2.45  4.63e+31
     -3.16   6.2e+31
     -3.88  3.47e+30
     -4.59  2.71e+31
     -5.31 -1.58e+31
     -6.02  6.81e+30
     -6.74  1.69e+30
     -7.45  1.38e+31
     -8.17  1.77e+31
     -8.89  1.58e+31
      -9.6 -3.33e+30
     -10.3 -1.34e+30
       -11  9.19e+30
     -11.7  1.99e+30
     -12.5 -9.16e+30
     -13.2  1.27e+30
     -13.9  9.42e+30
     -14.6 -1.49e+30
     -15.3  3.29e+30
       -16 -4.64e+30
     -16.8 -1.84e+29
     -17.5  1.25e+30
     -18.2  1.01e+30
     -18.9 -2.11e+30
     -19.6 -1.76e+29
     -20.3  1.36e+29
       -21 -1.38e+29
     -21.8 -1.02e+30
     -22.5   2.5e+29
     -23.2  9.34e+28
     -23.9 -5.58e+29
     -24.6  2.01e+29
     -25.3   2.4e+27
     -26.1  1.14e+29
     -26.8 -5.78e+28
     -27.5   4.7e+28
     -28.2 -5.31e+27
     -28.9  -8.5e+27
     -29.6  3.75e+27
     -30.3 -3.48e+26
     -31.1  1.76e+26
     -31.8   1.9e+25
     -32.5  1.76e+24
     -33.2 -7.11e+23
     -33.9 -9.32e+25
     -34.6  3.06e+23
     -35.4 -4.01e+22
     -36.1 -5.66e+20
     -36.8  4.15e+21
     -37.5 -6.18e+23

pressure[atm]        = 1
temperature[K]           = 1800
energy step[1/cm]        = 250
maximum energy[kcal/mol] = 199

bimolecular PEDs:
   E, kcal    P1->P2
       199   3.5e+38
       198  3.82e+38
       197  4.17e+38
       196  4.55e+38
       196  4.97e+38
       195  5.42e+38
       194  5.91e+38
       194  6.45e+38
       193  7.03e+38
       192  7.66e+38
       191  8.34e+38
       191  9.08e+38
       190  9.88e+38
       189  1.08e+39
       189  1.17e+39
       188  1.27e+39
       187  1.38e+39
       186   1.5e+39
       186  1.63e+39
       185  1.77e+39
       184  1.92e+39
       184  2.09e+39
       183  2.26e+39
       182  2.45e+39
       181  2.66e+39
       181  2.88e+39
       180  3.12e+39
       179  3.38e+39
       179  3.65e+39
       178  3.95e+39
       177  4.27e+39
       176  4.62e+39
       176  4.99e+39
       175  5.39e+39
       174  5.82e+39
       174  6.29e+39
       173  6.78e+39
       172  7.31e+39
       171  7.88e+39
       171   8.5e+39
       170  9.15e+39
       169  9.85e+39
       169  1.06e+40
       168  1.14e+40
       167  1.23e+40
       166  1.32e+40
       166  1.42e+40
       165  1.52e+40
       164  1.63e+40
       164  1.75e+40
       163  1.88e+40
       162  2.02e+40
       161  2.16e+40
       161  2.31e+40
       160  2.48e+40
       159  2.65e+40
       159  2.84e+40
       158  3.03e+40
       157  3.24e+40
       156  3.46e+40
       156   3.7e+40
       155  3.95e+40
       154  4.21e+40
       154  4.49e+40
       153  4.79e+40
       152   5.1e+40
       151  5.43e+40
       151  5.78e+40
       150  6.15e+40
       149  6.53e+40
       149  6.94e+40
       148  7.37e+40
       147  7.83e+40
       146  8.31e+40
       146  8.81e+40
       145  9.34e+40
       144  9.89e+40
       143  1.05e+41
       143  1.11e+41
       142  1.17e+41
       141  1.24e+41
       141  1.31e+41
       140  1.38e+41
       139  1.46e+41
       138  1.54e+41
       138  1.62e+41
       137  1.71e+41
       136   1.8e+41
       136  1.89e+41
       135  1.99e+41
       134  2.09e+41
       133   2.2e+41
       133  2.31e+41
       132  2.42e+41
       131  2.54e+41
       131  2.66e+41
       130  2.79e+41
       129  2.92e+41
       128  3.05e+41
       128  3.19e+41
       127  3.33e+41
       126  3.48e+41
       126  3.63e+41
       125  3.78e+41
       124  3.94e+41
       123   4.1e+41
       123  4.27e+41
       122  4.44e+41
       121  4.61e+41
       121  4.79e+41
       120  4.97e+41
       119  5.15e+41
       118  5.34e+41
       118  5.53e+41
       117  5.72e+41
       116  5.91e+41
       116  6.11e+41
       115  6.31e+41
       114   6.5e+41
       113   6.7e+41
       113   6.9e+41
       112  7.11e+41
       111  7.31e+41
       111  7.51e+41
       110  7.71e+41
       109  7.91e+41
       108  8.11e+41
       108   8.3e+41
       107   8.5e+41
       106  8.69e+41
       106  8.87e+41
       105  9.06e+41
       104  9.24e+41
       103  9.41e+41
       103  9.58e+41
       102  9.74e+41
       101   9.9e+41
       101  1.01e+42
      99.9  1.02e+42
      99.1  1.03e+42
      98.4  1.05e+42
      97.7  1.06e+42
        97  1.07e+42
      96.3  1.08e+42
      95.6  1.09e+42
      94.8   1.1e+42
      94.1   1.1e+42
      93.4  1.11e+42
      92.7  1.11e+42
        92  1.12e+42
      91.3  1.12e+42
      90.6  1.12e+42
      89.8  1.12e+42
      89.1  1.12e+42
      88.4  1.11e+42
      87.7  1.11e+42
        87  1.11e+42
      86.3   1.1e+42
      85.5  1.09e+42
      84.8  1.08e+42
      84.1  1.07e+42
      83.4  1.06e+42
      82.7  1.05e+42
        82  1.03e+42
      81.3  1.02e+42
      80.5     1e+42
      79.8  9.85e+41
      79.1  9.67e+41
      78.4  9.48e+41
      77.7  9.28e+41
        77  9.07e+41
      76.2  8.86e+41
      75.5  8.63e+41
      74.8   8.4e+41
      74.1  8.17e+41
      73.4  7.93e+41
      72.7  7.68e+41
        72  7.43e+41
      71.2  7.18e+41
      70.5  6.92e+41
      69.8  6.67e+41
      69.1  6.41e+41
      68.4  6.15e+41
      67.7  5.89e+41
      66.9  5.64e+41
      66.2  5.38e+41
      65.5  5.13e+41
      64.8  4.88e+41
      64.1  4.63e+41
      63.4  4.39e+41
      62.7  4.15e+41
      61.9  3.92e+41
      61.2   3.7e+41
      60.5  3.48e+41
      59.8  3.26e+41
      59.1  3.06e+41
      58.4  2.86e+41
      57.6  2.66e+41
      56.9  2.48e+41
      56.2   2.3e+41
      55.5  2.13e+41
      54.8  1.97e+41
      54.1  1.82e+41
      53.4  1.67e+41
      52.6  1.53e+41
      51.9   1.4e+41
      51.2  1.28e+41
      50.5  1.17e+41
      49.8  1.06e+41
      49.1  9.59e+40
      48.3  8.66e+40
      47.6  7.79e+40
      46.9  6.99e+40
      46.2  6.26e+40
      45.5  5.58e+40
      44.8  4.97e+40
      44.1   4.4e+40
      43.3  3.89e+40
      42.6  3.43e+40
      41.9  3.01e+40
      41.2  2.63e+40
      40.5  2.29e+40
      39.8  1.99e+40
        39  1.72e+40
      38.3  1.48e+40
      37.6  1.27e+40
      36.9  1.08e+40
      36.2  9.21e+39
      35.5   7.8e+39
      34.8  6.57e+39
        34  5.51e+39
      33.3   4.6e+39
      32.6  3.82e+39
      31.9  3.15e+39
      31.2  2.59e+39
      30.5  2.12e+39
      29.7  1.72e+39
        29  1.39e+39
      28.3  1.11e+39
      27.6  8.85e+38
      26.9     7e+38
      26.2  5.49e+38
      25.5  4.28e+38
      24.7  3.31e+38
        24  2.54e+38
      23.3  1.93e+38
      22.6  1.46e+38
      21.9  1.09e+38
      21.2  8.04e+37
      20.4  5.88e+37
      19.7  4.26e+37
        19  3.05e+37
      18.3  2.16e+37
      17.6  1.51e+37
      16.9  1.04e+37
      16.2  7.04e+36
      15.4   4.7e+36
      14.7  3.09e+36
        14  1.99e+36
      13.3  1.26e+36
      12.6  7.81e+35
      11.9  4.72e+35
      11.1  2.78e+35
      10.4  1.59e+35
      9.71  8.83e+34
         9  4.72e+34
      8.28  2.45e+34
      7.57  1.18e+34
      6.85  5.37e+33
      6.14  2.42e+33
      5.42  1.08e+33
      4.71  3.46e+32
      3.99  1.81e+32
      3.28  3.13e+31
      2.56 -7.02e+30
      1.85  -2.7e+31
      1.13 -1.29e+32
     0.414  1.13e+31
    -0.301   4.7e+31
     -1.02  3.73e+31
     -1.73 -3.55e+30
     -2.45  8.26e+30
     -3.16  5.67e+31
     -3.88  1.42e+31
     -4.59  2.25e+30
     -5.31  4.32e+30
     -6.02  1.89e+31
     -6.74  9.73e+30
     -7.45  3.33e+31
     -8.17 -1.06e+30
     -8.89 -5.56e+30
      -9.6 -6.95e+30
     -10.3  8.55e+30
       -11  7.56e+30
     -11.7 -6.02e+30
     -12.5 -1.02e+29
     -13.2 -3.94e+30
     -13.9   4.2e+29
     -14.6  1.51e+30
     -15.3 -4.52e+30
       -16  4.53e+30
     -16.8  1.02e+30
     -17.5 -1.95e+30
     -18.2  1.79e+30
     -18.9  1.76e+28
     -19.6   8.4e+29
     -20.3 -1.35e+30
       -21  3.71e+28
     -21.8   5.8e+29
     -22.5 -3.52e+29
     -23.2 -1.17e+30
     -23.9  8.43e+29
     -24.6 -3.74e+29
     -25.3  4.86e+28
     -26.1 -6.12e+28
     -26.8  5.87e+27
     -27.5  8.66e+28
     -28.2 -2.41e+28
     -28.9  5.42e+27
     -29.6 -1.38e+27
     -30.3   2.4e+27
     -31.1 -1.29e+27
     -31.8  5.57e+26
     -32.5 -1.42e+26
     -33.2  2.16e+25
     -33.9  1.89e+27
     -34.6 -5.47e+24
     -35.4  1.02e+22
     -36.1  2.91e+21
     -36.8  7.03e+20
     -37.5 -5.73e+17

pressure[atm]        = 10
temperature[K]           = 1800
energy step[1/cm]        = 250
maximum energy[kcal/mol] = 199

bimolecular PEDs:
   E, kcal    P1->P2
       199  3.49e+38
       198  3.82e+38
       197  4.17e+38
       196  4.55e+38
       196  4.97e+38
       195  5.42e+38
       194  5.91e+38
       194  6.44e+38
       193  7.02e+38
       192  7.65e+38
       191  8.34e+38
       191  9.08e+38
       190  9.88e+38
       189  1.07e+39
       189  1.17e+39
       188  1.27e+39
       187  1.38e+39
       186   1.5e+39
       186  1.63e+39
       185  1.77e+39
       184  1.92e+39
       184  2.08e+39
       183  2.26e+39
       182  2.45e+39
       181  2.66e+39
       181  2.88e+39
       180  3.12e+39
       179  3.38e+39
       179  3.65e+39
       178  3.95e+39
       177  4.27e+39
       176  4.62e+39
       176  4.99e+39
       175  5.39e+39
       174  5.82e+39
       174  6.28e+39
       173  6.78e+39
       172  7.31e+39
       171  7.88e+39
       171  8.49e+39
       170  9.15e+39
       169  9.85e+39
       169  1.06e+40
       168  1.14e+40
       167  1.23e+40
       166  1.32e+40
       166  1.42e+40
       165  1.52e+40
       164  1.63e+40
       164  1.75e+40
       163  1.88e+40
       162  2.02e+40
       161  2.16e+40
       161  2.31e+40
       160  2.48e+40
       159  2.65e+40
       159  2.84e+40
       158  3.03e+40
       157  3.24e+40
       156  3.46e+40
       156   3.7e+40
       155  3.95e+40
       154  4.21e+40
       154  4.49e+40
       153  4.79e+40
       152   5.1e+40
       151  5.43e+40
       151  5.78e+40
       150  6.14e+40
       149  6.53e+40
       149  6.94e+40
       148  7.37e+40
       147  7.83e+40
       146   8.3e+40
       146  8.81e+40
       145  9.33e+40
       144  9.89e+40
       143  1.05e+41
       143  1.11e+41
       142  1.17e+41
       141  1.24e+41
       141  1.31e+41
       140  1.38e+41
       139  1.46e+41
       138  1.54e+41
       138  1.62e+41
       137  1.71e+41
       136   1.8e+41
       136  1.89e+41
       135  1.99e+41
       134  2.09e+41
       133   2.2e+41
       133  2.31e+41
       132  2.42e+41
       131  2.54e+41
       131  2.66e+41
       130  2.79e+41
       129  2.92e+41
       128  3.05e+41
       128  3.19e+41
       127  3.33e+41
       126  3.48e+41
       126  3.63e+41
       125  3.78e+41
       124  3.94e+41
       123   4.1e+41
       123  4.27e+41
       122  4.44e+41
       121  4.61e+41
       121  4.79e+41
       120  4.97e+41
       119  5.15e+41
       118  5.34e+41
       118  5.53e+41
       117  5.72e+41
       116  5.91e+41
       116  6.11e+41
       115   6.3e+41
       114   6.5e+41
       113   6.7e+41
       113   6.9e+41
       112  7.11e+41
       111  7.31e+41
       111  7.51e+41
       110  7.71e+41
       109  7.91e+41
       108  8.11e+41
       108   8.3e+41
       107  8.49e+41
       106  8.69e+41
       106  8.87e+41
       105  9.06e+41
       104  9.24e+41
       103  9.41e+41
       103  9.58e+41
       102  9.74e+41
       101   9.9e+41
       101  1.01e+42
      99.9  1.02e+42
      99.1  1.03e+42
      98.4  1.05e+42
      97.7  1.06e+42
        97  1.07e+42
      96.3  1.08e+42
      95.6  1.09e+42
      94.8   1.1e+42
      94.1   1.1e+42
      93.4  1.11e+42
      92.7  1.11e+42
        92  1.12e+42
      91.3  1.12e+42
      90.6  1.12e+42
      89.8  1.12e+42
      89.1  1.12e+42
      88.4  1.11e+42
      87.7  1.11e+42
        87  1.11e+42
      86.3   1.1e+42
      85.5  1.09e+42
      84.8  1.08e+42
      84.1  1.07e+42
      83.4  1.06e+42
      82.7  1.05e+42
        82  1.03e+42
      81.3  1.02e+42
      80.5     1e+42
      79.8  9.85e+41
      79.1  9.67e+41
      78.4  9.48e+41
      77.7  9.28e+41
        77  9.07e+41
      76.2  8.86e+41
      75.5  8.63e+41
      74.8   8.4e+41
      74.1  8.17e+41
      73.4  7.93e+41
      72.7  7.68e+41
        72  7.43e+41
      71.2  7.18e+41
      70.5  6.92e+41
      69.8  6.67e+41
      69.1  6.41e+41
      68.4  6.15e+41
      67.7  5.89e+41
      66.9  5.64e+41
      66.2  5.38e+41
      65.5  5.13e+41
      64.8  4.88e+41
      64.1  4.63e+41
      63.4  4.39e+41
      62.7  4.16e+41
      61.9  3.92e+41
      61.2   3.7e+41
      60.5  3.48e+41
      59.8  3.26e+41
      59.1  3.06e+41
      58.4  2.86e+41
      57.6  2.66e+41
      56.9  2.48e+41
      56.2   2.3e+41
      55.5  2.13e+41
      54.8  1.97e+41
      54.1  1.82e+41
      53.4  1.67e+41
      52.6  1.53e+41
      51.9   1.4e+41
      51.2  1.28e+41
      50.5  1.17e+41
      49.8  1.06e+41
      49.1  9.59e+40
      48.3  8.66e+40
      47.6  7.79e+40
      46.9     7e+40
      46.2  6.26e+40
      45.5  5.59e+40
      44.8  4.97e+40
      44.1   4.4e+40
      43.3  3.89e+40
      42.6  3.43e+40
      41.9  3.01e+40
      41.2  2.63e+40
      40.5  2.29e+40
      39.8  1.99e+40
        39  1.72e+40
      38.3  1.48e+40
      37.6  1.27e+40
      36.9  1.08e+40
      36.2  9.22e+39
      35.5   7.8e+39
      34.8  6.57e+39
        34  5.51e+39
      33.3   4.6e+39
      32.6  3.82e+39
      31.9  3.15e+39
      31.2  2.59e+39
      30.5  2.12e+39
      29.7  1.72e+39
        29  1.39e+39
      28.3  1.11e+39
      27.6  8.86e+38
      26.9     7e+38
      26.2   5.5e+38
      25.5  4.29e+38
      24.7  3.31e+38
        24  2.54e+38
      23.3  1.93e+38
      22.6  1.46e+38
      21.9  1.09e+38
      21.2  8.05e+37
      20.4   5.9e+37
      19.7  4.27e+37
        19  3.06e+37
      18.3  2.16e+37
      17.6  1.51e+37
      16.9  1.04e+37
      16.2  7.07e+36
      15.4  4.72e+36
      14.7   3.1e+36
        14     2e+36
      13.3  1.27e+36
      12.6  7.87e+35
      11.9  4.77e+35
      11.1  2.82e+35
      10.4  1.62e+35
      9.71  9.02e+34
         9  4.86e+34
      8.28  2.53e+34
      7.57  1.26e+34
      6.85  6.03e+33
      6.14  2.77e+33
      5.42   1.3e+33
      4.71  5.87e+32
      3.99  2.34e+32
      3.28  1.66e+32
      2.56  5.99e+31
      1.85  1.85e+30
      1.13 -3.35e+30
     0.414 -8.29e+30
    -0.301  5.14e+31
     -1.02  2.63e+31
     -1.73 -2.15e+31
     -2.45 -5.94e+30
     -3.16 -2.36e+31
     -3.88 -2.06e+31
     -4.59 -2.92e+31
     -5.31 -3.47e+31
     -6.02 -2.08e+31
     -6.74 -1.87e+30
     -7.45  1.17e+31
     -8.17 -4.06e+29
     -8.89  2.17e+30
      -9.6 -2.37e+30
     -10.3  6.01e+30
       -11  5.45e+30
     -11.7 -4.41e+30
     -12.5 -8.19e+30
     -13.2 -1.13e+30
     -13.9 -3.57e+30
     -14.6  1.15e+30
     -15.3 -1.65e+30
       -16  1.16e+30
     -16.8 -1.81e+30
     -17.5  2.91e+30
     -18.2  2.84e+30
     -18.9 -5.58e+30
     -19.6  9.66e+29
     -20.3   1.1e+30
       -21  -3.1e+30
     -21.8  1.46e+30
     -22.5 -6.37e+29
     -23.2 -8.02e+28
     -23.9  4.27e+28
     -24.6   7.4e+27
     -25.3  2.08e+29
     -26.1 -1.03e+29
     -26.8   5.5e+28
     -27.5 -1.26e+29
     -28.2  6.38e+28
     -28.9 -3.84e+28
     -29.6  1.31e+28
     -30.3 -2.83e+27
     -31.1  1.03e+27
     -31.8  1.53e+26
     -32.5  -7.2e+25
     -33.2  1.11e+25
     -33.9 -1.28e+24
     -34.6  1.37e+26
     -35.4    -3e+23
     -36.1  4.38e+20
     -36.8  1.06e+21
     -37.5 -2.96e+18

pressure[atm]        = 100
temperature[K]           = 1800
energy step[1/cm]        = 250
maximum energy[kcal/mol] = 199

bimolecular PEDs:
   E, kcal    P1->P2
       199  3.47e+38
       198  3.79e+38
       197  4.14e+38
       196  4.53e+38
       196  4.94e+38
       195   5.4e+38
       194  5.89e+38
       194  6.42e+38
       193     7e+38
       192  7.63e+38
       191  8.31e+38
       191  9.05e+38
       190  9.85e+38
       189  1.07e+39
       189  1.17e+39
       188  1.27e+39
       187  1.38e+39
       186   1.5e+39
       186  1.63e+39
       185  1.77e+39
       184  1.92e+39
       184  2.08e+39
       183  2.26e+39
       182  2.45e+39
       181  2.65e+39
       181  2.87e+39
       180  3.11e+39
       179  3.37e+39
       179  3.64e+39
       178  3.94e+39
       177  4.26e+39
       176  4.61e+39
       176  4.98e+39
       175  5.38e+39
       174  5.81e+39
       174  6.27e+39
       173  6.76e+39
       172  7.29e+39
       171  7.86e+39
       171  8.47e+39
       170  9.13e+39
       169  9.83e+39
       169  1.06e+40
       168  1.14e+40
       167  1.22e+40
       166  1.32e+40
       166  1.41e+40
       165  1.52e+40
       164  1.63e+40
       164  1.75e+40
       163  1.88e+40
       162  2.01e+40
       161  2.16e+40
       161  2.31e+40
       160  2.47e+40
       159  2.65e+40
       159  2.83e+40
       158  3.03e+40
       157  3.24e+40
       156  3.46e+40
       156  3.69e+40
       155  3.94e+40
       154   4.2e+40
       154  4.48e+40
       153  4.78e+40
       152  5.09e+40
       151  5.42e+40
       151  5.77e+40
       150  6.13e+40
       149  6.52e+40
       149  6.93e+40
       148  7.36e+40
       147  7.81e+40
       146  8.29e+40
       146  8.79e+40
       145  9.32e+40
       144  9.87e+40
       143  1.05e+41
       143  1.11e+41
       142  1.17e+41
       141  1.24e+41
       141  1.31e+41
       140  1.38e+41
       139  1.46e+41
       138  1.54e+41
       138  1.62e+41
       137  1.71e+41
       136   1.8e+41
       136  1.89e+41
       135  1.99e+41
       134  2.09e+41
       133   2.2e+41
       133   2.3e+41
       132  2.42e+41
       131  2.54e+41
       131  2.66e+41
       130  2.78e+41
       129  2.91e+41
       128  3.05e+41
       128  3.18e+41
       127  3.33e+41
       126  3.47e+41
       126  3.62e+41
       125  3.78e+41
       124  3.94e+41
       123   4.1e+41
       123  4.26e+41
       122  4.43e+41
       121  4.61e+41
       121  4.78e+41
       120  4.96e+41
       119  5.15e+41
       118  5.33e+41
       118  5.52e+41
       117  5.71e+41
       116  5.91e+41
       116   6.1e+41
       115   6.3e+41
       114   6.5e+41
       113   6.7e+41
       113   6.9e+41
       112   7.1e+41
       111   7.3e+41
       111   7.5e+41
       110   7.7e+41
       109   7.9e+41
       108   8.1e+41
       108   8.3e+41
       107  8.49e+41
       106  8.68e+41
       106  8.87e+41
       105  9.05e+41
       104  9.23e+41
       103  9.41e+41
       103  9.58e+41
       102  9.74e+41
       101   9.9e+41
       101     1e+42
      99.9  1.02e+42
      99.1  1.03e+42
      98.4  1.05e+42
      97.7  1.06e+42
        97  1.07e+42
      96.3  1.08e+42
      95.6  1.09e+42
      94.8   1.1e+42
      94.1   1.1e+42
      93.4  1.11e+42
      92.7  1.11e+42
        92  1.12e+42
      91.3  1.12e+42
      90.6  1.12e+42
      89.8  1.12e+42
      89.1  1.12e+42
      88.4  1.12e+42
      87.7  1.11e+42
        87  1.11e+42
      86.3   1.1e+42
      85.5  1.09e+42
      84.8  1.08e+42
      84.1  1.07e+42
      83.4  1.06e+42
      82.7  1.05e+42
        82  1.03e+42
      81.3  1.02e+42
      80.5     1e+42
      79.8  9.86e+41
      79.1  9.68e+41
      78.4  9.49e+41
      77.7  9.29e+41
        77  9.08e+41
      76.2  8.86e+41
      75.5  8.64e+41
      74.8  8.41e+41
      74.1  8.17e+41
      73.4  7.93e+41
      72.7  7.69e+41
        72  7.44e+41
      71.2  7.19e+41
      70.5  6.93e+41
      69.8  6.67e+41
      69.1  6.42e+41
      68.4  6.16e+41
      67.7   5.9e+41
      66.9  5.64e+41
      66.2  5.39e+41
      65.5  5.14e+41
      64.8  4.89e+41
      64.1  4.64e+41
      63.4   4.4e+41
      62.7  4.16e+41
      61.9  3.93e+41
      61.2   3.7e+41
      60.5  3.48e+41
      59.8  3.27e+41
      59.1  3.06e+41
      58.4  2.86e+41
      57.6  2.67e+41
      56.9  2.48e+41
      56.2  2.31e+41
      55.5  2.14e+41
      54.8  1.98e+41
      54.1  1.82e+41
      53.4  1.68e+41
      52.6  1.54e+41
      51.9  1.41e+41
      51.2  1.28e+41
      50.5  1.17e+41
      49.8  1.06e+41
      49.1  9.61e+40
      48.3  8.68e+40
      47.6  7.82e+40
      46.9  7.02e+40
      46.2  6.28e+40
      45.5   5.6e+40
      44.8  4.98e+40
      44.1  4.42e+40
      43.3   3.9e+40
      42.6  3.44e+40
      41.9  3.02e+40
      41.2  2.64e+40
      40.5   2.3e+40
      39.8     2e+40
        39  1.73e+40
      38.3  1.49e+40
      37.6  1.27e+40
      36.9  1.09e+40
      36.2  9.26e+39
      35.5  7.84e+39
      34.8  6.61e+39
        34  5.54e+39
      33.3  4.63e+39
      32.6  3.84e+39
      31.9  3.18e+39
      31.2  2.61e+39
      30.5  2.13e+39
      29.7  1.73e+39
        29   1.4e+39
      28.3  1.12e+39
      27.6  8.94e+38
      26.9  7.07e+38
      26.2  5.55e+38
      25.5  4.33e+38
      24.7  3.35e+38
        24  2.57e+38
      23.3  1.96e+38
      22.6  1.48e+38
      21.9  1.11e+38
      21.2  8.19e+37
      20.4  6.01e+37
      19.7  4.36e+37
        19  3.13e+37
      18.3  2.22e+37
      17.6  1.55e+37
      16.9  1.07e+37
      16.2  7.32e+36
      15.4  4.92e+36
      14.7  3.25e+36
        14  2.12e+36
      13.3  1.35e+36
      12.6  8.51e+35
      11.9  5.24e+35
      11.1  3.17e+35
      10.4  1.88e+35
      9.71  1.09e+35
         9  6.24e+34
      8.28  3.54e+34
      7.57     2e+34
      6.85  1.12e+34
      6.14  6.42e+33
      5.42   3.9e+33
      4.71   2.3e+33
      3.99  1.48e+33
      3.28  9.44e+32
      2.56  6.72e+32
      1.85  5.12e+32
      1.13  3.07e+32
     0.414  1.82e+32
    -0.301  1.19e+32
     -1.02  4.83e+31
     -1.73  1.69e+31
     -2.45   3.9e+31
     -3.16  9.87e+31
     -3.88  9.89e+31
     -4.59   3.4e+31
     -5.31  1.67e+31
     -6.02 -2.44e+31
     -6.74 -7.24e+30
     -7.45  2.18e+31
     -8.17  8.08e+30
     -8.89  1.32e+31
      -9.6  8.98e+30
     -10.3  4.48e+30
       -11  4.31e+30
     -11.7 -3.76e+30
     -12.5  1.25e+30
     -13.2 -4.11e+29
     -13.9  3.05e+30
     -14.6  2.16e+30
     -15.3 -4.48e+30
       -16 -1.15e+30
     -16.8  4.37e+29
     -17.5  3.37e+30
     -18.2  -1.8e+30
     -18.9  5.69e+29
     -19.6 -8.44e+29
     -20.3 -7.17e+29
       -21 -2.95e+29
     -21.8  1.17e+30
     -22.5 -1.26e+30
     -23.2  7.63e+29
     -23.9 -1.35e+29
     -24.6  1.84e+29
     -25.3 -3.64e+29
     -26.1 -1.52e+29
     -26.8  2.89e+29
     -27.5 -1.13e+29
     -28.2 -8.53e+27
     -28.9  7.88e+27
     -29.6 -8.99e+27
     -30.3 -2.64e+26
     -31.1  1.73e+27
     -31.8  2.62e+25
     -32.5 -1.32e+26
     -33.2  4.34e+25
     -33.9 -6.36e+24
     -34.6  2.49e+26
     -35.4 -4.71e+23
     -36.1     9e+21
     -36.8  1.37e+22
     -37.5  -1.7e+20

pressure[atm]        = 0.01
temperature[K]           = 1900
energy step[1/cm]        = 264
maximum energy[kcal/mol] = 212

bimolecular PEDs:
   E, kcal    P1->P2
       212  2.89e+39
       212  3.16e+39
       211  3.45e+39
       210  3.76e+39
       209  4.11e+39
       209  4.48e+39
       208  4.89e+39
       207  5.33e+39
       206  5.81e+39
       206  6.33e+39
       205  6.89e+39
       204   7.5e+39
       203  8.16e+39
       203  8.88e+39
       202  9.66e+39
       201  1.05e+40
       200  1.14e+40
       200  1.24e+40
       199  1.35e+40
       198  1.46e+40
       197  1.59e+40
       197  1.72e+40
       196  1.87e+40
       195  2.03e+40
       194   2.2e+40
       194  2.38e+40
       193  2.58e+40
       192  2.79e+40
       191  3.02e+40
       191  3.27e+40
       190  3.53e+40
       189  3.82e+40
       188  4.12e+40
       188  4.46e+40
       187  4.81e+40
       186  5.19e+40
       185   5.6e+40
       185  6.04e+40
       184  6.51e+40
       183  7.02e+40
       182  7.56e+40
       182  8.14e+40
       181  8.76e+40
       180  9.43e+40
       179  1.01e+41
       179  1.09e+41
       178  1.17e+41
       177  1.26e+41
       176  1.35e+41
       175  1.45e+41
       175  1.55e+41
       174  1.67e+41
       173  1.79e+41
       172  1.91e+41
       172  2.05e+41
       171  2.19e+41
       170  2.35e+41
       169  2.51e+41
       169  2.68e+41
       168  2.86e+41
       167  3.06e+41
       166  3.26e+41
       166  3.48e+41
       165  3.71e+41
       164  3.96e+41
       163  4.22e+41
       163  4.49e+41
       162  4.78e+41
       161  5.08e+41
       160  5.41e+41
       160  5.75e+41
       159   6.1e+41
       158  6.48e+41
       157  6.88e+41
       157  7.29e+41
       156  7.73e+41
       155  8.19e+41
       154  8.67e+41
       154  9.18e+41
       153  9.71e+41
       152  1.03e+42
       151  1.08e+42
       151  1.15e+42
       150  1.21e+42
       149  1.28e+42
       148  1.34e+42
       148  1.42e+42
       147  1.49e+42
       146  1.57e+42
       145  1.65e+42
       145  1.74e+42
       144  1.82e+42
       143  1.92e+42
       142  2.01e+42
       142  2.11e+42
       141  2.21e+42
       140  2.32e+42
       139  2.42e+42
       138  2.54e+42
       138  2.65e+42
       137  2.77e+42
       136  2.89e+42
       135  3.02e+42
       135  3.15e+42
       134  3.28e+42
       133  3.42e+42
       132  3.56e+42
       132   3.7e+42
       131  3.84e+42
       130  3.99e+42
       129  4.14e+42
       129   4.3e+42
       128  4.46e+42
       127  4.61e+42
       126  4.78e+42
       126  4.94e+42
       125   5.1e+42
       124  5.27e+42
       123  5.44e+42
       123  5.61e+42
       122  5.78e+42
       121  5.95e+42
       120  6.12e+42
       120  6.29e+42
       119  6.46e+42
       118  6.64e+42
       117   6.8e+42
       117  6.97e+42
       116  7.14e+42
       115   7.3e+42
       114  7.46e+42
       114  7.62e+42
       113  7.78e+42
       112  7.93e+42
       111  8.08e+42
       111  8.22e+42
       110  8.36e+42
       109  8.49e+42
       108  8.62e+42
       108  8.74e+42
       107  8.85e+42
       106  8.96e+42
       105  9.06e+42
       105  9.15e+42
       104  9.23e+42
       103  9.31e+42
       102  9.37e+42
       101  9.43e+42
       101  9.48e+42
       100  9.52e+42
      99.2  9.55e+42
      98.5  9.56e+42
      97.7  9.57e+42
        97  9.57e+42
      96.2  9.56e+42
      95.5  9.53e+42
      94.7   9.5e+42
      93.9  9.46e+42
      93.2   9.4e+42
      92.4  9.34e+42
      91.7  9.26e+42
      90.9  9.17e+42
      90.2  9.07e+42
      89.4  8.96e+42
      88.7  8.84e+42
      87.9  8.71e+42
      87.1  8.58e+42
      86.4  8.43e+42
      85.6  8.28e+42
      84.9  8.11e+42
      84.1  7.94e+42
      83.4  7.77e+42
      82.6  7.58e+42
      81.9  7.39e+42
      81.1   7.2e+42
      80.4     7e+42
      79.6  6.79e+42
      78.8  6.58e+42
      78.1  6.37e+42
      77.3  6.16e+42
      76.6  5.94e+42
      75.8  5.72e+42
      75.1   5.5e+42
      74.3  5.28e+42
      73.6  5.07e+42
      72.8  4.85e+42
        72  4.63e+42
      71.3  4.42e+42
      70.5   4.2e+42
      69.8  3.99e+42
        69  3.79e+42
      68.3  3.59e+42
      67.5  3.39e+42
      66.8   3.2e+42
        66  3.01e+42
      65.2  2.83e+42
      64.5  2.65e+42
      63.7  2.48e+42
        63  2.32e+42
      62.2  2.16e+42
      61.5  2.01e+42
      60.7  1.86e+42
        60  1.72e+42
      59.2  1.59e+42
      58.5  1.46e+42
      57.7  1.35e+42
      56.9  1.23e+42
      56.2  1.13e+42
      55.4  1.03e+42
      54.7  9.36e+41
      53.9  8.49e+41
      53.2  7.68e+41
      52.4  6.93e+41
      51.7  6.24e+41
      50.9   5.6e+41
      50.1     5e+41
      49.4  4.46e+41
      48.6  3.97e+41
      47.9  3.52e+41
      47.1  3.11e+41
      46.4  2.73e+41
      45.6   2.4e+41
      44.9   2.1e+41
      44.1  1.83e+41
      43.3  1.59e+41
      42.6  1.37e+41
      41.8  1.18e+41
      41.1  1.01e+41
      40.3  8.65e+40
      39.6  7.36e+40
      38.8  6.24e+40
      38.1  5.26e+40
      37.3  4.41e+40
      36.6  3.69e+40
      35.8  3.07e+40
        35  2.54e+40
      34.3  2.09e+40
      33.5  1.71e+40
      32.8  1.39e+40
        32  1.12e+40
      31.3  9.04e+39
      30.5  7.23e+39
      29.8  5.74e+39
        29  4.53e+39
      28.2  3.54e+39
      27.5  2.75e+39
      26.7  2.12e+39
        26  1.62e+39
      25.2  1.23e+39
      24.5  9.24e+38
      23.7  6.88e+38
        23  5.08e+38
      22.2  3.71e+38
      21.5  2.68e+38
      20.7  1.91e+38
      19.9  1.35e+38
      19.2  9.42e+37
      18.4  6.48e+37
      17.7   4.4e+37
      16.9  2.94e+37
      16.2  1.93e+37
      15.4  1.25e+37
      14.7   7.9e+36
      13.9  4.91e+36
      13.1  2.98e+36
      12.4  1.77e+36
      11.6  1.02e+36
      10.9  5.71e+35
      10.1  3.09e+35
      9.37  1.61e+35
      8.61  8.03e+34
      7.86  3.78e+34
       7.1  1.65e+34
      6.35  6.45e+33
      5.59  2.19e+33
      4.84  1.04e+33
      4.08  5.59e+32
      3.33  2.75e+32
      2.57 -1.09e+32
      1.82 -1.81e+32
      1.06 -1.02e+32
     0.306  2.07e+32
    -0.449  3.16e+32
      -1.2  1.12e+32
     -1.96  1.41e+32
     -2.71 -7.88e+31
     -3.47 -1.03e+32
     -4.22  8.86e+31
     -4.98  6.95e+31
     -5.73  4.41e+29
     -6.49 -4.67e+31
     -7.24 -3.32e+31
        -8  7.99e+31
     -8.76 -2.22e+31
     -9.51   2.8e+31
     -10.3 -2.65e+31
       -11  1.93e+30
     -11.8 -6.33e+31
     -12.5 -1.33e+31
     -13.3  1.16e+30
       -14 -8.07e+29
     -14.8 -1.13e+31
     -15.6  1.43e+31
     -16.3 -1.48e+31
     -17.1  1.41e+31
     -17.8 -6.03e+30
     -18.6 -1.59e+30
     -19.3  9.47e+30
     -20.1 -5.13e+30
     -20.8  2.49e+30
     -21.6 -1.72e+30
     -22.3  2.52e+29
     -23.1  -2.9e+29
     -23.9 -6.43e+29
     -24.6  2.13e+29
     -25.4  1.94e+28
     -26.1  7.29e+28
     -26.9  1.02e+28
     -27.6 -3.02e+28
     -28.4  2.85e+28
     -29.1  1.14e+27
     -29.9 -1.52e+27
     -30.7  4.87e+26
     -31.4 -7.57e+25
     -32.2  9.11e+24
     -32.9 -4.42e+26
     -33.7  -1.4e+26
     -34.4  2.26e+24
     -35.2 -2.49e+23
     -35.9   9.1e+22
     -36.7 -2.74e+25
     -37.5  1.34e+20

pressure[atm]        = 0.1
temperature[K]           = 1900
energy step[1/cm]        = 264
maximum energy[kcal/mol] = 212

bimolecular PEDs:
   E, kcal    P1->P2
       212  2.89e+39
       212  3.16e+39
       211  3.45e+39
       210  3.76e+39
       209  4.11e+39
       209  4.48e+39
       208  4.89e+39
       207  5.33e+39
       206  5.81e+39
       206  6.33e+39
       205  6.89e+39
       204   7.5e+39
       203  8.16e+39
       203  8.88e+39
       202  9.66e+39
       201  1.05e+40
       200  1.14e+40
       200  1.24e+40
       199  1.35e+40
       198  1.46e+40
       197  1.59e+40
       197  1.72e+40
       196  1.87e+40
       195  2.03e+40
       194   2.2e+40
       194  2.38e+40
       193  2.58e+40
       192  2.79e+40
       191  3.02e+40
       191  3.27e+40
       190  3.53e+40
       189  3.82e+40
       188  4.12e+40
       188  4.46e+40
       187  4.81e+40
       186  5.19e+40
       185   5.6e+40
       185  6.04e+40
       184  6.51e+40
       183  7.02e+40
       182  7.56e+40
       182  8.14e+40
       181  8.76e+40
       180  9.43e+40
       179  1.01e+41
       179  1.09e+41
       178  1.17e+41
       177  1.26e+41
       176  1.35e+41
       175  1.45e+41
       175  1.55e+41
       174  1.67e+41
       173  1.79e+41
       172  1.91e+41
       172  2.05e+41
       171  2.19e+41
       170  2.35e+41
       169  2.51e+41
       169  2.68e+41
       168  2.86e+41
       167  3.06e+41
       166  3.26e+41
       166  3.48e+41
       165  3.71e+41
       164  3.96e+41
       163  4.22e+41
       163  4.49e+41
       162  4.78e+41
       161  5.08e+41
       160  5.41e+41
       160  5.75e+41
       159   6.1e+41
       158  6.48e+41
       157  6.88e+41
       157  7.29e+41
       156  7.73e+41
       155  8.19e+41
       154  8.67e+41
       154  9.18e+41
       153  9.71e+41
       152  1.03e+42
       151  1.08e+42
       151  1.15e+42
       150  1.21e+42
       149  1.28e+42
       148  1.34e+42
       148  1.42e+42
       147  1.49e+42
       146  1.57e+42
       145  1.65e+42
       145  1.74e+42
       144  1.82e+42
       143  1.92e+42
       142  2.01e+42
       142  2.11e+42
       141  2.21e+42
       140  2.32e+42
       139  2.42e+42
       138  2.54e+42
       138  2.65e+42
       137  2.77e+42
       136  2.89e+42
       135  3.02e+42
       135  3.15e+42
       134  3.28e+42
       133  3.42e+42
       132  3.56e+42
       132   3.7e+42
       131  3.84e+42
       130  3.99e+42
       129  4.14e+42
       129   4.3e+42
       128  4.46e+42
       127  4.61e+42
       126  4.78e+42
       126  4.94e+42
       125   5.1e+42
       124  5.27e+42
       123  5.44e+42
       123  5.61e+42
       122  5.78e+42
       121  5.95e+42
       120  6.12e+42
       120  6.29e+42
       119  6.46e+42
       118  6.64e+42
       117   6.8e+42
       117  6.97e+42
       116  7.14e+42
       115   7.3e+42
       114  7.46e+42
       114  7.62e+42
       113  7.78e+42
       112  7.93e+42
       111  8.08e+42
       111  8.22e+42
       110  8.36e+42
       109  8.49e+42
       108  8.62e+42
       108  8.74e+42
       107  8.85e+42
       106  8.96e+42
       105  9.06e+42
       105  9.15e+42
       104  9.23e+42
       103  9.31e+42
       102  9.37e+42
       101  9.43e+42
       101  9.48e+42
       100  9.52e+42
      99.2  9.55e+42
      98.5  9.56e+42
      97.7  9.57e+42
        97  9.57e+42
      96.2  9.56e+42
      95.5  9.53e+42
      94.7   9.5e+42
      93.9  9.46e+42
      93.2   9.4e+42
      92.4  9.34e+42
      91.7  9.26e+42
      90.9  9.17e+42
      90.2  9.07e+42
      89.4  8.96e+42
      88.7  8.84e+42
      87.9  8.71e+42
      87.1  8.58e+42
      86.4  8.43e+42
      85.6  8.28e+42
      84.9  8.11e+42
      84.1  7.94e+42
      83.4  7.77e+42
      82.6  7.58e+42
      81.9  7.39e+42
      81.1   7.2e+42
      80.4     7e+42
      79.6  6.79e+42
      78.8  6.58e+42
      78.1  6.37e+42
      77.3  6.16e+42
      76.6  5.94e+42
      75.8  5.72e+42
      75.1   5.5e+42
      74.3  5.28e+42
      73.6  5.07e+42
      72.8  4.85e+42
        72  4.63e+42
      71.3  4.42e+42
      70.5   4.2e+42
      69.8  3.99e+42
        69  3.79e+42
      68.3  3.59e+42
      67.5  3.39e+42
      66.8   3.2e+42
        66  3.01e+42
      65.2  2.83e+42
      64.5  2.65e+42
      63.7  2.48e+42
        63  2.32e+42
      62.2  2.16e+42
      61.5  2.01e+42
      60.7  1.86e+42
        60  1.72e+42
      59.2  1.59e+42
      58.5  1.46e+42
      57.7  1.35e+42
      56.9  1.23e+42
      56.2  1.13e+42
      55.4  1.03e+42
      54.7  9.36e+41
      53.9  8.49e+41
      53.2  7.68e+41
      52.4  6.93e+41
      51.7  6.24e+41
      50.9   5.6e+41
      50.1     5e+41
      49.4  4.46e+41
      48.6  3.97e+41
      47.9  3.52e+41
      47.1  3.11e+41
      46.4  2.73e+41
      45.6   2.4e+41
      44.9   2.1e+41
      44.1  1.83e+41
      43.3  1.59e+41
      42.6  1.37e+41
      41.8  1.18e+41
      41.1  1.01e+41
      40.3  8.65e+40
      39.6  7.36e+40
      38.8  6.24e+40
      38.1  5.26e+40
      37.3  4.41e+40
      36.6  3.69e+40
      35.8  3.07e+40
        35  2.54e+40
      34.3  2.09e+40
      33.5  1.71e+40
      32.8  1.39e+40
        32  1.12e+40
      31.3  9.04e+39
      30.5  7.23e+39
      29.8  5.74e+39
        29  4.53e+39
      28.2  3.54e+39
      27.5  2.75e+39
      26.7  2.12e+39
        26  1.62e+39
      25.2  1.23e+39
      24.5  9.24e+38
      23.7  6.88e+38
        23  5.08e+38
      22.2  3.71e+38
      21.5  2.68e+38
      20.7  1.91e+38
      19.9  1.35e+38
      19.2  9.42e+37
      18.4  6.48e+37
      17.7   4.4e+37
      16.9  2.94e+37
      16.2  1.93e+37
      15.4  1.25e+37
      14.7   7.9e+36
      13.9  4.91e+36
      13.1  2.98e+36
      12.4  1.77e+36
      11.6  1.02e+36
      10.9  5.71e+35
      10.1  3.09e+35
      9.37  1.61e+35
      8.61  7.99e+34
      7.86  3.79e+34
       7.1  1.71e+34
      6.35  6.69e+33
      5.59  2.55e+33
      4.84  6.08e+32
      4.08  2.25e+32
      3.33  9.43e+31
      2.57   3.5e+31
      1.82 -4.67e+31
      1.06 -2.31e+32
     0.306 -1.18e+31
    -0.449  2.75e+30
      -1.2 -5.13e+31
     -1.96 -6.34e+31
     -2.71  1.47e+32
     -3.47  1.19e+32
     -4.22   1.4e+32
     -4.98  1.92e+31
     -5.73 -4.43e+31
     -6.49  2.34e+30
     -7.24 -8.06e+31
        -8 -2.71e+31
     -8.76 -2.68e+31
     -9.51  7.55e+30
     -10.3 -3.17e+31
       -11  -1.5e+30
     -11.8  8.29e+30
     -12.5 -9.39e+30
     -13.3  7.72e+30
       -14 -1.45e+31
     -14.8 -1.01e+31
     -15.6  9.52e+30
     -16.3  2.94e+30
     -17.1  2.29e+30
     -17.8 -1.95e+31
     -18.6  5.94e+30
     -19.3  1.34e+31
     -20.1 -8.34e+30
     -20.8 -5.83e+30
     -21.6  7.13e+30
     -22.3 -4.22e+30
     -23.1 -8.23e+29
     -23.9  1.09e+30
     -24.6 -9.85e+29
     -25.4  1.41e+30
     -26.1 -1.79e+29
     -26.9 -9.34e+28
     -27.6 -6.45e+27
     -28.4 -6.36e+27
     -29.1  6.93e+27
     -29.9 -1.46e+27
     -30.7 -1.06e+27
     -31.4  6.11e+26
     -32.2 -8.81e+25
     -32.9  6.06e+24
     -33.7  2.02e+27
     -34.4 -6.45e+24
     -35.2  3.63e+23
     -35.9  6.81e+22
     -36.7  3.96e+21
     -37.5 -1.55e+22

pressure[atm]        = 1
temperature[K]           = 1900
energy step[1/cm]        = 264
maximum energy[kcal/mol] = 212

bimolecular PEDs:
   E, kcal    P1->P2
       212  2.89e+39
       212  3.16e+39
       211  3.45e+39
       210  3.76e+39
       209  4.11e+39
       209  4.48e+39
       208  4.89e+39
       207  5.33e+39
       206  5.81e+39
       206  6.33e+39
       205  6.89e+39
       204   7.5e+39
       203  8.16e+39
       203  8.88e+39
       202  9.66e+39
       201  1.05e+40
       200  1.14e+40
       200  1.24e+40
       199  1.35e+40
       198  1.46e+40
       197  1.59e+40
       197  1.72e+40
       196  1.87e+40
       195  2.03e+40
       194   2.2e+40
       194  2.38e+40
       193  2.58e+40
       192  2.79e+40
       191  3.02e+40
       191  3.27e+40
       190  3.53e+40
       189  3.82e+40
       188  4.12e+40
       188  4.46e+40
       187  4.81e+40
       186  5.19e+40
       185   5.6e+40
       185  6.04e+40
       184  6.51e+40
       183  7.02e+40
       182  7.56e+40
       182  8.14e+40
       181  8.76e+40
       180  9.43e+40
       179  1.01e+41
       179  1.09e+41
       178  1.17e+41
       177  1.26e+41
       176  1.35e+41
       175  1.45e+41
       175  1.55e+41
       174  1.67e+41
       173  1.79e+41
       172  1.91e+41
       172  2.05e+41
       171  2.19e+41
       170  2.35e+41
       169  2.51e+41
       169  2.68e+41
       168  2.86e+41
       167  3.06e+41
       166  3.26e+41
       166  3.48e+41
       165  3.71e+41
       164  3.96e+41
       163  4.22e+41
       163  4.49e+41
       162  4.78e+41
       161  5.08e+41
       160  5.41e+41
       160  5.75e+41
       159   6.1e+41
       158  6.48e+41
       157  6.88e+41
       157  7.29e+41
       156  7.73e+41
       155  8.19e+41
       154  8.67e+41
       154  9.18e+41
       153  9.71e+41
       152  1.03e+42
       151  1.08e+42
       151  1.15e+42
       150  1.21e+42
       149  1.28e+42
       148  1.34e+42
       148  1.42e+42
       147  1.49e+42
       146  1.57e+42
       145  1.65e+42
       145  1.74e+42
       144  1.82e+42
       143  1.92e+42
       142  2.01e+42
       142  2.11e+42
       141  2.21e+42
       140  2.32e+42
       139  2.42e+42
       138  2.54e+42
       138  2.65e+42
       137  2.77e+42
       136  2.89e+42
       135  3.02e+42
       135  3.15e+42
       134  3.28e+42
       133  3.42e+42
       132  3.56e+42
       132   3.7e+42
       131  3.84e+42
       130  3.99e+42
       129  4.14e+42
       129   4.3e+42
       128  4.46e+42
       127  4.61e+42
       126  4.78e+42
       126  4.94e+42
       125   5.1e+42
       124  5.27e+42
       123  5.44e+42
       123  5.61e+42
       122  5.78e+42
       121  5.95e+42
       120  6.12e+42
       120  6.29e+42
       119  6.46e+42
       118  6.64e+42
       117   6.8e+42
       117  6.97e+42
       116  7.14e+42
       115   7.3e+42
       114  7.46e+42
       114  7.62e+42
       113  7.78e+42
       112  7.93e+42
       111  8.08e+42
       111  8.22e+42
       110  8.36e+42
       109  8.49e+42
       108  8.62e+42
       108  8.74e+42
       107  8.85e+42
       106  8.96e+42
       105  9.06e+42
       105  9.15e+42
       104  9.23e+42
       103  9.31e+42
       102  9.37e+42
       101  9.43e+42
       101  9.48e+42
       100  9.52e+42
      99.2  9.55e+42
      98.5  9.56e+42
      97.7  9.57e+42
        97  9.57e+42
      96.2  9.56e+42
      95.5  9.53e+42
      94.7   9.5e+42
      93.9  9.46e+42
      93.2   9.4e+42
      92.4  9.34e+42
      91.7  9.26e+42
      90.9  9.17e+42
      90.2  9.07e+42
      89.4  8.96e+42
      88.7  8.84e+42
      87.9  8.71e+42
      87.1  8.58e+42
      86.4  8.43e+42
      85.6  8.28e+42
      84.9  8.11e+42
      84.1  7.94e+42
      83.4  7.77e+42
      82.6  7.58e+42
      81.9  7.39e+42
      81.1   7.2e+42
      80.4     7e+42
      79.6  6.79e+42
      78.8  6.58e+42
      78.1  6.37e+42
      77.3  6.16e+42
      76.6  5.94e+42
      75.8  5.72e+42
      75.1   5.5e+42
      74.3  5.28e+42
      73.6  5.07e+42
      72.8  4.85e+42
        72  4.63e+42
      71.3  4.42e+42
      70.5   4.2e+42
      69.8  3.99e+42
        69  3.79e+42
      68.3  3.59e+42
      67.5  3.39e+42
      66.8   3.2e+42
        66  3.01e+42
      65.2  2.83e+42
      64.5  2.65e+42
      63.7  2.48e+42
        63  2.32e+42
      62.2  2.16e+42
      61.5  2.01e+42
      60.7  1.86e+42
        60  1.72e+42
      59.2  1.59e+42
      58.5  1.46e+42
      57.7  1.35e+42
      56.9  1.23e+42
      56.2  1.13e+42
      55.4  1.03e+42
      54.7  9.36e+41
      53.9  8.49e+41
      53.2  7.68e+41
      52.4  6.93e+41
      51.7  6.24e+41
      50.9   5.6e+41
      50.1     5e+41
      49.4  4.46e+41
      48.6  3.97e+41
      47.9  3.52e+41
      47.1  3.11e+41
      46.4  2.73e+41
      45.6   2.4e+41
      44.9   2.1e+41
      44.1  1.83e+41
      43.3  1.59e+41
      42.6  1.37e+41
      41.8  1.18e+41
      41.1  1.01e+41
      40.3  8.65e+40
      39.6  7.36e+40
      38.8  6.24e+40
      38.1  5.26e+40
      37.3  4.41e+40
      36.6  3.69e+40
      35.8  3.07e+40
        35  2.54e+40
      34.3  2.09e+40
      33.5  1.71e+40
      32.8  1.39e+40
        32  1.12e+40
      31.3  9.04e+39
      30.5  7.23e+39
      29.8  5.74e+39
        29  4.53e+39
      28.2  3.55e+39
      27.5  2.75e+39
      26.7  2.12e+39
        26  1.62e+39
      25.2  1.23e+39
      24.5  9.25e+38
      23.7  6.89e+38
        23  5.08e+38
      22.2  3.71e+38
      21.5  2.68e+38
      20.7  1.91e+38
      19.9  1.35e+38
      19.2  9.43e+37
      18.4  6.49e+37
      17.7   4.4e+37
      16.9  2.94e+37
      16.2  1.93e+37
      15.4  1.25e+37
      14.7  7.91e+36
      13.9  4.91e+36
      13.1  2.98e+36
      12.4  1.77e+36
      11.6  1.02e+36
      10.9  5.72e+35
      10.1  3.09e+35
      9.37  1.62e+35
      8.61   8.1e+34
      7.86  3.86e+34
       7.1  1.76e+34
      6.35  7.22e+33
      5.59  2.28e+33
      4.84  1.09e+33
      4.08  4.46e+32
      3.33  7.06e+31
      2.57  2.38e+32
      1.82 -9.53e+31
      1.06  -7.7e+31
     0.306  2.69e+29
    -0.449 -5.92e+31
      -1.2 -2.87e+31
     -1.96 -2.01e+32
     -2.71 -6.98e+31
     -3.47 -5.11e+31
     -4.22  6.25e+31
     -4.98 -5.72e+31
     -5.73 -4.57e+31
     -6.49     5e+31
     -7.24   2.7e+31
        -8     4e+31
     -8.76 -3.69e+31
     -9.51 -3.51e+30
     -10.3 -4.22e+31
       -11  3.28e+31
     -11.8  2.73e+31
     -12.5 -2.72e+31
     -13.3  1.39e+30
       -14 -5.23e+30
     -14.8 -6.39e+30
     -15.6  2.59e+31
     -16.3 -3.23e+30
     -17.1  1.98e+30
     -17.8 -6.25e+30
     -18.6  2.14e+30
     -19.3 -7.89e+30
     -20.1  2.13e+30
     -20.8  1.62e+29
     -21.6 -2.99e+30
     -22.3 -9.29e+29
     -23.1  2.21e+29
     -23.9 -1.09e+30
     -24.6  1.34e+30
     -25.4 -1.89e+29
     -26.1  -3.6e+29
     -26.9  1.86e+29
     -27.6  2.49e+28
     -28.4 -5.31e+28
     -29.1  1.59e+27
     -29.9  1.61e+28
     -30.7 -9.57e+27
     -31.4  3.88e+27
     -32.2 -9.82e+26
     -32.9  1.56e+26
     -33.7  -1.5e+25
     -34.4  7.22e+25
     -35.2  8.87e+23
     -35.9 -4.39e+23
     -36.7 -2.06e+22
     -37.5  1.73e+24

pressure[atm]        = 10
temperature[K]           = 1900
energy step[1/cm]        = 264
maximum energy[kcal/mol] = 212

bimolecular PEDs:
   E, kcal    P1->P2
       212  2.89e+39
       212  3.16e+39
       211  3.45e+39
       210  3.76e+39
       209  4.11e+39
       209  4.48e+39
       208  4.88e+39
       207  5.33e+39
       206   5.8e+39
       206  6.32e+39
       205  6.89e+39
       204   7.5e+39
       203  8.16e+39
       203  8.88e+39
       202  9.66e+39
       201  1.05e+40
       200  1.14e+40
       200  1.24e+40
       199  1.35e+40
       198  1.46e+40
       197  1.59e+40
       197  1.72e+40
       196  1.87e+40
       195  2.03e+40
       194  2.19e+40
       194  2.38e+40
       193  2.58e+40
       192  2.79e+40
       191  3.02e+40
       191  3.26e+40
       190  3.53e+40
       189  3.82e+40
       188  4.12e+40
       188  4.45e+40
       187  4.81e+40
       186  5.19e+40
       185   5.6e+40
       185  6.04e+40
       184  6.51e+40
       183  7.02e+40
       182  7.56e+40
       182  8.14e+40
       181  8.76e+40
       180  9.42e+40
       179  1.01e+41
       179  1.09e+41
       178  1.17e+41
       177  1.26e+41
       176  1.35e+41
       175  1.45e+41
       175  1.55e+41
       174  1.67e+41
       173  1.79e+41
       172  1.91e+41
       172  2.05e+41
       171  2.19e+41
       170  2.35e+41
       169  2.51e+41
       169  2.68e+41
       168  2.86e+41
       167  3.06e+41
       166  3.26e+41
       166  3.48e+41
       165  3.71e+41
       164  3.96e+41
       163  4.22e+41
       163  4.49e+41
       162  4.78e+41
       161  5.08e+41
       160  5.41e+41
       160  5.74e+41
       159   6.1e+41
       158  6.48e+41
       157  6.87e+41
       157  7.29e+41
       156  7.73e+41
       155  8.19e+41
       154  8.67e+41
       154  9.18e+41
       153  9.71e+41
       152  1.03e+42
       151  1.08e+42
       151  1.15e+42
       150  1.21e+42
       149  1.28e+42
       148  1.34e+42
       148  1.42e+42
       147  1.49e+42
       146  1.57e+42
       145  1.65e+42
       145  1.74e+42
       144  1.82e+42
       143  1.92e+42
       142  2.01e+42
       142  2.11e+42
       141  2.21e+42
       140  2.31e+42
       139  2.42e+42
       138  2.54e+42
       138  2.65e+42
       137  2.77e+42
       136  2.89e+42
       135  3.02e+42
       135  3.15e+42
       134  3.28e+42
       133  3.42e+42
       132  3.56e+42
       132   3.7e+42
       131  3.84e+42
       130  3.99e+42
       129  4.14e+42
       129   4.3e+42
       128  4.45e+42
       127  4.61e+42
       126  4.78e+42
       126  4.94e+42
       125   5.1e+42
       124  5.27e+42
       123  5.44e+42
       123  5.61e+42
       122  5.78e+42
       121  5.95e+42
       120  6.12e+42
       120  6.29e+42
       119  6.46e+42
       118  6.63e+42
       117   6.8e+42
       117  6.97e+42
       116  7.14e+42
       115   7.3e+42
       114  7.46e+42
       114  7.62e+42
       113  7.78e+42
       112  7.93e+42
       111  8.08e+42
       111  8.22e+42
       110  8.36e+42
       109  8.49e+42
       108  8.62e+42
       108  8.74e+42
       107  8.85e+42
       106  8.96e+42
       105  9.06e+42
       105  9.15e+42
       104  9.23e+42
       103  9.31e+42
       102  9.37e+42
       101  9.43e+42
       101  9.48e+42
       100  9.52e+42
      99.2  9.55e+42
      98.5  9.56e+42
      97.7  9.57e+42
        97  9.57e+42
      96.2  9.56e+42
      95.5  9.53e+42
      94.7   9.5e+42
      93.9  9.46e+42
      93.2   9.4e+42
      92.4  9.34e+42
      91.7  9.26e+42
      90.9  9.17e+42
      90.2  9.07e+42
      89.4  8.96e+42
      88.7  8.84e+42
      87.9  8.72e+42
      87.1  8.58e+42
      86.4  8.43e+42
      85.6  8.28e+42
      84.9  8.11e+42
      84.1  7.94e+42
      83.4  7.77e+42
      82.6  7.58e+42
      81.9  7.39e+42
      81.1   7.2e+42
      80.4     7e+42
      79.6  6.79e+42
      78.8  6.58e+42
      78.1  6.37e+42
      77.3  6.16e+42
      76.6  5.94e+42
      75.8  5.72e+42
      75.1   5.5e+42
      74.3  5.28e+42
      73.6  5.07e+42
      72.8  4.85e+42
        72  4.63e+42
      71.3  4.42e+42
      70.5   4.2e+42
      69.8     4e+42
        69  3.79e+42
      68.3  3.59e+42
      67.5  3.39e+42
      66.8   3.2e+42
        66  3.01e+42
      65.2  2.83e+42
      64.5  2.65e+42
      63.7  2.48e+42
        63  2.32e+42
      62.2  2.16e+42
      61.5  2.01e+42
      60.7  1.86e+42
        60  1.72e+42
      59.2  1.59e+42
      58.5  1.46e+42
      57.7  1.35e+42
      56.9  1.23e+42
      56.2  1.13e+42
      55.4  1.03e+42
      54.7  9.36e+41
      53.9  8.49e+41
      53.2  7.68e+41
      52.4  6.93e+41
      51.7  6.24e+41
      50.9   5.6e+41
      50.1  5.01e+41
      49.4  4.46e+41
      48.6  3.97e+41
      47.9  3.52e+41
      47.1  3.11e+41
      46.4  2.73e+41
      45.6   2.4e+41
      44.9   2.1e+41
      44.1  1.83e+41
      43.3  1.59e+41
      42.6  1.37e+41
      41.8  1.18e+41
      41.1  1.01e+41
      40.3  8.66e+40
      39.6  7.37e+40
      38.8  6.24e+40
      38.1  5.26e+40
      37.3  4.42e+40
      36.6  3.69e+40
      35.8  3.07e+40
        35  2.54e+40
      34.3  2.09e+40
      33.5  1.71e+40
      32.8  1.39e+40
        32  1.13e+40
      31.3  9.05e+39
      30.5  7.23e+39
      29.8  5.75e+39
        29  4.53e+39
      28.2  3.55e+39
      27.5  2.76e+39
      26.7  2.12e+39
        26  1.62e+39
      25.2  1.23e+39
      24.5  9.26e+38
      23.7   6.9e+38
        23  5.09e+38
      22.2  3.72e+38
      21.5  2.69e+38
      20.7  1.92e+38
      19.9  1.36e+38
      19.2  9.45e+37
      18.4   6.5e+37
      17.7  4.41e+37
      16.9  2.95e+37
      16.2  1.94e+37
      15.4  1.25e+37
      14.7  7.96e+36
      13.9  4.95e+36
      13.1  3.01e+36
      12.4  1.79e+36
      11.6  1.04e+36
      10.9  5.82e+35
      10.1  3.17e+35
      9.37  1.67e+35
      8.61  8.52e+34
      7.86  4.15e+34
       7.1  1.91e+34
      6.35  8.73e+33
      5.59  4.02e+33
      4.84  1.86e+33
      4.08  7.12e+32
      3.33  2.55e+32
      2.57  2.11e+32
      1.82  1.62e+32
      1.06   8.2e+31
     0.306 -1.52e+32
    -0.449 -3.04e+32
      -1.2 -2.25e+32
     -1.96   8.9e+31
     -2.71  1.66e+31
     -3.47   1.5e+32
     -4.22  1.11e+32
     -4.98  9.08e+31
     -5.73 -2.78e+31
     -6.49 -1.53e+32
     -7.24  2.67e+31
        -8 -3.87e+31
     -8.76 -2.99e+31
     -9.51 -2.33e+30
     -10.3 -2.35e+31
       -11 -3.76e+31
     -11.8  7.75e+29
     -12.5 -1.41e+31
     -13.3   2.9e+30
       -14  1.17e+31
     -14.8   1.8e+31
     -15.6 -5.14e+30
     -16.3 -8.78e+30
     -17.1 -2.25e+30
     -17.8  3.91e+30
     -18.6  6.86e+30
     -19.3 -5.12e+30
     -20.1  -1.4e+30
     -20.8  4.15e+29
     -21.6  1.16e+30
     -22.3  1.44e+29
     -23.1 -2.87e+30
     -23.9  1.83e+30
     -24.6 -1.41e+30
     -25.4 -2.84e+28
     -26.1 -2.81e+29
     -26.9  2.06e+29
     -27.6 -1.18e+29
     -28.4  4.25e+28
     -29.1 -3.95e+28
     -29.9  7.05e+27
     -30.7  2.38e+27
     -31.4 -2.16e+27
     -32.2  5.74e+26
     -32.9 -8.54e+25
     -33.7  7.01e+24
     -34.4  2.05e+26
     -35.2  7.06e+22
     -35.9  2.33e+22
     -36.7 -3.44e+22
     -37.5  2.44e+25

pressure[atm]        = 100
temperature[K]           = 1900
energy step[1/cm]        = 264
maximum energy[kcal/mol] = 212

bimolecular PEDs:
   E, kcal    P1->P2
       212  2.87e+39
       212  3.13e+39
       211  3.42e+39
       210  3.74e+39
       209  4.08e+39
       209  4.46e+39
       208  4.86e+39
       207  5.31e+39
       206  5.78e+39
       206   6.3e+39
       205  6.87e+39
       204  7.48e+39
       203  8.14e+39
       203  8.85e+39
       202  9.63e+39
       201  1.05e+40
       200  1.14e+40
       200  1.24e+40
       199  1.34e+40
       198  1.46e+40
       197  1.58e+40
       197  1.72e+40
       196  1.86e+40
       195  2.02e+40
       194  2.19e+40
       194  2.37e+40
       193  2.57e+40
       192  2.78e+40
       191  3.01e+40
       191  3.26e+40
       190  3.52e+40
       189  3.81e+40
       188  4.11e+40
       188  4.44e+40
       187   4.8e+40
       186  5.18e+40
       185  5.59e+40
       185  6.03e+40
       184   6.5e+40
       183     7e+40
       182  7.54e+40
       182  8.12e+40
       181  8.74e+40
       180   9.4e+40
       179  1.01e+41
       179  1.09e+41
       178  1.17e+41
       177  1.25e+41
       176  1.35e+41
       175  1.45e+41
       175  1.55e+41
       174  1.66e+41
       173  1.78e+41
       172  1.91e+41
       172  2.04e+41
       171  2.19e+41
       170  2.34e+41
       169   2.5e+41
       169  2.68e+41
       168  2.86e+41
       167  3.05e+41
       166  3.26e+41
       166  3.48e+41
       165  3.71e+41
       164  3.95e+41
       163  4.21e+41
       163  4.48e+41
       162  4.77e+41
       161  5.08e+41
       160   5.4e+41
       160  5.73e+41
       159  6.09e+41
       158  6.47e+41
       157  6.86e+41
       157  7.28e+41
       156  7.72e+41
       155  8.17e+41
       154  8.66e+41
       154  9.16e+41
       153  9.69e+41
       152  1.02e+42
       151  1.08e+42
       151  1.14e+42
       150  1.21e+42
       149  1.27e+42
       148  1.34e+42
       148  1.41e+42
       147  1.49e+42
       146  1.57e+42
       145  1.65e+42
       145  1.73e+42
       144  1.82e+42
       143  1.91e+42
       142  2.01e+42
       142  2.11e+42
       141  2.21e+42
       140  2.31e+42
       139  2.42e+42
       138  2.53e+42
       138  2.65e+42
       137  2.77e+42
       136  2.89e+42
       135  3.01e+42
       135  3.14e+42
       134  3.28e+42
       133  3.41e+42
       132  3.55e+42
       132  3.69e+42
       131  3.84e+42
       130  3.99e+42
       129  4.14e+42
       129  4.29e+42
       128  4.45e+42
       127  4.61e+42
       126  4.77e+42
       126  4.93e+42
       125   5.1e+42
       124  5.27e+42
       123  5.44e+42
       123  5.61e+42
       122  5.78e+42
       121  5.95e+42
       120  6.12e+42
       120  6.29e+42
       119  6.46e+42
       118  6.63e+42
       117   6.8e+42
       117  6.97e+42
       116  7.13e+42
       115   7.3e+42
       114  7.46e+42
       114  7.62e+42
       113  7.77e+42
       112  7.93e+42
       111  8.07e+42
       111  8.22e+42
       110  8.35e+42
       109  8.49e+42
       108  8.61e+42
       108  8.73e+42
       107  8.85e+42
       106  8.96e+42
       105  9.05e+42
       105  9.15e+42
       104  9.23e+42
       103  9.31e+42
       102  9.37e+42
       101  9.43e+42
       101  9.48e+42
       100  9.52e+42
      99.2  9.55e+42
      98.5  9.56e+42
      97.7  9.57e+42
        97  9.57e+42
      96.2  9.56e+42
      95.5  9.54e+42
      94.7   9.5e+42
      93.9  9.46e+42
      93.2   9.4e+42
      92.4  9.34e+42
      91.7  9.26e+42
      90.9  9.17e+42
      90.2  9.07e+42
      89.4  8.96e+42
      88.7  8.85e+42
      87.9  8.72e+42
      87.1  8.58e+42
      86.4  8.44e+42
      85.6  8.28e+42
      84.9  8.12e+42
      84.1  7.95e+42
      83.4  7.77e+42
      82.6  7.59e+42
      81.9   7.4e+42
      81.1   7.2e+42
      80.4     7e+42
      79.6   6.8e+42
      78.8  6.59e+42
      78.1  6.38e+42
      77.3  6.16e+42
      76.6  5.95e+42
      75.8  5.73e+42
      75.1  5.51e+42
      74.3  5.29e+42
      73.6  5.07e+42
      72.8  4.85e+42
        72  4.64e+42
      71.3  4.42e+42
      70.5  4.21e+42
      69.8     4e+42
        69  3.79e+42
      68.3  3.59e+42
      67.5   3.4e+42
      66.8   3.2e+42
        66  3.01e+42
      65.2  2.83e+42
      64.5  2.66e+42
      63.7  2.48e+42
        63  2.32e+42
      62.2  2.16e+42
      61.5  2.01e+42
      60.7  1.86e+42
        60  1.72e+42
      59.2  1.59e+42
      58.5  1.47e+42
      57.7  1.35e+42
      56.9  1.24e+42
      56.2  1.13e+42
      55.4  1.03e+42
      54.7  9.38e+41
      53.9  8.51e+41
      53.2   7.7e+41
      52.4  6.95e+41
      51.7  6.26e+41
      50.9  5.61e+41
      50.1  5.02e+41
      49.4  4.48e+41
      48.6  3.98e+41
      47.9  3.53e+41
      47.1  3.12e+41
      46.4  2.74e+41
      45.6  2.41e+41
      44.9  2.11e+41
      44.1  1.83e+41
      43.3  1.59e+41
      42.6  1.38e+41
      41.8  1.19e+41
      41.1  1.02e+41
      40.3   8.7e+40
      39.6   7.4e+40
      38.8  6.27e+40
      38.1  5.29e+40
      37.3  4.44e+40
      36.6  3.71e+40
      35.8  3.09e+40
        35  2.55e+40
      34.3   2.1e+40
      33.5  1.72e+40
      32.8   1.4e+40
        32  1.13e+40
      31.3  9.12e+39
      30.5   7.3e+39
      29.8   5.8e+39
        29  4.58e+39
      28.2  3.58e+39
      27.5  2.79e+39
      26.7  2.15e+39
        26  1.64e+39
      25.2  1.25e+39
      24.5  9.39e+38
      23.7     7e+38
        23  5.17e+38
      22.2  3.78e+38
      21.5  2.74e+38
      20.7  1.96e+38
      19.9  1.39e+38
      19.2  9.71e+37
      18.4   6.7e+37
      17.7  4.57e+37
      16.9  3.07e+37
      16.2  2.03e+37
      15.4  1.32e+37
      14.7  8.45e+36
      13.9  5.32e+36
      13.1  3.29e+36
      12.4  1.99e+36
      11.6  1.18e+36
      10.9  6.91e+35
      10.1  3.96e+35
      9.37  2.24e+35
      8.61  1.25e+35
      7.86  6.99e+34
       7.1  3.96e+34
      6.35  2.28e+34
      5.59  1.38e+34
      4.84  8.85e+33
      4.08  6.04e+33
      3.33  3.47e+33
      2.57     3e+33
      1.82  1.83e+33
      1.06   1.3e+33
     0.306  9.36e+32
    -0.449  5.37e+32
      -1.2  2.79e+32
     -1.96  2.22e+32
     -2.71 -1.08e+32
     -3.47 -9.17e+30
     -4.22  -1.3e+31
     -4.98  2.39e+32
     -5.73  3.85e+31
     -6.49 -7.36e+30
     -7.24  6.02e+31
        -8  7.51e+31
     -8.76  5.31e+31
     -9.51  1.99e+30
     -10.3 -3.01e+31
       -11  3.09e+30
     -11.8 -2.65e+31
     -12.5 -2.03e+31
     -13.3  1.65e+31
       -14 -1.06e+31
     -14.8  3.49e+30
     -15.6 -1.94e+31
     -16.3  4.86e+30
     -17.1  6.22e+30
     -17.8 -1.06e+30
     -18.6  5.59e+30
     -19.3  8.87e+30
     -20.1 -2.95e+30
     -20.8  2.88e+30
     -21.6 -9.82e+29
     -22.3  4.75e+30
     -23.1 -1.15e+30
     -23.9  3.88e+29
     -24.6 -4.19e+29
     -25.4 -4.53e+29
     -26.1 -8.09e+28
     -26.9 -3.82e+29
     -27.6  7.25e+28
     -28.4 -2.37e+29
     -29.1  -1.3e+27
     -29.9 -1.71e+28
     -30.7  -7.8e+26
     -31.4 -1.97e+27
     -32.2  5.55e+26
     -32.9 -1.29e+26
     -33.7  5.56e+23
     -34.4  1.04e+28
     -35.2 -2.34e+25
     -35.9 -4.95e+22
     -36.7 -2.58e+21
     -37.5 -1.53e+21

pressure[atm]        = 0.01
temperature[K]           = 2000
energy step[1/cm]        = 278
maximum energy[kcal/mol] = 226

bimolecular PEDs:
   E, kcal    P1->P2
       226  2.17e+40
       226  2.37e+40
       225  2.59e+40
       224  2.82e+40
       223  3.08e+40
       223  3.36e+40
       222  3.67e+40
       221     4e+40
       220  4.36e+40
       219  4.75e+40
       219  5.17e+40
       218  5.63e+40
       217  6.13e+40
       216  6.67e+40
       215  7.25e+40
       215  7.88e+40
       214  8.57e+40
       213  9.31e+40
       212  1.01e+41
       211   1.1e+41
       211  1.19e+41
       210  1.29e+41
       209   1.4e+41
       208  1.52e+41
       207  1.65e+41
       207  1.79e+41
       206  1.93e+41
       205  2.09e+41
       204  2.27e+41
       203  2.45e+41
       203  2.65e+41
       202  2.86e+41
       201   3.1e+41
       200  3.34e+41
       199  3.61e+41
       199   3.9e+41
       198   4.2e+41
       197  4.53e+41
       196  4.89e+41
       195  5.27e+41
       195  5.67e+41
       194  6.11e+41
       193  6.58e+41
       192  7.08e+41
       192  7.61e+41
       191  8.18e+41
       190  8.79e+41
       189  9.44e+41
       188  1.01e+42
       188  1.09e+42
       187  1.17e+42
       186  1.25e+42
       185  1.34e+42
       184  1.44e+42
       184  1.54e+42
       183  1.65e+42
       182  1.76e+42
       181  1.88e+42
       180  2.01e+42
       180  2.15e+42
       179   2.3e+42
       178  2.45e+42
       177  2.62e+42
       176  2.79e+42
       176  2.98e+42
       175  3.17e+42
       174  3.38e+42
       173  3.59e+42
       172  3.82e+42
       172  4.07e+42
       171  4.32e+42
       170  4.59e+42
       169  4.87e+42
       168  5.17e+42
       168  5.49e+42
       167  5.82e+42
       166  6.16e+42
       165  6.53e+42
       164  6.91e+42
       164  7.31e+42
       163  7.73e+42
       162  8.17e+42
       161  8.63e+42
       161  9.11e+42
       160  9.61e+42
       159  1.01e+43
       158  1.07e+43
       157  1.12e+43
       157  1.18e+43
       156  1.25e+43
       155  1.31e+43
       154  1.38e+43
       153  1.45e+43
       153  1.52e+43
       152  1.59e+43
       151  1.67e+43
       150  1.75e+43
       149  1.83e+43
       149  1.92e+43
       148     2e+43
       147  2.09e+43
       146  2.19e+43
       145  2.28e+43
       145  2.38e+43
       144  2.48e+43
       143  2.59e+43
       142  2.69e+43
       141   2.8e+43
       141  2.91e+43
       140  3.02e+43
       139  3.14e+43
       138  3.26e+43
       137  3.38e+43
       137   3.5e+43
       136  3.62e+43
       135  3.75e+43
       134  3.88e+43
       133     4e+43
       133  4.13e+43
       132  4.26e+43
       131  4.39e+43
       130  4.53e+43
       130  4.66e+43
       129  4.79e+43
       128  4.92e+43
       127  5.05e+43
       126  5.19e+43
       126  5.32e+43
       125  5.45e+43
       124  5.57e+43
       123   5.7e+43
       122  5.82e+43
       122  5.94e+43
       121  6.06e+43
       120  6.18e+43
       119  6.29e+43
       118   6.4e+43
       118  6.51e+43
       117  6.61e+43
       116   6.7e+43
       115   6.8e+43
       114  6.88e+43
       114  6.96e+43
       113  7.04e+43
       112  7.11e+43
       111  7.17e+43
       110  7.23e+43
       110  7.28e+43
       109  7.32e+43
       108  7.35e+43
       107  7.38e+43
       106   7.4e+43
       106  7.41e+43
       105  7.42e+43
       104  7.41e+43
       103   7.4e+43
       102  7.38e+43
       102  7.36e+43
       101  7.32e+43
       100  7.28e+43
      99.3  7.22e+43
      98.5  7.16e+43
      97.7  7.09e+43
      96.9  7.02e+43
      96.1  6.93e+43
      95.3  6.84e+43
      94.6  6.74e+43
      93.8  6.64e+43
        93  6.53e+43
      92.2  6.41e+43
      91.4  6.28e+43
      90.6  6.15e+43
      89.8  6.01e+43
        89  5.87e+43
      88.2  5.72e+43
      87.4  5.57e+43
      86.6  5.42e+43
      85.8  5.26e+43
        85   5.1e+43
      84.2  4.94e+43
      83.4  4.77e+43
      82.6   4.6e+43
      81.8  4.43e+43
        81  4.27e+43
      80.2   4.1e+43
      79.4  3.93e+43
      78.7  3.76e+43
      77.9  3.59e+43
      77.1  3.43e+43
      76.3  3.26e+43
      75.5   3.1e+43
      74.7  2.94e+43
      73.9  2.79e+43
      73.1  2.64e+43
      72.3  2.49e+43
      71.5  2.34e+43
      70.7   2.2e+43
      69.9  2.07e+43
      69.1  1.93e+43
      68.3  1.81e+43
      67.5  1.69e+43
      66.7  1.57e+43
      65.9  1.46e+43
      65.1  1.35e+43
      64.3  1.25e+43
      63.5  1.15e+43
      62.8  1.06e+43
        62   9.7e+42
      61.2  8.88e+42
      60.4  8.11e+42
      59.6  7.39e+42
      58.8  6.71e+42
        58  6.08e+42
      57.2   5.5e+42
      56.4  4.96e+42
      55.6  4.46e+42
      54.8  3.99e+42
        54  3.57e+42
      53.2  3.18e+42
      52.4  2.82e+42
      51.6   2.5e+42
      50.8  2.21e+42
        50  1.94e+42
      49.2   1.7e+42
      48.4  1.49e+42
      47.7  1.29e+42
      46.9  1.12e+42
      46.1   9.7e+41
      45.3  8.35e+41
      44.5  7.16e+41
      43.7  6.11e+41
      42.9   5.2e+41
      42.1   4.4e+41
      41.3  3.71e+41
      40.5  3.12e+41
      39.7   2.6e+41
      38.9  2.16e+41
      38.1  1.79e+41
      37.3  1.47e+41
      36.5  1.21e+41
      35.7  9.83e+40
      34.9  7.96e+40
      34.1  6.41e+40
      33.3  5.13e+40
      32.5  4.08e+40
      31.8  3.22e+40
        31  2.53e+40
      30.2  1.97e+40
      29.4  1.53e+40
      28.6  1.17e+40
      27.8  8.91e+39
        27  6.72e+39
      26.2  5.03e+39
      25.4  3.72e+39
      24.6  2.73e+39
      23.8  1.99e+39
        23  1.43e+39
      22.2  1.02e+39
      21.4  7.14e+38
      20.6  4.95e+38
      19.8  3.39e+38
        19  2.29e+38
      18.2  1.52e+38
      17.4  9.98e+37
      16.7  6.43e+37
      15.9  4.06e+37
      15.1  2.51e+37
      14.3  1.52e+37
      13.5  9.02e+36
      12.7   5.2e+36
      11.9  2.92e+36
      11.1  1.58e+36
      10.3  8.28e+35
       9.5  4.18e+35
       8.7  2.02e+35
      7.91  8.86e+34
      7.11  3.63e+34
      6.32  1.38e+34
      5.52  5.94e+33
      4.73  2.06e+33
      3.93  8.43e+32
      3.14  1.16e+33
      2.34   2.5e+31
      1.55  -1.6e+32
     0.755  7.33e+32
   -0.0403  4.54e+32
    -0.835  1.68e+32
     -1.63 -1.98e+32
     -2.42  1.33e+32
     -3.22  1.14e+31
     -4.01   6.8e+32
     -4.81  5.56e+32
      -5.6 -4.87e+32
      -6.4 -3.75e+32
     -7.19 -2.57e+32
     -7.99  2.59e+32
     -8.78  9.42e+31
     -9.58 -4.61e+31
     -10.4  -9.1e+31
     -11.2 -2.46e+32
       -12 -1.34e+32
     -12.8  6.92e+30
     -13.6 -2.44e+31
     -14.3  4.46e+31
     -15.1 -1.17e+32
     -15.9  7.04e+31
     -16.7 -4.72e+31
     -17.5   3.1e+31
     -18.3  6.04e+30
     -19.1 -1.63e+31
     -19.9  2.88e+31
     -20.7 -1.68e+31
     -21.5  5.84e+30
     -22.3  2.76e+30
     -23.1 -3.92e+30
     -23.9  2.57e+30
     -24.7 -2.18e+29
     -25.5  1.05e+28
     -26.3 -2.42e+29
     -27.1   5.2e+28
     -27.9 -1.78e+28
     -28.7   6.1e+28
     -29.5 -4.51e+28
     -30.2  1.45e+28
       -31 -3.02e+27
     -31.8  4.21e+26
     -32.6 -1.68e+28
     -33.4  6.65e+25
     -34.2  3.69e+21
       -35  6.82e+23
     -35.8  6.38e+23
     -36.6 -6.35e+25
     -37.4 -6.05e+24

pressure[atm]        = 0.1
temperature[K]           = 2000
energy step[1/cm]        = 278
maximum energy[kcal/mol] = 226

bimolecular PEDs:
   E, kcal    P1->P2
       226  2.17e+40
       226  2.37e+40
       225  2.59e+40
       224  2.82e+40
       223  3.08e+40
       223  3.36e+40
       222  3.67e+40
       221     4e+40
       220  4.36e+40
       219  4.75e+40
       219  5.17e+40
       218  5.63e+40
       217  6.13e+40
       216  6.67e+40
       215  7.25e+40
       215  7.88e+40
       214  8.57e+40
       213  9.31e+40
       212  1.01e+41
       211   1.1e+41
       211  1.19e+41
       210  1.29e+41
       209   1.4e+41
       208  1.52e+41
       207  1.65e+41
       207  1.79e+41
       206  1.93e+41
       205  2.09e+41
       204  2.27e+41
       203  2.45e+41
       203  2.65e+41
       202  2.86e+41
       201   3.1e+41
       200  3.34e+41
       199  3.61e+41
       199   3.9e+41
       198   4.2e+41
       197  4.53e+41
       196  4.89e+41
       195  5.27e+41
       195  5.67e+41
       194  6.11e+41
       193  6.58e+41
       192  7.08e+41
       192  7.61e+41
       191  8.18e+41
       190  8.79e+41
       189  9.44e+41
       188  1.01e+42
       188  1.09e+42
       187  1.17e+42
       186  1.25e+42
       185  1.34e+42
       184  1.44e+42
       184  1.54e+42
       183  1.65e+42
       182  1.76e+42
       181  1.88e+42
       180  2.01e+42
       180  2.15e+42
       179   2.3e+42
       178  2.45e+42
       177  2.62e+42
       176  2.79e+42
       176  2.98e+42
       175  3.17e+42
       174  3.38e+42
       173  3.59e+42
       172  3.82e+42
       172  4.07e+42
       171  4.32e+42
       170  4.59e+42
       169  4.87e+42
       168  5.17e+42
       168  5.49e+42
       167  5.82e+42
       166  6.16e+42
       165  6.53e+42
       164  6.91e+42
       164  7.31e+42
       163  7.73e+42
       162  8.17e+42
       161  8.63e+42
       161  9.11e+42
       160  9.61e+42
       159  1.01e+43
       158  1.07e+43
       157  1.12e+43
       157  1.18e+43
       156  1.25e+43
       155  1.31e+43
       154  1.38e+43
       153  1.45e+43
       153  1.52e+43
       152  1.59e+43
       151  1.67e+43
       150  1.75e+43
       149  1.83e+43
       149  1.92e+43
       148     2e+43
       147  2.09e+43
       146  2.19e+43
       145  2.28e+43
       145  2.38e+43
       144  2.48e+43
       143  2.59e+43
       142  2.69e+43
       141   2.8e+43
       141  2.91e+43
       140  3.02e+43
       139  3.14e+43
       138  3.26e+43
       137  3.38e+43
       137   3.5e+43
       136  3.62e+43
       135  3.75e+43
       134  3.88e+43
       133     4e+43
       133  4.13e+43
       132  4.26e+43
       131  4.39e+43
       130  4.53e+43
       130  4.66e+43
       129  4.79e+43
       128  4.92e+43
       127  5.05e+43
       126  5.19e+43
       126  5.32e+43
       125  5.45e+43
       124  5.57e+43
       123   5.7e+43
       122  5.82e+43
       122  5.94e+43
       121  6.06e+43
       120  6.18e+43
       119  6.29e+43
       118   6.4e+43
       118  6.51e+43
       117  6.61e+43
       116   6.7e+43
       115   6.8e+43
       114  6.88e+43
       114  6.96e+43
       113  7.04e+43
       112  7.11e+43
       111  7.17e+43
       110  7.23e+43
       110  7.28e+43
       109  7.32e+43
       108  7.35e+43
       107  7.38e+43
       106   7.4e+43
       106  7.41e+43
       105  7.42e+43
       104  7.41e+43
       103   7.4e+43
       102  7.38e+43
       102  7.36e+43
       101  7.32e+43
       100  7.28e+43
      99.3  7.22e+43
      98.5  7.16e+43
      97.7  7.09e+43
      96.9  7.02e+43
      96.1  6.93e+43
      95.3  6.84e+43
      94.6  6.74e+43
      93.8  6.64e+43
        93  6.53e+43
      92.2  6.41e+43
      91.4  6.28e+43
      90.6  6.15e+43
      89.8  6.01e+43
        89  5.87e+43
      88.2  5.72e+43
      87.4  5.57e+43
      86.6  5.42e+43
      85.8  5.26e+43
        85   5.1e+43
      84.2  4.94e+43
      83.4  4.77e+43
      82.6   4.6e+43
      81.8  4.43e+43
        81  4.27e+43
      80.2   4.1e+43
      79.4  3.93e+43
      78.7  3.76e+43
      77.9  3.59e+43
      77.1  3.43e+43
      76.3  3.26e+43
      75.5   3.1e+43
      74.7  2.94e+43
      73.9  2.79e+43
      73.1  2.64e+43
      72.3  2.49e+43
      71.5  2.34e+43
      70.7   2.2e+43
      69.9  2.07e+43
      69.1  1.93e+43
      68.3  1.81e+43
      67.5  1.69e+43
      66.7  1.57e+43
      65.9  1.46e+43
      65.1  1.35e+43
      64.3  1.25e+43
      63.5  1.15e+43
      62.8  1.06e+43
        62   9.7e+42
      61.2  8.88e+42
      60.4  8.11e+42
      59.6  7.39e+42
      58.8  6.71e+42
        58  6.08e+42
      57.2   5.5e+42
      56.4  4.96e+42
      55.6  4.46e+42
      54.8  3.99e+42
        54  3.57e+42
      53.2  3.18e+42
      52.4  2.82e+42
      51.6   2.5e+42
      50.8  2.21e+42
        50  1.94e+42
      49.2   1.7e+42
      48.4  1.49e+42
      47.7  1.29e+42
      46.9  1.12e+42
      46.1   9.7e+41
      45.3  8.35e+41
      44.5  7.16e+41
      43.7  6.11e+41
      42.9   5.2e+41
      42.1   4.4e+41
      41.3  3.71e+41
      40.5  3.12e+41
      39.7   2.6e+41
      38.9  2.16e+41
      38.1  1.79e+41
      37.3  1.47e+41
      36.5  1.21e+41
      35.7  9.83e+40
      34.9  7.96e+40
      34.1  6.41e+40
      33.3  5.13e+40
      32.5  4.08e+40
      31.8  3.22e+40
        31  2.53e+40
      30.2  1.97e+40
      29.4  1.53e+40
      28.6  1.17e+40
      27.8  8.91e+39
        27  6.72e+39
      26.2  5.03e+39
      25.4  3.73e+39
      24.6  2.73e+39
      23.8  1.99e+39
        23  1.43e+39
      22.2  1.02e+39
      21.4  7.14e+38
      20.6  4.95e+38
      19.8  3.39e+38
        19  2.29e+38
      18.2  1.52e+38
      17.4  9.98e+37
      16.7  6.43e+37
      15.9  4.06e+37
      15.1  2.51e+37
      14.3  1.52e+37
      13.5  9.02e+36
      12.7   5.2e+36
      11.9  2.92e+36
      11.1  1.58e+36
      10.3  8.29e+35
       9.5  4.17e+35
       8.7  1.98e+35
      7.91  8.99e+34
      7.11  3.94e+34
      6.32  1.48e+34
      5.52  6.51e+33
      4.73  2.46e+33
      3.93  5.24e+32
      3.14  3.13e+32
      2.34  6.22e+32
      1.55 -2.95e+32
     0.755 -6.63e+32
   -0.0403  3.55e+32
    -0.835  8.43e+32
     -1.63  2.16e+32
     -2.42  -1.7e+32
     -3.22  1.61e+32
     -4.01 -1.01e+32
     -4.81 -3.98e+32
      -5.6 -2.43e+32
      -6.4  -6.7e+31
     -7.19 -2.19e+32
     -7.99  2.48e+31
     -8.78  2.26e+32
     -9.58 -1.37e+32
     -10.4 -2.34e+32
     -11.2  6.28e+29
       -12 -7.24e+31
     -12.8  9.12e+30
     -13.6  1.45e+31
     -14.3 -8.35e+30
     -15.1 -6.98e+30
     -15.9 -3.76e+31
     -16.7  -7.7e+30
     -17.5 -7.92e+30
     -18.3 -5.66e+30
     -19.1  5.05e+28
     -19.9  7.37e+30
     -20.7  6.47e+29
     -21.5   3.4e+30
     -22.3 -2.56e+30
     -23.1 -2.52e+30
     -23.9 -4.72e+29
     -24.7 -3.14e+30
     -25.5  1.04e+30
     -26.3  2.38e+29
     -27.1 -3.92e+29
     -27.9  1.24e+29
     -28.7 -6.72e+28
     -29.5  2.95e+28
     -30.2 -3.15e+26
       -31 -9.92e+27
     -31.8  4.15e+27
     -32.6 -6.97e+26
     -33.4  4.59e+26
     -34.2 -3.22e+24
       -35 -1.34e+24
     -35.8  6.29e+23
     -36.6 -2.47e+25
     -37.4  7.04e+17

pressure[atm]        = 1
temperature[K]           = 2000
energy step[1/cm]        = 278
maximum energy[kcal/mol] = 226

bimolecular PEDs:
   E, kcal    P1->P2
       226  2.17e+40
       226  2.37e+40
       225  2.59e+40
       224  2.82e+40
       223  3.08e+40
       223  3.36e+40
       222  3.67e+40
       221     4e+40
       220  4.36e+40
       219  4.75e+40
       219  5.17e+40
       218  5.63e+40
       217  6.13e+40
       216  6.67e+40
       215  7.25e+40
       215  7.88e+40
       214  8.57e+40
       213  9.31e+40
       212  1.01e+41
       211   1.1e+41
       211  1.19e+41
       210  1.29e+41
       209   1.4e+41
       208  1.52e+41
       207  1.65e+41
       207  1.78e+41
       206  1.93e+41
       205  2.09e+41
       204  2.27e+41
       203  2.45e+41
       203  2.65e+41
       202  2.86e+41
       201   3.1e+41
       200  3.34e+41
       199  3.61e+41
       199   3.9e+41
       198   4.2e+41
       197  4.53e+41
       196  4.89e+41
       195  5.27e+41
       195  5.67e+41
       194  6.11e+41
       193  6.58e+41
       192  7.08e+41
       192  7.61e+41
       191  8.18e+41
       190  8.79e+41
       189  9.44e+41
       188  1.01e+42
       188  1.09e+42
       187  1.17e+42
       186  1.25e+42
       185  1.34e+42
       184  1.44e+42
       184  1.54e+42
       183  1.65e+42
       182  1.76e+42
       181  1.88e+42
       180  2.01e+42
       180  2.15e+42
       179   2.3e+42
       178  2.45e+42
       177  2.62e+42
       176  2.79e+42
       176  2.98e+42
       175  3.17e+42
       174  3.38e+42
       173  3.59e+42
       172  3.82e+42
       172  4.07e+42
       171  4.32e+42
       170  4.59e+42
       169  4.87e+42
       168  5.17e+42
       168  5.49e+42
       167  5.82e+42
       166  6.16e+42
       165  6.53e+42
       164  6.91e+42
       164  7.31e+42
       163  7.73e+42
       162  8.17e+42
       161  8.63e+42
       161  9.11e+42
       160  9.61e+42
       159  1.01e+43
       158  1.07e+43
       157  1.12e+43
       157  1.18e+43
       156  1.25e+43
       155  1.31e+43
       154  1.38e+43
       153  1.45e+43
       153  1.52e+43
       152  1.59e+43
       151  1.67e+43
       150  1.75e+43
       149  1.83e+43
       149  1.92e+43
       148     2e+43
       147  2.09e+43
       146  2.19e+43
       145  2.28e+43
       145  2.38e+43
       144  2.48e+43
       143  2.59e+43
       142  2.69e+43
       141   2.8e+43
       141  2.91e+43
       140  3.02e+43
       139  3.14e+43
       138  3.26e+43
       137  3.38e+43
       137   3.5e+43
       136  3.62e+43
       135  3.75e+43
       134  3.88e+43
       133     4e+43
       133  4.13e+43
       132  4.26e+43
       131  4.39e+43
       130  4.53e+43
       130  4.66e+43
       129  4.79e+43
       128  4.92e+43
       127  5.05e+43
       126  5.19e+43
       126  5.32e+43
       125  5.45e+43
       124  5.57e+43
       123   5.7e+43
       122  5.82e+43
       122  5.94e+43
       121  6.06e+43
       120  6.18e+43
       119  6.29e+43
       118   6.4e+43
       118  6.51e+43
       117  6.61e+43
       116   6.7e+43
       115   6.8e+43
       114  6.88e+43
       114  6.96e+43
       113  7.04e+43
       112  7.11e+43
       111  7.17e+43
       110  7.23e+43
       110  7.28e+43
       109  7.32e+43
       108  7.35e+43
       107  7.38e+43
       106   7.4e+43
       106  7.41e+43
       105  7.42e+43
       104  7.41e+43
       103   7.4e+43
       102  7.38e+43
       102  7.36e+43
       101  7.32e+43
       100  7.28e+43
      99.3  7.22e+43
      98.5  7.16e+43
      97.7  7.09e+43
      96.9  7.02e+43
      96.1  6.93e+43
      95.3  6.84e+43
      94.6  6.74e+43
      93.8  6.64e+43
        93  6.53e+43
      92.2  6.41e+43
      91.4  6.28e+43
      90.6  6.15e+43
      89.8  6.01e+43
        89  5.87e+43
      88.2  5.72e+43
      87.4  5.57e+43
      86.6  5.42e+43
      85.8  5.26e+43
        85   5.1e+43
      84.2  4.94e+43
      83.4  4.77e+43
      82.6   4.6e+43
      81.8  4.43e+43
        81  4.27e+43
      80.2   4.1e+43
      79.4  3.93e+43
      78.7  3.76e+43
      77.9  3.59e+43
      77.1  3.43e+43
      76.3  3.26e+43
      75.5   3.1e+43
      74.7  2.94e+43
      73.9  2.79e+43
      73.1  2.64e+43
      72.3  2.49e+43
      71.5  2.34e+43
      70.7   2.2e+43
      69.9  2.07e+43
      69.1  1.93e+43
      68.3  1.81e+43
      67.5  1.69e+43
      66.7  1.57e+43
      65.9  1.46e+43
      65.1  1.35e+43
      64.3  1.25e+43
      63.5  1.15e+43
      62.8  1.06e+43
        62   9.7e+42
      61.2  8.88e+42
      60.4  8.11e+42
      59.6  7.39e+42
      58.8  6.71e+42
        58  6.09e+42
      57.2   5.5e+42
      56.4  4.96e+42
      55.6  4.46e+42
      54.8  3.99e+42
        54  3.57e+42
      53.2  3.18e+42
      52.4  2.82e+42
      51.6   2.5e+42
      50.8  2.21e+42
        50  1.94e+42
      49.2   1.7e+42
      48.4  1.49e+42
      47.7  1.29e+42
      46.9  1.12e+42
      46.1   9.7e+41
      45.3  8.35e+41
      44.5  7.16e+41
      43.7  6.11e+41
      42.9   5.2e+41
      42.1   4.4e+41
      41.3  3.71e+41
      40.5  3.12e+41
      39.7   2.6e+41
      38.9  2.16e+41
      38.1  1.79e+41
      37.3  1.47e+41
      36.5  1.21e+41
      35.7  9.83e+40
      34.9  7.96e+40
      34.1  6.41e+40
      33.3  5.13e+40
      32.5  4.08e+40
      31.8  3.22e+40
        31  2.53e+40
      30.2  1.97e+40
      29.4  1.53e+40
      28.6  1.17e+40
      27.8  8.91e+39
        27  6.72e+39
      26.2  5.03e+39
      25.4  3.73e+39
      24.6  2.73e+39
      23.8  1.99e+39
        23  1.43e+39
      22.2  1.02e+39
      21.4  7.14e+38
      20.6  4.96e+38
      19.8  3.39e+38
        19  2.29e+38
      18.2  1.53e+38
      17.4  9.99e+37
      16.7  6.43e+37
      15.9  4.06e+37
      15.1  2.52e+37
      14.3  1.53e+37
      13.5  9.03e+36
      12.7  5.21e+36
      11.9  2.92e+36
      11.1  1.59e+36
      10.3  8.32e+35
       9.5   4.2e+35
       8.7  2.01e+35
      7.91  9.11e+34
      7.11  3.89e+34
      6.32  1.57e+34
      5.52  6.32e+33
      4.73  1.96e+33
      3.93  1.64e+33
      3.14  5.28e+32
      2.34  4.29e+32
      1.55  7.12e+32
     0.755  1.04e+33
   -0.0403     1e+33
    -0.835  1.62e+32
     -1.63 -7.63e+30
     -2.42 -3.44e+32
     -3.22 -3.33e+32
     -4.01   3.5e+32
     -4.81 -2.01e+31
      -5.6  7.69e+31
      -6.4  -1.2e+32
     -7.19 -1.73e+32
     -7.99 -2.02e+32
     -8.78  1.03e+32
     -9.58  2.93e+32
     -10.4  1.59e+32
     -11.2  6.74e+31
       -12  3.21e+31
     -12.8 -5.76e+30
     -13.6  6.72e+31
     -14.3 -7.53e+31
     -15.1  7.34e+30
     -15.9  6.78e+31
     -16.7 -2.77e+31
     -17.5 -1.11e+31
     -18.3  2.53e+31
     -19.1  4.59e+30
     -19.9 -1.43e+31
     -20.7  4.74e+28
     -21.5 -5.96e+29
     -22.3  1.09e+31
     -23.1 -1.43e+30
     -23.9   5.3e+30
     -24.7 -2.88e+30
     -25.5  1.41e+29
     -26.3  5.15e+29
     -27.1 -3.22e+29
     -27.9  1.42e+29
     -28.7  4.77e+28
     -29.5 -5.13e+28
     -30.2  -1.7e+28
       -31     2e+28
     -31.8  -6.2e+27
     -32.6  9.67e+26
     -33.4  2.28e+27
     -34.2 -5.33e+24
       -35  2.77e+24
     -35.8 -1.88e+23
     -36.6 -1.39e+23
     -37.4  3.63e+19

pressure[atm]        = 10
temperature[K]           = 2000
energy step[1/cm]        = 278
maximum energy[kcal/mol] = 226

bimolecular PEDs:
   E, kcal    P1->P2
       226  2.17e+40
       226  2.37e+40
       225  2.59e+40
       224  2.82e+40
       223  3.08e+40
       223  3.36e+40
       222  3.67e+40
       221     4e+40
       220  4.36e+40
       219  4.75e+40
       219  5.17e+40
       218  5.63e+40
       217  6.12e+40
       216  6.66e+40
       215  7.25e+40
       215  7.88e+40
       214  8.56e+40
       213  9.31e+40
       212  1.01e+41
       211   1.1e+41
       211  1.19e+41
       210  1.29e+41
       209   1.4e+41
       208  1.52e+41
       207  1.65e+41
       207  1.78e+41
       206  1.93e+41
       205  2.09e+41
       204  2.26e+41
       203  2.45e+41
       203  2.65e+41
       202  2.86e+41
       201  3.09e+41
       200  3.34e+41
       199  3.61e+41
       199   3.9e+41
       198   4.2e+41
       197  4.53e+41
       196  4.89e+41
       195  5.27e+41
       195  5.67e+41
       194  6.11e+41
       193  6.57e+41
       192  7.07e+41
       192  7.61e+41
       191  8.18e+41
       190  8.79e+41
       189  9.44e+41
       188  1.01e+42
       188  1.09e+42
       187  1.17e+42
       186  1.25e+42
       185  1.34e+42
       184  1.44e+42
       184  1.54e+42
       183  1.65e+42
       182  1.76e+42
       181  1.88e+42
       180  2.01e+42
       180  2.15e+42
       179   2.3e+42
       178  2.45e+42
       177  2.62e+42
       176  2.79e+42
       176  2.98e+42
       175  3.17e+42
       174  3.38e+42
       173  3.59e+42
       172  3.82e+42
       172  4.06e+42
       171  4.32e+42
       170  4.59e+42
       169  4.87e+42
       168  5.17e+42
       168  5.49e+42
       167  5.82e+42
       166  6.16e+42
       165  6.53e+42
       164  6.91e+42
       164  7.31e+42
       163  7.73e+42
       162  8.17e+42
       161  8.62e+42
       161   9.1e+42
       160  9.61e+42
       159  1.01e+43
       158  1.07e+43
       157  1.12e+43
       157  1.18e+43
       156  1.25e+43
       155  1.31e+43
       154  1.38e+43
       153  1.45e+43
       153  1.52e+43
       152  1.59e+43
       151  1.67e+43
       150  1.75e+43
       149  1.83e+43
       149  1.92e+43
       148     2e+43
       147  2.09e+43
       146  2.19e+43
       145  2.28e+43
       145  2.38e+43
       144  2.48e+43
       143  2.58e+43
       142  2.69e+43
       141   2.8e+43
       141  2.91e+43
       140  3.02e+43
       139  3.14e+43
       138  3.26e+43
       137  3.38e+43
       137   3.5e+43
       136  3.62e+43
       135  3.75e+43
       134  3.88e+43
       133     4e+43
       133  4.13e+43
       132  4.26e+43
       131  4.39e+43
       130  4.53e+43
       130  4.66e+43
       129  4.79e+43
       128  4.92e+43
       127  5.05e+43
       126  5.19e+43
       126  5.32e+43
       125  5.45e+43
       124  5.57e+43
       123   5.7e+43
       122  5.82e+43
       122  5.94e+43
       121  6.06e+43
       120  6.18e+43
       119  6.29e+43
       118   6.4e+43
       118  6.51e+43
       117  6.61e+43
       116   6.7e+43
       115   6.8e+43
       114  6.88e+43
       114  6.96e+43
       113  7.04e+43
       112  7.11e+43
       111  7.17e+43
       110  7.23e+43
       110  7.28e+43
       109  7.32e+43
       108  7.35e+43
       107  7.38e+43
       106   7.4e+43
       106  7.41e+43
       105  7.42e+43
       104  7.41e+43
       103   7.4e+43
       102  7.38e+43
       102  7.36e+43
       101  7.32e+43
       100  7.28e+43
      99.3  7.22e+43
      98.5  7.16e+43
      97.7  7.09e+43
      96.9  7.02e+43
      96.1  6.93e+43
      95.3  6.84e+43
      94.6  6.75e+43
      93.8  6.64e+43
        93  6.53e+43
      92.2  6.41e+43
      91.4  6.28e+43
      90.6  6.15e+43
      89.8  6.01e+43
        89  5.87e+43
      88.2  5.73e+43
      87.4  5.57e+43
      86.6  5.42e+43
      85.8  5.26e+43
        85   5.1e+43
      84.2  4.94e+43
      83.4  4.77e+43
      82.6   4.6e+43
      81.8  4.44e+43
        81  4.27e+43
      80.2   4.1e+43
      79.4  3.93e+43
      78.7  3.76e+43
      77.9  3.59e+43
      77.1  3.43e+43
      76.3  3.26e+43
      75.5   3.1e+43
      74.7  2.94e+43
      73.9  2.79e+43
      73.1  2.64e+43
      72.3  2.49e+43
      71.5  2.34e+43
      70.7   2.2e+43
      69.9  2.07e+43
      69.1  1.93e+43
      68.3  1.81e+43
      67.5  1.69e+43
      66.7  1.57e+43
      65.9  1.46e+43
      65.1  1.35e+43
      64.3  1.25e+43
      63.5  1.15e+43
      62.8  1.06e+43
        62   9.7e+42
      61.2  8.88e+42
      60.4  8.11e+42
      59.6  7.39e+42
      58.8  6.72e+42
        58  6.09e+42
      57.2   5.5e+42
      56.4  4.96e+42
      55.6  4.46e+42
      54.8  3.99e+42
        54  3.57e+42
      53.2  3.18e+42
      52.4  2.82e+42
      51.6   2.5e+42
      50.8  2.21e+42
        50  1.94e+42
      49.2   1.7e+42
      48.4  1.49e+42
      47.7  1.29e+42
      46.9  1.12e+42
      46.1   9.7e+41
      45.3  8.35e+41
      44.5  7.16e+41
      43.7  6.11e+41
      42.9   5.2e+41
      42.1   4.4e+41
      41.3  3.71e+41
      40.5  3.12e+41
      39.7   2.6e+41
      38.9  2.17e+41
      38.1  1.79e+41
      37.3  1.47e+41
      36.5  1.21e+41
      35.7  9.84e+40
      34.9  7.97e+40
      34.1  6.41e+40
      33.3  5.13e+40
      32.5  4.08e+40
      31.8  3.23e+40
        31  2.53e+40
      30.2  1.97e+40
      29.4  1.53e+40
      28.6  1.17e+40
      27.8  8.92e+39
        27  6.73e+39
      26.2  5.03e+39
      25.4  3.73e+39
      24.6  2.74e+39
      23.8  1.99e+39
        23  1.43e+39
      22.2  1.02e+39
      21.4  7.16e+38
      20.6  4.97e+38
      19.8   3.4e+38
        19   2.3e+38
      18.2  1.53e+38
      17.4     1e+38
      16.7  6.46e+37
      15.9  4.09e+37
      15.1  2.53e+37
      14.3  1.54e+37
      13.5  9.12e+36
      12.7  5.28e+36
      11.9  2.97e+36
      11.1  1.62e+36
      10.3  8.59e+35
       9.5  4.38e+35
       8.7  2.14e+35
      7.91  9.85e+34
      7.11  4.59e+34
      6.32  2.11e+34
      5.52  1.01e+34
      4.73  3.63e+33
      3.93  1.39e+33
      3.14 -4.11e+31
      2.34  5.04e+32
      1.55 -3.55e+32
     0.755 -6.24e+32
   -0.0403 -4.48e+32
    -0.835  5.52e+31
     -1.63 -4.28e+32
     -2.42  3.04e+32
     -3.22  4.07e+32
     -4.01  6.02e+31
     -4.81 -8.63e+31
      -5.6  1.25e+32
      -6.4  -4.1e+32
     -7.19 -4.51e+31
     -7.99  2.77e+32
     -8.78 -1.62e+32
     -9.58  5.76e+31
     -10.4 -1.03e+31
     -11.2  3.93e+31
       -12  1.83e+31
     -12.8  3.88e+31
     -13.6 -5.73e+31
     -14.3 -4.07e+31
     -15.1  8.83e+31
     -15.9 -3.49e+31
     -16.7 -8.63e+30
     -17.5 -2.55e+30
     -18.3  3.41e+31
     -19.1 -1.13e+31
     -19.9  1.37e+31
     -20.7 -1.98e+31
     -21.5  7.07e+29
     -22.3  9.49e+30
     -23.1 -3.43e+30
     -23.9 -9.68e+29
     -24.7  3.35e+30
     -25.5 -5.39e+29
     -26.3 -5.83e+29
     -27.1   3.7e+30
     -27.9 -1.01e+30
     -28.7  2.96e+29
     -29.5 -1.09e+28
     -30.2 -2.22e+27
       -31  8.71e+26
     -31.8    -3e+26
     -32.6  9.02e+25
     -33.4 -7.04e+22
     -34.2  2.12e+27
       -35  -3.7e+24
     -35.8  3.76e+23
     -36.6 -1.34e+23
     -37.4 -1.49e+23

pressure[atm]        = 100
temperature[K]           = 2000
energy step[1/cm]        = 278
maximum energy[kcal/mol] = 226

bimolecular PEDs:
   E, kcal    P1->P2
       226  2.15e+40
       226  2.35e+40
       225  2.57e+40
       224  2.81e+40
       223  3.06e+40
       223  3.35e+40
       222  3.65e+40
       221  3.98e+40
       220  4.34e+40
       219  4.73e+40
       219  5.15e+40
       218  5.61e+40
       217  6.11e+40
       216  6.64e+40
       215  7.23e+40
       215  7.86e+40
       214  8.54e+40
       213  9.28e+40
       212  1.01e+41
       211  1.09e+41
       211  1.19e+41
       210  1.29e+41
       209   1.4e+41
       208  1.52e+41
       207  1.64e+41
       207  1.78e+41
       206  1.93e+41
       205  2.09e+41
       204  2.26e+41
       203  2.44e+41
       203  2.64e+41
       202  2.86e+41
       201  3.09e+41
       200  3.33e+41
       199   3.6e+41
       199  3.89e+41
       198  4.19e+41
       197  4.52e+41
       196  4.88e+41
       195  5.25e+41
       195  5.66e+41
       194  6.09e+41
       193  6.56e+41
       192  7.06e+41
       192  7.59e+41
       191  8.16e+41
       190  8.77e+41
       189  9.42e+41
       188  1.01e+42
       188  1.09e+42
       187  1.16e+42
       186  1.25e+42
       185  1.34e+42
       184  1.43e+42
       184  1.54e+42
       183  1.64e+42
       182  1.76e+42
       181  1.88e+42
       180  2.01e+42
       180  2.15e+42
       179  2.29e+42
       178  2.45e+42
       177  2.61e+42
       176  2.79e+42
       176  2.97e+42
       175  3.16e+42
       174  3.37e+42
       173  3.59e+42
       172  3.82e+42
       172  4.06e+42
       171  4.31e+42
       170  4.58e+42
       169  4.86e+42
       168  5.16e+42
       168  5.48e+42
       167  5.81e+42
       166  6.15e+42
       165  6.52e+42
       164   6.9e+42
       164   7.3e+42
       163  7.71e+42
       162  8.15e+42
       161  8.61e+42
       161  9.09e+42
       160  9.59e+42
       159  1.01e+43
       158  1.07e+43
       157  1.12e+43
       157  1.18e+43
       156  1.24e+43
       155  1.31e+43
       154  1.37e+43
       153  1.44e+43
       153  1.51e+43
       152  1.59e+43
       151  1.67e+43
       150  1.75e+43
       149  1.83e+43
       149  1.91e+43
       148     2e+43
       147  2.09e+43
       146  2.18e+43
       145  2.28e+43
       145  2.38e+43
       144  2.48e+43
       143  2.58e+43
       142  2.69e+43
       141   2.8e+43
       141  2.91e+43
       140  3.02e+43
       139  3.14e+43
       138  3.25e+43
       137  3.37e+43
       137   3.5e+43
       136  3.62e+43
       135  3.75e+43
       134  3.87e+43
       133     4e+43
       133  4.13e+43
       132  4.26e+43
       131  4.39e+43
       130  4.52e+43
       130  4.65e+43
       129  4.79e+43
       128  4.92e+43
       127  5.05e+43
       126  5.18e+43
       126  5.31e+43
       125  5.44e+43
       124  5.57e+43
       123   5.7e+43
       122  5.82e+43
       122  5.94e+43
       121  6.06e+43
       120  6.18e+43
       119  6.29e+43
       118   6.4e+43
       118   6.5e+43
       117  6.61e+43
       116   6.7e+43
       115  6.79e+43
       114  6.88e+43
       114  6.96e+43
       113  7.04e+43
       112  7.11e+43
       111  7.17e+43
       110  7.22e+43
       110  7.27e+43
       109  7.32e+43
       108  7.35e+43
       107  7.38e+43
       106   7.4e+43
       106  7.41e+43
       105  7.42e+43
       104  7.42e+43
       103   7.4e+43
       102  7.38e+43
       102  7.36e+43
       101  7.32e+43
       100  7.28e+43
      99.3  7.22e+43
      98.5  7.16e+43
      97.7   7.1e+43
      96.9  7.02e+43
      96.1  6.94e+43
      95.3  6.85e+43
      94.6  6.75e+43
      93.8  6.64e+43
        93  6.53e+43
      92.2  6.41e+43
      91.4  6.29e+43
      90.6  6.15e+43
      89.8  6.02e+43
        89  5.88e+43
      88.2  5.73e+43
      87.4  5.58e+43
      86.6  5.42e+43
      85.8  5.26e+43
        85   5.1e+43
      84.2  4.94e+43
      83.4  4.77e+43
      82.6  4.61e+43
      81.8  4.44e+43
        81  4.27e+43
      80.2   4.1e+43
      79.4  3.93e+43
      78.7  3.76e+43
      77.9   3.6e+43
      77.1  3.43e+43
      76.3  3.27e+43
      75.5  3.11e+43
      74.7  2.95e+43
      73.9  2.79e+43
      73.1  2.64e+43
      72.3  2.49e+43
      71.5  2.35e+43
      70.7  2.21e+43
      69.9  2.07e+43
      69.1  1.94e+43
      68.3  1.81e+43
      67.5  1.69e+43
      66.7  1.57e+43
      65.9  1.46e+43
      65.1  1.35e+43
      64.3  1.25e+43
      63.5  1.15e+43
      62.8  1.06e+43
        62  9.73e+42
      61.2   8.9e+42
      60.4  8.13e+42
      59.6  7.41e+42
      58.8  6.73e+42
        58   6.1e+42
      57.2  5.52e+42
      56.4  4.97e+42
      55.6  4.47e+42
      54.8  4.01e+42
        54  3.58e+42
      53.2  3.19e+42
      52.4  2.83e+42
      51.6  2.51e+42
      50.8  2.21e+42
        50  1.95e+42
      49.2  1.71e+42
      48.4  1.49e+42
      47.7   1.3e+42
      46.9  1.13e+42
      46.1  9.74e+41
      45.3  8.39e+41
      44.5  7.19e+41
      43.7  6.14e+41
      42.9  5.23e+41
      42.1  4.43e+41
      41.3  3.73e+41
      40.5  3.13e+41
      39.7  2.62e+41
      38.9  2.18e+41
      38.1   1.8e+41
      37.3  1.48e+41
      36.5  1.22e+41
      35.7   9.9e+40
      34.9  8.02e+40
      34.1  6.46e+40
      33.3  5.17e+40
      32.5  4.12e+40
      31.8  3.25e+40
        31  2.56e+40
      30.2  1.99e+40
      29.4  1.54e+40
      28.6  1.19e+40
      27.8  9.03e+39
        27  6.82e+39
      26.2   5.1e+39
      25.4  3.79e+39
      24.6  2.78e+39
      23.8  2.03e+39
        23  1.46e+39
      22.2  1.04e+39
      21.4  7.33e+38
      20.6   5.1e+38
      19.8   3.5e+38
        19  2.38e+38
      18.2  1.59e+38
      17.4  1.05e+38
      16.7  6.79e+37
      15.9  4.33e+37
      15.1  2.72e+37
      14.3  1.67e+37
      13.5  1.01e+37
      12.7  5.99e+36
      11.9  3.48e+36
      11.1  1.99e+36
      10.3  1.12e+36
       9.5  6.23e+35
       8.7  3.46e+35
      7.91  1.93e+35
      7.11  1.09e+35
      6.32  6.39e+34
      5.52  3.97e+34
      4.73  2.63e+34
      3.93  1.76e+34
      3.14  1.02e+34
      2.34  7.32e+33
      1.55  6.03e+33
     0.755  3.61e+33
   -0.0403  2.79e+33
    -0.835  4.22e+32
     -1.63  7.59e+31
     -2.42  5.04e+32
     -3.22  4.91e+32
     -4.01  4.16e+32
     -4.81  4.03e+32
      -5.6 -2.04e+32
      -6.4 -3.07e+32
     -7.19 -5.07e+32
     -7.99 -1.04e+32
     -8.78 -7.67e+31
     -9.58 -2.43e+32
     -10.4 -3.44e+31
     -11.2    -2e+30
       -12 -5.38e+31
     -12.8  9.53e+30
     -13.6  9.43e+31
     -14.3  4.05e+31
     -15.1 -4.83e+31
     -15.9 -4.38e+31
     -16.7  5.98e+31
     -17.5  6.07e+31
     -18.3 -1.35e+30
     -19.1 -1.27e+31
     -19.9  6.09e+30
     -20.7  -2.2e+31
     -21.5  1.58e+31
     -22.3  1.71e+30
     -23.1  -2.2e+29
     -23.9 -7.12e+30
     -24.7  4.81e+30
     -25.5 -3.87e+30
     -26.3 -7.75e+28
     -27.1  1.94e+29
     -27.9 -3.76e+29
     -28.7  2.48e+28
     -29.5  1.21e+28
     -30.2 -3.24e+28
       -31  1.93e+28
     -31.8 -6.41e+27
     -32.6  1.19e+27
     -33.4 -9.38e+25
     -34.2 -2.81e+27
       -35  4.39e+24
     -35.8 -1.05e+24
     -36.6  2.67e+23
     -37.4  1.69e+24

pressure[atm]        = 0.01
temperature[K]           = 2100
energy step[1/cm]        = 292
maximum energy[kcal/mol] = 241

bimolecular PEDs:
   E, kcal    P1->P2
       241  1.49e+41
       240  1.63e+41
       239  1.78e+41
       238  1.94e+41
       237  2.12e+41
       236  2.31e+41
       236  2.52e+41
       235  2.74e+41
       234  2.99e+41
       233  3.26e+41
       232  3.55e+41
       231  3.86e+41
       231  4.21e+41
       230  4.58e+41
       229  4.98e+41
       228  5.41e+41
       227  5.88e+41
       226  6.39e+41
       226  6.94e+41
       225  7.54e+41
       224  8.18e+41
       223  8.88e+41
       222  9.63e+41
       221  1.04e+42
       221  1.13e+42
       220  1.23e+42
       219  1.33e+42
       218  1.44e+42
       217  1.56e+42
       216  1.68e+42
       216  1.82e+42
       215  1.97e+42
       214  2.13e+42
       213   2.3e+42
       212  2.48e+42
       211  2.68e+42
       211  2.89e+42
       210  3.11e+42
       209  3.36e+42
       208  3.62e+42
       207   3.9e+42
       206   4.2e+42
       206  4.52e+42
       205  4.86e+42
       204  5.23e+42
       203  5.62e+42
       202  6.04e+42
       201  6.49e+42
       201  6.97e+42
       200  7.48e+42
       199  8.02e+42
       198   8.6e+42
       197  9.22e+42
       196  9.88e+42
       195  1.06e+43
       195  1.13e+43
       194  1.21e+43
       193   1.3e+43
       192  1.39e+43
       191  1.48e+43
       190  1.58e+43
       190  1.69e+43
       189   1.8e+43
       188  1.92e+43
       187  2.05e+43
       186  2.18e+43
       185  2.32e+43
       185  2.47e+43
       184  2.63e+43
       183   2.8e+43
       182  2.97e+43
       181  3.16e+43
       180  3.36e+43
       180  3.56e+43
       179  3.78e+43
       178  4.01e+43
       177  4.25e+43
       176   4.5e+43
       175  4.76e+43
       175  5.04e+43
       174  5.33e+43
       173  5.63e+43
       172  5.95e+43
       171  6.28e+43
       170  6.62e+43
       170  6.99e+43
       169  7.36e+43
       168  7.76e+43
       167  8.17e+43
       166   8.6e+43
       165  9.04e+43
       165   9.5e+43
       164  9.98e+43
       163  1.05e+44
       162   1.1e+44
       161  1.15e+44
       160  1.21e+44
       160  1.26e+44
       159  1.32e+44
       158  1.38e+44
       157  1.45e+44
       156  1.51e+44
       155  1.58e+44
       155  1.65e+44
       154  1.72e+44
       153  1.79e+44
       152  1.86e+44
       151  1.94e+44
       150  2.02e+44
       150   2.1e+44
       149  2.18e+44
       148  2.26e+44
       147  2.34e+44
       146  2.43e+44
       145  2.51e+44
       145   2.6e+44
       144  2.69e+44
       143  2.78e+44
       142  2.87e+44
       141  2.96e+44
       140  3.06e+44
       140  3.15e+44
       139  3.24e+44
       138  3.33e+44
       137  3.43e+44
       136  3.52e+44
       135  3.61e+44
       135  3.71e+44
       134   3.8e+44
       133  3.89e+44
       132  3.98e+44
       131  4.07e+44
       130  4.15e+44
       130  4.24e+44
       129  4.32e+44
       128   4.4e+44
       127  4.48e+44
       126  4.56e+44
       125  4.63e+44
       125   4.7e+44
       124  4.77e+44
       123  4.83e+44
       122  4.89e+44
       121  4.95e+44
       120     5e+44
       120  5.04e+44
       119  5.09e+44
       118  5.13e+44
       117  5.16e+44
       116  5.19e+44
       115  5.21e+44
       115  5.23e+44
       114  5.24e+44
       113  5.25e+44
       112  5.25e+44
       111  5.24e+44
       110  5.23e+44
       110  5.22e+44
       109   5.2e+44
       108  5.17e+44
       107  5.14e+44
       106   5.1e+44
       105  5.06e+44
       105  5.01e+44
       104  4.95e+44
       103  4.89e+44
       102  4.83e+44
       101  4.76e+44
       100  4.68e+44
      99.5   4.6e+44
      98.7  4.52e+44
      97.8  4.43e+44
        97  4.33e+44
      96.2  4.24e+44
      95.3  4.14e+44
      94.5  4.03e+44
      93.7  3.93e+44
      92.8  3.82e+44
        92  3.71e+44
      91.2  3.59e+44
      90.3  3.48e+44
      89.5  3.36e+44
      88.7  3.24e+44
      87.8  3.13e+44
        87  3.01e+44
      86.2  2.89e+44
      85.3  2.77e+44
      84.5  2.65e+44
      83.7  2.53e+44
      82.8  2.42e+44
        82   2.3e+44
      81.2  2.19e+44
      80.3  2.08e+44
      79.5  1.97e+44
      78.7  1.86e+44
      77.8  1.76e+44
        77  1.65e+44
      76.1  1.56e+44
      75.3  1.46e+44
      74.5  1.37e+44
      73.6  1.28e+44
      72.8  1.19e+44
        72  1.11e+44
      71.1  1.03e+44
      70.3  9.56e+43
      69.5  8.84e+43
      68.6  8.16e+43
      67.8  7.51e+43
        67   6.9e+43
      66.1  6.32e+43
      65.3  5.78e+43
      64.5  5.27e+43
      63.6  4.79e+43
      62.8  4.34e+43
        62  3.93e+43
      61.1  3.55e+43
      60.3  3.19e+43
      59.5  2.86e+43
      58.6  2.56e+43
      57.8  2.29e+43
        57  2.03e+43
      56.1   1.8e+43
      55.3   1.6e+43
      54.4  1.41e+43
      53.6  1.24e+43
      52.8  1.08e+43
      51.9  9.43e+42
      51.1   8.2e+42
      50.3  7.11e+42
      49.4  6.13e+42
      48.6  5.27e+42
      47.8  4.52e+42
      46.9  3.85e+42
      46.1  3.27e+42
      45.3  2.77e+42
      44.4  2.33e+42
      43.6  1.96e+42
      42.8  1.63e+42
      41.9  1.36e+42
      41.1  1.12e+42
      40.3  9.22e+41
      39.4  7.55e+41
      38.6  6.15e+41
      37.8  4.97e+41
      36.9     4e+41
      36.1   3.2e+41
      35.3  2.55e+41
      34.4  2.01e+41
      33.6  1.58e+41
      32.7  1.23e+41
      31.9  9.55e+40
      31.1  7.34e+40
      30.2   5.6e+40
      29.4  4.24e+40
      28.6  3.18e+40
      27.7  2.36e+40
      26.9  1.74e+40
      26.1  1.27e+40
      25.2  9.14e+39
      24.4  6.52e+39
      23.6  4.61e+39
      22.7  3.21e+39
      21.9  2.21e+39
      21.1   1.5e+39
      20.2  1.01e+39
      19.4  6.66e+38
      18.6  4.33e+38
      17.7  2.76e+38
      16.9  1.73e+38
      16.1  1.07e+38
      15.2  6.41e+37
      14.4  3.77e+37
      13.5  2.16e+37
      12.7   1.2e+37
      11.9  6.45e+36
        11  3.36e+36
      10.2   1.7e+36
      9.38  8.08e+35
      8.54  3.65e+35
      7.71  1.56e+35
      6.87  6.34e+34
      6.04  1.86e+34
       5.2  3.17e+33
      4.37  4.53e+33
      3.53  4.24e+33
       2.7  6.69e+33
      1.87  5.83e+33
      1.03  3.77e+33
     0.196 -1.86e+33
    -0.639  5.58e+32
     -1.47 -1.29e+33
     -2.31 -6.22e+32
     -3.14  5.38e+32
     -3.98  1.33e+33
     -4.81  1.58e+33
     -5.65 -1.85e+33
     -6.48 -1.96e+33
     -7.32 -1.05e+33
     -8.15 -6.51e+32
     -8.98  2.06e+32
     -9.82 -9.39e+31
     -10.7  4.65e+32
     -11.5 -1.78e+32
     -12.3 -3.63e+31
     -13.2  9.34e+30
       -14  3.64e+31
     -14.8   5.9e+31
     -15.7 -7.51e+31
     -16.5 -5.54e+31
     -17.3  6.14e+31
     -18.2 -2.11e+31
       -19  7.28e+31
     -19.8 -7.94e+31
     -20.7  2.05e+31
     -21.5 -6.84e+31
     -22.3  1.12e+31
     -23.2 -2.58e+30
       -24  5.63e+30
     -24.8 -6.36e+30
     -25.7  1.63e+30
     -26.5 -2.01e+29
     -27.3  1.44e+29
     -28.2 -4.84e+28
       -29 -1.19e+28
     -29.9  -3.7e+28
     -30.7  3.44e+28
     -31.5 -1.12e+28
     -32.4 -2.39e+28
     -33.2 -6.06e+25
       -34  6.03e+24
     -34.9 -2.13e+23
     -35.7 -2.28e+24
     -36.5  2.53e+24
     -37.4 -3.38e+22

pressure[atm]        = 0.1
temperature[K]           = 2100
energy step[1/cm]        = 292
maximum energy[kcal/mol] = 241

bimolecular PEDs:
   E, kcal    P1->P2
       241  1.49e+41
       240  1.63e+41
       239  1.78e+41
       238  1.94e+41
       237  2.12e+41
       236  2.31e+41
       236  2.52e+41
       235  2.74e+41
       234  2.99e+41
       233  3.26e+41
       232  3.55e+41
       231  3.86e+41
       231  4.21e+41
       230  4.58e+41
       229  4.98e+41
       228  5.41e+41
       227  5.88e+41
       226  6.39e+41
       226  6.94e+41
       225  7.54e+41
       224  8.18e+41
       223  8.88e+41
       222  9.63e+41
       221  1.04e+42
       221  1.13e+42
       220  1.23e+42
       219  1.33e+42
       218  1.44e+42
       217  1.56e+42
       216  1.68e+42
       216  1.82e+42
       215  1.97e+42
       214  2.13e+42
       213   2.3e+42
       212  2.48e+42
       211  2.68e+42
       211  2.89e+42
       210  3.11e+42
       209  3.36e+42
       208  3.62e+42
       207   3.9e+42
       206   4.2e+42
       206  4.52e+42
       205  4.86e+42
       204  5.23e+42
       203  5.62e+42
       202  6.04e+42
       201  6.49e+42
       201  6.97e+42
       200  7.48e+42
       199  8.02e+42
       198   8.6e+42
       197  9.22e+42
       196  9.88e+42
       195  1.06e+43
       195  1.13e+43
       194  1.21e+43
       193   1.3e+43
       192  1.39e+43
       191  1.48e+43
       190  1.58e+43
       190  1.69e+43
       189   1.8e+43
       188  1.92e+43
       187  2.05e+43
       186  2.18e+43
       185  2.32e+43
       185  2.47e+43
       184  2.63e+43
       183   2.8e+43
       182  2.97e+43
       181  3.16e+43
       180  3.36e+43
       180  3.56e+43
       179  3.78e+43
       178  4.01e+43
       177  4.25e+43
       176   4.5e+43
       175  4.76e+43
       175  5.04e+43
       174  5.33e+43
       173  5.63e+43
       172  5.95e+43
       171  6.28e+43
       170  6.62e+43
       170  6.99e+43
       169  7.36e+43
       168  7.76e+43
       167  8.17e+43
       166  8.59e+43
       165  9.04e+43
       165   9.5e+43
       164  9.98e+43
       163  1.05e+44
       162   1.1e+44
       161  1.15e+44
       160  1.21e+44
       160  1.26e+44
       159  1.32e+44
       158  1.38e+44
       157  1.45e+44
       156  1.51e+44
       155  1.58e+44
       155  1.65e+44
       154  1.72e+44
       153  1.79e+44
       152  1.86e+44
       151  1.94e+44
       150  2.02e+44
       150   2.1e+44
       149  2.18e+44
       148  2.26e+44
       147  2.34e+44
       146  2.43e+44
       145  2.51e+44
       145   2.6e+44
       144  2.69e+44
       143  2.78e+44
       142  2.87e+44
       141  2.96e+44
       140  3.06e+44
       140  3.15e+44
       139  3.24e+44
       138  3.33e+44
       137  3.43e+44
       136  3.52e+44
       135  3.61e+44
       135  3.71e+44
       134   3.8e+44
       133  3.89e+44
       132  3.98e+44
       131  4.07e+44
       130  4.15e+44
       130  4.24e+44
       129  4.32e+44
       128   4.4e+44
       127  4.48e+44
       126  4.56e+44
       125  4.63e+44
       125   4.7e+44
       124  4.77e+44
       123  4.83e+44
       122  4.89e+44
       121  4.95e+44
       120     5e+44
       120  5.04e+44
       119  5.09e+44
       118  5.13e+44
       117  5.16e+44
       116  5.19e+44
       115  5.21e+44
       115  5.23e+44
       114  5.24e+44
       113  5.25e+44
       112  5.25e+44
       111  5.24e+44
       110  5.23e+44
       110  5.22e+44
       109   5.2e+44
       108  5.17e+44
       107  5.14e+44
       106   5.1e+44
       105  5.06e+44
       105  5.01e+44
       104  4.95e+44
       103  4.89e+44
       102  4.83e+44
       101  4.76e+44
       100  4.68e+44
      99.5   4.6e+44
      98.7  4.52e+44
      97.8  4.43e+44
        97  4.33e+44
      96.2  4.24e+44
      95.3  4.14e+44
      94.5  4.03e+44
      93.7  3.93e+44
      92.8  3.82e+44
        92  3.71e+44
      91.2  3.59e+44
      90.3  3.48e+44
      89.5  3.36e+44
      88.7  3.24e+44
      87.8  3.13e+44
        87  3.01e+44
      86.2  2.89e+44
      85.3  2.77e+44
      84.5  2.65e+44
      83.7  2.53e+44
      82.8  2.42e+44
        82   2.3e+44
      81.2  2.19e+44
      80.3  2.08e+44
      79.5  1.97e+44
      78.7  1.86e+44
      77.8  1.76e+44
        77  1.65e+44
      76.1  1.56e+44
      75.3  1.46e+44
      74.5  1.37e+44
      73.6  1.28e+44
      72.8  1.19e+44
        72  1.11e+44
      71.1  1.03e+44
      70.3  9.56e+43
      69.5  8.84e+43
      68.6  8.16e+43
      67.8  7.51e+43
        67   6.9e+43
      66.1  6.32e+43
      65.3  5.78e+43
      64.5  5.27e+43
      63.6  4.79e+43
      62.8  4.34e+43
        62  3.93e+43
      61.1  3.55e+43
      60.3  3.19e+43
      59.5  2.86e+43
      58.6  2.56e+43
      57.8  2.29e+43
        57  2.03e+43
      56.1   1.8e+43
      55.3   1.6e+43
      54.4  1.41e+43
      53.6  1.24e+43
      52.8  1.08e+43
      51.9  9.43e+42
      51.1   8.2e+42
      50.3  7.11e+42
      49.4  6.13e+42
      48.6  5.27e+42
      47.8  4.52e+42
      46.9  3.85e+42
      46.1  3.27e+42
      45.3  2.77e+42
      44.4  2.33e+42
      43.6  1.96e+42
      42.8  1.63e+42
      41.9  1.36e+42
      41.1  1.12e+42
      40.3  9.22e+41
      39.4  7.55e+41
      38.6  6.15e+41
      37.8  4.97e+41
      36.9     4e+41
      36.1   3.2e+41
      35.3  2.55e+41
      34.4  2.01e+41
      33.6  1.58e+41
      32.7  1.23e+41
      31.9  9.55e+40
      31.1  7.34e+40
      30.2   5.6e+40
      29.4  4.24e+40
      28.6  3.18e+40
      27.7  2.36e+40
      26.9  1.74e+40
      26.1  1.27e+40
      25.2  9.14e+39
      24.4  6.52e+39
      23.6  4.61e+39
      22.7  3.21e+39
      21.9  2.21e+39
      21.1   1.5e+39
      20.2  1.01e+39
      19.4  6.66e+38
      18.6  4.33e+38
      17.7  2.76e+38
      16.9  1.73e+38
      16.1  1.07e+38
      15.2  6.41e+37
      14.4  3.77e+37
      13.5  2.16e+37
      12.7   1.2e+37
      11.9  6.46e+36
        11  3.37e+36
      10.2  1.68e+36
      9.38  8.08e+35
      8.54  3.63e+35
      7.71  1.59e+35
      6.87  6.59e+34
      6.04  2.31e+34
       5.2  1.23e+34
      4.37  3.32e+33
      3.53  9.77e+32
       2.7 -3.86e+32
      1.87 -8.48e+31
      1.03  1.71e+33
     0.196  1.73e+32
    -0.639 -5.64e+32
     -1.47  1.57e+33
     -2.31  1.11e+33
     -3.14  7.18e+32
     -3.98 -5.05e+32
     -4.81 -7.43e+32
     -5.65  9.93e+32
     -6.48  1.67e+33
     -7.32  1.06e+33
     -8.15  2.56e+32
     -8.98 -5.46e+31
     -9.82 -5.44e+32
     -10.7  2.77e+32
     -11.5  4.45e+32
     -12.3 -7.37e+30
     -13.2 -3.44e+31
       -14  5.61e+31
     -14.8 -4.76e+31
     -15.7 -4.11e+31
     -16.5  5.08e+31
     -17.3 -1.29e+32
     -18.2  7.77e+31
       -19 -1.39e+30
     -19.8  2.17e+30
     -20.7 -3.09e+31
     -21.5  3.24e+31
     -22.3 -3.79e+30
     -23.2 -7.04e+30
       -24  2.85e+30
     -24.8 -7.88e+30
     -25.7  2.39e+30
     -26.5 -3.23e+29
     -27.3 -2.89e+28
     -28.2 -2.14e+28
       -29 -1.83e+28
     -29.9 -2.99e+28
     -30.7  1.43e+28
     -31.5 -3.26e+27
     -32.4  3.55e+26
     -33.2 -1.88e+27
       -34 -6.86e+23
     -34.9  1.76e+24
     -35.7  3.29e+24
     -36.5  2.14e+25
     -37.4 -1.97e+24

pressure[atm]        = 1
temperature[K]           = 2100
energy step[1/cm]        = 292
maximum energy[kcal/mol] = 241

bimolecular PEDs:
   E, kcal    P1->P2
       241  1.49e+41
       240  1.63e+41
       239  1.78e+41
       238  1.94e+41
       237  2.12e+41
       236  2.31e+41
       236  2.52e+41
       235  2.74e+41
       234  2.99e+41
       233  3.26e+41
       232  3.55e+41
       231  3.86e+41
       231  4.21e+41
       230  4.58e+41
       229  4.98e+41
       228  5.41e+41
       227  5.88e+41
       226  6.39e+41
       226  6.94e+41
       225  7.54e+41
       224  8.18e+41
       223  8.88e+41
       222  9.63e+41
       221  1.04e+42
       221  1.13e+42
       220  1.23e+42
       219  1.33e+42
       218  1.44e+42
       217  1.56e+42
       216  1.68e+42
       216  1.82e+42
       215  1.97e+42
       214  2.13e+42
       213   2.3e+42
       212  2.48e+42
       211  2.68e+42
       211  2.89e+42
       210  3.11e+42
       209  3.36e+42
       208  3.62e+42
       207   3.9e+42
       206   4.2e+42
       206  4.52e+42
       205  4.86e+42
       204  5.23e+42
       203  5.62e+42
       202  6.04e+42
       201  6.49e+42
       201  6.97e+42
       200  7.48e+42
       199  8.02e+42
       198   8.6e+42
       197  9.22e+42
       196  9.88e+42
       195  1.06e+43
       195  1.13e+43
       194  1.21e+43
       193   1.3e+43
       192  1.39e+43
       191  1.48e+43
       190  1.58e+43
       190  1.69e+43
       189   1.8e+43
       188  1.92e+43
       187  2.05e+43
       186  2.18e+43
       185  2.32e+43
       185  2.47e+43
       184  2.63e+43
       183   2.8e+43
       182  2.97e+43
       181  3.16e+43
       180  3.36e+43
       180  3.56e+43
       179  3.78e+43
       178  4.01e+43
       177  4.25e+43
       176   4.5e+43
       175  4.76e+43
       175  5.04e+43
       174  5.33e+43
       173  5.63e+43
       172  5.95e+43
       171  6.28e+43
       170  6.62e+43
       170  6.99e+43
       169  7.36e+43
       168  7.76e+43
       167  8.17e+43
       166  8.59e+43
       165  9.04e+43
       165   9.5e+43
       164  9.98e+43
       163  1.05e+44
       162   1.1e+44
       161  1.15e+44
       160  1.21e+44
       160  1.26e+44
       159  1.32e+44
       158  1.38e+44
       157  1.45e+44
       156  1.51e+44
       155  1.58e+44
       155  1.65e+44
       154  1.72e+44
       153  1.79e+44
       152  1.86e+44
       151  1.94e+44
       150  2.02e+44
       150   2.1e+44
       149  2.18e+44
       148  2.26e+44
       147  2.34e+44
       146  2.43e+44
       145  2.51e+44
       145   2.6e+44
       144  2.69e+44
       143  2.78e+44
       142  2.87e+44
       141  2.96e+44
       140  3.06e+44
       140  3.15e+44
       139  3.24e+44
       138  3.33e+44
       137  3.43e+44
       136  3.52e+44
       135  3.61e+44
       135  3.71e+44
       134   3.8e+44
       133  3.89e+44
       132  3.98e+44
       131  4.07e+44
       130  4.15e+44
       130  4.24e+44
       129  4.32e+44
       128   4.4e+44
       127  4.48e+44
       126  4.56e+44
       125  4.63e+44
       125   4.7e+44
       124  4.77e+44
       123  4.83e+44
       122  4.89e+44
       121  4.95e+44
       120     5e+44
       120  5.04e+44
       119  5.09e+44
       118  5.13e+44
       117  5.16e+44
       116  5.19e+44
       115  5.21e+44
       115  5.23e+44
       114  5.24e+44
       113  5.25e+44
       112  5.25e+44
       111  5.24e+44
       110  5.23e+44
       110  5.22e+44
       109   5.2e+44
       108  5.17e+44
       107  5.14e+44
       106   5.1e+44
       105  5.06e+44
       105  5.01e+44
       104  4.95e+44
       103  4.89e+44
       102  4.83e+44
       101  4.76e+44
       100  4.68e+44
      99.5   4.6e+44
      98.7  4.52e+44
      97.8  4.43e+44
        97  4.33e+44
      96.2  4.24e+44
      95.3  4.14e+44
      94.5  4.03e+44
      93.7  3.93e+44
      92.8  3.82e+44
        92  3.71e+44
      91.2  3.59e+44
      90.3  3.48e+44
      89.5  3.36e+44
      88.7  3.24e+44
      87.8  3.13e+44
        87  3.01e+44
      86.2  2.89e+44
      85.3  2.77e+44
      84.5  2.65e+44
      83.7  2.53e+44
      82.8  2.42e+44
        82   2.3e+44
      81.2  2.19e+44
      80.3  2.08e+44
      79.5  1.97e+44
      78.7  1.86e+44
      77.8  1.76e+44
        77  1.65e+44
      76.1  1.56e+44
      75.3  1.46e+44
      74.5  1.37e+44
      73.6  1.28e+44
      72.8  1.19e+44
        72  1.11e+44
      71.1  1.03e+44
      70.3  9.56e+43
      69.5  8.84e+43
      68.6  8.16e+43
      67.8  7.51e+43
        67   6.9e+43
      66.1  6.32e+43
      65.3  5.78e+43
      64.5  5.27e+43
      63.6  4.79e+43
      62.8  4.35e+43
        62  3.93e+43
      61.1  3.55e+43
      60.3  3.19e+43
      59.5  2.86e+43
      58.6  2.56e+43
      57.8  2.29e+43
        57  2.03e+43
      56.1   1.8e+43
      55.3   1.6e+43
      54.4  1.41e+43
      53.6  1.24e+43
      52.8  1.08e+43
      51.9  9.44e+42
      51.1   8.2e+42
      50.3  7.11e+42
      49.4  6.13e+42
      48.6  5.27e+42
      47.8  4.52e+42
      46.9  3.85e+42
      46.1  3.27e+42
      45.3  2.77e+42
      44.4  2.33e+42
      43.6  1.96e+42
      42.8  1.63e+42
      41.9  1.36e+42
      41.1  1.12e+42
      40.3  9.22e+41
      39.4  7.55e+41
      38.6  6.15e+41
      37.8  4.98e+41
      36.9     4e+41
      36.1   3.2e+41
      35.3  2.55e+41
      34.4  2.01e+41
      33.6  1.58e+41
      32.7  1.23e+41
      31.9  9.55e+40
      31.1  7.34e+40
      30.2   5.6e+40
      29.4  4.24e+40
      28.6  3.18e+40
      27.7  2.36e+40
      26.9  1.74e+40
      26.1  1.27e+40
      25.2  9.14e+39
      24.4  6.53e+39
      23.6  4.61e+39
      22.7  3.21e+39
      21.9  2.21e+39
      21.1  1.51e+39
      20.2  1.01e+39
      19.4  6.66e+38
      18.6  4.33e+38
      17.7  2.77e+38
      16.9  1.73e+38
      16.1  1.07e+38
      15.2  6.42e+37
      14.4  3.77e+37
      13.5  2.16e+37
      12.7   1.2e+37
      11.9  6.49e+36
        11  3.38e+36
      10.2   1.7e+36
      9.38   8.2e+35
      8.54  3.65e+35
      7.71  1.58e+35
      6.87  6.94e+34
      6.04  2.68e+34
       5.2  9.82e+33
      4.37 -9.46e+32
      3.53  1.19e+33
       2.7 -1.82e+33
      1.87  1.75e+33
      1.03  1.18e+33
     0.196 -4.29e+32
    -0.639  9.53e+32
     -1.47  1.07e+33
     -2.31  -1.2e+33
     -3.14 -1.02e+33
     -3.98 -1.23e+33
     -4.81  2.89e+32
     -5.65  1.19e+32
     -6.48  1.08e+33
     -7.32  5.24e+32
     -8.15  8.19e+32
     -8.98 -5.78e+32
     -9.82  5.71e+32
     -10.7  9.58e+31
     -11.5 -1.97e+32
     -12.3    -8e+30
     -13.2  8.58e+30
       -14 -6.71e+31
     -14.8 -1.16e+32
     -15.7 -6.49e+31
     -16.5 -2.44e+31
     -17.3 -1.47e+32
     -18.2  4.03e+31
       -19 -2.74e+31
     -19.8  -4.2e+30
     -20.7  1.87e+31
     -21.5 -1.22e+31
     -22.3  1.46e+31
     -23.2  3.39e+30
       -24 -3.23e+30
     -24.8  1.66e+31
     -25.7 -1.03e+30
     -26.5  5.75e+29
     -27.3  2.27e+29
     -28.2 -4.27e+28
       -29  8.16e+28
     -29.9 -1.28e+28
     -30.7 -1.19e+27
     -31.5  4.23e+26
     -32.4 -1.82e+26
     -33.2 -5.55e+27
       -34  8.36e+24
     -34.9 -1.66e+24
     -35.7 -1.39e+24
     -36.5   1.7e+26
     -37.4 -1.87e+19

pressure[atm]        = 10
temperature[K]           = 2100
energy step[1/cm]        = 292
maximum energy[kcal/mol] = 241

bimolecular PEDs:
   E, kcal    P1->P2
       241  1.49e+41
       240  1.63e+41
       239  1.77e+41
       238  1.94e+41
       237  2.11e+41
       236  2.31e+41
       236  2.52e+41
       235  2.74e+41
       234  2.99e+41
       233  3.26e+41
       232  3.55e+41
       231  3.86e+41
       231   4.2e+41
       230  4.57e+41
       229  4.98e+41
       228  5.41e+41
       227  5.88e+41
       226  6.39e+41
       226  6.94e+41
       225  7.53e+41
       224  8.18e+41
       223  8.87e+41
       222  9.62e+41
       221  1.04e+42
       221  1.13e+42
       220  1.23e+42
       219  1.33e+42
       218  1.44e+42
       217  1.55e+42
       216  1.68e+42
       216  1.82e+42
       215  1.97e+42
       214  2.13e+42
       213   2.3e+42
       212  2.48e+42
       211  2.68e+42
       211  2.89e+42
       210  3.11e+42
       209  3.36e+42
       208  3.62e+42
       207   3.9e+42
       206   4.2e+42
       206  4.52e+42
       205  4.86e+42
       204  5.23e+42
       203  5.62e+42
       202  6.04e+42
       201  6.49e+42
       201  6.96e+42
       200  7.47e+42
       199  8.02e+42
       198   8.6e+42
       197  9.22e+42
       196  9.87e+42
       195  1.06e+43
       195  1.13e+43
       194  1.21e+43
       193   1.3e+43
       192  1.38e+43
       191  1.48e+43
       190  1.58e+43
       190  1.69e+43
       189   1.8e+43
       188  1.92e+43
       187  2.05e+43
       186  2.18e+43
       185  2.32e+43
       185  2.47e+43
       184  2.63e+43
       183   2.8e+43
       182  2.97e+43
       181  3.16e+43
       180  3.35e+43
       180  3.56e+43
       179  3.78e+43
       178  4.01e+43
       177  4.24e+43
       176   4.5e+43
       175  4.76e+43
       175  5.04e+43
       174  5.32e+43
       173  5.63e+43
       172  5.95e+43
       171  6.28e+43
       170  6.62e+43
       170  6.99e+43
       169  7.36e+43
       168  7.76e+43
       167  8.17e+43
       166  8.59e+43
       165  9.04e+43
       165   9.5e+43
       164  9.98e+43
       163  1.05e+44
       162   1.1e+44
       161  1.15e+44
       160  1.21e+44
       160  1.26e+44
       159  1.32e+44
       158  1.38e+44
       157  1.45e+44
       156  1.51e+44
       155  1.58e+44
       155  1.65e+44
       154  1.72e+44
       153  1.79e+44
       152  1.86e+44
       151  1.94e+44
       150  2.02e+44
       150   2.1e+44
       149  2.18e+44
       148  2.26e+44
       147  2.34e+44
       146  2.43e+44
       145  2.51e+44
       145   2.6e+44
       144  2.69e+44
       143  2.78e+44
       142  2.87e+44
       141  2.96e+44
       140  3.06e+44
       140  3.15e+44
       139  3.24e+44
       138  3.33e+44
       137  3.43e+44
       136  3.52e+44
       135  3.61e+44
       135  3.71e+44
       134   3.8e+44
       133  3.89e+44
       132  3.98e+44
       131  4.07e+44
       130  4.15e+44
       130  4.24e+44
       129  4.32e+44
       128   4.4e+44
       127  4.48e+44
       126  4.56e+44
       125  4.63e+44
       125   4.7e+44
       124  4.77e+44
       123  4.83e+44
       122  4.89e+44
       121  4.95e+44
       120     5e+44
       120  5.04e+44
       119  5.09e+44
       118  5.12e+44
       117  5.16e+44
       116  5.19e+44
       115  5.21e+44
       115  5.23e+44
       114  5.24e+44
       113  5.25e+44
       112  5.25e+44
       111  5.24e+44
       110  5.23e+44
       110  5.22e+44
       109   5.2e+44
       108  5.17e+44
       107  5.14e+44
       106   5.1e+44
       105  5.06e+44
       105  5.01e+44
       104  4.95e+44
       103  4.89e+44
       102  4.83e+44
       101  4.76e+44
       100  4.68e+44
      99.5   4.6e+44
      98.7  4.52e+44
      97.8  4.43e+44
        97  4.33e+44
      96.2  4.24e+44
      95.3  4.14e+44
      94.5  4.03e+44
      93.7  3.93e+44
      92.8  3.82e+44
        92  3.71e+44
      91.2   3.6e+44
      90.3  3.48e+44
      89.5  3.36e+44
      88.7  3.24e+44
      87.8  3.13e+44
        87  3.01e+44
      86.2  2.89e+44
      85.3  2.77e+44
      84.5  2.65e+44
      83.7  2.53e+44
      82.8  2.42e+44
        82   2.3e+44
      81.2  2.19e+44
      80.3  2.08e+44
      79.5  1.97e+44
      78.7  1.86e+44
      77.8  1.76e+44
        77  1.66e+44
      76.1  1.56e+44
      75.3  1.46e+44
      74.5  1.37e+44
      73.6  1.28e+44
      72.8  1.19e+44
        72  1.11e+44
      71.1  1.03e+44
      70.3  9.56e+43
      69.5  8.84e+43
      68.6  8.16e+43
      67.8  7.51e+43
        67   6.9e+43
      66.1  6.32e+43
      65.3  5.78e+43
      64.5  5.27e+43
      63.6  4.79e+43
      62.8  4.35e+43
        62  3.93e+43
      61.1  3.55e+43
      60.3  3.19e+43
      59.5  2.87e+43
      58.6  2.56e+43
      57.8  2.29e+43
        57  2.04e+43
      56.1  1.81e+43
      55.3   1.6e+43
      54.4  1.41e+43
      53.6  1.24e+43
      52.8  1.08e+43
      51.9  9.44e+42
      51.1  8.21e+42
      50.3  7.11e+42
      49.4  6.14e+42
      48.6  5.27e+42
      47.8  4.52e+42
      46.9  3.85e+42
      46.1  3.27e+42
      45.3  2.77e+42
      44.4  2.33e+42
      43.6  1.96e+42
      42.8  1.63e+42
      41.9  1.36e+42
      41.1  1.12e+42
      40.3  9.23e+41
      39.4  7.55e+41
      38.6  6.15e+41
      37.8  4.98e+41
      36.9  4.01e+41
      36.1  3.21e+41
      35.3  2.55e+41
      34.4  2.02e+41
      33.6  1.58e+41
      32.7  1.23e+41
      31.9  9.56e+40
      31.1  7.35e+40
      30.2  5.61e+40
      29.4  4.24e+40
      28.6  3.18e+40
      27.7  2.37e+40
      26.9  1.74e+40
      26.1  1.27e+40
      25.2  9.16e+39
      24.4  6.54e+39
      23.6  4.62e+39
      22.7  3.22e+39
      21.9  2.22e+39
      21.1  1.51e+39
      20.2  1.01e+39
      19.4  6.69e+38
      18.6  4.35e+38
      17.7  2.78e+38
      16.9  1.74e+38
      16.1  1.07e+38
      15.2  6.47e+37
      14.4  3.81e+37
      13.5  2.19e+37
      12.7  1.22e+37
      11.9  6.64e+36
        11  3.49e+36
      10.2  1.77e+36
      9.38  8.61e+35
      8.54  3.99e+35
      7.71  1.82e+35
      6.87  7.79e+34
      6.04  3.65e+34
       5.2  1.61e+34
      4.37  3.65e+33
      3.53  1.75e+33
       2.7  4.97e+33
      1.87  6.28e+33
      1.03  5.92e+33
     0.196  2.57e+33
    -0.639  3.35e+32
     -1.47 -1.05e+33
     -2.31 -1.13e+33
     -3.14 -2.12e+33
     -3.98 -3.54e+32
     -4.81 -1.85e+32
     -5.65 -1.95e+33
     -6.48 -1.04e+33
     -7.32  2.76e+32
     -8.15  1.24e+33
     -8.98  1.88e+32
     -9.82 -5.84e+31
     -10.7 -9.04e+31
     -11.5 -1.51e+31
     -12.3   2.3e+31
     -13.2  -3.3e+31
       -14  1.04e+32
     -14.8 -3.11e+32
     -15.7  9.11e+31
     -16.5  9.46e+31
     -17.3 -6.39e+31
     -18.2 -1.17e+32
       -19  1.75e+32
     -19.8 -4.33e+31
     -20.7 -1.19e+31
     -21.5  9.39e+30
     -22.3 -1.58e+30
     -23.2 -1.45e+30
       -24  5.31e+30
     -24.8 -6.37e+30
     -25.7  2.92e+30
     -26.5 -8.15e+30
     -27.3  7.54e+29
     -28.2  1.98e+29
       -29  -1.1e+29
     -29.9  1.77e+28
     -30.7  2.89e+27
     -31.5 -2.51e+27
     -32.4  4.92e+26
     -33.2  -1.3e+29
       -34  3.32e+26
     -34.9  2.31e+24
     -35.7  5.18e+23
     -36.5 -1.23e+26
     -37.4 -1.88e+21

pressure[atm]        = 100
temperature[K]           = 2100
energy step[1/cm]        = 292
maximum energy[kcal/mol] = 241

bimolecular PEDs:
   E, kcal    P1->P2
       241  1.48e+41
       240  1.61e+41
       239  1.76e+41
       238  1.93e+41
       237   2.1e+41
       236   2.3e+41
       236  2.51e+41
       235  2.73e+41
       234  2.98e+41
       233  3.25e+41
       232  3.54e+41
       231  3.85e+41
       231  4.19e+41
       230  4.56e+41
       229  4.96e+41
       228  5.39e+41
       227  5.86e+41
       226  6.37e+41
       226  6.92e+41
       225  7.51e+41
       224  8.16e+41
       223  8.85e+41
       222   9.6e+41
       221  1.04e+42
       221  1.13e+42
       220  1.22e+42
       219  1.32e+42
       218  1.43e+42
       217  1.55e+42
       216  1.68e+42
       216  1.81e+42
       215  1.96e+42
       214  2.12e+42
       213  2.29e+42
       212  2.47e+42
       211  2.67e+42
       211  2.88e+42
       210  3.11e+42
       209  3.35e+42
       208  3.61e+42
       207  3.89e+42
       206  4.19e+42
       206  4.51e+42
       205  4.85e+42
       204  5.21e+42
       203  5.61e+42
       202  6.02e+42
       201  6.47e+42
       201  6.95e+42
       200  7.46e+42
       199     8e+42
       198  8.58e+42
       197   9.2e+42
       196  9.85e+42
       195  1.06e+43
       195  1.13e+43
       194  1.21e+43
       193  1.29e+43
       192  1.38e+43
       191  1.48e+43
       190  1.58e+43
       190  1.68e+43
       189   1.8e+43
       188  1.92e+43
       187  2.04e+43
       186  2.18e+43
       185  2.32e+43
       185  2.47e+43
       184  2.63e+43
       183  2.79e+43
       182  2.97e+43
       181  3.15e+43
       180  3.35e+43
       180  3.55e+43
       179  3.77e+43
       178     4e+43
       177  4.24e+43
       176  4.49e+43
       175  4.75e+43
       175  5.03e+43
       174  5.32e+43
       173  5.62e+43
       172  5.94e+43
       171  6.27e+43
       170  6.61e+43
       170  6.98e+43
       169  7.35e+43
       168  7.75e+43
       167  8.16e+43
       166  8.58e+43
       165  9.02e+43
       165  9.49e+43
       164  9.96e+43
       163  1.05e+44
       162   1.1e+44
       161  1.15e+44
       160  1.21e+44
       160  1.26e+44
       159  1.32e+44
       158  1.38e+44
       157  1.45e+44
       156  1.51e+44
       155  1.58e+44
       155  1.65e+44
       154  1.72e+44
       153  1.79e+44
       152  1.86e+44
       151  1.94e+44
       150  2.01e+44
       150  2.09e+44
       149  2.17e+44
       148  2.26e+44
       147  2.34e+44
       146  2.43e+44
       145  2.51e+44
       145   2.6e+44
       144  2.69e+44
       143  2.78e+44
       142  2.87e+44
       141  2.96e+44
       140  3.05e+44
       140  3.15e+44
       139  3.24e+44
       138  3.33e+44
       137  3.43e+44
       136  3.52e+44
       135  3.61e+44
       135   3.7e+44
       134   3.8e+44
       133  3.89e+44
       132  3.98e+44
       131  4.06e+44
       130  4.15e+44
       130  4.24e+44
       129  4.32e+44
       128   4.4e+44
       127  4.48e+44
       126  4.56e+44
       125  4.63e+44
       125   4.7e+44
       124  4.77e+44
       123  4.83e+44
       122  4.89e+44
       121  4.94e+44
       120     5e+44
       120  5.04e+44
       119  5.09e+44
       118  5.12e+44
       117  5.16e+44
       116  5.19e+44
       115  5.21e+44
       115  5.23e+44
       114  5.24e+44
       113  5.25e+44
       112  5.25e+44
       111  5.24e+44
       110  5.24e+44
       110  5.22e+44
       109   5.2e+44
       108  5.17e+44
       107  5.14e+44
       106   5.1e+44
       105  5.06e+44
       105  5.01e+44
       104  4.95e+44
       103  4.89e+44
       102  4.83e+44
       101  4.76e+44
       100  4.68e+44
      99.5   4.6e+44
      98.7  4.52e+44
      97.8  4.43e+44
        97  4.34e+44
      96.2  4.24e+44
      95.3  4.14e+44
      94.5  4.04e+44
      93.7  3.93e+44
      92.8  3.82e+44
        92  3.71e+44
      91.2   3.6e+44
      90.3  3.48e+44
      89.5  3.37e+44
      88.7  3.25e+44
      87.8  3.13e+44
        87  3.01e+44
      86.2  2.89e+44
      85.3  2.77e+44
      84.5  2.65e+44
      83.7  2.54e+44
      82.8  2.42e+44
        82  2.31e+44
      81.2  2.19e+44
      80.3  2.08e+44
      79.5  1.97e+44
      78.7  1.86e+44
      77.8  1.76e+44
        77  1.66e+44
      76.1  1.56e+44
      75.3  1.46e+44
      74.5  1.37e+44
      73.6  1.28e+44
      72.8  1.19e+44
        72  1.11e+44
      71.1  1.03e+44
      70.3  9.58e+43
      69.5  8.86e+43
      68.6  8.17e+43
      67.8  7.53e+43
        67  6.91e+43
      66.1  6.33e+43
      65.3  5.79e+43
      64.5  5.28e+43
      63.6   4.8e+43
      62.8  4.36e+43
        62  3.94e+43
      61.1  3.56e+43
      60.3   3.2e+43
      59.5  2.87e+43
      58.6  2.57e+43
      57.8  2.29e+43
        57  2.04e+43
      56.1  1.81e+43
      55.3   1.6e+43
      54.4  1.41e+43
      53.6  1.24e+43
      52.8  1.09e+43
      51.9  9.47e+42
      51.1  8.24e+42
      50.3  7.14e+42
      49.4  6.16e+42
      48.6   5.3e+42
      47.8  4.54e+42
      46.9  3.87e+42
      46.1  3.29e+42
      45.3  2.78e+42
      44.4  2.35e+42
      43.6  1.97e+42
      42.8  1.64e+42
      41.9  1.36e+42
      41.1  1.13e+42
      40.3  9.29e+41
      39.4   7.6e+41
      38.6  6.19e+41
      37.8  5.01e+41
      36.9  4.04e+41
      36.1  3.23e+41
      35.3  2.57e+41
      34.4  2.03e+41
      33.6   1.6e+41
      32.7  1.25e+41
      31.9  9.66e+40
      31.1  7.43e+40
      30.2  5.67e+40
      29.4  4.29e+40
      28.6  3.23e+40
      27.7   2.4e+40
      26.9  1.77e+40
      26.1  1.29e+40
      25.2  9.32e+39
      24.4  6.67e+39
      23.6  4.72e+39
      22.7   3.3e+39
      21.9  2.28e+39
      21.1  1.55e+39
      20.2  1.05e+39
      19.4  6.94e+38
      18.6  4.54e+38
      17.7  2.92e+38
      16.9  1.85e+38
      16.1  1.15e+38
      15.2  7.03e+37
      14.4  4.21e+37
      13.5  2.48e+37
      12.7  1.43e+37
      11.9   8.1e+36
        11  4.52e+36
      10.2  2.48e+36
      9.38  1.36e+36
      8.54   7.6e+35
      7.71  4.25e+35
      6.87  2.44e+35
      6.04  1.48e+35
       5.2  9.03e+34
      4.37  5.47e+34
      3.53   4.1e+34
       2.7  2.31e+34
      1.87   1.7e+34
      1.03   1.2e+34
     0.196  7.69e+33
    -0.639  5.45e+33
     -1.47  2.71e+33
     -2.31  6.31e+32
     -3.14  1.44e+33
     -3.98  1.49e+33
     -4.81 -3.94e+32
     -5.65  6.51e+32
     -6.48  4.89e+31
     -7.32 -7.75e+32
     -8.15 -6.99e+32
     -8.98 -1.77e+32
     -9.82  9.11e+31
     -10.7 -3.32e+32
     -11.5  3.86e+32
     -12.3 -7.47e+31
     -13.2  6.96e+31
       -14  1.04e+32
     -14.8 -2.94e+32
     -15.7  2.44e+31
     -16.5  1.88e+31
     -17.3 -9.24e+31
     -18.2  -5.4e+30
       -19 -1.16e+31
     -19.8 -4.53e+31
     -20.7  4.16e+31
     -21.5 -6.74e+30
     -22.3  1.79e+31
     -23.2 -2.86e+31
       -24  8.84e+30
     -24.8  6.62e+30
     -25.7 -1.76e+30
     -26.5 -9.77e+29
     -27.3  1.28e+29
     -28.2 -3.96e+29
       -29  1.63e+29
     -29.9 -1.01e+29
     -30.7 -5.58e+27
     -31.5 -8.07e+26
     -32.4 -1.44e+26
     -33.2  6.57e+25
       -34  5.47e+27
     -34.9 -1.59e+25
     -35.7    -4e+24
     -36.5  1.49e+23
     -37.4  1.46e+22

pressure[atm]        = 0.01
temperature[K]           = 2200
energy step[1/cm]        = 306
maximum energy[kcal/mol] = 255

bimolecular PEDs:
   E, kcal    P1->P2
       255  9.41e+41
       254  1.03e+42
       253  1.12e+42
       252  1.23e+42
       251  1.34e+42
       250  1.46e+42
       249  1.59e+42
       249  1.73e+42
       248  1.89e+42
       247  2.06e+42
       246  2.24e+42
       245  2.44e+42
       244  2.66e+42
       243  2.89e+42
       242  3.15e+42
       242  3.42e+42
       241  3.72e+42
       240  4.04e+42
       239  4.39e+42
       238  4.76e+42
       237  5.17e+42
       236  5.61e+42
       235  6.09e+42
       235   6.6e+42
       234  7.15e+42
       233  7.75e+42
       232  8.39e+42
       231  9.09e+42
       230  9.84e+42
       229  1.06e+43
       228  1.15e+43
       228  1.24e+43
       227  1.34e+43
       226  1.45e+43
       225  1.57e+43
       224  1.69e+43
       223  1.83e+43
       222  1.97e+43
       221  2.12e+43
       221  2.29e+43
       220  2.47e+43
       219  2.66e+43
       218  2.86e+43
       217  3.08e+43
       216  3.31e+43
       215  3.56e+43
       214  3.82e+43
       214  4.11e+43
       213  4.41e+43
       212  4.73e+43
       211  5.08e+43
       210  5.44e+43
       209  5.84e+43
       208  6.25e+43
       207   6.7e+43
       207  7.17e+43
       206  7.67e+43
       205  8.21e+43
       204  8.77e+43
       203  9.37e+43
       202     1e+44
       201  1.07e+44
       200  1.14e+44
       200  1.22e+44
       199   1.3e+44
       198  1.38e+44
       197  1.47e+44
       196  1.57e+44
       195  1.67e+44
       194  1.77e+44
       193  1.89e+44
       193     2e+44
       192  2.13e+44
       191  2.26e+44
       190   2.4e+44
       189  2.54e+44
       188  2.69e+44
       187  2.85e+44
       186  3.02e+44
       186   3.2e+44
       185  3.38e+44
       184  3.57e+44
       183  3.78e+44
       182  3.99e+44
       181  4.21e+44
       180  4.44e+44
       179  4.68e+44
       179  4.93e+44
       178  5.19e+44
       177  5.46e+44
       176  5.75e+44
       175  6.04e+44
       174  6.35e+44
       173  6.66e+44
       172  6.99e+44
       172  7.33e+44
       171  7.68e+44
       170  8.05e+44
       169  8.43e+44
       168  8.82e+44
       167  9.22e+44
       166  9.63e+44
       166  1.01e+45
       165  1.05e+45
       164  1.09e+45
       163  1.14e+45
       162  1.19e+45
       161  1.24e+45
       160  1.29e+45
       159  1.34e+45
       159  1.39e+45
       158  1.44e+45
       157   1.5e+45
       156  1.55e+45
       155  1.61e+45
       154  1.66e+45
       153  1.72e+45
       152  1.78e+45
       152  1.84e+45
       151   1.9e+45
       150  1.96e+45
       149  2.02e+45
       148  2.08e+45
       147  2.14e+45
       146   2.2e+45
       145  2.26e+45
       145  2.32e+45
       144  2.38e+45
       143  2.44e+45
       142   2.5e+45
       141  2.55e+45
       140  2.61e+45
       139  2.67e+45
       138  2.73e+45
       138  2.78e+45
       137  2.83e+45
       136  2.89e+45
       135  2.94e+45
       134  2.98e+45
       133  3.03e+45
       132  3.07e+45
       131  3.12e+45
       131  3.16e+45
       130  3.19e+45
       129  3.23e+45
       128  3.26e+45
       127  3.29e+45
       126  3.32e+45
       125  3.34e+45
       124  3.36e+45
       124  3.38e+45
       123  3.39e+45
       122   3.4e+45
       121  3.41e+45
       120  3.41e+45
       119  3.41e+45
       118  3.41e+45
       117   3.4e+45
       117  3.39e+45
       116  3.37e+45
       115  3.36e+45
       114  3.33e+45
       113  3.31e+45
       112  3.28e+45
       111  3.24e+45
       110  3.21e+45
       110  3.17e+45
       109  3.12e+45
       108  3.08e+45
       107  3.03e+45
       106  2.97e+45
       105  2.92e+45
       104  2.86e+45
       103   2.8e+45
       103  2.74e+45
       102  2.67e+45
       101   2.6e+45
      99.9  2.54e+45
      99.1  2.46e+45
      98.2  2.39e+45
      97.3  2.32e+45
      96.4  2.24e+45
      95.6  2.17e+45
      94.7  2.09e+45
      93.8  2.02e+45
      92.9  1.94e+45
      92.1  1.86e+45
      91.2  1.79e+45
      90.3  1.71e+45
      89.4  1.63e+45
      88.6  1.56e+45
      87.7  1.48e+45
      86.8  1.41e+45
      85.9  1.34e+45
      85.1  1.27e+45
      84.2   1.2e+45
      83.3  1.13e+45
      82.4  1.07e+45
      81.6     1e+45
      80.7  9.42e+44
      79.8  8.83e+44
      78.9  8.25e+44
      78.1   7.7e+44
      77.2  7.17e+44
      76.3  6.66e+44
      75.4  6.17e+44
      74.6  5.71e+44
      73.7  5.27e+44
      72.8  4.86e+44
      71.9  4.46e+44
      71.1  4.09e+44
      70.2  3.74e+44
      69.3  3.41e+44
      68.4  3.11e+44
      67.6  2.82e+44
      66.7  2.55e+44
      65.8   2.3e+44
        65  2.08e+44
      64.1  1.86e+44
      63.2  1.67e+44
      62.3  1.49e+44
      61.5  1.33e+44
      60.6  1.18e+44
      59.7  1.04e+44
      58.8  9.21e+43
        58   8.1e+43
      57.1   7.1e+43
      56.2  6.21e+43
      55.3  5.41e+43
      54.5  4.69e+43
      53.6  4.06e+43
      52.7  3.49e+43
      51.8     3e+43
        51  2.56e+43
      50.1  2.18e+43
      49.2  1.85e+43
      48.3  1.56e+43
      47.5  1.32e+43
      46.6   1.1e+43
      45.7  9.18e+42
      44.8  7.61e+42
        44  6.28e+42
      43.1  5.16e+42
      42.2  4.22e+42
      41.3  3.43e+42
      40.5  2.77e+42
      39.6  2.23e+42
      38.7  1.78e+42
      37.8  1.42e+42
        37  1.12e+42
      36.1  8.77e+41
      35.2  6.83e+41
      34.3  5.29e+41
      33.5  4.06e+41
      32.6   3.1e+41
      31.7  2.34e+41
      30.9  1.76e+41
        30  1.31e+41
      29.1  9.65e+40
      28.2  7.04e+40
      27.4  5.09e+40
      26.5  3.64e+40
      25.6  2.57e+40
      24.7   1.8e+40
      23.9  1.24e+40
        23  8.47e+39
      22.1   5.7e+39
      21.2  3.78e+39
      20.4  2.47e+39
      19.5  1.59e+39
      18.6     1e+39
      17.7  6.21e+38
      16.9  3.77e+38
        16  2.24e+38
      15.1   1.3e+38
      14.2  7.35e+37
      13.4  4.03e+37
      12.5  2.15e+37
      11.6   1.1e+37
      10.7  5.43e+36
      9.87  2.57e+36
      8.99  1.15e+36
      8.12  4.48e+35
      7.24  1.68e+35
      6.37  6.01e+34
      5.49  5.91e+33
      4.62   1.4e+34
      3.75  2.19e+33
      2.87 -9.68e+33
         2  6.34e+33
      1.12  6.12e+33
     0.248  1.07e+34
    -0.626 -1.11e+34
      -1.5 -1.63e+33
     -2.37  2.27e+32
     -3.25 -3.59e+33
     -4.12  6.76e+33
        -5   3.4e+33
     -5.87  2.79e+33
     -6.75  4.68e+33
     -7.62  7.08e+32
      -8.5 -8.68e+32
     -9.37  2.85e+33
     -10.2  6.59e+32
     -11.1  3.53e+31
       -12 -2.57e+32
     -12.9  4.42e+32
     -13.7 -4.14e+32
     -14.6  1.46e+32
     -15.5  7.03e+31
     -16.4    -7e+30
     -17.2  3.93e+32
     -18.1 -1.74e+32
       -19  1.46e+32
     -19.9 -1.19e+32
     -20.7  6.04e+31
     -21.6 -3.78e+31
     -22.5  6.61e+30
     -23.4 -8.26e+30
     -24.2 -1.47e+30
     -25.1 -8.57e+29
       -26  1.48e+30
     -26.9 -1.35e+30
     -27.7   1.6e+29
     -28.6 -5.09e+28
     -29.5  1.45e+28
     -30.4 -6.59e+27
     -31.2  3.02e+27
     -32.1  1.87e+29
       -33 -6.35e+26
     -33.9   3.8e+23
     -34.7 -1.07e+24
     -35.6  1.21e+24
     -36.5  9.39e+25
     -37.3  6.88e+23

pressure[atm]        = 0.1
temperature[K]           = 2200
energy step[1/cm]        = 306
maximum energy[kcal/mol] = 255

bimolecular PEDs:
   E, kcal    P1->P2
       255  9.41e+41
       254  1.03e+42
       253  1.12e+42
       252  1.23e+42
       251  1.34e+42
       250  1.46e+42
       249  1.59e+42
       249  1.73e+42
       248  1.89e+42
       247  2.06e+42
       246  2.24e+42
       245  2.44e+42
       244  2.66e+42
       243  2.89e+42
       242  3.15e+42
       242  3.42e+42
       241  3.72e+42
       240  4.04e+42
       239  4.39e+42
       238  4.76e+42
       237  5.17e+42
       236  5.61e+42
       235  6.09e+42
       235   6.6e+42
       234  7.15e+42
       233  7.75e+42
       232  8.39e+42
       231  9.09e+42
       230  9.84e+42
       229  1.06e+43
       228  1.15e+43
       228  1.24e+43
       227  1.34e+43
       226  1.45e+43
       225  1.57e+43
       224  1.69e+43
       223  1.83e+43
       222  1.97e+43
       221  2.12e+43
       221  2.29e+43
       220  2.47e+43
       219  2.66e+43
       218  2.86e+43
       217  3.08e+43
       216  3.31e+43
       215  3.56e+43
       214  3.82e+43
       214  4.11e+43
       213  4.41e+43
       212  4.73e+43
       211  5.08e+43
       210  5.44e+43
       209  5.84e+43
       208  6.25e+43
       207   6.7e+43
       207  7.17e+43
       206  7.67e+43
       205  8.21e+43
       204  8.77e+43
       203  9.37e+43
       202     1e+44
       201  1.07e+44
       200  1.14e+44
       200  1.22e+44
       199   1.3e+44
       198  1.38e+44
       197  1.47e+44
       196  1.57e+44
       195  1.67e+44
       194  1.77e+44
       193  1.89e+44
       193     2e+44
       192  2.13e+44
       191  2.26e+44
       190   2.4e+44
       189  2.54e+44
       188  2.69e+44
       187  2.85e+44
       186  3.02e+44
       186   3.2e+44
       185  3.38e+44
       184  3.57e+44
       183  3.78e+44
       182  3.99e+44
       181  4.21e+44
       180  4.44e+44
       179  4.68e+44
       179  4.93e+44
       178  5.19e+44
       177  5.46e+44
       176  5.75e+44
       175  6.04e+44
       174  6.35e+44
       173  6.66e+44
       172  6.99e+44
       172  7.33e+44
       171  7.68e+44
       170  8.05e+44
       169  8.43e+44
       168  8.82e+44
       167  9.22e+44
       166  9.63e+44
       166  1.01e+45
       165  1.05e+45
       164  1.09e+45
       163  1.14e+45
       162  1.19e+45
       161  1.24e+45
       160  1.29e+45
       159  1.34e+45
       159  1.39e+45
       158  1.44e+45
       157   1.5e+45
       156  1.55e+45
       155  1.61e+45
       154  1.66e+45
       153  1.72e+45
       152  1.78e+45
       152  1.84e+45
       151   1.9e+45
       150  1.96e+45
       149  2.02e+45
       148  2.08e+45
       147  2.14e+45
       146   2.2e+45
       145  2.26e+45
       145  2.32e+45
       144  2.38e+45
       143  2.44e+45
       142   2.5e+45
       141  2.55e+45
       140  2.61e+45
       139  2.67e+45
       138  2.73e+45
       138  2.78e+45
       137  2.83e+45
       136  2.89e+45
       135  2.94e+45
       134  2.98e+45
       133  3.03e+45
       132  3.07e+45
       131  3.12e+45
       131  3.16e+45
       130  3.19e+45
       129  3.23e+45
       128  3.26e+45
       127  3.29e+45
       126  3.32e+45
       125  3.34e+45
       124  3.36e+45
       124  3.38e+45
       123  3.39e+45
       122   3.4e+45
       121  3.41e+45
       120  3.41e+45
       119  3.41e+45
       118  3.41e+45
       117   3.4e+45
       117  3.39e+45
       116  3.37e+45
       115  3.36e+45
       114  3.33e+45
       113  3.31e+45
       112  3.28e+45
       111  3.24e+45
       110  3.21e+45
       110  3.17e+45
       109  3.12e+45
       108  3.08e+45
       107  3.03e+45
       106  2.97e+45
       105  2.92e+45
       104  2.86e+45
       103   2.8e+45
       103  2.74e+45
       102  2.67e+45
       101   2.6e+45
      99.9  2.54e+45
      99.1  2.46e+45
      98.2  2.39e+45
      97.3  2.32e+45
      96.4  2.24e+45
      95.6  2.17e+45
      94.7  2.09e+45
      93.8  2.02e+45
      92.9  1.94e+45
      92.1  1.86e+45
      91.2  1.79e+45
      90.3  1.71e+45
      89.4  1.63e+45
      88.6  1.56e+45
      87.7  1.48e+45
      86.8  1.41e+45
      85.9  1.34e+45
      85.1  1.27e+45
      84.2   1.2e+45
      83.3  1.13e+45
      82.4  1.07e+45
      81.6     1e+45
      80.7  9.42e+44
      79.8  8.83e+44
      78.9  8.25e+44
      78.1   7.7e+44
      77.2  7.17e+44
      76.3  6.66e+44
      75.4  6.17e+44
      74.6  5.71e+44
      73.7  5.27e+44
      72.8  4.86e+44
      71.9  4.46e+44
      71.1  4.09e+44
      70.2  3.74e+44
      69.3  3.41e+44
      68.4  3.11e+44
      67.6  2.82e+44
      66.7  2.55e+44
      65.8   2.3e+44
        65  2.08e+44
      64.1  1.86e+44
      63.2  1.67e+44
      62.3  1.49e+44
      61.5  1.33e+44
      60.6  1.18e+44
      59.7  1.04e+44
      58.8  9.21e+43
        58   8.1e+43
      57.1   7.1e+43
      56.2  6.21e+43
      55.3  5.41e+43
      54.5  4.69e+43
      53.6  4.06e+43
      52.7  3.49e+43
      51.8     3e+43
        51  2.56e+43
      50.1  2.18e+43
      49.2  1.85e+43
      48.3  1.56e+43
      47.5  1.32e+43
      46.6   1.1e+43
      45.7  9.18e+42
      44.8  7.61e+42
        44  6.28e+42
      43.1  5.16e+42
      42.2  4.22e+42
      41.3  3.43e+42
      40.5  2.77e+42
      39.6  2.23e+42
      38.7  1.78e+42
      37.8  1.42e+42
        37  1.12e+42
      36.1  8.77e+41
      35.2  6.83e+41
      34.3  5.29e+41
      33.5  4.06e+41
      32.6   3.1e+41
      31.7  2.34e+41
      30.9  1.76e+41
        30  1.31e+41
      29.1  9.65e+40
      28.2  7.04e+40
      27.4  5.09e+40
      26.5  3.64e+40
      25.6  2.57e+40
      24.7   1.8e+40
      23.9  1.24e+40
        23  8.47e+39
      22.1   5.7e+39
      21.2  3.78e+39
      20.4  2.47e+39
      19.5  1.59e+39
      18.6     1e+39
      17.7  6.21e+38
      16.9  3.77e+38
        16  2.24e+38
      15.1   1.3e+38
      14.2  7.35e+37
      13.4  4.04e+37
      12.5  2.15e+37
      11.6   1.1e+37
      10.7  5.38e+36
      9.87  2.54e+36
      8.99  1.13e+36
      8.12  5.03e+35
      7.24  2.03e+35
      6.37  6.77e+34
      5.49  3.25e+34
      4.62  2.12e+34
      3.75 -3.76e+33
      2.87 -1.65e+34
         2  2.26e+33
      1.12   2.5e+34
     0.248  9.46e+33
    -0.626  1.25e+34
      -1.5  4.36e+33
     -2.37  6.87e+33
     -3.25 -1.92e+33
     -4.12    -3e+33
        -5  2.27e+33
     -5.87  1.56e+33
     -6.75    -3e+33
     -7.62 -2.52e+33
      -8.5 -2.88e+32
     -9.37  -2.1e+33
     -10.2  1.11e+33
     -11.1   9.1e+31
       -12 -7.66e+32
     -12.9  1.13e+33
     -13.7 -8.44e+32
     -14.6  3.28e+32
     -15.5  2.32e+32
     -16.4 -8.76e+32
     -17.2  2.28e+32
     -18.1  4.36e+32
       -19 -4.69e+32
     -19.9  4.85e+31
     -20.7  3.51e+30
     -21.6  3.18e+31
     -22.5  2.39e+32
     -23.4 -3.42e+31
     -24.2  3.08e+31
     -25.1 -2.12e+30
       -26  4.22e+30
     -26.9     2e+30
     -27.7 -7.19e+29
     -28.6 -4.42e+29
     -29.5 -1.45e+29
     -30.4   2.5e+29
     -31.2  -8.8e+28
     -32.1  1.42e+28
       -33   3.5e+27
     -33.9  3.56e+25
     -34.7  1.34e+24
     -35.6 -1.37e+24
     -36.5 -1.03e+26
     -37.3 -7.34e+24

pressure[atm]        = 1
temperature[K]           = 2200
energy step[1/cm]        = 306
maximum energy[kcal/mol] = 255

bimolecular PEDs:
   E, kcal    P1->P2
       255  9.41e+41
       254  1.03e+42
       253  1.12e+42
       252  1.23e+42
       251  1.34e+42
       250  1.46e+42
       249  1.59e+42
       249  1.73e+42
       248  1.89e+42
       247  2.06e+42
       246  2.24e+42
       245  2.44e+42
       244  2.66e+42
       243  2.89e+42
       242  3.15e+42
       242  3.42e+42
       241  3.72e+42
       240  4.04e+42
       239  4.39e+42
       238  4.76e+42
       237  5.17e+42
       236  5.61e+42
       235  6.09e+42
       235   6.6e+42
       234  7.15e+42
       233  7.75e+42
       232  8.39e+42
       231  9.09e+42
       230  9.84e+42
       229  1.06e+43
       228  1.15e+43
       228  1.24e+43
       227  1.34e+43
       226  1.45e+43
       225  1.57e+43
       224  1.69e+43
       223  1.83e+43
       222  1.97e+43
       221  2.12e+43
       221  2.29e+43
       220  2.47e+43
       219  2.66e+43
       218  2.86e+43
       217  3.08e+43
       216  3.31e+43
       215  3.56e+43
       214  3.82e+43
       214  4.11e+43
       213  4.41e+43
       212  4.73e+43
       211  5.08e+43
       210  5.44e+43
       209  5.84e+43
       208  6.25e+43
       207   6.7e+43
       207  7.17e+43
       206  7.67e+43
       205  8.21e+43
       204  8.77e+43
       203  9.37e+43
       202     1e+44
       201  1.07e+44
       200  1.14e+44
       200  1.22e+44
       199   1.3e+44
       198  1.38e+44
       197  1.47e+44
       196  1.57e+44
       195  1.67e+44
       194  1.77e+44
       193  1.89e+44
       193     2e+44
       192  2.13e+44
       191  2.26e+44
       190   2.4e+44
       189  2.54e+44
       188  2.69e+44
       187  2.85e+44
       186  3.02e+44
       186   3.2e+44
       185  3.38e+44
       184  3.57e+44
       183  3.78e+44
       182  3.99e+44
       181  4.21e+44
       180  4.44e+44
       179  4.68e+44
       179  4.93e+44
       178  5.19e+44
       177  5.46e+44
       176  5.75e+44
       175  6.04e+44
       174  6.35e+44
       173  6.66e+44
       172  6.99e+44
       172  7.33e+44
       171  7.68e+44
       170  8.05e+44
       169  8.43e+44
       168  8.82e+44
       167  9.22e+44
       166  9.63e+44
       166  1.01e+45
       165  1.05e+45
       164  1.09e+45
       163  1.14e+45
       162  1.19e+45
       161  1.24e+45
       160  1.29e+45
       159  1.34e+45
       159  1.39e+45
       158  1.44e+45
       157   1.5e+45
       156  1.55e+45
       155  1.61e+45
       154  1.66e+45
       153  1.72e+45
       152  1.78e+45
       152  1.84e+45
       151   1.9e+45
       150  1.96e+45
       149  2.02e+45
       148  2.08e+45
       147  2.14e+45
       146   2.2e+45
       145  2.26e+45
       145  2.32e+45
       144  2.38e+45
       143  2.44e+45
       142   2.5e+45
       141  2.55e+45
       140  2.61e+45
       139  2.67e+45
       138  2.73e+45
       138  2.78e+45
       137  2.83e+45
       136  2.89e+45
       135  2.94e+45
       134  2.98e+45
       133  3.03e+45
       132  3.07e+45
       131  3.12e+45
       131  3.16e+45
       130  3.19e+45
       129  3.23e+45
       128  3.26e+45
       127  3.29e+45
       126  3.32e+45
       125  3.34e+45
       124  3.36e+45
       124  3.38e+45
       123  3.39e+45
       122   3.4e+45
       121  3.41e+45
       120  3.41e+45
       119  3.41e+45
       118  3.41e+45
       117   3.4e+45
       117  3.39e+45
       116  3.37e+45
       115  3.36e+45
       114  3.33e+45
       113  3.31e+45
       112  3.28e+45
       111  3.24e+45
       110  3.21e+45
       110  3.17e+45
       109  3.12e+45
       108  3.08e+45
       107  3.03e+45
       106  2.97e+45
       105  2.92e+45
       104  2.86e+45
       103   2.8e+45
       103  2.74e+45
       102  2.67e+45
       101   2.6e+45
      99.9  2.54e+45
      99.1  2.46e+45
      98.2  2.39e+45
      97.3  2.32e+45
      96.4  2.24e+45
      95.6  2.17e+45
      94.7  2.09e+45
      93.8  2.02e+45
      92.9  1.94e+45
      92.1  1.86e+45
      91.2  1.79e+45
      90.3  1.71e+45
      89.4  1.63e+45
      88.6  1.56e+45
      87.7  1.48e+45
      86.8  1.41e+45
      85.9  1.34e+45
      85.1  1.27e+45
      84.2   1.2e+45
      83.3  1.13e+45
      82.4  1.07e+45
      81.6     1e+45
      80.7  9.42e+44
      79.8  8.83e+44
      78.9  8.25e+44
      78.1   7.7e+44
      77.2  7.17e+44
      76.3  6.66e+44
      75.4  6.17e+44
      74.6  5.71e+44
      73.7  5.27e+44
      72.8  4.86e+44
      71.9  4.46e+44
      71.1  4.09e+44
      70.2  3.74e+44
      69.3  3.41e+44
      68.4  3.11e+44
      67.6  2.82e+44
      66.7  2.55e+44
      65.8  2.31e+44
        65  2.08e+44
      64.1  1.86e+44
      63.2  1.67e+44
      62.3  1.49e+44
      61.5  1.33e+44
      60.6  1.18e+44
      59.7  1.04e+44
      58.8  9.21e+43
        58   8.1e+43
      57.1   7.1e+43
      56.2  6.21e+43
      55.3  5.41e+43
      54.5  4.69e+43
      53.6  4.06e+43
      52.7   3.5e+43
      51.8     3e+43
        51  2.56e+43
      50.1  2.18e+43
      49.2  1.85e+43
      48.3  1.56e+43
      47.5  1.32e+43
      46.6   1.1e+43
      45.7  9.18e+42
      44.8  7.61e+42
        44  6.28e+42
      43.1  5.16e+42
      42.2  4.22e+42
      41.3  3.43e+42
      40.5  2.77e+42
      39.6  2.23e+42
      38.7  1.78e+42
      37.8  1.42e+42
        37  1.12e+42
      36.1  8.77e+41
      35.2  6.83e+41
      34.3  5.29e+41
      33.5  4.06e+41
      32.6   3.1e+41
      31.7  2.34e+41
      30.9  1.76e+41
        30  1.31e+41
      29.1  9.65e+40
      28.2  7.04e+40
      27.4  5.09e+40
      26.5  3.64e+40
      25.6  2.57e+40
      24.7   1.8e+40
      23.9  1.24e+40
        23  8.48e+39
      22.1   5.7e+39
      21.2  3.78e+39
      20.4  2.47e+39
      19.5  1.59e+39
      18.6     1e+39
      17.7  6.22e+38
      16.9  3.78e+38
        16  2.24e+38
      15.1   1.3e+38
      14.2  7.36e+37
      13.4  4.05e+37
      12.5  2.15e+37
      11.6   1.1e+37
      10.7  5.46e+36
      9.87  2.59e+36
      8.99  1.18e+36
      8.12  5.05e+35
      7.24  1.97e+35
      6.37  4.72e+34
      5.49 -3.49e+33
      4.62 -2.36e+33
      3.75  3.88e+33
      2.87  -3.1e+33
         2 -8.62e+33
      1.12  1.24e+33
     0.248  8.28e+33
    -0.626  5.39e+33
      -1.5  8.58e+33
     -2.37  4.18e+33
     -3.25 -2.08e+33
     -4.12  7.31e+32
        -5 -1.76e+33
     -5.87 -2.39e+33
     -6.75 -4.21e+31
     -7.62 -4.14e+32
      -8.5  1.38e+32
     -9.37 -1.37e+33
     -10.2 -7.67e+32
     -11.1 -8.64e+30
       -12 -1.66e+32
     -12.9  2.14e+32
     -13.7 -6.35e+32
     -14.6  1.48e+32
     -15.5 -2.24e+32
     -16.4 -1.91e+32
     -17.2  4.17e+32
     -18.1 -1.14e+32
       -19  -1.1e+31
     -19.9  1.23e+32
     -20.7 -3.02e+31
     -21.6    -3e+31
     -22.5  4.67e+31
     -23.4 -4.12e+31
     -24.2  3.63e+31
     -25.1 -6.31e+30
       -26 -1.64e+30
     -26.9  6.06e+29
     -27.7 -4.74e+29
     -28.6  1.14e+29
     -29.5 -4.98e+28
     -30.4  1.27e+28
     -31.2 -4.23e+27
     -32.1  8.88e+26
       -33   3.6e+28
     -33.9 -6.45e+25
     -34.7  9.24e+23
     -35.6  2.41e+19
     -36.5  1.67e+26
     -37.3  6.16e+25

pressure[atm]        = 10
temperature[K]           = 2200
energy step[1/cm]        = 306
maximum energy[kcal/mol] = 255

bimolecular PEDs:
   E, kcal    P1->P2
       255   9.4e+41
       254  1.03e+42
       253  1.12e+42
       252  1.22e+42
       251  1.34e+42
       250  1.46e+42
       249  1.59e+42
       249  1.73e+42
       248  1.89e+42
       247  2.06e+42
       246  2.24e+42
       245  2.44e+42
       244  2.66e+42
       243  2.89e+42
       242  3.15e+42
       242  3.42e+42
       241  3.72e+42
       240  4.04e+42
       239  4.39e+42
       238  4.76e+42
       237  5.17e+42
       236  5.61e+42
       235  6.08e+42
       235   6.6e+42
       234  7.15e+42
       233  7.75e+42
       232  8.39e+42
       231  9.09e+42
       230  9.83e+42
       229  1.06e+43
       228  1.15e+43
       228  1.24e+43
       227  1.34e+43
       226  1.45e+43
       225  1.57e+43
       224  1.69e+43
       223  1.83e+43
       222  1.97e+43
       221  2.12e+43
       221  2.29e+43
       220  2.47e+43
       219  2.66e+43
       218  2.86e+43
       217  3.08e+43
       216  3.31e+43
       215  3.56e+43
       214  3.82e+43
       214  4.11e+43
       213  4.41e+43
       212  4.73e+43
       211  5.08e+43
       210  5.44e+43
       209  5.83e+43
       208  6.25e+43
       207   6.7e+43
       207  7.17e+43
       206  7.67e+43
       205   8.2e+43
       204  8.77e+43
       203  9.37e+43
       202     1e+44
       201  1.07e+44
       200  1.14e+44
       200  1.22e+44
       199   1.3e+44
       198  1.38e+44
       197  1.47e+44
       196  1.57e+44
       195  1.67e+44
       194  1.77e+44
       193  1.89e+44
       193     2e+44
       192  2.13e+44
       191  2.26e+44
       190   2.4e+44
       189  2.54e+44
       188  2.69e+44
       187  2.85e+44
       186  3.02e+44
       186   3.2e+44
       185  3.38e+44
       184  3.57e+44
       183  3.77e+44
       182  3.99e+44
       181  4.21e+44
       180  4.44e+44
       179  4.68e+44
       179  4.93e+44
       178  5.19e+44
       177  5.46e+44
       176  5.74e+44
       175  6.04e+44
       174  6.34e+44
       173  6.66e+44
       172  6.99e+44
       172  7.33e+44
       171  7.68e+44
       170  8.05e+44
       169  8.43e+44
       168  8.81e+44
       167  9.22e+44
       166  9.63e+44
       166  1.01e+45
       165  1.05e+45
       164  1.09e+45
       163  1.14e+45
       162  1.19e+45
       161  1.24e+45
       160  1.29e+45
       159  1.34e+45
       159  1.39e+45
       158  1.44e+45
       157   1.5e+45
       156  1.55e+45
       155  1.61e+45
       154  1.66e+45
       153  1.72e+45
       152  1.78e+45
       152  1.84e+45
       151   1.9e+45
       150  1.96e+45
       149  2.02e+45
       148  2.08e+45
       147  2.14e+45
       146   2.2e+45
       145  2.26e+45
       145  2.32e+45
       144  2.38e+45
       143  2.44e+45
       142   2.5e+45
       141  2.55e+45
       140  2.61e+45
       139  2.67e+45
       138  2.73e+45
       138  2.78e+45
       137  2.83e+45
       136  2.88e+45
       135  2.94e+45
       134  2.98e+45
       133  3.03e+45
       132  3.07e+45
       131  3.12e+45
       131  3.16e+45
       130  3.19e+45
       129  3.23e+45
       128  3.26e+45
       127  3.29e+45
       126  3.32e+45
       125  3.34e+45
       124  3.36e+45
       124  3.38e+45
       123  3.39e+45
       122   3.4e+45
       121  3.41e+45
       120  3.41e+45
       119  3.41e+45
       118  3.41e+45
       117   3.4e+45
       117  3.39e+45
       116  3.37e+45
       115  3.36e+45
       114  3.33e+45
       113  3.31e+45
       112  3.28e+45
       111  3.24e+45
       110  3.21e+45
       110  3.17e+45
       109  3.12e+45
       108  3.08e+45
       107  3.03e+45
       106  2.97e+45
       105  2.92e+45
       104  2.86e+45
       103   2.8e+45
       103  2.74e+45
       102  2.67e+45
       101   2.6e+45
      99.9  2.54e+45
      99.1  2.46e+45
      98.2  2.39e+45
      97.3  2.32e+45
      96.4  2.24e+45
      95.6  2.17e+45
      94.7  2.09e+45
      93.8  2.02e+45
      92.9  1.94e+45
      92.1  1.86e+45
      91.2  1.79e+45
      90.3  1.71e+45
      89.4  1.63e+45
      88.6  1.56e+45
      87.7  1.49e+45
      86.8  1.41e+45
      85.9  1.34e+45
      85.1  1.27e+45
      84.2   1.2e+45
      83.3  1.13e+45
      82.4  1.07e+45
      81.6     1e+45
      80.7  9.42e+44
      79.8  8.83e+44
      78.9  8.25e+44
      78.1   7.7e+44
      77.2  7.17e+44
      76.3  6.66e+44
      75.4  6.18e+44
      74.6  5.71e+44
      73.7  5.27e+44
      72.8  4.86e+44
      71.9  4.46e+44
      71.1  4.09e+44
      70.2  3.74e+44
      69.3  3.41e+44
      68.4  3.11e+44
      67.6  2.82e+44
      66.7  2.55e+44
      65.8  2.31e+44
        65  2.08e+44
      64.1  1.87e+44
      63.2  1.67e+44
      62.3  1.49e+44
      61.5  1.33e+44
      60.6  1.18e+44
      59.7  1.04e+44
      58.8  9.21e+43
        58  8.11e+43
      57.1  7.11e+43
      56.2  6.21e+43
      55.3  5.41e+43
      54.5  4.69e+43
      53.6  4.06e+43
      52.7   3.5e+43
      51.8     3e+43
        51  2.57e+43
      50.1  2.18e+43
      49.2  1.85e+43
      48.3  1.56e+43
      47.5  1.32e+43
      46.6   1.1e+43
      45.7  9.18e+42
      44.8  7.62e+42
        44  6.29e+42
      43.1  5.16e+42
      42.2  4.22e+42
      41.3  3.43e+42
      40.5  2.77e+42
      39.6  2.23e+42
      38.7  1.78e+42
      37.8  1.42e+42
        37  1.12e+42
      36.1  8.78e+41
      35.2  6.84e+41
      34.3  5.29e+41
      33.5  4.07e+41
      32.6   3.1e+41
      31.7  2.35e+41
      30.9  1.76e+41
        30  1.31e+41
      29.1  9.66e+40
      28.2  7.05e+40
      27.4   5.1e+40
      26.5  3.64e+40
      25.6  2.58e+40
      24.7   1.8e+40
      23.9  1.25e+40
        23   8.5e+39
      22.1  5.72e+39
      21.2   3.8e+39
      20.4  2.48e+39
      19.5   1.6e+39
      18.6  1.01e+39
      17.7  6.26e+38
      16.9   3.8e+38
        16  2.26e+38
      15.1  1.32e+38
      14.2  7.46e+37
      13.4  4.12e+37
      12.5  2.21e+37
      11.6  1.14e+37
      10.7  5.69e+36
      9.87  2.77e+36
      8.99  1.28e+36
      8.12  5.85e+35
      7.24  2.33e+35
      6.37  1.18e+35
      5.49  4.71e+34
      4.62  2.63e+34
      3.75  1.09e+34
      2.87   7.4e+33
         2 -9.75e+32
      1.12  2.16e+33
     0.248  9.02e+32
    -0.626  5.83e+32
      -1.5  5.04e+33
     -2.37  2.33e+33
     -3.25  4.02e+33
     -4.12  8.16e+33
        -5  4.85e+33
     -5.87 -4.34e+33
     -6.75 -5.91e+32
     -7.62 -4.83e+32
      -8.5 -3.45e+33
     -9.37  6.28e+32
     -10.2 -2.65e+32
     -11.1 -2.26e+32
       -12  6.63e+32
     -12.9 -3.31e+32
     -13.7  3.13e+32
     -14.6  9.04e+31
     -15.5 -3.01e+32
     -16.4  1.84e+31
     -17.2  4.73e+32
     -18.1 -4.16e+32
       -19     3e+32
     -19.9  -6.6e+31
     -20.7 -4.05e+31
     -21.6  8.95e+30
     -22.5 -4.16e+31
     -23.4  4.42e+31
     -24.2 -7.82e+30
     -25.1 -2.13e+30
       -26 -6.06e+30
     -26.9 -3.03e+30
     -27.7  8.02e+29
     -28.6 -1.34e+29
     -29.5  1.01e+29
     -30.4 -1.49e+28
     -31.2  4.04e+27
     -32.1 -3.78e+26
       -33  1.94e+30
     -33.9 -4.44e+27
     -34.7 -7.06e+23
     -35.6 -2.03e+24
     -36.5  -1.3e+26
     -37.3  1.57e+22

pressure[atm]        = 100
temperature[K]           = 2200
energy step[1/cm]        = 306
maximum energy[kcal/mol] = 255

bimolecular PEDs:
   E, kcal    P1->P2
       255  9.32e+41
       254  1.02e+42
       253  1.11e+42
       252  1.22e+42
       251  1.33e+42
       250  1.45e+42
       249  1.58e+42
       249  1.73e+42
       248  1.88e+42
       247  2.05e+42
       246  2.23e+42
       245  2.43e+42
       244  2.65e+42
       243  2.88e+42
       242  3.14e+42
       242  3.41e+42
       241  3.71e+42
       240  4.03e+42
       239  4.37e+42
       238  4.75e+42
       237  5.16e+42
       236  5.59e+42
       235  6.07e+42
       235  6.58e+42
       234  7.13e+42
       233  7.73e+42
       232  8.37e+42
       231  9.06e+42
       230  9.81e+42
       229  1.06e+43
       228  1.15e+43
       228  1.24e+43
       227  1.34e+43
       226  1.45e+43
       225  1.56e+43
       224  1.69e+43
       223  1.82e+43
       222  1.96e+43
       221  2.12e+43
       221  2.28e+43
       220  2.46e+43
       219  2.65e+43
       218  2.85e+43
       217  3.07e+43
       216   3.3e+43
       215  3.55e+43
       214  3.81e+43
       214   4.1e+43
       213   4.4e+43
       212  4.72e+43
       211  5.06e+43
       210  5.43e+43
       209  5.82e+43
       208  6.24e+43
       207  6.68e+43
       207  7.15e+43
       206  7.65e+43
       205  8.19e+43
       204  8.75e+43
       203  9.35e+43
       202  9.99e+43
       201  1.07e+44
       200  1.14e+44
       200  1.21e+44
       199  1.29e+44
       198  1.38e+44
       197  1.47e+44
       196  1.56e+44
       195  1.66e+44
       194  1.77e+44
       193  1.88e+44
       193     2e+44
       192  2.12e+44
       191  2.25e+44
       190  2.39e+44
       189  2.54e+44
       188  2.69e+44
       187  2.85e+44
       186  3.01e+44
       186  3.19e+44
       185  3.37e+44
       184  3.57e+44
       183  3.77e+44
       182  3.98e+44
       181   4.2e+44
       180  4.43e+44
       179  4.67e+44
       179  4.92e+44
       178  5.18e+44
       177  5.45e+44
       176  5.74e+44
       175  6.03e+44
       174  6.34e+44
       173  6.65e+44
       172  6.98e+44
       172  7.32e+44
       171  7.67e+44
       170  8.04e+44
       169  8.42e+44
       168   8.8e+44
       167  9.21e+44
       166  9.62e+44
       166     1e+45
       165  1.05e+45
       164  1.09e+45
       163  1.14e+45
       162  1.19e+45
       161  1.24e+45
       160  1.29e+45
       159  1.34e+45
       159  1.39e+45
       158  1.44e+45
       157  1.49e+45
       156  1.55e+45
       155   1.6e+45
       154  1.66e+45
       153  1.72e+45
       152  1.78e+45
       152  1.84e+45
       151  1.89e+45
       150  1.95e+45
       149  2.01e+45
       148  2.07e+45
       147  2.13e+45
       146   2.2e+45
       145  2.26e+45
       145  2.32e+45
       144  2.38e+45
       143  2.44e+45
       142  2.49e+45
       141  2.55e+45
       140  2.61e+45
       139  2.67e+45
       138  2.72e+45
       138  2.78e+45
       137  2.83e+45
       136  2.88e+45
       135  2.93e+45
       134  2.98e+45
       133  3.03e+45
       132  3.07e+45
       131  3.12e+45
       131  3.16e+45
       130  3.19e+45
       129  3.23e+45
       128  3.26e+45
       127  3.29e+45
       126  3.32e+45
       125  3.34e+45
       124  3.36e+45
       124  3.38e+45
       123  3.39e+45
       122   3.4e+45
       121  3.41e+45
       120  3.41e+45
       119  3.41e+45
       118  3.41e+45
       117   3.4e+45
       117  3.39e+45
       116  3.37e+45
       115  3.36e+45
       114  3.33e+45
       113  3.31e+45
       112  3.28e+45
       111  3.25e+45
       110  3.21e+45
       110  3.17e+45
       109  3.12e+45
       108  3.08e+45
       107  3.03e+45
       106  2.98e+45
       105  2.92e+45
       104  2.86e+45
       103   2.8e+45
       103  2.74e+45
       102  2.67e+45
       101  2.61e+45
      99.9  2.54e+45
      99.1  2.47e+45
      98.2  2.39e+45
      97.3  2.32e+45
      96.4  2.25e+45
      95.6  2.17e+45
      94.7   2.1e+45
      93.8  2.02e+45
      92.9  1.94e+45
      92.1  1.87e+45
      91.2  1.79e+45
      90.3  1.71e+45
      89.4  1.64e+45
      88.6  1.56e+45
      87.7  1.49e+45
      86.8  1.41e+45
      85.9  1.34e+45
      85.1  1.27e+45
      84.2   1.2e+45
      83.3  1.13e+45
      82.4  1.07e+45
      81.6  1.01e+45
      80.7  9.44e+44
      79.8  8.84e+44
      78.9  8.27e+44
      78.1  7.71e+44
      77.2  7.18e+44
      76.3  6.67e+44
      75.4  6.19e+44
      74.6  5.72e+44
      73.7  5.28e+44
      72.8  4.87e+44
      71.9  4.47e+44
      71.1   4.1e+44
      70.2  3.75e+44
      69.3  3.42e+44
      68.4  3.11e+44
      67.6  2.83e+44
      66.7  2.56e+44
      65.8  2.31e+44
        65  2.08e+44
      64.1  1.87e+44
      63.2  1.68e+44
      62.3   1.5e+44
      61.5  1.33e+44
      60.6  1.18e+44
      59.7  1.05e+44
      58.8  9.24e+43
        58  8.13e+43
      57.1  7.13e+43
      56.2  6.23e+43
      55.3  5.43e+43
      54.5  4.71e+43
      53.6  4.07e+43
      52.7  3.51e+43
      51.8  3.01e+43
        51  2.58e+43
      50.1  2.19e+43
      49.2  1.86e+43
      48.3  1.57e+43
      47.5  1.32e+43
      46.6  1.11e+43
      45.7  9.23e+42
      44.8  7.66e+42
        44  6.32e+42
      43.1   5.2e+42
      42.2  4.25e+42
      41.3  3.45e+42
      40.5  2.79e+42
      39.6  2.25e+42
      38.7   1.8e+42
      37.8  1.43e+42
        37  1.13e+42
      36.1  8.85e+41
      35.2   6.9e+41
      34.3  5.34e+41
      33.5  4.11e+41
      32.6  3.13e+41
      31.7  2.37e+41
      30.9  1.78e+41
        30  1.33e+41
      29.1   9.8e+40
      28.2  7.17e+40
      27.4  5.18e+40
      26.5  3.71e+40
      25.6  2.63e+40
      24.7  1.84e+40
      23.9  1.28e+40
        23  8.73e+39
      22.1   5.9e+39
      21.2  3.93e+39
      20.4  2.58e+39
      19.5  1.67e+39
      18.6  1.06e+39
      17.7  6.65e+38
      16.9  4.09e+38
        16  2.47e+38
      15.1  1.46e+38
      14.2  8.51e+37
      13.4  4.86e+37
      12.5  2.73e+37
      11.6  1.51e+37
      10.7  8.25e+36
      9.87  4.51e+36
      8.99  2.46e+36
      8.12   1.4e+36
      7.24  8.24e+35
      6.37  5.03e+35
      5.49  3.28e+35
      4.62  1.89e+35
      3.75  1.23e+35
      2.87  5.95e+34
         2  4.79e+34
      1.12  3.47e+34
     0.248   2.6e+34
    -0.626   1.7e+34
      -1.5  1.23e+34
     -2.37  4.24e+33
     -3.25  4.07e+33
     -4.12  3.26e+33
        -5  3.12e+33
     -5.87  1.48e+33
     -6.75 -8.71e+31
     -7.62 -1.04e+32
      -8.5  7.86e+31
     -9.37  5.13e+32
     -10.2 -5.91e+32
     -11.1 -3.31e+32
       -12 -1.45e+32
     -12.9 -1.23e+32
     -13.7  1.44e+33
     -14.6 -7.25e+32
     -15.5 -2.07e+32
     -16.4   9.8e+31
     -17.2  3.27e+32
     -18.1 -8.72e+31
       -19  8.09e+31
     -19.9 -3.52e+32
     -20.7  1.93e+32
     -21.6  4.23e+31
     -22.5 -1.31e+30
     -23.4 -3.28e+31
     -24.2 -5.93e+30
     -25.1 -4.14e+30
       -26     1e+31
     -26.9 -1.75e+31
     -27.7     2e+30
     -28.6 -1.14e+30
     -29.5  2.51e+29
     -30.4  1.57e+28
     -31.2  7.26e+27
     -32.1 -1.02e+27
       -33  4.92e+25
     -33.9  6.56e+29
     -34.7 -8.01e+26
     -35.6  2.97e+23
     -36.5  2.98e+24
     -37.3  5.12e+23

pressure[atm]        = 0.01
temperature[K]           = 2300
energy step[1/cm]        = 320
maximum energy[kcal/mol] = 269

bimolecular PEDs:
   E, kcal    P1->P2
       269  5.51e+42
       268  6.02e+42
       267  6.57e+42
       266  7.18e+42
       265  7.83e+42
       264  8.54e+42
       263  9.32e+42
       262  1.02e+43
       262  1.11e+43
       261  1.21e+43
       260  1.31e+43
       259  1.43e+43
       258  1.56e+43
       257  1.69e+43
       256  1.84e+43
       255     2e+43
       254  2.18e+43
       253  2.37e+43
       252  2.57e+43
       251  2.79e+43
       251  3.03e+43
       250  3.29e+43
       249  3.57e+43
       248  3.87e+43
       247  4.19e+43
       246  4.54e+43
       245  4.92e+43
       244  5.32e+43
       243  5.76e+43
       242  6.23e+43
       241  6.74e+43
       241  7.29e+43
       240  7.88e+43
       239  8.51e+43
       238  9.19e+43
       237  9.92e+43
       236  1.07e+44
       235  1.15e+44
       234  1.24e+44
       233  1.34e+44
       232  1.45e+44
       231  1.56e+44
       230  1.68e+44
       230   1.8e+44
       229  1.94e+44
       228  2.09e+44
       227  2.24e+44
       226  2.41e+44
       225  2.59e+44
       224  2.78e+44
       223  2.98e+44
       222  3.19e+44
       221  3.42e+44
       220  3.67e+44
       219  3.93e+44
       219  4.21e+44
       218   4.5e+44
       217  4.81e+44
       216  5.15e+44
       215   5.5e+44
       214  5.88e+44
       213  6.27e+44
       212   6.7e+44
       211  7.14e+44
       210  7.62e+44
       209  8.12e+44
       209  8.64e+44
       208   9.2e+44
       207   9.8e+44
       206  1.04e+45
       205  1.11e+45
       204  1.18e+45
       203  1.25e+45
       202  1.33e+45
       201  1.41e+45
       200  1.49e+45
       199  1.58e+45
       198  1.68e+45
       198  1.78e+45
       197  1.88e+45
       196  1.99e+45
       195   2.1e+45
       194  2.22e+45
       193  2.34e+45
       192  2.48e+45
       191  2.61e+45
       190  2.75e+45
       189   2.9e+45
       188  3.06e+45
       187  3.22e+45
       187  3.38e+45
       186  3.56e+45
       185  3.74e+45
       184  3.92e+45
       183  4.12e+45
       182  4.32e+45
       181  4.53e+45
       180  4.74e+45
       179  4.97e+45
       178   5.2e+45
       177  5.44e+45
       177  5.68e+45
       176  5.93e+45
       175  6.19e+45
       174  6.46e+45
       173  6.73e+45
       172  7.02e+45
       171   7.3e+45
       170   7.6e+45
       169   7.9e+45
       168  8.21e+45
       167  8.52e+45
       166  8.84e+45
       166  9.17e+45
       165   9.5e+45
       164  9.84e+45
       163  1.02e+46
       162  1.05e+46
       161  1.09e+46
       160  1.12e+46
       159  1.16e+46
       158  1.19e+46
       157  1.23e+46
       156  1.27e+46
       156   1.3e+46
       155  1.34e+46
       154  1.38e+46
       153  1.41e+46
       152  1.45e+46
       151  1.48e+46
       150  1.52e+46
       149  1.55e+46
       148  1.59e+46
       147  1.62e+46
       146  1.65e+46
       145  1.69e+46
       145  1.72e+46
       144  1.75e+46
       143  1.78e+46
       142  1.81e+46
       141  1.83e+46
       140  1.86e+46
       139  1.89e+46
       138  1.91e+46
       137  1.93e+46
       136  1.95e+46
       135  1.97e+46
       134  1.99e+46
       134     2e+46
       133  2.01e+46
       132  2.03e+46
       131  2.04e+46
       130  2.04e+46
       129  2.05e+46
       128  2.05e+46
       127  2.05e+46
       126  2.05e+46
       125  2.05e+46
       124  2.04e+46
       124  2.03e+46
       123  2.02e+46
       122  2.01e+46
       121     2e+46
       120  1.98e+46
       119  1.96e+46
       118  1.94e+46
       117  1.92e+46
       116  1.89e+46
       115  1.87e+46
       114  1.84e+46
       113  1.81e+46
       113  1.78e+46
       112  1.74e+46
       111  1.71e+46
       110  1.67e+46
       109  1.63e+46
       108  1.59e+46
       107  1.55e+46
       106  1.51e+46
       105  1.47e+46
       104  1.42e+46
       103  1.38e+46
       102  1.33e+46
       102  1.29e+46
       101  1.24e+46
      99.7   1.2e+46
      98.8  1.15e+46
      97.9  1.11e+46
        97  1.06e+46
      96.1  1.02e+46
      95.2   9.7e+45
      94.3  9.25e+45
      93.3  8.81e+45
      92.4  8.38e+45
      91.5  7.95e+45
      90.6  7.53e+45
      89.7  7.12e+45
      88.8  6.72e+45
      87.9  6.33e+45
      86.9  5.95e+45
        86  5.59e+45
      85.1  5.23e+45
      84.2  4.89e+45
      83.3  4.56e+45
      82.4  4.25e+45
      81.5  3.95e+45
      80.5  3.66e+45
      79.6  3.39e+45
      78.7  3.13e+45
      77.8  2.88e+45
      76.9  2.65e+45
        76  2.43e+45
      75.1  2.22e+45
      74.1  2.03e+45
      73.2  1.84e+45
      72.3  1.67e+45
      71.4  1.52e+45
      70.5  1.37e+45
      69.6  1.23e+45
      68.7  1.11e+45
      67.8  9.94e+44
      66.8  8.88e+44
      65.9  7.91e+44
        65  7.03e+44
      64.1  6.23e+44
      63.2   5.5e+44
      62.3  4.84e+44
      61.4  4.25e+44
      60.4  3.72e+44
      59.5  3.24e+44
      58.6  2.82e+44
      57.7  2.44e+44
      56.8   2.1e+44
      55.9  1.81e+44
        55  1.55e+44
        54  1.32e+44
      53.1  1.12e+44
      52.2  9.49e+43
      51.3     8e+43
      50.4  6.71e+43
      49.5   5.6e+43
      48.6  4.66e+43
      47.6  3.86e+43
      46.7  3.18e+43
      45.8   2.6e+43
      44.9  2.12e+43
        44  1.72e+43
      43.1  1.39e+43
      42.2  1.11e+43
      41.2  8.89e+42
      40.3  7.05e+42
      39.4  5.55e+42
      38.5  4.35e+42
      37.6  3.38e+42
      36.7  2.61e+42
      35.8     2e+42
      34.8  1.52e+42
      33.9  1.15e+42
        33  8.63e+41
      32.1  6.41e+41
      31.2  4.72e+41
      30.3  3.45e+41
      29.4  2.49e+41
      28.4  1.78e+41
      27.5  1.26e+41
      26.6  8.81e+40
      25.7  6.09e+40
      24.8  4.15e+40
      23.9   2.8e+40
        23  1.86e+40
        22  1.22e+40
      21.1  7.83e+39
      20.2  4.96e+39
      19.3  3.09e+39
      18.4  1.88e+39
      17.5  1.13e+39
      16.6  6.57e+38
      15.6  3.75e+38
      14.7  2.08e+38
      13.8  1.12e+38
      12.9  5.83e+37
        12  2.93e+37
      11.1  1.41e+37
      10.2  6.52e+36
      9.25  2.85e+36
      8.33   1.2e+36
      7.42  3.56e+35
      6.51  1.25e+35
      5.59  5.82e+34
      4.68  3.46e+34
      3.76 -3.91e+34
      2.85 -3.01e+34
      1.94  4.67e+33
      1.02  3.48e+34
     0.107 -2.77e+34
    -0.807  3.11e+34
     -1.72  2.99e+34
     -2.64 -1.25e+34
     -3.55 -1.79e+33
     -4.46 -7.74e+33
     -5.38 -9.89e+32
     -6.29  4.56e+33
     -7.21  6.26e+33
     -8.12  9.98e+32
     -9.03  7.06e+33
     -9.95  6.14e+33
     -10.9    -4e+30
     -11.8  8.52e+30
     -12.7  3.91e+32
     -13.6 -1.32e+31
     -14.5 -2.16e+32
     -15.4  2.69e+32
     -16.3  3.95e+31
     -17.3  1.76e+32
     -18.2  4.27e+31
     -19.1  -8.4e+31
       -20 -5.86e+32
     -20.9 -2.82e+31
     -21.8  1.33e+32
     -22.7 -4.03e+31
     -23.7  8.63e+29
     -24.6  4.27e+29
     -25.5 -7.18e+29
     -26.4  1.49e+30
     -27.3 -4.19e+29
     -28.2  3.41e+29
     -29.1 -6.23e+28
     -30.1  1.11e+28
       -31 -3.29e+27
     -31.9  3.86e+29
     -32.8 -1.42e+27
     -33.7  1.05e+25
     -34.6 -1.38e+24
     -35.5  2.37e+28
     -36.5 -2.48e+25
     -37.4  2.34e+24

pressure[atm]        = 0.1
temperature[K]           = 2300
energy step[1/cm]        = 320
maximum energy[kcal/mol] = 269

bimolecular PEDs:
   E, kcal    P1->P2
       269  5.51e+42
       268  6.02e+42
       267  6.57e+42
       266  7.18e+42
       265  7.83e+42
       264  8.54e+42
       263  9.32e+42
       262  1.02e+43
       262  1.11e+43
       261  1.21e+43
       260  1.31e+43
       259  1.43e+43
       258  1.56e+43
       257  1.69e+43
       256  1.84e+43
       255     2e+43
       254  2.18e+43
       253  2.37e+43
       252  2.57e+43
       251  2.79e+43
       251  3.03e+43
       250  3.29e+43
       249  3.57e+43
       248  3.87e+43
       247  4.19e+43
       246  4.54e+43
       245  4.92e+43
       244  5.32e+43
       243  5.76e+43
       242  6.23e+43
       241  6.74e+43
       241  7.29e+43
       240  7.88e+43
       239  8.51e+43
       238  9.19e+43
       237  9.92e+43
       236  1.07e+44
       235  1.15e+44
       234  1.24e+44
       233  1.34e+44
       232  1.45e+44
       231  1.56e+44
       230  1.68e+44
       230   1.8e+44
       229  1.94e+44
       228  2.09e+44
       227  2.24e+44
       226  2.41e+44
       225  2.59e+44
       224  2.78e+44
       223  2.98e+44
       222  3.19e+44
       221  3.42e+44
       220  3.67e+44
       219  3.93e+44
       219  4.21e+44
       218   4.5e+44
       217  4.81e+44
       216  5.15e+44
       215   5.5e+44
       214  5.88e+44
       213  6.27e+44
       212   6.7e+44
       211  7.14e+44
       210  7.62e+44
       209  8.12e+44
       209  8.64e+44
       208   9.2e+44
       207   9.8e+44
       206  1.04e+45
       205  1.11e+45
       204  1.18e+45
       203  1.25e+45
       202  1.33e+45
       201  1.41e+45
       200  1.49e+45
       199  1.58e+45
       198  1.68e+45
       198  1.78e+45
       197  1.88e+45
       196  1.99e+45
       195   2.1e+45
       194  2.22e+45
       193  2.34e+45
       192  2.48e+45
       191  2.61e+45
       190  2.75e+45
       189   2.9e+45
       188  3.06e+45
       187  3.22e+45
       187  3.38e+45
       186  3.56e+45
       185  3.74e+45
       184  3.92e+45
       183  4.12e+45
       182  4.32e+45
       181  4.53e+45
       180  4.74e+45
       179  4.97e+45
       178   5.2e+45
       177  5.44e+45
       177  5.68e+45
       176  5.93e+45
       175  6.19e+45
       174  6.46e+45
       173  6.73e+45
       172  7.02e+45
       171   7.3e+45
       170   7.6e+45
       169   7.9e+45
       168  8.21e+45
       167  8.52e+45
       166  8.84e+45
       166  9.17e+45
       165   9.5e+45
       164  9.84e+45
       163  1.02e+46
       162  1.05e+46
       161  1.09e+46
       160  1.12e+46
       159  1.16e+46
       158  1.19e+46
       157  1.23e+46
       156  1.27e+46
       156   1.3e+46
       155  1.34e+46
       154  1.38e+46
       153  1.41e+46
       152  1.45e+46
       151  1.48e+46
       150  1.52e+46
       149  1.55e+46
       148  1.59e+46
       147  1.62e+46
       146  1.65e+46
       145  1.69e+46
       145  1.72e+46
       144  1.75e+46
       143  1.78e+46
       142  1.81e+46
       141  1.83e+46
       140  1.86e+46
       139  1.89e+46
       138  1.91e+46
       137  1.93e+46
       136  1.95e+46
       135  1.97e+46
       134  1.99e+46
       134     2e+46
       133  2.01e+46
       132  2.03e+46
       131  2.04e+46
       130  2.04e+46
       129  2.05e+46
       128  2.05e+46
       127  2.05e+46
       126  2.05e+46
       125  2.05e+46
       124  2.04e+46
       124  2.03e+46
       123  2.02e+46
       122  2.01e+46
       121     2e+46
       120  1.98e+46
       119  1.96e+46
       118  1.94e+46
       117  1.92e+46
       116  1.89e+46
       115  1.87e+46
       114  1.84e+46
       113  1.81e+46
       113  1.78e+46
       112  1.74e+46
       111  1.71e+46
       110  1.67e+46
       109  1.63e+46
       108  1.59e+46
       107  1.55e+46
       106  1.51e+46
       105  1.47e+46
       104  1.42e+46
       103  1.38e+46
       102  1.33e+46
       102  1.29e+46
       101  1.24e+46
      99.7   1.2e+46
      98.8  1.15e+46
      97.9  1.11e+46
        97  1.06e+46
      96.1  1.02e+46
      95.2   9.7e+45
      94.3  9.25e+45
      93.3  8.81e+45
      92.4  8.38e+45
      91.5  7.95e+45
      90.6  7.53e+45
      89.7  7.12e+45
      88.8  6.72e+45
      87.9  6.33e+45
      86.9  5.95e+45
        86  5.59e+45
      85.1  5.23e+45
      84.2  4.89e+45
      83.3  4.56e+45
      82.4  4.25e+45
      81.5  3.95e+45
      80.5  3.66e+45
      79.6  3.39e+45
      78.7  3.13e+45
      77.8  2.88e+45
      76.9  2.65e+45
        76  2.43e+45
      75.1  2.22e+45
      74.1  2.03e+45
      73.2  1.84e+45
      72.3  1.67e+45
      71.4  1.52e+45
      70.5  1.37e+45
      69.6  1.23e+45
      68.7  1.11e+45
      67.8  9.94e+44
      66.8  8.88e+44
      65.9  7.91e+44
        65  7.03e+44
      64.1  6.23e+44
      63.2   5.5e+44
      62.3  4.84e+44
      61.4  4.25e+44
      60.4  3.72e+44
      59.5  3.24e+44
      58.6  2.82e+44
      57.7  2.44e+44
      56.8   2.1e+44
      55.9  1.81e+44
        55  1.55e+44
        54  1.32e+44
      53.1  1.12e+44
      52.2  9.49e+43
      51.3     8e+43
      50.4  6.71e+43
      49.5   5.6e+43
      48.6  4.66e+43
      47.6  3.86e+43
      46.7  3.18e+43
      45.8   2.6e+43
      44.9  2.12e+43
        44  1.72e+43
      43.1  1.39e+43
      42.2  1.11e+43
      41.2  8.89e+42
      40.3  7.05e+42
      39.4  5.55e+42
      38.5  4.35e+42
      37.6  3.38e+42
      36.7  2.61e+42
      35.8     2e+42
      34.8  1.52e+42
      33.9  1.15e+42
        33  8.63e+41
      32.1  6.41e+41
      31.2  4.72e+41
      30.3  3.45e+41
      29.4  2.49e+41
      28.4  1.78e+41
      27.5  1.26e+41
      26.6  8.81e+40
      25.7  6.09e+40
      24.8  4.15e+40
      23.9   2.8e+40
        23  1.86e+40
        22  1.22e+40
      21.1  7.83e+39
      20.2  4.96e+39
      19.3  3.09e+39
      18.4  1.88e+39
      17.5  1.13e+39
      16.6  6.57e+38
      15.6  3.75e+38
      14.7  2.08e+38
      13.8  1.12e+38
      12.9  5.82e+37
        12  2.92e+37
      11.1   1.4e+37
      10.2  6.51e+36
      9.25  2.87e+36
      8.33  1.18e+36
      7.42  3.91e+35
      6.51  1.81e+35
      5.59  5.54e+34
      4.68  3.41e+34
      3.76 -1.18e+34
      2.85  4.68e+34
      1.94 -1.01e+34
      1.02  9.07e+33
     0.107  1.23e+34
    -0.807 -2.23e+34
     -1.72 -2.57e+34
     -2.64 -4.26e+33
     -3.55  2.51e+34
     -4.46  5.87e+33
     -5.38 -1.25e+34
     -6.29  8.26e+33
     -7.21  8.31e+33
     -8.12 -2.92e+33
     -9.03 -1.11e+34
     -9.95 -5.19e+32
     -10.9  1.54e+32
     -11.8 -6.54e+32
     -12.7  5.58e+32
     -13.6 -9.69e+32
     -14.5  1.35e+33
     -15.4 -8.06e+32
     -16.3  2.48e+32
     -17.3 -3.48e+32
     -18.2  2.08e+32
     -19.1 -2.75e+32
       -20  1.12e+32
     -20.9 -2.19e+33
     -21.8  1.92e+32
     -22.7  7.82e+30
     -23.7 -2.42e+31
     -24.6  9.56e+30
     -25.5 -3.98e+30
     -26.4   5.9e+29
     -27.3 -9.86e+29
     -28.2  3.17e+28
     -29.1 -1.39e+28
     -30.1 -2.39e+28
       -31  8.48e+27
     -31.9 -1.71e+27
     -32.8  1.58e+27
     -33.7 -1.72e+25
     -34.6 -3.03e+25
     -35.5 -2.48e+25
     -36.5 -2.23e+26
     -37.4  1.41e+26

pressure[atm]        = 1
temperature[K]           = 2300
energy step[1/cm]        = 320
maximum energy[kcal/mol] = 269

bimolecular PEDs:
   E, kcal    P1->P2
       269  5.51e+42
       268  6.02e+42
       267  6.57e+42
       266  7.18e+42
       265  7.83e+42
       264  8.54e+42
       263  9.32e+42
       262  1.02e+43
       262  1.11e+43
       261  1.21e+43
       260  1.31e+43
       259  1.43e+43
       258  1.56e+43
       257  1.69e+43
       256  1.84e+43
       255     2e+43
       254  2.18e+43
       253  2.37e+43
       252  2.57e+43
       251  2.79e+43
       251  3.03e+43
       250  3.29e+43
       249  3.57e+43
       248  3.87e+43
       247  4.19e+43
       246  4.54e+43
       245  4.92e+43
       244  5.32e+43
       243  5.76e+43
       242  6.23e+43
       241  6.74e+43
       241  7.29e+43
       240  7.88e+43
       239  8.51e+43
       238  9.19e+43
       237  9.92e+43
       236  1.07e+44
       235  1.15e+44
       234  1.24e+44
       233  1.34e+44
       232  1.45e+44
       231  1.56e+44
       230  1.68e+44
       230   1.8e+44
       229  1.94e+44
       228  2.09e+44
       227  2.24e+44
       226  2.41e+44
       225  2.59e+44
       224  2.78e+44
       223  2.98e+44
       222  3.19e+44
       221  3.42e+44
       220  3.67e+44
       219  3.93e+44
       219  4.21e+44
       218   4.5e+44
       217  4.81e+44
       216  5.15e+44
       215   5.5e+44
       214  5.88e+44
       213  6.27e+44
       212   6.7e+44
       211  7.14e+44
       210  7.62e+44
       209  8.12e+44
       209  8.64e+44
       208   9.2e+44
       207  9.79e+44
       206  1.04e+45
       205  1.11e+45
       204  1.18e+45
       203  1.25e+45
       202  1.33e+45
       201  1.41e+45
       200  1.49e+45
       199  1.58e+45
       198  1.68e+45
       198  1.78e+45
       197  1.88e+45
       196  1.99e+45
       195   2.1e+45
       194  2.22e+45
       193  2.34e+45
       192  2.48e+45
       191  2.61e+45
       190  2.75e+45
       189   2.9e+45
       188  3.06e+45
       187  3.22e+45
       187  3.38e+45
       186  3.56e+45
       185  3.74e+45
       184  3.92e+45
       183  4.12e+45
       182  4.32e+45
       181  4.53e+45
       180  4.74e+45
       179  4.97e+45
       178   5.2e+45
       177  5.44e+45
       177  5.68e+45
       176  5.93e+45
       175  6.19e+45
       174  6.46e+45
       173  6.73e+45
       172  7.02e+45
       171   7.3e+45
       170   7.6e+45
       169   7.9e+45
       168  8.21e+45
       167  8.52e+45
       166  8.84e+45
       166  9.17e+45
       165   9.5e+45
       164  9.84e+45
       163  1.02e+46
       162  1.05e+46
       161  1.09e+46
       160  1.12e+46
       159  1.16e+46
       158  1.19e+46
       157  1.23e+46
       156  1.27e+46
       156   1.3e+46
       155  1.34e+46
       154  1.38e+46
       153  1.41e+46
       152  1.45e+46
       151  1.48e+46
       150  1.52e+46
       149  1.55e+46
       148  1.59e+46
       147  1.62e+46
       146  1.65e+46
       145  1.69e+46
       145  1.72e+46
       144  1.75e+46
       143  1.78e+46
       142  1.81e+46
       141  1.83e+46
       140  1.86e+46
       139  1.89e+46
       138  1.91e+46
       137  1.93e+46
       136  1.95e+46
       135  1.97e+46
       134  1.99e+46
       134     2e+46
       133  2.01e+46
       132  2.03e+46
       131  2.04e+46
       130  2.04e+46
       129  2.05e+46
       128  2.05e+46
       127  2.05e+46
       126  2.05e+46
       125  2.05e+46
       124  2.04e+46
       124  2.03e+46
       123  2.02e+46
       122  2.01e+46
       121     2e+46
       120  1.98e+46
       119  1.96e+46
       118  1.94e+46
       117  1.92e+46
       116  1.89e+46
       115  1.87e+46
       114  1.84e+46
       113  1.81e+46
       113  1.78e+46
       112  1.74e+46
       111  1.71e+46
       110  1.67e+46
       109  1.63e+46
       108  1.59e+46
       107  1.55e+46
       106  1.51e+46
       105  1.47e+46
       104  1.42e+46
       103  1.38e+46
       102  1.33e+46
       102  1.29e+46
       101  1.24e+46
      99.7   1.2e+46
      98.8  1.15e+46
      97.9  1.11e+46
        97  1.06e+46
      96.1  1.02e+46
      95.2   9.7e+45
      94.3  9.25e+45
      93.3  8.81e+45
      92.4  8.38e+45
      91.5  7.95e+45
      90.6  7.53e+45
      89.7  7.12e+45
      88.8  6.72e+45
      87.9  6.33e+45
      86.9  5.95e+45
        86  5.59e+45
      85.1  5.23e+45
      84.2  4.89e+45
      83.3  4.56e+45
      82.4  4.25e+45
      81.5  3.95e+45
      80.5  3.66e+45
      79.6  3.39e+45
      78.7  3.13e+45
      77.8  2.88e+45
      76.9  2.65e+45
        76  2.43e+45
      75.1  2.22e+45
      74.1  2.03e+45
      73.2  1.84e+45
      72.3  1.67e+45
      71.4  1.52e+45
      70.5  1.37e+45
      69.6  1.23e+45
      68.7  1.11e+45
      67.8  9.94e+44
      66.8  8.88e+44
      65.9  7.91e+44
        65  7.03e+44
      64.1  6.23e+44
      63.2   5.5e+44
      62.3  4.84e+44
      61.4  4.25e+44
      60.4  3.72e+44
      59.5  3.24e+44
      58.6  2.82e+44
      57.7  2.44e+44
      56.8   2.1e+44
      55.9  1.81e+44
        55  1.55e+44
        54  1.32e+44
      53.1  1.12e+44
      52.2  9.49e+43
      51.3     8e+43
      50.4  6.71e+43
      49.5   5.6e+43
      48.6  4.66e+43
      47.6  3.86e+43
      46.7  3.18e+43
      45.8   2.6e+43
      44.9  2.12e+43
        44  1.72e+43
      43.1  1.39e+43
      42.2  1.11e+43
      41.2  8.89e+42
      40.3  7.05e+42
      39.4  5.55e+42
      38.5  4.35e+42
      37.6  3.38e+42
      36.7  2.61e+42
      35.8     2e+42
      34.8  1.52e+42
      33.9  1.15e+42
        33  8.63e+41
      32.1  6.41e+41
      31.2  4.72e+41
      30.3  3.45e+41
      29.4  2.49e+41
      28.4  1.78e+41
      27.5  1.26e+41
      26.6  8.81e+40
      25.7  6.09e+40
      24.8  4.15e+40
      23.9   2.8e+40
        23  1.86e+40
        22  1.22e+40
      21.1  7.83e+39
      20.2  4.96e+39
      19.3  3.09e+39
      18.4  1.88e+39
      17.5  1.13e+39
      16.6  6.58e+38
      15.6  3.75e+38
      14.7  2.08e+38
      13.8  1.12e+38
      12.9  5.85e+37
        12  2.94e+37
      11.1  1.42e+37
      10.2  6.42e+36
      9.25  2.86e+36
      8.33  1.13e+36
      7.42  3.61e+35
      6.51  1.08e+35
      5.59  1.73e+34
      4.68  1.17e+34
      3.76   1.7e+34
      2.85  2.36e+34
      1.94  3.35e+34
      1.02  2.32e+34
     0.107  2.43e+34
    -0.807  1.07e+34
     -1.72  -7.5e+31
     -2.64 -2.07e+33
     -3.55   4.9e+32
     -4.46 -3.48e+33
     -5.38 -4.61e+33
     -6.29 -7.26e+32
     -7.21 -1.12e+34
     -8.12  5.57e+33
     -9.03  1.45e+33
     -9.95  1.77e+33
     -10.9  7.29e+32
     -11.8 -2.14e+33
     -12.7  2.49e+33
     -13.6  9.34e+32
     -14.5  -5.8e+32
     -15.4  3.19e+32
     -16.3  5.57e+31
     -17.3  7.47e+30
     -18.2  1.75e+32
     -19.1  3.72e+30
       -20  1.22e+32
     -20.9 -1.47e+32
     -21.8  1.51e+32
     -22.7  2.42e+31
     -23.7 -1.45e+31
     -24.6  2.54e+31
     -25.5 -1.27e+31
     -26.4   3.6e+30
     -27.3  3.86e+29
     -28.2 -6.59e+29
     -29.1 -4.49e+27
     -30.1 -3.03e+28
       -31  1.45e+28
     -31.9 -2.07e+27
     -32.8 -9.55e+28
     -33.7  1.87e+26
     -34.6 -2.33e+24
     -35.5  2.48e+24
     -36.5 -3.64e+26
     -37.4 -3.21e+19

pressure[atm]        = 10
temperature[K]           = 2300
energy step[1/cm]        = 320
maximum energy[kcal/mol] = 269

bimolecular PEDs:
   E, kcal    P1->P2
       269  5.51e+42
       268  6.01e+42
       267  6.57e+42
       266  7.17e+42
       265  7.83e+42
       264  8.54e+42
       263  9.31e+42
       262  1.02e+43
       262  1.11e+43
       261  1.21e+43
       260  1.31e+43
       259  1.43e+43
       258  1.56e+43
       257  1.69e+43
       256  1.84e+43
       255     2e+43
       254  2.18e+43
       253  2.37e+43
       252  2.57e+43
       251  2.79e+43
       251  3.03e+43
       250  3.29e+43
       249  3.56e+43
       248  3.86e+43
       247  4.19e+43
       246  4.54e+43
       245  4.92e+43
       244  5.32e+43
       243  5.76e+43
       242  6.23e+43
       241  6.74e+43
       241  7.29e+43
       240  7.88e+43
       239  8.51e+43
       238  9.19e+43
       237  9.92e+43
       236  1.07e+44
       235  1.15e+44
       234  1.24e+44
       233  1.34e+44
       232  1.45e+44
       231  1.56e+44
       230  1.68e+44
       230   1.8e+44
       229  1.94e+44
       228  2.08e+44
       227  2.24e+44
       226  2.41e+44
       225  2.58e+44
       224  2.77e+44
       223  2.98e+44
       222  3.19e+44
       221  3.42e+44
       220  3.67e+44
       219  3.93e+44
       219  4.21e+44
       218   4.5e+44
       217  4.81e+44
       216  5.15e+44
       215   5.5e+44
       214  5.87e+44
       213  6.27e+44
       212  6.69e+44
       211  7.14e+44
       210  7.61e+44
       209  8.11e+44
       209  8.64e+44
       208   9.2e+44
       207  9.79e+44
       206  1.04e+45
       205  1.11e+45
       204  1.18e+45
       203  1.25e+45
       202  1.33e+45
       201  1.41e+45
       200  1.49e+45
       199  1.58e+45
       198  1.68e+45
       198  1.78e+45
       197  1.88e+45
       196  1.99e+45
       195   2.1e+45
       194  2.22e+45
       193  2.34e+45
       192  2.47e+45
       191  2.61e+45
       190  2.75e+45
       189   2.9e+45
       188  3.05e+45
       187  3.22e+45
       187  3.38e+45
       186  3.56e+45
       185  3.74e+45
       184  3.92e+45
       183  4.12e+45
       182  4.32e+45
       181  4.53e+45
       180  4.74e+45
       179  4.97e+45
       178   5.2e+45
       177  5.44e+45
       177  5.68e+45
       176  5.93e+45
       175  6.19e+45
       174  6.46e+45
       173  6.73e+45
       172  7.02e+45
       171   7.3e+45
       170   7.6e+45
       169   7.9e+45
       168  8.21e+45
       167  8.52e+45
       166  8.84e+45
       166  9.17e+45
       165   9.5e+45
       164  9.84e+45
       163  1.02e+46
       162  1.05e+46
       161  1.09e+46
       160  1.12e+46
       159  1.16e+46
       158  1.19e+46
       157  1.23e+46
       156  1.27e+46
       156   1.3e+46
       155  1.34e+46
       154  1.38e+46
       153  1.41e+46
       152  1.45e+46
       151  1.48e+46
       150  1.52e+46
       149  1.55e+46
       148  1.59e+46
       147  1.62e+46
       146  1.65e+46
       145  1.69e+46
       145  1.72e+46
       144  1.75e+46
       143  1.78e+46
       142  1.81e+46
       141  1.83e+46
       140  1.86e+46
       139  1.89e+46
       138  1.91e+46
       137  1.93e+46
       136  1.95e+46
       135  1.97e+46
       134  1.99e+46
       134     2e+46
       133  2.01e+46
       132  2.03e+46
       131  2.04e+46
       130  2.04e+46
       129  2.05e+46
       128  2.05e+46
       127  2.05e+46
       126  2.05e+46
       125  2.05e+46
       124  2.04e+46
       124  2.03e+46
       123  2.02e+46
       122  2.01e+46
       121     2e+46
       120  1.98e+46
       119  1.96e+46
       118  1.94e+46
       117  1.92e+46
       116  1.89e+46
       115  1.87e+46
       114  1.84e+46
       113  1.81e+46
       113  1.78e+46
       112  1.74e+46
       111  1.71e+46
       110  1.67e+46
       109  1.63e+46
       108  1.59e+46
       107  1.55e+46
       106  1.51e+46
       105  1.47e+46
       104  1.42e+46
       103  1.38e+46
       102  1.33e+46
       102  1.29e+46
       101  1.24e+46
      99.7   1.2e+46
      98.8  1.15e+46
      97.9  1.11e+46
        97  1.06e+46
      96.1  1.02e+46
      95.2   9.7e+45
      94.3  9.25e+45
      93.3  8.81e+45
      92.4  8.38e+45
      91.5  7.95e+45
      90.6  7.53e+45
      89.7  7.12e+45
      88.8  6.72e+45
      87.9  6.33e+45
      86.9  5.96e+45
        86  5.59e+45
      85.1  5.24e+45
      84.2  4.89e+45
      83.3  4.57e+45
      82.4  4.25e+45
      81.5  3.95e+45
      80.5  3.66e+45
      79.6  3.39e+45
      78.7  3.13e+45
      77.8  2.88e+45
      76.9  2.65e+45
        76  2.43e+45
      75.1  2.22e+45
      74.1  2.03e+45
      73.2  1.84e+45
      72.3  1.67e+45
      71.4  1.52e+45
      70.5  1.37e+45
      69.6  1.23e+45
      68.7  1.11e+45
      67.8  9.94e+44
      66.8  8.89e+44
      65.9  7.92e+44
        65  7.03e+44
      64.1  6.23e+44
      63.2   5.5e+44
      62.3  4.84e+44
      61.4  4.25e+44
      60.4  3.72e+44
      59.5  3.24e+44
      58.6  2.82e+44
      57.7  2.44e+44
      56.8   2.1e+44
      55.9  1.81e+44
        55  1.55e+44
        54  1.32e+44
      53.1  1.12e+44
      52.2   9.5e+43
      51.3     8e+43
      50.4  6.71e+43
      49.5  5.61e+43
      48.6  4.66e+43
      47.6  3.86e+43
      46.7  3.18e+43
      45.8   2.6e+43
      44.9  2.12e+43
        44  1.72e+43
      43.1  1.39e+43
      42.2  1.12e+43
      41.2  8.89e+42
      40.3  7.05e+42
      39.4  5.56e+42
      38.5  4.35e+42
      37.6  3.38e+42
      36.7  2.61e+42
      35.8     2e+42
      34.8  1.53e+42
      33.9  1.15e+42
        33  8.64e+41
      32.1  6.42e+41
      31.2  4.73e+41
      30.3  3.45e+41
      29.4   2.5e+41
      28.4  1.79e+41
      27.5  1.26e+41
      26.6  8.83e+40
      25.7   6.1e+40
      24.8  4.16e+40
      23.9  2.81e+40
        23  1.86e+40
        22  1.22e+40
      21.1  7.87e+39
      20.2  4.99e+39
      19.3  3.11e+39
      18.4   1.9e+39
      17.5  1.14e+39
      16.6  6.64e+38
      15.6   3.8e+38
      14.7  2.11e+38
      13.8  1.14e+38
      12.9  5.99e+37
        12  3.04e+37
      11.1   1.5e+37
      10.2  7.13e+36
      9.25  3.22e+36
      8.33  1.34e+36
      7.42  5.82e+35
      6.51  2.77e+35
      5.59  1.01e+35
      4.68  -1.2e+34
      3.76  2.89e+33
      2.85  2.01e+34
      1.94  7.63e+33
      1.02 -8.58e+33
     0.107  2.25e+34
    -0.807  2.86e+34
     -1.72  9.95e+33
     -2.64  1.28e+34
     -3.55  1.99e+34
     -4.46 -1.72e+34
     -5.38 -1.06e+32
     -6.29  1.84e+33
     -7.21  7.43e+33
     -8.12  9.39e+32
     -9.03   2.6e+33
     -9.95 -1.75e+33
     -10.9 -4.84e+32
     -11.8  5.39e+32
     -12.7 -1.12e+33
     -13.6 -4.43e+33
     -14.5  8.48e+32
     -15.4 -5.96e+32
     -16.3  1.47e+33
     -17.3 -2.01e+33
     -18.2  7.26e+32
     -19.1 -5.71e+32
       -20  4.27e+32
     -20.9 -4.82e+32
     -21.8  1.51e+32
     -22.7  1.18e+31
     -23.7  3.37e+31
     -24.6  6.65e+31
     -25.5 -9.07e+30
     -26.4 -6.95e+30
     -27.3  5.25e+30
     -28.2 -1.17e+30
     -29.1  1.47e+29
     -30.1 -1.08e+28
       -31 -9.08e+26
     -31.9  9.36e+26
     -32.8 -1.04e+26
     -33.7 -3.46e+28
     -34.6  6.93e+25
     -35.5  8.37e+23
     -36.5   4.2e+26
     -37.4 -3.74e+21

pressure[atm]        = 100
temperature[K]           = 2300
energy step[1/cm]        = 320
maximum energy[kcal/mol] = 269

bimolecular PEDs:
   E, kcal    P1->P2
       269  5.46e+42
       268  5.97e+42
       267  6.52e+42
       266  7.12e+42
       265  7.78e+42
       264  8.49e+42
       263  9.27e+42
       262  1.01e+43
       262   1.1e+43
       261   1.2e+43
       260  1.31e+43
       259  1.42e+43
       258  1.55e+43
       257  1.69e+43
       256  1.84e+43
       255     2e+43
       254  2.17e+43
       253  2.36e+43
       252  2.56e+43
       251  2.78e+43
       251  3.02e+43
       250  3.28e+43
       249  3.55e+43
       248  3.85e+43
       247  4.18e+43
       246  4.53e+43
       245   4.9e+43
       244  5.31e+43
       243  5.75e+43
       242  6.22e+43
       241  6.72e+43
       241  7.27e+43
       240  7.85e+43
       239  8.49e+43
       238  9.16e+43
       237  9.89e+43
       236  1.07e+44
       235  1.15e+44
       234  1.24e+44
       233  1.34e+44
       232  1.44e+44
       231  1.55e+44
       230  1.67e+44
       230   1.8e+44
       229  1.93e+44
       228  2.08e+44
       227  2.24e+44
       226   2.4e+44
       225  2.58e+44
       224  2.77e+44
       223  2.97e+44
       222  3.19e+44
       221  3.41e+44
       220  3.66e+44
       219  3.92e+44
       219   4.2e+44
       218  4.49e+44
       217   4.8e+44
       216  5.14e+44
       215  5.49e+44
       214  5.86e+44
       213  6.26e+44
       212  6.68e+44
       211  7.13e+44
       210   7.6e+44
       209   8.1e+44
       209  8.63e+44
       208  9.18e+44
       207  9.77e+44
       206  1.04e+45
       205  1.11e+45
       204  1.17e+45
       203  1.25e+45
       202  1.32e+45
       201  1.41e+45
       200  1.49e+45
       199  1.58e+45
       198  1.67e+45
       198  1.77e+45
       197  1.88e+45
       196  1.98e+45
       195   2.1e+45
       194  2.22e+45
       193  2.34e+45
       192  2.47e+45
       191  2.61e+45
       190  2.75e+45
       189   2.9e+45
       188  3.05e+45
       187  3.21e+45
       187  3.38e+45
       186  3.55e+45
       185  3.73e+45
       184  3.92e+45
       183  4.11e+45
       182  4.31e+45
       181  4.52e+45
       180  4.74e+45
       179  4.96e+45
       178  5.19e+45
       177  5.43e+45
       177  5.67e+45
       176  5.93e+45
       175  6.19e+45
       174  6.45e+45
       173  6.73e+45
       172  7.01e+45
       171   7.3e+45
       170  7.59e+45
       169  7.89e+45
       168   8.2e+45
       167  8.51e+45
       166  8.83e+45
       166  9.16e+45
       165  9.49e+45
       164  9.83e+45
       163  1.02e+46
       162  1.05e+46
       161  1.09e+46
       160  1.12e+46
       159  1.16e+46
       158  1.19e+46
       157  1.23e+46
       156  1.27e+46
       156   1.3e+46
       155  1.34e+46
       154  1.37e+46
       153  1.41e+46
       152  1.45e+46
       151  1.48e+46
       150  1.52e+46
       149  1.55e+46
       148  1.59e+46
       147  1.62e+46
       146  1.65e+46
       145  1.69e+46
       145  1.72e+46
       144  1.75e+46
       143  1.78e+46
       142  1.81e+46
       141  1.83e+46
       140  1.86e+46
       139  1.88e+46
       138  1.91e+46
       137  1.93e+46
       136  1.95e+46
       135  1.97e+46
       134  1.99e+46
       134     2e+46
       133  2.01e+46
       132  2.03e+46
       131  2.03e+46
       130  2.04e+46
       129  2.05e+46
       128  2.05e+46
       127  2.05e+46
       126  2.05e+46
       125  2.05e+46
       124  2.04e+46
       124  2.03e+46
       123  2.02e+46
       122  2.01e+46
       121     2e+46
       120  1.98e+46
       119  1.96e+46
       118  1.94e+46
       117  1.92e+46
       116  1.89e+46
       115  1.87e+46
       114  1.84e+46
       113  1.81e+46
       113  1.78e+46
       112  1.74e+46
       111  1.71e+46
       110  1.67e+46
       109  1.63e+46
       108  1.59e+46
       107  1.55e+46
       106  1.51e+46
       105  1.47e+46
       104  1.42e+46
       103  1.38e+46
       102  1.34e+46
       102  1.29e+46
       101  1.24e+46
      99.7   1.2e+46
      98.8  1.15e+46
      97.9  1.11e+46
        97  1.06e+46
      96.1  1.02e+46
      95.2  9.71e+45
      94.3  9.27e+45
      93.3  8.83e+45
      92.4  8.39e+45
      91.5  7.96e+45
      90.6  7.54e+45
      89.7  7.13e+45
      88.8  6.73e+45
      87.9  6.34e+45
      86.9  5.96e+45
        86   5.6e+45
      85.1  5.24e+45
      84.2   4.9e+45
      83.3  4.57e+45
      82.4  4.26e+45
      81.5  3.96e+45
      80.5  3.67e+45
      79.6  3.39e+45
      78.7  3.13e+45
      77.8  2.89e+45
      76.9  2.65e+45
        76  2.43e+45
      75.1  2.23e+45
      74.1  2.03e+45
      73.2  1.85e+45
      72.3  1.68e+45
      71.4  1.52e+45
      70.5  1.37e+45
      69.6  1.24e+45
      68.7  1.11e+45
      67.8  9.97e+44
      66.8  8.91e+44
      65.9  7.94e+44
        65  7.06e+44
      64.1  6.25e+44
      63.2  5.52e+44
      62.3  4.86e+44
      61.4  4.27e+44
      60.4  3.73e+44
      59.5  3.25e+44
      58.6  2.83e+44
      57.7  2.45e+44
      56.8  2.11e+44
      55.9  1.82e+44
        55  1.56e+44
        54  1.33e+44
      53.1  1.13e+44
      52.2  9.54e+43
      51.3  8.04e+43
      50.4  6.75e+43
      49.5  5.64e+43
      48.6  4.69e+43
      47.6  3.88e+43
      46.7   3.2e+43
      45.8  2.62e+43
      44.9  2.14e+43
        44  1.73e+43
      43.1   1.4e+43
      42.2  1.12e+43
      41.2  8.96e+42
      40.3  7.11e+42
      39.4   5.6e+42
      38.5  4.39e+42
      37.6  3.42e+42
      36.7  2.64e+42
      35.8  2.03e+42
      34.8  1.54e+42
      33.9  1.17e+42
        33  8.75e+41
      32.1   6.5e+41
      31.2   4.8e+41
      30.3   3.5e+41
      29.4  2.54e+41
      28.4  1.82e+41
      27.5  1.29e+41
      26.6  9.02e+40
      25.7  6.24e+40
      24.8  4.27e+40
      23.9  2.89e+40
        23  1.92e+40
        22  1.27e+40
      21.1   8.2e+39
      20.2  5.23e+39
      19.3  3.28e+39
      18.4  2.02e+39
      17.5  1.23e+39
      16.6  7.29e+38
      15.6  4.25e+38
      14.7  2.44e+38
      13.8  1.37e+38
      12.9  7.57e+37
        12  4.14e+37
      11.1  2.23e+37
      10.2  1.21e+37
      9.25  6.72e+36
      8.33  3.56e+36
      7.42  2.27e+36
      6.51  1.24e+36
      5.59  7.86e+35
      4.68  4.58e+35
      3.76  2.93e+35
      2.85   2.2e+35
      1.94  1.39e+35
      1.02  9.67e+34
     0.107  4.95e+34
    -0.807  3.81e+34
     -1.72  4.95e+34
     -2.64 -2.99e+31
     -3.55 -3.46e+33
     -4.46  -4.2e+33
     -5.38   2.8e+33
     -6.29  9.13e+33
     -7.21  4.62e+33
     -8.12  2.12e+33
     -9.03 -1.98e+33
     -9.95     2e+33
     -10.9 -9.04e+32
     -11.8   1.6e+33
     -12.7  -2.4e+33
     -13.6  4.42e+33
     -14.5 -2.17e+33
     -15.4 -1.22e+33
     -16.3  9.88e+32
     -17.3  1.48e+32
     -18.2  1.19e+33
     -19.1 -1.06e+33
       -20  1.37e+32
     -20.9  1.71e+32
     -21.8  2.53e+31
     -22.7 -9.12e+31
     -23.7  4.39e+31
     -24.6  3.62e+31
     -25.5 -9.01e+30
     -26.4 -1.65e+31
     -27.3   5.6e+30
     -28.2  7.27e+29
     -29.1 -7.24e+29
     -30.1  1.41e+29
       -31 -2.87e+28
     -31.9  2.88e+27
     -32.8 -7.14e+25
     -33.7   2.3e+28
     -34.6 -1.29e+25
     -35.5 -4.16e+24
     -36.5  3.13e+24
     -37.4  2.04e+22

pressure[atm]        = 0.01
temperature[K]           = 2400
energy step[1/cm]        = 334
maximum energy[kcal/mol] = 283

bimolecular PEDs:
   E, kcal    P1->P2
       283     3e+43
       282  3.28e+43
       281  3.58e+43
       280  3.91e+43
       279  4.27e+43
       278  4.66e+43
       277  5.08e+43
       276  5.54e+43
       275  6.04e+43
       274  6.58e+43
       274  7.17e+43
       273   7.8e+43
       272  8.49e+43
       271  9.24e+43
       270  1.01e+44
       269  1.09e+44
       268  1.19e+44
       267  1.29e+44
       266   1.4e+44
       265  1.52e+44
       264  1.65e+44
       263  1.79e+44
       262  1.95e+44
       261  2.11e+44
       260  2.29e+44
       259  2.48e+44
       258  2.68e+44
       257  2.91e+44
       256  3.15e+44
       255   3.4e+44
       254  3.68e+44
       253  3.98e+44
       253   4.3e+44
       252  4.65e+44
       251  5.02e+44
       250  5.42e+44
       249  5.84e+44
       248   6.3e+44
       247   6.8e+44
       246  7.33e+44
       245  7.89e+44
       244   8.5e+44
       243  9.15e+44
       242  9.85e+44
       241  1.06e+45
       240  1.14e+45
       239  1.22e+45
       238  1.32e+45
       237  1.41e+45
       236  1.52e+45
       235  1.63e+45
       234  1.74e+45
       233  1.87e+45
       233     2e+45
       232  2.15e+45
       231   2.3e+45
       230  2.46e+45
       229  2.63e+45
       228  2.81e+45
       227  3.01e+45
       226  3.21e+45
       225  3.43e+45
       224  3.66e+45
       223  3.91e+45
       222  4.16e+45
       221  4.44e+45
       220  4.73e+45
       219  5.04e+45
       218  5.36e+45
       217   5.7e+45
       216  6.06e+45
       215  6.44e+45
       214  6.84e+45
       213  7.26e+45
       212  7.71e+45
       212  8.18e+45
       211  8.67e+45
       210  9.18e+45
       209  9.72e+45
       208  1.03e+46
       207  1.09e+46
       206  1.15e+46
       205  1.22e+46
       204  1.28e+46
       203  1.36e+46
       202  1.43e+46
       201  1.51e+46
       200  1.59e+46
       199  1.68e+46
       198  1.76e+46
       197  1.86e+46
       196  1.95e+46
       195  2.05e+46
       194  2.15e+46
       193  2.26e+46
       192  2.37e+46
       191  2.49e+46
       191   2.6e+46
       190  2.73e+46
       189  2.85e+46
       188  2.99e+46
       187  3.12e+46
       186  3.26e+46
       185   3.4e+46
       184  3.55e+46
       183   3.7e+46
       182  3.86e+46
       181  4.02e+46
       180  4.18e+46
       179  4.35e+46
       178  4.52e+46
       177  4.69e+46
       176  4.87e+46
       175  5.05e+46
       174  5.23e+46
       173  5.42e+46
       172  5.61e+46
       171   5.8e+46
       171     6e+46
       170  6.19e+46
       169  6.39e+46
       168  6.59e+46
       167  6.79e+46
       166  6.99e+46
       165  7.19e+46
       164   7.4e+46
       163   7.6e+46
       162   7.8e+46
       161     8e+46
       160   8.2e+46
       159   8.4e+46
       158  8.59e+46
       157  8.79e+46
       156  8.98e+46
       155  9.16e+46
       154  9.35e+46
       153  9.52e+46
       152   9.7e+46
       151  9.86e+46
       150     1e+47
       150  1.02e+47
       149  1.03e+47
       148  1.05e+47
       147  1.06e+47
       146  1.07e+47
       145  1.08e+47
       144   1.1e+47
       143  1.11e+47
       142  1.11e+47
       141  1.12e+47
       140  1.13e+47
       139  1.13e+47
       138  1.14e+47
       137  1.14e+47
       136  1.15e+47
       135  1.15e+47
       134  1.15e+47
       133  1.15e+47
       132  1.14e+47
       131  1.14e+47
       130  1.13e+47
       129  1.13e+47
       129  1.12e+47
       128  1.11e+47
       127   1.1e+47
       126  1.09e+47
       125  1.08e+47
       124  1.07e+47
       123  1.05e+47
       122  1.04e+47
       121  1.02e+47
       120     1e+47
       119  9.84e+46
       118  9.65e+46
       117  9.45e+46
       116  9.24e+46
       115  9.02e+46
       114   8.8e+46
       113  8.57e+46
       112  8.34e+46
       111   8.1e+46
       110  7.86e+46
       109  7.61e+46
       109  7.36e+46
       108  7.11e+46
       107  6.85e+46
       106   6.6e+46
       105  6.34e+46
       104  6.09e+46
       103  5.83e+46
       102  5.58e+46
       101  5.33e+46
      99.9  5.08e+46
        99  4.84e+46
        98   4.6e+46
      97.1  4.36e+46
      96.1  4.13e+46
      95.1  3.91e+46
      94.2  3.69e+46
      93.2  3.47e+46
      92.3  3.27e+46
      91.3  3.06e+46
      90.4  2.87e+46
      89.4  2.68e+46
      88.5   2.5e+46
      87.5  2.33e+46
      86.6  2.16e+46
      85.6  2.01e+46
      84.7  1.85e+46
      83.7  1.71e+46
      82.7  1.58e+46
      81.8  1.45e+46
      80.8  1.33e+46
      79.9  1.22e+46
      78.9  1.11e+46
        78  1.01e+46
        77  9.16e+45
      76.1   8.3e+45
      75.1   7.5e+45
      74.2  6.76e+45
      73.2  6.07e+45
      72.3  5.44e+45
      71.3  4.87e+45
      70.3  4.34e+45
      69.4  3.85e+45
      68.4  3.42e+45
      67.5  3.02e+45
      66.5  2.66e+45
      65.6  2.33e+45
      64.6  2.04e+45
      63.7  1.78e+45
      62.7  1.55e+45
      61.8  1.34e+45
      60.8  1.16e+45
      59.9  9.97e+44
      58.9  8.54e+44
      57.9  7.29e+44
        57   6.2e+44
        56  5.26e+44
      55.1  4.43e+44
      54.1  3.73e+44
      53.2  3.12e+44
      52.2   2.6e+44
      51.3  2.15e+44
      50.3  1.78e+44
      49.4  1.46e+44
      48.4  1.19e+44
      47.5  9.69e+43
      46.5  7.84e+43
      45.5   6.3e+43
      44.6  5.04e+43
      43.6  4.01e+43
      42.7  3.17e+43
      41.7  2.49e+43
      40.8  1.94e+43
      39.8  1.51e+43
      38.9  1.16e+43
      37.9  8.88e+42
        37  6.74e+42
        36  5.07e+42
      35.1  3.79e+42
      34.1  2.81e+42
      33.1  2.06e+42
      32.2   1.5e+42
      31.2  1.08e+42
      30.3  7.74e+41
      29.3  5.47e+41
      28.4  3.82e+41
      27.4  2.63e+41
      26.5  1.79e+41
      25.5  1.21e+41
      24.6     8e+40
      23.6  5.23e+40
      22.7  3.37e+40
      21.7  2.13e+40
      20.7  1.33e+40
      19.8  8.11e+39
      18.8  4.85e+39
      17.9  2.84e+39
      16.9  1.62e+39
        16  9.04e+38
        15  4.89e+38
      14.1  2.56e+38
      13.1   1.3e+38
      12.2  6.36e+37
      11.2  2.98e+37
      10.3  1.29e+37
       9.3  5.56e+36
      8.35  2.13e+36
       7.4  4.65e+35
      6.44   4.3e+35
      5.49   1.4e+33
      4.53  6.38e+33
      3.58 -2.08e+35
      2.63  -3.1e+34
      1.67 -3.75e+34
     0.718 -8.14e+33
    -0.235  1.57e+34
     -1.19 -6.32e+34
     -2.14 -6.89e+33
      -3.1  1.82e+33
     -4.05 -2.94e+34
        -5  2.99e+34
     -5.96  -2.8e+34
     -6.91  4.07e+34
     -7.87  -1.2e+34
     -8.82 -1.01e+34
     -9.77  -2.9e+33
     -10.7 -8.67e+31
     -11.7 -1.69e+32
     -12.6  2.13e+33
     -13.6 -7.67e+32
     -14.5 -5.92e+32
     -15.5 -4.81e+31
     -16.5  5.94e+32
     -17.4 -1.25e+33
     -18.4  8.42e+33
     -19.3 -8.73e+32
     -20.3 -1.82e+32
     -21.2  2.45e+32
     -22.2 -5.55e+31
     -23.1  1.67e+31
     -24.1 -8.82e+30
       -25   1.6e+30
       -26     1e+30
     -26.9 -1.27e+29
     -27.9  2.33e+29
     -28.9 -2.58e+28
     -29.8  6.45e+27
     -30.8 -2.02e+27
     -31.7  4.48e+29
     -32.7 -1.42e+27
     -33.6 -8.41e+25
     -34.6  5.34e+25
     -35.5  5.44e+24
     -36.5 -2.18e+25
     -37.4 -3.03e+25

pressure[atm]        = 0.1
temperature[K]           = 2400
energy step[1/cm]        = 334
maximum energy[kcal/mol] = 283

bimolecular PEDs:
   E, kcal    P1->P2
       283     3e+43
       282  3.28e+43
       281  3.58e+43
       280  3.91e+43
       279  4.27e+43
       278  4.66e+43
       277  5.08e+43
       276  5.54e+43
       275  6.04e+43
       274  6.58e+43
       274  7.17e+43
       273   7.8e+43
       272  8.49e+43
       271  9.24e+43
       270  1.01e+44
       269  1.09e+44
       268  1.19e+44
       267  1.29e+44
       266   1.4e+44
       265  1.52e+44
       264  1.65e+44
       263  1.79e+44
       262  1.95e+44
       261  2.11e+44
       260  2.29e+44
       259  2.48e+44
       258  2.68e+44
       257  2.91e+44
       256  3.15e+44
       255   3.4e+44
       254  3.68e+44
       253  3.98e+44
       253   4.3e+44
       252  4.65e+44
       251  5.02e+44
       250  5.42e+44
       249  5.84e+44
       248   6.3e+44
       247   6.8e+44
       246  7.33e+44
       245  7.89e+44
       244   8.5e+44
       243  9.15e+44
       242  9.85e+44
       241  1.06e+45
       240  1.14e+45
       239  1.22e+45
       238  1.32e+45
       237  1.41e+45
       236  1.52e+45
       235  1.63e+45
       234  1.74e+45
       233  1.87e+45
       233     2e+45
       232  2.15e+45
       231   2.3e+45
       230  2.46e+45
       229  2.63e+45
       228  2.81e+45
       227  3.01e+45
       226  3.21e+45
       225  3.43e+45
       224  3.66e+45
       223  3.91e+45
       222  4.16e+45
       221  4.44e+45
       220  4.73e+45
       219  5.04e+45
       218  5.36e+45
       217   5.7e+45
       216  6.06e+45
       215  6.44e+45
       214  6.84e+45
       213  7.26e+45
       212  7.71e+45
       212  8.18e+45
       211  8.67e+45
       210  9.18e+45
       209  9.72e+45
       208  1.03e+46
       207  1.09e+46
       206  1.15e+46
       205  1.22e+46
       204  1.28e+46
       203  1.36e+46
       202  1.43e+46
       201  1.51e+46
       200  1.59e+46
       199  1.67e+46
       198  1.76e+46
       197  1.86e+46
       196  1.95e+46
       195  2.05e+46
       194  2.15e+46
       193  2.26e+46
       192  2.37e+46
       191  2.49e+46
       191   2.6e+46
       190  2.73e+46
       189  2.85e+46
       188  2.99e+46
       187  3.12e+46
       186  3.26e+46
       185   3.4e+46
       184  3.55e+46
       183   3.7e+46
       182  3.86e+46
       181  4.02e+46
       180  4.18e+46
       179  4.35e+46
       178  4.52e+46
       177  4.69e+46
       176  4.87e+46
       175  5.05e+46
       174  5.23e+46
       173  5.42e+46
       172  5.61e+46
       171   5.8e+46
       171     6e+46
       170  6.19e+46
       169  6.39e+46
       168  6.59e+46
       167  6.79e+46
       166  6.99e+46
       165  7.19e+46
       164   7.4e+46
       163   7.6e+46
       162   7.8e+46
       161     8e+46
       160   8.2e+46
       159   8.4e+46
       158  8.59e+46
       157  8.79e+46
       156  8.98e+46
       155  9.16e+46
       154  9.35e+46
       153  9.52e+46
       152   9.7e+46
       151  9.86e+46
       150     1e+47
       150  1.02e+47
       149  1.03e+47
       148  1.05e+47
       147  1.06e+47
       146  1.07e+47
       145  1.08e+47
       144   1.1e+47
       143  1.11e+47
       142  1.11e+47
       141  1.12e+47
       140  1.13e+47
       139  1.13e+47
       138  1.14e+47
       137  1.14e+47
       136  1.15e+47
       135  1.15e+47
       134  1.15e+47
       133  1.15e+47
       132  1.14e+47
       131  1.14e+47
       130  1.13e+47
       129  1.13e+47
       129  1.12e+47
       128  1.11e+47
       127   1.1e+47
       126  1.09e+47
       125  1.08e+47
       124  1.07e+47
       123  1.05e+47
       122  1.04e+47
       121  1.02e+47
       120     1e+47
       119  9.84e+46
       118  9.65e+46
       117  9.45e+46
       116  9.24e+46
       115  9.02e+46
       114   8.8e+46
       113  8.57e+46
       112  8.34e+46
       111   8.1e+46
       110  7.86e+46
       109  7.61e+46
       109  7.36e+46
       108  7.11e+46
       107  6.85e+46
       106   6.6e+46
       105  6.34e+46
       104  6.09e+46
       103  5.83e+46
       102  5.58e+46
       101  5.33e+46
      99.9  5.08e+46
        99  4.84e+46
        98   4.6e+46
      97.1  4.36e+46
      96.1  4.13e+46
      95.1  3.91e+46
      94.2  3.69e+46
      93.2  3.47e+46
      92.3  3.27e+46
      91.3  3.06e+46
      90.4  2.87e+46
      89.4  2.68e+46
      88.5   2.5e+46
      87.5  2.33e+46
      86.6  2.16e+46
      85.6  2.01e+46
      84.7  1.85e+46
      83.7  1.71e+46
      82.7  1.58e+46
      81.8  1.45e+46
      80.8  1.33e+46
      79.9  1.22e+46
      78.9  1.11e+46
        78  1.01e+46
        77  9.16e+45
      76.1   8.3e+45
      75.1   7.5e+45
      74.2  6.76e+45
      73.2  6.07e+45
      72.3  5.44e+45
      71.3  4.87e+45
      70.3  4.34e+45
      69.4  3.85e+45
      68.4  3.42e+45
      67.5  3.02e+45
      66.5  2.66e+45
      65.6  2.33e+45
      64.6  2.04e+45
      63.7  1.78e+45
      62.7  1.55e+45
      61.8  1.34e+45
      60.8  1.16e+45
      59.9  9.97e+44
      58.9  8.54e+44
      57.9  7.29e+44
        57   6.2e+44
        56  5.26e+44
      55.1  4.43e+44
      54.1  3.73e+44
      53.2  3.12e+44
      52.2   2.6e+44
      51.3  2.15e+44
      50.3  1.78e+44
      49.4  1.46e+44
      48.4  1.19e+44
      47.5  9.69e+43
      46.5  7.84e+43
      45.5   6.3e+43
      44.6  5.04e+43
      43.6  4.01e+43
      42.7  3.17e+43
      41.7  2.49e+43
      40.8  1.94e+43
      39.8  1.51e+43
      38.9  1.16e+43
      37.9  8.88e+42
        37  6.74e+42
        36  5.07e+42
      35.1  3.79e+42
      34.1  2.81e+42
      33.1  2.06e+42
      32.2   1.5e+42
      31.2  1.08e+42
      30.3  7.74e+41
      29.3  5.47e+41
      28.4  3.82e+41
      27.4  2.63e+41
      26.5  1.79e+41
      25.5  1.21e+41
      24.6     8e+40
      23.6  5.23e+40
      22.7  3.37e+40
      21.7  2.13e+40
      20.7  1.33e+40
      19.8  8.11e+39
      18.8  4.85e+39
      17.9  2.84e+39
      16.9  1.62e+39
        16  9.05e+38
        15   4.9e+38
      14.1  2.56e+38
      13.1   1.3e+38
      12.2  6.36e+37
      11.2  2.99e+37
      10.3  1.33e+37
       9.3  5.66e+36
      8.35  2.13e+36
       7.4  8.14e+35
      6.44  4.38e+35
      5.49  2.52e+35
      4.53  7.07e+33
      3.58  5.54e+34
      2.63  1.01e+34
      1.67 -7.03e+34
     0.718   2.3e+34
    -0.235 -5.11e+34
     -1.19  1.67e+34
     -2.14  1.83e+33
      -3.1 -6.61e+33
     -4.05 -4.28e+34
        -5  4.09e+34
     -5.96 -3.63e+34
     -6.91  1.29e+34
     -7.87 -2.87e+34
     -8.82 -7.93e+33
     -9.77  3.26e+33
     -10.7 -6.51e+31
     -11.7   7.7e+32
     -12.6 -4.76e+32
     -13.6  1.08e+33
     -14.5 -2.51e+33
     -15.5  3.51e+32
     -16.5 -8.23e+31
     -17.4  1.11e+33
     -18.4 -3.95e+32
     -19.3  1.27e+32
     -20.3 -2.54e+33
     -21.2  2.97e+32
     -22.2 -5.03e+31
     -23.1 -4.38e+31
     -24.1  5.04e+31
       -25 -2.49e+31
       -26  8.95e+30
     -26.9  -3.7e+30
     -27.9  1.89e+29
     -28.9  1.77e+29
     -29.8 -5.56e+28
     -30.8  1.39e+28
     -31.7 -3.31e+30
     -32.7   1.1e+28
     -33.6 -2.93e+25
     -34.6 -1.16e+24
     -35.5  1.09e+25
     -36.5  1.05e+26
     -37.4  6.03e+26

pressure[atm]        = 1
temperature[K]           = 2400
energy step[1/cm]        = 334
maximum energy[kcal/mol] = 283

bimolecular PEDs:
   E, kcal    P1->P2
       283     3e+43
       282  3.28e+43
       281  3.58e+43
       280  3.91e+43
       279  4.27e+43
       278  4.66e+43
       277  5.08e+43
       276  5.54e+43
       275  6.04e+43
       274  6.58e+43
       274  7.17e+43
       273   7.8e+43
       272  8.49e+43
       271  9.24e+43
       270  1.01e+44
       269  1.09e+44
       268  1.19e+44
       267  1.29e+44
       266   1.4e+44
       265  1.52e+44
       264  1.65e+44
       263  1.79e+44
       262  1.95e+44
       261  2.11e+44
       260  2.29e+44
       259  2.48e+44
       258  2.68e+44
       257  2.91e+44
       256  3.14e+44
       255   3.4e+44
       254  3.68e+44
       253  3.98e+44
       253   4.3e+44
       252  4.65e+44
       251  5.02e+44
       250  5.42e+44
       249  5.84e+44
       248   6.3e+44
       247   6.8e+44
       246  7.33e+44
       245  7.89e+44
       244   8.5e+44
       243  9.15e+44
       242  9.85e+44
       241  1.06e+45
       240  1.14e+45
       239  1.22e+45
       238  1.32e+45
       237  1.41e+45
       236  1.52e+45
       235  1.63e+45
       234  1.74e+45
       233  1.87e+45
       233     2e+45
       232  2.15e+45
       231   2.3e+45
       230  2.46e+45
       229  2.63e+45
       228  2.81e+45
       227  3.01e+45
       226  3.21e+45
       225  3.43e+45
       224  3.66e+45
       223  3.91e+45
       222  4.16e+45
       221  4.44e+45
       220  4.73e+45
       219  5.03e+45
       218  5.36e+45
       217   5.7e+45
       216  6.06e+45
       215  6.44e+45
       214  6.84e+45
       213  7.26e+45
       212  7.71e+45
       212  8.18e+45
       211  8.67e+45
       210  9.18e+45
       209  9.72e+45
       208  1.03e+46
       207  1.09e+46
       206  1.15e+46
       205  1.22e+46
       204  1.28e+46
       203  1.36e+46
       202  1.43e+46
       201  1.51e+46
       200  1.59e+46
       199  1.67e+46
       198  1.76e+46
       197  1.86e+46
       196  1.95e+46
       195  2.05e+46
       194  2.15e+46
       193  2.26e+46
       192  2.37e+46
       191  2.49e+46
       191   2.6e+46
       190  2.73e+46
       189  2.85e+46
       188  2.99e+46
       187  3.12e+46
       186  3.26e+46
       185   3.4e+46
       184  3.55e+46
       183   3.7e+46
       182  3.86e+46
       181  4.02e+46
       180  4.18e+46
       179  4.35e+46
       178  4.52e+46
       177  4.69e+46
       176  4.87e+46
       175  5.05e+46
       174  5.23e+46
       173  5.42e+46
       172  5.61e+46
       171   5.8e+46
       171     6e+46
       170  6.19e+46
       169  6.39e+46
       168  6.59e+46
       167  6.79e+46
       166  6.99e+46
       165  7.19e+46
       164   7.4e+46
       163   7.6e+46
       162   7.8e+46
       161     8e+46
       160   8.2e+46
       159   8.4e+46
       158  8.59e+46
       157  8.79e+46
       156  8.98e+46
       155  9.16e+46
       154  9.35e+46
       153  9.52e+46
       152   9.7e+46
       151  9.86e+46
       150     1e+47
       150  1.02e+47
       149  1.03e+47
       148  1.05e+47
       147  1.06e+47
       146  1.07e+47
       145  1.08e+47
       144   1.1e+47
       143  1.11e+47
       142  1.11e+47
       141  1.12e+47
       140  1.13e+47
       139  1.13e+47
       138  1.14e+47
       137  1.14e+47
       136  1.15e+47
       135  1.15e+47
       134  1.15e+47
       133  1.15e+47
       132  1.14e+47
       131  1.14e+47
       130  1.13e+47
       129  1.13e+47
       129  1.12e+47
       128  1.11e+47
       127   1.1e+47
       126  1.09e+47
       125  1.08e+47
       124  1.07e+47
       123  1.05e+47
       122  1.04e+47
       121  1.02e+47
       120     1e+47
       119  9.84e+46
       118  9.65e+46
       117  9.45e+46
       116  9.24e+46
       115  9.02e+46
       114   8.8e+46
       113  8.57e+46
       112  8.34e+46
       111   8.1e+46
       110  7.86e+46
       109  7.61e+46
       109  7.36e+46
       108  7.11e+46
       107  6.85e+46
       106   6.6e+46
       105  6.34e+46
       104  6.09e+46
       103  5.83e+46
       102  5.58e+46
       101  5.33e+46
      99.9  5.08e+46
        99  4.84e+46
        98   4.6e+46
      97.1  4.36e+46
      96.1  4.13e+46
      95.1  3.91e+46
      94.2  3.69e+46
      93.2  3.47e+46
      92.3  3.27e+46
      91.3  3.07e+46
      90.4  2.87e+46
      89.4  2.68e+46
      88.5   2.5e+46
      87.5  2.33e+46
      86.6  2.16e+46
      85.6  2.01e+46
      84.7  1.86e+46
      83.7  1.71e+46
      82.7  1.58e+46
      81.8  1.45e+46
      80.8  1.33e+46
      79.9  1.22e+46
      78.9  1.11e+46
        78  1.01e+46
        77  9.16e+45
      76.1   8.3e+45
      75.1   7.5e+45
      74.2  6.76e+45
      73.2  6.07e+45
      72.3  5.44e+45
      71.3  4.87e+45
      70.3  4.34e+45
      69.4  3.85e+45
      68.4  3.42e+45
      67.5  3.02e+45
      66.5  2.66e+45
      65.6  2.33e+45
      64.6  2.04e+45
      63.7  1.78e+45
      62.7  1.55e+45
      61.8  1.34e+45
      60.8  1.16e+45
      59.9  9.97e+44
      58.9  8.54e+44
      57.9  7.29e+44
        57   6.2e+44
        56  5.26e+44
      55.1  4.43e+44
      54.1  3.73e+44
      53.2  3.12e+44
      52.2   2.6e+44
      51.3  2.15e+44
      50.3  1.78e+44
      49.4  1.46e+44
      48.4  1.19e+44
      47.5  9.69e+43
      46.5  7.84e+43
      45.5   6.3e+43
      44.6  5.04e+43
      43.6  4.01e+43
      42.7  3.17e+43
      41.7  2.49e+43
      40.8  1.94e+43
      39.8  1.51e+43
      38.9  1.16e+43
      37.9  8.88e+42
        37  6.74e+42
        36  5.08e+42
      35.1  3.79e+42
      34.1  2.81e+42
      33.1  2.06e+42
      32.2   1.5e+42
      31.2  1.08e+42
      30.3  7.74e+41
      29.3  5.47e+41
      28.4  3.82e+41
      27.4  2.63e+41
      26.5  1.79e+41
      25.5  1.21e+41
      24.6  8.01e+40
      23.6  5.23e+40
      22.7  3.37e+40
      21.7  2.13e+40
      20.7  1.33e+40
      19.8  8.11e+39
      18.8  4.85e+39
      17.9  2.84e+39
      16.9  1.62e+39
        16  9.05e+38
        15   4.9e+38
      14.1  2.57e+38
      13.1   1.3e+38
      12.2  6.38e+37
      11.2  2.99e+37
      10.3  1.35e+37
       9.3  5.75e+36
      8.35  2.22e+36
       7.4  6.41e+35
      6.44  1.53e+35
      5.49  1.12e+35
      4.53  1.11e+35
      3.58  7.24e+34
      2.63 -1.05e+34
      1.67  3.67e+34
     0.718  1.38e+34
    -0.235 -8.13e+34
     -1.19 -3.93e+34
     -2.14  4.64e+33
      -3.1  1.73e+34
     -4.05 -7.67e+33
        -5  2.82e+34
     -5.96  1.18e+34
     -6.91  4.57e+34
     -7.87  2.67e+33
     -8.82  1.46e+34
     -9.77 -1.58e+34
     -10.7  3.03e+32
     -11.7  8.04e+32
     -12.6  -2.6e+33
     -13.6  5.55e+33
     -14.5  4.84e+32
     -15.5 -4.89e+32
     -16.5 -6.58e+32
     -17.4  1.56e+33
     -18.4 -1.31e+33
     -19.3   2.7e+32
     -20.3 -1.61e+32
     -21.2  1.35e+32
     -22.2  4.26e+32
     -23.1 -5.86e+31
     -24.1 -1.14e+31
       -25 -1.89e+31
       -26  1.48e+30
     -26.9 -4.54e+30
     -27.9  2.46e+30
     -28.9 -5.53e+29
     -29.8  3.65e+28
     -30.8 -1.76e+28
     -31.7  2.01e+27
     -32.7 -1.99e+29
     -33.6  4.66e+26
     -34.6 -2.03e+25
     -35.5  1.07e+25
     -36.5 -7.97e+25
     -37.4 -4.19e+20

pressure[atm]        = 10
temperature[K]           = 2400
energy step[1/cm]        = 334
maximum energy[kcal/mol] = 283

bimolecular PEDs:
   E, kcal    P1->P2
       283     3e+43
       282  3.28e+43
       281  3.58e+43
       280  3.91e+43
       279  4.27e+43
       278  4.66e+43
       277  5.08e+43
       276  5.54e+43
       275  6.04e+43
       274  6.58e+43
       274  7.16e+43
       273   7.8e+43
       272  8.49e+43
       271  9.24e+43
       270     1e+44
       269  1.09e+44
       268  1.19e+44
       267  1.29e+44
       266   1.4e+44
       265  1.52e+44
       264  1.65e+44
       263  1.79e+44
       262  1.94e+44
       261  2.11e+44
       260  2.29e+44
       259  2.48e+44
       258  2.68e+44
       257   2.9e+44
       256  3.14e+44
       255   3.4e+44
       254  3.68e+44
       253  3.98e+44
       253   4.3e+44
       252  4.64e+44
       251  5.02e+44
       250  5.41e+44
       249  5.84e+44
       248   6.3e+44
       247   6.8e+44
       246  7.32e+44
       245  7.89e+44
       244   8.5e+44
       243  9.15e+44
       242  9.85e+44
       241  1.06e+45
       240  1.14e+45
       239  1.22e+45
       238  1.31e+45
       237  1.41e+45
       236  1.52e+45
       235  1.63e+45
       234  1.74e+45
       233  1.87e+45
       233     2e+45
       232  2.15e+45
       231   2.3e+45
       230  2.46e+45
       229  2.63e+45
       228  2.81e+45
       227  3.01e+45
       226  3.21e+45
       225  3.43e+45
       224  3.66e+45
       223   3.9e+45
       222  4.16e+45
       221  4.44e+45
       220  4.73e+45
       219  5.03e+45
       218  5.36e+45
       217   5.7e+45
       216  6.06e+45
       215  6.44e+45
       214  6.84e+45
       213  7.26e+45
       212  7.71e+45
       212  8.17e+45
       211  8.66e+45
       210  9.18e+45
       209  9.72e+45
       208  1.03e+46
       207  1.09e+46
       206  1.15e+46
       205  1.22e+46
       204  1.28e+46
       203  1.36e+46
       202  1.43e+46
       201  1.51e+46
       200  1.59e+46
       199  1.67e+46
       198  1.76e+46
       197  1.85e+46
       196  1.95e+46
       195  2.05e+46
       194  2.15e+46
       193  2.26e+46
       192  2.37e+46
       191  2.49e+46
       191   2.6e+46
       190  2.73e+46
       189  2.85e+46
       188  2.99e+46
       187  3.12e+46
       186  3.26e+46
       185   3.4e+46
       184  3.55e+46
       183   3.7e+46
       182  3.86e+46
       181  4.02e+46
       180  4.18e+46
       179  4.35e+46
       178  4.52e+46
       177  4.69e+46
       176  4.87e+46
       175  5.05e+46
       174  5.23e+46
       173  5.42e+46
       172  5.61e+46
       171   5.8e+46
       171     6e+46
       170  6.19e+46
       169  6.39e+46
       168  6.59e+46
       167  6.79e+46
       166  6.99e+46
       165  7.19e+46
       164   7.4e+46
       163   7.6e+46
       162   7.8e+46
       161     8e+46
       160   8.2e+46
       159   8.4e+46
       158  8.59e+46
       157  8.79e+46
       156  8.98e+46
       155  9.16e+46
       154  9.34e+46
       153  9.52e+46
       152   9.7e+46
       151  9.86e+46
       150     1e+47
       150  1.02e+47
       149  1.03e+47
       148  1.05e+47
       147  1.06e+47
       146  1.07e+47
       145  1.08e+47
       144   1.1e+47
       143  1.11e+47
       142  1.11e+47
       141  1.12e+47
       140  1.13e+47
       139  1.13e+47
       138  1.14e+47
       137  1.14e+47
       136  1.15e+47
       135  1.15e+47
       134  1.15e+47
       133  1.15e+47
       132  1.14e+47
       131  1.14e+47
       130  1.13e+47
       129  1.13e+47
       129  1.12e+47
       128  1.11e+47
       127   1.1e+47
       126  1.09e+47
       125  1.08e+47
       124  1.07e+47
       123  1.05e+47
       122  1.04e+47
       121  1.02e+47
       120     1e+47
       119  9.84e+46
       118  9.65e+46
       117  9.45e+46
       116  9.24e+46
       115  9.03e+46
       114   8.8e+46
       113  8.57e+46
       112  8.34e+46
       111   8.1e+46
       110  7.86e+46
       109  7.61e+46
       109  7.36e+46
       108  7.11e+46
       107  6.85e+46
       106   6.6e+46
       105  6.34e+46
       104  6.09e+46
       103  5.83e+46
       102  5.58e+46
       101  5.33e+46
      99.9  5.08e+46
        99  4.84e+46
        98   4.6e+46
      97.1  4.36e+46
      96.1  4.13e+46
      95.1  3.91e+46
      94.2  3.69e+46
      93.2  3.47e+46
      92.3  3.27e+46
      91.3  3.07e+46
      90.4  2.87e+46
      89.4  2.68e+46
      88.5   2.5e+46
      87.5  2.33e+46
      86.6  2.16e+46
      85.6  2.01e+46
      84.7  1.86e+46
      83.7  1.71e+46
      82.7  1.58e+46
      81.8  1.45e+46
      80.8  1.33e+46
      79.9  1.22e+46
      78.9  1.11e+46
        78  1.01e+46
        77  9.17e+45
      76.1   8.3e+45
      75.1   7.5e+45
      74.2  6.76e+45
      73.2  6.08e+45
      72.3  5.45e+45
      71.3  4.87e+45
      70.3  4.34e+45
      69.4  3.86e+45
      68.4  3.42e+45
      67.5  3.02e+45
      66.5  2.66e+45
      65.6  2.33e+45
      64.6  2.04e+45
      63.7  1.78e+45
      62.7  1.55e+45
      61.8  1.34e+45
      60.8  1.16e+45
      59.9  9.97e+44
      58.9  8.55e+44
      57.9   7.3e+44
        57  6.21e+44
        56  5.26e+44
      55.1  4.44e+44
      54.1  3.73e+44
      53.2  3.12e+44
      52.2   2.6e+44
      51.3  2.15e+44
      50.3  1.78e+44
      49.4  1.46e+44
      48.4  1.19e+44
      47.5   9.7e+43
      46.5  7.84e+43
      45.5  6.31e+43
      44.6  5.05e+43
      43.6  4.01e+43
      42.7  3.17e+43
      41.7  2.49e+43
      40.8  1.95e+43
      39.8  1.51e+43
      38.9  1.16e+43
      37.9  8.89e+42
        37  6.75e+42
        36  5.08e+42
      35.1   3.8e+42
      34.1  2.81e+42
      33.1  2.07e+42
      32.2  1.51e+42
      31.2  1.09e+42
      30.3  7.75e+41
      29.3  5.48e+41
      28.4  3.83e+41
      27.4  2.64e+41
      26.5   1.8e+41
      25.5  1.21e+41
      24.6  8.03e+40
      23.6  5.25e+40
      22.7  3.38e+40
      21.7  2.14e+40
      20.7  1.34e+40
      19.8  8.16e+39
      18.8  4.89e+39
      17.9  2.87e+39
      16.9  1.64e+39
        16  9.18e+38
        15  4.99e+38
      14.1  2.63e+38
      13.1  1.35e+38
      12.2  6.62e+37
      11.2  3.13e+37
      10.3  1.44e+37
       9.3  6.52e+36
      8.35   2.7e+36
       7.4  1.09e+36
      6.44  3.81e+35
      5.49   2.3e+35
      4.53  1.68e+35
      3.58   1.3e+35
      2.63  1.01e+35
      1.67  6.72e+34
     0.718  5.12e+33
    -0.235 -3.77e+34
     -1.19  1.23e+34
     -2.14 -1.29e+34
      -3.1  3.77e+33
     -4.05  3.65e+34
        -5   3.4e+34
     -5.96 -2.33e+34
     -6.91  3.24e+33
     -7.87  3.68e+33
     -8.82  1.42e+33
     -9.77  1.38e+34
     -10.7  1.06e+33
     -11.7  1.46e+33
     -12.6  3.58e+33
     -13.6 -1.27e+33
     -14.5 -5.24e+33
     -15.5  3.06e+33
     -16.5  9.57e+32
     -17.4 -3.44e+33
     -18.4  2.42e+33
     -19.3   2.6e+32
     -20.3 -1.64e+32
     -21.2  1.95e+32
     -22.2  6.98e+31
     -23.1 -1.03e+30
     -24.1 -1.65e+32
       -25  8.69e+31
       -26 -1.48e+31
     -26.9  2.21e+30
     -27.9  6.24e+29
     -28.9 -5.32e+29
     -29.8  2.89e+28
     -30.8 -7.72e+27
     -31.7  1.85e+27
     -32.7  7.14e+30
     -33.6 -1.36e+28
     -34.6 -7.89e+24
     -35.5 -1.09e+25
     -36.5  1.59e+27
     -37.4  1.46e+23

pressure[atm]        = 100
temperature[K]           = 2400
energy step[1/cm]        = 334
maximum energy[kcal/mol] = 283

bimolecular PEDs:
   E, kcal    P1->P2
       283  2.97e+43
       282  3.25e+43
       281  3.55e+43
       280  3.88e+43
       279  4.24e+43
       278  4.63e+43
       277  5.05e+43
       276  5.51e+43
       275  6.01e+43
       274  6.55e+43
       274  7.14e+43
       273  7.77e+43
       272  8.46e+43
       271  9.21e+43
       270     1e+44
       269  1.09e+44
       268  1.18e+44
       267  1.29e+44
       266   1.4e+44
       265  1.52e+44
       264  1.65e+44
       263  1.79e+44
       262  1.94e+44
       261   2.1e+44
       260  2.28e+44
       259  2.47e+44
       258  2.68e+44
       257   2.9e+44
       256  3.14e+44
       255  3.39e+44
       254  3.67e+44
       253  3.97e+44
       253  4.29e+44
       252  4.63e+44
       251     5e+44
       250   5.4e+44
       249  5.83e+44
       248  6.29e+44
       247  6.78e+44
       246  7.31e+44
       245  7.87e+44
       244  8.48e+44
       243  9.13e+44
       242  9.82e+44
       241  1.06e+45
       240  1.14e+45
       239  1.22e+45
       238  1.31e+45
       237  1.41e+45
       236  1.51e+45
       235  1.62e+45
       234  1.74e+45
       233  1.87e+45
       233     2e+45
       232  2.14e+45
       231  2.29e+45
       230  2.45e+45
       229  2.63e+45
       228  2.81e+45
       227     3e+45
       226   3.2e+45
       225  3.42e+45
       224  3.65e+45
       223   3.9e+45
       222  4.16e+45
       221  4.43e+45
       220  4.72e+45
       219  5.02e+45
       218  5.35e+45
       217  5.69e+45
       216  6.05e+45
       215  6.43e+45
       214  6.83e+45
       213  7.25e+45
       212  7.69e+45
       212  8.16e+45
       211  8.65e+45
       210  9.16e+45
       209   9.7e+45
       208  1.03e+46
       207  1.09e+46
       206  1.15e+46
       205  1.21e+46
       204  1.28e+46
       203  1.35e+46
       202  1.43e+46
       201  1.51e+46
       200  1.59e+46
       199  1.67e+46
       198  1.76e+46
       197  1.85e+46
       196  1.95e+46
       195  2.05e+46
       194  2.15e+46
       193  2.26e+46
       192  2.37e+46
       191  2.48e+46
       191   2.6e+46
       190  2.72e+46
       189  2.85e+46
       188  2.98e+46
       187  3.12e+46
       186  3.26e+46
       185   3.4e+46
       184  3.55e+46
       183   3.7e+46
       182  3.85e+46
       181  4.01e+46
       180  4.17e+46
       179  4.34e+46
       178  4.51e+46
       177  4.69e+46
       176  4.86e+46
       175  5.04e+46
       174  5.23e+46
       173  5.41e+46
       172   5.6e+46
       171   5.8e+46
       171  5.99e+46
       170  6.19e+46
       169  6.38e+46
       168  6.58e+46
       167  6.78e+46
       166  6.99e+46
       165  7.19e+46
       164  7.39e+46
       163  7.59e+46
       162  7.79e+46
       161     8e+46
       160  8.19e+46
       159  8.39e+46
       158  8.59e+46
       157  8.78e+46
       156  8.97e+46
       155  9.16e+46
       154  9.34e+46
       153  9.52e+46
       152  9.69e+46
       151  9.86e+46
       150     1e+47
       150  1.02e+47
       149  1.03e+47
       148  1.05e+47
       147  1.06e+47
       146  1.07e+47
       145  1.08e+47
       144   1.1e+47
       143  1.11e+47
       142  1.11e+47
       141  1.12e+47
       140  1.13e+47
       139  1.13e+47
       138  1.14e+47
       137  1.14e+47
       136  1.15e+47
       135  1.15e+47
       134  1.15e+47
       133  1.15e+47
       132  1.14e+47
       131  1.14e+47
       130  1.13e+47
       129  1.13e+47
       129  1.12e+47
       128  1.11e+47
       127   1.1e+47
       126  1.09e+47
       125  1.08e+47
       124  1.07e+47
       123  1.05e+47
       122  1.04e+47
       121  1.02e+47
       120     1e+47
       119  9.85e+46
       118  9.66e+46
       117  9.46e+46
       116  9.25e+46
       115  9.03e+46
       114  8.81e+46
       113  8.58e+46
       112  8.35e+46
       111  8.11e+46
       110  7.86e+46
       109  7.62e+46
       109  7.36e+46
       108  7.11e+46
       107  6.86e+46
       106   6.6e+46
       105  6.35e+46
       104  6.09e+46
       103  5.84e+46
       102  5.59e+46
       101  5.34e+46
      99.9  5.09e+46
        99  4.85e+46
        98  4.61e+46
      97.1  4.37e+46
      96.1  4.14e+46
      95.1  3.91e+46
      94.2  3.69e+46
      93.2  3.48e+46
      92.3  3.27e+46
      91.3  3.07e+46
      90.4  2.88e+46
      89.4  2.69e+46
      88.5  2.51e+46
      87.5  2.33e+46
      86.6  2.17e+46
      85.6  2.01e+46
      84.7  1.86e+46
      83.7  1.72e+46
      82.7  1.58e+46
      81.8  1.45e+46
      80.8  1.33e+46
      79.9  1.22e+46
      78.9  1.11e+46
        78  1.01e+46
        77  9.19e+45
      76.1  8.32e+45
      75.1  7.52e+45
      74.2  6.78e+45
      73.2  6.09e+45
      72.3  5.46e+45
      71.3  4.88e+45
      70.3  4.35e+45
      69.4  3.87e+45
      68.4  3.43e+45
      67.5  3.03e+45
      66.5  2.67e+45
      65.6  2.34e+45
      64.6  2.05e+45
      63.7  1.79e+45
      62.7  1.56e+45
      61.8  1.35e+45
      60.8  1.16e+45
      59.9     1e+45
      58.9  8.58e+44
      57.9  7.33e+44
        57  6.23e+44
        56  5.28e+44
      55.1  4.46e+44
      54.1  3.75e+44
      53.2  3.13e+44
      52.2  2.61e+44
      51.3  2.17e+44
      50.3  1.79e+44
      49.4  1.47e+44
      48.4   1.2e+44
      47.5  9.76e+43
      46.5  7.89e+43
      45.5  6.35e+43
      44.6  5.08e+43
      43.6  4.04e+43
      42.7   3.2e+43
      41.7  2.51e+43
      40.8  1.96e+43
      39.8  1.52e+43
      38.9  1.17e+43
      37.9  8.98e+42
        37  6.82e+42
        36  5.14e+42
      35.1  3.84e+42
      34.1  2.85e+42
      33.1   2.1e+42
      32.2  1.53e+42
      31.2   1.1e+42
      30.3  7.88e+41
      29.3  5.58e+41
      28.4  3.91e+41
      27.4   2.7e+41
      26.5  1.84e+41
      25.5  1.24e+41
      24.6  8.28e+40
      23.6  5.43e+40
      22.7  3.52e+40
      21.7  2.24e+40
      20.7  1.41e+40
      19.8  8.67e+39
      18.8  5.25e+39
      17.9  3.12e+39
      16.9  1.82e+39
        16  1.04e+39
        15  5.85e+38
      14.1  3.23e+38
      13.1  1.76e+38
      12.2  9.41e+37
      11.2  5.06e+37
      10.3  2.69e+37
       9.3  1.45e+37
      8.35   8.2e+36
       7.4  4.86e+36
      6.44  2.96e+36
      5.49  1.75e+36
      4.53  1.04e+36
      3.58  7.45e+35
      2.63   4.2e+35
      1.67  3.03e+35
     0.718  1.16e+35
    -0.235  4.35e+34
     -1.19  1.95e+34
     -2.14  1.58e+34
      -3.1 -9.53e+32
     -4.05  4.21e+34
        -5 -2.37e+34
     -5.96 -7.56e+33
     -6.91 -8.62e+33
     -7.87  1.56e+34
     -8.82 -1.44e+34
     -9.77 -1.75e+33
     -10.7 -1.77e+33
     -11.7 -5.06e+33
     -12.6  7.63e+33
     -13.6 -1.02e+32
     -14.5 -2.12e+33
     -15.5  1.73e+33
     -16.5 -4.17e+33
     -17.4  1.24e+33
     -18.4  2.16e+33
     -19.3 -3.56e+32
     -20.3 -1.95e+32
     -21.2  4.11e+32
     -22.2 -1.94e+32
     -23.1 -1.79e+30
     -24.1  1.08e+32
       -25 -5.39e+32
       -26  1.46e+31
     -26.9  1.57e+31
     -27.9 -3.54e+30
     -28.9  1.58e+30
     -29.8  1.74e+29
     -30.8 -7.16e+28
     -31.7  1.56e+28
     -32.7 -1.14e+27
     -33.6  1.17e+28
     -34.6 -4.01e+24
     -35.5 -2.09e+24
     -36.5 -3.48e+27
     -37.4 -7.97e+24

pressure[atm]        = 0.01
temperature[K]           = 2500
energy step[1/cm]        = 348
maximum energy[kcal/mol] = 297

bimolecular PEDs:
   E, kcal    P1->P2
       297  1.53e+44
       296  1.68e+44
       295  1.83e+44
       294     2e+44
       293  2.18e+44
       292  2.38e+44
       291  2.59e+44
       290  2.83e+44
       289  3.08e+44
       288  3.36e+44
       287  3.66e+44
       286  3.98e+44
       285  4.34e+44
       284  4.72e+44
       283  5.13e+44
       282  5.58e+44
       281  6.07e+44
       280  6.59e+44
       279  7.16e+44
       278  7.78e+44
       277  8.44e+44
       276  9.16e+44
       275  9.94e+44
       274  1.08e+45
       273  1.17e+45
       272  1.27e+45
       271  1.37e+45
       270  1.48e+45
       269  1.61e+45
       268  1.74e+45
       267  1.88e+45
       266  2.03e+45
       265   2.2e+45
       265  2.37e+45
       264  2.56e+45
       263  2.77e+45
       262  2.99e+45
       261  3.22e+45
       260  3.48e+45
       259  3.75e+45
       258  4.04e+45
       257  4.35e+45
       256  4.68e+45
       255  5.04e+45
       254  5.42e+45
       253  5.83e+45
       252  6.26e+45
       251  6.73e+45
       250  7.22e+45
       249  7.76e+45
       248  8.32e+45
       247  8.93e+45
       246  9.57e+45
       245  1.03e+46
       244   1.1e+46
       243  1.18e+46
       242  1.26e+46
       241  1.35e+46
       240  1.44e+46
       239  1.54e+46
       238  1.64e+46
       237  1.76e+46
       236  1.87e+46
       235     2e+46
       234  2.13e+46
       233  2.27e+46
       232  2.42e+46
       231  2.58e+46
       230  2.74e+46
       229  2.92e+46
       228  3.11e+46
       227   3.3e+46
       226  3.51e+46
       225  3.72e+46
       224  3.95e+46
       223  4.19e+46
       222  4.44e+46
       221  4.71e+46
       220  4.99e+46
       219  5.28e+46
       218  5.58e+46
       217   5.9e+46
       216  6.24e+46
       215  6.59e+46
       214  6.96e+46
       213  7.34e+46
       212  7.74e+46
       211  8.16e+46
       210   8.6e+46
       209  9.05e+46
       208  9.52e+46
       207     1e+47
       206  1.05e+47
       205  1.11e+47
       204  1.16e+47
       203  1.22e+47
       202  1.28e+47
       201  1.34e+47
       200   1.4e+47
       199  1.47e+47
       198  1.54e+47
       197   1.6e+47
       196  1.68e+47
       195  1.75e+47
       194  1.83e+47
       193  1.91e+47
       192  1.99e+47
       191  2.07e+47
       190  2.15e+47
       189  2.24e+47
       188  2.33e+47
       187  2.42e+47
       186  2.51e+47
       185   2.6e+47
       184   2.7e+47
       183  2.79e+47
       182  2.89e+47
       181  2.99e+47
       180  3.09e+47
       179  3.19e+47
       178   3.3e+47
       177   3.4e+47
       176  3.51e+47
       175  3.61e+47
       174  3.72e+47
       173  3.82e+47
       172  3.93e+47
       171  4.03e+47
       170  4.14e+47
       169  4.24e+47
       168  4.35e+47
       167  4.45e+47
       166  4.55e+47
       165  4.65e+47
       164  4.75e+47
       163  4.84e+47
       162  4.94e+47
       161  5.03e+47
       160  5.12e+47
       159   5.2e+47
       158  5.28e+47
       157  5.36e+47
       156  5.44e+47
       155  5.51e+47
       154  5.58e+47
       153  5.64e+47
       152   5.7e+47
       151  5.75e+47
       150   5.8e+47
       149  5.84e+47
       148  5.88e+47
       147  5.92e+47
       146  5.94e+47
       145  5.96e+47
       144  5.98e+47
       143  5.99e+47
       142  5.99e+47
       141  5.99e+47
       140  5.98e+47
       139  5.96e+47
       138  5.94e+47
       137  5.91e+47
       136  5.87e+47
       135  5.83e+47
       134  5.78e+47
       133  5.73e+47
       132  5.67e+47
       131   5.6e+47
       130  5.53e+47
       129  5.45e+47
       128  5.37e+47
       127  5.28e+47
       126  5.19e+47
       125  5.09e+47
       124  4.99e+47
       123  4.88e+47
       122  4.77e+47
       121  4.66e+47
       120  4.54e+47
       119  4.42e+47
       118   4.3e+47
       117  4.17e+47
       116  4.04e+47
       115  3.91e+47
       114  3.78e+47
       113  3.65e+47
       112  3.52e+47
       111  3.39e+47
       110  3.25e+47
       110  3.12e+47
       109  2.99e+47
       108  2.86e+47
       107  2.73e+47
       106   2.6e+47
       105  2.48e+47
       104  2.35e+47
       103  2.23e+47
       102  2.11e+47
       101  1.99e+47
      99.6  1.88e+47
      98.6  1.77e+47
      97.6  1.67e+47
      96.6  1.56e+47
      95.6  1.46e+47
      94.6  1.37e+47
      93.6  1.27e+47
      92.6  1.19e+47
      91.6   1.1e+47
      90.6  1.02e+47
      89.6  9.44e+46
      88.6  8.71e+46
      87.6  8.02e+46
      86.7  7.37e+46
      85.7  6.75e+46
      84.7  6.17e+46
      83.7  5.63e+46
      82.7  5.13e+46
      81.7  4.65e+46
      80.7  4.21e+46
      79.7  3.81e+46
      78.7  3.43e+46
      77.7  3.08e+46
      76.7  2.76e+46
      75.7  2.47e+46
      74.7   2.2e+46
      73.7  1.96e+46
      72.7  1.73e+46
      71.7  1.53e+46
      70.8  1.35e+46
      69.8  1.18e+46
      68.8  1.04e+46
      67.8  9.04e+45
      66.8  7.86e+45
      65.8  6.82e+45
      64.8  5.89e+45
      63.8  5.07e+45
      62.8  4.34e+45
      61.8  3.71e+45
      60.8  3.16e+45
      59.8  2.68e+45
      58.8  2.26e+45
      57.8   1.9e+45
      56.8  1.59e+45
      55.9  1.33e+45
      54.9   1.1e+45
      53.9   9.1e+44
      52.9  7.49e+44
      51.9  6.13e+44
      50.9  4.99e+44
      49.9  4.04e+44
      48.9  3.26e+44
      47.9  2.61e+44
      46.9  2.08e+44
      45.9  1.65e+44
      44.9   1.3e+44
      43.9  1.02e+44
      42.9   7.9e+43
      41.9   6.1e+43
      40.9  4.68e+43
        40  3.57e+43
        39   2.7e+43
        38  2.02e+43
        37  1.51e+43
        36  1.11e+43
        35  8.13e+42
        34   5.9e+42
        33  4.24e+42
        32  3.01e+42
        31  2.12e+42
        30  1.48e+42
        29  1.02e+42
        28   6.9e+41
        27  4.62e+41
        26  3.06e+41
        25  1.99e+41
      24.1  1.28e+41
      23.1  8.07e+40
      22.1  5.01e+40
      21.1  3.05e+40
      20.1  1.82e+40
      19.1  1.06e+40
      18.1  6.08e+39
      17.1  3.38e+39
      16.1  1.83e+39
      15.1  9.62e+38
      14.1   4.9e+38
      13.1  2.39e+38
      12.1  1.12e+38
      11.1  5.02e+37
      10.1  2.15e+37
      9.15  9.22e+36
      8.16  3.18e+36
      7.16  1.06e+36
      6.17   9.8e+34
      5.18 -1.97e+35
      4.18 -7.27e+33
      3.19 -2.53e+35
       2.2 -1.19e+35
       1.2  1.22e+35
      0.21 -7.67e+34
    -0.784 -1.01e+35
     -1.78  1.78e+35
     -2.77 -1.33e+35
     -3.76  2.01e+34
     -4.76 -1.26e+34
     -5.75  2.91e+34
     -6.75 -8.38e+34
     -7.74  3.96e+34
     -8.73 -1.72e+34
     -9.73 -2.16e+33
     -10.7  8.22e+33
     -11.7 -1.44e+34
     -12.7   4.7e+33
     -13.7  7.76e+32
     -14.7  2.89e+32
     -15.7  1.79e+33
     -16.7  1.23e+33
     -17.7   2.4e+33
     -18.7 -2.57e+32
     -19.7 -6.53e+32
     -20.7  4.95e+32
     -21.6 -3.49e+32
     -22.6  6.18e+31
     -23.6 -1.93e+30
     -24.6  6.95e+30
     -25.6 -7.79e+30
     -26.6  6.35e+30
     -27.6 -4.61e+30
     -28.6  1.29e+30
     -29.6 -1.48e+29
     -30.6  1.49e+27
     -31.6 -7.39e+28
     -32.6  1.33e+26
     -33.6 -1.36e+26
     -34.6  3.53e+25
     -35.6  2.26e+28
     -36.6 -2.66e+25
     -37.5 -3.39e+21

pressure[atm]        = 0.1
temperature[K]           = 2500
energy step[1/cm]        = 348
maximum energy[kcal/mol] = 297

bimolecular PEDs:
   E, kcal    P1->P2
       297  1.53e+44
       296  1.68e+44
       295  1.83e+44
       294     2e+44
       293  2.18e+44
       292  2.38e+44
       291  2.59e+44
       290  2.83e+44
       289  3.08e+44
       288  3.36e+44
       287  3.66e+44
       286  3.98e+44
       285  4.34e+44
       284  4.72e+44
       283  5.13e+44
       282  5.58e+44
       281  6.07e+44
       280  6.59e+44
       279  7.16e+44
       278  7.78e+44
       277  8.44e+44
       276  9.16e+44
       275  9.94e+44
       274  1.08e+45
       273  1.17e+45
       272  1.27e+45
       271  1.37e+45
       270  1.48e+45
       269  1.61e+45
       268  1.74e+45
       267  1.88e+45
       266  2.03e+45
       265   2.2e+45
       265  2.37e+45
       264  2.56e+45
       263  2.77e+45
       262  2.99e+45
       261  3.22e+45
       260  3.48e+45
       259  3.75e+45
       258  4.04e+45
       257  4.35e+45
       256  4.68e+45
       255  5.04e+45
       254  5.42e+45
       253  5.83e+45
       252  6.26e+45
       251  6.73e+45
       250  7.22e+45
       249  7.76e+45
       248  8.32e+45
       247  8.93e+45
       246  9.57e+45
       245  1.03e+46
       244   1.1e+46
       243  1.18e+46
       242  1.26e+46
       241  1.35e+46
       240  1.44e+46
       239  1.54e+46
       238  1.64e+46
       237  1.76e+46
       236  1.87e+46
       235     2e+46
       234  2.13e+46
       233  2.27e+46
       232  2.42e+46
       231  2.58e+46
       230  2.74e+46
       229  2.92e+46
       228  3.11e+46
       227   3.3e+46
       226  3.51e+46
       225  3.72e+46
       224  3.95e+46
       223  4.19e+46
       222  4.44e+46
       221  4.71e+46
       220  4.99e+46
       219  5.28e+46
       218  5.58e+46
       217   5.9e+46
       216  6.24e+46
       215  6.59e+46
       214  6.96e+46
       213  7.34e+46
       212  7.74e+46
       211  8.16e+46
       210   8.6e+46
       209  9.05e+46
       208  9.52e+46
       207     1e+47
       206  1.05e+47
       205  1.11e+47
       204  1.16e+47
       203  1.22e+47
       202  1.28e+47
       201  1.34e+47
       200   1.4e+47
       199  1.47e+47
       198  1.54e+47
       197   1.6e+47
       196  1.68e+47
       195  1.75e+47
       194  1.83e+47
       193  1.91e+47
       192  1.99e+47
       191  2.07e+47
       190  2.15e+47
       189  2.24e+47
       188  2.33e+47
       187  2.42e+47
       186  2.51e+47
       185   2.6e+47
       184   2.7e+47
       183  2.79e+47
       182  2.89e+47
       181  2.99e+47
       180  3.09e+47
       179  3.19e+47
       178   3.3e+47
       177   3.4e+47
       176  3.51e+47
       175  3.61e+47
       174  3.72e+47
       173  3.82e+47
       172  3.93e+47
       171  4.03e+47
       170  4.14e+47
       169  4.24e+47
       168  4.35e+47
       167  4.45e+47
       166  4.55e+47
       165  4.65e+47
       164  4.75e+47
       163  4.84e+47
       162  4.94e+47
       161  5.03e+47
       160  5.12e+47
       159   5.2e+47
       158  5.28e+47
       157  5.36e+47
       156  5.44e+47
       155  5.51e+47
       154  5.58e+47
       153  5.64e+47
       152   5.7e+47
       151  5.75e+47
       150   5.8e+47
       149  5.84e+47
       148  5.88e+47
       147  5.92e+47
       146  5.94e+47
       145  5.96e+47
       144  5.98e+47
       143  5.99e+47
       142  5.99e+47
       141  5.99e+47
       140  5.98e+47
       139  5.96e+47
       138  5.94e+47
       137  5.91e+47
       136  5.87e+47
       135  5.83e+47
       134  5.78e+47
       133  5.73e+47
       132  5.67e+47
       131   5.6e+47
       130  5.53e+47
       129  5.45e+47
       128  5.37e+47
       127  5.28e+47
       126  5.19e+47
       125  5.09e+47
       124  4.99e+47
       123  4.88e+47
       122  4.77e+47
       121  4.66e+47
       120  4.54e+47
       119  4.42e+47
       118   4.3e+47
       117  4.17e+47
       116  4.04e+47
       115  3.91e+47
       114  3.78e+47
       113  3.65e+47
       112  3.52e+47
       111  3.39e+47
       110  3.25e+47
       110  3.12e+47
       109  2.99e+47
       108  2.86e+47
       107  2.73e+47
       106   2.6e+47
       105  2.48e+47
       104  2.35e+47
       103  2.23e+47
       102  2.11e+47
       101  1.99e+47
      99.6  1.88e+47
      98.6  1.77e+47
      97.6  1.67e+47
      96.6  1.56e+47
      95.6  1.46e+47
      94.6  1.37e+47
      93.6  1.27e+47
      92.6  1.19e+47
      91.6   1.1e+47
      90.6  1.02e+47
      89.6  9.44e+46
      88.6  8.71e+46
      87.6  8.02e+46
      86.7  7.37e+46
      85.7  6.75e+46
      84.7  6.17e+46
      83.7  5.63e+46
      82.7  5.13e+46
      81.7  4.65e+46
      80.7  4.21e+46
      79.7  3.81e+46
      78.7  3.43e+46
      77.7  3.08e+46
      76.7  2.76e+46
      75.7  2.47e+46
      74.7   2.2e+46
      73.7  1.96e+46
      72.7  1.73e+46
      71.7  1.53e+46
      70.8  1.35e+46
      69.8  1.18e+46
      68.8  1.04e+46
      67.8  9.04e+45
      66.8  7.86e+45
      65.8  6.82e+45
      64.8  5.89e+45
      63.8  5.07e+45
      62.8  4.34e+45
      61.8  3.71e+45
      60.8  3.16e+45
      59.8  2.68e+45
      58.8  2.26e+45
      57.8   1.9e+45
      56.8  1.59e+45
      55.9  1.33e+45
      54.9   1.1e+45
      53.9   9.1e+44
      52.9  7.49e+44
      51.9  6.13e+44
      50.9  4.99e+44
      49.9  4.04e+44
      48.9  3.26e+44
      47.9  2.61e+44
      46.9  2.08e+44
      45.9  1.65e+44
      44.9   1.3e+44
      43.9  1.02e+44
      42.9   7.9e+43
      41.9   6.1e+43
      40.9  4.68e+43
        40  3.57e+43
        39   2.7e+43
        38  2.02e+43
        37  1.51e+43
        36  1.11e+43
        35  8.13e+42
        34   5.9e+42
        33  4.24e+42
        32  3.01e+42
        31  2.12e+42
        30  1.48e+42
        29  1.02e+42
        28   6.9e+41
        27  4.62e+41
        26  3.06e+41
        25  1.99e+41
      24.1  1.28e+41
      23.1  8.07e+40
      22.1  5.01e+40
      21.1  3.05e+40
      20.1  1.82e+40
      19.1  1.06e+40
      18.1  6.08e+39
      17.1  3.38e+39
      16.1  1.83e+39
      15.1  9.64e+38
      14.1  4.89e+38
      13.1  2.38e+38
      12.1  1.11e+38
      11.1  4.94e+37
      10.1  2.08e+37
      9.15  8.07e+36
      8.16  3.58e+36
      7.16  1.51e+36
      6.17  7.24e+35
      5.18  2.01e+35
      4.18  1.16e+35
      3.19  2.04e+35
       2.2  7.32e+34
       1.2  5.24e+35
      0.21 -7.27e+34
    -0.784  -1.9e+35
     -1.78  4.16e+34
     -2.77 -1.25e+35
     -3.76  9.23e+33
     -4.76  6.52e+34
     -5.75  1.38e+35
     -6.75  1.56e+35
     -7.74 -6.87e+34
     -8.73 -9.92e+34
     -9.73 -5.73e+32
     -10.7 -3.57e+33
     -11.7  1.15e+34
     -12.7 -1.65e+34
     -13.7  1.04e+34
     -14.7  1.71e+33
     -15.7 -2.56e+33
     -16.7  5.25e+33
     -17.7 -3.84e+33
     -18.7  1.98e+33
     -19.7 -6.45e+33
     -20.7  3.49e+32
     -21.6 -2.04e+32
     -22.6  1.43e+32
     -23.6 -2.29e+31
     -24.6 -2.04e+30
     -25.6 -4.68e+30
     -26.6 -2.03e+30
     -27.6  3.21e+30
     -28.6 -5.82e+29
     -29.6 -1.45e+29
     -30.6  7.32e+28
     -31.6 -1.87e+30
     -32.6  6.28e+27
     -33.6  -1.4e+26
     -34.6 -5.44e+24
     -35.6 -9.14e+24
     -36.6 -3.98e+26
     -37.5 -7.19e+23

pressure[atm]        = 1
temperature[K]           = 2500
energy step[1/cm]        = 348
maximum energy[kcal/mol] = 297

bimolecular PEDs:
   E, kcal    P1->P2
       297  1.53e+44
       296  1.68e+44
       295  1.83e+44
       294     2e+44
       293  2.18e+44
       292  2.38e+44
       291  2.59e+44
       290  2.83e+44
       289  3.08e+44
       288  3.36e+44
       287  3.66e+44
       286  3.98e+44
       285  4.34e+44
       284  4.72e+44
       283  5.13e+44
       282  5.58e+44
       281  6.07e+44
       280  6.59e+44
       279  7.16e+44
       278  7.78e+44
       277  8.44e+44
       276  9.16e+44
       275  9.94e+44
       274  1.08e+45
       273  1.17e+45
       272  1.27e+45
       271  1.37e+45
       270  1.48e+45
       269  1.61e+45
       268  1.74e+45
       267  1.88e+45
       266  2.03e+45
       265   2.2e+45
       265  2.37e+45
       264  2.56e+45
       263  2.77e+45
       262  2.99e+45
       261  3.22e+45
       260  3.48e+45
       259  3.75e+45
       258  4.04e+45
       257  4.35e+45
       256  4.68e+45
       255  5.04e+45
       254  5.42e+45
       253  5.83e+45
       252  6.26e+45
       251  6.73e+45
       250  7.22e+45
       249  7.76e+45
       248  8.32e+45
       247  8.93e+45
       246  9.57e+45
       245  1.03e+46
       244   1.1e+46
       243  1.18e+46
       242  1.26e+46
       241  1.35e+46
       240  1.44e+46
       239  1.54e+46
       238  1.64e+46
       237  1.76e+46
       236  1.87e+46
       235     2e+46
       234  2.13e+46
       233  2.27e+46
       232  2.42e+46
       231  2.58e+46
       230  2.74e+46
       229  2.92e+46
       228  3.11e+46
       227   3.3e+46
       226  3.51e+46
       225  3.72e+46
       224  3.95e+46
       223  4.19e+46
       222  4.44e+46
       221  4.71e+46
       220  4.99e+46
       219  5.28e+46
       218  5.58e+46
       217   5.9e+46
       216  6.24e+46
       215  6.59e+46
       214  6.96e+46
       213  7.34e+46
       212  7.74e+46
       211  8.16e+46
       210   8.6e+46
       209  9.05e+46
       208  9.52e+46
       207     1e+47
       206  1.05e+47
       205  1.11e+47
       204  1.16e+47
       203  1.22e+47
       202  1.28e+47
       201  1.34e+47
       200   1.4e+47
       199  1.47e+47
       198  1.54e+47
       197   1.6e+47
       196  1.68e+47
       195  1.75e+47
       194  1.83e+47
       193  1.91e+47
       192  1.99e+47
       191  2.07e+47
       190  2.15e+47
       189  2.24e+47
       188  2.33e+47
       187  2.42e+47
       186  2.51e+47
       185   2.6e+47
       184   2.7e+47
       183  2.79e+47
       182  2.89e+47
       181  2.99e+47
       180  3.09e+47
       179  3.19e+47
       178   3.3e+47
       177   3.4e+47
       176  3.51e+47
       175  3.61e+47
       174  3.72e+47
       173  3.82e+47
       172  3.93e+47
       171  4.03e+47
       170  4.14e+47
       169  4.24e+47
       168  4.35e+47
       167  4.45e+47
       166  4.55e+47
       165  4.65e+47
       164  4.75e+47
       163  4.84e+47
       162  4.94e+47
       161  5.03e+47
       160  5.12e+47
       159   5.2e+47
       158  5.28e+47
       157  5.36e+47
       156  5.44e+47
       155  5.51e+47
       154  5.58e+47
       153  5.64e+47
       152   5.7e+47
       151  5.75e+47
       150   5.8e+47
       149  5.84e+47
       148  5.88e+47
       147  5.92e+47
       146  5.94e+47
       145  5.96e+47
       144  5.98e+47
       143  5.99e+47
       142  5.99e+47
       141  5.99e+47
       140  5.98e+47
       139  5.96e+47
       138  5.94e+47
       137  5.91e+47
       136  5.87e+47
       135  5.83e+47
       134  5.78e+47
       133  5.73e+47
       132  5.67e+47
       131   5.6e+47
       130  5.53e+47
       129  5.45e+47
       128  5.37e+47
       127  5.28e+47
       126  5.19e+47
       125  5.09e+47
       124  4.99e+47
       123  4.88e+47
       122  4.77e+47
       121  4.66e+47
       120  4.54e+47
       119  4.42e+47
       118   4.3e+47
       117  4.17e+47
       116  4.04e+47
       115  3.91e+47
       114  3.78e+47
       113  3.65e+47
       112  3.52e+47
       111  3.39e+47
       110  3.25e+47
       110  3.12e+47
       109  2.99e+47
       108  2.86e+47
       107  2.73e+47
       106   2.6e+47
       105  2.48e+47
       104  2.35e+47
       103  2.23e+47
       102  2.11e+47
       101  1.99e+47
      99.6  1.88e+47
      98.6  1.77e+47
      97.6  1.67e+47
      96.6  1.56e+47
      95.6  1.46e+47
      94.6  1.37e+47
      93.6  1.27e+47
      92.6  1.19e+47
      91.6   1.1e+47
      90.6  1.02e+47
      89.6  9.44e+46
      88.6  8.71e+46
      87.6  8.02e+46
      86.7  7.37e+46
      85.7  6.75e+46
      84.7  6.17e+46
      83.7  5.63e+46
      82.7  5.13e+46
      81.7  4.65e+46
      80.7  4.21e+46
      79.7  3.81e+46
      78.7  3.43e+46
      77.7  3.08e+46
      76.7  2.76e+46
      75.7  2.47e+46
      74.7   2.2e+46
      73.7  1.96e+46
      72.7  1.73e+46
      71.7  1.53e+46
      70.8  1.35e+46
      69.8  1.18e+46
      68.8  1.04e+46
      67.8  9.04e+45
      66.8  7.86e+45
      65.8  6.82e+45
      64.8  5.89e+45
      63.8  5.07e+45
      62.8  4.34e+45
      61.8  3.71e+45
      60.8  3.16e+45
      59.8  2.68e+45
      58.8  2.26e+45
      57.8   1.9e+45
      56.8  1.59e+45
      55.9  1.33e+45
      54.9   1.1e+45
      53.9   9.1e+44
      52.9  7.49e+44
      51.9  6.13e+44
      50.9  4.99e+44
      49.9  4.04e+44
      48.9  3.26e+44
      47.9  2.61e+44
      46.9  2.08e+44
      45.9  1.65e+44
      44.9   1.3e+44
      43.9  1.02e+44
      42.9   7.9e+43
      41.9   6.1e+43
      40.9  4.68e+43
        40  3.57e+43
        39   2.7e+43
        38  2.02e+43
        37  1.51e+43
        36  1.11e+43
        35  8.13e+42
        34   5.9e+42
        33  4.24e+42
        32  3.01e+42
        31  2.12e+42
        30  1.48e+42
        29  1.02e+42
        28   6.9e+41
        27  4.63e+41
        26  3.06e+41
        25  1.99e+41
      24.1  1.28e+41
      23.1  8.08e+40
      22.1  5.01e+40
      21.1  3.05e+40
      20.1  1.82e+40
      19.1  1.07e+40
      18.1  6.09e+39
      17.1  3.39e+39
      16.1  1.84e+39
      15.1  9.65e+38
      14.1  4.92e+38
      13.1  2.41e+38
      12.1  1.14e+38
      11.1  5.04e+37
      10.1  2.09e+37
      9.15  8.19e+36
      8.16  3.13e+36
      7.16  1.27e+36
      6.17  4.02e+35
      5.18  1.11e+35
      4.18  1.23e+35
      3.19  1.57e+35
       2.2 -3.93e+34
       1.2 -3.41e+35
      0.21 -3.88e+35
    -0.784  2.48e+35
     -1.78  1.81e+35
     -2.77  4.72e+34
     -3.76  1.45e+35
     -4.76  1.09e+34
     -5.75 -8.25e+34
     -6.75  1.13e+34
     -7.74 -5.06e+34
     -8.73 -3.69e+34
     -9.73  -2.1e+32
     -10.7  4.57e+33
     -11.7 -1.92e+34
     -12.7  9.85e+33
     -13.7   5.4e+32
     -14.7 -3.14e+33
     -15.7 -1.39e+33
     -16.7  8.78e+32
     -17.7  2.62e+33
     -18.7 -2.91e+33
     -19.7  1.95e+33
     -20.7 -2.89e+33
     -21.6  2.83e+32
     -22.6 -1.54e+32
     -23.6  -1.7e+31
     -24.6  6.95e+30
     -25.6 -1.85e+31
     -26.6 -2.53e+30
     -27.6  1.99e+30
     -28.6 -1.51e+30
     -29.6     4e+29
     -30.6 -5.42e+28
     -31.6  6.91e+27
     -32.6 -6.97e+28
     -33.6  6.41e+25
     -34.6 -3.79e+24
     -35.6  7.52e+24
     -36.6 -1.68e+26
     -37.5  4.98e+25

pressure[atm]        = 10
temperature[K]           = 2500
energy step[1/cm]        = 348
maximum energy[kcal/mol] = 297

bimolecular PEDs:
   E, kcal    P1->P2
       297  1.53e+44
       296  1.67e+44
       295  1.83e+44
       294     2e+44
       293  2.18e+44
       292  2.38e+44
       291  2.59e+44
       290  2.83e+44
       289  3.08e+44
       288  3.36e+44
       287  3.66e+44
       286  3.98e+44
       285  4.34e+44
       284  4.72e+44
       283  5.13e+44
       282  5.58e+44
       281  6.07e+44
       280  6.59e+44
       279  7.16e+44
       278  7.78e+44
       277  8.44e+44
       276  9.16e+44
       275  9.94e+44
       274  1.08e+45
       273  1.17e+45
       272  1.27e+45
       271  1.37e+45
       270  1.48e+45
       269  1.61e+45
       268  1.74e+45
       267  1.88e+45
       266  2.03e+45
       265   2.2e+45
       265  2.37e+45
       264  2.56e+45
       263  2.77e+45
       262  2.99e+45
       261  3.22e+45
       260  3.47e+45
       259  3.74e+45
       258  4.03e+45
       257  4.35e+45
       256  4.68e+45
       255  5.03e+45
       254  5.42e+45
       253  5.82e+45
       252  6.26e+45
       251  6.73e+45
       250  7.22e+45
       249  7.75e+45
       248  8.32e+45
       247  8.92e+45
       246  9.57e+45
       245  1.03e+46
       244   1.1e+46
       243  1.18e+46
       242  1.26e+46
       241  1.35e+46
       240  1.44e+46
       239  1.54e+46
       238  1.64e+46
       237  1.76e+46
       236  1.87e+46
       235     2e+46
       234  2.13e+46
       233  2.27e+46
       232  2.42e+46
       231  2.58e+46
       230  2.74e+46
       229  2.92e+46
       228   3.1e+46
       227   3.3e+46
       226  3.51e+46
       225  3.72e+46
       224  3.95e+46
       223  4.19e+46
       222  4.44e+46
       221  4.71e+46
       220  4.98e+46
       219  5.28e+46
       218  5.58e+46
       217   5.9e+46
       216  6.24e+46
       215  6.59e+46
       214  6.96e+46
       213  7.34e+46
       212  7.74e+46
       211  8.16e+46
       210   8.6e+46
       209  9.05e+46
       208  9.52e+46
       207     1e+47
       206  1.05e+47
       205  1.11e+47
       204  1.16e+47
       203  1.22e+47
       202  1.28e+47
       201  1.34e+47
       200   1.4e+47
       199  1.47e+47
       198  1.53e+47
       197   1.6e+47
       196  1.68e+47
       195  1.75e+47
       194  1.83e+47
       193   1.9e+47
       192  1.99e+47
       191  2.07e+47
       190  2.15e+47
       189  2.24e+47
       188  2.33e+47
       187  2.42e+47
       186  2.51e+47
       185   2.6e+47
       184   2.7e+47
       183  2.79e+47
       182  2.89e+47
       181  2.99e+47
       180  3.09e+47
       179  3.19e+47
       178   3.3e+47
       177   3.4e+47
       176  3.51e+47
       175  3.61e+47
       174  3.72e+47
       173  3.82e+47
       172  3.93e+47
       171  4.03e+47
       170  4.14e+47
       169  4.24e+47
       168  4.34e+47
       167  4.45e+47
       166  4.55e+47
       165  4.65e+47
       164  4.75e+47
       163  4.84e+47
       162  4.94e+47
       161  5.03e+47
       160  5.12e+47
       159   5.2e+47
       158  5.28e+47
       157  5.36e+47
       156  5.44e+47
       155  5.51e+47
       154  5.58e+47
       153  5.64e+47
       152   5.7e+47
       151  5.75e+47
       150   5.8e+47
       149  5.84e+47
       148  5.88e+47
       147  5.92e+47
       146  5.94e+47
       145  5.96e+47
       144  5.98e+47
       143  5.99e+47
       142  5.99e+47
       141  5.99e+47
       140  5.98e+47
       139  5.96e+47
       138  5.94e+47
       137  5.91e+47
       136  5.87e+47
       135  5.83e+47
       134  5.78e+47
       133  5.73e+47
       132  5.67e+47
       131   5.6e+47
       130  5.53e+47
       129  5.46e+47
       128  5.37e+47
       127  5.28e+47
       126  5.19e+47
       125  5.09e+47
       124  4.99e+47
       123  4.88e+47
       122  4.77e+47
       121  4.66e+47
       120  4.54e+47
       119  4.42e+47
       118   4.3e+47
       117  4.17e+47
       116  4.04e+47
       115  3.91e+47
       114  3.78e+47
       113  3.65e+47
       112  3.52e+47
       111  3.39e+47
       110  3.25e+47
       110  3.12e+47
       109  2.99e+47
       108  2.86e+47
       107  2.73e+47
       106   2.6e+47
       105  2.48e+47
       104  2.35e+47
       103  2.23e+47
       102  2.11e+47
       101     2e+47
      99.6  1.88e+47
      98.6  1.77e+47
      97.6  1.67e+47
      96.6  1.56e+47
      95.6  1.46e+47
      94.6  1.37e+47
      93.6  1.27e+47
      92.6  1.19e+47
      91.6   1.1e+47
      90.6  1.02e+47
      89.6  9.44e+46
      88.6  8.71e+46
      87.6  8.02e+46
      86.7  7.37e+46
      85.7  6.75e+46
      84.7  6.17e+46
      83.7  5.63e+46
      82.7  5.13e+46
      81.7  4.65e+46
      80.7  4.21e+46
      79.7  3.81e+46
      78.7  3.43e+46
      77.7  3.08e+46
      76.7  2.76e+46
      75.7  2.47e+46
      74.7   2.2e+46
      73.7  1.96e+46
      72.7  1.73e+46
      71.7  1.53e+46
      70.8  1.35e+46
      69.8  1.18e+46
      68.8  1.04e+46
      67.8  9.05e+45
      66.8  7.87e+45
      65.8  6.82e+45
      64.8  5.89e+45
      63.8  5.07e+45
      62.8  4.35e+45
      61.8  3.71e+45
      60.8  3.16e+45
      59.8  2.68e+45
      58.8  2.26e+45
      57.8   1.9e+45
      56.8  1.59e+45
      55.9  1.33e+45
      54.9   1.1e+45
      53.9  9.11e+44
      52.9  7.49e+44
      51.9  6.13e+44
      50.9  4.99e+44
      49.9  4.04e+44
      48.9  3.26e+44
      47.9  2.61e+44
      46.9  2.08e+44
      45.9  1.65e+44
      44.9   1.3e+44
      43.9  1.02e+44
      42.9   7.9e+43
      41.9  6.11e+43
      40.9  4.69e+43
        40  3.57e+43
        39   2.7e+43
        38  2.03e+43
        37  1.51e+43
        36  1.11e+43
        35  8.14e+42
        34  5.91e+42
        33  4.24e+42
        32  3.02e+42
        31  2.12e+42
        30  1.48e+42
        29  1.02e+42
        28  6.92e+41
        27  4.64e+41
        26  3.07e+41
        25     2e+41
      24.1  1.28e+41
      23.1  8.11e+40
      22.1  5.04e+40
      21.1  3.07e+40
      20.1  1.84e+40
      19.1  1.07e+40
      18.1  6.15e+39
      17.1  3.43e+39
      16.1  1.87e+39
      15.1  9.85e+38
      14.1  5.05e+38
      13.1   2.5e+38
      12.1  1.19e+38
      11.1  5.45e+37
      10.1  2.41e+37
      9.15   1.1e+37
      8.16  4.62e+36
      7.16   1.6e+36
      6.17  4.36e+35
      5.18  6.03e+35
      4.18  1.89e+35
      3.19  -3.5e+35
       2.2 -1.57e+35
       1.2    -2e+34
      0.21  1.19e+35
    -0.784  5.74e+34
     -1.78  5.04e+34
     -2.77 -2.95e+34
     -3.76 -5.35e+34
     -4.76 -4.84e+34
     -5.75 -7.99e+34
     -6.75  5.29e+34
     -7.74  6.42e+33
     -8.73  8.45e+34
     -9.73 -1.28e+33
     -10.7 -1.62e+34
     -11.7 -2.82e+33
     -12.7  -3.5e+33
     -13.7   1.4e+33
     -14.7  3.87e+33
     -15.7 -7.38e+33
     -16.7  -8.5e+32
     -17.7 -5.16e+32
     -18.7 -3.79e+33
     -19.7   7.4e+32
     -20.7  8.79e+32
     -21.6 -5.01e+32
     -22.6  2.64e+33
     -23.6  4.44e+32
     -24.6 -7.01e+31
     -25.6  3.55e+31
     -26.6 -1.19e+31
     -27.6 -1.57e+30
     -28.6 -2.39e+30
     -29.6   3.4e+29
     -30.6 -9.25e+28
     -31.6  1.44e+28
     -32.6  1.55e+31
     -33.6 -2.86e+28
     -34.6  -5.8e+25
     -35.6 -1.11e+25
     -36.6 -6.07e+27
     -37.5  -5.3e+28

pressure[atm]        = 100
temperature[K]           = 2500
energy step[1/cm]        = 348
maximum energy[kcal/mol] = 297

bimolecular PEDs:
   E, kcal    P1->P2
       297  1.52e+44
       296  1.66e+44
       295  1.81e+44
       294  1.98e+44
       293  2.17e+44
       292  2.36e+44
       291  2.58e+44
       290  2.81e+44
       289  3.07e+44
       288  3.34e+44
       287  3.64e+44
       286  3.97e+44
       285  4.32e+44
       284   4.7e+44
       283  5.11e+44
       282  5.56e+44
       281  6.05e+44
       280  6.57e+44
       279  7.14e+44
       278  7.75e+44
       277  8.41e+44
       276  9.13e+44
       275  9.91e+44
       274  1.07e+45
       273  1.16e+45
       272  1.26e+45
       271  1.37e+45
       270  1.48e+45
       269   1.6e+45
       268  1.73e+45
       267  1.87e+45
       266  2.03e+45
       265  2.19e+45
       265  2.37e+45
       264  2.56e+45
       263  2.76e+45
       262  2.98e+45
       261  3.21e+45
       260  3.46e+45
       259  3.73e+45
       258  4.02e+45
       257  4.33e+45
       256  4.67e+45
       255  5.02e+45
       254   5.4e+45
       253  5.81e+45
       252  6.24e+45
       251  6.71e+45
       250  7.21e+45
       249  7.73e+45
       248   8.3e+45
       247   8.9e+45
       246  9.55e+45
       245  1.02e+46
       244   1.1e+46
       243  1.17e+46
       242  1.26e+46
       241  1.34e+46
       240  1.44e+46
       239  1.54e+46
       238  1.64e+46
       237  1.75e+46
       236  1.87e+46
       235     2e+46
       234  2.13e+46
       233  2.27e+46
       232  2.42e+46
       231  2.57e+46
       230  2.74e+46
       229  2.91e+46
       228   3.1e+46
       227  3.29e+46
       226   3.5e+46
       225  3.71e+46
       224  3.94e+46
       223  4.18e+46
       222  4.43e+46
       221   4.7e+46
       220  4.98e+46
       219  5.27e+46
       218  5.57e+46
       217  5.89e+46
       216  6.23e+46
       215  6.58e+46
       214  6.95e+46
       213  7.33e+46
       212  7.73e+46
       211  8.15e+46
       210  8.58e+46
       209  9.04e+46
       208  9.51e+46
       207     1e+47
       206  1.05e+47
       205   1.1e+47
       204  1.16e+47
       203  1.22e+47
       202  1.28e+47
       201  1.34e+47
       200   1.4e+47
       199  1.47e+47
       198  1.53e+47
       197   1.6e+47
       196  1.67e+47
       195  1.75e+47
       194  1.82e+47
       193   1.9e+47
       192  1.98e+47
       191  2.07e+47
       190  2.15e+47
       189  2.24e+47
       188  2.32e+47
       187  2.41e+47
       186  2.51e+47
       185   2.6e+47
       184  2.69e+47
       183  2.79e+47
       182  2.89e+47
       181  2.99e+47
       180  3.09e+47
       179  3.19e+47
       178  3.29e+47
       177   3.4e+47
       176   3.5e+47
       175  3.61e+47
       174  3.71e+47
       173  3.82e+47
       172  3.92e+47
       171  4.03e+47
       170  4.13e+47
       169  4.24e+47
       168  4.34e+47
       167  4.44e+47
       166  4.55e+47
       165  4.65e+47
       164  4.74e+47
       163  4.84e+47
       162  4.93e+47
       161  5.02e+47
       160  5.11e+47
       159   5.2e+47
       158  5.28e+47
       157  5.36e+47
       156  5.44e+47
       155  5.51e+47
       154  5.58e+47
       153  5.64e+47
       152   5.7e+47
       151  5.75e+47
       150   5.8e+47
       149  5.84e+47
       148  5.88e+47
       147  5.91e+47
       146  5.94e+47
       145  5.96e+47
       144  5.98e+47
       143  5.99e+47
       142  5.99e+47
       141  5.99e+47
       140  5.98e+47
       139  5.96e+47
       138  5.94e+47
       137  5.91e+47
       136  5.88e+47
       135  5.83e+47
       134  5.79e+47
       133  5.73e+47
       132  5.67e+47
       131  5.61e+47
       130  5.53e+47
       129  5.46e+47
       128  5.37e+47
       127  5.29e+47
       126  5.19e+47
       125   5.1e+47
       124  4.99e+47
       123  4.89e+47
       122  4.78e+47
       121  4.66e+47
       120  4.55e+47
       119  4.42e+47
       118   4.3e+47
       117  4.18e+47
       116  4.05e+47
       115  3.92e+47
       114  3.79e+47
       113  3.66e+47
       112  3.52e+47
       111  3.39e+47
       110  3.26e+47
       110  3.13e+47
       109  2.99e+47
       108  2.86e+47
       107  2.73e+47
       106  2.61e+47
       105  2.48e+47
       104  2.35e+47
       103  2.23e+47
       102  2.11e+47
       101     2e+47
      99.6  1.88e+47
      98.6  1.77e+47
      97.6  1.67e+47
      96.6  1.56e+47
      95.6  1.47e+47
      94.6  1.37e+47
      93.6  1.28e+47
      92.6  1.19e+47
      91.6   1.1e+47
      90.6  1.02e+47
      89.6  9.46e+46
      88.6  8.73e+46
      87.6  8.04e+46
      86.7  7.38e+46
      85.7  6.77e+46
      84.7  6.19e+46
      83.7  5.65e+46
      82.7  5.14e+46
      81.7  4.67e+46
      80.7  4.23e+46
      79.7  3.82e+46
      78.7  3.44e+46
      77.7  3.09e+46
      76.7  2.77e+46
      75.7  2.48e+46
      74.7  2.21e+46
      73.7  1.96e+46
      72.7  1.74e+46
      71.7  1.54e+46
      70.8  1.35e+46
      69.8  1.19e+46
      68.8  1.04e+46
      67.8  9.08e+45
      66.8   7.9e+45
      65.8  6.84e+45
      64.8  5.91e+45
      63.8  5.09e+45
      62.8  4.36e+45
      61.8  3.73e+45
      60.8  3.17e+45
      59.8  2.69e+45
      58.8  2.27e+45
      57.8  1.91e+45
      56.8   1.6e+45
      55.9  1.33e+45
      54.9  1.11e+45
      53.9  9.16e+44
      52.9  7.53e+44
      51.9  6.17e+44
      50.9  5.02e+44
      49.9  4.07e+44
      48.9  3.28e+44
      47.9  2.63e+44
      46.9   2.1e+44
      45.9  1.66e+44
      44.9  1.31e+44
      43.9  1.02e+44
      42.9  7.97e+43
      41.9  6.16e+43
      40.9  4.73e+43
        40  3.61e+43
        39  2.73e+43
        38  2.05e+43
        37  1.53e+43
        36  1.13e+43
        35  8.26e+42
        34  5.99e+42
        33  4.31e+42
        32  3.07e+42
        31  2.16e+42
        30  1.51e+42
        29  1.04e+42
        28  7.09e+41
        27  4.76e+41
        26  3.16e+41
        25  2.07e+41
      24.1  1.33e+41
      23.1  8.47e+40
      22.1   5.3e+40
      21.1  3.26e+40
      20.1  1.97e+40
      19.1  1.17e+40
      18.1  6.79e+39
      17.1  3.88e+39
      16.1  2.17e+39
      15.1   1.2e+39
      14.1  6.48e+38
      13.1  3.47e+38
      12.1  1.84e+38
      11.1  9.86e+37
      10.1  5.34e+37
      9.15  2.97e+37
      8.16   1.7e+37
      7.16  9.65e+36
      6.17  5.97e+36
      5.18  3.79e+36
      4.18  2.44e+36
      3.19  1.16e+36
       2.2  8.42e+35
       1.2  5.47e+35
      0.21     3e+35
    -0.784  2.04e+35
     -1.78  5.58e+34
     -2.77   6.7e+34
     -3.76 -1.12e+35
     -4.76  3.25e+34
     -5.75 -8.31e+33
     -6.75   8.4e+34
     -7.74 -6.11e+34
     -8.73 -2.83e+34
     -9.73  1.55e+33
     -10.7   9.4e+33
     -11.7  2.49e+32
     -12.7 -2.56e+32
     -13.7 -1.08e+33
     -14.7  1.21e+34
     -15.7  1.48e+33
     -16.7 -4.32e+33
     -17.7 -4.35e+33
     -18.7  2.98e+33
     -19.7  -1.8e+32
     -20.7 -1.36e+33
     -21.6  1.12e+33
     -22.6 -8.14e+32
     -23.6  4.91e+32
     -24.6  -1.6e+33
     -25.6  3.38e+31
     -26.6  2.07e+30
     -27.6 -1.29e+30
     -28.6  2.68e+30
     -29.6  -3.9e+30
     -30.6  1.21e+30
     -31.6 -1.92e+29
     -32.6  1.44e+28
     -33.6  7.05e+28
     -34.6 -3.66e+25
     -35.6  8.98e+24
     -36.6  6.13e+27
     -37.5 -1.63e+22

